timestamp,phase,label,channel_0,channel_1,channel_2,channel_3,channel_4,channel_5,channel_6,channel_7
15304.042439600007,setup,setup,-17.842550684565367,-5.348181728843883,-13.174838949385503,-4.974964556954092,-3.346764606249053e-05,-3.346764606249053e-05,-25.345980204112493,614.0974103824292
15304.4305005,setup,setup,-33.56939799613042,-16.193178922667812,-36.822492359796115,-161.52565079572742,-3.236950306018116e-05,-3.236950306018116e-05,-152.23247953575583,-1052.6140716813325
15304.785949500001,setup,setup,32.78203526405764,21.692576510033177,0.5814561540621526,-99.35364971532772,-3.473167998890858e-05,-3.473167998890858e-05,-183.94878841711125,-3950.6821837094712
15305.177818900002,setup,setup,-60.61625904156199,-37.66069568143848,-50.99371714157496,167.46357090151287,-3.292423389211763e-05,-3.292423389211763e-05,499.10483299332736,2004.2063171409436
15305.5292995,setup,setup,-32.2776539429085,-56.6558531407868,39.1763194076093,-29.721012313536903,-3.113018010481028e-05,-3.113018010481028e-05,132.8669661521908,-116.05132529311868
15305.9331457,setup,setup,-89.14570673353069,-58.993291951581796,-70.59037085238992,-248.4953989394494,-3.254031526012113e-05,-3.254031526012113e-05,78.92388888513096,949.0194183984249
15306.302165500003,setup,setup,-82.98480651780733,-90.37163757790404,-99.26652094801238,-76.36863291811733,-3.6159174669592176e-05,-3.6159174669592176e-05,162.28906771522952,53.06857236499491
15306.695878300003,setup,setup,20.50696298963794,53.791699667095145,-0.4051777450215468,-5.879603427790698,-3.507920973788714e-05,-3.507920973788714e-05,-158.4879700897045,-230.65836569576368
15307.087383800002,setup,setup,-16.65661925587483,-35.450793228951625,19.264179303017045,-32.86050608925825,-3.212247702322202e-05,-3.212247702322202e-05,-27.779555820487076,152.8384522073493
15307.484483700004,setup,setup,-72.24085072362391,-27.627151591196252,-89.98947949397984,-97.51516540854573,-3.5608299185696524e-05,-3.5608299185696524e-05,-154.32925889497847,-44.40506386702964
15307.893839400003,setup,setup,-66.14130610024222,-95.0838670086373,-53.03035593038271,-59.07293344393656,-3.5968527299701236e-05,-3.5968527299701236e-05,-60.19329748455766,0.4295753144269838
15308.291458100004,setup,setup,13.31925242308057,36.522210604362044,8.61838642855514,20.905330046348354,-3.1926118026603945e-05,-3.1926118026603945e-05,56.58877219634178,6.778460225506933
15308.650669200006,setup,setup,61.93581276814962,44.59189023562567,53.47327904614281,38.279785853736485,-3.136513169010868e-05,-3.136513169010868e-05,40.98914948848915,-3.956843803211086
15309.041981100007,setup,setup,5.653760112208602,16.92356100680172,13.915414730554403,8.273013925913801,-3.4834843972930685e-05,-3.4834843972930685e-05,4.309244655772545,0.590176552349476
15309.404596000006,setup,setup,-1.108031153550428,-0.2780491165640342,-0.005310967722607529,-8.574503818570975,-3.6065127460460644e-05,-3.6065127460460644e-05,-28.07570412759833,0.3148031956534396
15309.811000400006,setup,setup,-69.53324924238746,-98.03383338341064,-63.028260143060834,-75.16323068206702,-3.42504026775714e-05,-3.42504026775714e-05,-12.184591012820874,-0.26157394799065514
15310.223572100007,setup,setup,21.479688334404955,46.571459235673046,-0.950547996010755,27.145654562833897,-3.414979892113479e-05,-3.414979892113479e-05,30.31998761772047,0.09624352166065364
15310.573779800006,setup,setup,28.369632912480938,45.80419270944594,42.646179477824944,-4.319754760008891,-3.567454587027896e-05,-3.567454587027896e-05,68.75815343246722,-0.0032250947961074417
15310.958804500007,setup,setup,67.8609313525576,82.28571151496772,40.40372419182472,76.99361471347038,-3.5212178772781044e-05,-3.5212178772781044e-05,94.99381852660372,-0.012715423566078243
15311.328776200007,setup,setup,-272.7342610063579,-310.93001328088485,-90.85619839450351,-206.33724105329838,-3.563589052646421e-05,-3.563589052646421e-05,713.7678228986774,198061.27794457696
15311.689757700007,setup,setup,187.30103927117807,212.98260751026737,149.54561827867497,205.727638102715,-3.659238609543536e-05,-3.659238609543536e-05,283.8079426852901,-25258.05940595149
15312.070160700006,setup,setup,-163.00218118817565,-121.16998728302042,-133.286208527104,-178.78386998788574,-3.309744624857558e-05,-3.309744624857558e-05,-188.60690351325002,18562.59256291166
15312.453717900007,setup,setup,80.9430401487491,58.07379235416465,43.310123168438395,98.66340283180716,-3.2736586035753135e-05,-3.2736586035753135e-05,91.88431965466907,-9614.3490399406
15312.848678600007,setup,setup,-25.135880817030284,-1.2606505303297126,-11.329248011549453,-33.10953080044874,-3.488260153972078e-05,-3.488260153972078e-05,-12.25611934898916,-348.23675114444677
15313.190025500007,setup,setup,-33.91178551595931,-62.20980952183345,-3.3091695793814324,350.60213227299937,-3.279503289377317e-05,-3.279503289377317e-05,-18.701878615944224,7585.315630541576
15313.564799100006,setup,setup,89.04132715741821,207.30052712474844,78.5979866813293,-151.15979758606318,-3.330690469738329e-05,-3.330690469738329e-05,862.2521038491768,-3330.9299257008106
15313.984789600006,setup,setup,26.377763985823094,-4.557961150059782,2.6387085705232494,108.76387385031376,-3.4990752283192705e-05,-3.4990752283192705e-05,188.9261129750953,9923.586916801805
15314.362328500005,setup,setup,17.925540704088462,47.34161152998331,33.02461369390721,186.5867130187171,-3.592002576624509e-05,-3.592002576624509e-05,-98.24901026777479,-3551.2702879893723
15314.746973000005,setup,setup,38.405610521577955,16.663841783369207,30.295531520655686,-119.58498011452048,-3.746834318008041e-05,-3.746834318008041e-05,155.3005819206628,27463.52902747168
15315.117047600002,setup,setup,-54.950967184240426,104.05523228093762,-54.48194281330984,74.54026246319563,-3.281009048805572e-05,-3.281009048805572e-05,75.91136301305369,-5267.750137316175
15315.481140000002,setup,setup,-12.229574023561554,-69.944819810441,-31.647951291604386,-4.679989730458146,-3.7701422115787864e-05,-3.7701422115787864e-05,-271.94946151398244,-6674.849406153608
15315.848447300003,setup,setup,64.92676694065631,-15.188666301577541,3.926288987734324,22.30331577882771,-3.870298132824246e-05,-3.870298132824246e-05,7.965677622768453,-643.6384969430087
15316.238530700002,setup,setup,87.11181287189015,149.0692385955399,115.25631149980859,133.65964550724993,-3.467617807473289e-05,-3.467617807473289e-05,130.64316790335624,1248.212440810988
15316.595954300003,setup,setup,105.0154433734283,19.292444562301625,17.66867570439331,-25.708951079032886,-3.707091309479438e-05,-3.707091309479438e-05,-55.72480594997387,-657.7920295981799
15316.946032600003,setup,setup,-37.64032499786117,-12.36264558342009,10.22545530684738,21.696823212655545,-3.497218403936131e-05,-3.497218403936131e-05,29.42431651806055,346.9238164891972
15317.315933200003,setup,setup,79.3512074558148,-40.74283021910787,19.013524482217917,-22.770840855456754,-3.384998763067415e-05,-3.384998763067415e-05,-16.89366682672653,-8.11445470983881
15317.712200700007,setup,setup,-60.67127612356762,4.077652022700931,-18.73343691602281,22.300630734942843,-3.56538912456017e-05,-3.56538912456017e-05,24.855061045119328,-39.87427038460555
15318.080799900003,setup,setup,36.707431502933105,4.300837353174302,1.86853203522287,-8.524860177567007,-3.466172620392172e-05,-3.466172620392172e-05,-50.99041112597661,-57.2218773371078
15318.478702700004,setup,setup,8.864307255787025,10.76246826643046,21.459933989762476,22.78532409683703,-3.341111005283892e-05,-3.341111005283892e-05,100.99553200199534,72.26674942591126
15318.862805600003,setup,setup,32.11688847963251,37.51570421032238,-15.437458543078037,-8.076986467489405,-3.360752634762321e-05,-3.360752634762321e-05,-39.44292616359007,-29.9782474646413
15319.232716000004,setup,setup,191.43592912815825,180.79595752598243,116.30918566961532,116.24823231403934,-3.268574710091343e-05,-3.268574710091343e-05,60.116342079763854,70.36824834411527
15319.642651600005,setup,setup,31.55458616421697,15.25388801734016,-35.69812302255218,-8.412493602975701,-3.340530747664161e-05,-3.340530747664161e-05,-51.02182652570991,-44.97363568903256
15320.019795200004,setup,setup,-2.3135169724691877,3.6035649812502015,32.5144199212848,34.55673417824255,-3.724240650626598e-05,-3.724240650626598e-05,60.9650631205036,40.60541899115606
15320.408668700004,setup,setup,134.31451803555342,116.41738340156735,9.497450308763518,33.61394721165425,-3.266024123149691e-05,-3.266024123149691e-05,-17.314825173037207,-32.06736250477343
15320.791464700005,setup,setup,-244.07955173823484,-228.82330278893642,-80.30252534843248,-57.957198077048815,-3.5125052818330005e-05,-3.5125052818330005e-05,5.822784558395142,-84.42450574652912
15321.193245400005,setup,setup,-38.46280261736274,-31.29583316144408,-26.658507673523673,-19.363202046723472,-3.5960791137767956e-05,-3.5960791137767956e-05,-66.43683780675201,-6.294872706840124
15321.574525100006,setup,setup,31.370165182349638,21.97618527818895,63.26776693383613,-113.9681102071886,-3.372369519638596e-05,-3.372369519638596e-05,85.92975411984526,162.97114944727218
15321.954960700008,setup,setup,-15.303720975107808,-22.76007892492771,-25.930340701687555,86.05248793347528,-3.208318230463192e-05,-3.208318230463192e-05,179.1661566189182,318.8711732536826
15322.340007500008,setup,setup,6.142769023091205,22.376916387841447,48.333680320564554,266.73348654165375,-3.801306138484506e-05,-3.801306138484506e-05,871.2052254977943,-26687.02723457475
15322.728378600008,setup,setup,-244.50310796646636,-256.07756840418733,-60.94629504154091,676.0300206105826,-3.4215244340884965e-05,-3.4215244340884965e-05,2421.3996651968614,-60618.58843664344
15323.092344700008,setup,setup,79.25092688308564,82.71119102659395,34.34791774706582,124.33355933110533,-3.3078104934247676e-05,-3.3078104934247676e-05,368.8160749378808,-16442.42832815041
15323.492671300008,setup,setup,-46.59204125303836,-44.472056963783416,2.743020800764498,-25.044717442548063,-3.454103261901764e-05,-3.454103261901764e-05,-166.04919950439717,1586.2787134419837
15323.918047000006,setup,setup,-22.975202590919707,-20.951450689648482,-6.829522274898636,-87.65810242825728,-3.252493479521945e-05,-3.252493479521945e-05,8.653047847804373,3430.3256104200614
15324.2904079,setup,setup,-2.570407263802963,-5.950870179684898,16.591750348905634,92.98396235808013,-3.7601779695251025e-05,-3.7601779695251025e-05,321.5992516202068,-2690.945072202119
15324.671130300005,setup,setup,53.68379996697172,63.30003290711829,46.339356409041784,-3.710547899130688,-3.626638317655306e-05,-3.626638317655306e-05,-237.88401643312136,1524.9973269717952
15325.067668100004,setup,setup,-37.43141327851845,-43.99520014633845,-42.56803195511702,-28.053790174197275,-3.511859267746331e-05,-3.511859267746331e-05,98.77881388362266,-1316.5521465503762
15325.456711700004,setup,setup,-20.509633653867922,-14.92855303549095,2.1732774578233602,-0.1164401188575539,-3.5839411793858744e-05,-3.5839411793858744e-05,-7.934066746108783,-839.631876203543
15325.854457600006,setup,setup,18.45003688927386,18.621234226633533,23.918983491599874,48.74885599005984,-3.50850386894308e-05,-3.50850386894308e-05,106.2306060487208,2715.920414023519
15326.263631100004,setup,setup,-3.7718384582283306,5.612794656373808,3.072442526256282,6.128108771350071,-3.371163438714575e-05,-3.371163438714575e-05,49.2814901055749,-840.9010557029601
15326.661803600005,setup,setup,-60.15716550594129,-46.209005144663024,-42.638651884881256,-49.197491068450745,-3.531325273797847e-05,-3.531325273797847e-05,-58.27429862801819,205.94743002395353
15327.051980300006,setup,setup,-5.282938211699275,-8.545733067622677,-11.914821434465694,-4.124706170007357,-3.619377821451053e-05,-3.619377821451053e-05,-8.91633847021103,-139.99988303906457
15327.431010700002,setup,setup,28.113032401474356,23.35692706633563,21.438113840678852,9.803489286371132,-3.538031069183489e-05,-3.538031069183489e-05,-107.05208290731343,-503.87306821744914
15327.813197200006,setup,setup,-31.05532818025108,-14.605891554607751,-8.11963151507075,-21.27157919346655,-3.419801032578107e-05,-3.419801032578107e-05,93.26364064670997,-2676.9150932083526
15328.160673900005,setup,setup,53.567324047980264,55.126716623700304,55.18116837456637,73.82879770626732,-3.508587815304054e-05,-3.508587815304054e-05,-6.480461731516243,605.6447504279895
15328.575895100006,setup,setup,-27.5102612734006,-39.53771918675011,-44.84391465685462,-57.72718553977393,-3.486368859739741e-05,-3.486368859739741e-05,21.486243693583674,21.700520538088313
15328.968684900008,setup,setup,-6.019298358459537,-8.427857427696836,-1.5209203168094518,5.553486355362111,-3.259603363403585e-05,-3.259603363403585e-05,-3.725100894303523,-136.9131306172817
15329.359771700007,setup,setup,40.810481911495344,35.520256441535366,37.21096427118027,123.27858777890106,-3.5370605473872274e-05,-3.5370605473872274e-05,81.38101173315908,90.11098373341247
15329.748444600002,setup,setup,-104.33019019570452,-91.92697696342248,-97.33865650283587,-141.76210697603165,-3.680755980894901e-05,-3.680755980894901e-05,49.297620956841456,-1368.538665353099
15330.148007400001,setup,setup,4.1953373369196925,-6.089835482107901,-7.440952293909959,-10.18387952463263,-3.40491051247227e-05,-3.40491051247227e-05,-97.93954088034116,1080.0953423425476
15330.52403,setup,setup,-198.8156866986203,-201.08543867752314,-184.87188177423218,-193.25597456100422,-3.0904242521501146e-05,-3.0904242521501146e-05,-140.70999368458706,75.71944170262532
15330.901813,setup,setup,112.93508163647516,111.08973642329784,105.96959766647615,12.955878441895493,-3.557414675015025e-05,-3.557414675015025e-05,33.498016797454056,153.9503714308862
15331.2721855,setup,setup,-26.038798402290467,-33.798652294648946,-12.805657326090568,6.350386969240844,-3.537165957823163e-05,-3.537165957823163e-05,-26.41270160587692,4.488737764834241
15331.6416673,setup,setup,-138.11099286758213,-120.433507858123,-123.53318443926287,-158.63486138512553,-3.078161898883991e-05,-3.078161898883991e-05,-147.87534885535206,-145.83777005026877
15332.027697500003,setup,setup,43.96733502089296,44.18899056681812,74.83471929142524,79.94675216777932,-3.5097484214929864e-05,-3.5097484214929864e-05,34.10420537104346,78.42693683250627
15332.405411300006,setup,setup,-68.02367175547329,-58.95486538809837,-69.47748361516847,-75.78260139596114,-3.6622875995817594e-05,-3.6622875995817594e-05,-61.14833386563305,-67.68142376742662
15332.809440200006,setup,setup,127.74016932732616,131.41338130816848,129.082024996874,126.11747018910637,-3.3544622056069784e-05,-3.3544622056069784e-05,125.48279207671658,138.4188646148541
15333.201435900004,setup,setup,-83.16547739469206,-83.82835031966442,-75.69823489040346,-69.61674011532205,-3.326343539811205e-05,-3.326343539811205e-05,-70.8586751475591,-80.7790042803008
15333.592679100004,setup,setup,13.725996747103864,17.6468938396074,9.701300683749196,11.951246868834005,-3.2907782042457256e-05,-3.2907782042457256e-05,91.64485987325361,28.17034331437435
15333.955245800003,setup,setup,-56.80860803308224,-60.89168513014056,-67.52298168670268,-53.22907554990434,-3.5978765481559094e-05,-3.5978765481559094e-05,-43.112795951948556,-51.81694866814178
15334.345490900003,setup,setup,-48.45053789179042,-40.80070780878759,-47.16613448045041,-50.99690242148699,-3.41696559189586e-05,-3.41696559189586e-05,-76.00756003746346,-49.77187731789445
15334.755554000001,setup,setup,-48.89380576644862,-49.576575941270676,-50.23495574370327,-5.545177885727753,-3.314963851153152e-05,-3.314963851153152e-05,88.20412599743304,-36.81534456192912
15335.112608200006,setup,setup,68.79660116426294,55.98700269466008,52.42464804736301,63.48701557890172,-3.399529578018701e-05,-3.399529578018701e-05,70.91169894134237,61.76351167476969
15335.518055200006,setup,setup,-64.48408032689235,-74.29663600015238,-63.782595725173906,9.084125890587984,-3.5317943002155516e-05,-3.5317943002155516e-05,-39.80473756974743,-78.99831354552316
15335.921961100006,setup,setup,-35.06930255407633,-55.910968220111954,-31.419369309452122,-17.98311626246823,-3.414534785406431e-05,-3.414534785406431e-05,77.73550193592018,-25.29575452681138
15336.308065400006,setup,setup,84.50670522275823,131.2078224372658,43.954595254180276,104.5399561252284,-3.469414878054522e-05,-3.469414878054522e-05,107.20451115011156,44.59486277088581
15336.671079700007,setup,setup,-26.173519704638693,-43.04884774785705,-27.079906829932497,40.442506372585285,-3.5312515137775335e-05,-3.5312515137775335e-05,66.62448279107775,-24.98415514469798
15337.045085100008,setup,setup,-41.77049247749869,-50.66602251140557,-17.07981396712671,-33.204575562645005,-3.4853049328376073e-05,-3.4853049328376073e-05,-66.75858433311623,-20.35051875068075
15337.447379800007,setup,setup,119.83858691851583,122.62322854221884,42.67748317923679,28.8009158618911,-3.525439205986913e-05,-3.525439205986913e-05,-6.232250663724699,22.49006579247407
15337.8534125,setup,setup,-15.071798952826157,-19.88069783410674,16.292791131667855,29.346319356994172,-3.308121085865423e-05,-3.308121085865423e-05,25.98272994427043,20.06569790107733
15338.242694600001,setup,setup,-7.277449786423858,-34.4422964023106,-23.633439714521273,-50.228577419214616,-3.351237410242902e-05,-3.351237410242902e-05,-17.965837727098005,-28.548697234286465
15338.6017071,setup,setup,30.10539575996063,35.848802643005,21.21288345309722,35.19928468721446,-3.759382434509462e-05,-3.759382434509462e-05,26.099576775220612,14.359667008021916
15338.985457700002,setup,setup,-51.82832599271023,-47.917274662687305,-39.27365844581436,-41.60676243186117,-3.421683868509717e-05,-3.421683868509717e-05,-36.73614144089379,-44.9418285572001
15339.387119200002,setup,setup,80.3866626665199,69.89692532109802,73.75250896912166,55.44551354839268,-3.488751553959446e-05,-3.488751553959446e-05,61.41416067718819,74.80759564418531
15339.799700400003,setup,setup,-35.55951687057427,-45.25789924467517,-35.844808776432956,-36.006710363022194,-3.5952171856479254e-05,-3.5952171856479254e-05,-49.74069823350101,-49.2000416800729
15340.176017800002,setup,setup,40.16976088808815,21.440212846020586,-20.895138448883472,-17.556410920535654,-3.515225398587063e-05,-3.515225398587063e-05,-24.429921319147525,-27.398235425923758
15340.565549100003,setup,setup,10.110122750214032,-12.462169657266713,9.620045062205918,-0.4707468128249275,-3.4439225601090584e-05,-3.4439225601090584e-05,-5.040251606159472,1.4177312830229312
15340.971216200003,setup,setup,12.15557798519285,14.997839483733514,0.12173961996859362,-2.3449394300341737,-3.3815656024671625e-05,-3.3815656024671625e-05,17.841529930684374,8.47343275210551
15341.366250000005,baseline_eyes_open,baseline_eyes_open,123.48630292075586,118.4353538841865,132.3595419969738,121.83902320065135,-3.411583293200238e-05,-3.411583293200238e-05,121.99257582147675,113.99709360137877
15341.775298400005,baseline_eyes_open,baseline_eyes_open,107.79824516736471,137.4451702221727,99.33058557810864,91.44066114229099,-3.4473484447516967e-05,-3.4473484447516967e-05,35.879754052959925,98.63170427141858
15342.179358500005,baseline_eyes_open,baseline_eyes_open,28.933510855296845,18.036785405624414,42.5946717623242,16.38547417512973,-3.3673927646304946e-05,-3.3673927646304946e-05,9.73171514324622,35.46928938626115
15342.566925000006,baseline_eyes_open,baseline_eyes_open,-47.532048955821665,-41.05258916590765,-45.31801354176582,-7.3807851961601045,-3.591775475797476e-05,-3.591775475797476e-05,76.0001201746868,-43.82586504241499
15342.949946700008,baseline_eyes_open,baseline_eyes_open,36.64731801811013,28.535920921291563,31.435479696112907,35.060719200387666,-3.4481762668292504e-05,-3.4481762668292504e-05,70.52679784417387,24.736244619892204
15343.3615205,baseline_eyes_open,baseline_eyes_open,14.81155207176107,12.698558264018175,17.799777240323692,37.73274170394643,-3.36160392180318e-05,-3.36160392180318e-05,48.8877015477301,33.463622844817564
15343.7503242,baseline_eyes_open,baseline_eyes_open,-56.821829694767075,-42.61820723078972,-53.934376419920454,-55.362620236679504,-3.3874028304126114e-05,-3.3874028304126114e-05,-65.82891882502918,-49.98290091145236
15344.1443326,baseline_eyes_open,baseline_eyes_open,1.8202319159468061,14.274641476094985,3.0420640718002687,6.018482522292743,-3.456167542026378e-05,-3.456167542026378e-05,-12.840592381075112,2.57342658072821
15344.535700900002,baseline_eyes_open,baseline_eyes_open,-41.18244530326683,-12.939044361541164,-17.54467135530217,-14.509604867283088,-3.3452561183366925e-05,-3.3452561183366925e-05,-30.25597252188072,-4.629831356098748
15344.923321700002,baseline_eyes_open,baseline_eyes_open,-40.42127742584444,-53.03229705996,-35.81873744811787,-49.12557710553392,-3.2581724553892855e-05,-3.2581724553892855e-05,-46.67826901434228,-35.22149177732945
15345.330865700002,baseline_eyes_open,baseline_eyes_open,-82.22747806223947,-106.95775771991475,-33.031531976903125,-40.4868918942384,-3.5119430322083645e-05,-3.5119430322083645e-05,17.70108956052036,-18.316534894657252
15345.743541100002,baseline_eyes_open,baseline_eyes_open,-79.9742062095479,-52.86755217509608,-12.372863918398252,-9.518047243769615,-3.6270488635636866e-05,-3.6270488635636866e-05,-4.453026856271663,0.37610110301284294
15346.097471500005,baseline_eyes_open,baseline_eyes_open,63.5690186839488,55.459476264595196,30.13445385525938,35.66840147948642,-3.564834696589969e-05,-3.564834696589969e-05,41.69952136587244,29.3474992780275
15346.477495600004,baseline_eyes_open,baseline_eyes_open,-29.43971880777167,-22.270363882681977,-27.927905903378132,-15.996643310527816,-3.235247550037457e-05,-3.235247550037457e-05,-35.147269400501045,-24.705910507234876
15346.891718100005,baseline_eyes_open,baseline_eyes_open,-5.463266416472379,6.92504087211546,12.608437512721594,28.425369575350032,-3.383075636520516e-05,-3.383075636520516e-05,51.16209465629936,32.13484285889626
15347.289336500005,baseline_eyes_open,baseline_eyes_open,-30.567292967315325,-57.97231643743362,-25.00451304307626,-31.11951862800788,-3.461531923676375e-05,-3.461531923676375e-05,-26.42684975573502,-42.0784881843465
15347.652238000002,baseline_eyes_open,baseline_eyes_open,-36.207164369508746,-6.341577193176818,-53.49938773341137,-48.250782231920766,-3.751476742763771e-05,-3.751476742763771e-05,-69.46661468161074,-54.402496269576204
15348.052431800003,baseline_eyes_open,baseline_eyes_open,-17.815441807125126,-45.455386899703626,1.0786473284661042,-13.364643443410841,-3.5227682019467466e-05,-3.5227682019467466e-05,-18.498151220190266,-16.413522071616626
15348.439925400007,baseline_eyes_open,baseline_eyes_open,16.59718775955389,-49.40956919738528,44.64435364868359,31.33488592542517,-3.48034054695745e-05,-3.48034054695745e-05,60.74188998395539,30.157477247754287
15348.799867500007,baseline_eyes_open,baseline_eyes_open,-57.299016799121546,-52.6867826916573,-34.30328535336639,-30.89629013762442,-3.37523915732163e-05,-3.37523915732163e-05,-21.069342076013527,-27.709610419633464
15349.154973600007,baseline_eyes_open,baseline_eyes_open,20.446382597384854,3.971634941813136,7.457785135292397,-15.337546562255284,-3.242391267122002e-05,-3.242391267122002e-05,-25.731589872047152,3.389402403729946
15349.547538500008,baseline_eyes_open,baseline_eyes_open,-5.5425680163371,-22.70507916835959,0.19573437881763311,-6.400349070134325,-3.462636595941149e-05,-3.462636595941149e-05,-1.0839219171371042,-2.9843687071161185
15349.971040800006,baseline_eyes_open,baseline_eyes_open,31.329279761242105,25.68445179281798,18.04049892932244,23.960895233425617,-3.736961843969766e-05,-3.736961843969766e-05,55.66494901531996,21.114473393844037
15350.359198400001,baseline_eyes_open,baseline_eyes_open,-15.21239887897832,-11.42019195085686,-7.5286578453356015,2.0235146555764914,-3.469330204097787e-05,-3.469330204097787e-05,22.75877386556749,-8.878033292319287
15350.764024200002,baseline_eyes_open,baseline_eyes_open,82.09877101912025,45.873719218781844,18.848806753474946,10.650826983158822,-3.40492579198326e-05,-3.40492579198326e-05,-17.175918365691814,-0.026417267236411135
15351.151798,baseline_eyes_open,baseline_eyes_open,-54.927772985737874,-43.92185796313743,-13.65862421948259,-17.188974024646996,-3.596223632484907e-05,-3.596223632484907e-05,-3.488596399474318,3.988809124569798
15351.550894400003,baseline_eyes_open,baseline_eyes_open,27.991047847997834,14.056572932309791,9.313302297346127,3.210878018427138,-3.5218443372286856e-05,-3.5218443372286856e-05,-22.06889669265047,-1.6399905842254157
15351.943402700002,baseline_eyes_open,baseline_eyes_open,-20.67206423619018,-16.607697407040632,-41.021062024510684,-40.17297388088218,-3.4874124139605556e-05,-3.4874124139605556e-05,-58.55105639676685,-28.14742571704528
15352.318753900005,baseline_eyes_open,baseline_eyes_open,-62.74396544442334,-37.533889619453475,-57.820744477998005,-61.85155627599988,-3.5054844374826644e-05,-3.5054844374826644e-05,-63.342410661561644,-54.921614790131116
15352.669081000004,baseline_eyes_open,baseline_eyes_open,-45.57333085887785,-56.04328844161637,-49.5934338913969,-48.421598823530985,-3.436137194512412e-05,-3.436137194512412e-05,-41.815246691815446,-63.86992691587966
15353.072696800004,baseline_eyes_open,baseline_eyes_open,-24.609453765446005,-27.935093101692928,-15.37057876403378,-10.138904324984196,-3.403948085178854e-05,-3.403948085178854e-05,-24.764738956351266,-17.836581476612082
15353.465091000004,baseline_eyes_open,baseline_eyes_open,-7.351365370192525,-1.5545951993403833,-3.565410848467309,-9.155534443480974,-3.365936936461367e-05,-3.365936936461367e-05,16.972972998399655,-1.9521367389893385
15353.836549400005,baseline_eyes_open,baseline_eyes_open,15.097680992422738,20.790208633342445,10.947663103916057,7.362366413320615,-3.1775991374161094e-05,-3.1775991374161094e-05,-17.366110027186096,10.688912147287738
15354.227714000004,baseline_eyes_open,baseline_eyes_open,-21.257473923043108,-40.54003292892048,-15.790512370909255,-18.131080320692035,-3.312191074655857e-05,-3.312191074655857e-05,-3.5269415849356847,-18.54045148924024
15354.584401700005,baseline_eyes_open,baseline_eyes_open,25.84021842380207,19.29367168486351,24.3137766088812,30.1773333368601,-3.6533575439534616e-05,-3.6533575439534616e-05,31.926223012448645,19.89335968300611
15354.947972500006,baseline_eyes_open,baseline_eyes_open,-26.544294779430402,-22.403756326581515,-27.947706362635245,-28.802083583095282,-3.4061250516970176e-05,-3.4061250516970176e-05,-21.996849922543333,-23.455890790045032
15355.359420500006,baseline_eyes_open,baseline_eyes_open,28.048266615666307,55.10046990474257,36.56822122149015,44.23685582031658,-3.4133802728320006e-05,-3.4133802728320006e-05,47.855820190180566,44.9057944068536
15355.747590800005,baseline_eyes_open,baseline_eyes_open,-81.3795428247256,-83.33517408378202,-91.57039800682696,-86.79506643707873,-3.292908695584629e-05,-3.292908695584629e-05,-88.29239345473161,-81.82193934492534
15356.134483800006,baseline_eyes_open,baseline_eyes_open,36.85321643432144,-5.266059974806012,27.046984043671728,13.383789766874997,-3.380554608156672e-05,-3.380554608156672e-05,-2.172525804584893,-1.5579694575453686
15356.540701600006,baseline_eyes_open,baseline_eyes_open,-153.92986927763786,-204.39469066637275,-41.84477996054693,-55.866061811598684,-3.658606237877393e-05,-3.658606237877393e-05,-12.25944776117376,-18.739287880174288
15356.966178600007,baseline_eyes_open,baseline_eyes_open,-110.69672846499316,-116.46955710784778,-38.26446869479082,-32.77798777732778,-3.377134544280125e-05,-3.377134544280125e-05,-37.67096601383855,-28.91665342802162
15357.349068900001,baseline_eyes_open,baseline_eyes_open,-2.268292495878086,-15.68038650219205,-25.205466442984743,-19.977722493112196,-3.4614099604368676e-05,-3.4614099604368676e-05,-19.045311219191717,-29.38824481174015
15357.7505521,baseline_eyes_open,baseline_eyes_open,41.951628155925846,28.333095578530447,34.44096142013359,25.153622859165807,-3.820215988525888e-05,-3.820215988525888e-05,-3.5987187838863974,22.38658016788486
15358.1141404,baseline_eyes_open,baseline_eyes_open,26.407520655894587,31.611949059381004,39.89861697944525,46.948116414273045,-3.3725061257428024e-05,-3.3725061257428024e-05,50.550458903582694,31.29213103072607
15358.489978600002,baseline_eyes_open,baseline_eyes_open,49.13930841158299,35.827294427002016,1.8725866774389033,-4.384515360200567,-3.347462825331604e-05,-3.347462825331604e-05,-25.518061232367018,-16.807011281425275
15358.865869800002,baseline_eyes_open,baseline_eyes_open,-50.147269344751976,-36.379332573907504,-21.27265062090919,-22.374631317567946,-3.5972338082501665e-05,-3.5972338082501665e-05,-14.27280232594785,-12.607176867603357
15359.263577900003,baseline_eyes_open,baseline_eyes_open,-198.73222208913057,-165.08700547459875,-88.26699565835747,-88.14035157383705,-3.369567002664553e-05,-3.369567002664553e-05,-61.73579887177448,-51.22129355464676
15359.647177200004,baseline_eyes_open,baseline_eyes_open,-136.79411267579212,-117.41179770276358,-84.13648100797263,-86.91496022247202,-3.2946260944299866e-05,-3.2946260944299866e-05,-76.19363400367638,-63.27637230186383
15360.040193500005,baseline_eyes_open,baseline_eyes_open,41.833233271752306,36.65801360553178,30.394250583545727,33.06982474846063,-3.4723339922493324e-05,-3.4723339922493324e-05,21.89463234743107,27.816232990603567
15360.374980700004,baseline_eyes_open,baseline_eyes_open,28.702480932052822,3.6429802025108984,35.29409167013455,38.764379684245796,-3.5505004234437365e-05,-3.5505004234437365e-05,47.45695822496555,24.630098125448058
15360.730332100004,baseline_eyes_open,baseline_eyes_open,-33.79886849704076,-27.2685997180688,-42.63808799616254,-47.40842739575601,-3.4536458770162426e-05,-3.4536458770162426e-05,-56.84699495191035,-39.36329899641714
15361.137453900004,baseline_eyes_open,baseline_eyes_open,-53.19246885003781,-65.40877337648544,-56.779104849587156,-57.62656348462815,-3.3902156246767845e-05,-3.3902156246767845e-05,-42.25912026027572,-55.55178897117912
15361.535080000003,baseline_eyes_open,baseline_eyes_open,-95.85587766654726,-48.22551450896344,-42.11680452395899,-36.34168600031353,-3.49752563124639e-05,-3.49752563124639e-05,-33.15409087189164,-8.897359239648267
15361.921228700005,baseline_eyes_open,baseline_eyes_open,-26.11665850143322,-34.44595009406021,-4.3359350130645,-10.967787844221675,-3.4537381907284725e-05,-3.4537381907284725e-05,-22.129892228991594,2.171986100536742
15362.313809400004,baseline_eyes_open,baseline_eyes_open,33.8398455406159,33.48675160641369,17.69268743322118,15.480684502319036,-3.247338463552296e-05,-3.247338463552296e-05,6.014894639510658,23.10029700176301
15362.718041300004,baseline_eyes_open,baseline_eyes_open,-31.83297238250998,-29.98619958536983,-30.434578581072856,-40.621459097085335,-3.418088090256788e-05,-3.418088090256788e-05,-51.350290016890085,-40.84952302075044
15363.132802800006,baseline_eyes_open,baseline_eyes_open,36.636575997610635,28.60674303834321,28.51516556188335,33.41548650228606,-3.368661418789998e-05,-3.368661418789998e-05,26.50659006420028,33.90464963455861
15363.522021900006,baseline_eyes_open,baseline_eyes_open,11.528120002053583,-0.9079694581068907,1.5073690569893188,-1.6788735791192266,-3.546785592334345e-05,-3.546785592334345e-05,1.9597624840243952,1.1453336859790397
15363.920990700008,baseline_eyes_open,baseline_eyes_open,-3.4421415550868915,-9.795750081579172,-17.814195673734503,-13.133938657127601,-3.6733395063492935e-05,-3.6733395063492935e-05,4.547335562057924,-6.625165581254805
15364.312884800001,baseline_eyes_open,baseline_eyes_open,-29.83567827782781,-27.772350078543695,-6.468440982832817,-5.746226147835841,-3.546902735251933e-05,-3.546902735251933e-05,-19.280220685643144,-10.206908727325299
15364.682715,baseline_eyes_open,baseline_eyes_open,-4.256396841440164,-9.003307747298095,4.2313532131065585,-1.405616509419815,-3.381976694072364e-05,-3.381976694072364e-05,3.718953628167583,18.80139002337637
15365.053944500001,baseline_eyes_open,baseline_eyes_open,-6.768717712825492,-5.730474125066394,-1.5785759754412538,-3.38435015932464,-3.547092273947783e-05,-3.547092273947783e-05,-7.8239932190094805,-12.781238986020526
15365.4500585,baseline_eyes_open,baseline_eyes_open,-22.37132885126539,-15.005100745289838,-20.103277619766686,-15.765300410270811,-3.3571134736121166e-05,-3.3571134736121166e-05,0.10157623774739477,0.9495746856810001
15365.831614800001,baseline_eyes_open,baseline_eyes_open,22.88620367345584,15.18798164701002,12.689270693210801,13.433292356684888,-3.256216132285772e-05,-3.256216132285772e-05,7.114335466855209,7.848030223127353
15366.199491500001,baseline_eyes_open,baseline_eyes_open,-63.309671294732425,-74.20518697308353,-60.52620004450728,-67.5167751017666,-3.480665873212274e-05,-3.480665873212274e-05,-71.3001160086992,-50.49755663476526
15366.5840841,baseline_eyes_open,baseline_eyes_open,6.505811886444462,8.955478721171858,37.54730701393373,38.51647518747495,-3.86571928174817e-05,-3.86571928174817e-05,50.11789678350351,51.98103647267044
15366.944174700002,baseline_eyes_open,baseline_eyes_open,13.491934468196177,17.227089869054907,-19.98829398997168,-15.250850664407608,-3.688654214784037e-05,-3.688654214784037e-05,-21.344236071145133,-21.6855301092246
15367.313278600002,baseline_eyes_open,baseline_eyes_open,-57.11143508440159,-49.54510651819055,-46.72238691365283,-42.754311276770295,-3.425489558139816e-05,-3.425489558139816e-05,-40.71149357226841,-38.43840180776806
15367.683345900003,baseline_eyes_open,baseline_eyes_open,-8.91271197810238,-14.491981290021613,-10.788486310516873,-12.561114202296721,-3.509864291117992e-05,-3.509864291117992e-05,-22.121886147263012,-18.84965376730179
15368.088555800003,baseline_eyes_open,baseline_eyes_open,14.029484801028957,24.446495517345284,13.133388849873882,21.734635547960806,-3.6335914955998305e-05,-3.6335914955998305e-05,-10.877427464999528,25.90220868375218
15368.478929300005,baseline_eyes_open,baseline_eyes_open,6.361399260621511,4.161789420879359,11.315964760977295,4.606380079013434,-3.4312897696509026e-05,-3.4312897696509026e-05,-1.086654330733836,8.688233433871574
15368.843852000004,baseline_eyes_open,baseline_eyes_open,-6.28282900604836,-3.5775505630290354,-8.00122436503807,-5.589241179050987,-3.464789824647596e-05,-3.464789824647596e-05,9.094045493186059,-10.33004877934809
15369.228911900003,baseline_eyes_open,baseline_eyes_open,29.267221381834588,30.093442325134674,44.03539096655004,43.727160686361,-3.480540181044489e-05,-3.480540181044489e-05,37.36395750914198,29.679126297912717
15369.623749900004,baseline_eyes_open,baseline_eyes_open,8.39295415884635,15.274715279065731,7.619134692179159,10.463196095308831,-3.404627295822138e-05,-3.404627295822138e-05,12.444447357142508,11.58106962823922
15369.987508600005,baseline_eyes_open,baseline_eyes_open,38.49803657630764,18.304823022042456,36.63570142286153,28.059416030808734,-3.623248449002858e-05,-3.623248449002858e-05,49.79424993577368,21.28732220912434
15370.349945400005,baseline_eyes_open,baseline_eyes_open,-30.55260094534424,-35.92083271016281,-42.54175679021705,-32.60331090717909,-3.611908323364332e-05,-3.611908323364332e-05,-38.08801297463424,-37.823972164701445
15370.712657500004,baseline_eyes_open,baseline_eyes_open,-232.65953299154216,-242.66443648535596,-151.88903040177888,-143.8420072000181,-3.589482912502717e-05,-3.589482912502717e-05,-76.2366595827657,-141.94180010971968
15371.073567800004,baseline_eyes_open,baseline_eyes_open,-67.07564438268446,-58.8750512931947,-44.68472013799692,-39.30139167662264,-3.167166323692072e-05,-3.167166323692072e-05,-59.34286121201558,-30.588519337553862
15371.427418800005,baseline_eyes_open,baseline_eyes_open,91.77910072319037,93.95770724094882,93.31219108578716,81.72887037498731,-3.266536077717319e-05,-3.266536077717319e-05,118.58745267722225,85.86764389544624
15371.823754100003,baseline_eyes_open,baseline_eyes_open,-92.43224098205314,-32.11423105000813,-27.328411858323534,-24.093019187068876,-3.5015929825021885e-05,-3.5015929825021885e-05,-44.00033412976154,6.009515121817458
15372.219996900005,baseline_eyes_open,baseline_eyes_open,-9.478543857802833,-10.870807610395332,-0.190763544996571,2.807616358075393,-3.3801698009483516e-05,-3.3801698009483516e-05,6.518368476214164,13.694855253842434
15372.612817600006,baseline_eyes_open,baseline_eyes_open,19.134913029761265,20.55556214075159,12.224914205025016,-3.4116953585021292,-3.0150613383739255e-05,-3.0150613383739255e-05,-55.99814512883995,5.973604900517785
15372.990556900006,baseline_eyes_open,baseline_eyes_open,-9.445994070023062,-14.169096211110627,-16.277764503754952,-4.975354536521991,-3.296639806649182e-05,-3.296639806649182e-05,18.474164525199285,-16.133647897625906
15373.347374300005,baseline_eyes_open,baseline_eyes_open,-71.74886849342784,-70.4685707736794,-64.55492700094987,-62.77521424313227,-3.5117574043397326e-05,-3.5117574043397326e-05,-66.89139621486356,-60.34856146735228
15373.706339800006,baseline_eyes_open,baseline_eyes_open,5.695370934567563,-0.004356385072696867,-8.579362529147147,-9.498002088454996,-3.4578000850160606e-05,-3.4578000850160606e-05,-22.16249224440662,0.39253702751466335
15374.105412100005,baseline_eyes_open,baseline_eyes_open,-53.09269562370446,-47.72227714969404,7.362812910246703,-0.7333700854605922,-3.32376584992744e-05,-3.32376584992744e-05,21.740787158264993,2.3536587041085113
15374.504386900006,baseline_eyes_open,baseline_eyes_open,-29.672847547088622,-28.060109679680863,8.278000382491427,16.46868925187846,-3.387488959560869e-05,-3.387488959560869e-05,30.72531686884804,20.903294900956098
15374.897388000005,baseline_eyes_open,baseline_eyes_open,30.26166897793928,29.682388358901335,20.165381470473676,26.92239596165473,-3.4721016163530294e-05,-3.4721016163530294e-05,21.85537524643587,17.628389001905816
15375.310702500006,baseline_eyes_open,baseline_eyes_open,1.1375111331440166,-1.118073549122073,5.015273275482286,10.181184548353485,-3.238818590034498e-05,-3.238818590034498e-05,-2.4538978671698715,2.3256067714028177
15375.702855700001,baseline_eyes_open,baseline_eyes_open,-25.252959985486996,-11.239711634882951,-29.111289062788273,-12.42382065495758,-3.455488240433624e-05,-3.455488240433624e-05,-2.491000673408962,-13.13413645294304
15376.1001288,baseline_eyes_open,baseline_eyes_open,28.618295419875267,21.26677326529898,27.52658725986339,30.738890364817962,-3.6036533856531605e-05,-3.6036533856531605e-05,31.27893786921686,16.716186736437976
15376.4488794,baseline_eyes_open,baseline_eyes_open,-18.817210599386726,-17.883805897188722,-7.447712140249678,-3.480146080551094,-3.4172118830611e-05,-3.4172118830611e-05,-15.373023600322085,-2.7616907870587966
15376.827909500002,baseline_eyes_open,baseline_eyes_open,-40.52515033664963,-46.588046795851824,-13.477355484784539,-8.956697038248876,-3.5530668355931994e-05,-3.5530668355931994e-05,9.022961290580497,-8.248493989206054
15377.228225600002,baseline_eyes_open,baseline_eyes_open,14.198353976668386,20.425681794045886,0.11398330366137088,-3.3570392337383055,-3.4584392778924666e-05,-3.4584392778924666e-05,-1.1815693477387867,1.7072470989610338
15377.608539000003,baseline_eyes_open,baseline_eyes_open,2.006236546049422,0.31284255142099937,-1.2038969515142526,-4.714581730782356,-3.659173398773419e-05,-3.659173398773419e-05,-10.351789174713758,-1.522282506081865
15377.974675900003,baseline_eyes_open,baseline_eyes_open,-10.001029029599067,-16.488366292639967,-7.054553832808324,-23.34734118689903,-3.628033937275177e-05,-3.628033937275177e-05,-20.74544301847027,-16.50505900649614
15378.346999200003,baseline_eyes_open,baseline_eyes_open,51.61812940694972,43.860204799536405,46.16972007430104,46.815363798678845,-3.427734827710083e-05,-3.427734827710083e-05,55.45135186222842,49.235844691023885
15378.697217000003,baseline_eyes_open,baseline_eyes_open,-1.0191994079755204,-6.840275029062468,2.3807009010783986,2.0059704250120376,-3.2403188015450723e-05,-3.2403188015450723e-05,0.321927929137928,-6.844046861163406
15379.068201000002,baseline_eyes_open,baseline_eyes_open,5.029120532629804,-2.596093667947116,-7.991136702576114,-17.853339552354555,-3.3505204555694945e-05,-3.3505204555694945e-05,-32.027269657645775,-2.737186057495819
15379.453310000003,baseline_eyes_open,baseline_eyes_open,60.79622754865204,64.03161279153892,57.00506342107656,68.83310848540987,-3.378171004442265e-05,-3.378171004442265e-05,73.21832231193548,52.13418453408531
15379.839861800003,baseline_eyes_open,baseline_eyes_open,-28.311043988345773,-32.82671683529952,-34.66757765436546,-38.73865636668461,-3.401547292014584e-05,-3.401547292014584e-05,-45.91313317447293,-28.670477560779545
15380.246312600004,baseline_eyes_open,baseline_eyes_open,-16.946191275164438,-24.940503855707448,-3.1146077152452563,-26.706097811674226,-3.2912562346609775e-05,-3.2912562346609775e-05,-31.55747836330147,-24.219143497677578
15380.616089000005,baseline_eyes_open,baseline_eyes_open,-30.819871840861197,-52.148039557836,-39.355091552973136,-42.56048301457486,-3.331562675157329e-05,-3.331562675157329e-05,-21.60740283677569,-39.87924507808657
15380.960729700004,baseline_eyes_open,baseline_eyes_open,4.31983358419393,8.399153738474979,13.73911144378826,6.417626374849988,-3.678413122543134e-05,-3.678413122543134e-05,6.822758640068969,3.7342303302925757
15381.373691100003,baseline_eyes_open,baseline_eyes_open,-35.78348447392932,-23.221119395406276,-27.97413787245887,-21.435698604438585,-3.256074069213355e-05,-3.256074069213355e-05,-39.03003135176414,-26.702078708915906
15381.721472500005,baseline_eyes_open,baseline_eyes_open,-99.55892474720144,-89.52351126551775,-45.54908488211663,-44.09028346339164,-3.352117164467927e-05,-3.352117164467927e-05,-23.606734518290523,-26.244723538666676
15382.122535100005,baseline_eyes_open,baseline_eyes_open,-23.007744600214664,-25.172857246899184,-22.11121422461042,-28.851824728185875,-3.414644015720114e-05,-3.414644015720114e-05,-60.82927688625523,-18.58595108206964
15382.526267300003,baseline_eyes_open,baseline_eyes_open,-32.8306929985099,-17.587220395822897,-22.931053065014112,-11.816984008858071,-3.3430011171731167e-05,-3.3430011171731167e-05,-11.440899893377718,-18.39784922057561
15382.920239100005,baseline_eyes_open,baseline_eyes_open,5.787920131330793,4.078478942349193,11.336666712193164,15.063323185167974,-3.413056310819229e-05,-3.413056310819229e-05,3.6424882495402926,0.3651920825977868
15383.315681000005,baseline_eyes_open,baseline_eyes_open,45.87730817753254,53.55291546460967,53.17580723799665,50.9999868159407,-3.70104417015682e-05,-3.70104417015682e-05,52.93184895259719,57.167785362348695
15383.690606900002,baseline_eyes_open,baseline_eyes_open,11.905990444438885,1.254476757852899,16.557231761300955,8.366207841051619,-3.623084739956539e-05,-3.623084739956539e-05,6.801066713901946,9.679155777264896
15384.079689900007,baseline_eyes_open,baseline_eyes_open,-40.00783048903804,-23.657136224161604,-18.520160441292774,-7.125268181486717,-3.487139747448964e-05,-3.487139747448964e-05,3.817798219137785,-0.6279010409302828
15384.437248600007,baseline_eyes_open,baseline_eyes_open,50.105116700455255,42.8774547189978,38.65918927071698,44.439025287227196,-3.642278079496464e-05,-3.642278079496464e-05,58.91576915075575,33.92860955158403
15384.803689600007,baseline_eyes_open,baseline_eyes_open,-0.08507700353720793,10.130212544353526,-6.299300188425605,-12.212577500468797,-3.4749775295495056e-05,-3.4749775295495056e-05,-22.204943222689053,1.25935524245142
15385.192477800007,baseline_eyes_open,baseline_eyes_open,93.24502807464069,95.54992509278054,100.32686665744859,107.67475704789831,-3.49204692611238e-05,-3.49204692611238e-05,110.65921517092374,103.59603853563249
15385.565938800008,baseline_eyes_open,baseline_eyes_open,-7.867703400397204,-1.8518698091761507,-9.897003428829066,-5.673643995523435,-3.5192552786611486e-05,-3.5192552786611486e-05,4.871638721843738,0.5855474426366527
15385.953691700008,baseline_eyes_open,baseline_eyes_open,17.77011489133156,17.00586355344194,11.668915034142174,21.318443981547716,-3.3688788789731916e-05,-3.3688788789731916e-05,30.66140416443932,14.486430247390217
15386.317916600008,baseline_eyes_open,baseline_eyes_open,-8.824226454028121,-19.80488023256339,-2.646491574002539,9.124981716290222,-3.4121916542062536e-05,-3.4121916542062536e-05,28.37788255823034,-3.0500369854485143
15386.7418042,baseline_eyes_open,baseline_eyes_open,17.853264582564407,22.426177534939143,-0.8575496335911339,2.358994551972046,-3.528524575813208e-05,-3.528524575813208e-05,0.8065026217691411,-0.8902198143669011
15387.156491900001,baseline_eyes_open,baseline_eyes_open,65.31138100828548,63.30134034345929,62.3982726789211,59.21042449644665,-3.453264071140438e-05,-3.453264071140438e-05,53.26058186877253,66.61385939530146
15387.505478300001,baseline_eyes_open,baseline_eyes_open,60.25663953865978,64.00718316832626,47.68999541577159,58.958258472033776,-3.484112221485702e-05,-3.484112221485702e-05,37.07216908255441,58.47929092559207
15387.879012000001,baseline_eyes_open,baseline_eyes_open,8.709510827185113,22.673943106325623,23.231295438549523,16.997938870421876,-3.594094414438587e-05,-3.594094414438587e-05,14.87117745577143,19.278556423058035
15388.297436800003,baseline_eyes_open,baseline_eyes_open,-34.58538232664091,-45.26373404090782,-42.3560287689952,-48.144548342537746,-3.694076440297067e-05,-3.694076440297067e-05,-48.60523487603314,-36.12851821403956
15388.628106400003,baseline_eyes_open,baseline_eyes_open,94.33155666691937,101.34959651571035,90.17860322058277,86.7044660414249,-3.551033114490565e-05,-3.551033114490565e-05,74.97931810217324,80.4604151446415
15388.993213700003,baseline_eyes_open,baseline_eyes_open,-8.414221979388003,-26.014085005215748,-37.40555171185588,-32.80533346740094,-3.514241961966036e-05,-3.514241961966036e-05,-29.090606791727623,-49.86548354952856
15389.362460200002,baseline_eyes_open,baseline_eyes_open,62.37310283280067,68.01787386217939,82.7845006760524,69.04987596351157,-3.3637987144174986e-05,-3.3637987144174986e-05,72.63767887573931,81.08938182234488
15389.739703400002,baseline_eyes_open,baseline_eyes_open,15.912077207835864,29.753717499195318,42.431213204541564,55.1177159666413,-3.390584788576234e-05,-3.390584788576234e-05,74.06190454931266,52.02392009082996
15390.127703800003,baseline_eyes_open,baseline_eyes_open,-10.207008669270635,-15.839976971014494,-27.765335027386527,-30.138855484037776,-3.3613091545703355e-05,-3.3613091545703355e-05,-35.58960978556979,-34.449710610230795
15390.485783700002,baseline_eyes_open,baseline_eyes_open,-6.339272849529607,-11.864810439248231,-12.060433528547037,-15.379188805979084,-3.529456625983585e-05,-3.529456625983585e-05,-45.49993594421221,-11.907474366744282
15390.844214100003,baseline_eyes_open,baseline_eyes_open,-14.930651362274148,-2.499926178055375,-12.881821935985272,-18.321296729526694,-3.643346917669987e-05,-3.643346917669987e-05,-31.53678362464825,-11.174275462548849
15391.188332900003,baseline_eyes_open,baseline_eyes_open,46.99955904275657,45.74575193137571,44.5065651241855,46.26735668235915,-3.4156173569499515e-05,-3.4156173569499515e-05,40.930962530646866,44.12627021642447
15391.577792300002,baseline_eyes_open,baseline_eyes_open,24.120642760829014,8.77452997381124,2.189597990727634,5.186355379689303,-3.5737620237341616e-05,-3.5737620237341616e-05,3.47131540160899,3.565892456290385
15391.978529700003,baseline_eyes_open,baseline_eyes_open,70.54689244605925,67.36200814577569,65.73556619237729,62.903464234127114,-3.590495998651022e-05,-3.590495998651022e-05,58.006578849679045,68.9250901243463
15392.340939200003,baseline_eyes_open,baseline_eyes_open,10.670771553206578,12.50870354178005,3.9931150693494146,6.4042003189697425,-3.717834078997839e-05,-3.717834078997839e-05,-1.3989530627991371,12.686974077726063
15392.712089200002,baseline_eyes_open,baseline_eyes_open,-40.980284749194425,-44.806495831845496,-43.12487061042111,-29.41089211007329,-3.856340208585607e-05,-3.856340208585607e-05,-45.43820641120237,-49.73203443508055
15393.092123800003,baseline_eyes_open,baseline_eyes_open,14.911935746452855,22.09072375964979,11.856973009075318,13.591510475938321,-3.3053670449589845e-05,-3.3053670449589845e-05,13.858973086600145,20.201853764746375
15393.452442100004,baseline_eyes_open,baseline_eyes_open,-14.956734192226122,-9.556444278318395,-6.229158011135496,8.016942374600148,-3.5765731809078716e-05,-3.5765731809078716e-05,7.683048994943874,-1.5976947387011933
15393.865061700004,baseline_eyes_open,baseline_eyes_open,-76.18056160167907,-83.39680019976777,-87.43468846191672,-78.9775204691532,-3.56500459020026e-05,-3.56500459020026e-05,-62.79333143810618,-86.78779834529269
15394.247592500004,baseline_eyes_open,baseline_eyes_open,45.45353158253647,70.88056754732997,87.40245288558253,73.3292166715305,-3.399946217541583e-05,-3.399946217541583e-05,95.22096667652932,94.69061435107051
15394.645916400003,baseline_eyes_open,baseline_eyes_open,16.331183191385207,-15.216385010617614,12.92026025088694,25.249378357376372,-3.7241659811115824e-05,-3.7241659811115824e-05,44.409892026830676,3.081570245333296
15395.019093100005,baseline_eyes_open,baseline_eyes_open,44.957291323172285,57.981795948038325,67.0095536978024,70.72056643966016,-3.354309501446551e-05,-3.354309501446551e-05,69.94485540792584,64.42117154848665
15395.404196500005,baseline_eyes_open,baseline_eyes_open,1.4652087509762168,-24.72484086845043,-8.07618352061013,-7.849427529631157,-3.175549954903545e-05,-3.175549954903545e-05,6.34153541751175,-16.59393057682746
15395.813060800006,baseline_eyes_open,baseline_eyes_open,2.9193072992211455,16.035680147673702,6.1587393598081235,14.742466155041257,-3.5092529287794605e-05,-3.5092529287794605e-05,4.173841170982087,7.584495922466431
15396.218262900007,baseline_eyes_open,baseline_eyes_open,19.704848759961806,11.049526960266576,23.58231948904927,22.877984249554174,-3.6021995583723765e-05,-3.6021995583723765e-05,42.091454302953025,21.356025235415473
15396.610808500007,baseline_eyes_open,baseline_eyes_open,-48.570666400118625,-51.02682441640536,-54.62281142993447,-47.2247746856101,-3.570219087123405e-05,-3.570219087123405e-05,-50.647155232506975,-48.59671697106842
15397.024731700007,baseline_eyes_open,baseline_eyes_open,-118.88761384833902,-113.74647862531583,-115.85212394514042,-115.6580890623577,-3.449916221143212e-05,-3.449916221143212e-05,-103.15846142139617,-112.72365057854859
15397.3990439,baseline_eyes_open,baseline_eyes_open,-24.75614797737535,-17.924069702252382,-20.25467410354554,-31.22600747749857,-3.5315772038302384e-05,-3.5315772038302384e-05,-23.471257731443984,-17.404037705307474
15397.7677411,baseline_eyes_open,baseline_eyes_open,-33.706544681044306,-69.11173747767134,-20.53112105583068,-23.434960317570585,-3.541701516951434e-05,-3.541701516951434e-05,-18.680216718149495,-34.61911187779151
15398.135145600001,baseline_eyes_open,baseline_eyes_open,-0.8528312540652223,21.393260008737343,-6.106847930059757,1.182150375238507,-3.272666162956739e-05,-3.272666162956739e-05,19.78818220963558,7.443236546948356
15398.476532100001,baseline_eyes_open,baseline_eyes_open,-170.5243788493715,-171.92908434020592,-159.1886059274434,-171.69477271235155,-3.54909152520122e-05,-3.54909152520122e-05,-200.41308936220457,-180.45413126964513
15398.8666601,baseline_eyes_open,baseline_eyes_open,-92.13886223777672,-99.35425835595424,-93.61516784337527,-99.9660075542638,-3.357194054842694e-05,-3.357194054842694e-05,-79.24166389046741,-84.6962179275406
15399.241575200002,baseline_eyes_open,baseline_eyes_open,-18.56939983499933,-12.916153185405165,-17.030884614576735,-11.088648065098369,-3.5465925066091586e-05,-3.5465925066091586e-05,3.522254644255554,-27.24665597096009
15399.633217600001,baseline_eyes_open,baseline_eyes_open,10.435777896866057,31.11034528062646,67.23926027537323,76.64318798603699,-3.660704805952264e-05,-3.660704805952264e-05,94.28187878999506,79.63867242523293
15400.007041800003,baseline_eyes_open,baseline_eyes_open,-35.217143026080976,-30.801526543399177,-36.381809258715066,-19.944741562117542,-3.319330244266894e-05,-3.319330244266894e-05,-1.7067525197558098,-15.756994291085448
15400.417060800002,baseline_eyes_open,baseline_eyes_open,-4.258158834797541,-0.9744343528591344,-27.929022102726776,-40.38996363204387,-3.535649193509016e-05,-3.535649193509016e-05,-51.30394777445281,-50.81987228860089
15400.805154100002,baseline_eyes_open,baseline_eyes_open,109.41953245449076,110.43084805619583,93.15044408621998,93.8055434703615,-3.5458440834190696e-05,-3.5458440834190696e-05,52.24634278360827,97.2803972396855
15401.211949000002,baseline_eyes_open,baseline_eyes_open,9.105573646161247,-4.811745860686187,2.968865178138003,-1.5792284797730645,-3.384445426490856e-05,-3.384445426490856e-05,3.2636716931137926,-4.858534339354264
15401.617241100003,baseline_eyes_open,baseline_eyes_open,-38.783817773528654,-26.407034820996614,-40.07290543225736,-60.074244400694624,-3.629448383435374e-05,-3.629448383435374e-05,-71.72952821613853,-40.26705247883865
15402.008814100003,baseline_eyes_open,baseline_eyes_open,-104.93715404752766,-119.53372433117283,-76.71754029000363,-85.71416018188256,-3.364570420671953e-05,-3.364570420671953e-05,-100.75714570128139,-80.8450195605028
15402.401357800005,baseline_eyes_open,baseline_eyes_open,-138.81056796662187,-88.14473112047608,-54.66773295672988,-44.87643186647301,-3.3755886761355214e-05,-3.3755886761355214e-05,-6.447587951856349,-24.262116874597723
15402.794302600005,baseline_eyes_open,baseline_eyes_open,83.33931357540632,36.54091884147829,-0.38323507265522494,-14.156594994902662,-3.36509747285163e-05,-3.36509747285163e-05,-57.50175211863734,-29.79593234056165
15403.185378200005,baseline_eyes_open,baseline_eyes_open,36.789471782783494,70.66827459159549,52.32695580337122,58.37579168718594,-3.283147634647321e-05,-3.283147634647321e-05,62.74261796831479,50.250384993564694
15403.593448900006,baseline_eyes_open,baseline_eyes_open,-38.406211240759376,-44.46197784966216,-31.5978240400907,-29.75571119113647,-3.64569768862566e-05,-3.64569768862566e-05,-14.582046817013634,-35.15091243934285
15403.945226500007,baseline_eyes_open,baseline_eyes_open,22.500973317966327,19.443398516865273,5.24157165725569,8.039557962814797,-3.318341987323947e-05,-3.318341987323947e-05,4.000405870051964,14.259535357549339
15404.317268800007,baseline_eyes_open,baseline_eyes_open,20.134450600448872,22.809197437963576,29.79769412796918,25.154506841974126,-3.3297218578809407e-05,-3.3297218578809407e-05,18.676901058027852,17.77729428761404
15404.710294300008,baseline_eyes_open,baseline_eyes_open,75.4581260773748,13.788543802090771,39.96494812474202,36.955103740181585,-3.413817375985673e-05,-3.413817375985673e-05,32.980120261770935,20.131128807807727
15405.126624100007,baseline_eyes_open,baseline_eyes_open,-48.519240342150624,62.8048752738805,0.7022248749317441,12.349385561794861,-3.438015119172633e-05,-3.438015119172633e-05,30.70600194647386,16.039307266531523
15405.5002162,baseline_eyes_open,baseline_eyes_open,18.04765918547264,-25.254374108352295,-21.240684326041446,-16.32205406572257,-3.520120299072005e-05,-3.520120299072005e-05,-10.89892667815684,-34.955567254963626
15405.867741,baseline_eyes_open,baseline_eyes_open,-6.208445649128407,7.22076352430895,9.876310424155918,-4.249385981831892,-3.389154881006107e-05,-3.389154881006107e-05,-15.57985001109273,8.88167558952955
15406.240835800005,baseline_eyes_open,baseline_eyes_open,-54.82031539935315,-37.932144842152866,-57.77466935822008,-55.064476632657716,-3.559457400115207e-05,-3.559457400115207e-05,-73.3643743232933,-58.025786613716264
15406.668210900007,baseline_eyes_open,baseline_eyes_open,55.95944116386045,117.87996567868686,48.423539966651106,61.239702101930106,-3.600764375732979e-05,-3.600764375732979e-05,37.451313101112646,81.31783407527428
15407.021821600003,baseline_eyes_open,baseline_eyes_open,-51.410221323567384,-97.48594135970188,-50.68934605691061,-64.74250634809141,-3.403319351491518e-05,-3.403319351491518e-05,-40.34252876344817,-66.46851725877696
15407.372174000002,baseline_eyes_open,baseline_eyes_open,-97.48782441691424,-89.34567134043982,-106.5436972949417,-99.9749631598529,-3.216695859009633e-05,-3.216695859009633e-05,-86.62622300104113,-92.0582929908669
15407.755792300002,baseline_eyes_open,baseline_eyes_open,-10.205217501526022,-6.101632919697295,-13.913082649047965,-11.593085786362735,-3.330450999783352e-05,-3.330450999783352e-05,-28.424364998798865,-3.669249636427139
15408.124703400003,baseline_eyes_open,baseline_eyes_open,21.425400054741658,-12.856877979859291,14.338300306789733,7.672649269236899,-3.374626521690516e-05,-3.374626521690516e-05,29.09101857025462,3.476848583242827
15408.500607300002,baseline_eyes_open,baseline_eyes_open,42.17945205900105,27.42829328045127,51.53551206199086,67.54599349065347,-3.4903569030575454e-05,-3.4903569030575454e-05,26.23781144225859,78.25483668731385
15408.898218700002,baseline_eyes_open,baseline_eyes_open,73.41934473394758,116.8181525005898,50.74127184110853,6.294104350006819,-3.5609643418865744e-05,-3.5609643418865744e-05,77.14151283881984,83.00795787072593
15409.315227000001,baseline_eyes_open,baseline_eyes_open,4.022825868849623,-23.29874371995902,31.50683880260226,54.40906980969339,-3.365175871294923e-05,-3.365175871294923e-05,-60.54659658963374,-18.13616083657962
15409.681840500001,baseline_eyes_open,baseline_eyes_open,-21.13513509814379,-15.59245754444919,-33.49212658495253,-3.299350205387782,-3.7171812437009066e-05,-3.7171812437009066e-05,12.35832930986453,-12.83426111080098
15410.088046600002,baseline_eyes_open,baseline_eyes_open,8.241730081123933,7.817421595375436,2.957410655998956,-5.25338653750714,-3.364227723068325e-05,-3.364227723068325e-05,24.837027536488222,6.629742715347675
15410.457967100006,baseline_eyes_open,baseline_eyes_open,-62.751678958787124,-57.17707747100212,-57.61771508471634,-52.31333542599714,-3.216651384718716e-05,-3.216651384718716e-05,-61.95953272189945,-60.19258193616497
15410.848516800006,baseline_eyes_open,baseline_eyes_open,31.538923486455587,30.33873377333248,25.681682477382083,28.250306069809085,-3.316861784696812e-05,-3.316861784696812e-05,15.027870452007392,37.523064645254635
15411.262054500006,baseline_eyes_open,baseline_eyes_open,-114.44650821478899,-107.19003189574687,-96.79292143569978,-105.58337036213743,-3.3563125725777354e-05,-3.3563125725777354e-05,-95.47590124085946,-110.73580340344733
15411.609091100006,baseline_eyes_open,baseline_eyes_open,-156.8751409143449,-129.26520192438875,-82.46520818168665,-74.21457721702882,-3.388565528439358e-05,-3.388565528439358e-05,-48.62800551248847,-55.37001819419174
15411.996747900006,baseline_eyes_open,baseline_eyes_open,-33.78827977946298,-47.91650757013258,-6.787985585342767,-20.456619583716474,-3.54932235495653e-05,-3.54932235495653e-05,-33.28322581177554,-18.054881187062165
15412.380740300006,baseline_eyes_open,baseline_eyes_open,30.30655772935961,37.89898089772487,18.422205168477603,23.04883387203381,-3.536482745403191e-05,-3.536482745403191e-05,1.7411491581760856,19.244851348687007
15412.777185100007,baseline_eyes_open,baseline_eyes_open,27.53485288220736,33.716844682487135,23.307603806766792,17.64618242895449,-3.5438387385511305e-05,-3.5438387385511305e-05,12.655408932569571,29.671988180254175
15413.186163600007,baseline_eyes_open,baseline_eyes_open,-4.857267595948542,-14.222638940153502,0.23104695783013085,-1.2525703158735269,-3.37356177624315e-05,-3.37356177624315e-05,4.266971951934011,-7.048823156810158
15413.556302300001,baseline_eyes_open,baseline_eyes_open,-59.2117152142082,-99.18555077895235,-29.53460053942422,-33.328850429606064,-3.2193093829846475e-05,-3.2193093829846475e-05,-6.168563538893068,-28.682048162870615
15413.926419200001,baseline_eyes_open,baseline_eyes_open,-71.55366619325537,-60.46583978998751,-11.126066027944034,-2.929174986614271,-3.296641989436466e-05,-3.296641989436466e-05,2.655309239527014,1.7466017173892396
15414.337717100001,baseline_eyes_open,baseline_eyes_open,16.12884911587753,5.447266263452093,-6.896085933437234,-6.632984429512817,-3.486735931801377e-05,-3.486735931801377e-05,-15.319364134624266,-1.8165477060406374
15414.694832500003,baseline_eyes_open,baseline_eyes_open,-28.311649177137724,-72.110911590059,-23.55019645486277,-47.94205701669625,-3.275382096035173e-05,-3.275382096035173e-05,-63.29739152502043,-36.383680326831836
15415.093782100002,baseline_eyes_open,baseline_eyes_open,-34.97954839236468,-23.001160647294,-6.907104373529137,-0.18081213028835919,-3.4047599001496565e-05,-3.4047599001496565e-05,-18.080318493968207,5.544381598896507
15415.440078900003,baseline_eyes_open,baseline_eyes_open,-22.49166771771297,-20.21158494209294,-20.579122376416308,-25.171026387970414,-3.598862349463161e-05,-3.598862349463161e-05,-5.04728486281283,-35.81213937914981
15415.811801900003,baseline_eyes_open,baseline_eyes_open,9.993961814330305,15.911202036983923,16.287865388223963,17.758302245863888,-3.520167228998616e-05,-3.520167228998616e-05,17.227034729640764,24.754179547874628
15416.193108200006,baseline_eyes_open,baseline_eyes_open,-3.453200595112321,68.72739695052633,14.167023428110497,18.336747391247172,-3.555285820766585e-05,-3.555285820766585e-05,6.200230608102174,29.930621310704282
15416.588271700008,baseline_eyes_open,baseline_eyes_open,18.99173281927483,-36.193560673145384,-5.34033371338046,-22.079871772659317,-3.712600846483838e-05,-3.712600846483838e-05,-31.641210160607898,-24.131076970225877
15416.968701700003,baseline_eyes_open,baseline_eyes_open,5.176632695699254,-18.910972401436084,-8.649583605062844,-16.615916520247993,-3.3080444154620636e-05,-3.3080444154620636e-05,-9.934961640718484,-5.418486490737905
15417.358841000005,baseline_eyes_open,baseline_eyes_open,23.697616718567815,20.57429863349944,10.439994657480838,16.24333130696732,-3.290068798378343e-05,-3.290068798378343e-05,0.27809252214137814,7.838265477004825
15417.755551500004,baseline_eyes_open,baseline_eyes_open,156.89309937540588,123.63824780864707,44.759822843143866,30.038804505172266,-3.6163889490126166e-05,-3.6163889490126166e-05,21.890917526885005,7.663315431372212
15418.112512700003,baseline_eyes_open,baseline_eyes_open,-65.74512575850576,-58.32135644407026,-19.818365663405984,-24.882087767176472,-3.579654548957478e-05,-3.579654548957478e-05,-29.474733200708215,-16.952411129984284
15418.519021300004,baseline_eyes_open,baseline_eyes_open,43.48161979644078,43.34690381605742,25.890295844718366,17.970156715485246,-3.3977997190959286e-05,-3.3977997190959286e-05,20.01727994253133,25.90839413688991
15418.927758800006,baseline_eyes_open,baseline_eyes_open,-36.53091116794758,-31.675552081720525,-29.122591597954624,-25.07594899722335,-3.4505011171859223e-05,-3.4505011171859223e-05,-38.64428568534868,-19.3027123163356
15419.324126800006,baseline_eyes_open,baseline_eyes_open,-0.5006042645472917,-11.214458713324348,-0.33641507427660144,-4.517023123426952,-3.7188360693107825e-05,-3.7188360693107825e-05,-8.978744363975693,-0.054341116755040275
15419.715718200006,baseline_eyes_open,baseline_eyes_open,-46.66737966747041,-52.23321043539636,-57.70288858152503,-59.386388937392894,-3.439196643739706e-05,-3.439196643739706e-05,-66.67578935697475,-62.418193563768
15420.108233400008,baseline_eyes_open,baseline_eyes_open,27.129892089563555,24.99981297036038,31.837940366208386,27.616015259989126,-3.653616386145586e-05,-3.653616386145586e-05,26.033578507517177,14.958403282788368
15420.474596900007,baseline_eyes_open,baseline_eyes_open,-6.379259601648073,1.071591457798604,-2.0729217195673755,0.4175265362478058,-3.620159441197757e-05,-3.620159441197757e-05,-19.236726258860926,2.715029232512279
15420.829723200008,baseline_eyes_open,baseline_eyes_open,24.907977653047737,21.53919739553885,38.26039636362725,29.50892354802636,-3.4621682061697356e-05,-3.4621682061697356e-05,29.550541886939754,19.275747791105005
15421.204424200007,baseline_eyes_open,baseline_eyes_open,2.134681622788321,13.619341690084184,-1.0007193695944352,0.9888496674889211,-3.2022848245105706e-05,-3.2022848245105706e-05,4.347736411134065,10.000808171899735
15421.592279200007,baseline_eyes_open,baseline_eyes_open,-48.792792021661626,-48.84919857150089,-31.70233145691691,-29.13810033912614,-3.302588083897717e-05,-3.302588083897717e-05,-49.33386223383377,-53.958103039962225
15421.955938900008,baseline_eyes_open,baseline_eyes_open,64.34957475083547,58.991541010365836,50.983609331260595,50.94093293068909,-3.203263258910738e-05,-3.203263258910738e-05,55.93666285460495,52.72042815352643
15422.347264300008,baseline_eyes_open,baseline_eyes_open,-57.22184693337522,-60.42003525507653,-53.938610951823875,-49.525798778911394,-3.436411498114467e-05,-3.436411498114467e-05,-43.51031339569863,-54.384878899895284
15422.768922700001,baseline_eyes_open,baseline_eyes_open,-16.016134178849597,-21.905514684179707,-23.467382506683407,-24.413089525019586,-3.347859365021577e-05,-3.347859365021577e-05,-15.761204694251319,-22.68264677746447
15423.118967100001,baseline_eyes_open,baseline_eyes_open,49.732654312955674,72.57406008534872,-2.2176258678348404,5.291349662986704,-3.2834290323080495e-05,-3.2834290323080495e-05,-23.47365800348416,-20.222598435685995
15423.492845100001,baseline_eyes_open,baseline_eyes_open,-37.76690880498677,-36.626707738318146,-9.970499648291252,-9.19969586591651,-3.508701865939656e-05,-3.508701865939656e-05,-12.58231332651394,3.2754013264434434
15423.854387000001,baseline_eyes_open,baseline_eyes_open,32.92670847973295,57.02510430579105,28.14034422300847,36.97528660805847,-3.468477098067524e-05,-3.468477098067524e-05,57.196513188700465,29.92734390211581
15424.2452967,baseline_eyes_open,baseline_eyes_open,-22.615425482214732,-39.83393040134479,-26.745245721485617,-33.88508067795965,-3.487628146103816e-05,-3.487628146103816e-05,-30.81025328449732,-22.85403253129016
15424.5939528,baseline_eyes_open,baseline_eyes_open,9.842316806302733,16.3825029539571,13.140935916089802,18.662762324330743,-3.154213118250482e-05,-3.154213118250482e-05,25.846787231023427,18.73839150524691
15424.9625204,baseline_eyes_open,baseline_eyes_open,-9.744605088867502,-10.887201257990455,-18.05471949417597,-14.175619253488094,-3.250904592277948e-05,-3.250904592277948e-05,4.535335853970537,-17.5826751572813
15425.355327700001,baseline_eyes_open,baseline_eyes_open,61.861158931230875,57.29650845365313,42.89107116897503,47.064715839639575,-3.43250412697671e-05,-3.43250412697671e-05,47.831122179352406,49.218305463933575
15425.7354878,baseline_eyes_open,baseline_eyes_open,-108.98397064633832,-60.89329044257511,-46.55461970196984,-50.18912556377063,-3.4469141610316e-05,-3.4469141610316e-05,-33.500611693883,-17.15551778610279
15426.136609900002,baseline_eyes_open,baseline_eyes_open,170.60022784788407,110.44463588964345,45.4738112190455,32.57934221400819,-3.757928789127618e-05,-3.757928789127618e-05,-18.814116802500394,-4.68646101351851
15426.537981700003,baseline_eyes_open,baseline_eyes_open,-24.761591281515166,44.19240345205117,31.73651073080555,44.6715210871439,-3.6360322155815084e-05,-3.6360322155815084e-05,53.64094682389123,62.88327726636135
15426.902606400005,baseline_eyes_open,baseline_eyes_open,-23.52640957888684,-32.133325652086114,-47.5169221790286,-50.113622749901424,-3.4552223041828256e-05,-3.4552223041828256e-05,-61.16408576612048,-53.69001989509297
15427.297666400003,baseline_eyes_open,baseline_eyes_open,1.757516383249822,4.686812946722057,0.2822786024123616,-6.984865851328323,-3.406245377846062e-05,-3.406245377846062e-05,-16.821209285557416,-2.1561390415895403
15427.694361600004,baseline_eyes_open,baseline_eyes_open,-39.56920505425842,-36.41792450114099,-13.005756032384397,-11.160019284425289,-3.5493913856043946e-05,-3.5493913856043946e-05,-0.23287650024576578,-3.6118556181863823
15428.076074500004,baseline_eyes_open,baseline_eyes_open,34.83418701585106,26.95371960976354,21.55433871413652,10.349820468396501,-3.4131010579585563e-05,-3.4131010579585563e-05,-18.79880108060206,17.241056182731427
15428.454881300004,baseline_eyes_open,baseline_eyes_open,-11.463483612476011,-14.738480340565275,-6.568498582832262,-9.709208177531309,-3.333960194140673e-05,-3.333960194140673e-05,-13.103862339986335,-7.550057714516242
15428.855145700005,baseline_eyes_open,baseline_eyes_open,22.570727510104916,39.097296984317836,15.92391273512635,21.072461589031718,-3.265067789470777e-05,-3.265067789470777e-05,-3.8705545983752927,10.42988085457091
15429.186445000005,baseline_eyes_open,baseline_eyes_open,21.204955599686855,5.030994093287973,33.404965368102694,33.10951758244664,-3.795032262132736e-05,-3.795032262132736e-05,36.078278979659444,27.77127387603332
15429.585376700006,baseline_eyes_open,baseline_eyes_open,4.644034630936858,2.957553613845448,-2.3699544649289237,-1.178255688191257,-3.565872884792043e-05,-3.565872884792043e-05,8.937862398892776,2.5126324015991486
15429.968169300006,baseline_eyes_open,baseline_eyes_open,8.702131634822308,-2.620261486927575,14.150856580738719,8.016601865783741,-3.3763232750061434e-05,-3.3763232750061434e-05,-2.8697412478900333,4.785499020208135
15430.365652800007,baseline_eyes_open,baseline_eyes_open,-19.7288534062684,-83.3874184031497,-12.113982866197603,-49.837314125286866,-3.496483168419218e-05,-3.496483168419218e-05,-44.746078888188094,-43.79290524349517
15430.730285900006,baseline_eyes_open,baseline_eyes_open,-10.665505069523078,35.8029311785931,-0.3573611776157577,20.141246844606485,-3.3902069844771177e-05,-3.3902069844771177e-05,29.632465953086466,18.954889881485997
15431.108538500008,baseline_eyes_open,baseline_eyes_open,64.7177891963056,29.67774791638294,58.845857044837885,44.80886833469731,-3.567412932170555e-05,-3.567412932170555e-05,46.10265964671771,44.418319566575065
15431.503375900007,baseline_eyes_closed,baseline_eyes_closed,-9.588900995760696,-8.158373320867213,-16.403358021812664,-3.1832024135210304,-3.5767798181041144e-05,-3.5767798181041144e-05,15.719921578614048,-14.095838227210152
15431.891232300008,baseline_eyes_closed,baseline_eyes_closed,32.718032887884874,41.48116547838481,35.56805568810569,28.08359062196314,-3.534796360327164e-05,-3.534796360327164e-05,20.032922528946983,28.044849476677427
15432.262033600007,baseline_eyes_closed,baseline_eyes_closed,78.84876628796883,98.09821523431947,64.02342447828255,72.84651767422929,-3.752879001694964e-05,-3.752879001694964e-05,70.33101594350319,70.33899090447767
15432.629709100007,baseline_eyes_closed,baseline_eyes_closed,-48.654814639197184,-63.52792821315188,-42.693927519522504,-44.12682699268771,-3.733554876816925e-05,-3.733554876816925e-05,-15.675966486846391,-37.35391692960411
15432.984623200007,baseline_eyes_closed,baseline_eyes_closed,87.35275899462545,105.65167620274906,86.49078777263685,92.6310569556972,-3.35450413331273e-05,-3.35450413331273e-05,91.50996317861745,85.91779190556144
15433.357152100007,baseline_eyes_closed,baseline_eyes_closed,26.164480413198817,29.427734064914148,16.397332487093536,11.280197905187379,-3.274710616096854e-05,-3.274710616096854e-05,5.617848416343804,20.24029378508112
15433.714417700003,baseline_eyes_closed,baseline_eyes_closed,-77.62753815649012,-90.26075490166158,-68.82650227493605,-75.2039344090008,-3.420206758164568e-05,-3.420206758164568e-05,-68.36937888439297,-65.9756971049078
15434.091958400002,baseline_eyes_closed,baseline_eyes_closed,297.33018719529355,277.3089260535121,114.45037799025408,108.51641731134168,-3.286316768935649e-05,-3.286316768935649e-05,68.56246010563564,55.297356582302655
15434.5251922,baseline_eyes_closed,baseline_eyes_closed,-278.2700441122822,-290.59641905928765,-120.59084799864786,-118.63840085644642,-3.228280911571346e-05,-3.228280911571346e-05,-83.57406037447072,-70.20248263284611
15434.8901055,baseline_eyes_closed,baseline_eyes_closed,89.25712553952371,84.14211666733445,49.87554045980164,30.39880361878113,-3.42956464010058e-05,-3.42956464010058e-05,9.142778333410206,25.128689676930662
15435.257827500001,baseline_eyes_closed,baseline_eyes_closed,37.424601732534484,20.727472229451905,18.097122799391627,18.38806234768208,-3.548841232259292e-05,-3.548841232259292e-05,14.213974251328636,12.188281405459747
15435.636366300001,baseline_eyes_closed,baseline_eyes_closed,-42.00141612014477,-54.168158085114555,-12.737816568362632,-21.302935088360755,-3.3005787372530904e-05,-3.3005787372530904e-05,-22.079856063191983,-19.034960975955528
15435.977608300002,baseline_eyes_closed,baseline_eyes_closed,28.21612989815003,17.185833479224584,-1.21277049448463,1.8024379216603847,-3.527885110088391e-05,-3.527885110088391e-05,16.829809169421424,-7.877427359645935
15436.361539700001,baseline_eyes_closed,baseline_eyes_closed,-19.465347653817844,-10.1043422434268,-10.167634848282432,2.702821505177326,-3.320808173157275e-05,-3.320808173157275e-05,16.96182367134952,-10.690356634165255
15436.754406400001,baseline_eyes_closed,baseline_eyes_closed,25.08325120628342,9.24500527225473,1.3151009074526883,-1.7834984598371193,-3.265805935370736e-05,-3.265805935370736e-05,20.628697984420796,-6.765595404494434
15437.121994600002,baseline_eyes_closed,baseline_eyes_closed,13.445647136081789,-5.097822531933616,-1.0589265906487526,3.1850284126217048,-3.5462093364913017e-05,-3.5462093364913017e-05,-5.047162923494852,-0.18754442982617547
15437.496749900003,baseline_eyes_closed,baseline_eyes_closed,2.4955402842178955,11.649909149647556,17.865198311384347,11.317548797447671,-3.6247203752282076e-05,-3.6247203752282076e-05,-1.5734624746955888,27.91744738244597
15437.873154300003,baseline_eyes_closed,baseline_eyes_closed,-61.55548145020839,-55.33991629525008,-47.71941874262848,-42.79948316367654,-3.6350673326523975e-05,-3.6350673326523975e-05,-31.932726262316464,-34.77280227465371
15438.238001500002,baseline_eyes_closed,baseline_eyes_closed,30.54499338825144,17.943210222747894,20.80281044806111,24.69744066876592,-3.4530075936345384e-05,-3.4530075936345384e-05,25.409873177403824,19.145788979801637
15438.595635800002,baseline_eyes_closed,baseline_eyes_closed,4.987009501942794,17.730145903154607,17.941850290142384,17.350459076304105,-3.546337666193722e-05,-3.546337666193722e-05,29.68993414955594,27.245794964737797
15438.960234600003,baseline_eyes_closed,baseline_eyes_closed,-24.258899674729946,-24.119998628357735,-31.10341622129954,-24.59155386728071,-3.314348123240052e-05,-3.314348123240052e-05,-27.314918145302727,-29.317791785970712
15439.340018500005,baseline_eyes_closed,baseline_eyes_closed,-42.005007862458115,-39.40031581799485,-54.26605748005477,-46.06551146545462,-3.381186797923874e-05,-3.381186797923874e-05,-41.4194947643291,-41.0729080089377
15439.731039400003,baseline_eyes_closed,baseline_eyes_closed,24.55852089958671,30.721487980715665,34.56563408662055,38.16487686019491,-3.4176734516222496e-05,-3.4176734516222496e-05,69.3312624010573,40.43541177037878
15440.120538800002,baseline_eyes_closed,baseline_eyes_closed,0.5848758004176489,20.09389126816359,8.36648873078775,20.17420507377028,-3.225321233912837e-05,-3.225321233912837e-05,40.59067409046747,21.787135645859053
15440.518449700003,baseline_eyes_closed,baseline_eyes_closed,-4.5590715538892255,-2.975829333682668,10.345962099301005,8.486789240946564,-3.366231430845801e-05,-3.366231430845801e-05,12.69413031276872,14.463490501059823
15440.882240100003,baseline_eyes_closed,baseline_eyes_closed,11.842884735813186,-26.899826906660564,-4.693148733836551,-5.771003934336932,-3.492605264909798e-05,-3.492605264909798e-05,9.251432794879747,-1.8972856585769478
15441.265932900003,baseline_eyes_closed,baseline_eyes_closed,11.619654380217526,26.10331735647287,12.204550062039516,18.069787939528396,-3.37183300871402e-05,-3.37183300871402e-05,29.895537627935937,18.69712615713115
15441.673858100005,baseline_eyes_closed,baseline_eyes_closed,3.7588825891771194,7.200252667859786,-0.08426964424370453,1.676591193488548,-3.10341592921759e-05,-3.10341592921759e-05,-12.430264545441787,1.3137528791025943
15442.023444700006,baseline_eyes_closed,baseline_eyes_closed,58.9753971877667,34.458620371982306,46.181156058392844,42.805790838236135,-3.2400229429185856e-05,-3.2400229429185856e-05,41.94182438552025,31.724786104482064
15442.429053900005,baseline_eyes_closed,baseline_eyes_closed,-24.289121273629007,-18.044877527482186,-6.386256712935165,-1.9475084084729133,-3.420984648982994e-05,-3.420984648982994e-05,-6.184571628750291,8.18270754047444
15442.782926000005,baseline_eyes_closed,baseline_eyes_closed,32.99804930957225,24.12801395614406,18.931782081675692,14.900578687514553,-3.4230439268867485e-05,-3.4230439268867485e-05,29.464056151538443,0.8194224643848429
15443.141672100006,baseline_eyes_closed,baseline_eyes_closed,55.12173938551041,46.307011830650026,29.942509106927446,38.85135682656892,-3.5332624065631535e-05,-3.5332624065631535e-05,12.061385041829908,35.6747921858896
15443.541735100005,baseline_eyes_closed,baseline_eyes_closed,-34.11084626691036,-49.550792633691344,-37.11692538574607,-47.74672416164913,-3.585752438084455e-05,-3.585752438084455e-05,-47.44815754293177,-50.05877794357093
15443.931732400006,baseline_eyes_closed,baseline_eyes_closed,63.80348439491354,10.740222817176345,11.58292039231469,-8.370108040719515,-3.316841866762843e-05,-3.316841866762843e-05,-24.12942408150093,-11.18661818696728
15444.327251100005,baseline_eyes_closed,baseline_eyes_closed,-112.5728530074116,-70.87117522565404,-31.667906881823,-34.46304563039985,-3.4828903153538704e-05,-3.4828903153538704e-05,-11.413538489708117,-20.30343292378211
15444.749812800006,baseline_eyes_closed,baseline_eyes_closed,132.77756048378797,72.73812465796755,45.051454688002195,48.60519970067935,-3.5941194255428854e-05,-3.5941194255428854e-05,44.81941457457651,16.732393159888943
15445.131850200007,baseline_eyes_closed,baseline_eyes_closed,-66.4963740142623,-61.552087077195665,-9.757846425853586,-25.912462843545654,-3.6019928302266635e-05,-3.6019928302266635e-05,-61.7545641193351,-21.950363804774497
15445.562176500007,baseline_eyes_closed,baseline_eyes_closed,37.44206118438433,14.91765341138489,20.64837666121298,40.42204109240629,-3.307124916318571e-05,-3.307124916318571e-05,76.58565431062061,15.530097452925474
15445.944959100001,baseline_eyes_closed,baseline_eyes_closed,32.00401035126197,38.324943703523786,36.94274261904593,37.447225205155064,-3.517695313348668e-05,-3.517695313348668e-05,60.47011602018938,29.104185459772907
15446.3364199,baseline_eyes_closed,baseline_eyes_closed,-9.244506120439837,-9.020025315358453,-19.213108159584635,-15.440071486347279,-3.6607019865186885e-05,-3.6607019865186885e-05,7.517914285728239,-17.561535644047126
15446.699436300003,baseline_eyes_closed,baseline_eyes_closed,-11.521718115891872,-22.554559976907058,-18.928496599139407,-26.89114538509284,-3.4171275729022454e-05,-3.4171275729022454e-05,17.701064650627814,-9.229032325297794
15447.092966300002,baseline_eyes_closed,baseline_eyes_closed,-32.751434505822544,-13.92634970817653,-13.697763409820482,-13.988730732596196,-3.2717190151743125e-05,-3.2717190151743125e-05,-43.13056290254053,-5.527416444306255
15447.481876700002,baseline_eyes_closed,baseline_eyes_closed,-15.642502768110717,-28.617518237707827,-19.713320077904655,12.019627113065326,-3.512088005663827e-05,-3.512088005663827e-05,233.4939854452623,-23.52124932584593
15447.883401200002,baseline_eyes_closed,baseline_eyes_closed,18.40008456187934,19.89820050618573,12.818929014559671,-13.847132237266578,-3.38542186000268e-05,-3.38542186000268e-05,-138.48064820592072,14.477673182350372
15448.284182000005,baseline_eyes_closed,baseline_eyes_closed,6.832928373590676,8.413256557012573,11.814947936126146,20.966780858473612,-3.366001692484133e-05,-3.366001692484133e-05,41.993877944637006,8.787547212303252
15448.692312300003,baseline_eyes_closed,baseline_eyes_closed,44.27681660512144,25.588799579619263,34.68175915066627,32.11062929794707,-3.528483102854807e-05,-3.528483102854807e-05,16.642551637583892,21.634156421782336
15449.081055000004,baseline_eyes_closed,baseline_eyes_closed,-16.867150491354096,-10.804470245318043,-20.924170006600207,-20.198020594436002,-3.5140212276019156e-05,-3.5140212276019156e-05,-23.53369447290288,-18.24580666892689
15449.481317700005,baseline_eyes_closed,baseline_eyes_closed,12.595671317923006,-0.20848520910249135,20.688487373447288,19.821354215247993,-3.338146507303463e-05,-3.338146507303463e-05,25.561095571033547,-0.816042581480815
15449.857002700008,baseline_eyes_closed,baseline_eyes_closed,-42.76291363430437,-39.69641532896412,-33.832918425596745,-19.256118028929905,-3.358733829372795e-05,-3.358733829372795e-05,3.2380245909407677,-26.217681841671038
15450.245864300008,baseline_eyes_closed,baseline_eyes_closed,-14.781747841581819,-4.4095519816492015,22.12083573220616,6.487939041243408,-3.33960188072524e-05,-3.33960188072524e-05,15.637216826434724,4.405535173160388
15450.603224700008,baseline_eyes_closed,baseline_eyes_closed,66.26403069560502,48.516327233150605,34.79980917705507,34.52793164340392,-3.4608518035383895e-05,-3.4608518035383895e-05,-18.374851976621358,30.156880552200164
15451.003221500006,baseline_eyes_closed,baseline_eyes_closed,11.09272657358224,-15.246910259842025,25.236582593111052,2.7699950753799385,-3.0859710022923537e-05,-3.0859710022923537e-05,27.993617392576198,5.033776646674596
15451.400796500007,baseline_eyes_closed,baseline_eyes_closed,34.8831948182019,50.59392551574001,21.843580930561075,21.687719749157623,-3.601135540520772e-05,-3.601135540520772e-05,12.70769809814874,20.330850665904563
15451.809653000008,baseline_eyes_closed,baseline_eyes_closed,-24.084015480630114,-25.035553912167416,-21.012065182603465,-22.397925860420855,-3.6749298487848137e-05,-3.6749298487848137e-05,-21.575573527068173,-31.458354617907844
15452.198698600001,baseline_eyes_closed,baseline_eyes_closed,0.17009448261114812,16.295872650944148,13.027783325262135,31.060910544047147,-3.5751306313613895e-05,-3.5751306313613895e-05,45.23978832785451,21.955789800381353
15452.586975800003,baseline_eyes_closed,baseline_eyes_closed,-30.19495411424623,-49.68660104300989,-31.552316864686418,-34.62194945445026,-3.6181433642923366e-05,-3.6181433642923366e-05,-29.92420736512304,-34.674347522994594
15452.957974200006,baseline_eyes_closed,baseline_eyes_closed,37.56355307259855,34.6447604312998,32.48854172538745,36.6984329710981,-3.772814034164185e-05,-3.772814034164185e-05,33.13727563741986,32.77593229081913
15453.360738900006,baseline_eyes_closed,baseline_eyes_closed,-90.84203963856771,-84.91052877077345,-86.51986590682054,-77.54456466935426,-3.488720722089056e-05,-3.488720722089056e-05,-79.7076353860707,-66.69338992422126
15453.735810800008,baseline_eyes_closed,baseline_eyes_closed,-36.632496796135456,-31.926658879438037,-36.45800598481378,-43.52776228128778,-3.413247668504482e-05,-3.413247668504482e-05,-48.72944511558853,-30.053202638859602
15454.154658800007,baseline_eyes_closed,baseline_eyes_closed,-46.74372540801687,-46.51158009054461,-46.72032586409773,-41.769084379682226,-3.524461953929858e-05,-3.524461953929858e-05,-50.26260536708742,-29.718414429416043
15454.537580400001,baseline_eyes_closed,baseline_eyes_closed,38.249548555340425,49.541895899283645,47.469286930466296,44.05379807362306,-3.479259521554923e-05,-3.479259521554923e-05,38.48544065006581,44.7316353466249
15454.926673300006,baseline_eyes_closed,baseline_eyes_closed,31.724902079991807,20.460102948673466,32.54536790272073,28.911350093062083,-3.594671306927921e-05,-3.594671306927921e-05,-1.9527251175504716,38.771982355629916
15455.311670300005,baseline_eyes_closed,baseline_eyes_closed,1.6493231317140271,5.939695473937263,21.151648638601728,20.38212965833236,-3.58594970748527e-05,-3.58594970748527e-05,31.401326280662488,19.89093704836114
15455.710601500006,baseline_eyes_closed,baseline_eyes_closed,1.253320598398659,-14.54755350475125,-9.039267519839768,-6.811707257390935,-3.17434714816045e-05,-3.17434714816045e-05,9.948729996220209,-11.003889515267474
15456.105932500008,baseline_eyes_closed,baseline_eyes_closed,-18.1482486865807,-14.845644499449918,-2.1805366731884988,-0.8241974189832035,-3.290315726189874e-05,-3.290315726189874e-05,-8.891889300073672,-0.7038525521329575
15456.479567200007,baseline_eyes_closed,baseline_eyes_closed,-10.16702914472171,-5.078546709864895,-2.149926033639076,16.114916289299344,-3.602648575906642e-05,-3.602648575906642e-05,39.08195489666241,-0.1793874902018615
15456.829516700007,baseline_eyes_closed,baseline_eyes_closed,-24.846254792278614,-35.43959766197486,-36.6008898261407,-40.23044056760409,-3.3764064937713556e-05,-3.3764064937713556e-05,-49.611480674626364,-33.831711693589114
15457.188387800008,baseline_eyes_closed,baseline_eyes_closed,46.15238417708815,25.31390682106121,20.90695280003729,28.479976374886064,-3.489910250209505e-05,-3.489910250209505e-05,46.722148125372314,18.812889507735235
15457.531907100003,baseline_eyes_closed,baseline_eyes_closed,-28.195822825218784,-17.114824301071167,-6.060468987582681,-22.323536585219244,-3.623646352934884e-05,-3.623646352934884e-05,-26.945225298722562,-11.752923872304564
15457.904047800006,baseline_eyes_closed,baseline_eyes_closed,-38.65107687069667,-20.901201571246474,-27.9031120162947,-22.065524916730283,-3.449826454016147e-05,-3.449826454016147e-05,-4.214391859190073,-25.77313626018031
15458.306526300006,baseline_eyes_closed,baseline_eyes_closed,-1.202610086954337,-17.047156793221802,-16.526310222038546,-20.31179579877289,-3.71878859368735e-05,-3.71878859368735e-05,-50.96460363571305,-21.004602654404152
15458.715523100007,baseline_eyes_closed,baseline_eyes_closed,-35.4571912702213,-35.149580194428836,-31.95643308952731,-27.617327442631904,-3.509153611958027e-05,-3.509153611958027e-05,-27.533699276033076,-32.51987926849006
15459.115606200001,baseline_eyes_closed,baseline_eyes_closed,-3.02309543059755,4.815722243021355,-10.233560880621326,-8.25376936568091,-3.3847662052721716e-05,-3.3847662052721716e-05,-17.626491852904564,-2.178794472809841
15459.498929500001,baseline_eyes_closed,baseline_eyes_closed,2.230724120271134,-12.394463880340936,-10.878574323959356,-19.751394315676407,-3.442669276410015e-05,-3.442669276410015e-05,-50.68280356880223,-12.869883014653169
15459.894658500001,baseline_eyes_closed,baseline_eyes_closed,-31.307614607745563,-12.007958617206441,-12.544601531781382,-0.003966253591897839,-3.43196034009452e-05,-3.43196034009452e-05,14.803512345867148,3.03418482799907
15460.2576181,baseline_eyes_closed,baseline_eyes_closed,-26.126870349698947,-24.426518862881494,-40.97080170082313,-30.610956543132488,-3.366239343449706e-05,-3.366239343449706e-05,-29.861773601634013,-32.60219324606214
15460.6190626,baseline_eyes_closed,baseline_eyes_closed,7.664909860687658,-14.413344411146682,-7.951961339984791,-7.662674207014788,-3.321194071759237e-05,-3.321194071759237e-05,0.6432130532766678,-14.41393908752434
15461.019265800003,baseline_eyes_closed,baseline_eyes_closed,-7.626610591242752,-0.8786535349167934,6.339584870264389,-3.802068103364036,-3.4775383937812876e-05,-3.4775383937812876e-05,-3.752805840187193,-8.52756753580843
15461.393203100002,baseline_eyes_closed,baseline_eyes_closed,-71.80761834252121,-51.65243831609496,-62.44586706444852,-72.93058410500089,-3.6672815440397244e-05,-3.6672815440397244e-05,-76.94146717636795,-51.308412078767105
15461.751780000002,baseline_eyes_closed,baseline_eyes_closed,-16.19053382872289,-9.507587125739065,4.3372029415352245,2.336191554830748,-3.6288864066591486e-05,-3.6288864066591486e-05,53.55276895357338,-1.9687028595462834
15462.134426600003,baseline_eyes_closed,baseline_eyes_closed,8.014887283015014,13.381005381195791,15.413854350947986,15.973649799431769,-3.503703283058712e-05,-3.503703283058712e-05,12.413857737848502,11.19970222184611
15462.501970100002,baseline_eyes_closed,baseline_eyes_closed,-5.200969218310547,-3.047347957313832,-5.779456148801046,4.53243822828199,-3.457725415501045e-05,-3.457725415501045e-05,6.063659411491699,-5.037434059845054
15462.907279600002,baseline_eyes_closed,baseline_eyes_closed,21.474134776710798,39.92774733153601,-0.9406139279703893,-7.2703586863613054,-3.503821062622592e-05,-3.503821062622592e-05,-73.44330317364302,-11.489524671613253
15463.260453400004,baseline_eyes_closed,baseline_eyes_closed,-20.641543533295135,-33.99784496542952,-26.94971488831402,-32.7556796198196,-3.3989405892498326e-05,-3.3989405892498326e-05,-52.24889505491137,-26.470692053695075
15463.663502600004,baseline_eyes_closed,baseline_eyes_closed,-12.394289954328997,-7.772208337955817,-10.438194437415632,-19.03590657808536,-3.4353489354543854e-05,-3.4353489354543854e-05,-14.27343529470636,-8.951633415530978
15464.055991400004,baseline_eyes_closed,baseline_eyes_closed,-26.394692561429565,-24.662362544970165,-20.92822896802545,-12.177962017487516,-3.421873134357156e-05,-3.421873134357156e-05,6.355105941833699,-22.122867471968675
15464.459664400005,baseline_eyes_closed,baseline_eyes_closed,18.673484141329936,8.716915570568744,19.87006081701861,13.177592950015423,-3.3039866139006335e-05,-3.3039866139006335e-05,6.575213721414912,5.646712907176607
15464.843651800003,baseline_eyes_closed,baseline_eyes_closed,11.57815827505965,13.710773548897578,15.806006148998677,9.333051414171678,-3.411505076655885e-05,-3.411505076655885e-05,-27.05229831775432,19.126424123184734
15465.261416200005,baseline_eyes_closed,baseline_eyes_closed,43.72518892005155,51.04922707198739,40.56077953519275,54.4395041626708,-3.5217360164097045e-05,-3.5217360164097045e-05,36.13298553297409,44.35648214194589
15465.612876800005,baseline_eyes_closed,baseline_eyes_closed,-3.6884057145230145,-17.238414672879117,-17.4598155528638,-26.214984254849696,-3.671454669529339e-05,-3.671454669529339e-05,-37.519459304899556,-27.808702720731617
15466.004000600005,baseline_eyes_closed,baseline_eyes_closed,-16.713719355772355,-8.260459694311976,-15.150358950221744,-3.075291729708624,-3.230574839108158e-05,-3.230574839108158e-05,12.227379216387817,-7.205079044143076
15466.420242400005,baseline_eyes_closed,baseline_eyes_closed,-23.521062847081794,-0.5367215835449315,0.03402040739365475,4.333787346427016,-3.302135883131996e-05,-3.302135883131996e-05,17.863463254257113,9.340106239415945
15466.800618800007,baseline_eyes_closed,baseline_eyes_closed,-5.525691192441627,-7.479511978091068,-7.6566396967416495,-8.953692850272091,-3.5423392546363175e-05,-3.5423392546363175e-05,-8.597943680444132,-1.755100921574467
15467.164804900007,baseline_eyes_closed,baseline_eyes_closed,28.172672048231107,34.82214662427532,50.92921786626539,37.39893935075452,-3.37691153617925e-05,-3.37691153617925e-05,33.165393131120254,33.436490295604926
15467.559598900007,baseline_eyes_closed,baseline_eyes_closed,97.08406171685556,102.58438777732272,96.50705918975154,91.81353828068177,-3.477260088402545e-05,-3.477260088402545e-05,81.0390828030404,111.37709108224044
15467.945749700008,baseline_eyes_closed,baseline_eyes_closed,-79.36875675711894,-77.36519778371121,-58.03513901023098,-67.0883802039425,-3.319063489470864e-05,-3.319063489470864e-05,-44.657240330151126,-65.08584819905354
15468.339582800007,baseline_eyes_closed,baseline_eyes_closed,-2.7436854391494307,-14.15185602611109,-9.012401740969153,4.173102032983479,-3.549990287865512e-05,-3.549990287865512e-05,-3.6841824661560167,-14.595970568495432
15468.713710600001,baseline_eyes_closed,baseline_eyes_closed,33.963890850704956,55.18228275748061,21.97614289668377,27.58763225451912,-3.620909501478309e-05,-3.620909501478309e-05,43.66603714367011,31.800204631508223
15469.0826001,baseline_eyes_closed,baseline_eyes_closed,-34.28955179010245,-13.10363859284871,-29.686569247828857,-24.084111906958242,-3.396672218514141e-05,-3.396672218514141e-05,-57.69753992568985,-27.31771757036995
15469.482571200002,baseline_eyes_closed,baseline_eyes_closed,18.310106894866294,1.7283669962844215,3.4818626367725756,3.205247885530298,-3.412715159356594e-05,-3.412715159356594e-05,5.238692486137552,12.477491882963022
15469.855303100006,baseline_eyes_closed,baseline_eyes_closed,26.335445581109525,15.622774861335984,27.264478606329703,22.95495460874872,-3.1787595617061015e-05,-3.1787595617061015e-05,16.335051266314167,20.70547242075736
15470.262322800005,baseline_eyes_closed,baseline_eyes_closed,34.810324217127345,4.8332486446270195,8.50024440337279,5.93715806440332,-3.286557421233738e-05,-3.286557421233738e-05,-22.514321820153782,-0.8376015133726469
15470.637202300004,baseline_eyes_closed,baseline_eyes_closed,9.822576797838792,17.301007977492645,58.14988312886203,25.37711444257502,-3.6820562854700256e-05,-3.6820562854700256e-05,20.185932023485293,25.81017082203698
15471.009839500004,baseline_eyes_closed,baseline_eyes_closed,-8.622086383229089,-19.087129218396512,-17.09615517231373,-14.088649081856602,-3.4628452340257354e-05,-3.4628452340257354e-05,-49.79842980035164,-19.652180490588762
15471.416070800004,baseline_eyes_closed,baseline_eyes_closed,-19.310634870917966,-5.442537715558046,8.106680091341332,-4.855143248256354,-3.226319586246973e-05,-3.226319586246973e-05,9.249255882334182,-2.7568698332938766
15471.776115000004,baseline_eyes_closed,baseline_eyes_closed,-7.293164247033928,6.287066886548018,3.920893358997091,8.112575081812338,-3.403963546588784e-05,-3.403963546588784e-05,1.381898003407514,0.25921650182817757
15472.119726900004,baseline_eyes_closed,baseline_eyes_closed,-33.408578816501176,-35.52890844434978,-26.229109373492975,-24.011039687850825,-3.4835649785236456e-05,-3.4835649785236456e-05,7.8207165325316055,-32.965478058136796
15472.469919300003,baseline_eyes_closed,baseline_eyes_closed,17.368081637490377,24.572412023273046,4.911516425387163,12.627454412680436,-3.475992889434565e-05,-3.475992889434565e-05,-19.734871706276863,5.653337828228814
15472.885910700004,baseline_eyes_closed,baseline_eyes_closed,22.590847040273275,18.582542373924753,8.616288121911566,10.377940037413737,-3.068025398533791e-05,-3.068025398533791e-05,-33.66949193742403,10.048038291410649
15473.237472700004,baseline_eyes_closed,baseline_eyes_closed,-23.296607543912614,-21.457689558373204,-37.94806706375084,-26.192952777591927,-3.305117479612818e-05,-3.305117479612818e-05,-14.752811365776779,-13.891935538814778
15473.6051417,baseline_eyes_closed,baseline_eyes_closed,67.7034753324674,65.55804081960196,46.532752411086676,65.28729555931068,-3.760516392503632e-05,-3.760516392503632e-05,74.84484817449356,57.2903776230587
15474.009878300001,baseline_eyes_closed,baseline_eyes_closed,-27.996955814774992,-16.515513963732246,-0.7180037072080268,-19.522464780206974,-3.531094353093067e-05,-3.531094353093067e-05,-20.85827566846274,-15.746767219009598
15474.392773200005,baseline_eyes_closed,baseline_eyes_closed,39.43585365952504,26.1974117702066,13.942849705527806,20.880891049524507,-3.635345001384849e-05,-3.635345001384849e-05,25.533589274119095,20.131954193128877
15474.785139500005,baseline_eyes_closed,baseline_eyes_closed,0.10664100557551137,12.546815574151879,37.50789245588976,13.944295099694955,-3.371149978192989e-05,-3.371149978192989e-05,3.6982582504824677,5.489864767967447
15475.180246500006,baseline_eyes_closed,baseline_eyes_closed,-29.10989120247632,-14.52954188554122,-22.12667846801446,-14.151068135943206,-3.435564758547116e-05,-3.435564758547116e-05,1.337449014469712,-9.240346429933652
15475.580548100006,baseline_eyes_closed,baseline_eyes_closed,-34.33531955265289,-39.513105102445934,-39.32798141073022,-43.44531064065768,-3.507818746584235e-05,-3.507818746584235e-05,-29.05157105341368,-49.599959018570644
15475.919989800002,baseline_eyes_closed,baseline_eyes_closed,10.761882178072028,10.760317526563995,6.921558622674638,13.660131822121002,-3.2573793760093395e-05,-3.2573793760093395e-05,-0.5447764246091538,16.257642713511814
15476.320324300003,baseline_eyes_closed,baseline_eyes_closed,-15.095682877456966,-10.463693606310244,-11.982790014292277,-25.40758933873576,-3.231487971788738e-05,-3.231487971788738e-05,-35.34870450628932,-9.481924431200241
15476.724415600003,baseline_eyes_closed,baseline_eyes_closed,-4.7020121067348555,3.6333697033237513,2.0443038819394133,2.36986524935719,-3.565961196727585e-05,-3.565961196727585e-05,-7.035841691135829,2.9140015274911093
15477.133541000005,baseline_eyes_closed,baseline_eyes_closed,2.681113444298717,-4.7115946479370905,-15.110815497046588,-18.466405922690683,-3.3225214792764746e-05,-3.3225214792764746e-05,-26.96508545431243,-15.587578427423978
15477.5351264,baseline_eyes_closed,baseline_eyes_closed,-2.578401376801139,8.216088903056516,10.005319023622178,7.263636549887906,-3.442464094405295e-05,-3.442464094405295e-05,0.7323378697988119,5.151901083304438
15477.902799300002,baseline_eyes_closed,baseline_eyes_closed,-28.12730494191146,-27.72161149976455,-41.45494510587605,-39.87054511654833,-3.61893507943023e-05,-3.61893507943023e-05,-60.61471747262067,-33.6996325905975
15478.296066700002,baseline_eyes_closed,baseline_eyes_closed,-4.5386398335035665,-3.5083606054754455,-0.7902599031413047,-0.8759941161597453,-3.343025309732184e-05,-3.343025309732184e-05,16.973691211214827,14.442485118362583
15478.707955600003,baseline_eyes_closed,baseline_eyes_closed,-35.42586878308066,-26.63364706753555,-53.410837356235106,-25.3466170890365,-3.467978513072012e-05,-3.467978513072012e-05,-11.54631407867555,-29.334091496733436
15479.096775500002,baseline_eyes_closed,baseline_eyes_closed,-27.409561806884994,-22.231775944217134,-21.68124439787539,-23.62176466892697,-3.4561399843369145e-05,-3.4561399843369145e-05,-11.98966077749219,-19.067645838144472
15479.487041500002,baseline_eyes_closed,baseline_eyes_closed,-15.644905938321699,-20.071887689195137,-43.9310179633128,-26.8677090061924,-3.458891569607658e-05,-3.458891569607658e-05,-45.37197479009319,-17.62652303240975
15479.893520400004,baseline_eyes_closed,baseline_eyes_closed,17.207932190510746,25.063055173555767,32.72766509129997,16.708898613062047,-3.469344119366724e-05,-3.469344119366724e-05,19.800902140202652,1.5124460417932823
15480.261054700004,baseline_eyes_closed,baseline_eyes_closed,-23.841557032326364,-6.011742144157779,-30.49932144319996,-13.746098975189852,-3.584283513191622e-05,-3.584283513191622e-05,-28.95724513815594,-2.7365058726359166
15480.649906900004,baseline_eyes_closed,baseline_eyes_closed,-6.6704736126262105,-0.5294696802875478,-1.7552149627940707,-4.6725772399427115,-3.536670101311756e-05,-3.536670101311756e-05,24.862333904971365,-3.103857283322668
15481.027576000006,baseline_eyes_closed,baseline_eyes_closed,-1.2544683370224448,-9.880720474814552,-25.60111006932607,-7.82171783707463,-3.315502453915542e-05,-3.315502453915542e-05,-7.636559578052584,0.244284227294429
15481.420140000006,baseline_eyes_closed,baseline_eyes_closed,14.92434686653769,33.08254223324593,14.011923620168545,11.941826679993937,-3.41624745487934e-05,-3.41624745487934e-05,17.707524286386615,0.4911994663357291
15481.812819700006,baseline_eyes_closed,baseline_eyes_closed,-13.56899087731108,-40.004267096266176,-37.38928147146612,-21.975543178735734,-3.511600516503677e-05,-3.511600516503677e-05,-16.155720397846835,-16.74669456233505
15482.194820900004,baseline_eyes_closed,baseline_eyes_closed,-5.687317379146407,-9.927047972896617,-9.522755046577913,-2.1040667151837624,-3.447210110607557e-05,-3.447210110607557e-05,-0.5151632448096279,3.7937172533629564
15482.569965500008,baseline_eyes_closed,baseline_eyes_closed,17.59480370457686,13.08208825391057,-8.656319220231126,5.453490189198874,-3.7807068110851105e-05,-3.7807068110851105e-05,-12.757422823497564,-1.2694051337944074
15482.931967600001,baseline_eyes_closed,baseline_eyes_closed,-53.81784090265046,-49.1056868666069,-46.42530515624958,-41.8376050634497,-3.649537393357605e-05,-3.649537393357605e-05,-28.389102298856415,-49.180892109280194
15483.299890100001,baseline_eyes_closed,baseline_eyes_closed,-36.721297768635395,-66.91487602300504,-35.395707907045335,-35.67332453250492,-3.380348880455131e-05,-3.380348880455131e-05,-29.38495966402661,-33.327050204795796
15483.755076500001,baseline_eyes_closed,baseline_eyes_closed,-2.004782706136666,13.340211034996173,81.76092029647225,24.245178200246755,-2.9339605134737212e-05,-2.9339605134737212e-05,20.966463722229037,7.086794061719502
15484.1226005,baseline_eyes_closed,baseline_eyes_closed,-2.873798149791128,-11.39498237251837,-18.70969568968667,-7.216752975873533,-3.3908527257153764e-05,-3.3908527257153764e-05,-8.374439306960994,-14.933123092378992
15484.4990887,baseline_eyes_closed,baseline_eyes_closed,-1.4051544063372603,10.97451758152829,36.85097007435252,-2.214819044548676,-3.372426817804808e-05,-3.372426817804808e-05,-21.201614032688212,0.7964884908378735
15484.8965054,baseline_eyes_closed,baseline_eyes_closed,-19.20858577827221,-12.763959843451175,-19.73649548362482,-3.044200751783137,-3.2221703804680146e-05,-3.2221703804680146e-05,11.940343442657195,6.970859546708198
15485.260537700002,baseline_eyes_closed,baseline_eyes_closed,-23.776115465269413,-42.54625567082667,-35.133445049327975,-54.64831697791624,-3.406044834264321e-05,-3.406044834264321e-05,-56.91934953623422,-52.74248620201479
15485.668032700003,baseline_eyes_closed,baseline_eyes_closed,20.478197369944155,26.419374102215897,12.042460059316909,23.035287267053263,-3.515138359944103e-05,-3.515138359944103e-05,33.1478561121171,19.751542433589293
15486.033496700002,baseline_eyes_closed,baseline_eyes_closed,-3.1826902443131075,4.729744088403095,-2.4610913863839414,-5.176582059688371,-3.4008099646598566e-05,-3.4008099646598566e-05,-12.286624252047659,5.1941913804803335
15486.401717500003,baseline_eyes_closed,baseline_eyes_closed,4.74721836931576,2.7786922981849784,7.841341602064858,14.439451525646746,-3.5933991966885515e-05,-3.5933991966885515e-05,12.127005960664519,13.344115869404959
15486.806829300001,baseline_eyes_closed,baseline_eyes_closed,-24.254184365131096,-24.029523429273922,-36.737091958666724,-31.246834731291074,-3.407540953048738e-05,-3.407540953048738e-05,-37.513282900361446,-27.35128756323593
15487.196984200003,baseline_eyes_closed,baseline_eyes_closed,1.2245577714193132,-8.302005365716013,-19.323241337328454,-13.24655583734284,-3.620801908255089e-05,-3.620801908255089e-05,-16.54836047283652,-13.78295534861627
15487.558483600003,baseline_eyes_closed,baseline_eyes_closed,-25.404795775997172,-19.461016252505033,-30.795119437791072,-14.90594403562227,-3.5960759305453394e-05,-3.5960759305453394e-05,-4.623416486076621,-22.59885964252817
15487.921032000004,baseline_eyes_closed,baseline_eyes_closed,-0.23195123278219398,0.7538454386963167,-46.34265068793911,-8.031335824178313,-3.3472936593170743e-05,-3.3472936593170743e-05,-31.670410565900056,-12.892574192405846
15488.316065600004,baseline_eyes_closed,baseline_eyes_closed,-21.413962982754583,-25.77545723933872,-34.14560762238398,-20.955684072016084,-3.4539598345872946e-05,-3.4539598345872946e-05,-8.000501726937728,-24.154806617757004
15488.714855800004,baseline_eyes_closed,baseline_eyes_closed,7.869364362060878,8.367617403569511,54.78923219295393,15.631594628760922,-3.3627466109464876e-05,-3.3627466109464876e-05,22.53200093974465,11.055898379432165
15489.118769100005,baseline_eyes_closed,baseline_eyes_closed,-24.692710362600792,-24.625896756593647,-36.4398209565411,-22.488402098749702,-3.4025606510112993e-05,-3.4025606510112993e-05,-14.610292894037684,-21.864907321845294
15489.499370700007,baseline_eyes_closed,baseline_eyes_closed,12.131141216611468,13.838781185821063,26.702155953307283,10.370054382875878,-3.579815347620752e-05,-3.579815347620752e-05,11.289833391551383,6.57181705708399
15489.9025837,baseline_eyes_closed,baseline_eyes_closed,47.510599359648495,40.24482559644866,38.36997179255559,45.91469369948072,-3.697113606904168e-05,-3.697113606904168e-05,25.562363448299948,48.84352935352399
15490.292786700002,baseline_eyes_closed,baseline_eyes_closed,35.94889628028568,25.678096308035038,23.662030441335446,28.047180588039737,-3.383006787771592e-05,-3.383006787771592e-05,44.879614337775365,18.615343933799977
15490.713175000003,baseline_eyes_closed,baseline_eyes_closed,32.39603277856622,22.497586249088272,25.439747165221434,29.153649009403125,-3.3479780540801585e-05,-3.3479780540801585e-05,21.150748819773526,20.022824099914033
15491.0975913,baseline_eyes_closed,baseline_eyes_closed,23.362325112792405,-12.495732769251845,-11.560426092551552,-1.1332645871311797,-3.5464800930640195e-05,-3.5464800930640195e-05,28.825961336759974,1.1116138389979824
15491.472708000001,baseline_eyes_closed,baseline_eyes_closed,-4.245832435270586,-10.172984169373194,-30.42424250976387,-4.604014269428262,-3.337418274895754e-05,-3.337418274895754e-05,-7.00721482209201,-6.707306913467619
15491.909832700001,baseline_eyes_closed,baseline_eyes_closed,-0.6465760751284506,7.956086273769415,-19.01500101798956,1.0237706527709634,-3.105030191363767e-05,-3.105030191363767e-05,7.0492762781886995,6.93332765181367
15492.2637145,baseline_eyes_closed,baseline_eyes_closed,16.44110479850906,18.758293241756746,27.229181204098495,11.551280237898027,-3.2483077120559756e-05,-3.2483077120559756e-05,8.597093218789269,-5.6598508099109495
15492.631868800003,baseline_eyes_closed,baseline_eyes_closed,-25.747251134732323,-23.942927387772215,-38.76719805796415,-22.914569122801822,-3.489080427243607e-05,-3.489080427243607e-05,-9.623201451909608,-12.05461265876147
15493.022993600003,baseline_eyes_closed,baseline_eyes_closed,63.642085438706545,44.579627361061284,85.56614445523792,27.142951821211227,-3.4493834391469136e-05,-3.4493834391469136e-05,58.079490957751204,25.361228922249666
15493.410286700002,baseline_eyes_closed,baseline_eyes_closed,-0.9175438933430087,-3.135881917412462,-6.391700764014786,1.6650788351244046,-3.6108691347180866e-05,-3.6108691347180866e-05,-20.826551778384783,9.67170010681275
15493.774320600003,baseline_eyes_closed,baseline_eyes_closed,21.00474978043394,38.11198849217135,35.8202222106961,23.503091605013196,-3.503454991005128e-05,-3.503454991005128e-05,9.49819262580695,13.398773721811722
15494.155422600004,baseline_eyes_closed,baseline_eyes_closed,-7.742817052384453,-7.3977545197308245,-4.763054740335065,-0.008187962504507595,-3.6294295568950474e-05,-3.6294295568950474e-05,7.5713243397049155,5.83772953626567
15494.573691400004,baseline_eyes_closed,baseline_eyes_closed,33.37239305090361,47.76870445710938,23.037502422996113,30.980123917408946,-3.669959642138565e-05,-3.669959642138565e-05,23.97072915765466,23.892525984415897
15494.919857800003,baseline_eyes_closed,baseline_eyes_closed,70.91970268166551,105.31337892054398,28.73354520762723,36.47405194511384,-3.5414410376688465e-05,-3.5414410376688465e-05,13.139059431506212,26.211009582975294
15495.262318700004,baseline_eyes_closed,baseline_eyes_closed,-21.358867097287202,-37.01282048167104,-29.639055099466532,-18.971184728683966,-3.156795264658285e-05,-3.156795264658285e-05,-3.667869997568232,-19.438476379570147
15495.625291800006,baseline_eyes_closed,baseline_eyes_closed,-46.22378881663599,-18.350743068948304,-13.244337259707208,-16.781885112615328,-3.33995039909496e-05,-3.33995039909496e-05,-18.52078289172414,-14.207815241534718
15496.031033900004,baseline_eyes_closed,baseline_eyes_closed,36.94995089068652,32.3995774620048,0.18028192531983223,15.730608030898566,-3.608680071920389e-05,-3.608680071920389e-05,23.650096565234435,12.39420581400418
15496.423648400005,baseline_eyes_closed,baseline_eyes_closed,12.92260206931087,5.292627847155018,19.420923794997634,4.3599692520647295,-3.5245681829110254e-05,-3.5245681829110254e-05,-3.354713428330797,5.367110213076103
15496.836022600004,baseline_eyes_closed,baseline_eyes_closed,11.68549091290106,-11.49371155763447,-16.076907983439924,-6.997682033658293,-3.5236587791587226e-05,-3.5236587791587226e-05,-32.05094586910536,-2.915477417936927
15497.214779500004,baseline_eyes_closed,baseline_eyes_closed,51.52810067149221,50.95207964198153,109.32151799085068,39.8106485773701,-3.449359883234138e-05,-3.449359883234138e-05,40.521095533511925,34.0416238712869
15497.572207300005,baseline_eyes_closed,baseline_eyes_closed,-38.601197342272826,-40.91034312993179,-39.19675595305944,-18.13487366014806,-3.656335320556536e-05,-3.656335320556536e-05,-13.941828430796704,-30.829374033142358
15497.986131600004,baseline_eyes_closed,baseline_eyes_closed,15.411425864859211,8.369586839900876,44.35046476871776,6.272367427557128,-3.649642076197779e-05,-3.649642076197779e-05,4.336554631829586,-3.45003078886657
15498.366407700005,baseline_eyes_closed,baseline_eyes_closed,-0.1605099525672813,4.131645867582847,-21.088234724009453,-13.578452568289777,-3.759888204513118e-05,-3.759888204513118e-05,-31.429103248852243,-11.774222402738815
15498.739450400008,baseline_eyes_closed,baseline_eyes_closed,-22.674273310245553,-19.801330727116692,-17.818597729069097,-16.89521694229279,-3.453477256698534e-05,-3.453477256698534e-05,-18.991971500383443,-16.568682755239934
15499.098218100007,baseline_eyes_closed,baseline_eyes_closed,12.219367647085164,6.11876089108091,12.321638517154042,20.48642432516226,-3.448370534897549e-05,-3.448370534897549e-05,25.191601378529413,34.003506385139644
15499.468103500007,baseline_eyes_closed,baseline_eyes_closed,13.87055734039086,6.412902388630755,-3.784161605602094,5.543521283771952,-3.654332886071643e-05,-3.654332886071643e-05,20.190044090029915,1.6495709285959492
15499.855732800008,baseline_eyes_closed,baseline_eyes_closed,50.07975053962127,41.68379789578421,31.20588427817711,37.82400293086948,-3.522885435813805e-05,-3.522885435813805e-05,35.74522101529419,27.93624237186532
15500.226764400008,baseline_eyes_closed,baseline_eyes_closed,33.640170460681475,44.65784023660626,-1.9598482016599519,13.21933167046791,-3.4763851544994395e-05,-3.4763851544994395e-05,-1.692162450834985,6.274306605112997
15500.623145200007,baseline_eyes_closed,baseline_eyes_closed,-52.46149438553357,-54.490143329463535,-35.73739396809242,-48.39637689863457,-3.2511127756151836e-05,-3.2511127756151836e-05,-47.1259467787695,-46.787405781585676
15501.0586158,baseline_eyes_closed,baseline_eyes_closed,-11.87634074110747,-4.693445977655756,-38.52289557248423,-21.725576460167304,-3.345675941091031e-05,-3.345675941091031e-05,-30.85580317607537,-34.038836214162984
15501.4200488,baseline_eyes_closed,baseline_eyes_closed,40.76299857898448,36.9975133122357,49.09527675686877,38.702963373313196,-3.315001777082216e-05,-3.315001777082216e-05,65.44534240675875,32.57942882260022
15501.811043700001,baseline_eyes_closed,baseline_eyes_closed,-80.48897623321182,-64.53473978033026,-63.65858999421607,-61.23092213760083,-3.37876335834153e-05,-3.37876335834153e-05,-65.71707521392182,-58.1943917223216
15502.188729200003,baseline_eyes_closed,baseline_eyes_closed,-2.7980885592960476,-5.759319229640369,-24.637833432555,-14.131776226086458,-3.5886684599972796e-05,-3.5886684599972796e-05,-3.8356209677385777,-15.59681229226635
15502.561514600002,baseline_eyes_closed,baseline_eyes_closed,16.12399431595486,17.050425835451733,18.177434332346365,16.80108888679115,-3.33822163156583e-05,-3.33822163156583e-05,-9.293268275191622,27.505940554104654
15502.953342200008,baseline_eyes_closed,baseline_eyes_closed,-26.52758705729866,-7.827423351159723,-19.033153038759338,-10.807532166463716,-3.5620221751742065e-05,-3.5620221751742065e-05,-16.823598914977993,0.12370954613743379
15503.3411348,baseline_eyes_closed,baseline_eyes_closed,69.32446931973936,49.53151370857495,70.48313309414289,47.19543710751714,-3.5074683182756416e-05,-3.5074683182756416e-05,63.385798944460475,57.39346736385551
15503.744184400002,baseline_eyes_closed,baseline_eyes_closed,22.775304122274065,20.229545611797676,13.345093758111489,14.057008337249954,-3.363198356964858e-05,-3.363198356964858e-05,-7.704456820210453,17.512176089353034
15504.143590100002,baseline_eyes_closed,baseline_eyes_closed,26.852956213463585,37.203853887242985,22.08420919569153,25.191788063486,-3.335453038744163e-05,-3.335453038744163e-05,29.614886599747024,24.73094933603761
15504.544635200007,baseline_eyes_closed,baseline_eyes_closed,-7.298715850503413,9.115156828966974,-1.9054533350263227,4.12260384205274,-3.522649512888165e-05,-3.522649512888165e-05,15.129926007249196,6.906621593751424
15504.920217900006,baseline_eyes_closed,baseline_eyes_closed,11.379103751495677,10.647706030204972,5.261819031344658,16.193348597667864,-3.5665482755575795e-05,-3.5665482755575795e-05,28.817291735420895,6.635287118903761
15505.293970900006,baseline_eyes_closed,baseline_eyes_closed,-37.10304153805464,-27.564155229566495,-26.09433041487273,-23.02731881965701,-3.8028715607651975e-05,-3.8028715607651975e-05,-21.01551907064868,-26.307148293770297
15505.651987700001,baseline_eyes_closed,baseline_eyes_closed,-9.560763777319607,-18.32608445080541,-39.47135153416252,-7.966525936818016,-3.3933125450857915e-05,-3.3933125450857915e-05,21.016105553845136,-18.56696645775628
15506.0588169,baseline_eyes_closed,baseline_eyes_closed,1.3537210442127616,10.309271278655615,-3.0993574454705595,1.0334622545055936,-3.353625743329758e-05,-3.353625743329758e-05,-8.551460480923652,12.38406675208762
15506.441905900007,baseline_eyes_closed,baseline_eyes_closed,6.120420735267089,-1.6717508225183337,-23.1615849509667,2.467467500177463,-3.5843054320139345e-05,-3.5843054320139345e-05,31.53328410416225,9.218568006178884
15506.820348300002,baseline_eyes_closed,baseline_eyes_closed,8.904907911281043,14.689577218559862,32.70630414116886,1.6401251576089635,-3.448267489147838e-05,-3.448267489147838e-05,-24.790395788808837,8.065300942500471
15507.199354200007,baseline_eyes_closed,baseline_eyes_closed,51.69979228267812,31.828826304151335,-4.385551905121247,31.18613912917135,-3.336464305903064e-05,-3.336464305903064e-05,23.315281087896892,27.84444829341237
15507.553377800008,baseline_eyes_closed,baseline_eyes_closed,-42.22212891021718,-32.56257203582527,9.515459313895917,-17.28163984530238,-3.460044717940036e-05,-3.460044717940036e-05,8.978127907258113,-21.2549930710029
15507.945460100007,baseline_eyes_closed,baseline_eyes_closed,2.6392395672046405,1.794051206577933,-19.4444039757077,18.276128583523132,-3.444355661486043e-05,-3.444355661486043e-05,50.52837343407873,11.727819913336134
15508.309496300008,baseline_eyes_closed,baseline_eyes_closed,30.820027343616403,7.871977229437562,39.6489396933207,-3.3864436469484644,-3.4776409847836476e-05,-3.4776409847836476e-05,-26.601660156549315,-9.387834547776038
15508.673071900008,baseline_eyes_closed,baseline_eyes_closed,4.361433519405637,3.9630286179321956,-21.982499058258327,-6.883148090026225,-3.567940166249173e-05,-3.567940166249173e-05,-1.0598793930485044,11.386983815201802
15509.027103200007,baseline_eyes_closed,baseline_eyes_closed,13.87076709396797,6.55254958415162,92.7475441300262,15.917278604180865,-3.471146283118287e-05,-3.471146283118287e-05,21.392149077854356,2.902884232773431
15509.391884800007,baseline_eyes_closed,baseline_eyes_closed,-6.90763780892803,-5.342458147817524,-38.581410406628265,-25.23601492850139,-3.5927570024796296e-05,-3.5927570024796296e-05,-24.54410033104932,-12.153109251164096
15509.774251400007,baseline_eyes_closed,baseline_eyes_closed,-6.047894447093313,3.261450450229404,47.683946090863174,2.5259919443387844,-3.3198615710716695e-05,-3.3198615710716695e-05,18.49608410853807,9.586343596236475
15510.155215600007,baseline_eyes_closed,baseline_eyes_closed,15.555784214736377,10.060636531488399,-1.8895999544793085,11.147929263388505,-3.3144044209620915e-05,-3.3144044209620915e-05,30.09459718034259,2.859910963602033
15510.534632500006,baseline_eyes_closed,baseline_eyes_closed,13.25006940741332,3.820186969228871,12.097682931592317,-5.487426679751479,-3.3212764719792176e-05,-3.3212764719792176e-05,-23.265515361320013,9.17322720167249
15510.9427281,baseline_eyes_closed,baseline_eyes_closed,-9.734669087475595,3.67345755619408,-21.799534404459337,-6.243708281794625,-3.6620957871491555e-05,-3.6620957871491555e-05,1.5222300714594894,0.021578241352472105
15511.346152,baseline_eyes_closed,baseline_eyes_closed,62.97675430310801,27.937677137236733,3.2097156465565604,16.1987289650192,-3.41662216669647e-05,-3.41662216669647e-05,12.60533540941924,3.018883875530264
15511.6874365,baseline_eyes_closed,baseline_eyes_closed,-42.85930225683978,-28.962352300429302,36.598780719803926,-7.924568443032513,-3.618526716309134e-05,-3.618526716309134e-05,20.416006355998434,-8.921703280643214
15512.047344300001,baseline_eyes_closed,baseline_eyes_closed,42.53106632369827,37.216727860021365,4.430268960472404,21.118764541052315,-3.62478822353296e-05,-3.62478822353296e-05,17.958227061310936,27.78061916462093
15512.421413900001,baseline_eyes_closed,baseline_eyes_closed,58.39587106571662,55.26532453526943,74.61282793887767,31.09204578235949,-3.209384794899961e-05,-3.209384794899961e-05,22.922273598353513,8.581820663599956
15512.7836726,baseline_eyes_closed,baseline_eyes_closed,-30.02386488287675,-29.619463344573433,-20.160514985266218,-13.795148937892009,-3.343020762258675e-05,-3.343020762258675e-05,4.272479587741145,-0.28166969503354267
15513.181306400002,baseline_eyes_closed,baseline_eyes_closed,13.975033915662607,-6.614821795159514,12.006182146871652,-4.505162417875908,-3.5555764952732716e-05,-3.5555764952732716e-05,-18.06610154089958,-3.0599080126971785
15513.5348759,baseline_eyes_closed,baseline_eyes_closed,4.748451435030802,12.555847786516097,3.3787307782017706,4.488647501716059,-3.365685824974207e-05,-3.365685824974207e-05,3.4290055070300696,7.512986706221454
15513.9038149,baseline_eyes_closed,baseline_eyes_closed,35.01189797220377,33.284038869535834,10.01908991062055,33.15540292948526,-3.492712403385667e-05,-3.492712403385667e-05,43.61467595989734,28.354232308997325
15514.275191300001,baseline_eyes_closed,baseline_eyes_closed,0.2238230286811813,4.613595468393669,11.970226878660014,3.983759893937531,-3.6347662899061106e-05,-3.6347662899061106e-05,-7.408366690823186,3.4118662712380683
15514.6525184,baseline_eyes_closed,baseline_eyes_closed,0.9781457326325835,-23.74797152095016,-7.7399005290940295,-7.0234870862850585,-3.568383635865757e-05,-3.568383635865757e-05,-2.2837230820719014,6.719613735439452
15515.029711700001,baseline_eyes_closed,baseline_eyes_closed,-39.86162567364909,-54.235439157064775,-40.51975382386195,-34.866942431661755,-3.535446830937872e-05,-3.535446830937872e-05,-21.794367066090217,-35.934342212590764
15515.4098402,baseline_eyes_closed,baseline_eyes_closed,31.64001508936053,39.928146118323184,10.138173317705878,31.242386036047264,-3.315105550427688e-05,-3.315105550427688e-05,16.589541926254242,32.98218553128663
15515.808812400002,baseline_eyes_closed,baseline_eyes_closed,2.030925280599149,-1.4235080425887645,57.37162093209554,-10.706462797317727,-3.586968614399666e-05,-3.586968614399666e-05,-22.9828647260083,-8.055734690259214
15516.206497800002,baseline_eyes_closed,baseline_eyes_closed,-16.712715456485512,-18.209331206885054,-24.24749875430325,-7.807386959144424,-3.5611521525424905e-05,-3.5611521525424905e-05,-28.446354497170432,-10.735370428772512
15516.591483000004,baseline_eyes_closed,baseline_eyes_closed,-17.32143817532051,-11.508836842512665,5.127522201958072,-17.580398442483784,-3.764917801163392e-05,-3.764917801163392e-05,-25.548080351239605,-9.755236718950528
15516.930816400005,baseline_eyes_closed,baseline_eyes_closed,-20.048544169992056,-11.719191057852186,-21.899126331140224,-2.8159016021108982,-3.490177186904475e-05,-3.490177186904475e-05,23.651025923574707,-9.727653217581974
15517.285296100003,baseline_eyes_closed,baseline_eyes_closed,15.907501523208794,36.63818785554122,16.72345075570638,15.528212154521043,-3.5364028917683754e-05,-3.5364028917683754e-05,4.449485749985342,11.99797177177561
15517.696682200003,baseline_eyes_closed,baseline_eyes_closed,-11.530662271475649,-18.1166292548387,-23.81452758487535,-4.157098171262078,-3.527451099216705e-05,-3.527451099216705e-05,9.249453082848959,-0.5903796777365642
15518.146262800003,baseline_eyes_closed,baseline_eyes_closed,-3.306149960327275,-1.238727309274509,-18.751653276658317,-3.4513460556527207,-3.2069950066215824e-05,-3.2069950066215824e-05,12.198333103653113,6.944518202496056
15518.570066400001,baseline_eyes_closed,baseline_eyes_closed,-65.19901964866631,-88.27096905129383,-43.9041984397179,-39.30097246893547,-3.395047224330483e-05,-3.395047224330483e-05,-39.38782930062325,-38.94107764820956
15518.739366900001,baseline_eyes_closed,baseline_eyes_closed,44.75941900876205,-10.586009324632869,-10.559289681694509,-18.28931561060699,-3.48290559486486e-05,-3.48290559486486e-05,-20.253034150524854,-8.243762740219609
15519.096666300002,baseline_eyes_closed,baseline_eyes_closed,-102.67537397614569,-85.66550129943607,-68.95114394656389,-27.369055256777756,-3.534822735673515e-05,-3.534822735673515e-05,4.038247187640081,-22.208456316622687
15519.480654000003,baseline_eyes_closed,baseline_eyes_closed,65.79992899150011,42.482810196768696,0.8960595312955775,10.366150741631373,-3.5493009818310384e-05,-3.5493009818310384e-05,15.58860069542743,-8.20702991429198
15520.001792900002,baseline_eyes_closed,baseline_eyes_closed,38.8136263370684,43.480965505779295,29.091956355171533,27.035336751664545,-3.635347547970014e-05,-3.635347547970014e-05,-13.091308087678954,34.45386045404575
15520.242367800003,baseline_eyes_closed,baseline_eyes_closed,-13.361180532946491,2.310830283310679,-2.680607793533227,4.8899392988473664,-3.4812313060683664e-05,-3.4812313060683664e-05,16.438156732820516,-0.77405995734307
15520.548709900004,baseline_eyes_closed,baseline_eyes_closed,-25.932723884737698,-15.16267798383933,-14.86783728334558,-20.814257185626502,-3.528219986037584e-05,-3.528219986037584e-05,-44.87411071972201,-28.83438418491869
15520.928341200002,baseline_eyes_closed,baseline_eyes_closed,-2.5241743451801995,-9.23163258888735,-11.220441815157983,-14.438226932672478,-3.7775955206598155e-05,-3.7775955206598155e-05,-30.52006623851412,-3.6144278902738733
15521.333744800002,baseline_completed,baseline_completed,7.72675034536087,25.797268199525206,19.805055420990357,26.02924101436156,-3.397305317776045e-05,-3.397305317776045e-05,29.040447083108575,23.718185845328662
15521.718022400004,baseline_completed,baseline_completed,38.50578441844891,33.37379694942956,30.148447161746844,30.727241348226016,-3.376532731635962e-05,-3.376532731635962e-05,16.832987213113483,18.3626708003394
15522.120979200005,baseline_completed,baseline_completed,25.750817986254333,25.760802623125528,15.909796297234152,32.90176814810866,-3.503343668853631e-05,-3.503343668853631e-05,33.232451879502605,28.40461135897567
15522.514674000004,baseline_completed,baseline_completed,-4.283883122272982,-9.476868973954424,-10.174916034691933,-17.01947969144976,-3.636013116192771e-05,-3.636013116192771e-05,-37.47418123217676,-24.913846935255606
15522.918976300003,baseline_completed,baseline_completed,-7.58722588130604,-4.300572763262153,-14.937896132427568,3.3221520602310193,-3.6656277188740205e-05,-3.6656277188740205e-05,8.847802415951264,9.48871494551122
15523.282764500005,baseline_completed,baseline_completed,9.23536713548583,2.7015370666094896,50.203150362108545,18.4621554895175,-3.362279403518187e-05,-3.362279403518187e-05,26.978267689754375,-2.313916424277977
15523.677660600006,baseline_completed,baseline_completed,-26.73442158548505,-34.284714288283794,-53.86593238341652,-43.4741350919885,-3.403700429771561e-05,-3.403700429771561e-05,-29.523421940501976,-33.76734207067193
15524.086294300005,baseline_completed,baseline_completed,200.94708066009298,196.54488308525424,236.18204134546477,193.59810636079055,-3.4667116779019125e-05,-3.4667116779019125e-05,176.2393533317627,201.56616394302728
15524.482828600007,baseline_completed,baseline_completed,21.65798804634369,43.18478450127304,-47.40649548114379,-16.59334174752985,-3.6760771763511e-05,-3.6760771763511e-05,-27.02552120439941,-39.46689517298273
15524.837020700008,baseline_completed,baseline_completed,-115.50477586417674,-84.44946732292783,-87.39739562503837,-76.90334638393006,-3.6273202567826957e-05,-3.6273202567826957e-05,-69.07799401839748,-67.19706266505773
15525.239481500008,baseline_completed,baseline_completed,16.921890394376533,2.4750792664676737,-9.58950842352624,-9.290509319649573,-3.587923947634408e-05,-3.587923947634408e-05,-28.3233606859676,-6.57189369777916
15525.644247000007,baseline_completed,baseline_completed,-7.018552331044248,10.656164173564775,-20.729106364786276,8.672880754428206,-3.380775160621852e-05,-3.380775160621852e-05,22.81233750606043,-2.4944608421910743
15526.029813800002,baseline_completed,baseline_completed,-19.396641547826675,-20.849638226866773,47.426847015594376,-26.34363381565072,-3.533252765919315e-05,-3.533252765919315e-05,-45.321069584340876,-16.450379823809726
15526.400572400002,baseline_completed,baseline_completed,-40.69595694484315,-21.869838947835888,-48.93422301783994,-50.55831909594053,-3.503692732920172e-05,-3.503692732920172e-05,-8.689755530213915,-30.442758133656298
15526.793011200003,baseline_completed,baseline_completed,-270.0022459262,-291.58955108800455,-292.3640925367215,-269.9974929201526,-3.707845098688267e-05,-3.707845098688267e-05,-274.40006223624187,-285.760117274634
15527.185570600002,baseline_completed,baseline_completed,-431.25342815233716,-496.6660907624523,-448.74373729249874,-444.84337128677316,-3.595385805965634e-05,-3.595385805965634e-05,-425.6508418868211,-443.7114315559206
15527.594364000002,baseline_completed,baseline_completed,377.7639062198741,403.78732667776103,366.86310034942744,373.42534719695186,-3.07397021970246e-05,-3.07397021970246e-05,386.53923289016893,402.09599143936475
15527.987132700004,baseline_completed,baseline_completed,-250.45858237936318,-251.72040066315958,-222.00595543511872,-233.98247874660865,-3.454187935858499e-05,-3.454187935858499e-05,-199.58412782814594,-257.34181656292185
15528.398448500004,baseline_completed,baseline_completed,-537.4322536184177,-549.6114785666337,-589.9658146637134,-541.0433343794602,-3.559984816092765e-05,-3.559984816092765e-05,-541.7371101894014,-537.1727861397285
15528.780853100005,baseline_completed,baseline_completed,344.33693513517983,305.75628016007204,261.5795045175778,265.8563386482556,-3.534447751007974e-05,-3.534447751007974e-05,237.4147632578606,241.1190712536618
15529.203850000005,baseline_completed,baseline_completed,11.519109004897018,4.026398971951949,50.44779162012219,39.91139348937304,-3.7972123209328856e-05,-3.7972123209328856e-05,25.08814234933834,40.997199732329136
15529.546379400006,baseline_completed,baseline_completed,-61.909260215926224,-64.96277679236755,-81.83943107293135,-80.1916098252409,-3.764864322874928e-05,-3.764864322874928e-05,-77.81203101825758,-77.81216877484621
15529.915030800006,baseline_completed,baseline_completed,167.3422517369545,127.88200990221048,77.79898310199633,85.6601931484347,-3.24812544931774e-05,-3.24812544931774e-05,63.23739242834745,49.79580302569866
15530.301225700006,low_load,low_cognitive_load,-21.34942148056689,-7.136054158347179,-5.352649157990527,11.318856623610372,-3.4616582524904516e-05,-3.4616582524904516e-05,2.6608874802104765,19.091399129873025
15530.716605200007,low_load,low_cognitive_load,-58.13099746092075,-31.832080209356263,-79.15701303664264,-43.342124891451476,-3.437411851336947e-05,-3.437411851336947e-05,-32.89953881803922,-50.02610046582413
15531.062008500006,low_load,low_cognitive_load,-103.69545044609413,-182.05187734587616,-44.30500046764928,-75.58278151867898,-3.3580824492673855e-05,-3.3580824492673855e-05,-120.2428021176238,-46.95009339945682
15531.454320100007,low_load,low_cognitive_load,16.502055763371573,31.34195776688557,13.882200577391814,50.16156110242264,-3.3227184758288786e-05,-3.3227184758288786e-05,72.15767651486203,51.50322761260986
15531.844318300002,low_load,low_cognitive_load,-5.78144917616828,-22.82480594592016,52.511831301693746,-33.413315581625284,-3.512294097163249e-05,-3.512294097163249e-05,-50.69828325636172,-52.38244947827934
15532.257568800002,low_load,low_cognitive_load,-8.735231873604334,-29.50331535405212,-40.63696796610702,-32.05007168976317,-3.627787191362586e-05,-3.627787191362586e-05,-31.825577205328955,-15.189358803663254
15532.619933,low_load,low_cognitive_load,-24.365703182848847,-2.151760607630422,36.491589184057375,-2.536939406018064,-3.465148893155856e-05,-3.465148893155856e-05,-4.4670518259217715,-10.913555924634238
15532.988695200002,low_load,low_cognitive_load,-85.25607298320438,-77.00178512838966,-87.19304117960473,-81.92753940692,-3.8107146792754065e-05,-3.8107146792754065e-05,-66.62726265625724,-82.0915791765674
15533.3773457,low_load,low_cognitive_load,29.63268122543286,22.184125878924988,40.384661566733485,36.075417871790705,-3.62558866981999e-05,-3.62558866981999e-05,39.69935139234258,32.28146311030696
15533.765302000002,low_load,low_cognitive_load,-7.528176483633615,-7.978224817672526,-10.615558227299061,-6.038181264400919,-3.4387111554678995e-05,-3.4387111554678995e-05,20.946459555713773,-9.922973716184515
15534.1361976,low_load,low_cognitive_load,-28.92546008661202,-35.398037626427595,-37.83754412076905,-31.76271002995236,-3.365983138792217e-05,-3.365983138792217e-05,-21.40900974393753,-30.05924692051167
15534.506813100008,low_load,low_cognitive_load,67.69353490209778,42.42057765493837,-15.937959498226064,13.497985665391752,-3.586804905353347e-05,-3.586804905353347e-05,4.549395146155803,-6.0372302508508255
15534.891087900001,low_load,low_cognitive_load,47.463543363099234,50.19823023623121,20.482670951168075,46.57744302840729,-3.5013569686270785e-05,-3.5013569686270785e-05,24.148417028867698,51.26372384434535
15535.285224700001,low_load,low_cognitive_load,-14.566596180844954,1.2474775176942785,51.591898036291695,3.678109369811864,-3.413087961234851e-05,-3.413087961234851e-05,10.94961740713552,-3.228841344534885
15535.650268600002,low_load,low_cognitive_load,35.84145941334509,14.893468152801233,6.347852512402824,28.08668825002451,-3.5243810089014005e-05,-3.5243810089014005e-05,48.76976171284514,26.288627446771898
15536.045336200003,low_load,low_cognitive_load,36.301237719423625,41.72470457536974,91.69015274929643,27.737142597827187,-3.684732382680522e-05,-3.684732382680522e-05,34.15498858082856,35.68187804432637
15536.403868900004,low_load,low_cognitive_load,-26.7153632843565,-20.385815431503488,-35.90856897589265,-15.611724431181756,-3.572253626771271e-05,-3.572253626771271e-05,3.2996144195212764,-14.469401258951166
15536.780170600006,low_load,low_cognitive_load,-112.19201528694748,-95.66176933087218,-89.6001946092681,-102.04854665593348,-3.606894097174518e-05,-3.606894097174518e-05,-98.66015281657337,-118.52147134470488
15537.177754500006,low_load,low_cognitive_load,-60.736802563108085,-49.697814432156065,-60.05132296555894,-51.949134644628884,-3.613768694776809e-05,-3.613768694776809e-05,-64.89836294754923,-50.170706359769156
15537.565179500005,low_load,low_cognitive_load,-21.26813115394316,-30.441339371641334,-35.84159086559089,-26.43926518369244,-3.2468943572894204e-05,-3.2468943572894204e-05,-41.24378765622987,-18.158778469439767
15537.986287000005,low_load,low_cognitive_load,18.884962665167677,22.683479893507865,29.942395870112705,13.29241916543424,-3.332936012157006e-05,-3.332936012157006e-05,15.712673451539558,19.66810495582604
15538.372594500006,low_load,low_cognitive_load,4.241310541634903,3.4913105185169115,-35.80506968393365,3.4723689277802805,-3.4262992812728044e-05,-3.4262992812728044e-05,1.7057525415320924,3.627696791771541
15538.725236400005,low_load,low_cognitive_load,93.46979456176905,74.04282116878403,123.72925849240664,84.79149233782437,-3.699273293022998e-05,-3.699273293022998e-05,68.93944096594487,82.96388679682468
15539.121244400005,low_load,low_cognitive_load,49.08473675840514,56.00951934528803,15.23985961250446,47.07351277414955,-3.5934177503804676e-05,-3.5934177503804676e-05,54.068869764759256,54.62301261391531
15539.478890600005,low_load,low_cognitive_load,-20.109371759423993,-31.255390750238803,4.003796960185355,-29.613042704423606,-3.2553797609580215e-05,-3.2553797609580215e-05,-10.852287225814507,-28.817226613555704
15539.900296400006,low_load,low_cognitive_load,-3.7706486618390045,-9.160681426266365,-28.206926201747137,-10.320241626736788,-3.443150762905134e-05,-3.443150762905134e-05,-21.062234817446097,-6.875528527678853
15540.272481200005,low_load,low_cognitive_load,9.08291652951857,-2.1655629639185463,62.40058059622652,-2.249227817308565,-3.50349191649002e-05,-3.50349191649002e-05,-20.313977390983382,-6.988019214930318
15540.687792400007,low_load,low_cognitive_load,-0.647285227327302,-3.6326420085856626,-15.945129065555875,-14.833306867131796,-3.4418655559420586e-05,-3.4418655559420586e-05,-40.27537331222902,-3.2261814602047707
15541.100664500007,low_load,low_cognitive_load,32.908992603353,-8.310111064015018,15.518222429448997,6.539789547560758,-3.333862878207583e-05,-3.333862878207583e-05,-9.736298998751863,8.04274874084831
15541.485964700001,low_load,low_cognitive_load,26.06084344988949,43.31051220639347,12.006546867503175,33.23040660042079,-3.677657696243841e-05,-3.677657696243841e-05,28.382691403436183,42.947681707443735
15541.884791100001,low_load,low_cognitive_load,-18.939121686562885,-4.437118564466346,-26.768937336448744,-9.76199833183091,-3.304025267425459e-05,-3.304025267425459e-05,6.328130651830179,-0.06998955898734494
15542.277293500001,low_load,low_cognitive_load,-3.0120136320529127,6.04744397415152,20.95631558545847,0.4759666802456195,-3.085889966314426e-05,-3.085889966314426e-05,-16.235396392296934,3.5656941085358085
15542.664106700002,low_load,low_cognitive_load,-10.978090033256649,10.369788815060474,-46.87244820201249,-8.307918317424992,-3.446071241341997e-05,-3.446071241341997e-05,-9.094296452599792,11.265666798145958
15543.043317800004,low_load,low_cognitive_load,22.919521061143314,-6.342045063752266,37.83407884836379,0.48637008108426016,-3.646722780104028e-05,-3.646722780104028e-05,2.7939045871935377,-5.524670362178313
15543.435855600004,low_load,low_cognitive_load,-4.894466207631922,13.56972725259584,-32.483595712516035,3.4266625695163384,-3.230119000363629e-05,-3.230119000363629e-05,0.10144464526501906,4.819396224624597
15543.808336000004,low_load,low_cognitive_load,-18.660986350073017,-0.21381238140384085,39.52759464671885,0.48226744508338015,-3.533725339366356e-05,-3.533725339366356e-05,-2.4142670065152743,5.671169504087629
15544.194533500004,low_load,low_cognitive_load,16.57801135985028,15.462299237036405,-11.530590983726597,17.462055540440815,-3.580389875423862e-05,-3.580389875423862e-05,27.53902205123768,19.225651478167947
15544.565839600004,low_load,low_cognitive_load,-27.57054855009619,-17.72938350890672,34.079319791730086,-11.419629007487856,-3.482155898382189e-05,-3.482155898382189e-05,-13.151373883597898,-20.02906379072965
15544.934580700005,low_load,low_cognitive_load,7.862731452190474,16.99693792880862,-53.41969370790025,13.395219426546191,-3.5457291232887655e-05,-3.5457291232887655e-05,2.67390950689105,20.770680434904534
15545.303449400004,low_load,low_cognitive_load,-152.92246563533536,-138.31399115636532,-21.202777342014315,-51.13587716873235,-3.4114416848751716e-05,-3.4114416848751716e-05,-25.979843293775957,-5.9695541278542805
15545.691364700004,low_load,low_cognitive_load,-33.631674057729015,-25.100011005006763,-75.24134644395781,-4.1853109764228975,-3.156204275001073e-05,-3.156204275001073e-05,5.63194497826953,3.4183761188783137
15546.067715400006,low_load,low_cognitive_load,17.18757160288351,19.908581490854885,38.5747550634444,2.4487115877495853,-3.272980848123552e-05,-3.272980848123552e-05,-7.098995334214123,13.936415803920227
15546.437408100006,low_load,low_cognitive_load,9.610629187952782,12.08670174019926,-0.48266836652737766,9.362789909717321,-3.718985772138694e-05,-3.718985772138694e-05,10.15615894102757,9.578211203393494
15546.845618800007,low_load,low_cognitive_load,-11.800551187580368,-26.01524297263859,0.35058714203182717,-4.206146477107723,-3.548417407728266e-05,-3.548417407728266e-05,4.044343969501369,-6.558947644708951
15547.231335300006,low_load,low_cognitive_load,-30.476956058924316,-19.569100589895243,-28.167765715186988,-26.97093418859731,-3.4956095078086946e-05,-3.4956095078086946e-05,-35.02844574780647,-27.04704205486405
15547.618962400005,low_load,low_cognitive_load,-20.109252220296185,-6.270912984887218,-16.190954160129195,-8.815603878951151,-3.350851147843059e-05,-3.350851147843059e-05,2.7248159882619802,-10.825944026137677
15548.007954500006,low_load,low_cognitive_load,6.730287247739398,4.119082473378967,5.001408663323218,7.84640969738075,-3.510697661113227e-05,-3.510697661113227e-05,9.341143346925946,8.616871819993776
15548.378160000007,low_load,low_cognitive_load,13.848623986794792,19.8627433699844,-4.625193971249018,14.180385772231148,-3.6755012843059376e-05,-3.6755012843059376e-05,23.454770061653562,22.567616925653965
15548.777049400007,low_load,low_cognitive_load,0.437363375393943,-6.489745513601065,4.903005149894852,-6.812732363667692,-3.6897079553455114e-05,-3.6897079553455114e-05,-2.122248780072823,-11.612112081237683
15549.164838800001,low_load,low_cognitive_load,-11.64892101020132,9.708586653070142,-18.427540337205073,-6.522623770045357,-3.167329941788921e-05,-3.167329941788921e-05,-1.725326241014045,4.162089228975219
15549.5366233,low_load,low_cognitive_load,-19.762854568071816,-11.410699235752872,51.167670258695125,5.165342261006572,-3.295085571153322e-05,-3.295085571153322e-05,26.182952638244387,-9.55886139781569
15549.901042200001,low_load,low_cognitive_load,11.254536509210538,-8.42195109976501,22.521710754173,5.429972198125597,-3.322522752569057e-05,-3.322522752569057e-05,34.93856868678586,6.468148033370198
15550.277352500001,low_load,low_cognitive_load,-13.755682704500032,-5.2637604217648,-24.011464684310113,-14.895488476803166,-3.36648254233296e-05,-3.36648254233296e-05,-35.31103539278729,-16.751952184868514
15550.642277300001,low_load,low_cognitive_load,-11.62012833818153,-14.182720108612557,18.77876933933885,-9.721531346229312,-3.4462424082448706e-05,-3.4462424082448706e-05,1.997043406557168,-4.0823260410334115
15551.023395100001,low_load,low_cognitive_load,-3.022716736586517,-14.059998968979016,-41.043234388695055,-4.860367648333522,-3.523102259350708e-05,-3.523102259350708e-05,-3.3563232735050406,-9.765003251871349
15551.408586900001,low_load,low_cognitive_load,7.522182639339917,1.045657159653274,40.265958813662564,0.2056620223615937,-3.457311049714917e-05,-3.457311049714917e-05,2.316264483917621,-1.016808868922908
15551.802741600002,low_load,low_cognitive_load,11.314122332200895,8.13113839468997,-72.36597705592567,-3.647048646138046,-3.340707735333126e-05,-3.340707735333126e-05,-4.128299823406451,8.514122961101748
15552.227969400003,low_load,low_cognitive_load,-18.68071854993559,24.506237523803065,8.754807818485006,-1.5616344487257265,-3.7561166209343355e-05,-3.7561166209343355e-05,-50.991952741582736,-5.416228985714497
15552.608140700004,low_load,low_cognitive_load,-6.846011244549118,-13.28673002830692,-52.9824662243152,-12.751248129127362,-3.639921033027349e-05,-3.639921033027349e-05,-14.595720528004676,-8.99201697109902
15553.023262500004,low_load,low_cognitive_load,9.157489509171683,18.42121187981047,54.00127918202588,13.151733977268123,-3.480908981146058e-05,-3.480908981146058e-05,0.5202769763832293,3.971427342730749
15553.413216000004,low_load,low_cognitive_load,-7.48077049199992,-14.093896286351537,-6.738434701651386,-14.696871030632792,-3.4727675483736675e-05,-3.4727675483736675e-05,-32.94288670026299,-21.583411879495543
15553.804621000005,low_load,low_cognitive_load,-48.980191020339134,-37.774334284488305,-58.6958139167848,-35.224588695768944,-3.158461640850874e-05,-3.158461640850874e-05,-22.323767329197835,-47.38966390725727
15554.180160600006,low_load,low_cognitive_load,-33.341955100148425,-27.6564895736542,-3.0069995133292196,-21.03551119645863,-3.231479968235362e-05,-3.231479968235362e-05,-0.5905746117227864,-29.271911004473168
15554.585079900005,low_load,low_cognitive_load,9.671529217916486,7.048950981935832,-25.870603374980647,12.477023414919131,-3.4763462281262036e-05,-3.4763462281262036e-05,22.974065121483363,12.462946481562085
15554.953992700006,low_load,low_cognitive_load,33.40481128088459,14.188393044382792,64.15378031635623,22.196241612246013,-3.310510965093272e-05,-3.310510965093272e-05,17.72532915350166,18.52208880877606
15555.335628800007,low_load,low_cognitive_load,35.07082234686595,41.528922791675996,-4.045840532219245,28.149801778198253,-3.5585188925324474e-05,-3.5585188925324474e-05,7.155251917671194,33.414541747162275
15555.739291800008,low_load,low_cognitive_load,-22.197193574736502,-31.994716777096073,51.23013166865303,-20.899182465527247,-3.405316329008201e-05,-3.405316329008201e-05,-40.85411566511311,-23.08370598019428
15556.1535592,low_load,low_cognitive_load,-41.33738652671127,-48.971066534879355,-133.73743929819284,-41.9452351986547,-3.4537304600235075e-05,-3.4537304600235075e-05,-19.382682549448873,-42.24947857015468
15556.5422209,low_load,low_cognitive_load,6.531757138772264,-6.283319567978651,6.711309580141233,7.373928933242041,-3.410114368307404e-05,-3.410114368307404e-05,8.295935122685023,-2.8606959551420914
15556.930132200005,low_load,low_cognitive_load,-28.937906341511734,-20.8899327414465,-35.340891451957305,-20.224194290140076,-3.534572806529468e-05,-3.534572806529468e-05,-17.39052503737912,-22.11272733999158
15557.309950900006,low_load,low_cognitive_load,47.22189638726422,45.09683550284717,14.212778497794716,38.92371711061469,-3.496140107017709e-05,-3.496140107017709e-05,27.91205207975554,44.70578092217056
15557.683478300001,low_load,low_cognitive_load,33.44987484183957,27.76412146875282,43.09444951446858,21.821006820158345,-2.9625130082422402e-05,-2.9625130082422402e-05,5.019938838192047,19.433210263940055
15558.067572700002,low_load,low_cognitive_load,10.846231225161318,36.82958621009675,-7.38784861123645,32.49642778093721,-3.294714406365529e-05,-3.294714406365529e-05,33.444986758136565,38.783660047454305
15558.489178900003,low_load,low_cognitive_load,38.369871030751256,17.534423042121944,71.25549272643843,29.993593755057645,-3.419019321881933e-05,-3.419019321881933e-05,32.12245039489517,27.03161160046693
15558.875409500004,low_load,low_cognitive_load,3.272858995511342,5.014111353402313,-68.03782320431515,-9.228816350471334,-3.568276770238299e-05,-3.568276770238299e-05,-15.89803888245433,-3.858955028345008
15559.233423200005,low_load,low_cognitive_load,-12.071079372907207,-8.462858192514886,52.673876930540246,-12.065531200050827,-3.342573018016992e-05,-3.342573018016992e-05,-1.893218883649297,2.0636369104227015
15559.632308900003,low_load,low_cognitive_load,17.1114628563314,23.37352959345526,-23.25618918971577,29.3351573050154,-3.378855035407469e-05,-3.378855035407469e-05,46.11484933764905,25.363490997150166
15560.024032300003,low_load,low_cognitive_load,-1.0838900345793263,0.8425208528024086,-13.614298163698777,4.050238534134223,-3.3792407521104906e-05,-3.3792407521104906e-05,3.586656719342045,3.2035795245733425
15560.428544200005,low_load,low_cognitive_load,-43.65606201493529,-34.035397259094225,-2.218830925048451,-38.37427945459649,-3.2828211260493845e-05,-3.2828211260493845e-05,-47.294872073304305,-31.687861692952993
15560.827498300006,low_load,low_cognitive_load,58.34454442394872,27.717853940839177,4.116235860187544,34.05821195339831,-3.2175948945223354e-05,-3.2175948945223354e-05,35.13254542060031,40.44235941313127
15561.216054200007,low_load,low_cognitive_load,-2.946988078791037,22.63188766452822,50.77003222576968,8.315948912982094,-3.6800309317186475e-05,-3.6800309317186475e-05,13.80959176436454,12.770145053266788
15561.607958600007,low_load,low_cognitive_load,43.4805766747636,53.78174561488049,11.952189998290805,60.37350214726803,-3.5993221899843775e-05,-3.5993221899843775e-05,72.64592220620034,53.886438476054536
15561.992985800007,low_load,low_cognitive_load,-3.4398037466330607,-7.152946466856065,66.2740332644621,-11.734477224279544,-3.4398972275084816e-05,-3.4398972275084816e-05,-6.02227294545628,-7.003340038876104
15562.399413800007,low_load,low_cognitive_load,21.999372033418695,27.23773497595721,-31.631465011344744,34.89803121587374,-3.5814173315884545e-05,-3.5814173315884545e-05,54.25844437979231,30.226112014218415
15562.791223900002,low_load,low_cognitive_load,-32.29425008609951,-33.13291175986524,-32.793435603646685,-31.356367696344023,-3.3305486795143224e-05,-3.3305486795143224e-05,-21.119874669122055,-31.97594989503841
15563.145337400001,low_load,low_cognitive_load,33.95481826964078,35.787283245787876,59.638811666402034,39.6100404286567,-3.252724400226725e-05,-3.252724400226725e-05,25.89789772245331,36.94719960374596
15563.560221600002,low_load,low_cognitive_load,-34.79320515449672,-13.50448054026856,-65.3527954866845,-25.751331124181434,-3.5872884836862795e-05,-3.5872884836862795e-05,-34.61169580082333,-12.046095383073407
15563.938988600003,low_load,low_cognitive_load,-32.3478367459179,-30.45054105632198,18.908174525916365,-18.873490580278485,-3.51646522176452e-05,-3.51646522176452e-05,-25.777247530864315,-24.32385120834897
15564.324035300002,low_load,low_cognitive_load,2.936118931407691,8.149849817483755,-25.399310074498317,12.110054456798025,-3.718410152941942e-05,-3.718410152941942e-05,22.64563846889496,6.467278245648231
15564.677860400003,low_load,low_cognitive_load,3.4433395648161422,-3.095544752000478,60.56023259828544,-7.1641440659732325,-3.7026815334684215e-05,-3.7026815334684215e-05,-10.116740685698915,1.1579678086909553
15565.042670900002,low_load,low_cognitive_load,-2.8371807367780093,-52.438409132481866,-3.8522004203402958,7.148034831719997,-3.56505579475197e-05,-3.56505579475197e-05,22.920772998890698,11.927547121269981
15565.445274200003,low_load,low_cognitive_load,-61.048070587383336,-42.030679024276196,-8.440434000436426,3.2436168824942797,-3.4484600291762035e-05,-3.4484600291762035e-05,38.49179148749681,9.886726579713923
15565.810366800002,low_load,low_cognitive_load,61.643027005399745,8.415749600560503,28.79606710222197,16.717261900286303,-3.5860731259163003e-05,-3.5860731259163003e-05,23.893244066445277,8.416826146694348
15566.217131900003,low_load,low_cognitive_load,-49.694550279404666,-26.67881341888551,-81.92511928939848,-38.3055706740879,-3.4284755201952066e-05,-3.4284755201952066e-05,-26.26075814944852,-36.50743552904032
15566.588258300004,low_load,low_cognitive_load,13.055619624541578,-13.982207963172186,43.083123121544304,-3.35610722697902,-3.578341056709178e-05,-3.578341056709178e-05,-6.193840191110212,-8.189806176830643
15566.919339000007,low_load,low_cognitive_load,30.8835583048608,37.27945356650116,5.71754903273677,34.69872339512585,-3.489556547719985e-05,-3.489556547719985e-05,55.06788359079928,52.43685298521905
15567.297122400005,low_load,low_cognitive_load,-67.60010789140074,-58.99439987250207,35.30772584839201,-51.20605950548179,-3.53432760675787e-05,-3.53432760675787e-05,-74.36385242032293,-62.56930233573803
15567.642900700002,low_load,low_cognitive_load,18.121615337714047,6.492950436941555,-35.42123336615191,-2.204776434643918,-3.430464039411163e-05,-3.430464039411163e-05,-0.5935021018885891,-5.238132073236102
15567.983917200003,low_load,low_cognitive_load,-0.003520286926686822,13.687438774471957,99.06014809118028,21.101817568543538,-3.529642617650097e-05,-3.529642617650097e-05,19.792981108275853,20.789714823351005
15568.342083000003,low_load,low_cognitive_load,-8.35677340069742,-36.66353696291935,-97.22998605387852,-44.513262600678445,-3.513026786094997e-05,-3.513026786094997e-05,-49.20034494425454,-40.98473387953527
15568.736599400003,low_load,low_cognitive_load,-8.795051606803554,12.85986631365904,45.68134225758649,3.4419407725549718,-3.478752478258684e-05,-3.478752478258684e-05,1.1541824040937172,5.611979782519484
15569.099554300004,low_load,low_cognitive_load,-17.511217202683838,-28.363928038266295,-78.40688099861904,-29.600802611430026,-3.285399725427851e-05,-3.285399725427851e-05,-37.5325928410316,-32.48198757798855
15569.494642700003,low_load,low_cognitive_load,-1.9533411835332117,1.0732955663925168,-11.741499809066454,-6.393787832916132,-3.381963779247599e-05,-3.381963779247599e-05,-5.406358490671664,-1.0433032761370669
15569.899346500004,low_load,low_cognitive_load,9.22062977786436,2.5976148982022096,28.095068825442468,9.670163677204073,-3.5721158383239526e-05,-3.5721158383239526e-05,28.220067937673775,8.964762535575574
15570.301997900004,low_load,low_cognitive_load,-2.9559220288633696,3.162287767439466,-45.073906218436605,-2.9908935950675186,-3.197079058736563e-05,-3.197079058736563e-05,4.408800806139425,2.9794985806338445
15570.693768900004,low_load,low_cognitive_load,-19.008619138580343,38.80875620809502,33.54423596281981,8.425699117271506,-3.058927723031957e-05,-3.058927723031957e-05,-0.9722723851373303,11.814636142825748
15571.079907800005,low_load,low_cognitive_load,8.649566699317802,19.165023644512985,-28.936931166711247,20.92747285517862,-3.4937093005282804e-05,-3.4937093005282804e-05,7.747177174050194,19.66181651080433
15571.497899500006,low_load,low_cognitive_load,-3.83918121501074,-4.496862020890603,17.04078550354916,-10.637396458251715,-3.437968553043902e-05,-3.437968553043902e-05,-15.055647330433658,-7.567032654521881
15571.905300000006,low_load,low_cognitive_load,39.53151457599415,37.974105878298815,30.985664099858923,39.49011021984916,-3.423351608944358e-05,-3.423351608944358e-05,42.15679897403152,43.94250831415911
15572.286833200007,low_load,low_cognitive_load,-49.598057094827254,-66.61832878131418,-45.84985045154485,-20.01620903821822,-3.560487220966024e-05,-3.560487220966024e-05,6.230285167584498,-4.410520193172033
15572.690561100007,low_load,low_cognitive_load,3.6395172322963845,22.856275299252502,43.16200551031238,17.588996985018184,-3.5767152439802885e-05,-3.5767152439802885e-05,45.827445037719826,26.029272605451297
15573.0725813,low_load,low_cognitive_load,64.33819301341919,68.85960238430971,16.807741714178064,60.40558250500453,-3.330801246193005e-05,-3.330801246193005e-05,69.655498794084,56.36468284341163
15573.437291400001,low_load,low_cognitive_load,-19.01625895711686,-12.673469135619143,26.865012982759026,-7.928662858517782,-3.65504438377684e-05,-3.65504438377684e-05,-12.968105663556344,-19.202442428198538
15573.7951537,low_load,low_cognitive_load,16.927149196780647,17.01026704755259,-13.755973779490432,22.66602683327892,-3.7054650420031976e-05,-3.7054650420031976e-05,42.36609779030596,22.609430304483794
15574.1597659,low_load,low_cognitive_load,-0.4837596825423134,5.464600141811843,97.53952463704832,4.296007212994027,-3.359403490321711e-05,-3.359403490321711e-05,4.491306443786925,3.3176666202020897
15574.5372645,low_load,low_cognitive_load,-12.135273569488163,-6.1580151185048635,-27.471285182098654,-4.328273620708842,-3.415308128751349e-05,-3.415308128751349e-05,5.016692073375452,-5.1680269562730246
15574.878444400001,low_load,low_cognitive_load,-47.371046533532535,-43.16305061035064,-0.718799930676596,-42.01253045153635,-3.489079426799435e-05,-3.489079426799435e-05,-34.91831583012754,-45.64844748172936
15575.2597838,low_load,low_cognitive_load,36.53532189657244,67.54689503000827,41.33581202261257,49.88748733355533,-3.097635089943651e-05,-3.097635089943651e-05,41.26128925184457,40.684113454293765
15575.639685200002,low_load,low_cognitive_load,23.96881866504782,12.410292179307817,15.055011061850792,24.862147324837224,-3.398652370378841e-05,-3.398652370378841e-05,34.19841994708986,25.78531252461198
15576.0071804,low_load,low_cognitive_load,-5.325273354011188,-1.772483590025331,11.67847746188454,-8.149728685535592,-3.691452275234042e-05,-3.691452275234042e-05,0.11005986623058561,-5.474589157450737
15576.392153800001,low_load,low_cognitive_load,23.046302097165608,10.203468714530118,-21.161579354761443,21.256109339399245,-3.6099189856031444e-05,-3.6099189856031444e-05,45.506248792326915,23.525055153955236
15576.755526200002,low_load,low_cognitive_load,-13.195222702667252,-16.38034943333014,6.706164758498062,-20.015745997313388,-3.408631164347753e-05,-3.408631164347753e-05,-25.93705934420086,-23.198818271396703
15577.149324800004,low_load,low_cognitive_load,-33.78970165810006,-28.917397508315844,-70.15995649848537,-27.640729753411506,-3.5970783756056335e-05,-3.5970783756056335e-05,-8.391169759112017,-27.5938267652341
15577.520201700003,low_load,low_cognitive_load,20.916168324311002,41.42293972658399,106.33429127887325,24.907651040183282,-3.796226428676164e-05,-3.796226428676164e-05,-1.7194883439169644,27.97810948742108
15577.925205100002,low_load,low_cognitive_load,40.97815393329074,18.365530555230634,11.192949464793173,20.01735545325937,-3.512619969114894e-05,-3.512619969114894e-05,28.814056643688218,25.31074651461995
15578.290430600002,low_load,low_cognitive_load,-18.513409016855803,-8.717417995900178,-4.31235463749158,-9.234738829482012,-3.3102482120739296e-05,-3.3102482120739296e-05,-7.672079730275982,-5.730267735956659
15578.665103600002,low_load,low_cognitive_load,-62.30751159865622,-69.7735966189789,-88.28643081891641,-71.5413564798605,-3.349727012391668e-05,-3.349727012391668e-05,-76.87991437820165,-67.00272559181121
15579.079017700002,low_load,low_cognitive_load,-54.00326652155104,-64.83261309318914,-80.8711617332865,-65.09514719257731,-3.525531519699143e-05,-3.525531519699143e-05,-86.83662014774973,-65.97145162202287
15579.428095800004,low_load,low_cognitive_load,36.287978938652486,37.89092685042624,59.206627167629904,40.546798297638816,-3.6101744626648724e-05,-3.6101744626648724e-05,31.061449165248632,43.93304981402525
15579.839475600003,low_load,low_cognitive_load,-15.420940977115151,-17.296258912725534,-50.563852868777076,-33.04191000714445,-3.409000146348262e-05,-3.409000146348262e-05,-31.30945003400484,-20.72073723001722
15580.218261300004,low_load,low_cognitive_load,124.78172233736314,119.8574085240266,185.63022463218795,131.97489914278776,-3.24163092955132e-05,-3.24163092955132e-05,135.18598780435468,119.31911515978072
15580.619542500004,low_load,low_cognitive_load,7.370195670252542,18.76044715139824,-26.916436526546704,5.1894137313101965,-3.4752329156617634e-05,-3.4752329156617634e-05,0.8561244253255609,11.93150109876342
15581.019828500004,low_load,low_cognitive_load,64.80505541893262,68.55413796224639,47.31673659369221,60.12004836653705,-3.60578715117299e-05,-3.60578715117299e-05,58.238460188013505,71.08192455557628
15581.417571000005,low_load,low_cognitive_load,17.07842698888726,4.254142434067035,9.431436957775759,13.675828604314574,-3.561815083230613e-05,-3.561815083230613e-05,28.32543700200813,11.147299988812847
15581.826394500007,low_load,low_cognitive_load,-36.814639358239674,19.85816695782978,-44.21821121700759,-10.44715809947229,-3.282406942162197e-05,-3.282406942162197e-05,-14.189865729074882,-6.7484125110881905
15582.216808500007,low_load,low_cognitive_load,-32.15484033604571,-38.635659104217666,21.97520612151243,-31.72941859886214,-3.335205838084221e-05,-3.335205838084221e-05,-19.632731165658242,-28.851913749366304
15582.633036600007,low_load,low_cognitive_load,-9.03677197912657,4.971605215024283,-25.835321293375728,-3.086027564971573,-3.4595786019053776e-05,-3.4595786019053776e-05,-24.052560710313173,9.281485246670854
15583.043138900008,low_load,low_cognitive_load,8.662178964219947,9.646681783449822,15.658006605281798,22.950040017572974,-3.448261213634396e-05,-3.448261213634396e-05,49.12955389484432,26.14124663784196
15583.4230533,low_load,low_cognitive_load,-97.81329509020361,-107.41905957482595,-117.35043151123682,-104.29830612846035,-3.335610199428629e-05,-3.335610199428629e-05,-101.4474775749818,-107.09730872407954
15583.817767600001,low_load,low_cognitive_load,-19.033322556364055,-18.722535089981648,-50.53691129106733,-24.78828186153305,-3.448322422627825e-05,-3.448322422627825e-05,-54.12262368449274,-23.40047348416192
15584.193348800003,low_load,low_cognitive_load,-37.83750513009363,13.660598645931714,13.534916720771434,-7.095040384650474,-3.318839571875287e-05,-3.318839571875287e-05,-5.624406499297038,-4.176358286083996
15584.546968800005,low_load,low_cognitive_load,-11.66825947274856,-25.53992164020383,-40.18347181046761,-18.06431363290494,-3.233836469007656e-05,-3.233836469007656e-05,-26.030266081109403,-18.463992037616663
15584.948229800004,low_load,low_cognitive_load,-48.06481134998057,-36.98483965655214,22.86331591248222,-46.57878806870258,-3.350536007928895e-05,-3.350536007928895e-05,-71.34497766187587,-42.12135948349123
15585.330742100004,low_load,low_cognitive_load,26.45953921679984,23.88157306610674,6.1689366191706085,21.82871355675934,-3.477448262856342e-05,-3.477448262856342e-05,-7.723667983449104,23.972223012232917
15585.661831700005,low_load,low_cognitive_load,17.99380054341782,21.635167551058203,52.5655590415663,24.591027917857446,-3.554304930730723e-05,-3.554304930730723e-05,40.445300168501944,22.61043065685999
15586.068396900004,low_load,low_cognitive_load,-48.243158888316884,-54.41831661590686,-53.76252012413897,-54.36615319611701,-3.43060119121219e-05,-3.43060119121219e-05,-50.103061099847764,-57.029048728874386
15586.453513600005,low_load,low_cognitive_load,25.705854716762133,42.00896137381778,0.8127542229265146,32.74083362814781,-3.443445712036919e-05,-3.443445712036919e-05,39.06598744893245,40.35602502056781
15586.857957800006,low_load,low_cognitive_load,-11.79637987373144,-5.024118420765717,35.17453678628658,-2.50362372744803,-3.6219343201082665e-05,-3.6219343201082665e-05,4.024723986084609,3.9277310379557093
15587.261247500006,low_load,low_cognitive_load,11.388411445869679,-8.266560429253332,-19.109396322949806,3.6596059875710125,-3.422195641178405e-05,-3.422195641178405e-05,12.850002231127746,3.645459429231323
15587.652388300006,low_load,low_cognitive_load,9.089267885108256,8.985016228405584,57.02256003766843,15.334872957241714,-3.305391510366462e-05,-3.305391510366462e-05,5.314225396507936,6.188817966872648
15588.049101300006,low_load,low_cognitive_load,34.71333986879017,9.4889479941653,-27.723778664308384,28.085337566653834,-3.5521620702638756e-05,-3.5521620702638756e-05,39.57020506007757,10.928755194478072
15588.422896900007,low_load,low_cognitive_load,-10.142343677579447,-12.886852485904,-23.078022613409303,-4.008221925205362,-3.295024362159893e-05,-3.295024362159893e-05,4.186319527311753,-5.674490176514155
15588.8459994,low_load,low_cognitive_load,-34.21867067241692,-28.415975341179546,-4.5505181305964015,-27.831194067816796,-3.44695017702179e-05,-3.44695017702179e-05,-6.171002068214875,-22.966914748245017
15589.230766300001,low_load,low_cognitive_load,-27.0891414050011,-46.03755817560341,-64.44266937550537,-34.554628360361676,-3.5357991691853385e-05,-3.5357991691853385e-05,-38.57242150916136,-31.202476774023125
15589.6159857,low_load,low_cognitive_load,3.414601246740858,2.789430072905816,103.87243435197956,10.087530201997197,-3.4038939702440985e-05,-3.4038939702440985e-05,-0.5398212748536935,4.494797956395814
15590.011073900001,low_load,low_cognitive_load,11.967775662257736,10.547185846386583,-45.04379278736269,1.4295924610187285,-3.797053341259016e-05,-3.797053341259016e-05,17.50948308633633,5.123301336428085
15590.370313600002,low_load,low_cognitive_load,8.453978365458624,-6.632800878717262,29.87367839139415,-2.4393241725160806,-3.4219414374092594e-05,-3.4219414374092594e-05,13.11683065562056,1.6047425512674636
15590.721639500003,low_load,low_cognitive_load,25.492427356163716,5.992631299257937,-27.90267465380839,12.319633388692182,-3.36195280397078e-05,-3.36195280397078e-05,17.463871704394023,6.815699981002126
15591.108972000002,low_load,low_cognitive_load,9.331451454185753,-0.6095975261073363,4.710930919880866,-2.35522150541874,-3.484364879113855e-05,-3.484364879113855e-05,8.896659013990757,5.150412640522973
15591.484108000002,low_load,low_cognitive_load,8.50501429126416,23.242566176172204,32.319700000055946,27.325750480992156,-3.585116064641625e-05,-3.585116064641625e-05,41.24985208383532,24.69135387795177
15591.880664600003,low_load,low_cognitive_load,-2.3592827065808706,-16.40813979347695,-49.535880609994365,-7.9281555439279146,-3.3614179301366676e-05,-3.3614179301366676e-05,16.09502771994221,-5.202025594318002
15592.284762600004,low_load,low_cognitive_load,-1.2970535194226613,59.21974768959035,42.92462609313179,14.69604545889888,-3.429029220569646e-05,-3.429029220569646e-05,11.184726695170411,8.661113843928433
15592.685834600004,low_load,low_cognitive_load,42.56762606034863,-18.60124821602858,-11.187661811955877,17.503793437670993,-3.6506402466329746e-05,-3.6506402466329746e-05,35.14514379193815,11.941885983147586
15593.084712500005,low_load,low_cognitive_load,22.669783739542254,39.604976115121644,119.20929686782165,40.515487081861465,-3.321197618788574e-05,-3.321197618788574e-05,38.183254335106085,35.263909463900745
15593.435698500005,low_load,low_cognitive_load,16.124892277031904,-0.42281503378399066,-74.24154326814141,3.1200869095800954,-3.6155496673018206e-05,-3.6155496673018206e-05,-14.460176278373638,1.9908796539998548
15593.832592400006,low_load,low_cognitive_load,39.18478849445182,21.16517432493947,50.36204200669886,25.835765765648375,-3.421589190111263e-05,-3.421589190111263e-05,19.259008216010443,32.1373101109084
15594.247400200005,low_load,low_cognitive_load,-8.682937505082009,-9.66377029802743,14.72113126031104,3.360589846822222,-3.3623278795857914e-05,-3.3623278795857914e-05,-0.6438952524322303,-6.194189617604934
15594.631213200006,low_load,low_cognitive_load,-33.40528967446835,-12.924966940639024,-61.957311893299675,-3.8290338881311072,-3.49626370734768e-05,-3.49626370734768e-05,26.818448109358997,-2.7558721755317492
15595.027551300005,low_load,low_cognitive_load,-90.9593066748032,-85.21249825497307,-64.08610882905123,-83.33312401787725,-3.297927923995303e-05,-3.297927923995303e-05,-91.09769562132487,-82.51480646473465
15595.392873100007,low_load,low_cognitive_load,28.10802912017016,-0.028654829450715624,-32.05438773677338,-8.794050888443053,-3.3691753742459696e-05,-3.3691753742459696e-05,-20.58653095216505,-24.837886834042365
15595.769906100008,low_load,low_cognitive_load,-42.520164738284166,-8.723756544651678,43.42685490901408,-6.194864533844338,-3.466601265245117e-05,-3.466601265245117e-05,3.2229820790862505,-0.45249381535086286
15596.163712200007,low_load,low_cognitive_load,26.54540256851533,25.067200594268343,-0.47443615989777754,23.85535934442396,-3.4571397918625735e-05,-3.4571397918625735e-05,52.59707646295874,21.524598378892733
15596.558279500005,low_load,low_cognitive_load,4.942839881317013,7.960866913896098,14.387394703976497,2.5331852191779944,-3.590095911931712e-05,-3.590095911931712e-05,-46.87758803993984,6.303631173622762
15596.937102800004,low_load,low_cognitive_load,40.418920579711994,19.602646086198547,49.554730210014895,24.359171489223627,-3.576135441107908e-05,-3.576135441107908e-05,-5.775073733339013,23.15544138898258
15597.343039000005,low_load,low_cognitive_load,-13.624748614469809,1.3912870729036513,-34.802896102202794,-2.822999722702207,-3.5092652979074046e-05,-3.5092652979074046e-05,10.67715573462192,-1.9703995177692377
15597.720193500003,low_load,low_cognitive_load,33.69806963024985,37.59126156830416,60.13248143263854,29.917445055356893,-3.723517966136569e-05,-3.723517966136569e-05,17.811419135606684,43.6902480794879
15598.135261700003,low_load,low_cognitive_load,-20.77593481376789,-34.46463684422679,-51.728135834513296,-32.63973171965063,-3.4374706956441514e-05,-3.4374706956441514e-05,-6.3814192313861895,-27.507613726197178
15598.510012700002,low_load,low_cognitive_load,37.818330863384745,34.72677705938531,79.06165000482042,33.429928587886934,-3.397874479560414e-05,-3.397874479560414e-05,60.3695903418984,35.151459740636255
15598.902608500002,low_load,low_cognitive_load,-4.397177059831392,-4.996476119951694,-25.220500238947807,-5.970614167317763,-3.631252639024751e-05,-3.631252639024751e-05,-17.13382246228366,-5.451181277041542
15599.274392500003,low_load,low_cognitive_load,25.58975685159612,13.094646350277344,21.060030642059246,30.095911706894185,-3.6404429920366965e-05,-3.6404429920366965e-05,44.72639157734284,32.681438735718984
15599.635666100005,low_load,low_cognitive_load,-27.716912921548555,-7.092193570191284,-30.14518483804136,-26.956106044583976,-3.4423405850247946e-05,-3.4423405850247946e-05,-63.42003687829629,-27.343234801261133
15600.038221000004,low_load,low_cognitive_load,15.521282129316205,1.6680868358516818,-33.18559165611009,-8.346619352707876,-3.3864836041175295e-05,-3.3864836041175295e-05,16.04797556458834,-3.1301600097763185
15600.428086200003,low_load,low_cognitive_load,49.48782311785999,46.02564152524201,80.59588196696336,53.70528893405799,-3.3733417694747914e-05,-3.3733417694747914e-05,71.33030557868778,51.285903240232074
15600.820646200003,low_load,low_cognitive_load,-61.03646149785709,-68.53806853903052,-139.64698472172427,-68.96390165480398,-3.4029161724902224e-05,-3.4029161724902224e-05,-84.96612804885217,-77.30665248241121
15601.187459000006,low_load,low_cognitive_load,-6.155807697019554,8.31802032520909,45.5640261177316,-0.7607704671472675,-3.371296770637855e-05,-3.371296770637855e-05,-19.28137842455044,-2.734388517196294
15601.591183400005,low_load,low_cognitive_load,66.62587384656308,76.64888838272873,30.4421559496368,55.25955522345748,-3.247716449550353e-05,-3.247716449550353e-05,53.12847712145549,69.68280261399877
15601.982252000005,low_load,low_cognitive_load,2.3663492461196256,8.89956996901401,-14.743817934176377,0.20995444600384872,-3.5093421502097044e-05,-3.5093421502097044e-05,0.2636211880922019,0.8870316371244371
15602.372532400006,low_load,low_cognitive_load,-15.788163955082837,-29.9033061177106,3.099620236368537,-21.68717582073532,-3.4910694921563845e-05,-3.4910694921563845e-05,-6.126452497088394,-24.38052775253891
15602.745508000007,low_load,low_cognitive_load,46.59500755096451,32.72338474748676,-7.817958574232307,38.72714294206162,-3.6970888686482795e-05,-3.6970888686482795e-05,76.400404245559,30.029904258141414
15603.099183800008,low_load,low_cognitive_load,-8.577611335920665,-0.24682874365726093,37.32160914294627,1.6042146366717134,-3.459060553723248e-05,-3.459060553723248e-05,-31.266647275282594,3.2553700697112617
15603.491838900007,low_load,low_cognitive_load,29.724157776076026,38.9688640394952,1.2658848877263154,52.25299795098408,-3.310630654596025e-05,-3.310630654596025e-05,70.40282666009352,39.42814892140177
15603.908918000006,low_load,low_cognitive_load,-4.024395208773967,-29.20455215186439,94.54369923834724,-14.402389033481995,-3.272761296102544e-05,-3.272761296102544e-05,-9.090046844684366,-22.675399539597493
15604.298418100001,low_load,low_cognitive_load,-31.145728451735522,-9.176084972305944,-82.05118927254807,-20.11819857381215,-3.555367402441334e-05,-3.555367402441334e-05,0.8494132110486134,-8.499545432701325
15604.6659725,low_load,low_cognitive_load,8.385475524567482,7.007941730359562,27.20600865004053,9.991755932700016,-3.537832435540622e-05,-3.537832435540622e-05,-11.186357694385151,11.697177944436135
15605.0697361,low_load,low_cognitive_load,10.998093339649131,10.538226672682868,3.232422132989086,1.958524129561738,-3.5806026971840765e-05,-3.5806026971840765e-05,8.94251986018071,7.449961524034734
15605.4096909,low_load,low_cognitive_load,-12.039034889137383,-9.965652468810276,-38.77168063490785,-5.766828938899835,-3.3612312108743936e-05,-3.3612312108743936e-05,-7.173408423360343,-6.697311000069021
15605.801537400002,low_load,low_cognitive_load,-78.29700579222185,-76.84751436758279,-53.9510462436308,-70.23131529293187,-3.4717209928203374e-05,-3.4717209928203374e-05,-48.002786602793094,-70.00119000938139
15606.175195000002,low_load,low_cognitive_load,15.983156546409191,-2.1190793761875284,-13.331109301056358,23.243647813411826,-3.5366738302400336e-05,-3.5366738302400336e-05,44.80671579957607,13.88296999700924
15606.587602500002,low_load,low_cognitive_load,-4.015480833203583,13.371365571234037,59.740830772779645,0.3127391546227045,-3.6965025174140465e-05,-3.6965025174140465e-05,-16.512619275807992,-0.6481963843416452
15606.939817700006,low_load,low_cognitive_load,9.259974216564842,7.179292492997774,-4.726320463573302,7.755135105843692,-3.486617060843855e-05,-3.486617060843855e-05,6.462704337204286,8.1199591848017
15607.352313600006,low_load,low_cognitive_load,-4.934138289324437,-6.361850415470144,3.7284428399902936,-1.6543255197825601,-3.5108611882606056e-05,-3.5108611882606056e-05,31.159770393284816,-12.560162580889937
15607.749969600007,low_load,low_cognitive_load,-15.337758532299631,0.30808198107479257,1.7823049458904734,4.3581748781562055,-3.669763555080863e-05,-3.669763555080863e-05,5.889232820783491,-1.3422047331659996
15608.125561300005,low_load,low_cognitive_load,-0.29934797893611176,-12.82741823229344,-16.20428481323347,-11.459022653515149,-3.7185673136264086e-05,-3.7185673136264086e-05,-9.583509991111441,-1.6113244236266837
15608.527026400005,low_load,low_cognitive_load,-3.3840945503729927,-6.285883605485651,65.12627630094266,-3.221680053894488,-3.554875456757145e-05,-3.554875456757145e-05,-12.058298140175339,-3.201548885081138
15608.920917300005,low_load,low_cognitive_load,-38.06165975488102,-45.690471618828724,-58.319098719161275,-45.52811497520088,-3.49342699337285e-05,-3.49342699337285e-05,-62.067381617293904,-46.222179649379086
15609.312752700005,low_load,low_cognitive_load,-10.49559984220059,8.226837189083199,-0.5043617924898172,-3.646876060996874,-3.5533121263142675e-05,-3.5533121263142675e-05,-11.105186969200076,-9.083365668154329
15609.735031500006,low_load,low_cognitive_load,3.9785513689212166,-9.262371085840641,-6.643101431061041,-10.307052191059938,-3.4591153962537646e-05,-3.4591153962537646e-05,-9.108059521179712,-2.0592721968264414
15610.128926400008,low_load,low_cognitive_load,9.157376762810145,5.723521069545768,-13.309174861976771,13.051161540365683,-3.4561297979962546e-05,-3.4561297979962546e-05,24.62392806093203,23.2933253174524
15610.538327400001,low_load,low_cognitive_load,7.14027501217106,29.193235699120578,66.9302952979042,17.544524038034524,-3.4913726267404854e-05,-3.4913726267404854e-05,-2.4012780614380063,16.11349696617617
15610.9234305,low_load,low_cognitive_load,-55.72819627880517,-46.01664648656242,-59.46923057373306,-49.532095871809815,-3.273783386248397e-05,-3.273783386248397e-05,-31.0074035281973,-48.58826895052016
15611.2759387,low_load,low_cognitive_load,38.352934465962335,59.09029085500879,42.28378266592131,50.067419759228414,-3.4862242500821594e-05,-3.4862242500821594e-05,74.88029645848428,56.90951171402912
15611.683414300001,low_load,low_cognitive_load,26.064369729356713,30.1002426168302,25.364423030193848,29.2959661606601,-3.343221851537237e-05,-3.343221851537237e-05,13.421874101392405,32.020179123734124
15612.071235000001,low_load,low_cognitive_load,28.783010798648775,42.215146489999825,7.657185861493872,18.435011390887666,-3.367763201822527e-05,-3.367763201822527e-05,-3.132178329670751,30.538212488890622
15612.472742800002,low_load,low_cognitive_load,22.111760928323292,9.660938065818755,90.50076892509969,20.897973765589995,-3.6036359233548865e-05,-3.6036359233548865e-05,-4.994952830824332,21.33549362388385
15612.885217900002,low_load,low_cognitive_load,55.8738230181857,56.35553735390431,39.997041400372154,55.29394631789455,-3.248840039304923e-05,-3.248840039304923e-05,72.36141492056686,63.22979092793457
15613.241921300005,low_load,low_cognitive_load,15.82171016645907,1.0061899645356789,29.14766832488681,11.806954382733693,-3.087048389716074e-05,-3.087048389716074e-05,11.381258780813369,7.157176891261315
15613.633330900004,low_load,low_cognitive_load,-25.75318298677803,-7.151256216900492,-26.14572010251345,-22.408623593098582,-3.408312659303192e-05,-3.408312659303192e-05,-19.829560277238215,-21.74080564579981
15613.989220800004,low_load,low_cognitive_load,-6.627461302557549,-25.125213842733956,-29.65176810912135,-35.53594109815549,-3.50256314050057e-05,-3.50256314050057e-05,-62.58488903092757,-24.88935150487987
15614.395620500003,low_load,low_cognitive_load,18.405854954477036,19.291181075676832,18.61886090462167,17.177454570904956,-3.3203007660631556e-05,-3.3203007660631556e-05,-8.794525506602895,14.07413380625485
15614.789370300005,low_load,low_cognitive_load,-18.136116275380118,-2.9934480662709575,-24.03576754286928,-1.9640837020242543,-3.7683832488255575e-05,-3.7683832488255575e-05,5.210511270006464,-1.5066811335673265
15615.180702100004,low_load,low_cognitive_load,-72.3793909959843,62.08294890082743,2.572051327552799,18.133573441187764,-3.3659774089755956e-05,-3.3659774089755956e-05,3.353111612669636,27.960666373628555
15615.574861800003,low_load,low_cognitive_load,55.636630330216576,-39.119149051721706,-5.703341869925225,-7.2735237702695485,-3.290402219136013e-05,-3.290402219136013e-05,-31.311240348742103,-16.660258459695342
15615.971924200005,low_load,low_cognitive_load,35.274775130012586,97.35994557551112,28.393446254474384,68.0644566462338,-3.462366566964192e-05,-3.462366566964192e-05,69.75015739722357,76.74309925073567
15616.380812300005,low_load,low_cognitive_load,5.272073761742831,-24.940748960916153,23.494449767311608,-7.724142589163421,-3.135291171929566e-05,-3.135291171929566e-05,-18.939131218945477,-26.01812328613869
15616.769724400006,low_load,low_cognitive_load,47.65890841427108,41.034099827931186,19.67875300678702,40.575971947502694,-3.341031970194308e-05,-3.341031970194308e-05,33.27771071932193,32.34237976397617
15617.187603100007,low_load,low_cognitive_load,2.5583796204791724,9.845676003003518,34.52668976914242,12.38470020035993,-3.287219169578748e-05,-3.287219169578748e-05,27.861751995515988,12.634109058086324
15617.563697800006,low_load,low_cognitive_load,14.363793538422215,1.9627359685168813,-1.5919037922947155,-7.331021597925428,-3.661193841253407e-05,-3.661193841253407e-05,-17.425882910482414,-5.866957934148559
15617.950096100005,low_load,low_cognitive_load,-45.10519100269721,-19.592734919322538,-60.45166628942138,-22.585267191591356,-3.389752237126231e-05,-3.389752237126231e-05,9.412159856943163,-13.790927558723524
15618.371165100005,low_load,low_cognitive_load,-26.719250215097418,-36.258644161389384,-14.086312885689495,-43.51537198822962,-3.366739565535681e-05,-3.366739565535681e-05,-53.97753385443684,-44.37902738125467
15618.776040600007,low_load,low_cognitive_load,-30.972479152984306,-50.18536291320197,-66.94460976194932,-40.49765181852945,-3.288774041720899e-05,-3.288774041720899e-05,-41.09008270538925,-29.7246226530865
15619.160489100008,low_load,low_cognitive_load,-33.88457980045814,-26.715133656070975,11.097878088379503,-32.41249645153448,-3.534954885253683e-05,-3.534954885253683e-05,-34.54327580162908,-37.44011437232439
15619.571165700001,low_load,low_cognitive_load,-46.12808354293975,-43.303843463347675,-39.8716842992867,-43.075977102833804,-3.4029690141323954e-05,-3.4029690141323954e-05,-59.69972307320222,-49.11268605606665
15619.960009200002,low_load,low_cognitive_load,40.702124986799845,40.588596164500814,-9.557332189182716,39.585882992809275,-3.369341447978513e-05,-3.369341447978513e-05,43.93245534921107,39.764091302218276
15620.356485300003,low_load,low_cognitive_load,-21.044507618661555,-12.107650280840062,27.45527458303036,-18.254832758726934,-3.4244782909809146e-05,-3.4244782909809146e-05,-28.57511242811961,-14.368643054333916
15620.761906800004,low_load,low_cognitive_load,5.982805312171877,-32.12296138070133,-35.86909481177031,-6.060608075365508,-3.329450737510342e-05,-3.329450737510342e-05,16.994756333119312,-18.004867208886935
15621.166923700004,low_load,low_cognitive_load,8.635213109168944,36.84581869957037,47.88502360543089,28.77014386254268,-3.646966888481984e-05,-3.646966888481984e-05,37.79665920574644,29.517981906512887
15621.558429900006,low_load,low_cognitive_load,7.9860566717384245,21.034504547974848,-9.124651223569344,9.453960728742913,-3.516747074172599e-05,-3.516747074172599e-05,25.346444521018384,19.61839314066401
15621.956069200005,low_load,low_cognitive_load,-41.95965506143648,-10.2574400325866,-49.473011733491376,-13.29935650626976,-3.50079335476039e-05,-3.50079335476039e-05,1.4363150146691623,-21.185846770862554
15622.352329900006,low_load,low_cognitive_load,15.159452639263236,3.0313335240393826,51.684335203680575,21.364680902071996,-3.356910474394681e-05,-3.356910474394681e-05,39.57896533219355,14.925991376228922
15622.767477400006,low_load,low_cognitive_load,52.32328172584448,92.62911266262245,16.134475454427957,42.95577944953766,-3.502531944832299e-05,-3.502531944832299e-05,48.94833879339694,37.934535498384776
15623.144318900006,low_load,low_cognitive_load,-8.44752565241015,-28.076782943732724,38.07936467990817,-3.0077966167691557,-3.322720294818282e-05,-3.322720294818282e-05,-5.29450429313647,-1.5615607817699129
15623.539886900006,low_load,low_cognitive_load,10.689939664569465,12.687677425734819,-14.48306815359274,13.146456652242705,-3.668329918582458e-05,-3.668329918582458e-05,16.61160506226952,10.845252134588009
15623.9521507,low_load,low_cognitive_load,-20.79920691034249,-9.738150725919695,-47.09193650186012,-21.83684755437389,-3.870576802000869e-05,-3.870576802000869e-05,-32.07096659342096,-12.169402776745756
15624.298351500001,low_load,low_cognitive_load,-19.448647897046158,-16.504748124063553,0.5233124640733422,-12.244284364979649,-3.439097054069862e-05,-3.439097054069862e-05,14.147707036835072,-17.849335417668954
15624.665033500001,low_load,low_cognitive_load,-42.73916763567422,-52.29086493574914,-61.89027952255742,-28.881573109521923,-3.440124237386044e-05,-3.440124237386044e-05,-28.903295379652718,-20.107904376845
15625.050934300001,low_load,low_cognitive_load,-0.8785543437761589,7.85083515564429,63.71577298699776,26.379209152432395,-3.122426915069809e-05,-3.122426915069809e-05,33.88060354714116,24.563006542722633
15625.424538700001,low_load,low_cognitive_load,-32.592237148028744,-40.07305778137061,-36.43718133739799,-5.2672443427732105,-3.376015411049593e-05,-3.376015411049593e-05,31.21000207807174,3.5484619458538873
15625.835852100001,low_load,low_cognitive_load,-3.00896579965638,20.354128038866293,51.569962385440704,4.184332315865049,-3.477323298284318e-05,-3.477323298284318e-05,19.92795057344256,-2.9662410027685837
15626.187711000002,low_load,low_cognitive_load,37.13732842504578,41.32556837395896,12.419553280424452,42.81898031583296,-3.484103399387095e-05,-3.484103399387095e-05,46.56330558273157,38.318913621686534
15626.561435800002,low_load,low_cognitive_load,35.38080566837198,27.92037212587411,39.404725337003356,30.81745693108678,-3.696713156386977e-05,-3.696713156386977e-05,22.980536729658525,29.71429209418784
15626.966572000003,low_load,low_cognitive_load,68.94189937266538,72.11511149836952,36.30824889519795,53.991783845694954,-3.529363857524004e-05,-3.529363857524004e-05,32.93069827022464,44.29393854404316
15627.323899600002,low_load,low_cognitive_load,-20.880185135615193,-19.683016233629587,-27.933903828422217,-5.432690762875609,-3.617469610617263e-05,-3.617469610617263e-05,10.83659322997255,1.6470880467722964
15627.668232700002,low_load,low_cognitive_load,-21.284468439219836,-30.65972219330979,-21.06764889410897,-47.10125127159472,-3.5240034776506945e-05,-3.5240034776506945e-05,-55.229724901857935,-45.09355115658809
15628.027614400002,low_load,low_cognitive_load,15.071242215269194,-9.337743017574667,-21.193995451623096,4.962626302688932,-3.480285795376403e-05,-3.480285795376403e-05,13.42587821763982,14.233681494882148
15628.4399641,low_load,low_cognitive_load,-2.1422425761729755,29.477947816690175,39.785576823911924,15.751933320738772,-3.481350267975358e-05,-3.481350267975358e-05,16.5658543274767,23.71129591715726
15628.812046300001,low_load,low_cognitive_load,9.55446204685677,26.45405085482753,-30.6529362039023,16.207073458934246,-3.3675116355880164e-05,-3.3675116355880164e-05,8.06802875324729,22.5580722237778
15629.184308400005,low_load,low_cognitive_load,6.706980541310259,-2.357589665408341,33.002405368019254,8.89147854040175,-3.555243256414542e-05,-3.555243256414542e-05,14.573253632372598,10.156156698749783
15629.589356400003,low_load,low_cognitive_load,-20.069416579405697,-17.71094350548401,-63.75684511841678,-23.082832047228294,-3.449021096457727e-05,-3.449021096457727e-05,-42.858188748171415,-26.83552535501576
15629.943024000004,low_load,low_cognitive_load,-11.513097315749292,-4.053534493324605,62.66383794068133,5.041628540056536,-3.3947709198400844e-05,-3.3947709198400844e-05,41.250499153522014,3.8191729332443174
15630.285275600005,low_load,low_cognitive_load,32.534743522789086,29.888756552353243,-21.312676824904884,23.74538626031972,-3.423986436246196e-05,-3.423986436246196e-05,20.740689203857528,25.30316059339384
15630.662053300004,low_load,low_cognitive_load,-17.287559981748927,-14.06343691534812,6.143577863224891,-7.842199710763907,-3.361857216077624e-05,-3.361857216077624e-05,-9.567665611340544,-11.5086829005254
15631.056922100004,low_load,low_cognitive_load,-8.541655653407815,-11.157826121424932,-22.49977777812228,-10.669105824532835,-3.5054177715210244e-05,-3.5054177715210244e-05,2.128407764953863,-13.410352088441869
15631.415665300005,low_load,low_cognitive_load,2.267940840868505,-29.99585849734285,-32.996852406510925,-27.86240861676697,-3.38523213940789e-05,-3.38523213940789e-05,-16.639849836481062,-24.11911136381741
15631.821763600004,low_load,low_cognitive_load,38.05755229257284,48.02526650469326,75.85700947914461,43.43892313518245,-3.257917887822259e-05,-3.257917887822259e-05,48.40578066421949,40.451412863609676
15632.205642500005,low_load,low_cognitive_load,2.8719673657324165,-5.605317820532491,-73.032706984274,-14.860909953493774,-3.56879536411725e-05,-3.56879536411725e-05,-4.244021923880609,-15.588676308716458
15632.582338700005,low_load,low_cognitive_load,1.7678037768246213,14.767354603628064,45.90342463925299,14.381604404465179,-3.7716623410233296e-05,-3.7716623410233296e-05,37.16648277171316,12.048922901139122
15632.973703900007,low_load,low_cognitive_load,11.008678657328801,-0.13315657380280754,-38.5107864326028,-0.9951466501929644,-3.329856554046273e-05,-3.329856554046273e-05,2.721226626429143,-3.2993425003878656
15633.376117400006,low_load,low_cognitive_load,-16.05895110511301,40.22367367145989,54.002021715228466,9.660179735353722,-3.489351092866855e-05,-3.489351092866855e-05,1.1838422500100023,12.039630712971302
15633.757377600006,low_load,low_cognitive_load,-5.976937697433641,-3.1458831856534744,-20.75425620484748,-6.864681975827807,-3.32107756548794e-05,-3.32107756548794e-05,-31.123492488385637,-9.545672985203964
15634.1397199,low_load,low_cognitive_load,6.98297574777007,9.58368558527718,14.716565382765111,3.9118799526704606,-3.3282777621934656e-05,-3.3282777621934656e-05,3.3745362322692927,2.7896287615421897
15634.487157200001,low_load,low_cognitive_load,11.332379967867382,22.27669093747045,43.35396555846887,30.76402222964316,-3.702347839862341e-05,-3.702347839862341e-05,59.322271557406566,37.58184251455123
15634.889121500008,low_load,low_cognitive_load,5.302156900773298,20.325534710089414,-23.48521213946583,16.70455139115211,-3.464491237537004e-05,-3.464491237537004e-05,29.347361595128405,15.603826774880872
15635.289163300007,low_load,low_cognitive_load,33.86203190132164,26.82060576948288,60.198652192599184,21.28269676751279,-3.7424633774207905e-05,-3.7424633774207905e-05,-1.8161724515698552,27.97086102012281
15635.716800500008,low_load,low_cognitive_load,-11.335932245851836,8.777939538638748,-34.642645183457034,2.776633200502147,-3.368439411133295e-05,-3.368439411133295e-05,6.681213116647086,5.877823915835506
15636.080859400001,low_load,low_cognitive_load,21.498353532084366,16.644739746118375,65.08765234447378,11.057537487260106,-3.53577943315031e-05,-3.53577943315031e-05,12.458234020948112,7.410000656199372
15636.473502300001,low_load,low_cognitive_load,30.940191938134376,49.81948819179843,23.160820885511384,39.2865182706073,-3.6206892218615394e-05,-3.6206892218615394e-05,48.10671156601984,43.20048628390168
15636.875074600002,low_load,low_cognitive_load,18.387767945886026,-9.068327540218434,-25.17155170796059,9.320175193601244,-3.594014651753241e-05,-3.594014651753241e-05,39.6877732494404,8.348222499093026
15637.275012100003,low_load,low_cognitive_load,-15.534487366569465,-3.7847253189192998,6.8429097503812955,-8.87901987703026,-3.455718524492113e-05,-3.455718524492113e-05,-18.447562061390727,-9.620719197486324
15637.680363500003,low_load,low_cognitive_load,9.372163289118816,1.3985603995620295,-20.266035723188224,0.31580523251113846,-3.574631682567997e-05,-3.574631682567997e-05,-9.421407000193085,4.6353003224803615
15638.079335800005,low_load,low_cognitive_load,12.646336765699743,22.566095951262923,70.18860957051697,20.101324268668122,-3.386117532500066e-05,-3.386117532500066e-05,3.944638405951082,17.024045183451562
15638.444693700001,low_load,low_cognitive_load,56.38129791543497,35.4358187797543,14.133714305023886,32.42045925706907,-3.6759449358214624e-05,-3.6759449358214624e-05,21.668359830769077,36.45932971271213
15638.812312400001,low_load,low_cognitive_load,11.67520487462707,21.12854286896618,28.378233197270674,12.141664052429405,-3.873898003803333e-05,-3.873898003803333e-05,3.1918040157561336,21.1243347736322
15639.192421700005,low_load,low_cognitive_load,-33.14292351051154,-46.07894251533162,-35.85779362778635,-36.966795023578015,-3.4107439205399714e-05,-3.4107439205399714e-05,-39.59546369762347,-41.34209334096431
15639.578689400005,low_load,low_cognitive_load,-9.573912073810334,-6.90544586324404,-28.838605536664318,-4.628334905789416,-3.59575315087568e-05,-3.59575315087568e-05,14.390612616870385,-11.839931352118583
15639.935978000001,low_load,low_cognitive_load,9.764442510292156,28.415527790217766,32.74790457870267,19.741120798722022,-3.428681065997807e-05,-3.428681065997807e-05,14.325896081161773,22.617502251718633
15640.355918300002,low_load,low_cognitive_load,32.29029467562668,34.85407703918236,11.556482567227931,40.92157708431887,-3.589028347050771e-05,-3.589028347050771e-05,32.28527074794556,42.13342191080028
15640.728327600002,low_load,low_cognitive_load,-34.073355122390694,-30.599669609558532,0.658039036055925,-29.60540307903011,-3.770509465539362e-05,-3.770509465539362e-05,-38.60299168651045,-28.936465110300105
15641.119174900008,low_load,low_cognitive_load,8.106705441306076,23.516683906019352,-10.641851269683912,17.828840431940534,-3.36189104928053e-05,-3.36189104928053e-05,22.972197313628385,17.865366273416385
15641.519207500007,low_load,low_cognitive_load,26.282143869455922,8.415668291897873,56.279201095559756,12.540831003936091,-3.508911959215766e-05,-3.508911959215766e-05,20.262843789780163,11.555608647434383
15641.905327400007,low_load,low_cognitive_load,-16.856430464261393,-29.761408314112487,-14.754488179324653,-25.24898239678214,-3.702264802996069e-05,-3.702264802996069e-05,-42.6426910497612,-11.159163311639986
15642.3104908,low_load,low_cognitive_load,6.055938035632153,-7.224072875262209,-16.85000119549204,-5.570664934271463,-3.277118139521917e-05,-3.277118139521917e-05,-13.777478088443786,-1.9212791768245552
15642.6678665,low_load,low_cognitive_load,63.84537215466844,66.53756265130505,70.06326818529442,49.746809021595254,-3.5080617635685485e-05,-3.5080617635685485e-05,47.01781452302248,57.03744410199033
15643.058852600001,low_load,low_cognitive_load,-32.41662911844196,-36.78697675715739,-71.42762437923443,-40.1900488481333,-3.5731555726670194e-05,-3.5731555726670194e-05,-38.89535480950644,-34.45945778342184
15643.438245100004,low_load,low_cognitive_load,8.220062670905918,7.098035841282581,25.94129499341807,-0.3599378603353216,-3.660230413515819e-05,-3.660230413515819e-05,-26.07889320247523,5.441746467049143
15643.818155500005,low_load,low_cognitive_load,14.942446995886257,18.51488001292182,-27.176867811130478,12.334837557273659,-3.516995911923004e-05,-3.516995911923004e-05,10.022915594155165,16.775695245948555
15644.232604300003,low_load,low_cognitive_load,6.0179387522998695,15.682182073415788,39.95305015470649,20.470026721141494,-3.200983519491274e-05,-3.200983519491274e-05,37.26063487268266,9.271321059671664
15644.627375500004,low_load,low_cognitive_load,19.95686344441856,27.103735335016154,12.71802374930121,19.2255943597811,-3.454699617577717e-05,-3.454699617577717e-05,28.766061041840658,23.451355352877272
15645.031255300004,low_load,low_cognitive_load,-20.162819100647084,-8.333935773241592,-47.785676591817264,-6.561902599695713,-3.718910102179507e-05,-3.718910102179507e-05,5.524334213744623,-19.090790967845805
15645.404480300003,low_load,low_cognitive_load,-59.54441600024893,-62.93543681070196,-35.533436057285144,-59.8660885959971,-3.6005153560836334e-05,-3.6005153560836334e-05,-53.25562657933051,-61.348432204846176
15645.803316400004,low_load,low_cognitive_load,-36.702579589764355,-28.550195035463275,-59.81676090945143,-35.02100597141589,-3.5024362659896724e-05,-3.5024362659896724e-05,-40.48041586071531,-39.03472150649168
15646.200163300005,low_load,low_cognitive_load,50.02753404552186,41.226732707452356,69.94171534391285,47.33495394673537,-3.573923459043726e-05,-3.573923459043726e-05,48.02356225887843,38.00721969424012
15646.588821400006,low_load,low_cognitive_load,-14.778414182022516,-20.436168629236363,-27.99407987418681,-11.024899505621761,-3.579513486329233e-05,-3.579513486329233e-05,-1.017213818849541,-21.075093646245023
15646.991315300007,low_load,low_cognitive_load,-3.6159702326508523,-8.846068727635611,-23.704512915060604,-24.611904919370318,-3.371059938217513e-05,-3.371059938217513e-05,-59.026048726731005,-14.725940854756118
15647.3593665,low_load,low_cognitive_load,16.945410721454664,22.410225884136707,27.908167802230082,13.025523906822855,-3.5575925721786916e-05,-3.5575925721786916e-05,38.291520898559156,9.221303059008278
15647.765903500005,low_load,low_cognitive_load,3.8309287208203386,-4.341019794860131,2.096962691590079,5.961730738747974,-3.5821340134134516e-05,-3.5821340134134516e-05,-27.27229494119183,-5.308517498871879
15648.153511600005,low_load,low_cognitive_load,-24.585944535083854,-10.33635411696423,-25.30928036625619,-23.637012100096854,-3.398043554625474e-05,-3.398043554625474e-05,-22.33954099365883,-32.34664068964776
15648.559235600007,low_load,low_cognitive_load,-64.2577155402821,-132.89665691672053,-40.257530183022254,-56.24194184782027,-3.492133146210108e-05,-3.492133146210108e-05,-28.471189000314098,-47.28864924451727
15648.957337200007,low_load,low_cognitive_load,-22.08194879095936,-49.531052514898875,-42.8115744524589,-38.82880597751682,-3.4286190384591464e-05,-3.4286190384591464e-05,-19.43474727512421,-23.792181373934454
15649.325031400003,low_load,low_cognitive_load,3.212979029980943,7.7027697877206265,25.59993795580499,11.950463908852726,-3.158727940899553e-05,-3.158727940899553e-05,20.597893173428474,8.503894125653915
15649.7658465,low_load,low_cognitive_load,50.59169863610032,50.28003197701719,32.20017518325153,57.119532977028484,-3.402902075322345e-05,-3.402902075322345e-05,61.61451365541052,50.4070250376044
15650.1598341,low_load,low_cognitive_load,-3.0657940146202236,-16.567455588562098,12.46614783457926,-5.488074636202782,-3.803253002843121e-05,-3.803253002843121e-05,17.540758726543118,-9.810187405496436
15650.5458084,low_load,low_cognitive_load,2.3036458332671828,-1.6245147274626106,4.051778830173589,-5.766835457208799,-3.6116199225944e-05,-3.6116199225944e-05,-8.139504843318718,-0.3213219466611008
15650.9382477,low_load,low_cognitive_load,-6.398794681641903,0.6214721206169997,-15.592210914535826,1.9738355052677434,-3.378709880053066e-05,-3.378709880053066e-05,6.803938991909945,5.644226480211273
15651.275026400004,low_load,low_cognitive_load,23.69901305100575,23.419779114798985,25.59983249627794,30.27251928352416,-3.281845238234382e-05,-3.281845238234382e-05,54.30747656284211,23.82438060650611
15651.726880400003,low_load,low_cognitive_load,10.446346126469507,0.4020651059508964,-32.913976888115485,16.080726560419407,-3.3742846426321194e-05,-3.3742846426321194e-05,46.43761225314984,15.011115428190351
15652.030643700005,low_load,low_cognitive_load,-18.801936811327778,0.970299318123125,3.2516404580144354,-7.263830076474733,-3.481309613562189e-05,-3.481309613562189e-05,-9.009769323140972,-6.116872702953515
15652.416257800003,low_load,low_cognitive_load,-0.4475161614791432,-2.7377030691718574,-34.37366623162711,-15.669196715777616,-3.4802074878825806e-05,-3.4802074878825806e-05,-29.988292166266547,-14.281203006843953
15652.813628300002,low_load,low_cognitive_load,27.579966180906922,23.955017654478524,78.05330664164853,29.297271372901832,-3.344860306242481e-05,-3.344860306242481e-05,6.557838495205488,21.881645873845173
15653.201695500002,low_load,low_cognitive_load,1.291541655992205,-11.224038016168379,8.329272054607372,2.059123521099991,-3.560158802429214e-05,-3.560158802429214e-05,10.8593917605167,0.6612552578690156
15653.552941400003,low_load,low_cognitive_load,-45.760899153580795,-65.8806105489798,-74.93120859005217,-62.69058067923834,-3.559321430657292e-05,-3.559321430657292e-05,-54.32226725809369,-57.92843381236844
15653.949361100003,low_load,low_cognitive_load,-59.93596573261266,-8.802531652873768,-10.984098303749533,-31.336410316206184,-3.430542437854456e-05,-3.430542437854456e-05,-33.86837958078377,-24.86644483867667
15654.341584200003,low_load,low_cognitive_load,10.78392796714752,-5.039359826590953,-30.822976175132,-0.6403193145624755,-3.594850568333641e-05,-3.594850568333641e-05,-9.568898983412055,1.0043106322964377
15654.722735300007,low_load,low_cognitive_load,22.491470934587596,34.849348105155514,98.29055361240853,18.767667236472334,-3.421362998778932e-05,-3.421362998778932e-05,-7.496753512464238,25.15604183273308
15655.114114000007,low_load,low_cognitive_load,8.219052570557778,-1.2840351179875142,-9.629119419105109,3.9325539949936683,-3.399179513507988e-05,-3.399179513507988e-05,0.9173765555260616,5.971974487881198
15655.471507800008,low_load,low_cognitive_load,-2.846166647751488,-10.654392754769106,-9.797066187560176,-14.33835578117214,-3.599139472498791e-05,-3.599139472498791e-05,22.978588561649758,-19.082847022734768
15655.871522000007,low_load,low_cognitive_load,-30.490722164966428,-56.446123603253454,-29.728038009635384,-42.47527036726069,-3.2339373319700826e-05,-3.2339373319700826e-05,-35.903330620378256,-38.26177928889547
15656.289230400007,low_load,low_cognitive_load,17.57856880816962,44.88294878799752,-35.69107969805441,4.266933455990056,-3.344843480590498e-05,-3.344843480590498e-05,31.06682825031794,-8.410240932777924
15656.682365100007,low_load,low_cognitive_load,0.6930334285507342,-27.522580428983474,36.25681162050887,7.95600211166402,-3.496286171866814e-05,-3.496286171866814e-05,17.701216069506245,-2.1715050490292924
15657.0720755,low_load,low_cognitive_load,23.782246078983917,26.791157226985433,-2.012357234520323,19.67203699444144,-3.8272190977295395e-05,-3.8272190977295395e-05,17.153930660812875,10.352764838066832
15657.488407100001,low_load,low_cognitive_load,-52.7446906841501,-60.365252311096356,-39.291069485613434,-50.22542429098439,-3.403104346944019e-05,-3.403104346944019e-05,-51.716999604518605,-42.942170996993354
15657.835175600003,low_load,low_cognitive_load,33.55529388517425,20.559434779332605,-21.050186472868745,15.570208128144259,-3.4605126529640984e-05,-3.4605126529640984e-05,26.681854301692056,11.832114567363078
15658.233862800002,low_load,low_cognitive_load,85.84835876896977,91.57280062353493,60.31448557133649,81.56116051927802,-3.461256892478559e-05,-3.461256892478559e-05,90.05416078728786,81.71909266673129
15658.626416200002,low_load,low_cognitive_load,33.844016323158485,26.79828656801965,56.71856936630502,38.885547044284976,-3.704215669131372e-05,-3.704215669131372e-05,29.959284857547118,43.35707355684053
15658.986601500004,low_load,low_cognitive_load,13.764050363727165,18.482016841866425,-9.314943869904482,15.937060889270924,-3.5412692341196816e-05,-3.5412692341196816e-05,26.760880627743518,7.671007618156182
15659.389373900003,low_load,low_cognitive_load,-145.34253649648304,-32.397479023106825,-33.59401651836356,-43.380798032676466,-3.5364126233616844e-05,-3.5364126233616844e-05,-40.63426099018079,-19.967831713315718
15659.756116800005,low_load,low_cognitive_load,6.928271223828233,-54.93763204047491,-23.588151281400542,-35.69260541309677,-3.467480928520672e-05,-3.467480928520672e-05,-34.95075366543733,-42.21293073645893
15660.153092800005,low_load,low_cognitive_load,-23.845943167500536,0.992049526279061,-10.867972260683246,-12.615002956828448,-3.495974488032516e-05,-3.495974488032516e-05,-21.736990005259486,-0.9247902507563595
15660.537088900004,low_load,low_cognitive_load,13.205658605409099,0.3850741759470111,-12.789590722585217,4.333254409658366,-3.501629271340789e-05,-3.501629271340789e-05,14.805918543337157,6.768813995236997
15660.957212800005,low_load,low_cognitive_load,10.855657256115137,20.631749564026904,-21.239694633625504,3.052152132473566,-3.2013522286433727e-05,-3.2013522286433727e-05,3.5722139590784536,11.029709487983382
15661.338838500007,low_load,low_cognitive_load,-20.44307540099544,-31.328994854330176,3.3079364400280156,-24.55730061886652,-3.454312991379993e-05,-3.454312991379993e-05,-10.429754704742663,-32.41329633365285
15661.742704600007,low_load,low_cognitive_load,-11.024486900021202,5.816569358802553,-68.44221987969763,3.567412676881304,-3.4898321246146224e-05,-3.4898321246146224e-05,-18.56564421784924,-0.07217416288358436
15662.152019800002,low_load,low_cognitive_load,23.264454874251896,15.366867662986351,62.95110426248493,14.704737294456663,-3.451460906944703e-05,-3.451460906944703e-05,1.9269340242981343,16.47027521078826
15662.513169000002,low_load,low_cognitive_load,-18.31383762359428,-8.985981580516636,-71.84790091706213,-12.072428480836152,-3.4858339859056287e-05,-3.4858339859056287e-05,-26.683805083836432,-9.973406178402001
15662.894469500001,low_load,low_cognitive_load,167.34270434288192,158.37464902576903,138.09894655933385,109.95338438099543,-3.479183851595735e-05,-3.479183851595735e-05,91.51477292801701,91.63018137098061
15663.260832700002,low_load,low_cognitive_load,-28.44654086721812,1.0697991615456885,-27.439516552661644,3.001720576507523,-3.6438605093280785e-05,-3.6438605093280785e-05,26.531186008257464,14.190256202638466
15663.6332841,low_load,low_cognitive_load,14.940428495067408,16.137365233946184,-12.786131190939614,2.9670100186394848,-3.4092910937033594e-05,-3.4092910937033594e-05,16.65662759448651,3.3755730997718274
15663.972425200001,low_load,low_cognitive_load,-33.85754285405119,-11.316212634614203,-7.984631923990264,-27.783703801335832,-3.4440770832588896e-05,-3.4440770832588896e-05,-34.78312879956047,-11.965340711132285
15664.370688500001,low_load,low_cognitive_load,-26.32731020958363,-41.37015291242278,-65.20444082310973,-34.950935376531106,-3.710856162797427e-05,-3.710856162797427e-05,-41.25652286181821,-33.575732778749625
15664.737082900001,low_load,low_cognitive_load,-40.01576935903995,-44.99029137269099,-24.687776042554106,-45.502706219872834,-3.5288820072310045e-05,-3.5288820072310045e-05,-49.77657073197088,-47.92911558044443
15665.114992900002,low_load,low_cognitive_load,-130.86298489961973,-120.12293766372795,-145.6635348591078,-125.5223870110608,-3.578098130674334e-05,-3.578098130674334e-05,-108.87458061970074,-125.30554778838723
15665.472494200003,low_load,low_cognitive_load,83.75949973575871,35.97004230954917,111.79513814951474,20.771081244305606,-3.65930745829246e-05,-3.65930745829246e-05,-10.463270119426397,6.165364740484165
15665.865961200003,low_load,low_cognitive_load,-85.52119999049046,-40.816591565521776,-129.98791586376615,-38.13616543925809,-3.262256814196007e-05,-3.262256814196007e-05,-3.0037400295004772,-30.343320308624243
15666.252634000002,low_load,low_cognitive_load,58.01429712189747,42.07628025556869,40.50046440275628,25.15734989669727,-3.4541202694526874e-05,-3.4541202694526874e-05,13.728984622885946,25.495139083575395
15666.662542700002,low_load,low_cognitive_load,-33.344252704765495,-27.554811703953874,-7.0385226669893655,-14.154108695281593,-3.481057592580328e-05,-3.481057592580328e-05,17.967291634074627,-18.031609552760983
15667.066247700002,low_load,low_cognitive_load,17.053472817609418,13.543569244960963,-26.62685161041145,10.272116006234228,-3.1977283470041584e-05,-3.1977283470041584e-05,2.484423851246447,18.41708603058487
15667.435582700004,low_load,low_cognitive_load,9.308562223309764,5.559019498318321,65.5085682291533,7.888961974007543,-3.3250197702727746e-05,-3.3250197702727746e-05,-13.35429893649507,5.878853259281641
15667.808020700004,low_load,low_cognitive_load,-54.96310252474677,-60.14339220605507,-68.75919385033217,-62.49617781930647,-3.5682292946148664e-05,-3.5682292946148664e-05,-37.369755234201875,-60.12257477626781
15668.215426000004,low_load,low_cognitive_load,-26.290573520487214,3.3742891693304955,-7.427414810849314,-2.439089549628534,-3.439139072725084e-05,-3.439139072725084e-05,-5.436548148086786,-5.880513716417681
15668.584971200005,low_load,low_cognitive_load,-9.33403011156497,-22.77592287928792,-2.7207141373810373,-17.180653055140738,-3.512020339258015e-05,-3.512020339258015e-05,-35.01335184502477,-14.735878397125362
15668.972182500005,low_load,low_cognitive_load,-0.035917830226026126,3.604344235523513,-15.066268942204943,-1.5944464258432163,-3.450699477980379e-05,-3.450699477980379e-05,-0.055150675028471596,-7.795947712381803
15669.338471200006,low_load,low_cognitive_load,-38.250296931974844,-41.06505147074813,7.355241823207507,-25.813560787752067,-3.361735616635997e-05,-3.361735616635997e-05,-25.380566709152845,-35.84874624905615
15669.726141700006,low_load,low_cognitive_load,1.23234995889743,0.13731490447526085,-24.91319885834696,-9.622050387849868,-3.5530601962818764e-05,-3.5530601962818764e-05,-6.206091301538436,-8.9485346290071
15670.128718800006,low_load,low_cognitive_load,16.751341695743122,18.29028499096239,51.662679042535046,23.036969808115828,-3.7298247661965434e-05,-3.7298247661965434e-05,-6.574374739033374,19.508124782481445
15670.538851600008,low_load,low_cognitive_load,2.1010090167160342,1.603389000750667,-25.932865087603886,1.2635365736950916,-3.1845188459556084e-05,-3.1845188459556084e-05,8.59206369200274,8.915662537115622
15670.944635700002,low_load,low_cognitive_load,-28.794363934689045,-30.546196816490465,-28.471695798238216,-25.36445772167417,-3.544680748746032e-05,-3.544680748746032e-05,-40.06529072721651,-37.21940813407491
15671.3507814,low_load,low_cognitive_load,-20.87868903225626,-30.947201867836156,-29.854524395312637,-15.649990296871692,-3.2266938433167525e-05,-3.2266938433167525e-05,-1.7852797920418197,-18.624717847357715
15671.738270900001,low_load,low_cognitive_load,-10.822164774575413,-18.433250144458725,-40.80976989306714,-18.50091541312031,-3.375065625732532e-05,-3.375065625732532e-05,0.04249271317212333,-12.845121439581362
15672.117170700001,low_load,low_cognitive_load,-33.82283209565321,-41.63999517123739,-26.39971471469198,-43.532875982394216,-3.539848330547102e-05,-3.539848330547102e-05,-33.217785340413684,-41.680943662039226
15672.499555600005,low_load,low_cognitive_load,-5.888477592956406,3.4623587886526366,-31.872519193107337,-0.34096045526075613,-3.355646458658157e-05,-3.355646458658157e-05,1.3047982817397497,-0.055226964134817536
15672.896018300005,low_load,low_cognitive_load,-23.67293046502391,53.89867112234515,32.53202814936435,23.940522832420356,-3.17750700560282e-05,-3.17750700560282e-05,27.056372380328867,36.66497320332792
15673.311000100006,low_load,low_cognitive_load,-1.1970901026993488,-8.961081617126638,-37.69219275925934,-8.250135591088565,-3.6722734876093455e-05,-3.6722734876093455e-05,-12.264104840810433,-10.428846061185595
15673.703647100006,low_load,low_cognitive_load,-17.252445112475925,-4.263232533915925,16.327351480634206,5.145672634250332,-3.395424209884368e-05,-3.395424209884368e-05,7.918245861932519,-3.885529252528613
15674.079664400006,low_load,low_cognitive_load,-43.39476849621724,-58.306053470978895,-55.555929530655476,-43.12885841747811,-3.3513981179567054e-05,-3.3513981179567054e-05,-17.95910709599184,-29.943956189319124
15674.483385300005,low_load,low_cognitive_load,-42.12997175308192,-32.58061836120805,36.284057045156715,-18.51663241147662,-3.476875372143695e-05,-3.476875372143695e-05,-4.027334796001014,-17.492902462806796
15674.893918600006,low_load,low_cognitive_load,7.646463072044298,-5.116687675861158,20.57460535942846,-6.4594496876006815,-3.341793217259692e-05,-3.341793217259692e-05,-25.75878293047299,-11.481377903996417
15675.279762100006,low_load,low_cognitive_load,-45.5320123072288,-43.481815479637135,-67.37150150046,-46.913845584061164,-3.4223801776533946e-05,-3.4223801776533946e-05,-35.8575094546336,-44.398653831000956
15675.667688600006,low_load,low_cognitive_load,-15.843136894181043,13.330007672098418,36.72927138527075,-1.3891639866965306,-3.56251657649409e-05,-3.56251657649409e-05,24.727897966607998,-6.079472545068711
15676.075328000008,low_load,low_cognitive_load,-8.10486874658909,-11.40247697947325,-79.69999226578193,-3.5548462724018464,-3.565665701898979e-05,-3.565665701898979e-05,-11.231892949214853,-7.987472128802892
15676.497513900007,low_load,low_cognitive_load,-0.4170210783272523,16.72884838540631,11.590807148224485,3.210937892329639,-3.375923552084714e-05,-3.375923552084714e-05,3.235497355856751,4.719898361201558
15676.8732008,low_load,low_cognitive_load,48.76875077705472,24.260282919944075,-15.559961684447899,-2.124378697477823,-3.3482540857221466e-05,-3.3482540857221466e-05,-11.16370929225468,-7.565799598742615
15677.2331672,low_load,low_cognitive_load,-15.12680969964049,-7.509287775214489,26.634600769059944,1.6723716073452124,-3.614756315073464e-05,-3.614756315073464e-05,-9.883113071298794,1.842782889119917
15677.652039100001,low_load,low_cognitive_load,21.743013773376788,17.292171618234534,30.102793976004705,5.62974378847548,-3.380073667358374e-05,-3.380073667358374e-05,5.019890814462997,11.339049614046871
15678.023544100002,low_load,low_cognitive_load,18.91034416306411,-6.969297149055365,-51.17814864945694,3.3693321573823596,-3.322835527796997e-05,-3.322835527796997e-05,2.4126633844553,10.79069510480349
15678.421933900003,low_load,low_cognitive_load,-84.1541460175099,-87.39161803385014,-74.83113246232551,-68.96446253878321,-3.164346890116576e-05,-3.164346890116576e-05,-59.997535529124434,-68.85105866735557
15678.819063500003,low_load,low_cognitive_load,73.53606296646194,77.82556398925772,51.66144360080898,34.51282084636068,-3.3346060263284016e-05,-3.3346060263284016e-05,20.144893637960195,24.02308081906085
15679.228013000004,low_load,low_cognitive_load,-31.674318156583922,-25.57553336724868,-50.85352473537364,-11.698680857789896,-3.7696390791097656e-05,-3.7696390791097656e-05,18.162251698019645,-1.2502907184352807
15679.544278500003,low_load,low_cognitive_load,36.0765535373348,34.48663618427054,50.908494386821076,31.563627713815094,-3.506134362396551e-05,-3.506134362396551e-05,18.555835659351942,24.997692775305495
15679.912992900005,low_load,low_cognitive_load,-31.084049299027356,-9.813012033893301,-45.31485218235366,-17.705989090125513,-3.5970456337963697e-05,-3.5970456337963697e-05,-19.409196882309516,-7.576307477605951
15680.313132100006,low_load,low_cognitive_load,-24.13393090915406,-22.656339405394192,8.37457164179068,-16.394529596999746,-3.5506754102243576e-05,-3.5506754102243576e-05,-16.20800562497334,-13.864793645135705
15680.707109900006,low_load,low_cognitive_load,6.041679618341732,-8.239389964696784,-20.824431388760786,-4.086055592851153,-3.4690694519667886e-05,-3.4690694519667886e-05,-17.680788702004065,-4.959449132337795
15681.102226900006,low_load,low_cognitive_load,-27.086203300607394,-27.07375866867187,-27.688671986873942,-43.4368258366444,-3.3505932151456363e-05,-3.3505932151456363e-05,-56.91464569335494,-38.99000581258133
15681.523930900006,low_load,low_cognitive_load,-43.993587481716986,-20.073730548367166,-2.8738360528450357,-10.53463216731052,-3.456317790551111e-05,-3.456317790551111e-05,-0.6806635624780029,-19.069572621324824
15681.882362000006,low_load,low_cognitive_load,-39.16760113007149,-20.961586727212307,-92.16762546812174,-26.63615924365604,-3.240192381781526e-05,-3.240192381781526e-05,-33.14444848658786,-24.47586687387684
15682.241724200005,low_load,low_cognitive_load,17.27500781259414,10.316794450205634,37.366928621727766,13.621516755522862,-3.497200941637857e-05,-3.497200941637857e-05,22.23084539638876,14.66989057682349
15682.642451000003,low_load,low_cognitive_load,16.399128389637553,19.112961195664866,16.774639440971896,16.026197914306067,-3.3422207707189955e-05,-3.3422207707189955e-05,-15.060958624654631,14.12560384074277
15683.026493000007,low_load,low_cognitive_load,-69.94340866442963,-53.540624356136505,-27.416455845320343,-22.098438041177815,-3.126621595583856e-05,-3.126621595583856e-05,2.984827418009445,-7.8442344740115
15683.377662600007,low_load,low_cognitive_load,23.908815904040694,39.244437326891784,36.14629481346401,30.7362288765853,-3.2634645322104916e-05,-3.2634645322104916e-05,39.523042159365104,35.450034249844975
15683.735485700006,low_load,low_cognitive_load,-65.50552428736228,-33.485170158745404,-35.349736873362644,-6.852745182676699,-3.338163878652267e-05,-3.338163878652267e-05,14.421489111409755,14.676678213860669
15684.127894700006,low_load,low_cognitive_load,-79.6551549642295,-63.14571695620907,-22.67620947858586,-27.708732518119177,-3.292543533461867e-05,-3.292543533461867e-05,4.644464581441753,-16.225782943192826
15684.5422139,low_load,low_cognitive_load,-1.4420525685991379,1.0218303484166427,-39.50896325814824,-12.760567394823738,-3.6368140172271524e-05,-3.6368140172271524e-05,-14.837681789257658,-27.20864942517119
15684.935634000001,low_load,low_cognitive_load,-76.24198949043557,-108.81605842916088,14.806409652291222,-35.36805161180291,-3.668335648399079e-05,-3.668335648399079e-05,-21.469735214369393,-21.36824436210736
15685.338180800001,low_load,low_cognitive_load,6.249825399117981,16.72209188531633,21.861701290948076,4.602701408343364,-3.192301301169209e-05,-3.192301301169209e-05,-13.105230629606922,6.127669010906175
15685.6919417,low_load,low_cognitive_load,9.707904753996445,8.681656768807443,-25.425215422904785,1.7048308733265003,-3.338256010465557e-05,-3.338256010465557e-05,7.578045531404314,14.029332287512716
15686.069365000003,low_load,low_cognitive_load,1.0592682764586243,-8.202110633370921,9.236209641682763,-9.288582206515912,-3.564667986211134e-05,-3.564667986211134e-05,-23.341038929091155,-18.450637887208813
15686.501001300003,low_load,low_cognitive_load,42.37591497946232,44.30688617957094,4.1349719006007035,28.856106725195787,-3.344432116136886e-05,-3.344432116136886e-05,18.70420200886292,32.475080251251256
15686.847526000003,low_load,low_cognitive_load,20.07232255181225,17.756420828551654,50.87346782197483,11.552801850794367,-3.605716210586252e-05,-3.605716210586252e-05,5.686889670546407,9.392172435532757
15687.215392300004,low_load,low_cognitive_load,17.35294884237055,-12.01312885257812,2.254889721932159,14.339558949540333,-3.392157123016659e-05,-3.392157123016659e-05,29.897040821592782,-0.5855564588619018
15687.615386400004,low_load,low_cognitive_load,-7.227317727299578,4.659130739801185,-9.218408406880826,2.3688114790566033,-3.454465877439361e-05,-3.454465877439361e-05,3.122556236887249,-2.510340974920382
15688.007572500004,low_load,low_cognitive_load,-6.4184372392214755,-5.01293808841956,13.118318287354214,-4.624290561322141,-3.5182292776880786e-05,-3.5182292776880786e-05,13.0903327488586,3.687642598232287
15688.404402000004,low_load,low_cognitive_load,5.207547602932209,-8.151732785626791,-33.89773162545316,-8.754613962713847,-3.6139065741735976e-05,-3.6139065741735976e-05,-5.833304398670407,-4.194628152897167
15688.788688500004,low_load,low_cognitive_load,8.395002322415621,-4.7486753106195465,41.86394052574087,-0.7703842393425475,-3.625849240052048e-05,-3.625849240052048e-05,1.1597435454214065,-3.1341565799871205
15689.175554000005,low_load,low_cognitive_load,56.86195430090265,64.97760137351543,72.95630620943075,56.12051602353267,-3.383676357771037e-05,-3.383676357771037e-05,29.665779902895338,53.38412438729574
15689.570972300005,low_load,low_cognitive_load,-21.10461521928164,-45.099976718824564,-41.92386150006223,-26.456787932565476,-3.410934186831582e-05,-3.410934186831582e-05,-18.310264849976193,-26.01907447517624
15689.892131900006,low_load,low_cognitive_load,31.62318374661936,56.13114618714553,48.14786501893195,40.973528168379744,-3.763890254049329e-05,-3.763890254049329e-05,42.394389725422116,34.48968433362825
15690.290245500006,low_load,low_cognitive_load,39.85791404238125,24.31394282101155,-36.6906907320365,23.490642180947816,-3.487419235170819e-05,-3.487419235170819e-05,13.63003568615477,23.01513959753356
15690.678332100006,low_load,low_cognitive_load,-16.366267884294302,-28.7345326945142,-7.324429536875414,-23.21991941860142,-3.361594008310931e-05,-3.361594008310931e-05,-12.98050672341924,-19.039005373268992
15691.034947600006,low_load,low_cognitive_load,6.492723420384664,17.977140042317387,-2.853388287015605,17.0000428463145,-3.3663969588815235e-05,-3.3663969588815235e-05,23.120115840815743,9.990070295897112
15691.397254800006,low_load,low_cognitive_load,32.82949844770337,5.323544464942188,61.0204814322301,3.9637519107541266,-3.445953188929707e-05,-3.445953188929707e-05,-3.188969873914175,3.292620246945262
15691.780888100006,low_load,low_cognitive_load,-83.26848973846518,-69.98619599210679,-10.721990296192871,-21.814917040050204,-3.4976132155861706e-05,-3.4976132155861706e-05,-7.463850318908953,-0.14517618053014303
15692.148361700005,low_load,low_cognitive_load,49.54347680620185,31.755789519869722,1.2298690568459278,26.00875610653884,-3.655518867162755e-05,-3.655518867162755e-05,20.991720744903432,20.141349906834876
15692.551868,low_load,low_cognitive_load,36.5456259745356,43.99674662612415,53.717957336302334,33.20262914276782,-3.422579356993083e-05,-3.422579356993083e-05,36.210506467032246,23.9161070956834
15692.892380200003,low_load,low_cognitive_load,-20.10674191880844,-22.4513569683304,-82.9399171573657,-20.957712228248056,-3.5014499189855997e-05,-3.5014499189855997e-05,-19.27705621072164,-18.005537176049984
15693.272436100006,low_load,low_cognitive_load,-0.5675572429918248,6.125902353792753,14.139506403665564,-11.370560284357452,-3.467718306637835e-05,-3.467718306637835e-05,-0.12678182581294095,-0.7145128871861743
15693.668615300006,low_load,low_cognitive_load,17.48649646001104,25.67261153488562,11.774892172968066,18.262578249268245,-3.5862969525624067e-05,-3.5862969525624067e-05,1.212846009138957,20.607600969217856
15694.036427300007,low_load,low_cognitive_load,21.092137594256656,-2.3801103683567817,54.93605482712701,15.848146506044486,-3.5681159715750255e-05,-3.5681159715750255e-05,38.40740217942039,7.905262226078321
15694.396361800007,low_load,low_cognitive_load,3.347335210147321,14.15884286273058,19.614997300296636,6.944598258662609,-3.3884309232234955e-05,-3.3884309232234955e-05,7.624369853826465,15.926256787557577
15694.7532814,low_load,low_cognitive_load,-44.62215972464219,-32.633593057621056,-32.657587437915936,-28.082987754070473,-3.538145301718032e-05,-3.538145301718032e-05,14.492464333568932,-39.18917890639386
15695.122466100001,low_load,low_cognitive_load,21.17492189179393,30.41900263065054,35.61014154025588,20.248049081567387,-3.478791677480331e-05,-3.478791677480331e-05,13.177300718782135,20.720741776145132
15695.515325200007,low_load,low_cognitive_load,-35.23795020690022,-43.68662449844078,-88.82578888776015,-41.44094873455424,-3.408103384572314e-05,-3.408103384572314e-05,-37.47197937412329,-38.974833197749376
15695.887657700006,low_load,low_cognitive_load,52.81646517807894,9.408950704228118,50.54021114713214,36.757202089014754,-3.6665166589955334e-05,-3.6665166589955334e-05,58.68181572385765,26.737953618385745
15696.271503900007,low_load,low_cognitive_load,-15.358734661184826,8.792468844897485,-8.436669120715123,0.1122256387861853,-3.60843932867283e-05,-3.60843932867283e-05,-0.9483036903693574,1.2033981727186074
15696.678838500007,low_load,low_cognitive_load,20.54431788093825,11.999315360919809,10.997910161565414,13.37568661260093,-3.2328466659237165e-05,-3.2328466659237165e-05,3.57278421922274,1.230654654083537
15697.0682225,low_load,low_cognitive_load,-8.657593658973838,-20.273016460973395,5.863437800048359,-15.843121574083398,-3.517716413625749e-05,-3.517716413625749e-05,-16.314197356107798,-18.754530066904863
15697.4563498,low_load,low_cognitive_load,-12.305597996441065,29.0633095892008,-68.10201592213343,0.505887145664019,-3.664455925900256e-05,-3.664455925900256e-05,11.9549271319338,12.404528391257827
15697.8133259,low_load,low_cognitive_load,62.204995179186426,34.75492554181528,66.1730383636509,43.51351563148137,-3.605789879657095e-05,-3.605789879657095e-05,33.96617229349522,38.0272372298773
15698.1881782,low_load,low_cognitive_load,-43.58466490961473,-33.09341307894647,-55.30276713379817,-40.76775321954847,-3.608495080698049e-05,-3.608495080698049e-05,-25.012269989967535,-39.97332534497173
15698.538246400001,low_load,low_cognitive_load,35.08788039694855,18.931544552062405,49.78782376173149,24.92118216119161,-3.4332223549427e-05,-3.4332223549427e-05,16.55054153333731,15.538869313995292
15698.901566500002,low_load,low_cognitive_load,-4.623897191922424,-20.573328924000634,-20.35366745213969,-24.81474069256774,-3.3170057577081025e-05,-3.3170057577081025e-05,-20.916924024948457,-28.045521782964897
15699.318576500002,low_load,low_cognitive_load,-42.22540883903184,-39.79309361726655,-44.25567735031359,-3.4594509480502893,-3.479446240817197e-05,-3.479446240817197e-05,-5.683938444220075,10.108956831977594
15699.676375300003,low_load,low_cognitive_load,31.34404707805652,7.970000814022569,19.761752501972296,-4.735109252510483,-3.368794477864867e-05,-3.368794477864867e-05,-6.504179101661066,1.5431858935394303
15700.057474000003,low_load,low_cognitive_load,-106.34766853765404,-84.65064239334379,-41.191275555235734,-29.920842070713206,-3.493694566714112e-05,-3.493694566714112e-05,-21.691785318935217,-17.048987259507612
15700.451269300003,low_load,low_cognitive_load,-41.68322630846296,-42.340024620828444,4.427154793950649,-4.625435830783772,-3.596509213821264e-05,-3.596509213821264e-05,11.072528355466602,-2.1144499387510223
15700.868749500005,low_load,low_cognitive_load,38.588928877396484,18.921919422892188,28.148495527032537,12.429514753516287,-3.2909879337239545e-05,-3.2909879337239545e-05,20.637597275600456,4.971148449712928
15701.216770300003,low_load,low_cognitive_load,-50.050231436158356,-105.89072253557606,-89.2602424174247,-43.007826611878045,-3.695357736432925e-05,-3.695357736432925e-05,-21.6756521210782,-31.63038357108144
15701.579315400004,low_load,low_cognitive_load,31.979551977438405,47.39266495394804,56.584460028549074,37.60759334322256,-3.517749337333953e-05,-3.517749337333953e-05,30.470745274362343,42.859690548818435
15701.998236900004,low_load,low_cognitive_load,18.12848678873661,9.830774434639807,16.520582082509463,23.63887365942992,-3.426319472055184e-05,-3.426319472055184e-05,37.65266942174094,12.016664406355176
15702.327939700004,low_load,low_cognitive_load,-73.62340084205243,27.36004520636152,19.88615962069025,8.571475718272268,-3.412497244426049e-05,-3.412497244426049e-05,8.956853758469151,18.170276079291853
15702.712347100001,low_load,low_cognitive_load,-26.811783328284946,-43.18881834955528,1.8346673932796875,-7.441647553470375,-3.431984168855706e-05,-3.431984168855706e-05,12.023369471837213,4.1716083717606125
15703.082061000001,low_load,low_cognitive_load,6.296807578753032,14.304485637693233,-21.355968086967096,-4.593433292493046,-3.479172573861433e-05,-3.479172573861433e-05,17.947214303997498,-6.775761372641682
15703.462870500003,low_load,low_cognitive_load,-8.812047293921296,-13.211974805632508,11.197670299947731,-16.785806100456284,-3.3176203032780904e-05,-3.3176203032780904e-05,-35.123219983471245,-11.685328005461088
15703.850723500005,low_load,low_cognitive_load,-3.4691100868772082,5.456813377442813,-24.041351342662892,-4.335601687268081,-3.607179496611934e-05,-3.607179496611934e-05,-25.651540722663412,2.397643635343229
15704.258425500006,low_load,low_cognitive_load,-36.37588845545815,-26.4308821969812,2.4816607275015485,-22.751382881636346,-3.669138368422864e-05,-3.669138368422864e-05,-61.42357187970083,-30.676981387502565
15704.642186200006,low_load,low_cognitive_load,-0.7767632605841754,-34.30179594509991,14.721821028516842,-8.83168892586582,-3.510151327645872e-05,-3.510151327645872e-05,4.030032797359127,-0.7766623088141387
15705.038625500005,low_load,low_cognitive_load,-31.296984979488116,-1.2529582668780677,-86.40607904528792,-18.2853874218049,-3.5181529710826e-05,-3.5181529710826e-05,3.720700889522959,-17.21930415379711
15705.453958100006,low_load,low_cognitive_load,13.56776913230442,-4.836561814660854,17.869065416280137,0.4448528793022888,-3.577702136681182e-05,-3.577702136681182e-05,-7.954973974264249,5.45332296502329
15705.885828,low_load,low_cognitive_load,-63.27878366061486,-126.90335015253322,-24.627368965115238,-21.686278011325157,-3.417251082282746e-05,-3.417251082282746e-05,12.61611357746824,-9.808779633319318
15706.4428076,low_load,low_cognitive_load,-50.687829117896854,-41.708602364009494,56.56522894565069,20.751916560594054,-3.7710979086114094e-05,-3.7710979086114094e-05,38.679587505763266,39.54167936793101
15707.398564200003,low_load,low_cognitive_load,41.82825276743915,20.334960714739736,36.828831908308985,23.442249454761622,-3.662345443444792e-05,-3.662345443444792e-05,-7.044085028400332,4.117826765371774
15707.640207700004,low_load,low_cognitive_load,-45.8491008485621,-87.41578394679891,-37.650931053648264,-26.086589894353892,-3.468419799901312e-05,-3.468419799901312e-05,-11.988751593930829,-14.545871422858909
15707.832257500004,low_load,low_cognitive_load,-140.28243784144797,-156.84558518256927,-30.40857275207054,-37.36297933401784,-3.7447004615387414e-05,-3.7447004615387414e-05,13.504570174380206,-18.306228070797715
15708.015683200005,low_load,low_cognitive_load,-69.93353483474675,-72.64767482430625,-37.88472053181749,-15.276520790022005,-3.6675262890639715e-05,-3.6675262890639715e-05,13.388946501632745,5.687735942429299
15708.205446500006,low_load,low_cognitive_load,11.631990476450483,0.6849630647143385,38.42404933304397,5.210486988353296,-3.54948142557987e-05,-3.54948142557987e-05,-29.616925131463177,-10.875752784813358
15708.534550900005,low_load,low_cognitive_load,-2.3051926765992903,14.122571780909311,9.357093030134365,-4.268272978982168,-3.474483310128562e-05,-3.474483310128562e-05,-12.575228672535559,-4.185445504399013
15708.933349500006,low_load,low_cognitive_load,-32.681613968054535,-86.29701826206838,-33.38135554727296,-38.02777637305826,-3.7484603126358707e-05,-3.7484603126358707e-05,-19.12917042112167,-10.314025077775113
15709.319779200006,low_load,low_cognitive_load,-0.11726379707306478,-3.0402329956577887,18.336440359394146,-0.14177103533847912,-3.584636124287499e-05,-3.584636124287499e-05,6.012230578881827,-7.20257363489327
15709.726047600006,low_load,low_cognitive_load,32.17465665207283,48.62873930218075,17.42277965926087,39.84262471013517,-3.3623432500462513e-05,-3.3623432500462513e-05,35.71095355091984,40.09492609139306
15710.1182116,low_load,low_cognitive_load,165.94342163721058,216.14304544226934,93.07740014668889,63.68505643029857,-3.5094602026219945e-05,-3.5094602026219945e-05,20.98001203466174,27.927396367055735
15710.471005500005,low_load_completed,low_load_completed,-104.26079038120542,-134.01028624666696,-62.6084863785793,-75.83945319755094,-3.692199970828369e-05,-3.692199970828369e-05,-35.80380963658263,-65.42905121033391
15710.875427000006,low_load_completed,low_load_completed,53.24813050154489,51.47183508889748,17.942165100170314,21.11432135265386,-3.436330462136539e-05,-3.436330462136539e-05,-6.11019274186674,28.782074138911412
15711.228675800003,low_load_completed,low_load_completed,0.2534012453188552,2.940814515953207,6.877068719546514,-5.957909177662714,-3.531590937200235e-05,-3.531590937200235e-05,-21.712714969570698,0.0958525430814916
15711.571903800006,low_load_completed,low_load_completed,-12.655139783597406,2.8484348477231833,-8.275183866383486,11.786932360336323,-3.612467207858572e-05,-3.612467207858572e-05,15.604166625900689,9.227686022526541
15711.954862100005,low_load_completed,low_load_completed,-2.43012403449211,-39.92666699931078,16.380760739922152,-3.0900345084310175,-3.577590177883394e-05,-3.577590177883394e-05,6.84196434165915,-3.190473172648126
15712.321414900007,low_load_completed,low_load_completed,-40.97110862991212,-24.50759853806494,-86.21378373084826,-49.381459391746375,-3.453914268902736e-05,-3.453914268902736e-05,-61.122237583480455,-54.32938266658857
15712.717598800007,low_load_completed,low_load_completed,10.552018073330146,11.901472415457647,43.176193185433476,18.46196098577775,-3.312870194349671e-05,-3.312870194349671e-05,9.059947734997877,11.94948190114701
15713.100974200006,low_load_completed,low_load_completed,51.02577426553307,42.0939212995504,21.76383403463933,11.847913286897438,-3.500511684251251e-05,-3.500511684251251e-05,4.900984074420194,17.311355505903066
15713.522127700006,low_load_completed,low_load_completed,-33.43987995193538,-28.72784187528123,-17.73584306353291,-13.290769868421648,-3.465675581537653e-05,-3.465675581537653e-05,-20.807259640270786,-4.152032461834551
15713.912523100007,low_load_completed,low_load_completed,8.950798148322974,7.55333416604617,14.255041550549322,-4.7426882428858335,-3.6453605389397126e-05,-3.6453605389397126e-05,-39.012870786691565,-12.195037582328496
15714.317601700008,low_load_completed,low_load_completed,25.35096058064073,26.088632274125303,-3.546147971193932,14.932398936288337,-3.489198752504308e-05,-3.489198752504308e-05,-10.334614086923466,26.965903692682332
15714.730068800007,low_load_completed,low_load_completed,23.649987209845676,22.043957540043266,52.97647376181385,14.087648073926175,-3.338152055221144e-05,-3.338152055221144e-05,-13.811761654856127,9.378933988095923
15715.0983815,low_load_completed,low_load_completed,23.27800802625825,53.5053056237889,52.25954456674481,44.79551400297714,-3.455280511843739e-05,-3.455280511843739e-05,47.25017322776239,43.312381923775774
15715.470528300002,low_load_completed,low_load_completed,-119.24909992355197,33.613749338777325,-50.66787756562712,11.527572874437737,-3.552115049387794e-05,-3.552115049387794e-05,38.36601360151781,21.153346045604394
15715.882273900002,low_load_completed,low_load_completed,73.50832681705424,54.13797360844592,81.7030095659893,58.36764108272746,-3.209888018318452e-05,-3.209888018318452e-05,15.155971294770097,64.82546123803968
15716.254778500002,low_load_completed,low_load_completed,-71.6956618214067,-29.433166210275886,-59.22714141501251,-50.62578877885562,-3.398728040338028e-05,-3.398728040338028e-05,-61.05335459313483,-40.08317083034672
15716.620074600003,low_load_completed,low_load_completed,32.618332304813975,12.152862697180353,47.47539525854427,15.222325801378702,-3.577129973564297e-05,-3.577129973564297e-05,-4.779941657105155,23.523952305391504
15716.976563500004,low_load_completed,low_load_completed,34.32946991176959,-44.45706482502237,37.16434984705893,7.526175582382166,-3.535044652380748e-05,-3.535044652380748e-05,12.428270133150363,9.40448704981236
15717.383860700002,low_load_completed,low_load_completed,23.32017862675957,69.91901466838681,3.6322780029940986,24.480231808694498,-3.4954899092554115e-05,-3.4954899092554115e-05,17.3850700990115,44.8760683937744
15717.791331400002,low_load_completed,low_load_completed,37.406449010306915,43.13513783563576,22.298945440032185,-0.6892688447624096,-3.494835982564837e-05,-3.494835982564837e-05,-11.314000490689978,-15.736151046248324
15718.140404400005,low_load_completed,low_load_completed,-78.06151626905057,-96.81562586479595,-62.76958351374765,-51.76338697694837,-3.360379378136713e-05,-3.360379378136713e-05,-38.44259618682281,-46.09150950602407
15718.534053900004,low_load_completed,low_load_completed,-8.746224813753997,12.511575475316477,3.6279313864515643,-11.945604833657853,-3.158683011861285e-05,-3.158683011861285e-05,-12.801671497798907,-19.714092253553645
15718.928080000003,low_load_completed,low_load_completed,-4.467502707624135,70.32820456075251,37.64207848056776,42.30940203677619,-3.2370875487686135e-05,-3.2370875487686135e-05,65.02904255005978,45.902086605713976
15719.325448600004,low_load_completed,low_load_completed,-26.96820706597282,-67.87368687830667,-89.29767094082695,-33.34908423703746,-3.5092262805846985e-05,-3.5092262805846985e-05,-6.76436373884917,-36.79005016918245
15719.689804700005,low_load_completed,low_load_completed,18.855085732944644,34.101407044529424,27.166427411422774,16.433773043714154,-3.2276127058139537e-05,-3.2276127058139537e-05,9.701809426988802,17.301599293152776
15720.090196600006,low_load_completed,low_load_completed,156.66048219944105,159.838488002571,44.699896274870525,56.501347184205315,-3.2646546060277615e-05,-3.2646546060277615e-05,38.41009001396469,21.872063151242855
15720.477355100005,low_load_completed,low_load_completed,-13.960840493530213,-34.33664627745702,30.452498301357082,3.985085909022473,-3.455803653196199e-05,-3.455803653196199e-05,26.84734143354308,16.437582696552
15720.849072200008,low_load_completed,low_load_completed,3.937076481007807,8.613051605799228,-1.9423333934407765,-2.388858941799299,-3.560123514034785e-05,-3.560123514034785e-05,21.438568730683073,-18.022623901623774
15721.251651900007,low_load_completed,low_load_completed,96.1080454884659,87.32804831198973,5.8308449160606415,18.962643784835564,-3.693596772791352e-05,-3.693596772791352e-05,-1.1455870693635006,-1.8027625616205114
15721.607614100007,low_load_completed,low_load_completed,-82.69145334698624,-85.87142274358348,-13.012901134581398,-48.71004745224445,-3.494033899187343e-05,-3.494033899187343e-05,-62.89880335835369,-27.929065538843133
15721.977812400008,high_load,high_cognitive_load,67.43929923018368,39.181387876858935,-30.378715638857557,5.951071740475072,-3.217151970602572e-05,-3.217151970602572e-05,-3.611816125178848,-4.227893415605649
15722.366402400008,high_load,high_cognitive_load,3.2878290938178907,47.76856367277924,27.231735699154115,29.026730256723567,-3.243289847887354e-05,-3.243289847887354e-05,-16.122295949413,25.82025888203816
15722.787221100001,high_load,high_cognitive_load,2.769126081907416,-9.021284995352744,10.528923320157901,-13.955432440105142,-3.668804038170492e-05,-3.668804038170492e-05,-113.00062555414934,27.263908393103975
15723.139489000001,high_load,high_cognitive_load,59.44049175820146,92.53269185322551,7.400758341187611,31.304513117210263,-3.514863237796817e-05,-3.514863237796817e-05,59.24368575156859,8.043582979306848
15723.519419100001,high_load,high_cognitive_load,-70.6763011396788,-87.38850409981251,-14.720881729008852,-32.36257374607294,-3.527796343405498e-05,-3.527796343405498e-05,-1.0340422634908464,-22.906390390116485
15723.8982735,high_load,high_cognitive_load,24.670919739542114,32.91128932496167,-20.081983845606374,16.047471777412284,-3.3667191019048914e-05,-3.3667191019048914e-05,-3.4120345426790664,6.830428068230049
15724.284786000002,high_load,high_cognitive_load,38.071620413246364,5.84939272844349,62.02655508871612,34.513667474516296,-3.545948402461363e-05,-3.545948402461363e-05,18.128687137355428,22.245784935875236
15724.647587700003,high_load,high_cognitive_load,43.968193461742885,91.19036397890841,16.805728980082222,20.67453055861506,-3.501981609588256e-05,-3.501981609588256e-05,16.542525322813162,3.6399937339560893
15725.052850000002,high_load,high_cognitive_load,-41.86008039210219,-76.81356391268582,-48.64256122276947,-34.749941434830816,-3.442797969910316e-05,-3.442797969910316e-05,-14.959871958752956,-21.083095952742497
15725.440026100003,high_load,high_cognitive_load,-29.64990156451495,-37.5800906771824,20.569857740238604,-16.82612631210577,-3.419312270125374e-05,-3.419312270125374e-05,-1.3357983780583709,-11.256675095981336
15725.840153200003,high_load,high_cognitive_load,53.94956423853773,109.03859556371253,17.923751123638795,41.31031520479701,-3.3069582968892064e-05,-3.3069582968892064e-05,72.2729450801653,7.697847937331517
15726.200377200004,high_load,high_cognitive_load,-22.514921449246685,-37.50647304576205,-27.253754574383947,-13.595022374584914,-3.46863907907391e-05,-3.46863907907391e-05,-16.612935528547496,-6.783346875222378
15726.597977700005,high_load,high_cognitive_load,12.567093762319473,26.870892803311563,51.95554593067868,42.183499260366716,-3.392643793631578e-05,-3.392643793631578e-05,82.58071701366316,34.01385184293849
15726.989685400005,high_load,high_cognitive_load,39.270395783570166,26.460148932415905,6.144689250068268,22.60193779549445,-3.312436911073746e-05,-3.312436911073746e-05,-7.713178289404368,17.310396410305202
15727.419545500006,high_load,high_cognitive_load,-5.786578235304205,1.8780306594389913,6.7152645850858335,7.964605679383112,-3.277317409811076e-05,-3.277317409811076e-05,-13.506709242483339,4.867946251275498
15727.756013100006,high_load,high_cognitive_load,-12.266685216940914,-24.20453763761725,-4.139108213656527,-5.73072709869075,-3.3186554901476484e-05,-3.3186554901476484e-05,39.5103536700708,-18.101405007906124
15728.133555800001,high_load,high_cognitive_load,-10.62734040287296,-7.718914412744198,-34.100945877723234,-13.093053748869352,-3.54092471752665e-05,-3.54092471752665e-05,-64.89986765156164,-11.970172315426225
15728.514496400006,high_load,high_cognitive_load,12.569731212120132,15.796092014285477,26.189149390715556,9.212595554430209,-3.446398022788344e-05,-3.446398022788344e-05,-6.796644595042835,21.33136879691392
15728.887441600005,high_load,high_cognitive_load,-18.486429250473066,-24.00935496780903,-68.48124661895645,-24.140683835448726,-3.526711680024164e-05,-3.526711680024164e-05,-34.723243792369885,-23.105440025499774
15729.247318700005,high_load,high_cognitive_load,56.53537646910718,63.133589218841735,79.05743648288376,72.22635934097889,-3.492527230264386e-05,-3.492527230264386e-05,92.84517145419795,65.23172593014169
15729.6321324,high_load,high_cognitive_load,18.947405916448588,13.614587415826463,-17.081330817052276,-3.3227754928670947,-3.5162660424248315e-05,-3.5162660424248315e-05,-34.52857658059111,13.952735356641824
15729.9969048,high_load,high_cognitive_load,6.035661303627876,0.7838407440121955,39.624538767114245,4.959574942020481,-3.36616431013681e-05,-3.36616431013681e-05,41.79463423127345,-4.887693599328486
15730.400103900007,high_load,high_cognitive_load,-37.406422654773905,-68.22572369158979,-0.9437649123710798,-21.4181446562161,-3.461732831055997e-05,-3.461732831055997e-05,-6.095066840239269,0.7842785140746855
15730.792801000007,high_load,high_cognitive_load,76.9014356910584,120.64329613428617,29.0809732434152,54.2339299936657,-3.629830098361708e-05,-3.629830098361708e-05,22.739843400571317,33.0786214470113
15731.186319600007,high_load,high_cognitive_load,46.41518155784706,20.683324351306055,74.08449224586025,39.596740847239744,-3.314023342682049e-05,-3.314023342682049e-05,34.265457909973975,50.58964350375163
15731.547683700008,high_load,high_cognitive_load,-39.8940795725498,37.638563048304604,-34.196648920334155,-0.2031252334650162,-3.5166692214261275e-05,-3.5166692214261275e-05,-7.9959300452565,10.581949503803571
15731.912564400007,high_load,high_cognitive_load,-291.2696735471286,-326.19621284315645,-72.71109197169676,-113.25904607214989,-3.7386651456472464e-05,-3.7386651456472464e-05,-50.59361850566347,-51.21264500985626
15732.301404700007,high_load,high_cognitive_load,15.919527155157084,21.555361974057632,-21.85623258921737,25.062863910585747,-3.6693119909614325e-05,-3.6693119909614325e-05,20.762099939343443,42.4657885689453
15732.727758400008,high_load,high_cognitive_load,-7.199894000587392,-21.068543532104286,-4.901603225521512,-11.214922949235643,-3.5547089282772504e-05,-3.5547089282772504e-05,-5.952240207405339,-14.194972198172309
15733.104548700005,high_load,high_cognitive_load,-37.210872832414225,-19.522157349629197,-34.76700981325439,-31.817237146484786,-3.6333370189822745e-05,-3.6333370189822745e-05,-31.32353743762451,-26.29000231872169
15733.495837500006,high_load,high_cognitive_load,3.2690483571186633,-2.902055128290158,-6.234638269238303,1.6003715245460626e-05,-3.5006849429919384e-05,-3.5006849429919384e-05,-14.958854434126806,-7.739203370273572
15733.884486100002,high_load,high_cognitive_load,18.968388311213857,25.393647308697382,38.35231958321083,18.826950296378527,-3.533624385454459e-05,-3.533624385454459e-05,15.558799798933705,18.261172399744282
15734.234443400002,high_load,high_cognitive_load,10.265445724734946,52.11822948029294,-7.441959372647716,24.190178129467768,-3.4680193493841216e-05,-3.4680193493841216e-05,10.013037147225987,26.823182499464565
15734.619980000003,high_load,high_cognitive_load,-1.9352487709065826,-7.505656167020334,23.307215672898565,0.9020707554245746,-3.3952122066693846e-05,-3.3952122066693846e-05,16.678047838211114,4.615135491971159
15735.023282100003,high_load,high_cognitive_load,35.29653676861153,62.35008040899538,21.733996574470893,22.03850405649382,-3.7465217246790417e-05,-3.7465217246790417e-05,-28.72967099536072,18.678469221089017
15735.394255400004,high_load,high_cognitive_load,-63.638294270211645,-74.92230655487174,-43.03511969908868,-45.705207116071506,-3.633517917478457e-05,-3.633517917478457e-05,-26.0098037272478,-42.49060164377761
15735.780352600004,high_load,high_cognitive_load,1.3676050619387752,11.522605910168295,17.1153064633113,-5.054868907491709,-3.35678187184385e-05,-3.35678187184385e-05,-20.256002624824305,2.4474765295180987
15736.132865800004,high_load,high_cognitive_load,-52.652847658350765,-59.94277701183546,-107.6871403530065,-65.11868514732714,-3.2924837796599604e-05,-3.2924837796599604e-05,-87.88997349221154,-56.195356163541874
15736.501543500004,high_load,high_cognitive_load,29.932335360716934,25.553330772259415,59.60112068028957,38.387720960491606,-3.457550974417245e-05,-3.457550974417245e-05,37.69892333147436,27.415790297520743
15736.887832200004,high_load,high_cognitive_load,119.50121857993781,112.67620927226062,79.54411968029467,76.04043122831763,-3.4130842323065735e-05,-3.4130842323065735e-05,65.23799982073888,59.81375886146725
15737.292956600004,high_load,high_cognitive_load,-33.75283337866267,-33.925588270456956,-29.96263149916672,-20.260320314845558,-3.345743334648432e-05,-3.345743334648432e-05,-17.901877087613684,-9.119539064698074
15737.699168500005,high_load,high_cognitive_load,52.31610943306714,34.81007055751661,53.902532605412034,40.06303890648087,-3.544205173966475e-05,-3.544205173966475e-05,22.777515632174527,20.37505680420145
15738.063745000005,high_load,high_cognitive_load,-2.4599021543936033,8.270300177732224,-23.73812066831806,-7.291318143835269,-3.528990873746807e-05,-3.528990873746807e-05,-41.85527600296791,11.413327320537974
15738.447247400005,high_load,high_cognitive_load,4.526942014002088,2.3684950609213047,-10.731125826655898,-3.5917002745927675,-3.539325189194642e-05,-3.539325189194642e-05,-22.396261031083213,-7.97534055090955
15738.840929100006,high_load,high_cognitive_load,-48.367983029318566,-63.24054144962065,-39.21531286234267,-51.8287245088859,-3.314578680146951e-05,-3.314578680146951e-05,11.48716831654292,-42.659788512879004
15739.244638600007,high_load,high_cognitive_load,3.6365270099499867,-5.107049865452609,-71.50800219854773,-5.360147128481913,-3.4524413422332145e-05,-3.4524413422332145e-05,0.6423820450349922,-14.866258327610012
15739.611520600007,high_load,high_cognitive_load,1.1725769545078037,31.44132655968906,44.20506530350963,18.961001939312155,-3.5232565096521284e-05,-3.5232565096521284e-05,38.40367054321587,17.506585913269646
15740.006647600007,high_load,high_cognitive_load,-49.404681204303415,-47.84515233101638,-38.98662254376063,-29.269683948700276,-3.373916752025252e-05,-3.373916752025252e-05,-16.640751991360048,-13.151831539417799
15740.368895900006,high_load,high_cognitive_load,100.87094561568301,99.64914802378871,58.47426960473831,54.8914389674178,-3.501725041132886e-05,-3.501725041132886e-05,1.326659041520088,37.740389875956225
15740.728777300008,high_load,high_cognitive_load,-54.15007925502823,-54.913923864045955,-22.085682055316283,-35.72818520946703,-3.4146877624152694e-05,-3.4146877624152694e-05,-53.11433509261451,-28.293642011036354
15741.080432400007,high_load,high_cognitive_load,-15.005115597576605,-20.9057596248108,-20.03971206559072,-0.2128462685714112,-3.672709135571495e-05,-3.672709135571495e-05,15.622180484441742,-1.1226983440196818
15741.448655600007,high_load,high_cognitive_load,6.401923962451292,18.29083400818081,5.987436480942279,-0.2477764572399792,-3.58298475475749e-05,-3.58298475475749e-05,16.354241397960777,-9.512102442158266
15741.808825600006,high_load,high_cognitive_load,66.93434226371164,71.22140613959391,52.382032163652184,68.27441004109869,-3.4598077945702244e-05,-3.4598077945702244e-05,50.98563007843313,74.20294389636683
15742.150261600002,high_load,high_cognitive_load,-56.92087186961635,-59.06635907077998,-32.13259595265481,-61.37301468735177,-3.461636515567079e-05,-3.461636515567079e-05,-78.10880704633973,-59.38860704980334
15742.532999600002,high_load,high_cognitive_load,-59.19910317806989,-84.86993053527067,-41.58712658121499,-33.90467603016805,-3.5974744605482556e-05,-3.5974744605482556e-05,-27.002386881241364,-6.711372046157521
15742.9593267,high_load,high_cognitive_load,65.6903327946111,94.48560540680592,53.391951400427615,38.7308071818934,-3.3774473195080645e-05,-3.3774473195080645e-05,3.1922595488522347,32.48070354453239
15743.4142916,high_load,high_cognitive_load,-9.312181855592826,-24.91445796060043,-17.255768784396196,-15.943553443587462,-3.5306159588799346e-05,-3.5306159588799346e-05,-15.79852738363843,-0.4766039770720454
15743.7357933,high_load,high_cognitive_load,3.8473728882308933,6.974737797895159,5.31693941211779,6.329613869314926,-3.815804757323349e-05,-3.815804757323349e-05,45.24970108326215,10.299428195126438
15744.102922400001,high_load,high_cognitive_load,-78.55484492087498,-75.67822652053292,-82.30464204509622,-76.49518655203201,-3.5521455174603034e-05,-3.5521455174603034e-05,-45.40239070832149,-78.96139608828571
15744.4793895,high_load,high_cognitive_load,-31.107065430107923,-32.837583920079396,-45.74256029887033,-43.73901556690271,-3.521075177559396e-05,-3.521075177559396e-05,-55.06215902094527,-29.55436234727904
15744.885673,high_load,high_cognitive_load,85.61999827711679,82.26872502415426,85.4622194542344,86.40584755653117,-3.45821526934742e-05,-3.45821526934742e-05,96.93898497004739,91.48378903646426
15745.235981700002,high_load,high_cognitive_load,-64.36325388837304,-88.09481268846093,-47.50925237015235,-48.269213282085275,-3.672800539789023e-05,-3.672800539789023e-05,-20.742897403130428,-29.462506094876517
15745.642295800002,high_load,high_cognitive_load,37.01596377935721,72.29135705980389,-16.149888908226103,0.8205300425861424,-3.495413238852052e-05,-3.495413238852052e-05,-43.08678427330824,-20.04411645097889
15746.029759200002,high_load,high_cognitive_load,-33.29472134886055,-57.6469752161438,-9.03396377528452,-20.523789188698174,-3.7884739867877215e-05,-3.7884739867877215e-05,-5.542714510659152,-12.775428060718696
15746.421125200002,high_load,high_cognitive_load,182.18254821042092,178.8528201341246,72.01436403729667,80.56200095552822,-3.401167850825004e-05,-3.401167850825004e-05,50.91290404355641,57.18131447080077
15746.826470700003,high_load,high_cognitive_load,12.448647216423979,15.267897455149978,35.96642107566049,44.633833322252485,-3.264433780714171e-05,-3.264433780714171e-05,73.65916281222053,24.92713253447573
15747.191522600004,high_load,high_cognitive_load,16.334747057808272,11.50364461273557,5.311927335376595,8.145167506581402,-3.616612320911372e-05,-3.616612320911372e-05,0.1296530578056263,11.015480528350508
15747.555937300003,high_load,high_cognitive_load,-17.967034206257267,-10.451932322495395,-0.5366245438685837,-5.1593291186113674,-3.3358500331814867e-05,-3.3358500331814867e-05,-3.6540787291833112,-12.13690781766445
15747.908466800003,high_load,high_cognitive_load,11.782354703130295,-0.14437787034376015,16.779278532627814,0.36743862557932516,-3.305326208646875e-05,-3.305326208646875e-05,-97.2355586868257,2.0454767445589823
15748.316665800005,high_load,high_cognitive_load,-5.815270393623905,-4.208530071417954,-5.986564181837139,4.697172439181941,-3.469154307822464e-05,-3.469154307822464e-05,21.209671248459927,14.144422185356689
15748.670314500005,high_load,high_cognitive_load,1.0834428576499704,-8.087830540304367,4.880155747952813,-15.766588081437476,-3.6591682146536186e-05,-3.6591682146536186e-05,-16.605665608822164,-19.58688196072626
15749.027913900007,high_load,high_cognitive_load,64.57794875293803,55.80632884432771,-8.184380370307508,3.619296484100687,-3.604713856475428e-05,-3.604713856475428e-05,-24.892768774991055,-3.3277793015668067
15749.434583900005,high_load,high_cognitive_load,-28.705858060912306,-25.911949726804778,-11.25922568516853,-9.77073147227975,-3.2122726224770304e-05,-3.2122726224770304e-05,50.20816714963621,-0.7573231985134043
15749.829446800006,high_load,high_cognitive_load,40.27820167996833,38.88354436502368,38.344866728074976,36.98420637902791,-3.438743260630872e-05,-3.438743260630872e-05,53.370884883631334,37.987215854879196
15750.194620700006,high_load,high_cognitive_load,-34.62193995895632,-14.025806709344579,-9.721805169545632,-20.703400650783806,-3.71793194062775e-05,-3.71793194062775e-05,-17.423866180785808,-18.376701591602796
15750.550951200006,high_load,high_cognitive_load,68.74298406861271,54.52961292541704,50.977272448357326,22.51550100647819,-3.4999955460079946e-05,-3.4999955460079946e-05,-5.550697822019174,8.34748011201691
15750.942296600006,high_load,high_cognitive_load,-35.28043718289291,-29.915383199143434,-26.19712306638735,-16.035174528171865,-3.3406078728148714e-05,-3.3406078728148714e-05,-32.18204840096496,-9.730023861675818
15751.311916600005,high_load,high_cognitive_load,19.060398673158033,21.98222327495114,23.224985125337753,12.368715325341782,-3.5185494198231027e-05,-3.5185494198231027e-05,22.486929783553023,8.068781128694809
15751.688503000005,high_load,high_cognitive_load,1.3889976430668867,5.491794113939704,-20.802647844501735,3.1933293488013987,-3.539083627401851e-05,-3.539083627401851e-05,13.922866742293081,-1.9270874457652098
15752.069957700007,high_load,high_cognitive_load,-0.6898171869156613,-0.2314144323140681,-11.320862750422293,-12.295539916459347,-3.4874052289524116e-05,-3.4874052289524116e-05,10.659961714230121,-4.037468330921911
15752.455161000007,high_load,high_cognitive_load,-26.417691961618857,-16.68029749958714,-32.62063023840983,-21.114861490023486,-3.617419861257076e-05,-3.617419861257076e-05,-28.99439588901032,-4.333004011378762
15752.867567200008,high_load,high_cognitive_load,6.750094598860869,16.8264652110106,11.86696937339093,17.82956897478516,-3.271345667599235e-05,-3.271345667599235e-05,20.680277006249526,8.20950770944819
15753.252664000007,high_load,high_cognitive_load,102.55037631253936,96.42100211747811,40.21839064565347,21.375386320722555,-3.2472262319060974e-05,-3.2472262319060974e-05,-26.90101128345441,-25.055256318526517
15753.6671642,high_load,high_cognitive_load,-55.252165128897104,-54.51254396191143,-34.169494046047475,-24.349507273085692,-3.3860968869703356e-05,-3.3860968869703356e-05,-17.075898009768935,-7.855785934113555
15754.0269124,high_load,high_cognitive_load,50.933175920541544,52.04493098559669,44.42609047214637,36.59224032459315,-3.210390877939062e-05,-3.210390877939062e-05,33.48138906734039,32.91473340574248
15754.388584900002,high_load,high_cognitive_load,-6.166041742153993,-7.419895124614413,-10.071968446772189,0.8232925465144945,-3.277284577052342e-05,-3.277284577052342e-05,-10.352151393572058,-1.6356282683109384
15754.781081100002,high_load,high_cognitive_load,-53.88119101823759,-61.90271545070436,-31.472853858003873,-41.03561864402354,-3.231962909922004e-05,-3.231962909922004e-05,-31.108297612814567,-37.8333042029808
15755.155142400003,high_load,high_cognitive_load,14.641312320720772,14.653634915594921,14.70339663479308,1.9785147909451553,-3.45245452990639e-05,-3.45245452990639e-05,-23.498063335911866,-1.9450509901039368
15755.571922500005,high_load,high_cognitive_load,-78.84126706958841,-51.61342083802947,-47.19248306921031,-32.84996850201469,-3.4803649214154575e-05,-3.4803649214154575e-05,-34.575673242437006,-21.78603587176667
15755.945505500005,high_load,high_cognitive_load,-54.63740530157747,-56.4113647989866,-18.67783480520029,-32.931210619553895,-3.4627492823346984e-05,-3.4627492823346984e-05,-28.869853167690053,-22.086249479422804
15756.334338100005,high_load,high_cognitive_load,-4.128684764637001,-21.336735217170826,-42.404169370320005,-28.72980340725053,-3.3485500352981035e-05,-3.3485500352981035e-05,-52.24126400772684,-35.51995255091879
15756.747242600006,high_load,high_cognitive_load,0.15158142591417345,-7.201186139539914,24.358975256254325,1.672978867126858,-3.362780080351513e-05,-3.362780080351513e-05,8.611771521973424,-5.708656729029826
15757.133387500005,high_load,high_cognitive_load,84.81594609407011,81.46000467099884,14.169841503361113,22.35019608388575,-3.477514837868512e-05,-3.477514837868512e-05,37.08427611662137,5.567485752124867
15757.533508100005,high_load,high_cognitive_load,-20.854225284832864,-19.585429456598376,-12.864357474007193,-10.205149355239882,-3.3430189432692714e-05,-3.3430189432692714e-05,-35.16852746401264,4.194069652767666
15757.890924900006,high_load,high_cognitive_load,-2.093541565463511,7.474963680851943,17.62903092221495,-1.957781136658923,-3.2729620215832256e-05,-3.2729620215832256e-05,-0.008263753087703662,-5.015703872405993
15758.282078000006,high_load,high_cognitive_load,21.657640938846725,13.986669537569014,-5.583097730020654,9.762908090429846,-3.341942829138134e-05,-3.341942829138134e-05,23.711450162300025,14.655489035903884
15758.680859400005,high_load,high_cognitive_load,-41.3163264497889,-29.919059368503895,10.363359971568116,-8.836386580751878,-3.497373018035432e-05,-3.497373018035432e-05,-34.612261032374136,5.180530469775476
15759.066252200002,high_load,high_cognitive_load,29.959207408215207,29.32939024021698,-16.42970195447242,11.975298396517246,-3.125230159639614e-05,-3.125230159639614e-05,-12.370345938000355,12.983822349503498
15759.452596300007,high_load,high_cognitive_load,-16.176614542004245,-21.31166360852012,-9.62180781171628,-19.807436053815763,-3.292532710474916e-05,-3.292532710474916e-05,-51.576497127004586,-26.85797398926661
15759.838953200007,high_load,high_cognitive_load,40.332407266774226,37.10193893297628,5.163566848735627,8.184414115847176,-3.54454123225878e-05,-3.54454123225878e-05,0.32137158457771875,-7.037163411188885
15760.211246500006,high_load,high_cognitive_load,-33.87275636768436,-28.03743852229809,-8.563815453090683,-8.444286856927192,-3.787032073887531e-05,-3.787032073887531e-05,8.389605079184548,-10.368879371140793
15760.591251100008,high_load,high_cognitive_load,-5.539474629561482,2.6470325421419147,13.0732025737625,-2.5226116676276433,-3.59588657374843e-05,-3.59588657374843e-05,-6.944689355245828,-5.4409197044878965
15760.9981888,high_load,high_cognitive_load,3.321172128447415,11.799494122760734,3.6531884155378975,11.737408307543774,-3.406306313991081e-05,-3.406306313991081e-05,18.403471545489992,20.316641437116232
15761.366822700002,high_load,high_cognitive_load,-17.915815783513608,-12.45442612387842,4.163461654442472,-26.564687629524087,-3.43670053553069e-05,-3.43670053553069e-05,3.0724069905427314,-22.376069047843885
15761.705409900002,high_load,high_cognitive_load,44.771663868928954,14.741397375608813,-7.131380936343703,4.250612153246493,-3.5747058973356616e-05,-3.5747058973356616e-05,7.609872045376505,7.454028880526494
15762.1066879,high_load,high_cognitive_load,-53.08707040107174,-20.534822603312023,-19.523681048217895,-27.754986169252334,-3.630547053035116e-05,-3.630547053035116e-05,-60.58829040391629,-29.72077746492596
15762.4682181,high_load,high_cognitive_load,33.38585787705961,11.22761551396934,17.842039508779635,13.392383403965141,-3.419507447688375e-05,-3.419507447688375e-05,26.87312930617827,7.355838845297058
15762.8393402,high_load,high_cognitive_load,144.5615224925118,126.90141173495158,44.97391004264409,42.77312600931464,-3.3353984690620564e-05,-3.3353984690620564e-05,25.074706906684696,20.939064615844018
15763.1742073,high_load,high_cognitive_load,-41.81136767929229,-33.703485720815024,-20.209197405009945,-17.642320020597708,-3.522293900459772e-05,-3.522293900459772e-05,-34.46763771719725,-16.77930038230943
15763.5755609,high_load,high_cognitive_load,15.035623337567358,16.770441168569505,11.954583992790504,8.867146334663175,-3.572043169697281e-05,-3.572043169697281e-05,13.079403241956243,9.292192693525976
15763.9613025,high_load,high_cognitive_load,0.9968277782691075,2.6811150707617344,7.15820711350807,1.7173940578763904,-3.1316337299358565e-05,-3.1316337299358565e-05,-13.040302311122105,1.8400761243351553
15764.3118126,high_load,high_cognitive_load,-16.94632458817705,-3.3427284570416305,6.723301754060685,6.993778819422914,-3.1413641409017146e-05,-3.1413641409017146e-05,8.245305705920146,6.721083655292205
15764.716746900001,high_load,high_cognitive_load,-53.70731648510491,-40.32771497203066,-23.687253384506676,-22.46458612805918,-3.566885698091937e-05,-3.566885698091937e-05,14.982851345206655,-15.880192819440708
15765.071169100001,high_load,high_cognitive_load,9.001154037637662,-10.719532764510404,-15.939862245696531,-13.848171835812082,-3.698073669511359e-05,-3.698073669511359e-05,2.235114823677577,-12.950094162624282
15765.484369200001,high_load,high_cognitive_load,-142.6259462224275,-127.65595720970259,-39.3957297367383,-37.37313819988367,-3.606818881962681e-05,-3.606818881962681e-05,-17.574221344161742,-5.852482390128898
15765.864429000001,high_load,high_cognitive_load,-48.76482576798571,-42.01456423896116,-25.564447788103735,-14.249234614580928,-3.5791478694591206e-05,-3.5791478694591206e-05,9.227180206391495,-8.021923689051619
15766.259812400003,high_load,high_cognitive_load,42.16738957123562,34.19219609061747,24.752142842701687,21.051327480301552,-3.447653762123082e-05,-3.447653762123082e-05,-5.76283228714874,20.581244180473277
15766.652651300004,high_load,high_cognitive_load,-4.564157561571847,-10.05685431639904,-16.748343668602956,-12.158612388936945,-3.543131151673151e-05,-3.543131151673151e-05,11.780854889427246,-10.182240102293235
15767.048290400004,high_load,high_cognitive_load,-16.615347368565835,14.693227505575578,7.528166455249902,10.025150500100153,-3.362245570315281e-05,-3.362245570315281e-05,-3.1228242741726717,9.410792105953988
15767.412762400005,high_load,high_cognitive_load,6.028715707274387,-10.046612887417723,-9.828376015851518,-9.799535601769094,-3.6705699130834546e-05,-3.6705699130834546e-05,12.628388098469259,-12.847667421464394
15767.811781300004,high_load,high_cognitive_load,12.753720474633155,21.686309602028814,-2.335706418665268,5.834994821695545,-3.616542653617216e-05,-3.616542653617216e-05,19.400143394865154,5.747395496646732
15768.211365700008,high_load,high_cognitive_load,-98.14426319258473,-74.95046705699815,-21.995149006213524,-33.12374148004801,-3.403700975468382e-05,-3.403700975468382e-05,-53.64242953684561,-19.870540591122335
15768.567600600005,high_load,high_cognitive_load,-52.15281237058116,-45.48860739459997,-27.026849264543216,-24.19281805915398,-3.489270602585748e-05,-3.489270602585748e-05,-37.06034512653696,-25.145310083566983
15768.964987300005,high_load,high_cognitive_load,-0.5782414315940514,-4.504550428343919,-10.803592584683429,-11.75027525032283,-3.453797580732498e-05,-3.453797580732498e-05,-29.409836981622902,-11.65280821186525
15769.2868423,high_load,high_cognitive_load,-1.6351219333537301,-7.5418458894605465,-9.783557300751909,-9.327281965063321,-3.609981013141805e-05,-3.609981013141805e-05,6.664473881615777,-13.283914517925496
15769.671093300001,high_load,high_cognitive_load,37.27495701022417,32.93016022443362,36.98323199131528,36.114070684576745,-3.2862377338460647e-05,-3.2862377338460647e-05,27.190355026988982,29.759384914978
15770.058383800006,high_load,high_cognitive_load,-2.7791851849588056,-6.643368824428308,-10.044633571851136,-8.649274125030388,-3.3198641176568344e-05,-3.3198641176568344e-05,2.1482097389844057,-19.65420732283883
15770.454858300005,high_load,high_cognitive_load,33.88832777297512,40.63701846177037,47.386945243026275,49.31280866774841,-3.531541551637929e-05,-3.531541551637929e-05,70.49130667592362,40.761259165352385
15770.844888000007,high_load,high_cognitive_load,14.492373126886832,8.329975832430137,-0.3572460084119484,-0.3110629376997167,-3.3671094570308924e-05,-3.3671094570308924e-05,8.709746885635468,-5.819793740723981
15771.261979500006,high_load,high_cognitive_load,-34.77242704046239,-39.94589700035294,-26.330101363729227,-26.440306703446367,-3.448843563091941e-05,-3.448843563091941e-05,-13.491485952730727,-30.017181856240313
15771.683847000008,high_load,high_cognitive_load,32.195586383385034,20.320014618229834,11.292966408247139,12.159642501190774,-3.3777988392103e-05,-3.3777988392103e-05,8.583233473497785,6.02383804429337
15772.0579997,high_load,high_cognitive_load,9.08484722599269,2.649953929188996,1.0628280861733401,11.355690498541662,-3.6418163290363736e-05,-3.6418163290363736e-05,17.632695499707552,-1.1862109006597166
15772.463074700001,high_load,high_cognitive_load,16.02844673207619,10.096604928598026,9.858140503920822,2.8476869757182612,-3.799031946982723e-05,-3.799031946982723e-05,-1.7512184961833555,9.67892675631174
15772.842625700003,high_load,high_cognitive_load,61.64983000038228,54.839647650331244,56.15236002370193,59.281169147186574,-3.6742578231496736e-05,-3.6742578231496736e-05,39.643172287690504,50.235083283604126
15773.213968300002,high_load,high_cognitive_load,-50.71088752463356,-55.996528553635926,-54.50399127243509,-58.670700177117396,-3.3420889849367086e-05,-3.3420889849367086e-05,-53.97049243512265,-44.264705087744915
15773.612567300004,high_load,high_cognitive_load,-43.14113329477959,-49.61896814761894,-39.47596784669349,-56.308642792237606,-3.5706972994375974e-05,-3.5706972994375974e-05,-91.1401937467831,-52.686876740271146
15774.009087500004,high_load,high_cognitive_load,-3.7287537386014264,-14.130212429713538,-14.495364626379342,-13.763006306216084,-3.374051175342174e-05,-3.374051175342174e-05,-5.163226460897931,-11.72959163854921
15774.414226900004,high_load,high_cognitive_load,-24.527999010985695,0.47338273395234864,3.029671549806608,10.324969027783482,-3.526694763422711e-05,-3.526694763422711e-05,21.526600778659486,10.210961309030154
15774.822219800006,high_load,high_cognitive_load,18.267806406516684,10.614510933712154,15.557582193298913,10.857310296398737,-3.5240090255683754e-05,-3.5240090255683754e-05,10.62032889506645,11.9558717041632
15775.173232500005,high_load,high_cognitive_load,96.50552318401014,87.45399096656593,31.352081025363077,29.969793713390118,-3.456379636190832e-05,-3.456379636190832e-05,-19.425036352529787,19.849222280410686
15775.529614600006,high_load,high_cognitive_load,-53.101240344201415,-45.658407958160296,-21.450362422364833,-31.81399031943647,-3.441804346948629e-05,-3.441804346948629e-05,-38.2383227298933,-21.245033084774605
15775.9091202,high_load,high_cognitive_load,3.8722528975704336,10.654101838930728,-9.280671529323172,-6.688816636608863,-3.234797259210609e-05,-3.234797259210609e-05,-43.02411094641775,-15.248201105355292
15776.3016957,high_load,high_cognitive_load,12.279986388232828,14.505687144404419,8.712074716488587,9.12079390630015,-3.307385577500099e-05,-3.307385577500099e-05,10.20398527096495,4.581528559515846
15776.686842000001,high_load,high_cognitive_load,65.0021628625368,60.4712298067534,19.61516345855216,28.308437024608338,-3.36069579134346e-05,-3.36069579134346e-05,77.3501908204089,19.758467825148728
15777.1043838,high_load,high_cognitive_load,-14.077302672894348,-16.458725300662536,-0.2804743532583416,1.4392043202738023,-3.235492567910114e-05,-3.235492567910114e-05,23.695902504255173,1.4335744154163876
15777.5517172,high_load,high_cognitive_load,5.828342637434616,1.1682287661251394,-5.454961983215071,-7.449855143455352,-3.591960921767168e-05,-3.591960921767168e-05,-2.672152757388176,-5.953343927561491
15777.8969488,high_load,high_cognitive_load,-9.95856112213778,-15.63946670060568,-9.504607300043517,-11.344470234539585,-3.498903151921695e-05,-3.498903151921695e-05,43.90829940693402,-1.8675277062084206
15778.2565319,high_load,high_cognitive_load,14.59007181416382,12.078582371877928,12.188324551511414,11.85355103575148,-3.507215751596959e-05,-3.507215751596959e-05,24.863409454546854,13.90892255519475
15778.660243,high_load,high_cognitive_load,-49.182088918806585,-35.2009248971126,-2.7554769829389443,-1.3785645277266667,-3.39471744155162e-05,-3.39471744155162e-05,4.562259952213026,12.084985686537038
15779.0082659,high_load,high_cognitive_load,-34.48544373287268,-23.32465165091162,-16.002658589925886,-12.226664449259715,-3.5657700209412724e-05,-3.5657700209412724e-05,16.843069979126085,-1.6513739505448939
15779.3773165,high_load,high_cognitive_load,9.514426112051297,7.641539461121283,-0.6944006184025966,-1.154760979596631,-3.659732828964479e-05,-3.659732828964479e-05,32.531920359478136,-0.5325097019458553
15779.7593796,high_load,high_cognitive_load,23.930430400102978,23.915145798974663,22.12732269766684,23.345517574386122,-3.60677722710534e-05,-3.60677722710534e-05,24.798665013287064,15.161629571868161
15780.134702400002,high_load,high_cognitive_load,-20.123654164576237,-23.206929090843005,-9.829940466355765,-13.67028953918134,-3.4382293051749e-05,-3.4382293051749e-05,-25.148359741193417,-3.2958728156281722
15780.504055500003,high_load,high_cognitive_load,-49.15159106515375,-35.49167552710378,-19.605548066360825,-20.404798682926867,-3.170792388118571e-05,-3.170792388118571e-05,-26.517700950101244,-13.221050591521816
15780.870057600005,high_load,high_cognitive_load,-6.443861919732626,-7.656613764444046,-8.725626472679778,-12.386233300715958,-3.3856838854262605e-05,-3.3856838854262605e-05,-29.946209357317457,-16.080351051544312
15781.245178200004,high_load,high_cognitive_load,-18.811246661251516,-17.57903054364442,-26.010377860404333,-26.166621520786975,-3.547489268385107e-05,-3.547489268385107e-05,-0.3208434765101629,-28.0304672177499
15781.646561500003,high_load,high_cognitive_load,-24.04170685997269,-29.53850670556176,-28.793033194009922,-24.141338114678092,-3.547252981661586e-05,-3.547252981661586e-05,2.368523740247838,-25.691951158062693
15782.046744700005,high_load,high_cognitive_load,109.25886127339936,114.31461785770352,20.394558253412924,20.409846267095418,-3.533091967256041e-05,-3.533091967256041e-05,1.4250313049114993,-6.376739668101891
15782.449328400004,high_load,high_cognitive_load,-41.303302711208744,-36.13353348511646,-7.538973603731847,-4.063270676747834,-3.4350868190813344e-05,-3.4350868190813344e-05,31.3115383889035,7.202186144708321
15782.795262900005,high_load,high_cognitive_load,6.26151383310571,-2.0090807844599112,-4.4239909062785046,-11.757921172789338,-3.33386124111712e-05,-3.33386124111712e-05,-5.970303616338242,-21.89342395314361
15783.190657300003,high_load,high_cognitive_load,-31.694429309483894,-18.66803074151312,-10.182234976587552,-14.131778398550068,-3.28311625708011e-05,-3.28311625708011e-05,-15.20086464267979,-7.320799880655159
15783.610410100006,high_load,high_cognitive_load,-17.189704634654845,-7.336664785112589,0.6038356222593393,2.2301966296422506,-3.391787686268799e-05,-3.391787686268799e-05,22.214839456200025,2.821476432804957
15783.990683500006,high_load,high_cognitive_load,23.660836098918935,13.301098701093906,25.232501505741766,16.335944766055945,-3.333912172820419e-05,-3.333912172820419e-05,15.54777836950143,14.420316304568587
15784.348300500005,high_load,high_cognitive_load,13.006980915384702,15.666252097615143,5.813063097179111,7.947518923788721,-3.2594764888926875e-05,-3.2594764888926875e-05,1.6390972275366948,4.960574764474586
15784.706883900006,high_load,high_cognitive_load,84.06542629838486,66.93942299340188,39.08563350837312,41.624743616745036,-3.377704160811845e-05,-3.377704160811845e-05,32.37669149058911,26.184618218450396
15785.097112100006,high_load,high_cognitive_load,-44.83391672162179,-39.09862495298603,-5.107009756091884,-11.044668431799892,-3.4147077712987084e-05,-3.4147077712987084e-05,-51.18044818433282,-4.349503438352713
15785.459435600005,high_load,high_cognitive_load,-5.657166910338219,-3.1307743170232243,-10.951846852344715,-17.92826704273739,-3.279062730143778e-05,-3.279062730143778e-05,-20.32510205415838,-12.004121460216538
15785.819670700006,high_load,high_cognitive_load,125.64129604866093,99.69166900607433,37.28635091866363,26.586626605220317,-3.345006098243175e-05,-3.345006098243175e-05,-12.485752831465106,5.966747513004066
15786.180827600007,high_load,high_cognitive_load,-48.530259882010796,-31.738308566825253,5.150316312342056,15.127857110223886,-3.53285013261484e-05,-3.53285013261484e-05,32.442090911114974,9.555350447592446
15786.545752100003,high_load,high_cognitive_load,23.182130324139962,20.54067387795658,17.19300629828149,22.861888609746984,-3.522909628372872e-05,-3.522909628372872e-05,16.804314909554705,15.472146435561626
15786.942390700004,high_load,high_cognitive_load,31.942040088221347,33.6050630596942,38.51928600271276,32.067350979994444,-3.712104989972431e-05,-3.712104989972431e-05,-7.949017744979756,37.089035331467585
15787.297245000005,high_load,high_cognitive_load,-0.27325731007431386,-9.673941416513117,-2.2441981946590204,-2.3374254006512274,-3.5725876841752324e-05,-3.5725876841752324e-05,0.5610789149523043,-1.7968377996453455
15787.653230700005,high_load,high_cognitive_load,36.009026517558596,41.66267714508649,16.865328626292012,20.073521455115042,-3.433843994571362e-05,-3.433843994571362e-05,-22.364819851427455,10.555281836404447
15788.025711900005,high_load,high_cognitive_load,-41.74448926571267,-48.1524386512674,-38.44489311198504,-41.042469723320664,-3.5391336496104486e-05,-3.5391336496104486e-05,-57.763542859475365,-25.54210962152183
15788.418294800005,high_load,high_cognitive_load,-31.652714207086774,-35.03487171522147,-44.33260924005663,-46.38302586708869,-3.609461782616563e-05,-3.609461782616563e-05,-43.55027590147074,-52.66989566093207
15788.785729800005,high_load,high_cognitive_load,81.83628318739238,76.94661762399483,45.8680372830554,42.889451991438364,-3.122896305285394e-05,-3.122896305285394e-05,37.75229379690609,28.468750465878657
15789.182108400006,high_load,high_cognitive_load,-63.41091676108681,-54.0703302184279,-45.54931497214193,-38.23822729655967,-3.314616151328664e-05,-3.314616151328664e-05,-30.46039449682212,-33.07540521826195
15789.582532000008,high_load,high_cognitive_load,7.721538473782857,11.237082152354105,-2.414456953282297,-7.471960963353467,-3.705231847561663e-05,-3.705231847561663e-05,-39.75691642104903,-2.378438295770138
15790.002593900008,high_load,high_cognitive_load,-37.85450176157519,-38.107762618905326,-37.15851505491287,-31.63223628089827,-3.365968223079108e-05,-3.365968223079108e-05,-23.068078005268035,-28.420357439996224
15790.399180100001,high_load,high_cognitive_load,24.872566396103593,38.215090336198045,14.989697750745108,6.0110871134247645,-3.522611859807512e-05,-3.522611859807512e-05,-16.31417920441436,-4.294495731404822
15790.7966735,high_load,high_cognitive_load,-23.902117605359763,-30.043395242911174,-17.272330952512903,-14.166234748549869,-3.40453079843428e-05,-3.40453079843428e-05,-21.81614152680322,-10.483835706259924
15791.134128200001,high_load,high_cognitive_load,137.91265879343928,126.47824258914943,64.42863261685625,55.734218783098186,-3.527051740093157e-05,-3.527051740093157e-05,32.89464008498908,41.670576774697565
15791.5145266,high_load,high_cognitive_load,-55.757794571343766,-51.27788690758189,-20.844712570995398,-28.22222165026733,-3.718196785484906e-05,-3.718196785484906e-05,-44.72150651449601,4.128482383191113
15791.9017647,high_load,high_cognitive_load,55.2432478974838,49.66673241129638,34.73119494891216,39.03790354326566,-3.228825062251417e-05,-3.228825062251417e-05,48.14602938558892,25.968544754379764
15792.267219100002,high_load,high_cognitive_load,-15.583724857382094,-7.098254097420977,-3.5373971287499444,1.7421610473911642,-3.392515554878628e-05,-3.392515554878628e-05,30.591006819298855,10.129034453141685
15792.652377800003,high_load,high_cognitive_load,-33.31990621513978,-29.286433293174923,-12.652202171859244,-2.8515223164063173,-3.427586307225283e-05,-3.427586307225283e-05,37.606593643513406,6.577481051994255
15793.025013900002,high_load,high_cognitive_load,15.905134492117668,13.414844825161708,19.288273113873856,13.47446061265373,-3.530045160005102e-05,-3.530045160005102e-05,15.719502247099626,13.929769373513409
15793.415860600002,high_load,high_cognitive_load,10.334454979165002,4.9702849893851635,5.828670570421309,5.4170037415710794,-3.754325098270783e-05,-3.754325098270783e-05,-8.32387193600971,-0.09168117124909259
15793.733549700002,high_load,high_cognitive_load,25.820129498668393,31.237555558574968,24.071961377422213,28.594837291467684,-3.357536752446322e-05,-3.357536752446322e-05,12.907563843995376,34.14292279323581
15794.108823600003,high_load,high_cognitive_load,7.01870657503332,6.401752235693493,-12.748272101332532,-16.31572146892313,-3.404586914257379e-05,-3.404586914257379e-05,-14.206531486265703,-19.23169546283816
15794.499773400003,high_load,high_cognitive_load,-19.26830791052498,-14.759651401943756,-8.504357361242683,-2.1128611560434365,-3.6689826629299205e-05,-3.6689826629299205e-05,17.912275431705893,0.792474533087443
15794.852168100002,high_load,high_cognitive_load,35.62683228947117,28.78987061159205,16.314294603104372,12.088808790830171,-3.624243890953949e-05,-3.624243890953949e-05,2.379658175625991,12.608558250180522
15795.252643100002,high_load,high_cognitive_load,4.098342251824306,-5.718016885270117,12.441932741637174,17.965355925355198,-3.543573166098213e-05,-3.543573166098213e-05,24.93344563079245,7.217066145716217
15795.634587500002,high_load,high_cognitive_load,95.02619435297265,94.75468581271025,28.71417319748207,23.733705687889596,-3.316408492537448e-05,-3.316408492537448e-05,-20.7869028948885,2.3255637261509037
15796.035198200003,high_load,high_cognitive_load,-41.93042498514842,-41.49799038603578,-35.074730798459996,-24.220481665368425,-3.181283227604581e-05,-3.181283227604581e-05,-64.21384381878852,-19.213120422373322
15796.437838100004,high_load,high_cognitive_load,58.6646589514653,69.44793195625789,28.051509887699467,20.65193025524559,-3.571320212358842e-05,-3.571320212358842e-05,-4.659300843985875,18.86499431314587
15796.839038000004,high_load,high_cognitive_load,4.165331727224384,2.1431373872233053,13.378572440165954,10.854195029118728,-3.450769690971356e-05,-3.450769690971356e-05,-1.1440813533154142,9.29627617496908
15797.247686100003,high_load,high_cognitive_load,-12.053883823314663,-9.852285220758404,-9.362069324815593,-8.770061372541477,-3.4818403037206735e-05,-3.4818403037206735e-05,1.4615136254742538,-8.748906782329868
15797.636408500004,high_load,high_cognitive_load,6.297430178768991,7.454186364316229,-2.6078315246486454,0.39868840211465795,-3.774429205805063e-05,-3.774429205805063e-05,19.004974543016033,-2.5619575168266238
15797.972046200006,high_load,high_cognitive_load,-24.558836547252213,-25.730983610013027,12.26788863310344,4.4800854891764175,-3.745108642760897e-05,-3.745108642760897e-05,0.10745505405520817,8.658003068325343
15798.357197000005,high_load,high_cognitive_load,19.04197923283391,16.721985003412556,-8.269619681847189,-11.143003381728704,-3.5040661714447197e-05,-3.5040661714447197e-05,-30.081273932170006,-14.387755692685005
15798.732437200008,high_load,high_cognitive_load,11.97856944547948,13.219041093240321,3.439531782014228,20.222368193392867,-3.3292134503426496e-05,-3.3292134503426496e-05,18.51783197264831,14.380596631408935
15799.114918800007,high_load,high_cognitive_load,12.571359000032317,14.762444693868474,20.549193467954865,11.455236063787197,-3.3637904380157124e-05,-3.3637904380157124e-05,4.023950545652042,11.953703950317504
15799.511306800006,high_load,high_cognitive_load,23.632438694193297,21.460351926031308,0.23541543077499227,1.2261660032477266,-3.7108375181560405e-05,-3.7108375181560405e-05,-22.485124009607716,-1.6060740003567844
15799.915174100008,high_load,high_cognitive_load,-13.184255761136228,-19.02860191262471,-13.860181967501148,-8.41606514105115,-3.7773697840748355e-05,-3.7773697840748355e-05,5.947614216161128,-20.723214301665394
15800.323596700007,high_load,high_cognitive_load,23.359624139834068,15.38573607608123,15.493054381523052,17.785013127867387,-3.3543719837325625e-05,-3.3543719837325625e-05,21.846510854715234,6.384783953021724
15800.707969500001,high_load,high_cognitive_load,-21.329504889627515,-11.75939097708897,4.5738658657912765,11.438755953199689,-3.590873438952258e-05,-3.590873438952258e-05,25.993811280003683,16.653319008706603
15801.1068293,high_load,high_cognitive_load,-47.483228130174666,-48.64857743199127,-13.864261657947736,-18.645682952585503,-3.886852755385917e-05,-3.886852755385917e-05,4.521419642262117,-8.856565759793739
15801.475959300002,high_load,high_cognitive_load,-12.408045240239517,-9.694911316643811,-12.514655656123068,-12.082617084215144,-3.557097716111457e-05,-3.557097716111457e-05,-24.956441429583265,-15.550339105068815
15801.877443600002,high_load,high_cognitive_load,-2.1720993080693916,-20.007411003215566,-17.731578192775487,-18.649901102406602,-3.4933399547298905e-05,-3.4933399547298905e-05,-12.648624372967788,-17.984131514826004
15802.284850300004,high_load,high_cognitive_load,-13.647202299588116,-0.428897109765785,-3.0132461301489,1.7532836252498782,-3.342776653880719e-05,-3.342776653880719e-05,-27.41008712843177,-6.964100884410982
15802.667524000004,high_load,high_cognitive_load,55.87456783032803,-62.1521901718711,10.987478284736198,-23.591249851698194,-3.756398109544534e-05,-3.756398109544534e-05,-12.91189207602838,-45.230626381588536
15803.035744900006,high_load,high_cognitive_load,-20.63409964816674,2.456234969738489,-16.665170435605432,-8.511068349864672,-3.576446124498034e-05,-3.576446124498034e-05,11.632248293532939,-8.76065924503746
15803.437658000006,high_load,high_cognitive_load,7.821895578774274,-13.506650763119978,2.8734500021573695,-1.653915092072566,-3.5831090826832224e-05,-3.5831090826832224e-05,-12.48305930027982,-16.93258612576801
15803.821771200006,high_load,high_cognitive_load,1.4160744305668231,17.35913008665193,6.1916769003539684,6.734460776105607,-3.643849140644306e-05,-3.643849140644306e-05,-25.13495971206339,8.114369542648546
15804.231326600006,high_load,high_cognitive_load,27.543315193005583,23.501294948769555,27.71106969274274,30.401638557799743,-3.237355667806696e-05,-3.237355667806696e-05,65.75129427886986,32.91072082421806
15804.591936300005,high_load,high_cognitive_load,-13.274400146548487,-4.754987150334728,-10.066239768544392,-9.0585113573311,-3.415660285099875e-05,-3.415660285099875e-05,-25.530828985441076,-14.0136804104568
15804.944607300005,high_load,high_cognitive_load,2.928859557644955,1.034338944177307,9.19165461735679,4.071508322438149,-3.5173787182429805e-05,-3.5173787182429805e-05,-4.527580596222833,1.0322244304179549
15805.308124500005,high_load,high_cognitive_load,7.334131822580275,7.709008978838028,12.215169954031126,9.191029245926075,-3.465825557213975e-05,-3.465825557213975e-05,1.4645777425571396,3.7288595041072767
15805.683465400005,high_load,high_cognitive_load,-16.778366930480388,-33.523761156039654,-33.030251287367264,-30.41251248075787,-3.2846607609826606e-05,-3.2846607609826606e-05,-62.28413066641315,-22.52762751365799
15806.025747500005,high_load,high_cognitive_load,19.418332741258837,32.14728834280595,26.728835823292457,27.177624798975103,-3.3566609090485144e-05,-3.3566609090485144e-05,26.60871651772686,20.6911853290585
15806.420887900005,high_load,high_cognitive_load,99.51759360990036,76.36784298080556,40.6869178003501,40.37344627357152,-3.41545246556052e-05,-3.41545246556052e-05,5.168224782266861,15.813150796904665
15806.819574200006,high_load,high_cognitive_load,-50.44546593629093,-46.765684874841554,-14.718648740418757,-19.571568747428046,-3.6622035622713156e-05,-3.6622035622713156e-05,-0.017873501809845038,-7.975902526442496
15807.194331800005,high_load,high_cognitive_load,28.938621773674186,16.057227631473324,1.4344201652354513,7.943091401183665,-3.684097646328155e-05,-3.684097646328155e-05,9.666230051511775,0.7923813446323038
15807.533943700006,high_load,high_cognitive_load,-4.602451761989414,-9.933489825628385,-4.718903925588847,-10.306153946853556,-3.309430212539155e-05,-3.309430212539155e-05,-23.87486613721694,-12.183883326294563
15807.893347500005,high_load,high_cognitive_load,-5.3820077193699944,7.441403556951627,10.566668471026333,3.9916881463227583,-3.4943377613672055e-05,-3.4943377613672055e-05,-29.141047400564275,7.174907076576801
15808.264844500005,high_load,high_cognitive_load,-34.910362145194995,-42.39215274949038,-52.56342804115366,-44.006947657472665,-3.562243455235148e-05,-3.562243455235148e-05,-40.42810247348689,-47.172713827206735
15808.608714000005,high_load,high_cognitive_load,-25.497096703910756,-17.077726140179948,-7.330045431245708,-14.038414665857545,-3.264157840021653e-05,-3.264157840021653e-05,-1.5000110651872092,0.2991552639659858
15809.015748700007,high_load,high_cognitive_load,-18.291080502062414,-12.039595021255536,18.646625440254866,11.637488005644627,-3.4891703762696125e-05,-3.4891703762696125e-05,9.727442085702933,18.16465424760827
15809.431304600008,high_load,high_cognitive_load,13.368971197554856,13.76154738171681,11.877612558865167,3.6779183297599047,-3.56979589923867e-05,-3.56979589923867e-05,-12.062303265629453,9.525902639336437
15809.825066000007,high_load,high_cognitive_load,-183.9386026115635,-162.1694405985918,-59.60987125449037,-49.39483366123841,-3.3664564398350194e-05,-3.3664564398350194e-05,-18.414204483893172,-27.028353551657347
15810.2715898,high_load,high_cognitive_load,-88.23659267473522,-76.64990311141901,-31.285849727056984,-28.477707331688634,-3.3199703466380015e-05,-3.3199703466380015e-05,1.0914912187213304,-19.37240013964447
15810.6668678,high_load,high_cognitive_load,33.94634262020463,-2.8870437673595006,16.014894513306672,6.306721669189756,-3.3954655918932986e-05,-3.3954655918932986e-05,-4.121447212502517,13.256529456128192
15810.9902258,high_load,high_cognitive_load,2.3343031707281625,23.696095165823408,-0.17813125237057648,4.698044066944476,-3.58397492163931e-05,-3.58397492163931e-05,0.46967416035022325,-9.168576527332334
15811.3683765,high_load,high_cognitive_load,24.269359156482096,18.841686795653004,19.660640403754996,24.722274064224166,-3.6224554605723824e-05,-3.6224554605723824e-05,33.58721852240251,20.83318283995368
15811.748941000002,high_load,high_cognitive_load,-10.492254054947807,-8.29941777078966,-10.210175041135926,-9.670340666261836,-3.328568254801212e-05,-3.328568254801212e-05,-9.907630820200666,-18.413594535408265
15812.144816200003,high_load,high_cognitive_load,-13.899459885873057,-10.919609193155338,-1.166919655351876,-8.190708530503798,-3.454448960837908e-05,-3.454448960837908e-05,-23.53373473657848,-10.282966764080356
15812.530754500003,high_load,high_cognitive_load,-13.168173372812362,-10.584071743527147,-12.785103289038943,-8.672255573942948,-3.5033161111641675e-05,-3.5033161111641675e-05,41.50106118556778,4.7509728442905725
15812.881449900002,high_load,high_cognitive_load,86.91447356445906,76.83014924522831,28.984327792783233,43.39857212147626,-3.328449929540511e-05,-3.328449929540511e-05,16.29952458376465,4.982588284107351
15813.243370500002,high_load,high_cognitive_load,-32.74684863158791,-31.142379201437507,-9.126199492892738,-18.541569289598556,-3.6166858990327455e-05,-3.6166858990327455e-05,10.284422871507104,-7.67088966562369
15813.613256600001,high_load,high_cognitive_load,19.877211890356648,16.341299974243157,-2.134489762579051,2.0843530101719807,-3.419817039684858e-05,-3.419817039684858e-05,7.2259414965874385,-9.257696240824771
15813.973719300002,high_load,high_cognitive_load,-8.530746199840905,-11.668226955566752,-11.062303415742235,-6.829897243752384,-3.4893714655481745e-05,-3.4893714655481745e-05,-6.378871206978147,-9.869720441024128
15814.344548000006,high_load,high_cognitive_load,-3.017293202854489,2.7861472939353007,2.1824918785384853,6.081164266248379,-3.502606341498904e-05,-3.502606341498904e-05,22.891926242197314,6.401193435398909
15814.738467300002,high_load,high_cognitive_load,135.10117523758663,117.17756364031993,55.27029369592469,51.516412413611306,-3.2135316359926946e-05,-3.2135316359926946e-05,9.899012653136197,21.46843622416236
15815.090833200002,high_load,high_cognitive_load,-57.58921181250935,-44.29666455240476,-19.522176931443937,-19.88018482266807,-3.298956835351419e-05,-3.298956835351419e-05,-38.670598285275446,-16.55986189532632
15815.478267700002,high_load,high_cognitive_load,-1.4063227473552615,12.920938131068397,-2.8521508077210456,2.825597936439408,-3.448493134783348e-05,-3.448493134783348e-05,-4.326191272334654,5.9292728419268315
15815.830815900003,high_load,high_cognitive_load,-9.153792664058074,-21.170450579621047,-6.394836594226717,-3.0312742546830123,-3.220748567400733e-05,-3.220748567400733e-05,-15.270958044300642,2.3992963620617047
15816.189780400002,high_load,high_cognitive_load,13.701067473761668,10.608670499893378,1.9078476266117832,6.425308863923419,-3.351992108946433e-05,-3.351992108946433e-05,22.55696340397435,0.8078533857365073
15816.596011300002,high_load,high_cognitive_load,146.24035717622337,121.16825399328582,54.77120430521836,49.43880049831887,-3.7419591535581276e-05,-3.7419591535581276e-05,6.97251728349147,27.321733019718522
15816.948884200005,high_load,high_cognitive_load,-45.534506351480104,-44.494762232206995,-15.410447928879421,-9.580888889666767,-3.4717025300778914e-05,-3.4717025300778914e-05,37.28803730830805,9.129359300628494
15817.345716900005,high_load,high_cognitive_load,44.38988429689698,41.469051074582694,27.290205370657304,37.010721852655934,-3.451264728937531e-05,-3.451264728937531e-05,15.292630771837594,24.23815935237735
15817.725435000004,high_load,high_cognitive_load,3.408889904902935,5.5934682684169275,7.36673761578777,11.937415943183169,-3.479834686004324e-05,-3.479834686004324e-05,27.345517213951553,4.088523947793419
15818.101276800004,high_load,high_cognitive_load,13.723133619581404,22.190521695782536,7.3356627894436315,10.360339369725352,-3.496823410387151e-05,-3.496823410387151e-05,-0.057002097629265336,21.18566875484612
15818.485014600004,high_load,high_cognitive_load,-4.298143885021091,1.4720795009798167,9.949173533862222,16.292311861777307,-3.434231530263787e-05,-3.434231530263787e-05,14.636085101798926,8.063169668244427
15818.829106300003,high_load,high_cognitive_load,13.86451880665527,7.294611535492095,-4.704226224962667,0.15567608340279548,-3.5667335396283306e-05,-3.5667335396283306e-05,8.637405018273512,-7.786329439358269
15819.218989100003,high_load,high_cognitive_load,-54.14700918849758,-56.994601951445475,-44.2704716109497,-49.00643730761294,-3.7040480492578354e-05,-3.7040480492578354e-05,5.013129339117768,-52.32251116105226
15819.587726500004,high_load,high_cognitive_load,6.693716373834377,5.911311078050403,6.658169172582802,11.776131066785638,-3.521381222526543e-05,-3.521381222526543e-05,25.862895138010117,9.859075450629007
15819.980160900004,high_load,high_cognitive_load,-109.88462879711051,-96.95437875692096,-27.76204196179401,-31.40572575059059,-3.4028586014756e-05,-3.4028586014756e-05,-10.569104205756503,-1.2388674198050467
15820.347552700005,high_load,high_cognitive_load,-51.39065945853099,-47.59682846288615,-22.05029730147112,-24.087919301156035,-3.2117725822899956e-05,-3.2117725822899956e-05,-3.950616187831656,-8.231437986644778
15820.751630000004,high_load,high_cognitive_load,11.984944467341393,18.780136635985855,3.9135213487943474,8.503053511134112,-3.272460071457317e-05,-3.272460071457317e-05,6.318475373034744,6.6544910997608895
15821.104605700006,high_load,high_cognitive_load,121.19348461980235,112.04642196474879,12.718403271996976,16.665285518378823,-3.518017638270976e-05,-3.518017638270976e-05,30.935085739358783,-10.782547482051996
15821.469663500005,high_load,high_cognitive_load,-67.8777052442033,-58.819258443013496,-31.901263851629892,-25.20522078194017,-3.5446308174869046e-05,-3.5446308174869046e-05,-11.86440517781466,-14.553029727004287
15821.855604000006,high_load,high_cognitive_load,44.541541535611486,45.22753054372561,22.917895540182144,27.80413092843264,-3.5727975046029314e-05,-3.5727975046029314e-05,4.825907546099643,26.23810779679434
15822.231169300007,high_load,high_cognitive_load,-34.89259225448177,-39.188595728926884,-35.76100408042316,-48.6778403871167,-3.578366249712417e-05,-3.578366249712417e-05,-74.0862085751628,-31.622492401275395
15822.622604500008,high_load,high_cognitive_load,30.299844792247768,12.99599834021592,19.63332224816554,13.221894045475892,-3.676132109831087e-05,-3.676132109831087e-05,12.142247691799184,23.6616124555826
15823.009218200008,high_load,high_cognitive_load,-99.52901217436693,-85.42717744202673,-34.00371140845482,-33.07593934602892,-3.38566833306686e-05,-3.38566833306686e-05,13.505827562999912,-12.04150324716693
15823.373703400008,high_load,high_cognitive_load,-47.948527706239474,-42.282390552637025,-10.833153296454611,-10.360115459812732,-3.285424190835329e-05,-3.285424190835329e-05,-14.615481047455432,5.404542114758897
15823.737238400006,high_load,high_cognitive_load,23.935676908191,13.880050295093497,1.0755084134220851,1.3528400807799699,-3.539568388077896e-05,-3.539568388077896e-05,14.197932111990212,4.441377238149926
15824.091014800002,high_load,high_cognitive_load,7.232181468215003,8.772538962802628,1.85421289147871,6.705437972765594,-3.375102642166894e-05,-3.375102642166894e-05,16.50030394406531,2.5408302375458334
15824.473546700003,high_load,high_cognitive_load,55.46265844377285,56.89867470167701,18.780057766650998,19.954048492903894,-3.2512275538465474e-05,-3.2512275538465474e-05,-17.623760194907845,1.7372831919083183
15824.8565521,high_load,high_cognitive_load,-48.89903634191387,-46.33472942376693,-37.28906836803526,-28.228144613749464,-3.5363917049835436e-05,-3.5363917049835436e-05,15.83092948382182,-18.332045878561075
15825.231861400001,high_load,high_cognitive_load,-0.32001727480110276,2.6348995798766737,1.207897801524723,-0.9442745286905847,-3.598807506932644e-05,-3.598807506932644e-05,11.484768965412968,-5.710187938462241
15825.603745000008,high_load,high_cognitive_load,10.338469572552185,13.981614241142779,3.093023815060633,4.520867417350473,-3.1283188036468346e-05,-3.1283188036468346e-05,-3.3937941406225036,-0.6865860693915238
15825.966466900001,high_load,high_cognitive_load,23.692183443178692,18.2291819238867,36.01615498997762,41.0713333094277,-3.2375004593632184e-05,-3.2375004593632184e-05,94.65624866002827,41.17585054315441
15826.336579,high_load,high_cognitive_load,14.168547265201141,2.043623309706163,-1.4775331749074212,-0.3788340716187122,-3.412028672755696e-05,-3.412028672755696e-05,34.76335964941427,-8.708516411367327
15826.7929132,high_load,high_cognitive_load,134.92661987590736,113.88834129825682,52.8604739572188,49.6222523929232,-3.4190358746855054e-05,-3.4190358746855054e-05,27.722824307219526,35.99683572324648
15827.1671279,high_load,high_cognitive_load,-47.10930969920264,-38.94383963644668,-12.506281173681373,-15.056684400785343,-3.4878304177254904e-05,-3.4878304177254904e-05,14.038956691885232,6.023050496988617
15827.5491647,high_load,high_cognitive_load,118.97927997028364,104.8152076712222,51.47975735693808,61.659627176025424,-3.496647059364477e-05,-3.496647059364477e-05,99.99796499465401,30.6757018570961
15827.924351700001,high_load,high_cognitive_load,-38.990851433266016,-33.5305831758219,-18.684065602721148,-16.74106445457801,-3.564220423868392e-05,-3.564220423868392e-05,-18.42138019654203,-11.59793141523187
15828.3228178,high_load,high_cognitive_load,169.62451617757552,156.92394598972305,64.93575025129508,62.88408704284075,-3.3620448448345996e-05,-3.3620448448345996e-05,8.512952289785517,29.315956801781795
15828.714350000002,high_load,high_cognitive_load,-71.05667235918872,-60.067438317214965,-31.718060633091,-31.177793099265273,-3.766177724173758e-05,-3.766177724173758e-05,-59.22029295465154,-19.195570900702023
15829.108582100002,high_load,high_cognitive_load,14.625793019952198,7.884639407722261,4.400077714862391,2.7526417594622217,-3.750370524358004e-05,-3.750370524358004e-05,10.349033082075948,4.59300133381339
15829.516211200003,high_load,high_cognitive_load,-79.74953488660367,-81.34667143739716,-70.90754194726469,-75.06330400085426,-3.384399497008417e-05,-3.384399497008417e-05,-77.44904529294718,-68.46660815154974
15829.928748400003,high_load,high_cognitive_load,-164.8366797114693,-156.8878413954717,-60.455676300190134,-56.48115268977108,-3.3901201277330983e-05,-3.3901201277330983e-05,-53.267786212125884,-15.790847130149814
15830.3129229,high_load,high_cognitive_load,-58.020854549258274,-50.75259784588616,-5.920737380755554,-3.269604964701557,-3.481146904960042e-05,-3.481146904960042e-05,22.577162223913092,11.188127011328561
15830.679445500005,high_load,high_cognitive_load,14.842673783902228,14.951774637562721,0.12387279885820135,-1.510684551374652,-3.2738857953518163e-05,-3.2738857953518163e-05,5.424505108292124,-1.062660858331128
15831.066257800006,high_load,high_cognitive_load,-0.625482633062802,0.42725966845500807,0.13208044217981296,12.96222515844238,-3.3810515560617205e-05,-3.3810515560617205e-05,40.364285541189474,5.263623321174691
15831.436110100007,high_load,high_cognitive_load,-2.596495366195086,-5.936219938831073,-0.8947488624296511,-2.846832616271513,-3.42081830240204e-05,-3.42081830240204e-05,15.977809706932021,1.8663280727118945
15831.844988800007,high_load,high_cognitive_load,5.1210150384408735,-0.9825398227021651,-1.7584033838729738,4.5321589574455174,-3.5597860005509574e-05,-3.5597860005509574e-05,21.771625463959936,-3.7071404634311875
15832.234732700008,high_load,high_cognitive_load,-118.78471788530487,-83.6264949910792,-23.823575172273195,-20.134095789433104,-3.3521911973366514e-05,-3.3521911973366514e-05,-22.540181713322454,2.2880765140662334
15832.609625400002,high_load,high_cognitive_load,-63.28076884843813,-49.934115133012256,-26.745357063407482,-20.20652731766586,-3.6605347304430325e-05,-3.6605347304430325e-05,7.039671498721418,-0.8412687708796511
15833.057813700001,high_load,high_cognitive_load,24.45422096697439,26.9714617506188,16.729237134898312,24.158564117760307,-3.5644696254166774e-05,-3.5644696254166774e-05,43.49106214532321,16.78293399687618
15833.4052228,high_load,high_cognitive_load,16.22849764049488,12.96053426125627,5.693591480925306,10.128246224654958,-3.2502903195563704e-05,-3.2502903195563704e-05,-13.795721334992777,1.3250815957762825
15833.759128200001,high_load,high_cognitive_load,-8.458374444170204,-4.825119969752905,-3.7546682346080615,0.5427814269723967,-3.4406139093334787e-05,-3.4406139093334787e-05,-16.069034758970247,-6.88257205390164
15834.1406884,high_load,high_cognitive_load,-6.386319629261834,-2.64453900118815,8.367531114799249,-2.4918167316254767,-3.444791855145013e-05,-3.444791855145013e-05,25.02855223167353,-4.569284952550333
15834.5178496,high_load,high_cognitive_load,14.758375987900763,15.626029236824706,6.864446185912357,15.667616188052307,-3.3983352295763325e-05,-3.3983352295763325e-05,6.683446095176805,17.304854244133367
15834.873107500001,high_load,high_cognitive_load,150.3407022721317,149.23619796114644,61.52373235632149,63.4878106105657,-3.7274364331096876e-05,-3.7274364331096876e-05,54.194495017435656,46.348612234411576
15835.238039400001,high_load,high_cognitive_load,-22.469898663327967,-22.68745089453978,1.2476184832171384,2.5807298567865473,-3.737603492481867e-05,-3.737603492481867e-05,-10.093217685999662,10.94998578466766
15835.6040174,high_load,high_cognitive_load,12.955669336358824,8.12557981194368,-5.501868573363936,-6.600507673384527,-3.4767186662065797e-05,-3.4767186662065797e-05,-3.3089312942365723,-4.495633852867741
15835.9740798,high_load,high_cognitive_load,1.766215997053223,1.3345995619392852,-3.3204380492854852,2.1368130739210756,-3.512035618769005e-05,-3.512035618769005e-05,49.30854857104259,3.297268684298615
15836.4026656,high_load,high_cognitive_load,-3.1959795446782664,-16.875046938781907,0.5157600380550775,-5.901983237292825,-3.699875196616631e-05,-3.699875196616631e-05,-5.320197391892179,-4.745723238828305
15836.7065421,high_load,high_cognitive_load,19.4159864136941,21.08812827559632,23.77239354183166,13.852350217409366,-3.692797599796904e-05,-3.692797599796904e-05,-15.746885949862644,21.60110887535211
15837.066591800001,high_load,high_cognitive_load,10.606591537133227,-2.9763698122601454,5.445225331175607,12.932893948381661,-3.682944043248426e-05,-3.682944043248426e-05,54.44759164092011,8.294276060234552
15837.425567,high_load,high_cognitive_load,-1.3604889629245918,-0.6355079951586049,0.105995971013499,-4.922186146091462,-3.5194096199120395e-05,-3.5194096199120395e-05,-26.511988849407317,5.383018517582059
15837.8265269,high_load,high_cognitive_load,-63.37684669398777,-67.96670524218734,-58.06619814701867,-55.834319916591085,-3.427362662478117e-05,-3.427362662478117e-05,-32.551424782125196,-58.32619069864177
15838.1755331,high_load,high_cognitive_load,-23.80063031102918,-14.907305665221884,-2.898276671059193,-0.6085852575465651,-3.2910797926888335e-05,-3.2910797926888335e-05,26.246210437201626,11.692096962462529
15838.5528601,high_load,high_cognitive_load,-0.30974856589136834,6.330783285343841,10.74950122745122,8.504658365103296,-3.490581821097294e-05,-3.490581821097294e-05,17.89917031715322,5.001322456810158
15838.947931100001,high_load,high_cognitive_load,-147.3945015794675,-136.6155248081236,-114.33440321117064,-113.84246651444028,-3.419045788177755e-05,-3.419045788177755e-05,-61.97552431417307,-104.57428181700107
15839.281559300001,high_load,high_cognitive_load,-61.824347521871914,-49.59894450565798,-31.049727375142538,-37.152736784591525,-3.2738592381065246e-05,-3.2738592381065246e-05,-100.29421191005531,-15.083507047558214
15839.6577053,high_load,high_cognitive_load,-76.43085117178589,-88.64887160227681,-86.2860513272633,-98.78365913581547,-3.6287919101596344e-05,-3.6287919101596344e-05,-119.60377120678095,-94.96763904773843
15840.050230100001,high_load,high_cognitive_load,-25.424445092736732,-35.426288138916334,-41.623612595901704,-41.68644564801389,-3.588397976272972e-05,-3.588397976272972e-05,-22.48796451655835,-37.51628266383659
15840.435593400001,high_load,high_cognitive_load,5.561511827427239,7.665816800717948,0.5297373201624396,-1.5063790068629714,-3.587139326555189e-05,-3.587139326555189e-05,8.844917257559246,6.980817165289864
15840.780527800001,high_load,high_cognitive_load,-32.851659826263585,-34.70133147359866,-24.866070249717723,-32.818338692930865,-3.509345515340101e-05,-3.509345515340101e-05,-57.82410944071353,-22.067222480416604
15841.172076200002,high_load,high_cognitive_load,-16.640751549567085,-21.764581282838208,-18.543508364013178,-24.996673571600695,-3.402283346076729e-05,-3.402283346076729e-05,-24.534183708498404,-8.835895588405492
15841.582808100002,high_load,high_cognitive_load,79.31258250326391,65.99383292523953,33.250625068790214,33.35522593975293,-3.5230467801738996e-05,-3.5230467801738996e-05,28.878090186424743,28.391622505489977
15841.934028300004,high_load,high_cognitive_load,-34.470135295417094,-25.897061623632908,-4.041504256758117,-5.998980864309942,-3.4938221688207705e-05,-3.4938221688207705e-05,33.077264180448765,4.898664991549595
15842.338802900003,high_load,high_cognitive_load,23.63195383253924,9.188821148158695,6.527995177197909,4.794209086055162,-3.725755595951341e-05,-3.725755595951341e-05,18.73091432646106,4.372201402240535
15842.706723900004,high_load,high_cognitive_load,-26.850439273822303,-38.42729995140235,-27.321003246823693,-27.663961136548096,-3.4081200283253565e-05,-3.4081200283253565e-05,-15.178774425247866,-21.085409750412055
15843.089028600005,high_load,high_cognitive_load,-45.44014419927771,-27.090240785955757,-17.136315024682744,-1.9163412402349422,-3.3720024475769605e-05,-3.3720024475769605e-05,60.168147262990715,-7.721836461648309
15843.493458100005,high_load,high_cognitive_load,13.334379020226606,7.9825030762813185,-5.531197025232586,-1.894771674401909,-3.4937928830913734e-05,-3.4937928830913734e-05,12.554114036650844,-2.350559653925302
15843.850119300005,high_load,high_cognitive_load,60.128724660450644,51.197384032714126,56.99896233042159,53.87871571160531,-3.301591550552985e-05,-3.301591550552985e-05,47.3082199768196,44.59947922565061
15844.213911900004,high_load,high_cognitive_load,24.617973549063663,40.34061977734427,25.255064837298278,36.246535554369984,-3.4681096622080076e-05,-3.4681096622080076e-05,69.78185248434056,31.325903186413598
15844.579446700003,high_load,high_cognitive_load,-15.805381288809713,-14.717107177842081,9.918095339886577,14.069632344713227,-3.093692066613585e-05,-3.093692066613585e-05,36.721470655040775,3.5897404509382795
15844.967471300004,high_load,high_cognitive_load,101.02365315486531,99.65920501259916,83.5179733689406,89.01437164582921,-3.1605170988768805e-05,-3.1605170988768805e-05,63.294984569381086,80.67740772157231
15845.335910900007,high_load,high_cognitive_load,135.89519596366426,136.63636228238056,37.50509604493345,46.1448650660227,-3.2068688597064465e-05,-3.2068688597064465e-05,34.469513265920796,16.334899265897093
15845.719082200005,high_load,high_cognitive_load,-28.597269894431065,-22.66287084831947,0.3061530288875929,-4.99221531009789,-3.420231041673105e-05,-3.420231041673105e-05,-6.953646947077232,1.1242857989827826
15846.100515500006,high_load,high_cognitive_load,12.198731870970732,19.845338868885392,-3.4546312461877733,3.039774225177098,-3.639588521764381e-05,-3.639588521764381e-05,-12.213220153304974,-3.769197049939976
15846.460815600005,high_load,high_cognitive_load,-3.053016325644421,-0.5497956277727098,-5.508133212533494,-4.846894523624542,-3.703725178638706e-05,-3.703725178638706e-05,-23.736579223729223,-1.337561712733077
15846.841858300006,high_load,high_cognitive_load,-0.335752556225998,-2.248773248019461,-8.119433221791724,-1.257795220081789,-3.415435458009597e-05,-3.415435458009597e-05,-3.490739801539803,3.962965856171195
15847.230584700006,high_load,high_cognitive_load,-18.247767781118,-5.030344709311066,-7.07649199207458,-5.5245760945704205,-3.300279513496207e-05,-3.300279513496207e-05,5.333093905092483,-13.556262020872964
15847.643054300006,high_load,high_cognitive_load,-62.9518867412653,-41.65377918548984,-28.96071043654638,-15.068095069798346,-3.316120455565397e-05,-3.316120455565397e-05,-9.45657226672165,-15.686818866936846
15848.026065400005,high_load,high_cognitive_load,9.563919555018401,3.7584140717485752,8.698917914817002,4.747178841522327,-3.457573620835319e-05,-3.457573620835319e-05,-8.4288202522157,5.623257625642054
15848.448822900004,high_load,high_cognitive_load,7.654642571545992,-8.245091395094278,-6.914551693224439,-0.7155375264278518,-3.442506931605749e-05,-3.442506931605749e-05,10.144432237458659,-13.648937079323787
15848.826330700003,high_load,high_cognitive_load,144.059553605171,127.55004703378518,28.01254446141388,34.396715299510106,-3.525431202433538e-05,-3.525431202433538e-05,4.216716930917755,14.403659470006914
15849.244091600001,high_load,high_cognitive_load,-15.691150963353266,-23.38688306205222,5.957013505809982,20.008644694586565,-3.6785787415283266e-05,-3.6785787415283266e-05,80.9075874503651,19.86166733274422
15849.609329400006,high_load,high_cognitive_load,11.079990284501491,1.5094932445008453,-15.054169731914726,-15.873691131817395,-3.606009886425454e-05,-3.606009886425454e-05,-25.210626110723297,-24.259201275738633
15849.991743100005,high_load,high_cognitive_load,-0.5138076386383545,5.3100661816470165,12.323945627080775,12.854026564320066,-3.285035563749261e-05,-3.285035563749261e-05,20.62334454506481,20.489958287864738
15850.380548300005,high_load,high_cognitive_load,-53.40384811235026,-44.113093275218944,-37.62056836449028,-37.9451479086174,-3.101717356912559e-05,-3.101717356912559e-05,-48.33403217166597,-30.486039887259267
15850.775744700006,high_load,high_cognitive_load,26.906435123859865,17.904375473836353,21.8897579450213,14.65792722229071,-3.7089825127623044e-05,-3.7089825127623044e-05,18.94349255805446,10.139199165774698
15851.177018600005,high_load,high_cognitive_load,-80.22808288807619,-59.926422379016,-33.38130100820126,-24.875179688510798,-3.698932869156124e-05,-3.698932869156124e-05,-38.87467089647953,-9.466409343957366
15851.570687800004,high_load,high_cognitive_load,-54.59253232527499,-36.72883571457032,-3.712649240187602,-8.767509990535018,-3.670238766062539e-05,-3.670238766062539e-05,-25.708809171599114,6.581219208705079
15851.930161800004,high_load,high_cognitive_load,7.095677225259351,5.234971618026066,-0.6525278004066877,5.568228264512527,-3.623506290750811e-05,-3.623506290750811e-05,7.2755696095027815,0.32867904632757927
15852.281120500003,high_load,high_cognitive_load,7.826962186666606,9.911208758515386,16.457051728949864,20.396117211910223,-3.5569563806348015e-05,-3.5569563806348015e-05,48.20092957878205,12.397229598908325
15852.626882000004,high_load,high_cognitive_load,2.157026160786245,1.683377954824664,-12.14621956195424,-8.115952314344213,-3.691314759635134e-05,-3.691314759635134e-05,2.1368284901641346,-16.721808414475163
15852.993802600004,high_load,high_cognitive_load,-10.440671342005771,-11.923206850718998,-2.7556363510545907,3.285360014671369,-3.499729518807726e-05,-3.499729518807726e-05,4.260157042395349,6.060424030797549
15853.405157500005,high_load,high_cognitive_load,28.541613673138727,20.023368494353235,16.66956074155746,15.71859934472559,-3.473996457614703e-05,-3.473996457614703e-05,40.68608925343642,4.472012538363288
15853.748806900005,high_load,high_cognitive_load,-11.182818346066142,-10.045746897974368,-1.9532084836648664,-4.8513728872699176,-3.4001522180915345e-05,-3.4001522180915345e-05,-9.10642026346477,1.2512671916565523
15854.117683300005,high_load,high_cognitive_load,8.83730573089224,2.6090225139896575,2.6590675021002426,-4.056495088344036,-3.1903988201520406e-05,-3.1903988201520406e-05,0.6515446109247023,-3.934087657668897
15854.466349300004,high_load,high_cognitive_load,-1.8436171736616416,1.5376138008723501,2.316273333669187,3.642718578919812,-3.3655900551821105e-05,-3.3655900551821105e-05,-19.6233116314188,1.5857320312138654
15854.827484200005,high_load,high_cognitive_load,-22.326058621699303,-18.870950453868772,-25.583851333689836,-19.566100354314585,-3.397164891794091e-05,-3.397164891794091e-05,-20.9565930278186,-17.414792693159143
15855.233777500003,high_load,high_cognitive_load,22.606835104285437,16.99910566056724,27.827026350937786,24.49074229484404,-3.2008893867896404e-05,-3.2008893867896404e-05,39.16216836200829,19.15180136367917
15855.557044300003,high_load,high_cognitive_load,124.92052362734466,103.07281390159096,23.696105913378233,30.476262330561894,-3.233169445593376e-05,-3.233169445593376e-05,12.658036755803096,11.132101395275185
15855.961334400004,high_load,high_cognitive_load,-66.87655649564431,-64.6925163131109,-31.738283667306177,-38.416332937365496,-3.616663434513612e-05,-3.616663434513612e-05,-41.462338386518695,-26.47212722764698
15856.301352300005,high_load,high_cognitive_load,-17.279519284602884,-3.7439517356851866,-22.72078968693836,-16.25841468921999,-3.444961566856364e-05,-3.444961566856364e-05,-16.63440369568798,-13.908682757294173
15856.707849100005,high_load,high_cognitive_load,-28.37965926543984,-31.14063192601907,-26.462277565357226,-31.87868141976287,-2.9835247914888896e-05,-2.9835247914888896e-05,-61.98832596278817,-44.28149511606762
15857.114135100004,high_load,high_cognitive_load,4.986309591249665,10.157227442320163,16.61166128625814,21.303243982052663,-3.251197176723508e-05,-3.251197176723508e-05,9.611431401381196,13.385756562789084
15857.496978100005,high_load,high_cognitive_load,-68.81980588629722,-58.02349015535765,-36.89424360515818,-28.34173097567873,-3.464503970462829e-05,-3.464503970462829e-05,-21.486717820188915,-18.69364412286359
15857.904540300005,high_load,high_cognitive_load,-40.359576080941224,-34.979067638383185,-3.478170456023463,-13.01194507463515,-3.853592716041021e-05,-3.853592716041021e-05,-82.77540001472244,1.781773967866684
15858.291595700006,high_load,high_cognitive_load,37.007728287524515,31.04577143086999,24.610816835783226,22.888523547976092,-3.2737673791416455e-05,-3.2737673791416455e-05,11.558852050879068,17.00252586761644
15858.690723300006,high_load,high_cognitive_load,-23.501572138113715,-22.36583257743723,-27.73068896566747,-27.095643484891752,-3.38166191795608e-05,-3.38166191795608e-05,-37.10460810520499,-23.688125474160188
15859.063581100007,high_load,high_cognitive_load,80.15235174266218,58.52783647517663,18.48892431496688,13.213426930877631,-3.592815301090013e-05,-3.592815301090013e-05,4.561760305013195,-9.818298253783269
15859.454605200008,high_load,high_cognitive_load,-25.800948065947978,-27.21885914336235,-21.48198746501521,-16.470990869419893,-3.435031885601347e-05,-3.435031885601347e-05,1.5960279143823755,-6.581854909597041
15859.809906500008,high_load,high_cognitive_load,21.472996989574767,15.754626536356682,11.947030980586987,6.456852893496034,-3.4327886169194244e-05,-3.4327886169194244e-05,15.138680048475635,7.741148005709874
15860.201263200008,high_load,high_cognitive_load,13.565195356359709,17.953980193979532,11.590991855949596,12.45524990996637,-3.826492593361763e-05,-3.826492593361763e-05,12.829191256503236,8.845304504058277
15860.623311200008,high_load,high_cognitive_load,79.02730816183885,75.48591123753022,47.631478961792254,43.22001787602494,-3.649264635896543e-05,-3.649264635896543e-05,43.567965525765885,21.22409845325592
15860.981767700003,high_load,high_cognitive_load,-60.31451860009065,-51.48667734878836,-24.784605526270752,-27.949479537428488,-3.2167838980967645e-05,-3.2167838980967645e-05,-31.11327503297025,-3.4552645392473096
15861.372081600002,high_load,high_cognitive_load,16.904381527330315,20.395456032929815,2.7818747645492294,21.57126159551899,-3.442291563260369e-05,-3.442291563260369e-05,65.75899326395484,7.194504544654592
15861.746932600003,high_load,high_cognitive_load,-24.161959791428217,-32.45562163848808,-14.708231151904101,-13.384323513030722,-3.539102453942178e-05,-3.539102453942178e-05,15.158360870394972,-16.9612519582779
15862.109665400005,high_load,high_cognitive_load,-8.025039358012691,2.753108287145551,-4.832766206419365,1.0907081708546684,-3.7336778405006044e-05,-3.7336778405006044e-05,-6.225161668866349,-8.20523693503901
15862.499665500003,high_load,high_cognitive_load,11.044944966437924,8.577390096693307,11.979494319203695,8.395783195442164,-3.6695812923426274e-05,-3.6695812923426274e-05,-6.850770494475455,10.07722808824883
15862.849703000002,high_load,high_cognitive_load,-26.67183279140727,-15.710160505288968,-20.564275744444558,-15.829383241869891,-3.346443008922506e-05,-3.346443008922506e-05,15.632748525306852,-17.13256506020207
15863.217497200005,high_load,high_cognitive_load,35.09717653184771,34.15079983078704,42.49551166540664,44.123443505357045,-3.599919546104502e-05,-3.599919546104502e-05,13.623640948858792,27.534445338510977
15863.608797800003,high_load,high_cognitive_load,111.0509489920587,97.21396522029545,28.182824221957162,32.735435308071374,-3.2826570532051846e-05,-3.2826570532051846e-05,61.09069299263592,10.769837165772515
15864.003910300004,high_load,high_cognitive_load,-21.972851061221718,-19.72668585263682,-2.7308940138793787,-6.562429902975964,-3.408861539355712e-05,-3.408861539355712e-05,-18.11283486538059,10.070933580941528
15864.405218700003,high_load,high_cognitive_load,4.315340354748059,-3.320867164511128,-5.118865930788388,-12.520597333211754,-3.4470020182197914e-05,-3.4470020182197914e-05,-26.472650312735823,-9.60529235437707
15864.797381400007,high_load,high_cognitive_load,-47.633034262492856,-51.801821849878706,-27.30839121015947,-33.09597444307201,-3.5485566513671074e-05,-3.5485566513671074e-05,-72.68534086335649,-25.1006834525665
15865.153963200004,high_load,high_cognitive_load,8.15225589426609,6.2421944072980295,13.831958152162997,18.154311311031506,-3.4370429602859076e-05,-3.4370429602859076e-05,20.361678252892034,8.34479884252869
15865.538534200008,high_load,high_cognitive_load,22.795793808202234,25.263885940253658,26.670766421847247,22.678964646225268,-2.9526934667956084e-05,-2.9526934667956084e-05,40.53051596987916,13.365163595276044
15865.941098300007,high_load,high_cognitive_load,111.68489290947582,94.51104468561743,36.592473899728475,44.162408355206026,-3.4677961593843065e-05,-3.4677961593843065e-05,42.255137903851846,24.261440269101513
15866.327438000008,high_load,high_cognitive_load,-24.531139299954248,-29.10849645436656,-4.586737988945515,-8.90617170456244,-3.517843651934527e-05,-3.517843651934527e-05,-5.754991540305582,1.5947770720040353
15866.727442000007,high_load,high_cognitive_load,16.957908452965512,22.82097407932315,2.340842475161253,3.7481399841285565,-3.3411138247174677e-05,-3.3411138247174677e-05,-1.8881286677546996,-1.6216730993651254
15867.138565500007,high_load,high_cognitive_load,140.36294400579436,103.58392391618099,32.0812901961242,29.352926710042084,-3.3494636227260344e-05,-3.3494636227260344e-05,28.520281928018903,4.262691902505594
15867.529942600007,high_load,high_cognitive_load,-17.91127621274063,-2.658320198495403,11.954409926514472,18.91413156874387,-3.383404509804677e-05,-3.383404509804677e-05,19.79956225791875,27.97219130719668
15867.869888300007,high_load,high_cognitive_load,26.525696840226374,20.34743403754237,6.695575470338781,13.243632157938919,-3.6338227801024914e-05,-3.6338227801024914e-05,32.60749216645718,-4.907238838070043
15868.234671600007,high_load,high_cognitive_load,-9.911621433621804,-7.3127402430864095,-9.33091107310247,-9.69872683497124,-3.4161698749812786e-05,-3.4161698749812786e-05,9.071058877761516,0.33184884396132475
15868.595989600008,high_load,high_cognitive_load,50.41899355975647,42.797661153583704,19.986616084690695,10.841213036277168,-3.3687306313368026e-05,-3.3687306313368026e-05,9.300621004432287,5.614428493877313
15868.951073200007,high_load,high_cognitive_load,-3.854391488384863,-12.08459236084309,8.146100563749314,7.45525445995645,-3.451421343925176e-05,-3.451421343925176e-05,17.142894896769576,9.65550191056991
15869.317232200006,high_load,high_cognitive_load,5.427140132487239,14.193727689678326,-3.399292009813962,-4.115476583021973,-3.476411620795261e-05,-3.476411620795261e-05,-53.28726242358698,-13.216883712908839
15869.714737700007,high_load,high_cognitive_load,-12.4646299861447,-16.706229336910837,-12.125601574516395,-21.137339909624643,-3.3265074307564646e-05,-3.3265074307564646e-05,-9.707039827721474,-19.94368613540155
15870.072237700007,high_load,high_cognitive_load,4.519629582589914,5.523192612635739,4.319386086822533,7.187829120628976,-3.3022013667505234e-05,-3.3022013667505234e-05,3.2258185523896827,-1.8225359032362576
15870.424871200008,high_load,high_cognitive_load,73.59370729422426,79.03593101082515,32.97201039994229,25.184836741289473,-3.431444292800734e-05,-3.431444292800734e-05,18.627461415132984,16.762301652371207
15870.798510500008,high_load,high_cognitive_load,-30.658236097356166,-34.58684097062405,-12.517118366109116,-14.278812654636113,-3.3493251066829544e-05,-3.3493251066829544e-05,-27.833756800072933,-9.73808661012663
15871.204740800007,high_load,high_cognitive_load,-2.0841196480027975,5.641167805739315,-12.33650663592448,-10.554921009956615,-3.4658395634323824e-05,-3.4658395634323824e-05,-11.911148039575437,-13.229087443558
15871.626656600001,high_load,high_cognitive_load,135.9855762459738,109.94761931273206,48.41146204510869,38.70867156222084,-3.494346765364753e-05,-3.494346765364753e-05,7.055619880427912,9.960066771417132
15871.9952574,high_load,high_cognitive_load,-39.612249048963804,-29.167163143448306,-13.16882731599162,2.4326980634009487,-3.480929990473669e-05,-3.480929990473669e-05,3.950978860176292,15.035254970920505
15872.367882300001,high_load,high_cognitive_load,19.371074731771387,10.67625277358411,7.339183573817081,-5.977108516337921,-3.484717490209732e-05,-3.484717490209732e-05,-12.503376253296665,-7.049752266060295
15872.737973700001,high_load,high_cognitive_load,7.862324918722152,2.2489975289390713,0.5136299120999865,5.05400528490145,-3.330522213218501e-05,-3.330522213218501e-05,7.907591517072433,1.2770988197885345
15873.1003825,high_load,high_cognitive_load,28.371097459310477,38.15063341172572,11.453664516516255,18.56072015924383,-3.428576656006044e-05,-3.428576656006044e-05,74.82435042307998,22.65545043361044
15873.496599200002,high_load,high_cognitive_load,-11.983314946050086,-17.744583024892563,1.963387967029803,-5.267204547447363,-3.298873434687266e-05,-3.298873434687266e-05,1.371468354121589,-12.86966126088464
15873.862996900001,high_load,high_cognitive_load,11.726772732210065,28.255555995899158,2.2146662191580617,5.910350921322333,-3.509491580189206e-05,-3.509491580189206e-05,0.9556940994020806,13.420055991556183
15874.260445100002,high_load,high_cognitive_load,-12.720013494471914,-13.509123175173045,-3.4460316197748853,-7.04884755380408,-3.657948946056422e-05,-3.657948946056422e-05,-20.527999628300677,-5.768635566231296
15874.653261800002,high_load,high_cognitive_load,11.560715777826772,9.465168767503656,13.764085592259562,10.024676667059339,-3.451949123700615e-05,-3.451949123700615e-05,9.698859435113263,22.61610398280709
15875.053301900003,high_load,high_cognitive_load,99.08865966239046,83.59533701989949,18.818383906371764,20.272657040918148,-3.8323285480146296e-05,-3.8323285480146296e-05,46.97673432075908,-7.468403001799288
15875.388720100003,high_load,high_cognitive_load,-6.9924960369698965,-9.435054451249016,25.296324794282555,10.911303543166014,-3.4970545129908714e-05,-3.4970545129908714e-05,-17.83997673304839,12.172302952147675
15875.780008300004,high_load,high_cognitive_load,9.311414370860803,9.660276656871702,-7.874243180272288,-3.299757650675474,-3.394047234905884e-05,-3.394047234905884e-05,-40.705510828758634,-15.945852081985322
15876.172600800004,high_load,high_cognitive_load,-4.90802264031754,-5.205770211083745,1.0290857692057216,-3.8128942017897316,-3.720860604516929e-05,-3.720860604516929e-05,17.13974565689523,-5.100935841720002
15876.541213200004,high_load,high_cognitive_load,-19.392015339619775,-15.97770700019828,-17.9448164450705,-18.814234872051202,-3.615170226112241e-05,-3.615170226112241e-05,-37.896751674208645,-20.687308103787927
15876.923757600003,high_load,high_cognitive_load,97.11241639380114,96.8784992027513,91.70153951282145,92.24524104240481,-3.1391336051456165e-05,-3.1391336051456165e-05,52.30816319182986,85.00635489532124
15877.296234900004,high_load,high_cognitive_load,-124.18176564301712,-115.5524839343334,-129.77991614779285,-117.80942380927445,-3.4911279726657085e-05,-3.4911279726657085e-05,-112.97908980360762,-118.02609991840518
15877.661822100004,high_load,high_cognitive_load,-51.92513049565423,-38.412726802052475,-32.25274492973358,-31.772525687580128,-3.833614209725056e-05,-3.833614209725056e-05,-34.9249056234662,-22.817886172051658
15878.061545600005,high_load,high_cognitive_load,-1.035080516009657,3.749976193014845,-5.31044782675599,-6.627556801330229,-3.322905013192212e-05,-3.322905013192212e-05,-21.348455837767688,-6.1029274756660925
15878.471812400006,high_load,high_cognitive_load,-3.2048661067724424,-3.447409692648307,-1.6569304363160882,5.5102573807380395,-3.260369976487709e-05,-3.260369976487709e-05,26.454648450278,4.923330275566059
15878.814449500005,high_load,high_cognitive_load,12.515113442990241,10.793610592645564,8.991864542110761,7.0440399164449445,-3.5421473512542434e-05,-3.5421473512542434e-05,-6.518613993211147,2.9418984343451484
15879.175460200006,high_load,high_cognitive_load,49.43176145375628,48.39171734103411,27.068199838350438,14.27725782241123,-3.369022033439251e-05,-3.369022033439251e-05,20.201869278377217,18.74986967267114
15879.536724700005,high_load,high_cognitive_load,-51.2189102667644,-57.23170597833223,-13.092047046404332,-28.558227995756624,-3.3310252547380514e-05,-3.3310252547380514e-05,-20.9686495979754,-13.385839057110843
15879.894598000006,high_load,high_cognitive_load,-36.84080053027401,-16.385886537567785,-22.818124989083117,-12.924482416315186,-3.671738159027882e-05,-3.671738159027882e-05,19.967290673045227,-8.801535766384859
15880.251447800005,high_load,high_cognitive_load,13.97411794220534,3.125444621405677,4.830883002666042,-2.8392650342561865,-3.314627247164026e-05,-3.314627247164026e-05,-16.13200076587418,-3.417175930256235
15880.658081500005,high_load,high_cognitive_load,52.89007524107046,50.03692446420837,48.52584933488879,41.20434675217393,-3.421309156692587e-05,-3.421309156692587e-05,29.149494699292973,37.779955960919324
15881.022903700006,high_load,high_cognitive_load,-20.6782711004862,-14.347961966445837,-11.399826666244053,-1.213606761122719,-3.6754473512701225e-05,-3.6754473512701225e-05,16.754524114274318,1.332540571683694
15881.409190800006,high_load,high_cognitive_load,-9.451939323636452,-0.472683205238809,-2.2719612804066855,3.287443927120421,-3.569202908693114e-05,-3.569202908693114e-05,12.34919879914878,-2.540601312010949
15881.808091900006,high_load,high_cognitive_load,-16.513908077649376,-21.840920546956568,-15.364067361847447,-20.174527494928498,-3.367658791830763e-05,-3.367658791830763e-05,-19.842047237752922,-19.636497997567858
15882.190708300006,high_load,high_cognitive_load,0.670418029951179,1.3150433034184061,2.3824289307306117,-5.050751160435539,-3.1791062610864174e-05,-3.1791062610864174e-05,10.81492171674472,-10.38922249287043
15882.567184400008,high_load,high_cognitive_load,-27.044878465767397,-15.725490022268787,-21.79279574772295,-16.80494828217661,-3.495646706141997e-05,-3.495646706141997e-05,-32.588398661962856,-9.77856236503112
15882.967198400007,high_load,high_cognitive_load,19.02124839464932,13.641288999069275,10.032827359792918,16.556733306395017,-3.404972721909871e-05,-3.404972721909871e-05,32.1085506845734,16.225286329272876
15883.352286600008,high_load,high_cognitive_load,-10.51209919561552,1.7091294476845178,1.5801542320416502,4.999376087732799,-3.314623245387338e-05,-3.314623245387338e-05,2.1229790762495213,13.131330922050438
15883.751266500001,high_load,high_cognitive_load,-16.10702126546994,-23.04826238288433,-15.061933877117326,-14.381080218087845,-3.420826942601707e-05,-3.420826942601707e-05,9.823783888782145,-23.17383354004278
15884.1189777,high_load,high_cognitive_load,25.185949475018333,24.921555190270738,16.42107106691151,22.95303474317643,-3.5333070627530105e-05,-3.5333070627530105e-05,31.941216873003214,21.276210529615128
15884.483937100002,high_load,high_cognitive_load,2.1485327812970354,2.9669235512537853,1.9764522289908655,2.5767967008846426,-3.5449328606773634e-05,-3.5449328606773634e-05,-0.7531708081182842,-0.4589171478824028
15884.8777818,high_load,high_cognitive_load,39.911396914974375,30.31102457943871,28.10591698359508,27.943176203504663,-3.38335466949502e-05,-3.38335466949502e-05,3.245568443609045,29.68808601134151
15885.242963000006,high_load,high_cognitive_load,-22.53151778995243,-22.758168676951755,-15.587250606093448,-14.299369718733942,-3.560395362001145e-05,-3.560395362001145e-05,-8.804666675853241,-15.315741871791033
15885.635316900007,high_load,high_cognitive_load,99.79978220093517,101.12973074304136,26.945265905856786,30.98016944641131,-3.4493105886213016e-05,-3.4493105886213016e-05,26.124305038119928,20.41875066338025
15886.006987300003,high_load,high_cognitive_load,-21.887253534222964,-27.002308958844424,5.510561293770252,-4.893668100675768,-3.4249239433847833e-05,-3.4249239433847833e-05,-0.7423001190209106,3.588357502474537
15886.402019700003,high_load,high_cognitive_load,25.239804015678146,30.714530288276364,9.60234197505065,10.711819907971858,-3.4914111893158406e-05,-3.4914111893158406e-05,0.32738634692304913,4.518085028668793
15886.766596600002,high_load,high_cognitive_load,-20.314260823329732,-12.969475119840354,9.467657728778704,-1.7103473975498673,-3.5445661524136085e-05,-3.5445661524136085e-05,-15.62864448343862,9.25081378525556
15887.139060300007,high_load,high_cognitive_load,-9.101367173645485,-11.240028869780872,1.6529869309565584,-2.860320980630604,-3.4247033909196034e-05,-3.4247033909196034e-05,2.653232698671218,-0.28605617890207213
15887.522338200008,high_load,high_cognitive_load,1.935861646532885,-3.207251128615553,-19.27845135618486,-8.29163860338349,-3.775585719267838e-05,-3.775585719267838e-05,-1.7430593427529857,-8.142553622253217
15887.920818800007,high_load,high_cognitive_load,10.881424936564144,2.8626377400150886,18.958329694985423,9.728744350592024,-3.585635295166867e-05,-3.585635295166867e-05,-81.1587354367366,16.43890464755532
15888.275196600003,high_load,high_cognitive_load,6.295701690351052,8.372610326482572,-5.758602008142589,-0.6702510491268185,-3.270527031418169e-05,-3.270527031418169e-05,-41.741388874498625,9.467633572583054
15888.632452700003,high_load,high_cognitive_load,7.289861810013008,7.4573256030344055,9.540948528827585,11.371463043823951,-3.45350608768058e-05,-3.45350608768058e-05,22.79861425537638,-1.0267714173778586
15889.021192000004,high_load,high_cognitive_load,-80.96038066841584,-49.65378542578219,-26.32854140729546,-18.454631582342245,-3.594235568016302e-05,-3.594235568016302e-05,-68.73169255171342,-7.163348834011231
15889.415131800004,high_load,high_cognitive_load,-24.35335962927229,-30.676084580551105,-7.779234758310622,-11.697468112613933,-3.469442526693456e-05,-3.469442526693456e-05,-45.697291276699616,1.8410168479349522
15889.815241600005,high_load,high_cognitive_load,9.056581001458198,-0.43174496175743116,-11.743737350749825,-0.622832949882195,-3.548115273588337e-05,-3.548115273588337e-05,6.2997016535227885,-18.53467400508862
15890.181695900006,high_load,high_cognitive_load,227.37267096094865,134.20640124704778,64.60518432328763,34.00963432221624,-3.4591978874232154e-05,-3.4591978874232154e-05,-83.09843036869916,-6.266366179393117
15890.584410800006,high_load,high_cognitive_load,-56.692142721876735,-52.08689166722206,-19.25533416562962,-12.659789890340107,-3.4267630326212384e-05,-3.4267630326212384e-05,-9.632415214956382,-6.632240493687732
15890.977916600006,high_load,high_cognitive_load,43.99783016617812,24.15030319962534,6.556204947289416,3.5339174174182517,-3.7575837268377654e-05,-3.7575837268377654e-05,1.3301908091261794,-7.016214199773003
15891.379210100005,high_load,high_cognitive_load,19.236840502188898,28.332238672749554,-8.789604057383485,2.329191234701284,-3.752237716980744e-05,-3.752237716980744e-05,27.979205048364747,-11.195301136380749
15891.743669600008,high_load,high_cognitive_load,-25.817407985148293,-27.63182295048773,-0.6694508993978161,-0.650392302686214,-3.558108437573537e-05,-3.558108437573537e-05,-23.837773884820308,-13.719316828130559
15892.136511500008,high_load,high_cognitive_load,-9.298419198546071,1.5405200246195818,-17.122922199811,-17.930100227335515,-3.576655399228912e-05,-3.576655399228912e-05,-1.7380306662753355,-11.080883019383236
15892.5514205,high_load,high_cognitive_load,106.01664075459075,94.61402776739033,34.804170176697426,48.280495092189994,-3.43344800057821e-05,-3.43344800057821e-05,26.02480899218881,18.684836031754003
15892.952753200001,high_load,high_cognitive_load,-40.112612804732635,-26.251059521151547,-17.477352571912206,-16.727084166857367,-3.070649745495757e-05,-3.070649745495757e-05,1.7951445301423519,-3.884587723943241
15893.3188391,high_load,high_cognitive_load,11.908629144754286,-5.887690011184986,-3.0866422762580896,-0.108531374976792,-3.301972901681438e-05,-3.301972901681438e-05,-15.470245290951425,-8.07433000074252
15893.6838805,high_load,high_cognitive_load,22.506834705757228,51.16358808913719,28.37593804573453,32.434177948529396,-3.3281587093370035e-05,-3.3281587093370035e-05,47.60058856238629,35.622955655970145
15894.0539377,high_load,high_cognitive_load,31.556373135179,43.61621439337705,15.655206961360363,30.231095482346518,-3.493070471449755e-05,-3.493070471449755e-05,38.71764800509118,15.299921951852866
15894.441359600001,high_load,high_cognitive_load,-14.173615141879054,-18.53160642927105,-9.302908567533905,-4.698107704994527,-3.509083762764931e-05,-3.509083762764931e-05,0.2375083516376435,-5.657847265940745
15894.820460100007,high_load,high_cognitive_load,-12.20762925706913,-1.3992216215278859,-4.17976508237939,2.566375323122429,-3.1503614081884734e-05,-3.1503614081884734e-05,24.720485369044127,5.661594849340418
15895.176977600002,high_load,high_cognitive_load,-4.619514225041712,-7.9457824432283815,-5.946394490148805,-10.760015931560702,-3.2814657970448025e-05,-3.2814657970448025e-05,-42.29740710245369,-5.421797780006727
15895.568545200002,high_load,high_cognitive_load,41.08892161585936,-3.210503329612038,12.832143442016331,4.076207970414089,-3.404257495276397e-05,-3.404257495276397e-05,1.2607212663469909,-4.245985217525231
15895.940032600003,high_load,high_cognitive_load,-44.006008946867496,34.27242958579427,-9.542558830105236,16.62996154326811,-3.515828120725928e-05,-3.515828120725928e-05,21.66276942804143,28.3207552876097
15896.293076900003,high_load,high_cognitive_load,1.8393420279044221,-10.400910022630796,7.165261090686727,9.482025747337048,-3.4849906114686746e-05,-3.4849906114686746e-05,26.031779466196895,5.687750336195677
15896.662324000003,high_load,high_cognitive_load,30.523874196085217,24.376683931783646,13.680831569791962,18.803395983074097,-3.410186218388844e-05,-3.410186218388844e-05,34.031136910058194,10.487931018680683
15897.048310400003,high_load,high_cognitive_load,101.08164102875526,140.783169124908,40.1395238750099,53.43340793397874,-3.343500884511741e-05,-3.343500884511741e-05,41.415336883920645,17.48590413633474
15897.447404600003,high_load,high_cognitive_load,-85.57786173483373,-130.67718456022703,-24.632007970554014,-49.56106810852771,-3.452643704804359e-05,-3.452643704804359e-05,-75.57363392644493,-18.694198554166178
15897.843287000002,high_load,high_cognitive_load,-40.84462239961795,-30.039670993924574,-21.600615917129062,-18.809016456899826,-3.543157254171092e-05,-3.543157254171092e-05,-19.00681466707738,-12.144597245502155
15898.234743600004,high_load,high_cognitive_load,16.058110992114507,-4.527896318958483,-15.526084373247613,-26.649664518110512,-3.634024687926285e-05,-3.634024687926285e-05,-28.586942253264624,-28.320900372087635
15898.637445900004,high_load,high_cognitive_load,-19.221032063235725,-6.509117359319134,-1.3321689772992613,5.015375797886918,-3.188292703271145e-05,-3.188292703271145e-05,4.0379663955800424,0.8820398099583144
15899.026720300006,high_load,high_cognitive_load,-10.400715539412431,-25.17210961101364,-29.301648787230988,-40.180759947667866,-3.66657632184797e-05,-3.66657632184797e-05,-67.02667591405134,-40.12438732206283
15899.370546600006,high_load,high_cognitive_load,-16.402616950043466,-15.754796224752226,-9.67026624318828,-13.144766845762206,-3.595232465158915e-05,-3.595232465158915e-05,7.015902968561932,1.2439854229792218
15899.764152200005,high_load,high_cognitive_load,18.80429558644073,19.266549410188418,17.81952890038383,23.215777532687753,-3.226955323043512e-05,-3.226955323043512e-05,27.043018456034133,15.241935424068743
15900.116993000005,high_load,high_cognitive_load,-8.368290392705603,-5.56678341021825,2.0122130239772105,1.0273314491996643,-3.881843622366432e-05,-3.881843622366432e-05,7.390535255360646,4.105843840652142
15900.479160500006,high_load,high_cognitive_load,-91.2518512821216,-75.21786042631402,-2.2643075367334404,-4.004692083947248,-3.579062467906624e-05,-3.579062467906624e-05,23.336315930871024,16.767528134942495
15900.861604100006,high_load,high_cognitive_load,-64.53214058477624,-48.197724758685126,-27.969862450984692,-29.76185423304014,-3.264712813688675e-05,-3.264712813688675e-05,-15.233135871776994,-15.382246977243085
15901.220645800006,high_load,high_cognitive_load,-5.280645051192096,-19.244363318282467,-13.745620936166688,-20.85363160624547,-3.3372068173775915e-05,-3.3372068173775915e-05,-47.139509223928144,-22.16824753141782
15901.611794800006,high_load,high_cognitive_load,19.502849078013696,16.686707398529506,6.758673922193793,3.8004434479744305,-3.5952763028035406e-05,-3.5952763028035406e-05,7.193484378836729,-5.987750141275683
15902.006874400007,analysis,analysis,130.68904898451274,96.89020391111444,41.21525829483676,37.29980869330984,-3.654870943137212e-05,-3.654870943137212e-05,20.91324991831425,12.69938708984364
15902.403395800007,analysis,analysis,-5.3991400840254755,-8.385713424163896,22.070304591899458,3.0119620676318846,-3.443698187766131e-05,-3.443698187766131e-05,-21.744096539492602,18.03223508363226
15902.792194200007,analysis,analysis,17.907754173561898,27.979803003728193,-6.973748780350661,3.5298891509414716,-3.4537673855083995e-05,-3.4537673855083995e-05,-1.4905324807614306,-17.05571742025677
15903.147207800008,analysis,analysis,-22.127490610388122,-30.669793609063163,-23.944870786905994,-17.77184917640716,-3.461488813627511e-05,-3.461488813627511e-05,-4.320633949297644,-33.90472092226673
15903.508459600007,analysis,analysis,13.857960092549547,21.552702271375892,4.026613289928946,4.171132474439219,-3.24178972732625e-05,-3.24178972732625e-05,-9.903615729441299,6.736530430705898
15903.881749900007,analysis,analysis,58.763580921090124,90.68838236605552,44.9493890848064,47.09879446961668,-3.311872387712356e-05,-3.311872387712356e-05,40.30819636754586,37.362022641170824
15904.253587700006,analysis,analysis,-29.87991870504584,-34.39213455393747,-28.95361210624833,-37.202973337735784,-3.473311517154798e-05,-3.473311517154798e-05,-77.54970653228293,-36.785469004080824
15904.636266700007,analysis,analysis,-14.632158506065934,-17.38245763894747,-15.944327373874785,-5.915302910964783,-3.347187430335907e-05,-3.347187430335907e-05,19.19683483158633,0.914001079087484
15904.995694300007,analysis,analysis,6.672305896870057,1.206282461218052,9.230099837851185,-5.334391155956382,-3.22800569847459e-05,-3.22800569847459e-05,-48.78742439570851,10.769679250371155
15905.369706500007,analysis,analysis,-10.988308486106689,-25.84969519954575,-19.854965808000316,-21.19722532982587,-3.420790017116815e-05,-3.420790017116815e-05,-35.92184718567387,-26.16180737967761
15905.744628500008,analysis,analysis,20.978767703780704,33.893091542106504,23.513723927303772,28.835638383275636,-3.468636259640334e-05,-3.468636259640334e-05,8.015863180837641,20.529241673727938
15906.163663100007,analysis,analysis,51.593205836663856,49.69259921742423,32.98800718589314,34.82900824363969,-3.5142140404786915e-05,-3.5142140404786915e-05,19.235451675278455,29.843240544048513
