'Time and date','Fp1.','Fp2.','C3.','C4.','P3.','P4.','O1.','O2.'
'hh:mm:ss.mmm dd/mm/yyyy','uV','uV','uV','uV','uV','uV','uV','uV'
'[17:34:00.000 21/01/2026]',11.2482,4.420395,4.269299,1.608442,4.610755E-10,4.610755E-10,1.052183,0.6582749
'[17:34:00.004 21/01/2026]',11.2482,4.420395,4.269299,1.608442,4.610755E-10,4.610755E-10,1.052183,0.6582749
'[17:34:00.012 21/01/2026]',-2.24257,0.2711466,-1.681321,0.05305196,4.610755E-10,4.610755E-10,-1.567718,-0.6616741
'[17:34:00.020 21/01/2026]',-5.73461,-5.702275,-1.838854,-2.26552,4.610755E-10,4.610755E-10,4.970078,2.362939
'[17:34:00.028 21/01/2026]',-5.73461,-5.702275,-1.838854,-2.26552,4.610755E-10,4.610755E-10,4.970078,2.362939
'[17:34:00.036 21/01/2026]',-5.73461,-5.702275,-1.838854,-2.26552,4.610755E-10,4.610755E-10,4.970078,2.362939
'[17:34:00.044 21/01/2026]',1.367091,0.02315667,0.9913684,-0.1786234,4.610755E-10,4.610755E-10,-3.763549,-0.3126071
'[17:34:00.052 21/01/2026]',1.378108,1.800377,-1.793376,-0.2553571,4.610755E-10,4.610755E-10,-1.077765,-3.732287
'[17:34:00.060 21/01/2026]',1.378108,1.800377,-1.793376,-0.2553571,4.610755E-10,4.610755E-10,-1.077765,-3.732287
'[17:34:00.068 21/01/2026]',1.536628,2.957981,4.299042,3.810252,4.610755E-10,4.610755E-10,2.796972,3.396383
'[17:34:00.076 21/01/2026]',1.536628,2.957981,4.299042,3.810252,4.610755E-10,4.610755E-10,2.796972,3.396383
'[17:34:00.084 21/01/2026]',-4.355285,-4.809323,-4.865796,-4.705522,4.610755E-10,4.610755E-10,-2.055397,-0.8492304
'[17:34:00.092 21/01/2026]',-4.355285,-4.809323,-4.865796,-4.705522,4.610755E-10,4.610755E-10,-2.055397,-0.8492304
'[17:34:00.100 21/01/2026]',-4.355285,-4.809323,-4.865796,-4.705522,4.610755E-10,4.610755E-10,-2.055397,-0.8492304
'[17:34:00.108 21/01/2026]',1.820879,1.167693,0.7462854,0.7338901,4.610755E-10,4.610755E-10,-0.08324208,-1.916274
'[17:34:00.116 21/01/2026]',1.820879,1.167693,0.7462854,0.7338901,4.610755E-10,4.610755E-10,-0.08324208,-1.916274
'[17:34:00.124 21/01/2026]',2.824379,3.013986,4.498712,4.887937,4.610755E-10,4.610755E-10,4.659544,4.676294
'[17:34:00.132 21/01/2026]',-5.344172,-4.544644,-9.350473,-7.155555,4.610755E-10,4.610755E-10,-7.37942,-5.735253
'[17:34:00.140 21/01/2026]',-5.344172,-4.544644,-9.350473,-7.155555,4.610755E-10,4.610755E-10,-7.37942,-5.735253
'[17:34:00.148 21/01/2026]',-5.344172,-4.544644,-9.350473,-7.155555,4.610755E-10,4.610755E-10,-7.37942,-5.735253
'[17:34:00.156 21/01/2026]',-5.344172,-4.544644,-9.350473,-7.155555,4.610755E-10,4.610755E-10,-7.37942,-5.735253
'[17:34:00.164 21/01/2026]',3.897505,5.179184,7.226349,4.699479,4.610755E-10,4.610755E-10,3.937791,2.254565
'[17:34:00.172 21/01/2026]',0.7043856,-4.053886,1.268421,0.7643362,4.610755E-10,4.610755E-10,1.049269,0.648523
'[17:34:00.180 21/01/2026]',0.7043856,-4.053886,1.268421,0.7643362,4.610755E-10,4.610755E-10,1.049269,0.648523
'[17:34:00.188 21/01/2026]',0.7043856,-4.053886,1.268421,0.7643362,4.610755E-10,4.610755E-10,1.049269,0.648523
'[17:34:00.196 21/01/2026]',-3.354649,-0.7337918,-5.111516,-3.846359,4.610755E-10,4.610755E-10,-1.210333,0.2085153
'[17:34:00.204 21/01/2026]',-3.354649,-0.7337918,-5.111516,-3.846359,4.610755E-10,4.610755E-10,-1.210333,0.2085153
'[17:34:00.212 21/01/2026]',-3.354649,-0.7337918,-5.111516,-3.846359,4.610755E-10,4.610755E-10,-1.210333,0.2085153
'[17:34:00.220 21/01/2026]',0.5711781,4.115041,2.884197,2.288301,4.610755E-10,4.610755E-10,-1.39063,-1.596974
'[17:34:00.228 21/01/2026]',3.060592,-2.101983,3.377933,2.378355,4.610755E-10,4.610755E-10,0.5779257,-0.9505135
'[17:34:00.236 21/01/2026]',3.060592,-2.101983,3.377933,2.378355,4.610755E-10,4.610755E-10,0.5779257,-0.9505135
'[17:34:00.244 21/01/2026]',-4.404491,-2.706169,-7.048578,-5.546107,4.610755E-10,4.610755E-10,1.384337,4.350664
'[17:34:00.252 21/01/2026]',-4.404491,-2.706169,-7.048578,-5.546107,4.610755E-10,4.610755E-10,1.384337,4.350664
'[17:34:00.260 21/01/2026]',0.2587806,2.371412,3.353729,3.455893,4.610755E-10,4.610755E-10,-0.3208501,-2.680814
'[17:34:00.268 21/01/2026]',0.2587806,2.371412,3.353729,3.455893,4.610755E-10,4.610755E-10,-0.3208501,-2.680814
'[17:34:00.276 21/01/2026]',0.8954773,-0.7827529,0.1789374,-0.7981173,4.610755E-10,4.610755E-10,-1.467451,-0.7101665
'[17:34:00.284 21/01/2026]',0.8954773,-0.7827529,0.1789374,-0.7981173,4.610755E-10,4.610755E-10,-1.467451,-0.7101665
'[17:34:00.292 21/01/2026]',0.8921686,0.3388807,0.05859503,1.455185,4.610755E-10,4.610755E-10,0.9173119,-0.05826124
'[17:34:00.300 21/01/2026]',0.8921686,0.3388807,0.05859503,1.455185,4.610755E-10,4.610755E-10,0.9173119,-0.05826124
'[17:34:00.308 21/01/2026]',0.8921686,0.3388807,0.05859503,1.455185,4.610755E-10,4.610755E-10,0.9173119,-0.05826124
'[17:34:00.316 21/01/2026]',-2.96769,-3.494311,-1.468097,-3.200877,4.610755E-10,4.610755E-10,-1.275807,-0.06137935
'[17:34:00.324 21/01/2026]',-2.96769,-3.494311,-1.468097,-3.200877,4.610755E-10,4.610755E-10,-1.275807,-0.06137935
'[17:34:00.332 21/01/2026]',3.309327,5.012525,-0.3288906,2.238286,4.610755E-10,4.610755E-10,2.226224,2.976696
'[17:34:00.340 21/01/2026]',3.309327,5.012525,-0.3288906,2.238286,4.610755E-10,4.610755E-10,2.226224,2.976696
'[17:34:00.348 21/01/2026]',-0.8830093,-1.476693,1.583786,-0.01807955,4.610755E-10,4.610755E-10,-2.032837,-4.652545
'[17:34:00.356 21/01/2026]',-0.8830093,-1.476693,1.583786,-0.01807955,4.610755E-10,4.610755E-10,-2.032837,-4.652545
'[17:34:00.364 21/01/2026]',-0.8830093,-1.476693,1.583786,-0.01807955,4.610755E-10,4.610755E-10,-2.032837,-4.652545
'[17:34:00.372 21/01/2026]',-1.534142,-1.259444,-1.633572,-1.399828,4.610755E-10,4.610755E-10,-0.5013149,0.6593992
'[17:34:00.380 21/01/2026]',-1.534142,-1.259444,-1.633572,-1.399828,4.610755E-10,4.610755E-10,-0.5013149,0.6593992
'[17:34:00.388 21/01/2026]',3.734886,2.084902,2.405097,2.560303,4.610755E-10,4.610755E-10,1.99696,5.124907
'[17:34:00.396 21/01/2026]',3.734886,2.084902,2.405097,2.560303,4.610755E-10,4.610755E-10,1.99696,5.124907
'[17:34:00.404 21/01/2026]',-3.824014,-2.725788,-3.838867,-2.767053,4.610755E-10,4.610755E-10,-2.347907,-6.1931
'[17:34:00.412 21/01/2026]',-3.824014,-2.725788,-3.838867,-2.767053,4.610755E-10,4.610755E-10,-2.347907,-6.1931
'[17:34:00.420 21/01/2026]',-3.824014,-2.725788,-3.838867,-2.767053,4.610755E-10,4.610755E-10,-2.347907,-6.1931
'[17:34:00.428 21/01/2026]',-1.738305,-0.6626114,-1.402843,-3.64306,4.610755E-10,4.610755E-10,-2.740664,-2.763175
'[17:34:00.436 21/01/2026]',3.027883,0.5618123,3.448088,4.999146,4.610755E-10,4.610755E-10,5.378213,6.610938
'[17:34:00.444 21/01/2026]',0.1752968,0.8175104,-0.5917663,-0.5424898,4.610755E-10,4.610755E-10,-2.03826,-1.920528
'[17:34:00.452 21/01/2026]',0.1752968,0.8175104,-0.5917663,-0.5424898,4.610755E-10,4.610755E-10,-2.03826,-1.920528
'[17:34:00.460 21/01/2026]',0.1752968,0.8175104,-0.5917663,-0.5424898,4.610755E-10,4.610755E-10,-2.03826,-1.920528
'[17:34:00.468 21/01/2026]',0.1560885,0.9536031,-0.2280085,0.1708026,4.610755E-10,4.610755E-10,-1.18322,-1.650335
'[17:34:00.476 21/01/2026]',0.1560885,0.9536031,-0.2280085,0.1708026,4.610755E-10,4.610755E-10,-1.18322,-1.650335
'[17:34:00.484 21/01/2026]',-1.840857,-2.029526,-0.3612829,-0.8442431,4.610755E-10,4.610755E-10,-0.1278299,-0.6273581
'[17:34:00.492 21/01/2026]',-1.840857,-2.029526,-0.3612829,-0.8442431,4.610755E-10,4.610755E-10,-0.1278299,-0.6273581
'[17:34:00.500 21/01/2026]',-1.840857,-2.029526,-0.3612829,-0.8442431,4.610755E-10,4.610755E-10,-0.1278299,-0.6273581
'[17:34:00.508 21/01/2026]',-0.06740268,0.1650023,-1.125635,-1.270088,4.610755E-10,4.610755E-10,1.203995,4.321191
'[17:34:00.516 21/01/2026]',-0.06740268,0.1650023,-1.125635,-1.270088,4.610755E-10,4.610755E-10,1.203995,4.321191
'[17:34:00.524 21/01/2026]',1.084907,-0.5115621,0.2426536,0.6434208,4.610755E-10,4.610755E-10,-2.98959,-6.408142
'[17:34:00.532 21/01/2026]',1.084907,-0.5115621,0.2426536,0.6434208,4.610755E-10,4.610755E-10,-2.98959,-6.408142
'[17:34:00.540 21/01/2026]',2.70468,2.687213,2.624255,3.268834,4.610755E-10,4.610755E-10,2.755345,3.261113
'[17:34:00.548 21/01/2026]',-6.530939,-2.73138,-4.751842,-4.358782,4.610755E-10,4.610755E-10,-1.192938,-0.2811912
'[17:34:00.556 21/01/2026]',-6.530939,-2.73138,-4.751842,-4.358782,4.610755E-10,4.610755E-10,-1.192938,-0.2811912
'[17:34:00.564 21/01/2026]',-6.530939,-2.73138,-4.751842,-4.358782,4.610755E-10,4.610755E-10,-1.192938,-0.2811912
'[17:34:00.572 21/01/2026]',-6.530939,-2.73138,-4.751842,-4.358782,4.610755E-10,4.610755E-10,-1.192938,-0.2811912
'[17:34:00.580 21/01/2026]',3.311423,-0.5569112,2.303402,-0.05577112,4.610755E-10,4.610755E-10,-3.55544,-3.471626
'[17:34:00.588 21/01/2026]',-0.1338096,0.6863399,0.5469898,1.72748,4.610755E-10,4.610755E-10,4.835829,3.095366
'[17:34:00.596 21/01/2026]',-0.1338096,0.6863399,0.5469898,1.72748,4.610755E-10,4.610755E-10,4.835829,3.095366
'[17:34:00.604 21/01/2026]',-2.37832,-1.106092,-3.09588,-2.73243,4.610755E-10,4.610755E-10,-2.947625,1.954311
'[17:34:00.612 21/01/2026]',-2.37832,-1.106092,-3.09588,-2.73243,4.610755E-10,4.610755E-10,-2.947625,1.954311
'[17:34:00.620 21/01/2026]',2.345631,0.304787,2.169946,0.8658919,4.610755E-10,4.610755E-10,1.449059,-3.630678
'[17:34:00.628 21/01/2026]',2.345631,0.304787,2.169946,0.8658919,4.610755E-10,4.610755E-10,1.449059,-3.630678
'[17:34:00.636 21/01/2026]',0.3856877,0.9410266,1.07494,1.679768,4.610755E-10,4.610755E-10,0.3396077,0.1598534
'[17:34:00.644 21/01/2026]',0.3856877,0.9410266,1.07494,1.679768,4.610755E-10,4.610755E-10,0.3396077,0.1598534
'[17:34:00.652 21/01/2026]',-1.94666,-2.614833,-2.20909,-1.49755,4.610755E-10,4.610755E-10,-1.740976,1.119708
'[17:34:00.660 21/01/2026]',-3.434651,-4.275877,0.4423855,-1.443782,4.610755E-10,4.610755E-10,0.9695549,-0.6838627
'[17:34:00.668 21/01/2026]',-3.434651,-4.275877,0.4423855,-1.443782,4.610755E-10,4.610755E-10,0.9695549,-0.6838627
'[17:34:00.676 21/01/2026]',-6.137884,-4.252985,-3.356736,-2.26688,4.610755E-10,4.610755E-10,0.3240595,-0.08222135
'[17:34:00.684 21/01/2026]',-6.137884,-4.252985,-3.356736,-2.26688,4.610755E-10,4.610755E-10,0.3240595,-0.08222135
'[17:34:00.692 21/01/2026]',-6.137884,-4.252985,-3.356736,-2.26688,4.610755E-10,4.610755E-10,0.3240595,-0.08222135
'[17:34:00.700 21/01/2026]',24.8923,23.66127,11.94592,11.11429,4.610755E-10,4.610755E-10,-0.6578642,-0.2246419
'[17:34:00.708 21/01/2026]',-22.16187,-20.56726,-11.88746,-10.57059,4.610755E-10,4.610755E-10,0.2615442,0.0960555
'[17:34:00.716 21/01/2026]',-22.16187,-20.56726,-11.88746,-10.57059,4.610755E-10,4.610755E-10,0.2615442,0.0960555
'[17:34:00.724 21/01/2026]',-22.16187,-20.56726,-11.88746,-10.57059,4.610755E-10,4.610755E-10,0.2615442,0.0960555
'[17:34:00.732 21/01/2026]',-38.18827,-30.01042,-14.90523,-15.79664,4.610755E-10,4.610755E-10,-3.986532,-1.989316
'[17:34:00.740 21/01/2026]',45.63976,35.29654,20.1146,20.65593,4.610755E-10,4.610755E-10,4.047844,3.698674
'[17:34:00.748 21/01/2026]',46.63411,40.69962,21.05404,19.96934,4.610755E-10,4.610755E-10,4.849241,1.381599
'[17:34:00.756 21/01/2026]',-44.53439,-33.585,-22.00089,-21.63736,4.610755E-10,4.610755E-10,-6.842907,-3.884427
'[17:34:00.764 21/01/2026]',-10.66396,-15.54235,-5.763559,-5.320889,4.610755E-10,4.610755E-10,0.9098197,-0.3543386
'[17:34:00.772 21/01/2026]',-10.66396,-15.54235,-5.763559,-5.320889,4.610755E-10,4.610755E-10,0.9098197,-0.3543386
'[17:34:00.780 21/01/2026]',17.1433,14.18152,10.32893,9.868831,4.610755E-10,4.610755E-10,2.78307,4.472501
'[17:34:00.788 21/01/2026]',17.1433,14.18152,10.32893,9.868831,4.610755E-10,4.610755E-10,2.78307,4.472501
'[17:34:00.796 21/01/2026]',-0.7614127,3.031456,0.1155004,0.5550334,4.610755E-10,4.610755E-10,-4.788527,-5.76228
'[17:34:00.804 21/01/2026]',-8.329308,-6.97871,-4.310235,-4.666947,4.610755E-10,4.610755E-10,3.948306,2.818519
'[17:34:00.812 21/01/2026]',-8.329308,-6.97871,-4.310235,-4.666947,4.610755E-10,4.610755E-10,3.948306,2.818519
'[17:34:00.820 21/01/2026]',-6.182354,-9.381856,-5.895019,-6.586299,4.610755E-10,4.610755E-10,-4.891051,-1.751815
'[17:34:00.828 21/01/2026]',-6.182354,-9.381856,-5.895019,-6.586299,4.610755E-10,4.610755E-10,-4.891051,-1.751815
'[17:34:00.836 21/01/2026]',-6.182354,-9.381856,-5.895019,-6.586299,4.610755E-10,4.610755E-10,-4.891051,-1.751815
'[17:34:00.844 21/01/2026]',12.90301,13.28067,11.48473,11.62801,4.610755E-10,4.610755E-10,5.867459,2.893942
'[17:34:00.852 21/01/2026]',12.90301,13.28067,11.48473,11.62801,4.610755E-10,4.610755E-10,5.867459,2.893942
'[17:34:00.860 21/01/2026]',12.90301,13.28067,11.48473,11.62801,4.610755E-10,4.610755E-10,5.867459,2.893942
'[17:34:00.868 21/01/2026]',-5.566577,-2.463597,-6.417759,-4.745839,4.610755E-10,4.610755E-10,-4.521996,-2.35168
'[17:34:00.876 21/01/2026]',-2.38028,-5.25237,-0.969792,-1.778057,4.610755E-10,4.610755E-10,1.538098,0.009616344
'[17:34:00.884 21/01/2026]',4.146469,4.958481,4.28591,4.245234,4.610755E-10,4.610755E-10,2.927165,2.989216
'[17:34:00.892 21/01/2026]',-1.184019,0.6687906,-1.605861,-2.725778,4.610755E-10,4.610755E-10,-4.23357,-2.545212
'[17:34:00.900 21/01/2026]',-1.184019,0.6687906,-1.605861,-2.725778,4.610755E-10,4.610755E-10,-4.23357,-2.545212
'[17:34:00.908 21/01/2026]',0.759892,-1.347045,0.5532564,2.000946,4.610755E-10,4.610755E-10,2.983306,1.892837
'[17:34:00.916 21/01/2026]',-1.174891,-0.07704315,-0.5860689,-0.3658764,4.610755E-10,4.610755E-10,-2.308439,-2.208077
'[17:34:00.924 21/01/2026]',0.6645205,0.361926,-0.2279636,-1.259763,4.610755E-10,4.610755E-10,4.160424,4.012265
'[17:34:00.932 21/01/2026]',0.6645205,0.361926,-0.2279636,-1.259763,4.610755E-10,4.610755E-10,4.160424,4.012265
'[17:34:00.940 21/01/2026]',-2.623817,-3.352467,-1.332895,-1.452013,4.610755E-10,4.610755E-10,-5.220641,-4.901716
'[17:34:00.948 21/01/2026]',-2.623817,-3.352467,-1.332895,-1.452013,4.610755E-10,4.610755E-10,-5.220641,-4.901716
'[17:34:00.956 21/01/2026]',-2.623817,-3.352467,-1.332895,-1.452013,4.610755E-10,4.610755E-10,-5.220641,-4.901716
'[17:34:00.964 21/01/2026]',-2.623817,-3.352467,-1.332895,-1.452013,4.610755E-10,4.610755E-10,-5.220641,-4.901716
'[17:34:00.972 21/01/2026]',4.753592,5.378572,5.124,5.806586,4.610755E-10,4.610755E-10,2.608933,3.18015
'[17:34:00.980 21/01/2026]',-4.032708,-3.793825,-5.558214,-6.365662,4.610755E-10,4.610755E-10,-1.094265,-1.733236
'[17:34:00.988 21/01/2026]',-4.032708,-3.793825,-5.558214,-6.365662,4.610755E-10,4.610755E-10,-1.094265,-1.733236
'[17:34:00.996 21/01/2026]',-4.032708,-3.793825,-5.558214,-6.365662,4.610755E-10,4.610755E-10,-1.094265,-1.733236
'[17:34:01.004 21/01/2026]',-4.032708,-3.793825,-5.558214,-6.365662,4.610755E-10,4.610755E-10,-1.094265,-1.733236
'[17:34:01.012 21/01/2026]',1.888741,1.969091,3.557861,3.876167,4.610755E-10,4.610755E-10,3.262648,3.352332
'[17:34:01.020 21/01/2026]',1.888741,1.969091,3.557861,3.876167,4.610755E-10,4.610755E-10,3.262648,3.352332
'[17:34:01.028 21/01/2026]',-0.6404622,-0.04259376,-0.5187147,-0.1218717,4.610755E-10,4.610755E-10,-1.570694,-2.569564
'[17:34:01.036 21/01/2026]',0.09839205,-1.703625,-1.165356,-2.317006,4.610755E-10,4.610755E-10,-2.845686,-0.9613787
'[17:34:01.044 21/01/2026]',0.09839205,-1.703625,-1.165356,-2.317006,4.610755E-10,4.610755E-10,-2.845686,-0.9613787
'[17:34:01.052 21/01/2026]',0.09839205,-1.703625,-1.165356,-2.317006,4.610755E-10,4.610755E-10,-2.845686,-0.9613787
'[17:34:01.060 21/01/2026]',2.307126,0.05237807,3.301889,2.996125,4.610755E-10,4.610755E-10,3.186129,1.601197
'[17:34:01.068 21/01/2026]',2.307126,0.05237807,3.301889,2.996125,4.610755E-10,4.610755E-10,3.186129,1.601197
'[17:34:01.076 21/01/2026]',-0.5301157,6.606324,-1.493828,0.1943108,4.610755E-10,4.610755E-10,-0.7082344,0.5921289
'[17:34:01.084 21/01/2026]',-0.5301157,6.606324,-1.493828,0.1943108,4.610755E-10,4.610755E-10,-0.7082344,0.5921289
'[17:34:01.092 21/01/2026]',-1.203661,-4.593286,-1.130262,-2.302037,4.610755E-10,4.610755E-10,0.8824503,0.0507918
'[17:34:01.100 21/01/2026]',0.7747267,0.3396734,1.864867,2.281288,4.610755E-10,4.610755E-10,-2.234793,-0.2857533
'[17:34:01.108 21/01/2026]',0.7747267,0.3396734,1.864867,2.281288,4.610755E-10,4.610755E-10,-2.234793,-0.2857533
'[17:34:01.116 21/01/2026]',0.7747267,0.3396734,1.864867,2.281288,4.610755E-10,4.610755E-10,-2.234793,-0.2857533
'[17:34:01.124 21/01/2026]',-2.480455,-1.307092,-3.237892,-3.971244,4.610755E-10,4.610755E-10,-0.7192255,-1.746891
'[17:34:01.132 21/01/2026]',-2.480455,-1.307092,-3.237892,-3.971244,4.610755E-10,4.610755E-10,-0.7192255,-1.746891
'[17:34:01.140 21/01/2026]',-2.480455,-1.307092,-3.237892,-3.971244,4.610755E-10,4.610755E-10,-0.7192255,-1.746891
'[17:34:01.148 21/01/2026]',2.414231,1.586696,2.868064,3.418852,4.610755E-10,4.610755E-10,4.360602,2.755656
'[17:34:01.156 21/01/2026]',2.414231,1.586696,2.868064,3.418852,4.610755E-10,4.610755E-10,4.360602,2.755656
'[17:34:01.164 21/01/2026]',2.296084,3.344171,4.447547,4.585488,4.610755E-10,4.610755E-10,0.7350135,0.1890207
'[17:34:01.172 21/01/2026]',2.296084,3.344171,4.447547,4.585488,4.610755E-10,4.610755E-10,0.7350135,0.1890207
'[17:34:01.180 21/01/2026]',2.296084,3.344171,4.447547,4.585488,4.610755E-10,4.610755E-10,0.7350135,0.1890207
'[17:34:01.188 21/01/2026]',2.296084,3.344171,4.447547,4.585488,4.610755E-10,4.610755E-10,0.7350135,0.1890207
'[17:34:01.196 21/01/2026]',-3.63631,-5.843293,-7.036868,-7.609635,4.610755E-10,4.610755E-10,-6.813655,-3.583215
'[17:34:01.204 21/01/2026]',-0.5088258,5.015592,2.819347,3.712067,4.610755E-10,4.610755E-10,5.627499,4.853983
'[17:34:01.212 21/01/2026]',2.503652,-3.177641,1.552896,0.5179851,4.610755E-10,4.610755E-10,0.8944826,-1.406232
'[17:34:01.220 21/01/2026]',1.607228,2.310859,-0.42759,-0.5118242,4.610755E-10,4.610755E-10,-2.757206,-0.778338
'[17:34:01.228 21/01/2026]',1.607228,2.310859,-0.42759,-0.5118242,4.610755E-10,4.610755E-10,-2.757206,-0.778338
'[17:34:01.236 21/01/2026]',1.607228,2.310859,-0.42759,-0.5118242,4.610755E-10,4.610755E-10,-2.757206,-0.778338
'[17:34:01.244 21/01/2026]',-2.424389,-0.08989828,-0.1370706,0.2521362,4.610755E-10,4.610755E-10,0.5007129,0.04844289
'[17:34:01.252 21/01/2026]',-2.424389,-0.08989828,-0.1370706,0.2521362,4.610755E-10,4.610755E-10,0.5007129,0.04844289
'[17:34:01.260 21/01/2026]',-2.424389,-0.08989828,-0.1370706,0.2521362,4.610755E-10,4.610755E-10,0.5007129,0.04844289
'[17:34:01.268 21/01/2026]',-4.340661,-6.899076,-1.284172,-1.888015,4.610755E-10,4.610755E-10,-1.288565,-0.6113117
'[17:34:01.276 21/01/2026]',-4.340661,-6.899076,-1.284172,-1.888015,4.610755E-10,4.610755E-10,-1.288565,-0.6113117
'[17:34:01.284 21/01/2026]',-3.072258,-2.383516,-3.79003,-4.085338,4.610755E-10,4.610755E-10,-1.09396,-2.795694
'[17:34:01.292 21/01/2026]',-3.072258,-2.383516,-3.79003,-4.085338,4.610755E-10,4.610755E-10,-1.09396,-2.795694
'[17:34:01.300 21/01/2026]',16.38858,19.72294,7.385566,8.386972,4.610755E-10,4.610755E-10,-0.4648786,1.833433
'[17:34:01.308 21/01/2026]',16.38858,19.72294,7.385566,8.386972,4.610755E-10,4.610755E-10,-0.4648786,1.833433
'[17:34:01.316 21/01/2026]',-7.820223,-8.894917,-1.765798,-1.236528,4.610755E-10,4.610755E-10,3.268389,1.285819
'[17:34:01.324 21/01/2026]',-7.820223,-8.894917,-1.765798,-1.236528,4.610755E-10,4.610755E-10,3.268389,1.285819
'[17:34:01.332 21/01/2026]',-7.820223,-8.894917,-1.765798,-1.236528,4.610755E-10,4.610755E-10,3.268389,1.285819
'[17:34:01.340 21/01/2026]',-7.820223,-8.894917,-1.765798,-1.236528,4.610755E-10,4.610755E-10,3.268389,1.285819
'[17:34:01.348 21/01/2026]',-9.455649,-10.55577,-5.878303,-7.49922,4.610755E-10,4.610755E-10,-1.019716,-0.9618775
'[17:34:01.356 21/01/2026]',6.522799,5.664518,2.584775,2.290916,4.610755E-10,4.610755E-10,-5.65053,-2.23632
'[17:34:01.364 21/01/2026]',6.522799,5.664518,2.584775,2.290916,4.610755E-10,4.610755E-10,-5.65053,-2.23632
'[17:34:01.372 21/01/2026]',6.522799,5.664518,2.584775,2.290916,4.610755E-10,4.610755E-10,-5.65053,-2.23632
'[17:34:01.380 21/01/2026]',6.522799,5.664518,2.584775,2.290916,4.610755E-10,4.610755E-10,-5.65053,-2.23632
'[17:34:01.388 21/01/2026]',6.909552,7.224781,6.580308,8.382763,4.610755E-10,4.610755E-10,6.526738,1.352785
'[17:34:01.396 21/01/2026]',-4.196305,0.5828922,-4.030091,-3.547859,4.610755E-10,4.610755E-10,1.731042,4.195995
'[17:34:01.404 21/01/2026]',-3.564193,-9.477859,-2.017878,-4.762555,4.610755E-10,4.610755E-10,-2.901317,-3.387732
'[17:34:01.412 21/01/2026]',-3.564193,-9.477859,-2.017878,-4.762555,4.610755E-10,4.610755E-10,-2.901317,-3.387732
'[17:34:01.420 21/01/2026]',1.491503,3.187243,1.627478,2.792216,4.610755E-10,4.610755E-10,-2.27822,-2.249064
'[17:34:01.428 21/01/2026]',2.683695,5.293989,1.525659,1.840144,4.610755E-10,4.610755E-10,4.004072,3.932718
'[17:34:01.436 21/01/2026]',2.683695,5.293989,1.525659,1.840144,4.610755E-10,4.610755E-10,4.004072,3.932718
'[17:34:01.444 21/01/2026]',-2.252535,-4.182557,-1.838505,-3.008461,4.610755E-10,4.610755E-10,-2.811469,-0.3448921
'[17:34:01.452 21/01/2026]',-2.252535,-4.182557,-1.838505,-3.008461,4.610755E-10,4.610755E-10,-2.811469,-0.3448921
'[17:34:01.460 21/01/2026]',-0.805915,-0.1337006,1.729955,2.308779,4.610755E-10,4.610755E-10,2.727276,-0.8412331
'[17:34:01.468 21/01/2026]',0.893511,0.6706514,-0.8508738,-0.5504048,4.610755E-10,4.610755E-10,-2.66954,-1.733165
'[17:34:01.476 21/01/2026]',0.893511,0.6706514,-0.8508738,-0.5504048,4.610755E-10,4.610755E-10,-2.66954,-1.733165
'[17:34:01.484 21/01/2026]',1.549699,0.04577894,0.5352126,-0.2489658,4.610755E-10,4.610755E-10,2.255921,2.225559
'[17:34:01.492 21/01/2026]',1.549699,0.04577894,0.5352126,-0.2489658,4.610755E-10,4.610755E-10,2.255921,2.225559
'[17:34:01.500 21/01/2026]',-1.304695,1.450381,-0.9930997,0.4696128,4.610755E-10,4.610755E-10,-1.764383,0.6689835
'[17:34:01.508 21/01/2026]',-1.304695,1.450381,-0.9930997,0.4696128,4.610755E-10,4.610755E-10,-1.764383,0.6689835
'[17:34:01.516 21/01/2026]',-1.304695,1.450381,-0.9930997,0.4696128,4.610755E-10,4.610755E-10,-1.764383,0.6689835
'[17:34:01.524 21/01/2026]',0.7776024,-0.2457798,-0.4858325,-1.131899,4.610755E-10,4.610755E-10,0.4651308,-2.421513
'[17:34:01.532 21/01/2026]',0.7776024,-0.2457798,-0.4858325,-1.131899,4.610755E-10,4.610755E-10,0.4651308,-2.421513
'[17:34:01.540 21/01/2026]',0.7776024,-0.2457798,-0.4858325,-1.131899,4.610755E-10,4.610755E-10,0.4651308,-2.421513
'[17:34:01.548 21/01/2026]',-2.960681,-1.420576,0.9831142,-0.7711023,4.610755E-10,4.610755E-10,1.600567,2.070059
'[17:34:01.556 21/01/2026]',5.458368,1.41812,-0.04506433,1.500274,4.610755E-10,4.610755E-10,-3.08866,-2.424072
'[17:34:01.564 21/01/2026]',-4.069487,-0.4681003,0.8393779,0.6515552,4.610755E-10,4.610755E-10,3.145191,1.64691
'[17:34:01.572 21/01/2026]',-4.069487,-0.4681003,0.8393779,0.6515552,4.610755E-10,4.610755E-10,3.145191,1.64691
'[17:34:01.580 21/01/2026]',1.945852,2.03833,0.1480751,-1.045373,4.610755E-10,4.610755E-10,-0.4257365,1.056758
'[17:34:01.588 21/01/2026]',1.945852,2.03833,0.1480751,-1.045373,4.610755E-10,4.610755E-10,-0.4257365,1.056758
'[17:34:01.596 21/01/2026]',-1.583724,-3.240811,-1.89019,-1.910649,4.610755E-10,4.610755E-10,-4.701072,-3.341137
'[17:34:01.604 21/01/2026]',-1.583724,-3.240811,-1.89019,-1.910649,4.610755E-10,4.610755E-10,-4.701072,-3.341137
'[17:34:01.612 21/01/2026]',0.7529858,1.031468,2.221135,3.442987,4.610755E-10,4.610755E-10,4.582945,2.759411
'[17:34:01.620 21/01/2026]',0.7529858,1.031468,2.221135,3.442987,4.610755E-10,4.610755E-10,4.582945,2.759411
'[17:34:01.628 21/01/2026]',2.593298,0.81577,-0.2812718,-0.3776449,4.610755E-10,4.610755E-10,1.456525,-0.4990267
'[17:34:01.636 21/01/2026]',2.593298,0.81577,-0.2812718,-0.3776449,4.610755E-10,4.610755E-10,1.456525,-0.4990267
'[17:34:01.644 21/01/2026]',-2.218958,-0.7015569,-1.348968,-3.315788,4.610755E-10,4.610755E-10,-4.945312,-1.860912
'[17:34:01.652 21/01/2026]',-2.218958,-0.7015569,-1.348968,-3.315788,4.610755E-10,4.610755E-10,-4.945312,-1.860912
'[17:34:01.660 21/01/2026]',-7.882421,-5.158006,-0.5040771,0.159347,4.610755E-10,4.610755E-10,4.539583,3.363304
'[17:34:01.668 21/01/2026]',-7.882421,-5.158006,-0.5040771,0.159347,4.610755E-10,4.610755E-10,4.539583,3.363304
'[17:34:01.676 21/01/2026]',-7.882421,-5.158006,-0.5040771,0.159347,4.610755E-10,4.610755E-10,4.539583,3.363304
'[17:34:01.684 21/01/2026]',-7.882421,-5.158006,-0.5040771,0.159347,4.610755E-10,4.610755E-10,4.539583,3.363304
'[17:34:01.692 21/01/2026]',11.19851,8.937398,1.306315,3.229063,4.610755E-10,4.610755E-10,-2.621699,-4.293044
'[17:34:01.700 21/01/2026]',1.835198,-1.116239,4.800309,3.298224,4.610755E-10,4.610755E-10,-2.441829,0.1958827
'[17:34:01.708 21/01/2026]',1.835198,-1.116239,4.800309,3.298224,4.610755E-10,4.610755E-10,-2.441829,0.1958827
'[17:34:01.716 21/01/2026]',-7.48108,-4.044961,-6.955548,-5.510343,4.610755E-10,4.610755E-10,9.505802,8.851144
'[17:34:01.724 21/01/2026]',-7.48108,-4.044961,-6.955548,-5.510343,4.610755E-10,4.610755E-10,9.505802,8.851144
'[17:34:01.732 21/01/2026]',-7.48108,-4.044961,-6.955548,-5.510343,4.610755E-10,4.610755E-10,9.505802,8.851144
'[17:34:01.740 21/01/2026]',-7.48108,-4.044961,-6.955548,-5.510343,4.610755E-10,4.610755E-10,9.505802,8.851144
'[17:34:01.748 21/01/2026]',0.4162545,1.72957,1.693512,0.4695439,4.610755E-10,4.610755E-10,-7.28351,-6.969868
'[17:34:01.756 21/01/2026]',4.600497,-0.4451008,1.80583,1.954003,4.610755E-10,4.610755E-10,-0.5333225,-2.431509
'[17:34:01.764 21/01/2026]',1.349882,3.548308,1.098139,0.9575276,4.610755E-10,4.610755E-10,6.402888,7.097096
'[17:34:01.772 21/01/2026]',1.349882,3.548308,1.098139,0.9575276,4.610755E-10,4.610755E-10,6.402888,7.097096
'[17:34:01.780 21/01/2026]',1.349882,3.548308,1.098139,0.9575276,4.610755E-10,4.610755E-10,6.402888,7.097096
'[17:34:01.788 21/01/2026]',-4.762709,-4.726807,-0.1584727,-0.176909,4.610755E-10,4.610755E-10,-5.627479,-4.597247
'[17:34:01.796 21/01/2026]',0.6530657,1.75778,-1.917781,-2.833622,4.610755E-10,4.610755E-10,0.848834,-0.1649309
'[17:34:01.804 21/01/2026]',0.6530657,1.75778,-1.917781,-2.833622,4.610755E-10,4.610755E-10,0.848834,-0.1649309
'[17:34:01.812 21/01/2026]',3.292596,3.920929,0.4745542,2.795767,4.610755E-10,4.610755E-10,1.113588,2.254656
'[17:34:01.820 21/01/2026]',3.292596,3.920929,0.4745542,2.795767,4.610755E-10,4.610755E-10,1.113588,2.254656
'[17:34:01.828 21/01/2026]',-3.41123,-6.460056,0.682789,-0.9403532,4.610755E-10,4.610755E-10,1.203631,-0.2408401
'[17:34:01.836 21/01/2026]',-3.41123,-6.460056,0.682789,-0.9403532,4.610755E-10,4.610755E-10,1.203631,-0.2408401
'[17:34:01.844 21/01/2026]',-3.41123,-6.460056,0.682789,-0.9403532,4.610755E-10,4.610755E-10,1.203631,-0.2408401
'[17:34:01.852 21/01/2026]',-3.41123,-6.460056,0.682789,-0.9403532,4.610755E-10,4.610755E-10,1.203631,-0.2408401
'[17:34:01.860 21/01/2026]',-3.41123,-6.460056,0.682789,-0.9403532,4.610755E-10,4.610755E-10,1.203631,-0.2408401
'[17:34:01.868 21/01/2026]',0.1377399,4.798122,-0.1973501,0.01143778,4.610755E-10,4.610755E-10,-3.765187,-2.225956
'[17:34:01.876 21/01/2026]',-0.8939097,-2.495161,-2.571405,-0.8807452,4.610755E-10,4.610755E-10,-0.7097989,-1.699046
'[17:34:01.884 21/01/2026]',-0.8939097,-2.495161,-2.571405,-0.8807452,4.610755E-10,4.610755E-10,-0.7097989,-1.699046
'[17:34:01.892 21/01/2026]',-0.8939097,-2.495161,-2.571405,-0.8807452,4.610755E-10,4.610755E-10,-0.7097989,-1.699046
'[17:34:01.900 21/01/2026]',-0.8939097,-2.495161,-2.571405,-0.8807452,4.610755E-10,4.610755E-10,-0.7097989,-1.699046
'[17:34:01.908 21/01/2026]',1.189369,-1.269412,1.424808,-0.1905868,4.610755E-10,4.610755E-10,4.095592,4.27411
'[17:34:01.916 21/01/2026]',-2.829949,0.8376476,0.09537949,-0.2083995,4.610755E-10,4.610755E-10,-2.199828,-1.945799
'[17:34:01.924 21/01/2026]',-2.829949,0.8376476,0.09537949,-0.2083995,4.610755E-10,4.610755E-10,-2.199828,-1.945799
'[17:34:01.932 21/01/2026]',-2.829949,0.8376476,0.09537949,-0.2083995,4.610755E-10,4.610755E-10,-2.199828,-1.945799
'[17:34:01.940 21/01/2026]',-0.6869873,-2.262148,-3.754049,-2.851736,4.610755E-10,4.610755E-10,-2.040665,-2.892696
'[17:34:01.948 21/01/2026]',3.994347,4.366761,2.977259,4.733769,4.610755E-10,4.610755E-10,3.343606,3.959059
'[17:34:01.956 21/01/2026]',-3.19502,-3.043224,1.042513,-1.843916,4.610755E-10,4.610755E-10,-3.299682,-2.319492
'[17:34:01.964 21/01/2026]',-3.19502,-3.043224,1.042513,-1.843916,4.610755E-10,4.610755E-10,-3.299682,-2.319492
'[17:34:01.972 21/01/2026]',-3.19502,-3.043224,1.042513,-1.843916,4.610755E-10,4.610755E-10,-3.299682,-2.319492
'[17:34:01.980 21/01/2026]',-1.156823,-2.721637,-1.870576,-1.00661,4.610755E-10,4.610755E-10,3.499613,0.8714643
'[17:34:01.988 21/01/2026]',-1.156823,-2.721637,-1.870576,-1.00661,4.610755E-10,4.610755E-10,3.499613,0.8714643
'[17:34:01.996 21/01/2026]',4.87324,8.787812,-0.4792137,1.140314,4.610755E-10,4.610755E-10,-2.241506,-1.12346
'[17:34:02.004 21/01/2026]',4.87324,8.787812,-0.4792137,1.140314,4.610755E-10,4.610755E-10,-2.241506,-1.12346
'[17:34:02.012 21/01/2026]',-2.368152,-5.282002,2.011214,0.3416114,4.610755E-10,4.610755E-10,-1.333868,-0.1376384
'[17:34:02.020 21/01/2026]',-2.368152,-5.282002,2.011214,0.3416114,4.610755E-10,4.610755E-10,-1.333868,-0.1376384
'[17:34:02.028 21/01/2026]',-0.916771,0.5551127,-1.306197,0.230963,4.610755E-10,4.610755E-10,7.129281,4.837188
'[17:34:02.036 21/01/2026]',-0.916771,0.5551127,-1.306197,0.230963,4.610755E-10,4.610755E-10,7.129281,4.837188
'[17:34:02.044 21/01/2026]',-0.916771,0.5551127,-1.306197,0.230963,4.610755E-10,4.610755E-10,7.129281,4.837188
'[17:34:02.052 21/01/2026]',-0.916771,0.5551127,-1.306197,0.230963,4.610755E-10,4.610755E-10,7.129281,4.837188
'[17:34:02.060 21/01/2026]',-1.917856,-1.935298,-1.707841,-3.833321,4.610755E-10,4.610755E-10,-11.82536,-7.546094
'[17:34:02.068 21/01/2026]',2.694978,3.852224,2.081138,3.222744,4.610755E-10,4.610755E-10,7.217304,3.291312
'[17:34:02.076 21/01/2026]',2.694978,3.852224,2.081138,3.222744,4.610755E-10,4.610755E-10,7.217304,3.291312
'[17:34:02.084 21/01/2026]',0.6077448,-1.066432,-0.757859,0.4206211,4.610755E-10,4.610755E-10,0.3861052,1.584611
'[17:34:02.092 21/01/2026]',0.6077448,-1.066432,-0.757859,0.4206211,4.610755E-10,4.610755E-10,0.3861052,1.584611
'[17:34:02.100 21/01/2026]',-3.672582,-1.723235,1.853679,-0.1386318,4.610755E-10,4.610755E-10,-0.9105314,-0.4259727
'[17:34:02.108 21/01/2026]',-3.672582,-1.723235,1.853679,-0.1386318,4.610755E-10,4.610755E-10,-0.9105314,-0.4259727
'[17:34:02.116 21/01/2026]',1.728032,-0.6376081,-3.427723,-1.970666,4.610755E-10,4.610755E-10,-3.086361,-3.042334
'[17:34:02.124 21/01/2026]',1.728032,-0.6376081,-3.427723,-1.970666,4.610755E-10,4.610755E-10,-3.086361,-3.042334
'[17:34:02.132 21/01/2026]',1.728032,-0.6376081,-3.427723,-1.970666,4.610755E-10,4.610755E-10,-3.086361,-3.042334
'[17:34:02.140 21/01/2026]',-1.44084,-0.6152437,-1.067337,-1.292142,4.610755E-10,4.610755E-10,0.5089411,0.6231623
'[17:34:02.148 21/01/2026]',-0.3093793,1.475864,1.986054,1.495974,4.610755E-10,4.610755E-10,3.329453,2.797134
'[17:34:02.156 21/01/2026]',-0.3093793,1.475864,1.986054,1.495974,4.610755E-10,4.610755E-10,3.329453,2.797134
'[17:34:02.164 21/01/2026]',-0.3093793,1.475864,1.986054,1.495974,4.610755E-10,4.610755E-10,3.329453,2.797134
'[17:34:02.172 21/01/2026]',2.431083,-0.5437686,2.624735,1.91299,4.610755E-10,4.610755E-10,-2.409966,-2.179252
'[17:34:02.180 21/01/2026]',2.431083,-0.5437686,2.624735,1.91299,4.610755E-10,4.610755E-10,-2.409966,-2.179252
'[17:34:02.188 21/01/2026]',-2.151752,0.8116631,-2.793827,-1.394624,4.610755E-10,4.610755E-10,1.26257,1.461302
'[17:34:02.196 21/01/2026]',-2.151752,0.8116631,-2.793827,-1.394624,4.610755E-10,4.610755E-10,1.26257,1.461302
'[17:34:02.204 21/01/2026]',0.8056781,1.16995,1.39157,0.3766207,4.610755E-10,4.610755E-10,-1.055912,-2.123035
'[17:34:02.212 21/01/2026]',0.8056781,1.16995,1.39157,0.3766207,4.610755E-10,4.610755E-10,-1.055912,-2.123035
'[17:34:02.220 21/01/2026]',0.8056781,1.16995,1.39157,0.3766207,4.610755E-10,4.610755E-10,-1.055912,-2.123035
'[17:34:02.228 21/01/2026]',0.8056781,1.16995,1.39157,0.3766207,4.610755E-10,4.610755E-10,-1.055912,-2.123035
'[17:34:02.236 21/01/2026]',0.8056781,1.16995,1.39157,0.3766207,4.610755E-10,4.610755E-10,-1.055912,-2.123035
'[17:34:02.244 21/01/2026]',1.293493,-2.187512,0.1858937,-1.121375,4.610755E-10,4.610755E-10,-0.6305338,1.713655
'[17:34:02.252 21/01/2026]',1.293493,-2.187512,0.1858937,-1.121375,4.610755E-10,4.610755E-10,-0.6305338,1.713655
'[17:34:02.260 21/01/2026]',-3.580375,-3.662313,-2.679424,-1.125499,4.610755E-10,4.610755E-10,0.8565227,-0.4635361
'[17:34:02.268 21/01/2026]',4.141716,11.09499,4.288251,4.66855,4.610755E-10,4.610755E-10,0.693884,1.106708
'[17:34:02.276 21/01/2026]',-2.019753,-8.021334,-3.157125,-3.586425,4.610755E-10,4.610755E-10,-2.858934,-3.068767
'[17:34:02.284 21/01/2026]',-2.019753,-8.021334,-3.157125,-3.586425,4.610755E-10,4.610755E-10,-2.858934,-3.068767
'[17:34:02.292 21/01/2026]',0.1421662,0.984778,2.430821,1.722748,4.610755E-10,4.610755E-10,6.65102,4.745748
'[17:34:02.300 21/01/2026]',-1.805496,0.4359862,-3.197273,-2.722299,4.610755E-10,4.610755E-10,-7.808777,-2.56679
'[17:34:02.308 21/01/2026]',-1.805496,0.4359862,-3.197273,-2.722299,4.610755E-10,4.610755E-10,-7.808777,-2.56679
'[17:34:02.316 21/01/2026]',-1.805496,0.4359862,-3.197273,-2.722299,4.610755E-10,4.610755E-10,-7.808777,-2.56679
'[17:34:02.324 21/01/2026]',1.290229,-0.1953097,1.341058,1.447082,4.610755E-10,4.610755E-10,1.814595,-2.665467
'[17:34:02.332 21/01/2026]',1.290229,-0.1953097,1.341058,1.447082,4.610755E-10,4.610755E-10,1.814595,-2.665467
'[17:34:02.340 21/01/2026]',1.290229,-0.1953097,1.341058,1.447082,4.610755E-10,4.610755E-10,1.814595,-2.665467
'[17:34:02.348 21/01/2026]',1.031552,3.94607,2.376873,1.772919,4.610755E-10,4.610755E-10,3.070139,3.289534
'[17:34:02.356 21/01/2026]',1.031552,3.94607,2.376873,1.772919,4.610755E-10,4.610755E-10,3.070139,3.289534
'[17:34:02.364 21/01/2026]',0.9356915,-5.081486,-0.9661629,0.3854101,4.610755E-10,4.610755E-10,1.100368,2.637913
'[17:34:02.372 21/01/2026]',0.9356915,-5.081486,-0.9661629,0.3854101,4.610755E-10,4.610755E-10,1.100368,2.637913
'[17:34:02.380 21/01/2026]',-3.529714,1.373278,-1.003317,-2.529201,4.610755E-10,4.610755E-10,-6.989709,-6.73775
'[17:34:02.388 21/01/2026]',-3.529714,1.373278,-1.003317,-2.529201,4.610755E-10,4.610755E-10,-6.989709,-6.73775
'[17:34:02.396 21/01/2026]',-3.529714,1.373278,-1.003317,-2.529201,4.610755E-10,4.610755E-10,-6.989709,-6.73775
'[17:34:02.404 21/01/2026]',-2.72072,-4.066714,-2.177017,-2.102122,4.610755E-10,4.610755E-10,2.746269,0.8115962
'[17:34:02.412 21/01/2026]',-2.72072,-4.066714,-2.177017,-2.102122,4.610755E-10,4.610755E-10,2.746269,0.8115962
'[17:34:02.420 21/01/2026]',8.579862,8.164889,3.651908,3.97364,4.610755E-10,4.610755E-10,3.697684,5.122262
'[17:34:02.428 21/01/2026]',-3.582511,-3.499944,-1.209706,-1.024856,4.610755E-10,4.610755E-10,-5.255401,-3.943058
'[17:34:02.436 21/01/2026]',-3.582511,-3.499944,-1.209706,-1.024856,4.610755E-10,4.610755E-10,-5.255401,-3.943058
'[17:34:02.444 21/01/2026]',-1.969493,-0.2307924,-0.1274103,-0.3700664,4.610755E-10,4.610755E-10,4.070223,-0.1435573
'[17:34:02.452 21/01/2026]',-1.969493,-0.2307924,-0.1274103,-0.3700664,4.610755E-10,4.610755E-10,4.070223,-0.1435573
'[17:34:02.460 21/01/2026]',2.405188,0.3182214,0.5630798,-0.2145836,4.610755E-10,4.610755E-10,-1.735038,2.187146
'[17:34:02.468 21/01/2026]',2.405188,0.3182214,0.5630798,-0.2145836,4.610755E-10,4.610755E-10,-1.735038,2.187146
'[17:34:02.476 21/01/2026]',2.405188,0.3182214,0.5630798,-0.2145836,4.610755E-10,4.610755E-10,-1.735038,2.187146
'[17:34:02.484 21/01/2026]',-0.6737078,0.2985751,1.129469,2.424079,4.610755E-10,4.610755E-10,4.057121,1.519431
'[17:34:02.492 21/01/2026]',-0.6737078,0.2985751,1.129469,2.424079,4.610755E-10,4.610755E-10,4.057121,1.519431
'[17:34:02.500 21/01/2026]',-0.5825094,-1.680242,-1.448239,-2.745574,4.610755E-10,4.610755E-10,-4.483841,-3.319875
'[17:34:02.508 21/01/2026]',0.9942378,1.475604,-0.9439299,0.08704627,4.610755E-10,4.610755E-10,-0.9882309,-1.703176
'[17:34:02.516 21/01/2026]',0.9942378,1.475604,-0.9439299,0.08704627,4.610755E-10,4.610755E-10,-0.9882309,-1.703176
'[17:34:02.524 21/01/2026]',0.9942378,1.475604,-0.9439299,0.08704627,4.610755E-10,4.610755E-10,-0.9882309,-1.703176
'[17:34:02.532 21/01/2026]',-0.1242384,1.5445,3.475454,3.398709,4.610755E-10,4.610755E-10,3.839091,4.468942
'[17:34:02.540 21/01/2026]',-0.1242384,1.5445,3.475454,3.398709,4.610755E-10,4.610755E-10,3.839091,4.468942
'[17:34:02.548 21/01/2026]',0.8650553,-4.698807,-0.4653302,-1.331738,4.610755E-10,4.610755E-10,-0.7793407,-1.021507
'[17:34:02.556 21/01/2026]',0.8650553,-4.698807,-0.4653302,-1.331738,4.610755E-10,4.610755E-10,-0.7793407,-1.021507
'[17:34:02.564 21/01/2026]',0.8650553,-4.698807,-0.4653302,-1.331738,4.610755E-10,4.610755E-10,-0.7793407,-1.021507
'[17:34:02.572 21/01/2026]',-2.442523,4.649182,-1.738319,-0.4628651,4.610755E-10,4.610755E-10,-0.7689446,0.3785966
'[17:34:02.580 21/01/2026]',0.3880904,-1.333287,-2.506107,-3.13075,4.610755E-10,4.610755E-10,0.2207465,-1.460083
'[17:34:02.588 21/01/2026]',0.3880904,-1.333287,-2.506107,-3.13075,4.610755E-10,4.610755E-10,0.2207465,-1.460083
'[17:34:02.596 21/01/2026]',0.3880904,-1.333287,-2.506107,-3.13075,4.610755E-10,4.610755E-10,0.2207465,-1.460083
'[17:34:02.604 21/01/2026]',3.424977,-2.349923,5.915126,4.305987,4.610755E-10,4.610755E-10,2.105434,3.338749
'[17:34:02.612 21/01/2026]',3.424977,-2.349923,5.915126,4.305987,4.610755E-10,4.610755E-10,2.105434,3.338749
'[17:34:02.620 21/01/2026]',0.1285157,4.263739,0.1934238,1.65533,4.610755E-10,4.610755E-10,0.6276451,-0.1786608
'[17:34:02.628 21/01/2026]',-1.910381,-1.353817,-5.728721,-3.615932,4.610755E-10,4.610755E-10,-3.73302,-2.823741
'[17:34:02.636 21/01/2026]',-1.910381,-1.353817,-5.728721,-3.615932,4.610755E-10,4.610755E-10,-3.73302,-2.823741
'[17:34:02.644 21/01/2026]',-1.168982,-4.649501,0.2893762,-2.317208,4.610755E-10,4.610755E-10,0.1040311,-1.389829
'[17:34:02.652 21/01/2026]',-1.168982,-4.649501,0.2893762,-2.317208,4.610755E-10,4.610755E-10,0.1040311,-1.389829
'[17:34:02.660 21/01/2026]',-1.168982,-4.649501,0.2893762,-2.317208,4.610755E-10,4.610755E-10,0.1040311,-1.389829
'[17:34:02.668 21/01/2026]',0.7808295,0.9756029,0.2135845,2.206236,4.610755E-10,4.610755E-10,-0.267231,0.8404204
'[17:34:02.676 21/01/2026]',0.7808295,0.9756029,0.2135845,2.206236,4.610755E-10,4.610755E-10,-0.267231,0.8404204
'[17:34:02.684 21/01/2026]',1.378542,1.238423,0.1436425,0.1848447,4.610755E-10,4.610755E-10,0.7783349,1.068825
'[17:34:02.692 21/01/2026]',-2.961852,-2.588156,-0.5828964,-1.81427,4.610755E-10,4.610755E-10,1.119027,0.7859444
'[17:34:02.700 21/01/2026]',-2.961852,-2.588156,-0.5828964,-1.81427,4.610755E-10,4.610755E-10,1.119027,0.7859444
'[17:34:02.708 21/01/2026]',2.510849,3.10754,2.986199,3.779101,4.610755E-10,4.610755E-10,-0.8267784,-1.267659
'[17:34:02.716 21/01/2026]',2.510849,3.10754,2.986199,3.779101,4.610755E-10,4.610755E-10,-0.8267784,-1.267659
'[17:34:02.724 21/01/2026]',2.510849,3.10754,2.986199,3.779101,4.610755E-10,4.610755E-10,-0.8267784,-1.267659
'[17:34:02.732 21/01/2026]',2.510849,3.10754,2.986199,3.779101,4.610755E-10,4.610755E-10,-0.8267784,-1.267659
'[17:34:02.740 21/01/2026]',1.087093,-2.659425,-3.288978,-2.890088,4.610755E-10,4.610755E-10,-1.541515,-0.4505946
'[17:34:02.748 21/01/2026]',-4.408804,0.7018964,0.004969649,0.4797869,4.610755E-10,4.610755E-10,2.718567,2.231262
'[17:34:02.756 21/01/2026]',-4.408804,0.7018964,0.004969649,0.4797869,4.610755E-10,4.610755E-10,2.718567,2.231262
'[17:34:02.764 21/01/2026]',0.07776815,-5.075502,-1.68717,-1.327382,4.610755E-10,4.610755E-10,-0.7284214,-0.514987
'[17:34:02.772 21/01/2026]',4.40147,7.814759,7.376403,5.287114,4.610755E-10,4.610755E-10,-0.4950139,-0.9360284
'[17:34:02.780 21/01/2026]',4.40147,7.814759,7.376403,5.287114,4.610755E-10,4.610755E-10,-0.4950139,-0.9360284
'[17:34:02.788 21/01/2026]',4.40147,7.814759,7.376403,5.287114,4.610755E-10,4.610755E-10,-0.4950139,-0.9360284
'[17:34:02.796 21/01/2026]',-1.654992,-1.884187,-6.801274,-4.587616,4.610755E-10,4.610755E-10,-2.461828,-1.410405
'[17:34:02.804 21/01/2026]',-5.079382,-2.280606,0.407948,0.1164587,4.610755E-10,4.610755E-10,6.016081,3.167157
'[17:34:02.812 21/01/2026]',-5.079382,-2.280606,0.407948,0.1164587,4.610755E-10,4.610755E-10,6.016081,3.167157
'[17:34:02.820 21/01/2026]',4.005665,1.118921,1.203569,2.266495,4.610755E-10,4.610755E-10,-3.643296,0.6942385
'[17:34:02.828 21/01/2026]',4.005665,1.118921,1.203569,2.266495,4.610755E-10,4.610755E-10,-3.643296,0.6942385
'[17:34:02.836 21/01/2026]',4.005665,1.118921,1.203569,2.266495,4.610755E-10,4.610755E-10,-3.643296,0.6942385
'[17:34:02.844 21/01/2026]',4.005665,1.118921,1.203569,2.266495,4.610755E-10,4.610755E-10,-3.643296,0.6942385
'[17:34:02.852 21/01/2026]',0.1429144,0.1578862,0.2786832,-1.75549,4.610755E-10,4.610755E-10,-1.972977,-5.475823
'[17:34:02.860 21/01/2026]',-1.398607,0.887978,-1.287181,-0.3518228,4.610755E-10,4.610755E-10,3.003426,3.568618
'[17:34:02.868 21/01/2026]',-1.398607,0.887978,-1.287181,-0.3518228,4.610755E-10,4.610755E-10,3.003426,3.568618
'[17:34:02.876 21/01/2026]',-0.4619896,-3.357546,0.5489557,-0.004308386,4.610755E-10,4.610755E-10,-1.879176,-0.3053457
'[17:34:02.884 21/01/2026]',-0.4619896,-3.357546,0.5489557,-0.004308386,4.610755E-10,4.610755E-10,-1.879176,-0.3053457
'[17:34:02.892 21/01/2026]',-0.4619896,-3.357546,0.5489557,-0.004308386,4.610755E-10,4.610755E-10,-1.879176,-0.3053457
'[17:34:02.900 21/01/2026]',-0.4619896,-3.357546,0.5489557,-0.004308386,4.610755E-10,4.610755E-10,-1.879176,-0.3053457
'[17:34:02.908 21/01/2026]',-1.612696,-6.353354,-0.8026891,-0.725626,4.610755E-10,4.610755E-10,-0.3300581,-1.887043
'[17:34:02.916 21/01/2026]',-1.612696,-6.353354,-0.8026891,-0.725626,4.610755E-10,4.610755E-10,-0.3300581,-1.887043
'[17:34:02.924 21/01/2026]',-1.612696,-6.353354,-0.8026891,-0.725626,4.610755E-10,4.610755E-10,-0.3300581,-1.887043
'[17:34:02.932 21/01/2026]',5.886228,16.04223,4.021406,6.404046,4.610755E-10,4.610755E-10,2.30295,3.72654
'[17:34:02.940 21/01/2026]',-2.827326,-4.237054,0.2330322,-4.631145,4.610755E-10,4.610755E-10,-2.590395,-4.349961
'[17:34:02.948 21/01/2026]',-2.827326,-4.237054,0.2330322,-4.631145,4.610755E-10,4.610755E-10,-2.590395,-4.349961
'[17:34:02.956 21/01/2026]',-2.857736,-9.136121,-2.735574,0.2150651,4.610755E-10,4.610755E-10,4.746612,4.402375
'[17:34:02.964 21/01/2026]',-2.857736,-9.136121,-2.735574,0.2150651,4.610755E-10,4.610755E-10,4.746612,4.402375
'[17:34:02.972 21/01/2026]',5.21,7.027934,1.4969,0.894896,4.610755E-10,4.610755E-10,-3.741826,1.094203
'[17:34:02.980 21/01/2026]',5.21,7.027934,1.4969,0.894896,4.610755E-10,4.610755E-10,-3.741826,1.094203
'[17:34:02.988 21/01/2026]',-2.41714,1.493958,1.408851,1.098591,4.610755E-10,4.610755E-10,1.095445,-4.343392
'[17:34:02.996 21/01/2026]',-0.04477011,-4.874819,-1.93569,-0.7791066,4.610755E-10,4.610755E-10,1.279595,1.373164
'[17:34:03.004 21/01/2026]',-0.04477011,-4.874819,-1.93569,-0.7791066,4.610755E-10,4.610755E-10,1.279595,1.373164
'[17:34:03.012 21/01/2026]',-0.04477011,-4.874819,-1.93569,-0.7791066,4.610755E-10,4.610755E-10,1.279595,1.373164
'[17:34:03.020 21/01/2026]',-0.04477011,-4.874819,-1.93569,-0.7791066,4.610755E-10,4.610755E-10,1.279595,1.373164
'[17:34:03.028 21/01/2026]',0.7677626,3.043576,0.7408961,-0.9092347,4.610755E-10,4.610755E-10,-1.735691,0.2351192
'[17:34:03.036 21/01/2026]',-0.2700046,5.612072,0.8710898,3.187637,4.610755E-10,4.610755E-10,0.8035358,1.755767
'[17:34:03.044 21/01/2026]',-0.2700046,5.612072,0.8710898,3.187637,4.610755E-10,4.610755E-10,0.8035358,1.755767
'[17:34:03.052 21/01/2026]',-1.199622,-6.725241,-3.6846,-5.036654,4.610755E-10,4.610755E-10,0.8543401,-0.3534771
'[17:34:03.060 21/01/2026]',-1.199622,-6.725241,-3.6846,-5.036654,4.610755E-10,4.610755E-10,0.8543401,-0.3534771
'[17:34:03.068 21/01/2026]',0.6297391,-3.936882,4.518218,1.707669,4.610755E-10,4.610755E-10,-4.157192,-4.991387
'[17:34:03.076 21/01/2026]',0.6297391,-3.936882,4.518218,1.707669,4.610755E-10,4.610755E-10,-4.157192,-4.991387
'[17:34:03.084 21/01/2026]',0.6297391,-3.936882,4.518218,1.707669,4.610755E-10,4.610755E-10,-4.157192,-4.991387
'[17:34:03.092 21/01/2026]',2.098644,8.431009,-3.416291,1.333274,4.610755E-10,4.610755E-10,6.375924,6.196558
'[17:34:03.100 21/01/2026]',2.098644,8.431009,-3.416291,1.333274,4.610755E-10,4.610755E-10,6.375924,6.196558
'[17:34:03.108 21/01/2026]',-1.426199,-1.846118,4.021499,0.4479546,4.610755E-10,4.610755E-10,-1.447041,1.761799
'[17:34:03.116 21/01/2026]',1.458825,-3.295529,-3.260874,-0.5734063,4.610755E-10,4.610755E-10,-2.923002,-4.852445
'[17:34:03.124 21/01/2026]',1.458825,-3.295529,-3.260874,-0.5734063,4.610755E-10,4.610755E-10,-2.923002,-4.852445
'[17:34:03.132 21/01/2026]',1.458825,-3.295529,-3.260874,-0.5734063,4.610755E-10,4.610755E-10,-2.923002,-4.852445
'[17:34:03.140 21/01/2026]',-2.95879,-0.1049296,-2.758883,-2.601663,4.610755E-10,4.610755E-10,1.039466,-0.6161249
'[17:34:03.148 21/01/2026]',-2.95879,-0.1049296,-2.758883,-2.601663,4.610755E-10,4.610755E-10,1.039466,-0.6161249
'[17:34:03.156 21/01/2026]',6.707383,5.210957,7.608258,6.457877,4.610755E-10,4.610755E-10,3.34718,5.738771
'[17:34:03.164 21/01/2026]',6.707383,5.210957,7.608258,6.457877,4.610755E-10,4.610755E-10,3.34718,5.738771
'[17:34:03.172 21/01/2026]',6.707383,5.210957,7.608258,6.457877,4.610755E-10,4.610755E-10,3.34718,5.738771
'[17:34:03.180 21/01/2026]',-5.959607,-7.605877,-3.823321,-4.696115,4.610755E-10,4.610755E-10,-3.193585,-3.941638
'[17:34:03.188 21/01/2026]',-5.959607,-7.605877,-3.823321,-4.696115,4.610755E-10,4.610755E-10,-3.193585,-3.941638
'[17:34:03.196 21/01/2026]',-2.346236,0.2067832,-3.983826,-2.320545,4.610755E-10,4.610755E-10,-0.8703136,-1.196941
'[17:34:03.204 21/01/2026]',-2.346236,0.2067832,-3.983826,-2.320545,4.610755E-10,4.610755E-10,-0.8703136,-1.196941
'[17:34:03.212 21/01/2026]',5.237078,3.635065,3.507139,2.821054,4.610755E-10,4.610755E-10,-0.4375794,0.2062429
'[17:34:03.220 21/01/2026]',5.237078,3.635065,3.507139,2.821054,4.610755E-10,4.610755E-10,-0.4375794,0.2062429
'[17:34:03.228 21/01/2026]',-0.7855743,-1.568425,0.5455695,0.8801026,4.610755E-10,4.610755E-10,1.296998,-0.2028297
'[17:34:03.236 21/01/2026]',-0.7855743,-1.568425,0.5455695,0.8801026,4.610755E-10,4.610755E-10,1.296998,-0.2028297
'[17:34:03.244 21/01/2026]',-9.25247,-7.369842,-1.62775,-2.493066,4.610755E-10,4.610755E-10,2.733463,4.680493
'[17:34:03.252 21/01/2026]',-9.25247,-7.369842,-1.62775,-2.493066,4.610755E-10,4.610755E-10,2.733463,4.680493
'[17:34:03.260 21/01/2026]',-9.25247,-7.369842,-1.62775,-2.493066,4.610755E-10,4.610755E-10,2.733463,4.680493
'[17:34:03.268 21/01/2026]',-9.25247,-7.369842,-1.62775,-2.493066,4.610755E-10,4.610755E-10,2.733463,4.680493
'[17:34:03.276 21/01/2026]',-9.25247,-7.369842,-1.62775,-2.493066,4.610755E-10,4.610755E-10,2.733463,4.680493
'[17:34:03.284 21/01/2026]',-34.06106,-24.66798,-16.65688,-15.9071,4.610755E-10,4.610755E-10,-4.912507,-5.055933
'[17:34:03.292 21/01/2026]',37.62618,25.66691,13.35094,12.06629,4.610755E-10,4.610755E-10,-0.3508329,-1.275264
'[17:34:03.300 21/01/2026]',57.68564,52.74094,29.44257,30.12718,4.610755E-10,4.610755E-10,7.03003,7.882369
'[17:34:03.308 21/01/2026]',57.68564,52.74094,29.44257,30.12718,4.610755E-10,4.610755E-10,7.03003,7.882369
'[17:34:03.316 21/01/2026]',-44.51298,-37.97779,-24.98439,-22.87742,4.610755E-10,4.610755E-10,-3.96172,-6.274408
'[17:34:03.324 21/01/2026]',-21.89847,-19.908,-4.181102,-6.404492,4.610755E-10,4.610755E-10,0.7962695,2.983825
'[17:34:03.332 21/01/2026]',-21.89847,-19.908,-4.181102,-6.404492,4.610755E-10,4.610755E-10,0.7962695,2.983825
'[17:34:03.340 21/01/2026]',-21.89847,-19.908,-4.181102,-6.404492,4.610755E-10,4.610755E-10,0.7962695,2.983825
'[17:34:03.348 21/01/2026]',15.32712,10.23225,4.166344,3.786925,4.610755E-10,4.610755E-10,-6.766747,-6.526152
'[17:34:03.356 21/01/2026]',15.32712,10.23225,4.166344,3.786925,4.610755E-10,4.610755E-10,-6.766747,-6.526152
'[17:34:03.364 21/01/2026]',9.005065,14.03481,4.866992,6.373133,4.610755E-10,4.610755E-10,10.52929,7.182842
'[17:34:03.372 21/01/2026]',9.005065,14.03481,4.866992,6.373133,4.610755E-10,4.610755E-10,10.52929,7.182842
'[17:34:03.380 21/01/2026]',-13.12745,-15.8876,-8.380322,-7.682088,4.610755E-10,4.610755E-10,-7.320107,-2.661068
'[17:34:03.388 21/01/2026]',-13.12745,-15.8876,-8.380322,-7.682088,4.610755E-10,4.610755E-10,-7.320107,-2.661068
'[17:34:03.396 21/01/2026]',-1.239125,0.3132195,-0.5548406,-1.761277,4.610755E-10,4.610755E-10,-0.4896359,-0.7907674
'[17:34:03.404 21/01/2026]',-1.239125,0.3132195,-0.5548406,-1.761277,4.610755E-10,4.610755E-10,-0.4896359,-0.7907674
'[17:34:03.412 21/01/2026]',-1.239125,0.3132195,-0.5548406,-1.761277,4.610755E-10,4.610755E-10,-0.4896359,-0.7907674
'[17:34:03.420 21/01/2026]',3.957608,0.4079005,3.595603,3.688092,4.610755E-10,4.610755E-10,1.678742,-1.57107
'[17:34:03.428 21/01/2026]',3.957608,0.4079005,3.595603,3.688092,4.610755E-10,4.610755E-10,1.678742,-1.57107
'[17:34:03.436 21/01/2026]',3.957608,0.4079005,3.595603,3.688092,4.610755E-10,4.610755E-10,1.678742,-1.57107
'[17:34:03.444 21/01/2026]',3.957608,0.4079005,3.595603,3.688092,4.610755E-10,4.610755E-10,1.678742,-1.57107
'[17:34:03.452 21/01/2026]',2.781656,4.435915,2.335885,2.618461,4.610755E-10,4.610755E-10,1.858806,4.413777
'[17:34:03.460 21/01/2026]',-3.953595,-4.072791,-4.303669,-4.193898,4.610755E-10,4.610755E-10,-1.11531,0.2273923
'[17:34:03.468 21/01/2026]',-2.525675,-1.513277,-0.01048146,-1.132804,4.610755E-10,4.610755E-10,-2.841367,-7.22325
'[17:34:03.476 21/01/2026]',-2.525675,-1.513277,-0.01048146,-1.132804,4.610755E-10,4.610755E-10,-2.841367,-7.22325
'[17:34:03.484 21/01/2026]',-0.9084989,-3.400342,-1.99768,-2.307363,4.610755E-10,4.610755E-10,0.1664663,3.300001
'[17:34:03.492 21/01/2026]',-0.9084989,-3.400342,-1.99768,-2.307363,4.610755E-10,4.610755E-10,0.1664663,3.300001
'[17:34:03.500 21/01/2026]',10.2008,14.63586,7.632551,8.783122,4.610755E-10,4.610755E-10,1.069713,1.823124
'[17:34:03.508 21/01/2026]',10.2008,14.63586,7.632551,8.783122,4.610755E-10,4.610755E-10,1.069713,1.823124
'[17:34:03.516 21/01/2026]',-5.938209,-8.886786,-5.510242,-5.594699,4.610755E-10,4.610755E-10,-1.569925,-2.749983
'[17:34:03.524 21/01/2026]',-5.938209,-8.886786,-5.510242,-5.594699,4.610755E-10,4.610755E-10,-1.569925,-2.749983
'[17:34:03.532 21/01/2026]',-3.375568,-1.19057,0.4899594,1.059003,4.610755E-10,4.610755E-10,7.54193,5.57545
'[17:34:03.540 21/01/2026]',-3.375568,-1.19057,0.4899594,1.059003,4.610755E-10,4.610755E-10,7.54193,5.57545
'[17:34:03.548 21/01/2026]',2.826488,1.929495,0.3843113,-1.005597,4.610755E-10,4.610755E-10,-10.47001,-6.3112
'[17:34:03.556 21/01/2026]',2.826488,1.929495,0.3843113,-1.005597,4.610755E-10,4.610755E-10,-10.47001,-6.3112
'[17:34:03.564 21/01/2026]',2.826488,1.929495,0.3843113,-1.005597,4.610755E-10,4.610755E-10,-10.47001,-6.3112
'[17:34:03.572 21/01/2026]',2.826488,1.929495,0.3843113,-1.005597,4.610755E-10,4.610755E-10,-10.47001,-6.3112
'[17:34:03.580 21/01/2026]',-0.1045045,-0.9617925,-2.38657,-1.41864,4.610755E-10,4.610755E-10,1.42739,-0.7812427
'[17:34:03.588 21/01/2026]',-2.683414,-0.2712858,1.262701,1.633298,4.610755E-10,4.610755E-10,4.522256,2.772196
'[17:34:03.596 21/01/2026]',-2.683414,-0.2712858,1.262701,1.633298,4.610755E-10,4.610755E-10,4.522256,2.772196
'[17:34:03.604 21/01/2026]',-2.683414,-0.2712858,1.262701,1.633298,4.610755E-10,4.610755E-10,4.522256,2.772196
'[17:34:03.612 21/01/2026]',-2.683414,-0.2712858,1.262701,1.633298,4.610755E-10,4.610755E-10,4.522256,2.772196
'[17:34:03.620 21/01/2026]',-2.683414,-0.2712858,1.262701,1.633298,4.610755E-10,4.610755E-10,4.522256,2.772196
'[17:34:03.628 21/01/2026]',4.431969,0.6442033,2.409236,0.6192105,4.610755E-10,4.610755E-10,-1.526706,1.027106
'[17:34:03.636 21/01/2026]',-1.887164,-0.2573669,-3.321516,-1.780123,4.610755E-10,4.610755E-10,-2.761039,-2.22807
'[17:34:03.644 21/01/2026]',-0.4831667,2.197568,2.345715,1.500667,4.610755E-10,4.610755E-10,3.212334,0.6818714
'[17:34:03.652 21/01/2026]',-0.4831667,2.197568,2.345715,1.500667,4.610755E-10,4.610755E-10,3.212334,0.6818714
'[17:34:03.660 21/01/2026]',2.256385,-2.41106,0.6333054,-0.7184381,4.610755E-10,4.610755E-10,0.74745,1.55473
'[17:34:03.668 21/01/2026]',-2.928119,1.694591,-2.666319,-0.6066363,4.610755E-10,4.610755E-10,-2.531348,-1.713528
'[17:34:03.676 21/01/2026]',-2.928119,1.694591,-2.666319,-0.6066363,4.610755E-10,4.610755E-10,-2.531348,-1.713528
'[17:34:03.684 21/01/2026]',3.585311,2.291891,3.920773,1.874437,4.610755E-10,4.610755E-10,0.3026428,0.327699
'[17:34:03.692 21/01/2026]',3.585311,2.291891,3.920773,1.874437,4.610755E-10,4.610755E-10,0.3026428,0.327699
'[17:34:03.700 21/01/2026]',-2.075434,-2.787195,-2.349883,-0.5784304,4.610755E-10,4.610755E-10,2.571566,1.571183
'[17:34:03.708 21/01/2026]',-2.075434,-2.787195,-2.349883,-0.5784304,4.610755E-10,4.610755E-10,2.571566,1.571183
'[17:34:03.716 21/01/2026]',0.2858934,2.558015,1.55387,0.5252895,4.610755E-10,4.610755E-10,-2.085838,-2.3836
'[17:34:03.724 21/01/2026]',0.2858934,2.558015,1.55387,0.5252895,4.610755E-10,4.610755E-10,-2.085838,-2.3836
'[17:34:03.732 21/01/2026]',0.2858934,2.558015,1.55387,0.5252895,4.610755E-10,4.610755E-10,-2.085838,-2.3836
'[17:34:03.740 21/01/2026]',-0.7721002,-8.664414,-2.767511,-3.234082,4.610755E-10,4.610755E-10,-2.507569,-0.6636356
'[17:34:03.748 21/01/2026]',1.102044,10.71029,0.7679275,3.192412,4.610755E-10,4.610755E-10,3.30126,2.173898
'[17:34:03.756 21/01/2026]',1.102044,10.71029,0.7679275,3.192412,4.610755E-10,4.610755E-10,3.30126,2.173898
'[17:34:03.764 21/01/2026]',1.102044,10.71029,0.7679275,3.192412,4.610755E-10,4.610755E-10,3.30126,2.173898
'[17:34:03.772 21/01/2026]',1.102044,10.71029,0.7679275,3.192412,4.610755E-10,4.610755E-10,3.30126,2.173898
'[17:34:03.780 21/01/2026]',-1.498367,-0.8857486,1.654961,1.204928,4.610755E-10,4.610755E-10,-2.616122,-1.583472
'[17:34:03.788 21/01/2026]',-1.498367,-0.8857486,1.654961,1.204928,4.610755E-10,4.610755E-10,-2.616122,-1.583472
'[17:34:03.796 21/01/2026]',1.704365,-5.316154,0.1371561,-1.249305,4.610755E-10,4.610755E-10,4.834284,2.466802
'[17:34:03.804 21/01/2026]',1.704365,-5.316154,0.1371561,-1.249305,4.610755E-10,4.610755E-10,4.834284,2.466802
'[17:34:03.812 21/01/2026]',1.704365,-5.316154,0.1371561,-1.249305,4.610755E-10,4.610755E-10,4.834284,2.466802
'[17:34:03.820 21/01/2026]',-0.5206628,4.352172,-0.91631,-1.14479,4.610755E-10,4.610755E-10,-3.232741,-0.2184995
'[17:34:03.828 21/01/2026]',0.7994922,-0.4306142,1.978824,0.8336467,4.610755E-10,4.610755E-10,-3.164478,-4.171182
'[17:34:03.836 21/01/2026]',0.7994922,-0.4306142,1.978824,0.8336467,4.610755E-10,4.610755E-10,-3.164478,-4.171182
'[17:34:03.844 21/01/2026]',1.339132,-2.92956,1.196941,3.025985,4.610755E-10,4.610755E-10,8.30075,5.568914
'[17:34:03.852 21/01/2026]',1.339132,-2.92956,1.196941,3.025985,4.610755E-10,4.610755E-10,8.30075,5.568914
'[17:34:03.860 21/01/2026]',1.339132,-2.92956,1.196941,3.025985,4.610755E-10,4.610755E-10,8.30075,5.568914
'[17:34:03.868 21/01/2026]',-5.107507,0.3701972,-6.392028,-5.642387,4.610755E-10,4.610755E-10,-4.36271,-1.785183
'[17:34:03.876 21/01/2026]',-5.107507,0.3701972,-6.392028,-5.642387,4.610755E-10,4.610755E-10,-4.36271,-1.785183
'[17:34:03.884 21/01/2026]',-5.107507,0.3701972,-6.392028,-5.642387,4.610755E-10,4.610755E-10,-4.36271,-1.785183
'[17:34:03.892 21/01/2026]',1.705685,0.2257715,5.239506,2.910018,4.610755E-10,4.610755E-10,-0.6435167,-1.991748
'[17:34:03.900 21/01/2026]',1.474672,-0.07683219,-1.096914,0.06844541,4.610755E-10,4.610755E-10,0.2294227,0.5854784
'[17:34:03.908 21/01/2026]',1.474672,-0.07683219,-1.096914,0.06844541,4.610755E-10,4.610755E-10,0.2294227,0.5854784
'[17:34:03.916 21/01/2026]',-3.244894,-3.105656,-3.020074,-2.524419,4.610755E-10,4.610755E-10,-1.508633,-0.5666549
'[17:34:03.924 21/01/2026]',-3.244894,-3.105656,-3.020074,-2.524419,4.610755E-10,4.610755E-10,-1.508633,-0.5666549
'[17:34:03.932 21/01/2026]',-3.244894,-3.105656,-3.020074,-2.524419,4.610755E-10,4.610755E-10,-1.508633,-0.5666549
'[17:34:03.940 21/01/2026]',2.636626,6.206181,4.36873,2.383526,4.610755E-10,4.610755E-10,2.838501,0.9820354
'[17:34:03.948 21/01/2026]',2.257504,0.3361007,-0.04205564,2.550817,4.610755E-10,4.610755E-10,0.3736404,1.378993
'[17:34:03.956 21/01/2026]',2.257504,0.3361007,-0.04205564,2.550817,4.610755E-10,4.610755E-10,0.3736404,1.378993
'[17:34:03.964 21/01/2026]',2.257504,0.3361007,-0.04205564,2.550817,4.610755E-10,4.610755E-10,0.3736404,1.378993
'[17:34:03.972 21/01/2026]',2.257504,0.3361007,-0.04205564,2.550817,4.610755E-10,4.610755E-10,0.3736404,1.378993
'[17:34:03.980 21/01/2026]',-6.556758,-11.61632,-5.593948,-7.451912,4.610755E-10,4.610755E-10,-5.119411,-5.331514
'[17:34:03.988 21/01/2026]',-6.556758,-11.61632,-5.593948,-7.451912,4.610755E-10,4.610755E-10,-5.119411,-5.331514
'[17:34:03.996 21/01/2026]',0.3741596,7.072024,2.371818,2.189902,4.610755E-10,4.610755E-10,2.105997,2.800012
'[17:34:04.004 21/01/2026]',4.428736,1.835661,0.4762414,3.298401,4.610755E-10,4.610755E-10,3.59586,3.931119
'[17:34:04.012 21/01/2026]',4.428736,1.835661,0.4762414,3.298401,4.610755E-10,4.610755E-10,3.59586,3.931119
'[17:34:04.020 21/01/2026]',4.428736,1.835661,0.4762414,3.298401,4.610755E-10,4.610755E-10,3.59586,3.931119
'[17:34:04.028 21/01/2026]',-4.237631,-4.350405,-0.5917473,-1.89083,4.610755E-10,4.610755E-10,-5.420639,-6.008103
'[17:34:04.036 21/01/2026]',1.680817,1.460145,-0.5140602,-0.8846054,4.610755E-10,4.610755E-10,0.642248,-0.7502251
'[17:34:04.044 21/01/2026]',1.680817,1.460145,-0.5140602,-0.8846054,4.610755E-10,4.610755E-10,0.642248,-0.7502251
'[17:34:04.052 21/01/2026]',1.892322,-0.2215019,3.008153,2.197164,4.610755E-10,4.610755E-10,5.063576,6.702791
'[17:34:04.060 21/01/2026]',1.892322,-0.2215019,3.008153,2.197164,4.610755E-10,4.610755E-10,5.063576,6.702791
'[17:34:04.068 21/01/2026]',1.892322,-0.2215019,3.008153,2.197164,4.610755E-10,4.610755E-10,5.063576,6.702791
'[17:34:04.076 21/01/2026]',-2.159699,0.2553878,-4.625289,-3.281589,4.610755E-10,4.610755E-10,-3.737623,-4.203385
'[17:34:04.084 21/01/2026]',-2.159699,0.2553878,-4.625289,-3.281589,4.610755E-10,4.610755E-10,-3.737623,-4.203385
'[17:34:04.092 21/01/2026]',2.58658,-0.2926065,3.236541,2.260951,4.610755E-10,4.610755E-10,-2.107347,-3.118114
'[17:34:04.100 21/01/2026]',2.58658,-0.2926065,3.236541,2.260951,4.610755E-10,4.610755E-10,-2.107347,-3.118114
'[17:34:04.108 21/01/2026]',-1.943572,0.7148443,1.960771,2.219292,4.610755E-10,4.610755E-10,4.883428,5.254763
'[17:34:04.116 21/01/2026]',-1.943572,0.7148443,1.960771,2.219292,4.610755E-10,4.610755E-10,4.883428,5.254763
'[17:34:04.124 21/01/2026]',-3.288435,-3.220931,-6.997336,-5.980168,4.610755E-10,4.610755E-10,-4.221172,-1.47059
'[17:34:04.132 21/01/2026]',-3.288435,-3.220931,-6.997336,-5.980168,4.610755E-10,4.610755E-10,-4.221172,-1.47059
'[17:34:04.140 21/01/2026]',-3.288435,-3.220931,-6.997336,-5.980168,4.610755E-10,4.610755E-10,-4.221172,-1.47059
'[17:34:04.148 21/01/2026]',-3.288435,-3.220931,-6.997336,-5.980168,4.610755E-10,4.610755E-10,-4.221172,-1.47059
'[17:34:04.156 21/01/2026]',-3.288435,-3.220931,-6.997336,-5.980168,4.610755E-10,4.610755E-10,-4.221172,-1.47059
'[17:34:04.164 21/01/2026]',5.384506,2.203715,4.56596,2.641924,4.610755E-10,4.610755E-10,-2.13161,-4.201766
'[17:34:04.172 21/01/2026]',-3.665078,1.35665,0.5403797,2.302575,4.610755E-10,4.610755E-10,6.275911,5.075015
'[17:34:04.180 21/01/2026]',-3.665078,1.35665,0.5403797,2.302575,4.610755E-10,4.610755E-10,6.275911,5.075015
'[17:34:04.188 21/01/2026]',-3.665078,1.35665,0.5403797,2.302575,4.610755E-10,4.610755E-10,6.275911,5.075015
'[17:34:04.196 21/01/2026]',0.9572356,-6.297452,-1.99533,-4.425876,4.610755E-10,4.610755E-10,-6.20926,-5.13332
'[17:34:04.204 21/01/2026]',0.6111431,4.25346,-0.9571288,2.242042,4.610755E-10,4.610755E-10,4.462821,6.067013
'[17:34:04.212 21/01/2026]',-1.713223,5.456272,1.231889,0.3375782,4.610755E-10,4.610755E-10,-4.0227,-4.985081
'[17:34:04.220 21/01/2026]',-1.713223,5.456272,1.231889,0.3375782,4.610755E-10,4.610755E-10,-4.0227,-4.985081
'[17:34:04.228 21/01/2026]',1.156535,-7.4741,-0.4581981,-0.7754505,4.610755E-10,4.610755E-10,1.83941,-0.9326982
'[17:34:04.236 21/01/2026]',1.156535,-7.4741,-0.4581981,-0.7754505,4.610755E-10,4.610755E-10,1.83941,-0.9326982
'[17:34:04.244 21/01/2026]',-1.208595,3.132008,-0.918857,0.1095189,4.610755E-10,4.610755E-10,3.433725,7.473942
'[17:34:04.252 21/01/2026]',-1.208595,3.132008,-0.918857,0.1095189,4.610755E-10,4.610755E-10,3.433725,7.473942
'[17:34:04.260 21/01/2026]',-0.876577,-3.747693,-0.8613492,-2.634812,4.610755E-10,4.610755E-10,-8.535033,-8.100942
'[17:34:04.268 21/01/2026]',-0.876577,-3.747693,-0.8613492,-2.634812,4.610755E-10,4.610755E-10,-8.535033,-8.100942
'[17:34:04.276 21/01/2026]',2.925723,6.593498,2.467353,3.975726,4.610755E-10,4.610755E-10,5.487411,0.9983198
'[17:34:04.284 21/01/2026]',2.925723,6.593498,2.467353,3.975726,4.610755E-10,4.610755E-10,5.487411,0.9983198
'[17:34:04.292 21/01/2026]',-2.813689,-3.947818,-2.814127,-2.311839,4.610755E-10,4.610755E-10,1.01789,3.845561
'[17:34:04.300 21/01/2026]',-2.813689,-3.947818,-2.814127,-2.311839,4.610755E-10,4.610755E-10,1.01789,3.845561
'[17:34:04.308 21/01/2026]',-2.813689,-3.947818,-2.814127,-2.311839,4.610755E-10,4.610755E-10,1.01789,3.845561
'[17:34:04.316 21/01/2026]',1.314217,1.485837,3.9018,1.459714,4.610755E-10,4.610755E-10,0.3894388,-0.08218492
'[17:34:04.324 21/01/2026]',1.314217,1.485837,3.9018,1.459714,4.610755E-10,4.610755E-10,0.3894388,-0.08218492
'[17:34:04.332 21/01/2026]',1.314217,1.485837,3.9018,1.459714,4.610755E-10,4.610755E-10,0.3894388,-0.08218492
'[17:34:04.340 21/01/2026]',-1.763016,-2.17236,-5.459914,-3.381912,4.610755E-10,4.610755E-10,-5.950087,-6.362925
'[17:34:04.348 21/01/2026]',1.60389,2.362667,5.417597,4.158923,4.610755E-10,4.610755E-10,5.979169,6.091548
'[17:34:04.356 21/01/2026]',0.3640721,-0.4660415,-2.747813,-3.000725,4.610755E-10,4.610755E-10,-4.290987,-3.494468
'[17:34:04.364 21/01/2026]',0.3640721,-0.4660415,-2.747813,-3.000725,4.610755E-10,4.610755E-10,-4.290987,-3.494468
'[17:34:04.372 21/01/2026]',-0.2198588,-8.374812,2.0702,0.5428906,4.610755E-10,4.610755E-10,1.612862,-0.7313786
'[17:34:04.380 21/01/2026]',-0.2198588,-8.374812,2.0702,0.5428906,4.610755E-10,4.610755E-10,1.612862,-0.7313786
'[17:34:04.388 21/01/2026]',-0.2198588,-8.374812,2.0702,0.5428906,4.610755E-10,4.610755E-10,1.612862,-0.7313786
'[17:34:04.396 21/01/2026]',1.067933,10.86867,-0.2439215,1.094736,4.610755E-10,4.610755E-10,2.303567,2.761996
'[17:34:04.404 21/01/2026]',-1.23256,-2.796546,-1.515173,0.3170737,4.610755E-10,4.610755E-10,-6.487585,-3.313195
'[17:34:04.412 21/01/2026]',-1.23256,-2.796546,-1.515173,0.3170737,4.610755E-10,4.610755E-10,-6.487585,-3.313195
'[17:34:04.420 21/01/2026]',3.334206,-0.7439545,4.23643,1.099255,4.610755E-10,4.610755E-10,11.63124,5.459788
'[17:34:04.428 21/01/2026]',3.334206,-0.7439545,4.23643,1.099255,4.610755E-10,4.610755E-10,11.63124,5.459788
'[17:34:04.436 21/01/2026]',-3.837191,-2.0441,-4.812818,-4.569792,4.610755E-10,4.610755E-10,-9.144431,-4.495535
'[17:34:04.444 21/01/2026]',2.063071,3.923256,2.726612,4.916823,4.610755E-10,4.610755E-10,0.5366862,0.9045676
'[17:34:04.452 21/01/2026]',2.063071,3.923256,2.726612,4.916823,4.610755E-10,4.610755E-10,0.5366862,0.9045676
'[17:34:04.460 21/01/2026]',2.063071,3.923256,2.726612,4.916823,4.610755E-10,4.610755E-10,0.5366862,0.9045676
'[17:34:04.468 21/01/2026]',-2.132859,-0.2814569,-2.367311,-2.067382,4.610755E-10,4.610755E-10,2.055831,-0.7880292
'[17:34:04.476 21/01/2026]',-2.132859,-0.2814569,-2.367311,-2.067382,4.610755E-10,4.610755E-10,2.055831,-0.7880292
'[17:34:04.484 21/01/2026]',-2.132859,-0.2814569,-2.367311,-2.067382,4.610755E-10,4.610755E-10,2.055831,-0.7880292
'[17:34:04.492 21/01/2026]',3.907846,-0.9072152,2.870613,0.2108798,4.610755E-10,4.610755E-10,1.027079,3.156516
'[17:34:04.500 21/01/2026]',3.907846,-0.9072152,2.870613,0.2108798,4.610755E-10,4.610755E-10,1.027079,3.156516
'[17:34:04.508 21/01/2026]',-5.149404,-5.716009,-3.905736,-1.818563,4.610755E-10,4.610755E-10,-1.84025,-2.652577
'[17:34:04.516 21/01/2026]',0.8469608,5.709327,0.724079,1.257874,4.610755E-10,4.610755E-10,0.6951011,0.9142167
'[17:34:04.524 21/01/2026]',0.8469608,5.709327,0.724079,1.257874,4.610755E-10,4.610755E-10,0.6951011,0.9142167
'[17:34:04.532 21/01/2026]',4.748033,4.400802,3.719359,2.873393,4.610755E-10,4.610755E-10,0.4713748,1.008229
'[17:34:04.540 21/01/2026]',-2.819258,-7.158487,1.705787,-0.224074,4.610755E-10,4.610755E-10,1.749802,0.3676969
'[17:34:04.548 21/01/2026]',-2.819258,-7.158487,1.705787,-0.224074,4.610755E-10,4.610755E-10,1.749802,0.3676969
'[17:34:04.556 21/01/2026]',-3.522645,-2.546301,-6.648119,-4.704572,4.610755E-10,4.610755E-10,-4.509168,-2.096011
'[17:34:04.564 21/01/2026]',-3.522645,-2.546301,-6.648119,-4.704572,4.610755E-10,4.610755E-10,-4.509168,-2.096011
'[17:34:04.572 21/01/2026]',-3.522645,-2.546301,-6.648119,-4.704572,4.610755E-10,4.610755E-10,-4.509168,-2.096011
'[17:34:04.580 21/01/2026]',6.154185,7.065397,4.630852,5.913914,4.610755E-10,4.610755E-10,2.237383,-0.2276411
'[17:34:04.588 21/01/2026]',-1.551949,0.2811681,1.297734,-0.02521709,4.610755E-10,4.610755E-10,0.3927732,2.409524
'[17:34:04.596 21/01/2026]',-1.551949,0.2811681,1.297734,-0.02521709,4.610755E-10,4.610755E-10,0.3927732,2.409524
'[17:34:04.604 21/01/2026]',-5.208973,-4.813964,-8.084493,-7.094164,4.610755E-10,4.610755E-10,-2.784136,-3.627808
'[17:34:04.612 21/01/2026]',-5.208973,-4.813964,-8.084493,-7.094164,4.610755E-10,4.610755E-10,-2.784136,-3.627808
'[17:34:04.620 21/01/2026]',-5.208973,-4.813964,-8.084493,-7.094164,4.610755E-10,4.610755E-10,-2.784136,-3.627808
'[17:34:04.628 21/01/2026]',3.75372,-2.090415,6.351179,4.538028,4.610755E-10,4.610755E-10,4.85015,3.665644
'[17:34:04.636 21/01/2026]',3.75372,-2.090415,6.351179,4.538028,4.610755E-10,4.610755E-10,4.85015,3.665644
'[17:34:04.644 21/01/2026]',-0.3967159,3.651197,-0.7805076,0.3875782,4.610755E-10,4.610755E-10,-6.207899,-3.838655
'[17:34:04.652 21/01/2026]',-0.3967159,3.651197,-0.7805076,0.3875782,4.610755E-10,4.610755E-10,-6.207899,-3.838655
'[17:34:04.660 21/01/2026]',-1.066524,-0.3289623,-4.445784,-3.03357,4.610755E-10,4.610755E-10,1.978527,-0.3537695
'[17:34:04.668 21/01/2026]',-1.066524,-0.3289623,-4.445784,-3.03357,4.610755E-10,4.610755E-10,1.978527,-0.3537695
'[17:34:04.676 21/01/2026]',1.851591,1.655389,4.146904,3.660113,4.610755E-10,4.610755E-10,1.855055,2.712602
'[17:34:04.684 21/01/2026]',1.851591,1.655389,4.146904,3.660113,4.610755E-10,4.610755E-10,1.855055,2.712602
'[17:34:04.692 21/01/2026]',-2.531269,-3.958791,-0.6864994,-1.72617,4.610755E-10,4.610755E-10,-1.625026,-2.140567
'[17:34:04.700 21/01/2026]',-0.2965552,1.937677,-1.027608,-0.088136,4.610755E-10,4.610755E-10,1.073154,2.466752
'[17:34:04.708 21/01/2026]',-0.2965552,1.937677,-1.027608,-0.088136,4.610755E-10,4.610755E-10,1.073154,2.466752
'[17:34:04.716 21/01/2026]',1.299125,1.269386,0.7902399,0.5182608,4.610755E-10,4.610755E-10,-1.153903,-3.200048
'[17:34:04.724 21/01/2026]',1.299125,1.269386,0.7902399,0.5182608,4.610755E-10,4.610755E-10,-1.153903,-3.200048
'[17:34:04.732 21/01/2026]',1.299125,1.269386,0.7902399,0.5182608,4.610755E-10,4.610755E-10,-1.153903,-3.200048
'[17:34:04.740 21/01/2026]',1.299125,1.269386,0.7902399,0.5182608,4.610755E-10,4.610755E-10,-1.153903,-3.200048
'[17:34:04.748 21/01/2026]',-1.057433,-2.631514,-0.8892664,-1.69963,4.610755E-10,4.610755E-10,-0.4227015,0.3970182
'[17:34:04.756 21/01/2026]',-1.057433,-2.631514,-0.8892664,-1.69963,4.610755E-10,4.610755E-10,-0.4227015,0.3970182
'[17:34:04.764 21/01/2026]',-1.057433,-2.631514,-0.8892664,-1.69963,4.610755E-10,4.610755E-10,-0.4227015,0.3970182
'[17:34:04.772 21/01/2026]',-1.057433,-2.631514,-0.8892664,-1.69963,4.610755E-10,4.610755E-10,-0.4227015,0.3970182
'[17:34:04.780 21/01/2026]',0.6573772,0.8496438,0.2174743,3.043284,4.610755E-10,4.610755E-10,0.8698021,1.764654
'[17:34:04.788 21/01/2026]',-2.345774,0.8450916,-0.3471068,-2.028069,4.610755E-10,4.610755E-10,0.6256301,0.6255811
'[17:34:04.796 21/01/2026]',-2.345774,0.8450916,-0.3471068,-2.028069,4.610755E-10,4.610755E-10,0.6256301,0.6255811
'[17:34:04.804 21/01/2026]',3.87941,0.6328266,-0.06001032,0.4014385,4.610755E-10,4.610755E-10,0.1405632,-1.653178
'[17:34:04.812 21/01/2026]',3.87941,0.6328266,-0.06001032,0.4014385,4.610755E-10,4.610755E-10,0.1405632,-1.653178
'[17:34:04.820 21/01/2026]',3.87941,0.6328266,-0.06001032,0.4014385,4.610755E-10,4.610755E-10,0.1405632,-1.653178
'[17:34:04.828 21/01/2026]',3.87941,0.6328266,-0.06001032,0.4014385,4.610755E-10,4.610755E-10,0.1405632,-1.653178
'[17:34:04.836 21/01/2026]',-4.052094,-2.971915,-1.019499,0.1506865,4.610755E-10,4.610755E-10,-0.02080819,0.6624827
'[17:34:04.844 21/01/2026]',2.092211,-0.3183257,1.22636,0.53488,4.610755E-10,4.610755E-10,-1.100345,-0.1990505
'[17:34:04.852 21/01/2026]',2.092211,-0.3183257,1.22636,0.53488,4.610755E-10,4.610755E-10,-1.100345,-0.1990505
'[17:34:04.860 21/01/2026]',-0.8385311,4.626833,-1.359075,0.6873021,4.610755E-10,4.610755E-10,0.3810807,0.83613
'[17:34:04.868 21/01/2026]',-0.8385311,4.626833,-1.359075,0.6873021,4.610755E-10,4.610755E-10,0.3810807,0.83613
'[17:34:04.876 21/01/2026]',0.6637803,-4.627173,-0.8231918,-2.90842,4.610755E-10,4.610755E-10,-0.3252524,-0.9046864
'[17:34:04.884 21/01/2026]',-1.164142,2.901958,0.3637412,1.706314,4.610755E-10,4.610755E-10,0.9456331,0.2710421
'[17:34:04.892 21/01/2026]',-1.164142,2.901958,0.3637412,1.706314,4.610755E-10,4.610755E-10,0.9456331,0.2710421
'[17:34:04.900 21/01/2026]',1.987963,-2.724217,0.7923339,0.9115415,4.610755E-10,4.610755E-10,-0.3274201,-0.3681614
'[17:34:04.908 21/01/2026]',1.987963,-2.724217,0.7923339,0.9115415,4.610755E-10,4.610755E-10,-0.3274201,-0.3681614
'[17:34:04.916 21/01/2026]',1.987963,-2.724217,0.7923339,0.9115415,4.610755E-10,4.610755E-10,-0.3274201,-0.3681614
'[17:34:04.924 21/01/2026]',2.757801,1.738279,3.255001,0.5492681,4.610755E-10,4.610755E-10,-1.464845,-0.4470119
'[17:34:04.932 21/01/2026]',2.757801,1.738279,3.255001,0.5492681,4.610755E-10,4.610755E-10,-1.464845,-0.4470119
'[17:34:04.940 21/01/2026]',-5.428072,-0.3502902,-5.151004,-4.443458,4.610755E-10,4.610755E-10,3.356114,2.420016
'[17:34:04.948 21/01/2026]',-5.428072,-0.3502902,-5.151004,-4.443458,4.610755E-10,4.610755E-10,3.356114,2.420016
'[17:34:04.956 21/01/2026]',3.53026,1.158729,3.261391,5.220824,4.610755E-10,4.610755E-10,-0.6830307,-0.9116261
'[17:34:04.964 21/01/2026]',3.53026,1.158729,3.261391,5.220824,4.610755E-10,4.610755E-10,-0.6830307,-0.9116261
'[17:34:04.972 21/01/2026]',-2.056183,0.5671992,-1.222797,-2.316418,4.610755E-10,4.610755E-10,-0.9002779,-0.1227564
'[17:34:04.980 21/01/2026]',-2.056183,0.5671992,-1.222797,-2.316418,4.610755E-10,4.610755E-10,-0.9002779,-0.1227564
'[17:34:04.988 21/01/2026]',-2.056183,0.5671992,-1.222797,-2.316418,4.610755E-10,4.610755E-10,-0.9002779,-0.1227564
'[17:34:04.996 21/01/2026]',3.93914,-0.03741963,3.110305,1.869,4.610755E-10,4.610755E-10,1.891007,1.89473
'[17:34:05.004 21/01/2026]',3.93914,-0.03741963,3.110305,1.869,4.610755E-10,4.610755E-10,1.891007,1.89473
'[17:34:05.012 21/01/2026]',-5.064873,-1.640684,-6.599472,-4.853533,4.610755E-10,4.610755E-10,-2.340583,-3.100374
'[17:34:05.020 21/01/2026]',-5.064873,-1.640684,-6.599472,-4.853533,4.610755E-10,4.610755E-10,-2.340583,-3.100374
'[17:34:05.028 21/01/2026]',1.390085,-0.4452336,3.988359,2.196945,4.610755E-10,4.610755E-10,-1.032148,-0.3254632
'[17:34:05.036 21/01/2026]',1.390085,-0.4452336,3.988359,2.196945,4.610755E-10,4.610755E-10,-1.032148,-0.3254632
'[17:34:05.044 21/01/2026]',4.407742,6.348726,3.323418,5.859228,4.610755E-10,4.610755E-10,3.929724,3.673143
'[17:34:05.052 21/01/2026]',4.407742,6.348726,3.323418,5.859228,4.610755E-10,4.610755E-10,3.929724,3.673143
'[17:34:05.060 21/01/2026]',-6.549291,-5.152046,-8.560902,-8.40337,4.610755E-10,4.610755E-10,-3.314266,-3.928244
'[17:34:05.068 21/01/2026]',-6.549291,-5.152046,-8.560902,-8.40337,4.610755E-10,4.610755E-10,-3.314266,-3.928244
'[17:34:05.076 21/01/2026]',-6.549291,-5.152046,-8.560902,-8.40337,4.610755E-10,4.610755E-10,-3.314266,-3.928244
'[17:34:05.084 21/01/2026]',-6.549291,-5.152046,-8.560902,-8.40337,4.610755E-10,4.610755E-10,-3.314266,-3.928244
'[17:34:05.092 21/01/2026]',4.691836,-5.571276,8.022612,3.209348,4.610755E-10,4.610755E-10,1.35638,1.509689
'[17:34:05.100 21/01/2026]',-2.185947,11.13131,-4.347525,1.07616,4.610755E-10,4.610755E-10,-0.3882642,1.871932
'[17:34:05.108 21/01/2026]',0.5348908,-3.165037,2.136747,-0.05038475,4.610755E-10,4.610755E-10,-0.6861474,-2.6013
'[17:34:05.116 21/01/2026]',0.5348908,-3.165037,2.136747,-0.05038475,4.610755E-10,4.610755E-10,-0.6861474,-2.6013
'[17:34:05.124 21/01/2026]',-0.5821397,-5.597548,-2.704396,-3.710744,4.610755E-10,4.610755E-10,1.525259,-0.1668039
'[17:34:05.132 21/01/2026]',-0.5821397,-5.597548,-2.704396,-3.710744,4.610755E-10,4.610755E-10,1.525259,-0.1668039
'[17:34:05.140 21/01/2026]',-0.5821397,-5.597548,-2.704396,-3.710744,4.610755E-10,4.610755E-10,1.525259,-0.1668039
'[17:34:05.148 21/01/2026]',-0.2086086,4.788235,0.2762347,2.207055,4.610755E-10,4.610755E-10,-0.9785926,2.898236
'[17:34:05.156 21/01/2026]',-0.2086086,4.788235,0.2762347,2.207055,4.610755E-10,4.610755E-10,-0.9785926,2.898236
'[17:34:05.164 21/01/2026]',-0.2086086,4.788235,0.2762347,2.207055,4.610755E-10,4.610755E-10,-0.9785926,2.898236
'[17:34:05.172 21/01/2026]',-0.2086086,4.788235,0.2762347,2.207055,4.610755E-10,4.610755E-10,-0.9785926,2.898236
'[17:34:05.180 21/01/2026]',0.6226475,1.996176,3.425053,2.311536,4.610755E-10,4.610755E-10,0.4252548,-1.255902
'[17:34:05.188 21/01/2026]',0.6226475,1.996176,3.425053,2.311536,4.610755E-10,4.610755E-10,0.4252548,-1.255902
'[17:34:05.196 21/01/2026]',0.6226475,1.996176,3.425053,2.311536,4.610755E-10,4.610755E-10,0.4252548,-1.255902
'[17:34:05.204 21/01/2026]',-0.8994887,-3.301523,-5.082921,-4.266967,4.610755E-10,4.610755E-10,-0.4249319,-3.235425
'[17:34:05.212 21/01/2026]',2.524213,0.3443469,4.035656,4.448598,4.610755E-10,4.610755E-10,-1.423753,2.981791
'[17:34:05.220 21/01/2026]',2.524213,0.3443469,4.035656,4.448598,4.610755E-10,4.610755E-10,-1.423753,2.981791
'[17:34:05.228 21/01/2026]',-3.634742,-2.080459,-0.2331837,-2.575167,4.610755E-10,4.610755E-10,3.732946,0.07280981
'[17:34:05.236 21/01/2026]',2.474817,1.168628,-1.148445,0.1847922,4.610755E-10,4.610755E-10,-2.224354,1.004196
'[17:34:05.244 21/01/2026]',2.474817,1.168628,-1.148445,0.1847922,4.610755E-10,4.610755E-10,-2.224354,1.004196
'[17:34:05.252 21/01/2026]',-1.971783,-0.1681969,-1.719663,-1.096154,4.610755E-10,4.610755E-10,-1.158707,-3.381811
'[17:34:05.260 21/01/2026]',-1.971783,-0.1681969,-1.719663,-1.096154,4.610755E-10,4.610755E-10,-1.158707,-3.381811
'[17:34:05.268 21/01/2026]',-0.1019894,-1.800772,1.368298,-0.2233476,4.610755E-10,4.610755E-10,0.8614753,2.050631
'[17:34:05.276 21/01/2026]',-0.1019894,-1.800772,1.368298,-0.2233476,4.610755E-10,4.610755E-10,0.8614753,2.050631
'[17:34:05.284 21/01/2026]',-0.1019894,-1.800772,1.368298,-0.2233476,4.610755E-10,4.610755E-10,0.8614753,2.050631
'[17:34:05.292 21/01/2026]',3.863111,5.433801,3.796555,4.864041,4.610755E-10,4.610755E-10,-0.1563961,0.09628501
'[17:34:05.300 21/01/2026]',-4.12536,-18.65382,-4.212225,-7.765053,4.610755E-10,4.610755E-10,-4.394078,-6.572861
'[17:34:05.308 21/01/2026]',-4.12536,-18.65382,-4.212225,-7.765053,4.610755E-10,4.610755E-10,-4.394078,-6.572861
'[17:34:05.316 21/01/2026]',0.7267748,17.93521,-1.198027,2.647701,4.610755E-10,4.610755E-10,5.703085,8.043328
'[17:34:05.324 21/01/2026]',0.7267748,17.93521,-1.198027,2.647701,4.610755E-10,4.610755E-10,5.703085,8.043328
'[17:34:05.332 21/01/2026]',-0.46132,-3.60304,3.04507,1.633212,4.610755E-10,4.610755E-10,-2.809634,-2.247675
'[17:34:05.340 21/01/2026]',-0.46132,-3.60304,3.04507,1.633212,4.610755E-10,4.610755E-10,-2.809634,-2.247675
'[17:34:05.348 21/01/2026]',-0.46132,-3.60304,3.04507,1.633212,4.610755E-10,4.610755E-10,-2.809634,-2.247675
'[17:34:05.356 21/01/2026]',1.118287,-5.291789,0.6901576,0.1491415,4.610755E-10,4.610755E-10,0.6886196,-3.044636
'[17:34:05.364 21/01/2026]',1.118287,-5.291789,0.6901576,0.1491415,4.610755E-10,4.610755E-10,0.6886196,-3.044636
'[17:34:05.372 21/01/2026]',-3.339013,0.4464948,-5.052863,-5.931558,4.610755E-10,4.610755E-10,-1.464176,3.465888
'[17:34:05.380 21/01/2026]',-3.339013,0.4464948,-5.052863,-5.931558,4.610755E-10,4.610755E-10,-1.464176,3.465888
'[17:34:05.388 21/01/2026]',-0.3392712,5.659855,2.80314,7.26578,4.610755E-10,4.610755E-10,3.723534,0.3576624
'[17:34:05.396 21/01/2026]',-0.3392712,5.659855,2.80314,7.26578,4.610755E-10,4.610755E-10,3.723534,0.3576624
'[17:34:05.404 21/01/2026]',-0.3392712,5.659855,2.80314,7.26578,4.610755E-10,4.610755E-10,3.723534,0.3576624
'[17:34:05.412 21/01/2026]',3.265624,-3.652481,0.4065149,-1.822248,4.610755E-10,4.610755E-10,-3.379343,-2.077681
'[17:34:05.420 21/01/2026]',-1.684207,-7.201412,-1.103162,-3.182708,4.610755E-10,4.610755E-10,-1.301766,-1.604433
'[17:34:05.428 21/01/2026]',-1.684207,-7.201412,-1.103162,-3.182708,4.610755E-10,4.610755E-10,-1.301766,-1.604433
'[17:34:05.436 21/01/2026]',0.1950347,8.354907,1.540438,2.701549,4.610755E-10,4.610755E-10,5.057657,3.242982
'[17:34:05.444 21/01/2026]',-1.637186,-2.233049,-4.363367,-1.320489,4.610755E-10,4.610755E-10,-3.744053,-0.1600279
'[17:34:05.452 21/01/2026]',-1.637186,-2.233049,-4.363367,-1.320489,4.610755E-10,4.610755E-10,-3.744053,-0.1600279
'[17:34:05.460 21/01/2026]',-1.637186,-2.233049,-4.363367,-1.320489,4.610755E-10,4.610755E-10,-3.744053,-0.1600279
'[17:34:05.468 21/01/2026]',1.87628,-4.802419,5.239223,-0.2383941,4.610755E-10,4.610755E-10,-0.9033898,-3.735896
'[17:34:05.476 21/01/2026]',0.3284102,1.297204,-1.132731,0.04319569,4.610755E-10,4.610755E-10,2.667921,3.162259
'[17:34:05.484 21/01/2026]',0.3284102,1.297204,-1.132731,0.04319569,4.610755E-10,4.610755E-10,2.667921,3.162259
'[17:34:05.492 21/01/2026]',-5.328063,-1.402575,-5.046656,-0.9571846,4.610755E-10,4.610755E-10,-1.423666,-1.980413
'[17:34:05.500 21/01/2026]',-5.328063,-1.402575,-5.046656,-0.9571846,4.610755E-10,4.610755E-10,-1.423666,-1.980413
'[17:34:05.508 21/01/2026]',-5.328063,-1.402575,-5.046656,-0.9571846,4.610755E-10,4.610755E-10,-1.423666,-1.980413
'[17:34:05.516 21/01/2026]',8.200308,2.918517,8.181787,3.714777,4.610755E-10,4.610755E-10,-0.3942885,1.444145
'[17:34:05.524 21/01/2026]',8.200308,2.918517,8.181787,3.714777,4.610755E-10,4.610755E-10,-0.3942885,1.444145
'[17:34:05.532 21/01/2026]',-6.511468,-8.973909,-6.281682,-7.004,4.610755E-10,4.610755E-10,-1.229627,-1.54926
'[17:34:05.540 21/01/2026]',1.213733,5.121819,2.031827,4.763169,4.610755E-10,4.610755E-10,2.193497,0.5817274
'[17:34:05.548 21/01/2026]',1.213733,5.121819,2.031827,4.763169,4.610755E-10,4.610755E-10,2.193497,0.5817274
'[17:34:05.556 21/01/2026]',3.834902,4.851524,0.6636487,0.5552155,4.610755E-10,4.610755E-10,-2.444721,-0.3100185
'[17:34:05.564 21/01/2026]',-5.33805,-4.900535,-1.719133,-3.183002,4.610755E-10,4.610755E-10,1.963762,-1.709293
'[17:34:05.572 21/01/2026]',-5.33805,-4.900535,-1.719133,-3.183002,4.610755E-10,4.610755E-10,1.963762,-1.709293
'[17:34:05.580 21/01/2026]',3.061946,3.264217,0.2419993,2.520231,4.610755E-10,4.610755E-10,0.5547143,6.640012
'[17:34:05.588 21/01/2026]',3.061946,3.264217,0.2419993,2.520231,4.610755E-10,4.610755E-10,0.5547143,6.640012
'[17:34:05.596 21/01/2026]',-0.3696204,-0.3831157,0.5668992,-0.5553586,4.610755E-10,4.610755E-10,-1.846521,-5.696558
'[17:34:05.604 21/01/2026]',-0.3696204,-0.3831157,0.5668992,-0.5553586,4.610755E-10,4.610755E-10,-1.846521,-5.696558
'[17:34:05.612 21/01/2026]',-1.857364,-7.656971,-0.008728696,-1.60566,4.610755E-10,4.610755E-10,2.247606,0.9845299
'[17:34:05.620 21/01/2026]',0.8981491,8.826509,-1.742284,1.785912,4.610755E-10,4.610755E-10,-2.553069,0.4837515
'[17:34:05.628 21/01/2026]',0.8981491,8.826509,-1.742284,1.785912,4.610755E-10,4.610755E-10,-2.553069,0.4837515
'[17:34:05.636 21/01/2026]',0.8981491,8.826509,-1.742284,1.785912,4.610755E-10,4.610755E-10,-2.553069,0.4837515
'[17:34:05.644 21/01/2026]',-1.197623,-6.453632,-0.5854006,-3.660913,4.610755E-10,4.610755E-10,-2.600043,-1.359857
'[17:34:05.652 21/01/2026]',-1.197623,-6.453632,-0.5854006,-3.660913,4.610755E-10,4.610755E-10,-2.600043,-1.359857
'[17:34:05.660 21/01/2026]',-1.197623,-6.453632,-0.5854006,-3.660913,4.610755E-10,4.610755E-10,-2.600043,-1.359857
'[17:34:05.668 21/01/2026]',1.751596,0.5871305,1.935896,3.826476,4.610755E-10,4.610755E-10,6.692157,3.550554
'[17:34:05.676 21/01/2026]',1.751596,0.5871305,1.935896,3.826476,4.610755E-10,4.610755E-10,6.692157,3.550554
'[17:34:05.684 21/01/2026]',0.9816336,6.045862,2.87199,2.077015,4.610755E-10,4.610755E-10,-2.247254,-2.994112
'[17:34:05.692 21/01/2026]',0.9816336,6.045862,2.87199,2.077015,4.610755E-10,4.610755E-10,-2.247254,-2.994112
'[17:34:05.700 21/01/2026]',-4.164582,-6.635209,-5.595756,-5.290339,4.610755E-10,4.610755E-10,-3.378237,-0.8171514
'[17:34:05.708 21/01/2026]',2.636853,1.226075,1.950951,1.392323,4.610755E-10,4.610755E-10,2.140671,1.143093
'[17:34:05.716 21/01/2026]',2.636853,1.226075,1.950951,1.392323,4.610755E-10,4.610755E-10,2.140671,1.143093
'[17:34:05.724 21/01/2026]',2.636853,1.226075,1.950951,1.392323,4.610755E-10,4.610755E-10,2.140671,1.143093
'[17:34:05.732 21/01/2026]',2.354338,4.200162,2.192849,3.388683,4.610755E-10,4.610755E-10,1.374953,0.5586495
'[17:34:05.740 21/01/2026]',-2.809906,-3.319535,-0.7310964,-0.7928636,4.610755E-10,4.610755E-10,0.3430033,0.2464998
'[17:34:05.748 21/01/2026]',-2.809906,-3.319535,-0.7310964,-0.7928636,4.610755E-10,4.610755E-10,0.3430033,0.2464998
'[17:34:05.756 21/01/2026]',-2.809906,-3.319535,-0.7310964,-0.7928636,4.610755E-10,4.610755E-10,0.3430033,0.2464998
'[17:34:05.764 21/01/2026]',-0.3934349,-1.605797,-2.412185,-2.264995,4.610755E-10,4.610755E-10,-3.19683,-1.53294
'[17:34:05.772 21/01/2026]',-0.3934349,-1.605797,-2.412185,-2.264995,4.610755E-10,4.610755E-10,-3.19683,-1.53294
'[17:34:05.780 21/01/2026]',-2.043788,-6.649045,-2.167886,-2.005439,4.610755E-10,4.610755E-10,-0.03858048,-1.283507
'[17:34:05.788 21/01/2026]',-2.043788,-6.649045,-2.167886,-2.005439,4.610755E-10,4.610755E-10,-0.03858048,-1.283507
'[17:34:05.796 21/01/2026]',4.715586,8.91027,5.640554,3.749255,4.610755E-10,4.610755E-10,2.031666,2.507746
'[17:34:05.804 21/01/2026]',4.715586,8.91027,5.640554,3.749255,4.610755E-10,4.610755E-10,2.031666,2.507746
'[17:34:05.812 21/01/2026]',-2.213457,-1.441887,-4.322085,-2.515731,4.610755E-10,4.610755E-10,-3.378793,-2.840221
'[17:34:05.820 21/01/2026]',-2.213457,-1.441887,-4.322085,-2.515731,4.610755E-10,4.610755E-10,-3.378793,-2.840221
'[17:34:05.828 21/01/2026]',-2.213457,-1.441887,-4.322085,-2.515731,4.610755E-10,4.610755E-10,-3.378793,-2.840221
'[17:34:05.836 21/01/2026]',-2.213457,-1.441887,-4.322085,-2.515731,4.610755E-10,4.610755E-10,-3.378793,-2.840221
'[17:34:05.844 21/01/2026]',-3.876045,-3.8987,-1.492852,-0.8907529,4.610755E-10,4.610755E-10,2.367967,1.38527
'[17:34:05.852 21/01/2026]',3.515505,0.6101417,1.621831,0.04780392,4.610755E-10,4.610755E-10,-0.8736856,0.4379314
'[17:34:05.860 21/01/2026]',3.515505,0.6101417,1.621831,0.04780392,4.610755E-10,4.610755E-10,-0.8736856,0.4379314
'[17:34:05.868 21/01/2026]',0.4890985,3.633139,1.312012,2.5101,4.610755E-10,4.610755E-10,1.677712,0.1348841
'[17:34:05.876 21/01/2026]',0.4890985,3.633139,1.312012,2.5101,4.610755E-10,4.610755E-10,1.677712,0.1348841
'[17:34:05.884 21/01/2026]',-2.436901,0.1970125,-0.8505654,-0.8140486,4.610755E-10,4.610755E-10,-1.565794,-1.105579
'[17:34:05.892 21/01/2026]',-2.436901,0.1970125,-0.8505654,-0.8140486,4.610755E-10,4.610755E-10,-1.565794,-1.105579
'[17:34:05.900 21/01/2026]',2.476643,-4.813465,-0.6814117,-1.453544,4.610755E-10,4.610755E-10,0.3027837,0.9080024
'[17:34:05.908 21/01/2026]',2.476643,-4.813465,-0.6814117,-1.453544,4.610755E-10,4.610755E-10,0.3027837,0.9080024
'[17:34:05.916 21/01/2026]',2.476643,-4.813465,-0.6814117,-1.453544,4.610755E-10,4.610755E-10,0.3027837,0.9080024
'[17:34:05.924 21/01/2026]',-5.380655,1.594712,-3.158642,-1.322387,4.610755E-10,4.610755E-10,0.5297447,-0.1045538
'[17:34:05.932 21/01/2026]',-5.380655,1.594712,-3.158642,-1.322387,4.610755E-10,4.610755E-10,0.5297447,-0.1045538
'[17:34:05.940 21/01/2026]',7.070489,3.262866,8.213035,4.13427,4.610755E-10,4.610755E-10,-2.147169,-1.315449
'[17:34:05.948 21/01/2026]',7.070489,3.262866,8.213035,4.13427,4.610755E-10,4.610755E-10,-2.147169,-1.315449
'[17:34:05.956 21/01/2026]',-2.618104,-3.844376,-5.292373,-1.772987,4.610755E-10,4.610755E-10,0.758175,-0.6043249
'[17:34:05.964 21/01/2026]',-2.867008,-1.735374,-0.8492792,-2.505732,4.610755E-10,4.610755E-10,2.332425,2.80877
'[17:34:05.972 21/01/2026]',-2.867008,-1.735374,-0.8492792,-2.505732,4.610755E-10,4.610755E-10,2.332425,2.80877
'[17:34:05.980 21/01/2026]',-2.867008,-1.735374,-0.8492792,-2.505732,4.610755E-10,4.610755E-10,2.332425,2.80877
'[17:34:05.988 21/01/2026]',2.34915,3.782881,2.166132,1.271366,4.610755E-10,4.610755E-10,-0.4083931,0.9210998
'[17:34:05.996 21/01/2026]',2.34915,3.782881,2.166132,1.271366,4.610755E-10,4.610755E-10,-0.4083931,0.9210998
'[17:34:06.004 21/01/2026]',2.34915,3.782881,2.166132,1.271366,4.610755E-10,4.610755E-10,-0.4083931,0.9210998
'[17:34:06.012 21/01/2026]',2.34915,3.782881,2.166132,1.271366,4.610755E-10,4.610755E-10,-0.4083931,0.9210998
'[17:34:06.020 21/01/2026]',2.310327,-2.137067,2.397099,0.9422109,4.610755E-10,4.610755E-10,-3.60864,-3.929785
'[17:34:06.028 21/01/2026]',2.310327,-2.137067,2.397099,0.9422109,4.610755E-10,4.610755E-10,-3.60864,-3.929785
'[17:34:06.036 21/01/2026]',-3.821163,-1.802925,-3.931007,-0.88008,4.610755E-10,4.610755E-10,3.155082,0.8893258
'[17:34:06.044 21/01/2026]',3.636174,3.253475,5.117604,1.75558,4.610755E-10,4.610755E-10,-0.04596361,2.949013
'[17:34:06.052 21/01/2026]',-2.285101,-1.417471,-1.916394,-1.275918,4.610755E-10,4.610755E-10,-2.695774,-5.489361
'[17:34:06.060 21/01/2026]',-2.285101,-1.417471,-1.916394,-1.275918,4.610755E-10,4.610755E-10,-2.695774,-5.489361
'[17:34:06.068 21/01/2026]',-2.285101,-1.417471,-1.916394,-1.275918,4.610755E-10,4.610755E-10,-2.695774,-5.489361
'[17:34:06.076 21/01/2026]',-6.32752,-15.28159,-4.401664,-4.974843,4.610755E-10,4.610755E-10,2.280117,3.242766
'[17:34:06.084 21/01/2026]',5.664669,12.8626,2.14308,2.510832,4.610755E-10,4.610755E-10,-3.445705,-1.734417
'[17:34:06.092 21/01/2026]',5.664669,12.8626,2.14308,2.510832,4.610755E-10,4.610755E-10,-3.445705,-1.734417
'[17:34:06.100 21/01/2026]',5.664669,12.8626,2.14308,2.510832,4.610755E-10,4.610755E-10,-3.445705,-1.734417
'[17:34:06.108 21/01/2026]',4.45073,12.02908,3.684604,6.20645,4.610755E-10,4.610755E-10,3.129537,2.013262
'[17:34:06.116 21/01/2026]',4.45073,12.02908,3.684604,6.20645,4.610755E-10,4.610755E-10,3.129537,2.013262
'[17:34:06.124 21/01/2026]',4.45073,12.02908,3.684604,6.20645,4.610755E-10,4.610755E-10,3.129537,2.013262
'[17:34:06.132 21/01/2026]',-9.36367,-19.55758,-6.466707,-8.104649,4.610755E-10,4.610755E-10,1.281701,-3.278265
'[17:34:06.140 21/01/2026]',4.781548,7.262351,2.623074,1.935214,4.610755E-10,4.610755E-10,-2.718275,4.165182
'[17:34:06.148 21/01/2026]',4.781548,7.262351,2.623074,1.935214,4.610755E-10,4.610755E-10,-2.718275,4.165182
'[17:34:06.156 21/01/2026]',-0.2962759,3.284998,0.9610116,2.108706,4.610755E-10,4.610755E-10,-1.171299,-2.037256
'[17:34:06.164 21/01/2026]',-0.2962759,3.284998,0.9610116,2.108706,4.610755E-10,4.610755E-10,-1.171299,-2.037256
'[17:34:06.172 21/01/2026]',2.675892,-0.859486,1.411318,0.8589462,4.610755E-10,4.610755E-10,4.489817,-0.04693819
'[17:34:06.180 21/01/2026]',2.675892,-0.859486,1.411318,0.8589462,4.610755E-10,4.610755E-10,4.489817,-0.04693819
'[17:34:06.188 21/01/2026]',2.675892,-0.859486,1.411318,0.8589462,4.610755E-10,4.610755E-10,4.489817,-0.04693819
'[17:34:06.196 21/01/2026]',2.675892,-0.859486,1.411318,0.8589462,4.610755E-10,4.610755E-10,4.489817,-0.04693819
'[17:34:06.204 21/01/2026]',-2.288249,2.283808,-1.3671,-1.634055,4.610755E-10,4.610755E-10,-0.2818742,1.730551
'[17:34:06.212 21/01/2026]',-5.388102,-12.37094,-4.173602,-4.3672,4.610755E-10,4.610755E-10,-5.766534,-3.138063
'[17:34:06.220 21/01/2026]',9.030096,16.56804,4.765182,7.350588,4.610755E-10,4.610755E-10,4.93109,1.872148
'[17:34:06.228 21/01/2026]',9.030096,16.56804,4.765182,7.350588,4.610755E-10,4.610755E-10,4.93109,1.872148
'[17:34:06.236 21/01/2026]',-2.592635,-8.347449,1.646753,-3.297586,4.610755E-10,4.610755E-10,-1.671599,-1.068506
'[17:34:06.244 21/01/2026]',-2.592635,-8.347449,1.646753,-3.297586,4.610755E-10,4.610755E-10,-1.671599,-1.068506
'[17:34:06.252 21/01/2026]',-2.592635,-8.347449,1.646753,-3.297586,4.610755E-10,4.610755E-10,-1.671599,-1.068506
'[17:34:06.260 21/01/2026]',-2.592635,-8.347449,1.646753,-3.297586,4.610755E-10,4.610755E-10,-1.671599,-1.068506
'[17:34:06.268 21/01/2026]',-7.798872,-6.128336,-7.78771,-4.498201,4.610755E-10,4.610755E-10,-1.445927,-0.5007001
'[17:34:06.276 21/01/2026]',8.952518,10.55682,6.739785,6.927548,4.610755E-10,4.610755E-10,2.39534,1.669481
'[17:34:06.284 21/01/2026]',-1.9187,-4.581828,0.09833777,-3.221967,4.610755E-10,4.610755E-10,-2.641682,-1.566414
'[17:34:06.292 21/01/2026]',-1.9187,-4.581828,0.09833777,-3.221967,4.610755E-10,4.610755E-10,-2.641682,-1.566414
'[17:34:06.300 21/01/2026]',-2.503599,-4.07071,-1.261801,-0.4957422,4.610755E-10,4.610755E-10,4.770399,3.12504
'[17:34:06.308 21/01/2026]',-2.503599,-4.07071,-1.261801,-0.4957422,4.610755E-10,4.610755E-10,4.770399,3.12504
'[17:34:06.316 21/01/2026]',2.446625,2.734171,1.710295,2.281849,4.610755E-10,4.610755E-10,-2.835036,-2.850284
'[17:34:06.324 21/01/2026]',2.446625,2.734171,1.710295,2.281849,4.610755E-10,4.610755E-10,-2.835036,-2.850284
'[17:34:06.332 21/01/2026]',4.864321,11.8568,4.427187,3.654611,4.610755E-10,4.610755E-10,-0.5083682,1.754602
'[17:34:06.340 21/01/2026]',4.864321,11.8568,4.427187,3.654611,4.610755E-10,4.610755E-10,-0.5083682,1.754602
'[17:34:06.348 21/01/2026]',-5.504014,-14.60455,-5.030155,-6.061166,4.610755E-10,4.610755E-10,2.304865,0.1846066
'[17:34:06.356 21/01/2026]',-5.504014,-14.60455,-5.030155,-6.061166,4.610755E-10,4.610755E-10,2.304865,0.1846066
'[17:34:06.364 21/01/2026]',-2.001162,2.950165,-0.7666505,0.5604674,4.610755E-10,4.610755E-10,-0.3682501,1.626027
'[17:34:06.372 21/01/2026]',4.892981,3.820323,5.002171,3.845784,4.610755E-10,4.610755E-10,-2.06886,-3.577724
'[17:34:06.380 21/01/2026]',4.892981,3.820323,5.002171,3.845784,4.610755E-10,4.610755E-10,-2.06886,-3.577724
'[17:34:06.388 21/01/2026]',-2.829713,-0.9524551,-4.775624,-3.112372,4.610755E-10,4.610755E-10,-0.5138422,1.211054
'[17:34:06.396 21/01/2026]',-2.829713,-0.9524551,-4.775624,-3.112372,4.610755E-10,4.610755E-10,-0.5138422,1.211054
'[17:34:06.404 21/01/2026]',1.105712,-1.928607,1.625863,0.2623617,4.610755E-10,4.610755E-10,1.980861,0.676033
'[17:34:06.412 21/01/2026]',1.105712,-1.928607,1.625863,0.2623617,4.610755E-10,4.610755E-10,1.980861,0.676033
'[17:34:06.420 21/01/2026]',0.3257554,2.002577,1.412654,2.033958,4.610755E-10,4.610755E-10,-0.04062012,0.08325343
'[17:34:06.428 21/01/2026]',0.3257554,2.002577,1.412654,2.033958,4.610755E-10,4.610755E-10,-0.04062012,0.08325343
'[17:34:06.436 21/01/2026]',-1.566362,-0.730095,-0.2566456,-0.6913104,4.610755E-10,4.610755E-10,-1.211218,-1.477763
'[17:34:06.444 21/01/2026]',-1.566362,-0.730095,-0.2566456,-0.6913104,4.610755E-10,4.610755E-10,-1.211218,-1.477763
'[17:34:06.452 21/01/2026]',-2.578414,-4.686642,-4.880088,-4.984996,4.610755E-10,4.610755E-10,-0.5955569,-0.4630617
'[17:34:06.460 21/01/2026]',-2.578414,-4.686642,-4.880088,-4.984996,4.610755E-10,4.610755E-10,-0.5955569,-0.4630617
'[17:34:06.468 21/01/2026]',2.751632,3.535213,1.486398,2.109001,4.610755E-10,4.610755E-10,0.7786335,1.840008
'[17:34:06.476 21/01/2026]',2.751632,3.535213,1.486398,2.109001,4.610755E-10,4.610755E-10,0.7786335,1.840008
'[17:34:06.484 21/01/2026]',0.5006171,-2.209205,4.083211,3.337332,4.610755E-10,4.610755E-10,0.04538436,-1.836796
'[17:34:06.492 21/01/2026]',0.5006171,-2.209205,4.083211,3.337332,4.610755E-10,4.610755E-10,0.04538436,-1.836796
'[17:34:06.500 21/01/2026]',-0.4126148,0.3891173,-1.701459,-1.134049,4.610755E-10,4.610755E-10,-1.063357,-1.094957
'[17:34:06.508 21/01/2026]',-0.4126148,0.3891173,-1.701459,-1.134049,4.610755E-10,4.610755E-10,-1.063357,-1.094957
'[17:34:06.516 21/01/2026]',-7.838188,-8.153148,-6.90386,-8.023765,4.610755E-10,4.610755E-10,-0.1402006,1.494714
'[17:34:06.524 21/01/2026]',-7.838188,-8.153148,-6.90386,-8.023765,4.610755E-10,4.610755E-10,-0.1402006,1.494714
'[17:34:06.532 21/01/2026]',11.12827,13.33155,10.59488,9.539272,4.610755E-10,4.610755E-10,1.692013,1.118241
'[17:34:06.540 21/01/2026]',11.12827,13.33155,10.59488,9.539272,4.610755E-10,4.610755E-10,1.692013,1.118241
'[17:34:06.548 21/01/2026]',0.9351203,-1.428801,-2.276276,0.6693891,4.610755E-10,4.610755E-10,-0.7362503,-1.487926
'[17:34:06.556 21/01/2026]',-5.98183,-7.497644,-2.549832,-4.212093,4.610755E-10,4.610755E-10,2.263985,0.06387426
'[17:34:06.564 21/01/2026]',-5.98183,-7.497644,-2.549832,-4.212093,4.610755E-10,4.610755E-10,2.263985,0.06387426
'[17:34:06.572 21/01/2026]',-5.98183,-7.497644,-2.549832,-4.212093,4.610755E-10,4.610755E-10,2.263985,0.06387426
'[17:34:06.580 21/01/2026]',0.4879898,2.893731,-0.5786762,-1.54717,4.610755E-10,4.610755E-10,-1.931244,3.067533
'[17:34:06.588 21/01/2026]',0.4879898,2.893731,-0.5786762,-1.54717,4.610755E-10,4.610755E-10,-1.931244,3.067533
'[17:34:06.596 21/01/2026]',0.7468728,2.339732,-0.9531046,2.181147,4.610755E-10,4.610755E-10,-2.850302,-5.601753
'[17:34:06.604 21/01/2026]',0.7468728,2.339732,-0.9531046,2.181147,4.610755E-10,4.610755E-10,-2.850302,-5.601753
'[17:34:06.612 21/01/2026]',3.974008,2.007448,5.464498,2.835437,4.610755E-10,4.610755E-10,5.165785,3.958811
'[17:34:06.620 21/01/2026]',3.974008,2.007448,5.464498,2.835437,4.610755E-10,4.610755E-10,5.165785,3.958811
'[17:34:06.628 21/01/2026]',-1.456942,-1.936233,-3.351567,-3.902505,4.610755E-10,4.610755E-10,-1.057778,-0.3422801
'[17:34:06.636 21/01/2026]',-1.456942,-1.936233,-3.351567,-3.902505,4.610755E-10,4.610755E-10,-1.057778,-0.3422801
'[17:34:06.644 21/01/2026]',-1.456942,-1.936233,-3.351567,-3.902505,4.610755E-10,4.610755E-10,-1.057778,-0.3422801
'[17:34:06.652 21/01/2026]',-5.601928,-4.214753,-3.186845,-2.423882,4.610755E-10,4.610755E-10,-1.974578,-1.475867
'[17:34:06.660 21/01/2026]',-5.601928,-4.214753,-3.186845,-2.423882,4.610755E-10,4.610755E-10,-1.974578,-1.475867
'[17:34:06.668 21/01/2026]',-5.601928,-4.214753,-3.186845,-2.423882,4.610755E-10,4.610755E-10,-1.974578,-1.475867
'[17:34:06.676 21/01/2026]',-5.601928,-4.214753,-3.186845,-2.423882,4.610755E-10,4.610755E-10,-1.974578,-1.475867
'[17:34:06.684 21/01/2026]',8.032158,5.700412,5.32846,6.053329,4.610755E-10,4.610755E-10,-0.7106926,-1.173744
'[17:34:06.692 21/01/2026]',-2.798311,-1.264373,-0.7472817,-2.789903,4.610755E-10,4.610755E-10,0.04322806,-0.3847478
'[17:34:06.700 21/01/2026]',-0.4445377,-1.652512,-4.418774,-2.173682,4.610755E-10,4.610755E-10,1.630721,2.808711
'[17:34:06.708 21/01/2026]',-0.4445377,-1.652512,-4.418774,-2.173682,4.610755E-10,4.610755E-10,1.630721,2.808711
'[17:34:06.716 21/01/2026]',2.021106,3.516046,5.581169,3.867307,4.610755E-10,4.610755E-10,1.682032,0.5812714
'[17:34:06.724 21/01/2026]',2.021106,3.516046,5.581169,3.867307,4.610755E-10,4.610755E-10,1.682032,0.5812714
'[17:34:06.732 21/01/2026]',2.021106,3.516046,5.581169,3.867307,4.610755E-10,4.610755E-10,1.682032,0.5812714
'[17:34:06.740 21/01/2026]',-1.330529,-2.137014,-3.912819,-1.976609,4.610755E-10,4.610755E-10,-4.499191,-4.44026
'[17:34:06.748 21/01/2026]',-1.330529,-2.137014,-3.912819,-1.976609,4.610755E-10,4.610755E-10,-4.499191,-4.44026
'[17:34:06.756 21/01/2026]',-1.022243,2.084793,0.3766583,0.08651868,4.610755E-10,4.610755E-10,3.378666,2.919728
'[17:34:06.764 21/01/2026]',-1.022243,2.084793,0.3766583,0.08651868,4.610755E-10,4.610755E-10,3.378666,2.919728
'[17:34:06.772 21/01/2026]',-0.5672772,-1.690491,-2.172043,-3.483951,4.610755E-10,4.610755E-10,-3.926083,-2.347404
'[17:34:06.780 21/01/2026]',-0.5672772,-1.690491,-2.172043,-3.483951,4.610755E-10,4.610755E-10,-3.926083,-2.347404
'[17:34:06.788 21/01/2026]',0.4984953,-1.693483,2.031047,1.98525,4.610755E-10,4.610755E-10,1.332597,-0.9791048
'[17:34:06.796 21/01/2026]',0.4984953,-1.693483,2.031047,1.98525,4.610755E-10,4.610755E-10,1.332597,-0.9791048
'[17:34:06.804 21/01/2026]',2.788454,1.915097,2.142931,2.294209,4.610755E-10,4.610755E-10,0.5561904,2.484052
'[17:34:06.812 21/01/2026]',2.788454,1.915097,2.142931,2.294209,4.610755E-10,4.610755E-10,0.5561904,2.484052
'[17:34:06.820 21/01/2026]',-6.508936,-2.02512,-4.431868,-3.005735,4.610755E-10,4.610755E-10,-0.7859926,-2.629768
'[17:34:06.828 21/01/2026]',-6.508936,-2.02512,-4.431868,-3.005735,4.610755E-10,4.610755E-10,-0.7859926,-2.629768
'[17:34:06.836 21/01/2026]',-6.508936,-2.02512,-4.431868,-3.005735,4.610755E-10,4.610755E-10,-0.7859926,-2.629768
'[17:34:06.844 21/01/2026]',-6.508936,-2.02512,-4.431868,-3.005735,4.610755E-10,4.610755E-10,-0.7859926,-2.629768
'[17:34:06.852 21/01/2026]',-6.508936,-2.02512,-4.431868,-3.005735,4.610755E-10,4.610755E-10,-0.7859926,-2.629768
'[17:34:06.860 21/01/2026]',11.24406,3.562554,6.038781,3.334603,4.610755E-10,4.610755E-10,0.5759844,1.167866
'[17:34:06.868 21/01/2026]',11.24406,3.562554,6.038781,3.334603,4.610755E-10,4.610755E-10,0.5759844,1.167866
'[17:34:06.876 21/01/2026]',11.24406,3.562554,6.038781,3.334603,4.610755E-10,4.610755E-10,0.5759844,1.167866
'[17:34:06.884 21/01/2026]',-5.137186,-0.519805,-1.908465,-1.720513,4.610755E-10,4.610755E-10,-0.9694165,0.5486131
'[17:34:06.892 21/01/2026]',-3.752875,-5.765644,-3.932213,-2.509713,4.610755E-10,4.610755E-10,3.24731,0.578354
'[17:34:06.900 21/01/2026]',6.167911,4.861485,7.205525,5.701077,4.610755E-10,4.610755E-10,-2.539257,-0.2799162
'[17:34:06.908 21/01/2026]',6.167911,4.861485,7.205525,5.701077,4.610755E-10,4.610755E-10,-2.539257,-0.2799162
'[17:34:06.916 21/01/2026]',-1.831734,3.739776,-0.4872163,0.8664043,4.610755E-10,4.610755E-10,3.5289,2.335186
'[17:34:06.924 21/01/2026]',-0.2804727,-4.704607,-5.464056,-5.393583,4.610755E-10,4.610755E-10,-5.429126,-3.251439
'[17:34:06.932 21/01/2026]',-0.2804727,-4.704607,-5.464056,-5.393583,4.610755E-10,4.610755E-10,-5.429126,-3.251439
'[17:34:06.940 21/01/2026]',-0.2804727,-4.704607,-5.464056,-5.393583,4.610755E-10,4.610755E-10,-5.429126,-3.251439
'[17:34:06.948 21/01/2026]',-1.00363,-1.342216,4.679563,2.33954,4.610755E-10,4.610755E-10,4.447354,0.6046585
'[17:34:06.956 21/01/2026]',2.970048,5.420669,1.94865,2.835515,4.610755E-10,4.610755E-10,1.544157,4.213454
'[17:34:06.964 21/01/2026]',2.970048,5.420669,1.94865,2.835515,4.610755E-10,4.610755E-10,1.544157,4.213454
'[17:34:06.972 21/01/2026]',2.970048,5.420669,1.94865,2.835515,4.610755E-10,4.610755E-10,1.544157,4.213454
'[17:34:06.980 21/01/2026]',-1.699115,-2.583858,-2.374936,-1.513119,4.610755E-10,4.610755E-10,-2.665522,-3.387468
'[17:34:06.988 21/01/2026]',-1.699115,-2.583858,-2.374936,-1.513119,4.610755E-10,4.610755E-10,-2.665522,-3.387468
'[17:34:06.996 21/01/2026]',-14.78502,-11.02618,-8.415365,-7.467281,4.610755E-10,4.610755E-10,-1.963189,0.3736109
'[17:34:07.004 21/01/2026]',-14.78502,-11.02618,-8.415365,-7.467281,4.610755E-10,4.610755E-10,-1.963189,0.3736109
'[17:34:07.012 21/01/2026]',-14.78502,-11.02618,-8.415365,-7.467281,4.610755E-10,4.610755E-10,-1.963189,0.3736109
'[17:34:07.020 21/01/2026]',-24.51299,-16.80107,-7.619965,-8.444926,4.610755E-10,4.610755E-10,-2.809314,-4.780691
'[17:34:07.028 21/01/2026]',-24.51299,-16.80107,-7.619965,-8.444926,4.610755E-10,4.610755E-10,-2.809314,-4.780691
'[17:34:07.036 21/01/2026]',-24.51299,-16.80107,-7.619965,-8.444926,4.610755E-10,4.610755E-10,-2.809314,-4.780691
'[17:34:07.044 21/01/2026]',45.62613,28.25268,13.58894,13.82083,4.610755E-10,4.610755E-10,5.734831,6.167279
'[17:34:07.052 21/01/2026]',38.39121,35.79502,21.21892,19.51583,4.610755E-10,4.610755E-10,2.275765,1.20887
'[17:34:07.060 21/01/2026]',-39.83353,-29.39099,-17.4002,-15.20022,4.610755E-10,4.610755E-10,-4.613787,-3.922855
'[17:34:07.068 21/01/2026]',-39.83353,-29.39099,-17.4002,-15.20022,4.610755E-10,4.610755E-10,-4.613787,-3.922855
'[17:34:07.076 21/01/2026]',-19.86177,-21.90959,-13.53557,-12.52951,4.610755E-10,4.610755E-10,-2.627032,-1.59552
'[17:34:07.084 21/01/2026]',-19.86177,-21.90959,-13.53557,-12.52951,4.610755E-10,4.610755E-10,-2.627032,-1.59552
'[17:34:07.092 21/01/2026]',-19.86177,-21.90959,-13.53557,-12.52951,4.610755E-10,4.610755E-10,-2.627032,-1.59552
'[17:34:07.100 21/01/2026]',19.51927,16.30084,14.96872,12.9151,4.610755E-10,4.610755E-10,6.007048,4.050569
'[17:34:07.108 21/01/2026]',3.605826,8.319439,-1.55021,-0.3860389,4.610755E-10,4.610755E-10,0.8779614,-0.0815172
'[17:34:07.116 21/01/2026]',3.605826,8.319439,-1.55021,-0.3860389,4.610755E-10,4.610755E-10,0.8779614,-0.0815172
'[17:34:07.124 21/01/2026]',3.605826,8.319439,-1.55021,-0.3860389,4.610755E-10,4.610755E-10,0.8779614,-0.0815172
'[17:34:07.132 21/01/2026]',-16.74843,-18.7212,-9.38245,-10.67867,4.610755E-10,4.610755E-10,-10.36066,-4.849688
'[17:34:07.140 21/01/2026]',6.905159,6.910425,7.530938,9.918587,4.610755E-10,4.610755E-10,10.42074,4.625266
'[17:34:07.148 21/01/2026]',4.616153,5.508892,0.8194191,-0.4676705,4.610755E-10,4.610755E-10,-2.818069,0.5078475
'[17:34:07.156 21/01/2026]',4.616153,5.508892,0.8194191,-0.4676705,4.610755E-10,4.610755E-10,-2.818069,0.5078475
'[17:34:07.164 21/01/2026]',4.616153,5.508892,0.8194191,-0.4676705,4.610755E-10,4.610755E-10,-2.818069,0.5078475
'[17:34:07.172 21/01/2026]',-2.954594,-2.963051,-3.203596,-3.655641,4.610755E-10,4.610755E-10,-1.125626,-2.02092
'[17:34:07.180 21/01/2026]',-2.954594,-2.963051,-3.203596,-3.655641,4.610755E-10,4.610755E-10,-1.125626,-2.02092
'[17:34:07.188 21/01/2026]',-0.7828152,-0.01226009,1.529477,1.834374,4.610755E-10,4.610755E-10,0.552031,-0.1459358
'[17:34:07.196 21/01/2026]',-0.7828152,-0.01226009,1.529477,1.834374,4.610755E-10,4.610755E-10,0.552031,-0.1459358
'[17:34:07.204 21/01/2026]',-0.09609472,-4.913024,0.05415434,-1.394673,4.610755E-10,4.610755E-10,-0.5292163,-0.2601923
'[17:34:07.212 21/01/2026]',-0.5293567,0.8651976,-0.3129801,1.805364,4.610755E-10,4.610755E-10,3.147063,2.859757
'[17:34:07.220 21/01/2026]',-0.5293567,0.8651976,-0.3129801,1.805364,4.610755E-10,4.610755E-10,3.147063,2.859757
'[17:34:07.228 21/01/2026]',0.6393117,4.183375,-1.539584,-3.891874,4.610755E-10,4.610755E-10,-7.336448,-4.578336
'[17:34:07.236 21/01/2026]',-1.054177,-6.116718,0.6581677,1.412119,4.610755E-10,4.610755E-10,0.5116991,-0.9365407
'[17:34:07.244 21/01/2026]',-1.054177,-6.116718,0.6581677,1.412119,4.610755E-10,4.610755E-10,0.5116991,-0.9365407
'[17:34:07.252 21/01/2026]',-0.7118802,6.916065,-1.446299,1.741555,4.610755E-10,4.610755E-10,4.900823,3.082065
'[17:34:07.260 21/01/2026]',-0.7118802,6.916065,-1.446299,1.741555,4.610755E-10,4.610755E-10,4.900823,3.082065
'[17:34:07.268 21/01/2026]',3.00518,-3.246356,2.048565,-0.6836244,4.610755E-10,4.610755E-10,-0.03482261,2.230975
'[17:34:07.276 21/01/2026]',3.00518,-3.246356,2.048565,-0.6836244,4.610755E-10,4.610755E-10,-0.03482261,2.230975
'[17:34:07.284 21/01/2026]',-3.247627,-3.862492,-2.813308,-2.562642,4.610755E-10,4.610755E-10,-2.22941,-2.629475
'[17:34:07.292 21/01/2026]',-3.247627,-3.862492,-2.813308,-2.562642,4.610755E-10,4.610755E-10,-2.22941,-2.629475
'[17:34:07.300 21/01/2026]',-1.498126,3.698484,-0.4205803,2.212533,4.610755E-10,4.610755E-10,0.1259443,-0.6070551
'[17:34:07.308 21/01/2026]',-6.574728,-8.28439,-0.4329682,-2.893446,4.610755E-10,4.610755E-10,0.8006626,0.6138418
'[17:34:07.316 21/01/2026]',-6.574728,-8.28439,-0.4329682,-2.893446,4.610755E-10,4.610755E-10,0.8006626,0.6138418
'[17:34:07.324 21/01/2026]',-6.574728,-8.28439,-0.4329682,-2.893446,4.610755E-10,4.610755E-10,0.8006626,0.6138418
'[17:34:07.332 21/01/2026]',-6.574728,-8.28439,-0.4329682,-2.893446,4.610755E-10,4.610755E-10,0.8006626,0.6138418
'[17:34:07.340 21/01/2026]',-30.71041,-20.03207,-15.47433,-13.07277,4.610755E-10,4.610755E-10,-5.957516,-4.191963
'[17:34:07.348 21/01/2026]',30.41462,15.28731,10.47515,9.416884,4.610755E-10,4.610755E-10,3.660141,2.555895
'[17:34:07.356 21/01/2026]',55.8776,49.46416,27.87397,26.08449,4.610755E-10,4.610755E-10,7.30481,5.467755
'[17:34:07.364 21/01/2026]',-33.28215,-20.59683,-13.74235,-11.33307,4.610755E-10,4.610755E-10,-3.754662,-2.116996
'[17:34:07.372 21/01/2026]',-33.28215,-20.59683,-13.74235,-11.33307,4.610755E-10,4.610755E-10,-3.754662,-2.116996
'[17:34:07.380 21/01/2026]',-33.28215,-20.59683,-13.74235,-11.33307,4.610755E-10,4.610755E-10,-3.754662,-2.116996
'[17:34:07.388 21/01/2026]',-26.20905,-28.85445,-15.9008,-15.86714,4.610755E-10,4.610755E-10,-3.591685,-2.989381
'[17:34:07.396 21/01/2026]',9.67983,9.788214,6.245294,4.077832,4.610755E-10,4.610755E-10,-0.8294659,-1.598094
'[17:34:07.404 21/01/2026]',11.73458,10.23754,5.206485,8.387676,4.610755E-10,4.610755E-10,7.433006,6.726146
'[17:34:07.412 21/01/2026]',11.73458,10.23754,5.206485,8.387676,4.610755E-10,4.610755E-10,7.433006,6.726146
'[17:34:07.420 21/01/2026]',-12.69624,-4.589555,-5.892962,-4.613854,4.610755E-10,4.610755E-10,-4.708748,-2.600058
'[17:34:07.428 21/01/2026]',-1.548897,-6.496757,-0.3496677,-4.807997,4.610755E-10,4.610755E-10,-4.544243,-4.989205
'[17:34:07.436 21/01/2026]',-1.548897,-6.496757,-0.3496677,-4.807997,4.610755E-10,4.610755E-10,-4.544243,-4.989205
'[17:34:07.444 21/01/2026]',-1.548897,-6.496757,-0.3496677,-4.807997,4.610755E-10,4.610755E-10,-4.544243,-4.989205
'[17:34:07.452 21/01/2026]',3.318926,0.8844258,-1.730979,2.684847,4.610755E-10,4.610755E-10,3.287251,1.575983
'[17:34:07.460 21/01/2026]',3.318926,0.8844258,-1.730979,2.684847,4.610755E-10,4.610755E-10,3.287251,1.575983
'[17:34:07.468 21/01/2026]',3.318926,0.8844258,-1.730979,2.684847,4.610755E-10,4.610755E-10,3.287251,1.575983
'[17:34:07.476 21/01/2026]',3.318926,0.8844258,-1.730979,2.684847,4.610755E-10,4.610755E-10,3.287251,1.575983
'[17:34:07.484 21/01/2026]',5.926753,9.763692,7.9325,5.640614,4.610755E-10,4.610755E-10,3.955015,5.117073
'[17:34:07.492 21/01/2026]',-6.97056,-10.1639,-6.752652,-5.291814,4.610755E-10,4.610755E-10,-3.774639,-4.294059
'[17:34:07.500 21/01/2026]',-1.065456,2.16229,-0.03084935,-1.470763,4.610755E-10,4.610755E-10,0.3115063,0.03854997
'[17:34:07.508 21/01/2026]',-1.065456,2.16229,-0.03084935,-1.470763,4.610755E-10,4.610755E-10,0.3115063,0.03854997
'[17:34:07.516 21/01/2026]',-1.065456,2.16229,-0.03084935,-1.470763,4.610755E-10,4.610755E-10,0.3115063,0.03854997
'[17:34:07.524 21/01/2026]',2.571238,1.245836,1.32026,1.986731,4.610755E-10,4.610755E-10,1.506237,2.695723
'[17:34:07.532 21/01/2026]',-0.000980733,0.7147771,1.414723,3.052455,4.610755E-10,4.610755E-10,-2.361469,-2.360843
'[17:34:07.540 21/01/2026]',-0.000980733,0.7147771,1.414723,3.052455,4.610755E-10,4.610755E-10,-2.361469,-2.360843
'[17:34:07.548 21/01/2026]',-0.09161735,0.17506,-0.6373982,-2.855574,4.610755E-10,4.610755E-10,-0.6295456,-0.9878823
'[17:34:07.556 21/01/2026]',-0.09161735,0.17506,-0.6373982,-2.855574,4.610755E-10,4.610755E-10,-0.6295456,-0.9878823
'[17:34:07.564 21/01/2026]',-0.09161735,0.17506,-0.6373982,-2.855574,4.610755E-10,4.610755E-10,-0.6295456,-0.9878823
'[17:34:07.572 21/01/2026]',-0.3812872,-2.139634,-1.810754,-1.153501,4.610755E-10,4.610755E-10,3.191611,2.099555
'[17:34:07.580 21/01/2026]',-0.3812872,-2.139634,-1.810754,-1.153501,4.610755E-10,4.610755E-10,3.191611,2.099555
'[17:34:07.588 21/01/2026]',4.95049,6.381273,5.071423,7.005939,4.610755E-10,4.610755E-10,2.255376,1.750716
'[17:34:07.596 21/01/2026]',4.95049,6.381273,5.071423,7.005939,4.610755E-10,4.610755E-10,2.255376,1.750716
'[17:34:07.604 21/01/2026]',-7.873185,-6.599853,-5.309846,-7.143347,4.610755E-10,4.610755E-10,-7.835635,-4.352972
'[17:34:07.612 21/01/2026]',-7.873185,-6.599853,-5.309846,-7.143347,4.610755E-10,4.610755E-10,-7.835635,-4.352972
'[17:34:07.620 21/01/2026]',-7.873185,-6.599853,-5.309846,-7.143347,4.610755E-10,4.610755E-10,-7.835635,-4.352972
'[17:34:07.628 21/01/2026]',0.8593221,1.650434,-1.087058,-0.7142115,4.610755E-10,4.610755E-10,-0.03939606,-1.534841
'[17:34:07.636 21/01/2026]',0.8593221,1.650434,-1.087058,-0.7142115,4.610755E-10,4.610755E-10,-0.03939606,-1.534841
'[17:34:07.644 21/01/2026]',0.8593221,1.650434,-1.087058,-0.7142115,4.610755E-10,4.610755E-10,-0.03939606,-1.534841
'[17:34:07.652 21/01/2026]',-1.099893,-4.841918,-2.013384,-2.586851,4.610755E-10,4.610755E-10,4.034652,3.927469
'[17:34:07.660 21/01/2026]',-1.099893,-4.841918,-2.013384,-2.586851,4.610755E-10,4.610755E-10,4.034652,3.927469
'[17:34:07.668 21/01/2026]',4.495236,7.90975,7.503736,9.233946,4.610755E-10,4.610755E-10,2.428771,3.398618
'[17:34:07.676 21/01/2026]',4.495236,7.90975,7.503736,9.233946,4.610755E-10,4.610755E-10,2.428771,3.398618
'[17:34:07.684 21/01/2026]',-2.671858,-3.329849,-2.531339,-3.378247,4.610755E-10,4.610755E-10,-3.362309,-5.014039
'[17:34:07.692 21/01/2026]',-2.671858,-3.329849,-2.531339,-3.378247,4.610755E-10,4.610755E-10,-3.362309,-5.014039
'[17:34:07.700 21/01/2026]',-2.671858,-3.329849,-2.531339,-3.378247,4.610755E-10,4.610755E-10,-3.362309,-5.014039
'[17:34:07.708 21/01/2026]',-6.681667,-6.553888,-9.02233,-8.711113,4.610755E-10,4.610755E-10,-3.986008,-2.931487
'[17:34:07.716 21/01/2026]',11.22447,11.083,10.728,10.1897,4.610755E-10,4.610755E-10,4.12892,4.145373
'[17:34:07.724 21/01/2026]',-1.37471,-0.9153517,-1.390069,-0.3503304,4.610755E-10,4.610755E-10,3.30582,3.032627
'[17:34:07.732 21/01/2026]',-1.37471,-0.9153517,-1.390069,-0.3503304,4.610755E-10,4.610755E-10,3.30582,3.032627
'[17:34:07.740 21/01/2026]',-8.031273,-7.643255,-6.273746,-6.464121,4.610755E-10,4.610755E-10,-7.465198,-6.59254
'[17:34:07.748 21/01/2026]',-8.031273,-7.643255,-6.273746,-6.464121,4.610755E-10,4.610755E-10,-7.465198,-6.59254
'[17:34:07.756 21/01/2026]',1.017652,1.17115,1.308085,1.123431,4.610755E-10,4.610755E-10,4.43623,3.421142
'[17:34:07.764 21/01/2026]',1.017652,1.17115,1.308085,1.123431,4.610755E-10,4.610755E-10,4.43623,3.421142
'[17:34:07.772 21/01/2026]',5.591648,3.792734,3.967993,3.698032,4.610755E-10,4.610755E-10,1.506756,2.802531
'[17:34:07.780 21/01/2026]',5.591648,3.792734,3.967993,3.698032,4.610755E-10,4.610755E-10,1.506756,2.802531
'[17:34:07.788 21/01/2026]',5.591648,3.792734,3.967993,3.698032,4.610755E-10,4.610755E-10,1.506756,2.802531
'[17:34:07.796 21/01/2026]',5.591648,3.792734,3.967993,3.698032,4.610755E-10,4.610755E-10,1.506756,2.802531
'[17:34:07.804 21/01/2026]',-3.800388,-3.552728,-1.961784,-1.647076,4.610755E-10,4.610755E-10,-4.738811,-6.384281
'[17:34:07.812 21/01/2026]',-3.800388,-3.552728,-1.961784,-1.647076,4.610755E-10,4.610755E-10,-4.738811,-6.384281
'[17:34:07.820 21/01/2026]',-3.800388,-3.552728,-1.961784,-1.647076,4.610755E-10,4.610755E-10,-4.738811,-6.384281
'[17:34:07.828 21/01/2026]',0.6155666,3.454748,-0.06404545,-0.4460072,4.610755E-10,4.610755E-10,2.915077,3.218916
'[17:34:07.836 21/01/2026]',0.4199755,-2.748988,0.7333065,1.277962,4.610755E-10,4.610755E-10,0.1160626,1.638904
'[17:34:07.844 21/01/2026]',0.4199755,-2.748988,0.7333065,1.277962,4.610755E-10,4.610755E-10,0.1160626,1.638904
'[17:34:07.852 21/01/2026]',-0.2974792,1.080547,-0.177254,-0.05405417,4.610755E-10,4.610755E-10,-2.325407,-3.647636
'[17:34:07.860 21/01/2026]',-0.1011179,5.161945,-1.780217,-1.104186,4.610755E-10,4.610755E-10,1.204942,1.452823
'[17:34:07.868 21/01/2026]',-0.1011179,5.161945,-1.780217,-1.104186,4.610755E-10,4.610755E-10,1.204942,1.452823
'[17:34:07.876 21/01/2026]',-0.1011179,5.161945,-1.780217,-1.104186,4.610755E-10,4.610755E-10,1.204942,1.452823
'[17:34:07.884 21/01/2026]',-0.4030361,-4.570121,-0.6114699,-0.658921,4.610755E-10,4.610755E-10,2.046127,1.74152
'[17:34:07.892 21/01/2026]',-0.4030361,-4.570121,-0.6114699,-0.658921,4.610755E-10,4.610755E-10,2.046127,1.74152
'[17:34:07.900 21/01/2026]',0.3180432,0.4995162,2.7359,2.717238,4.610755E-10,4.610755E-10,-2.104035,-0.7188046
'[17:34:07.908 21/01/2026]',0.3180432,0.4995162,2.7359,2.717238,4.610755E-10,4.610755E-10,-2.104035,-0.7188046
'[17:34:07.916 21/01/2026]',0.3180432,0.4995162,2.7359,2.717238,4.610755E-10,4.610755E-10,-2.104035,-0.7188046
'[17:34:07.924 21/01/2026]',1.706621,2.157819,-0.1262811,0.849387,4.610755E-10,4.610755E-10,2.033256,0.5587837
'[17:34:07.932 21/01/2026]',1.706621,2.157819,-0.1262811,0.849387,4.610755E-10,4.610755E-10,2.033256,0.5587837
'[17:34:07.940 21/01/2026]',1.490075,4.486756,0.1104024,0.8497546,4.610755E-10,4.610755E-10,-1.285969,0.04824199
'[17:34:07.948 21/01/2026]',-5.342437,-7.723998,-2.321907,-4.11009,4.610755E-10,4.610755E-10,-0.9776276,-3.736331
'[17:34:07.956 21/01/2026]',-5.342437,-7.723998,-2.321907,-4.11009,4.610755E-10,4.610755E-10,-0.9776276,-3.736331
'[17:34:07.964 21/01/2026]',-5.342437,-7.723998,-2.321907,-4.11009,4.610755E-10,4.610755E-10,-0.9776276,-3.736331
'[17:34:07.972 21/01/2026]',-5.342437,-7.723998,-2.321907,-4.11009,4.610755E-10,4.610755E-10,-0.9776276,-3.736331
'[17:34:07.980 21/01/2026]',3.353559,2.956981,1.788261,2.816584,4.610755E-10,4.610755E-10,1.669092,5.08686
'[17:34:07.988 21/01/2026]',3.353559,2.956981,1.788261,2.816584,4.610755E-10,4.610755E-10,1.669092,5.08686
'[17:34:07.996 21/01/2026]',-2.663089,-2.555988,-1.623122,-2.389007,4.610755E-10,4.610755E-10,-3.021543,-4.076558
'[17:34:08.004 21/01/2026]',-2.663089,-2.555988,-1.623122,-2.389007,4.610755E-10,4.610755E-10,-3.021543,-4.076558
'[17:34:08.012 21/01/2026]',-2.663089,-2.555988,-1.623122,-2.389007,4.610755E-10,4.610755E-10,-3.021543,-4.076558
'[17:34:08.020 21/01/2026]',-2.065989,-1.833525,-0.8566819,-1.259416,4.610755E-10,4.610755E-10,0.2925504,-1.174231
'[17:34:08.028 21/01/2026]',12.79306,11.67646,7.190086,7.347024,4.610755E-10,4.610755E-10,2.469753,3.818378
'[17:34:08.036 21/01/2026]',-10.58156,-9.873851,-7.084583,-5.281408,4.610755E-10,4.610755E-10,-0.8835617,-2.243293
'[17:34:08.044 21/01/2026]',-10.58156,-9.873851,-7.084583,-5.281408,4.610755E-10,4.610755E-10,-0.8835617,-2.243293
'[17:34:08.052 21/01/2026]',1.120618,2.263143,1.697235,0.9363419,4.610755E-10,4.610755E-10,0.8141015,4.255572
'[17:34:08.060 21/01/2026]',1.120618,2.263143,1.697235,0.9363419,4.610755E-10,4.610755E-10,0.8141015,4.255572
'[17:34:08.068 21/01/2026]',3.473629,-0.1007241,3.407578,1.860938,4.610755E-10,4.610755E-10,0.4316732,-1.438164
'[17:34:08.076 21/01/2026]',3.473629,-0.1007241,3.407578,1.860938,4.610755E-10,4.610755E-10,0.4316732,-1.438164
'[17:34:08.084 21/01/2026]',0.115238,1.292838,-2.237715,1.174495,4.610755E-10,4.610755E-10,-0.3266682,-3.525931
'[17:34:08.092 21/01/2026]',0.115238,1.292838,-2.237715,1.174495,4.610755E-10,4.610755E-10,-0.3266682,-3.525931
'[17:34:08.100 21/01/2026]',-1.529452,3.239244,-0.5119083,-2.077483,4.610755E-10,4.610755E-10,-2.131802,3.78536
'[17:34:08.108 21/01/2026]',-1.529452,3.239244,-0.5119083,-2.077483,4.610755E-10,4.610755E-10,-2.131802,3.78536
'[17:34:08.116 21/01/2026]',-1.529452,3.239244,-0.5119083,-2.077483,4.610755E-10,4.610755E-10,-2.131802,3.78536
'[17:34:08.124 21/01/2026]',0.2539126,-3.786715,0.1302136,0.6419895,4.610755E-10,4.610755E-10,3.916335,1.115466
'[17:34:08.132 21/01/2026]',0.2539126,-3.786715,0.1302136,0.6419895,4.610755E-10,4.610755E-10,3.916335,1.115466
'[17:34:08.140 21/01/2026]',-0.4041739,-1.319582,-0.9134182,-0.5306158,4.610755E-10,4.610755E-10,-2.928764,-4.309617
'[17:34:08.148 21/01/2026]',-0.4041739,-1.319582,-0.9134182,-0.5306158,4.610755E-10,4.610755E-10,-2.928764,-4.309617
'[17:34:08.156 21/01/2026]',-0.4041739,-1.319582,-0.9134182,-0.5306158,4.610755E-10,4.610755E-10,-2.928764,-4.309617
'[17:34:08.164 21/01/2026]',0.9347112,3.564701,0.2711708,0.5366186,4.610755E-10,4.610755E-10,0.832885,2.157382
'[17:34:08.172 21/01/2026]',0.9347112,3.564701,0.2711708,0.5366186,4.610755E-10,4.610755E-10,0.832885,2.157382
'[17:34:08.180 21/01/2026]',0.9347112,3.564701,0.2711708,0.5366186,4.610755E-10,4.610755E-10,0.832885,2.157382
'[17:34:08.188 21/01/2026]',1.279713,0.6342213,3.316618,3.698394,4.610755E-10,4.610755E-10,0.5440916,1.889283
'[17:34:08.196 21/01/2026]',-6.571318,-6.887663,-8.050047,-8.745862,4.610755E-10,4.610755E-10,-3.283957,-5.663121
'[17:34:08.204 21/01/2026]',5.113123,5.304451,4.958153,3.939144,4.610755E-10,4.610755E-10,1.705343,3.577581
'[17:34:08.212 21/01/2026]',5.113123,5.304451,4.958153,3.939144,4.610755E-10,4.610755E-10,1.705343,3.577581
'[17:34:08.220 21/01/2026]',1.51647,0.2812663,2.715388,3.577804,4.610755E-10,4.610755E-10,1.14695,-1.849408
'[17:34:08.228 21/01/2026]',1.51647,0.2812663,2.715388,3.577804,4.610755E-10,4.610755E-10,1.14695,-1.849408
'[17:34:08.236 21/01/2026]',1.51647,0.2812663,2.715388,3.577804,4.610755E-10,4.610755E-10,1.14695,-1.849408
'[17:34:08.244 21/01/2026]',-10.47098,-9.820206,-7.858295,-7.819463,4.610755E-10,4.610755E-10,-1.465822,-0.3429166
'[17:34:08.252 21/01/2026]',-10.47098,-9.820206,-7.858295,-7.819463,4.610755E-10,4.610755E-10,-1.465822,-0.3429166
'[17:34:08.260 21/01/2026]',-26.67587,-16.44508,-11.90904,-9.567037,4.610755E-10,4.610755E-10,-2.101372,0.4034102
'[17:34:08.268 21/01/2026]',-26.67587,-16.44508,-11.90904,-9.567037,4.610755E-10,4.610755E-10,-2.101372,0.4034102
'[17:34:08.276 21/01/2026]',19.82833,10.04842,12.09056,8.463968,4.610755E-10,4.610755E-10,0.05978965,-2.708563
'[17:34:08.284 21/01/2026]',19.82833,10.04842,12.09056,8.463968,4.610755E-10,4.610755E-10,0.05978965,-2.708563
'[17:34:08.292 21/01/2026]',49.8023,40.11779,16.7176,17.72467,4.610755E-10,4.610755E-10,3.584742,3.181945
'[17:34:08.300 21/01/2026]',49.8023,40.11779,16.7176,17.72467,4.610755E-10,4.610755E-10,3.584742,3.181945
'[17:34:08.308 21/01/2026]',-23.96651,-10.8328,-10.98792,-8.233782,4.610755E-10,4.610755E-10,-3.830696,-1.645135
'[17:34:08.316 21/01/2026]',-23.96651,-10.8328,-10.98792,-8.233782,4.610755E-10,4.610755E-10,-3.830696,-1.645135
'[17:34:08.324 21/01/2026]',-18.92656,-19.56086,-6.187134,-7.662345,4.610755E-10,4.610755E-10,2.11114,1.925872
'[17:34:08.332 21/01/2026]',-18.92656,-19.56086,-6.187134,-7.662345,4.610755E-10,4.610755E-10,2.11114,1.925872
'[17:34:08.340 21/01/2026]',-18.92656,-19.56086,-6.187134,-7.662345,4.610755E-10,4.610755E-10,2.11114,1.925872
'[17:34:08.348 21/01/2026]',-18.92656,-19.56086,-6.187134,-7.662345,4.610755E-10,4.610755E-10,2.11114,1.925872
'[17:34:08.356 21/01/2026]',14.27987,5.466563,10.42408,7.666146,4.610755E-10,4.610755E-10,5.498502,2.488483
'[17:34:08.364 21/01/2026]',14.27987,5.466563,10.42408,7.666146,4.610755E-10,4.610755E-10,5.498502,2.488483
'[17:34:08.372 21/01/2026]',-1.795402,3.147115,-6.694324,-3.031555,4.610755E-10,4.610755E-10,-9.413445,-6.613504
'[17:34:08.380 21/01/2026]',-5.877287,-1.676944,-0.05694259,-1.541534,4.610755E-10,4.610755E-10,4.128218,2.694911
'[17:34:08.388 21/01/2026]',-3.040645,-4.532193,-1.714332,-1.487932,4.610755E-10,4.610755E-10,-0.1659726,2.455763
'[17:34:08.396 21/01/2026]',-3.040645,-4.532193,-1.714332,-1.487932,4.610755E-10,4.610755E-10,-0.1659726,2.455763
'[17:34:08.404 21/01/2026]',4.81816,2.393643,1.99156,2.056637,4.610755E-10,4.610755E-10,-1.653262,-3.114073
'[17:34:08.412 21/01/2026]',4.81816,2.393643,1.99156,2.056637,4.610755E-10,4.610755E-10,-1.653262,-3.114073
'[17:34:08.420 21/01/2026]',4.81816,2.393643,1.99156,2.056637,4.610755E-10,4.610755E-10,-1.653262,-3.114073
'[17:34:08.428 21/01/2026]',4.81816,2.393643,1.99156,2.056637,4.610755E-10,4.610755E-10,-1.653262,-3.114073
'[17:34:08.436 21/01/2026]',1.04142,2.694148,2.392549,1.770677,4.610755E-10,4.610755E-10,4.763719,2.494265
'[17:34:08.444 21/01/2026]',1.04142,2.694148,2.392549,1.770677,4.610755E-10,4.610755E-10,4.763719,2.494265
'[17:34:08.452 21/01/2026]',-3.563316,-3.1793,-3.249962,-2.084237,4.610755E-10,4.610755E-10,-3.54303,-2.097848
'[17:34:08.460 21/01/2026]',-3.563316,-3.1793,-3.249962,-2.084237,4.610755E-10,4.610755E-10,-3.54303,-2.097848
'[17:34:08.468 21/01/2026]',-0.5610993,-2.730402,-0.5379566,-2.675607,4.610755E-10,4.610755E-10,-0.4883421,0.9095138
'[17:34:08.476 21/01/2026]',-0.5610993,-2.730402,-0.5379566,-2.675607,4.610755E-10,4.610755E-10,-0.4883421,0.9095138
'[17:34:08.484 21/01/2026]',-5.604162,-1.889719,-2.071715,-0.2465501,4.610755E-10,4.610755E-10,0.7881641,-0.8228628
'[17:34:08.492 21/01/2026]',-5.604162,-1.889719,-2.071715,-0.2465501,4.610755E-10,4.610755E-10,0.7881641,-0.8228628
'[17:34:08.500 21/01/2026]',-5.604162,-1.889719,-2.071715,-0.2465501,4.610755E-10,4.610755E-10,0.7881641,-0.8228628
'[17:34:08.508 21/01/2026]',9.601775,8.653254,4.124663,5.254837,4.610755E-10,4.610755E-10,2.35531,2.204473
'[17:34:08.516 21/01/2026]',9.601775,8.653254,4.124663,5.254837,4.610755E-10,4.610755E-10,2.35531,2.204473
'[17:34:08.524 21/01/2026]',9.601775,8.653254,4.124663,5.254837,4.610755E-10,4.610755E-10,2.35531,2.204473
'[17:34:08.532 21/01/2026]',9.601775,8.653254,4.124663,5.254837,4.610755E-10,4.610755E-10,2.35531,2.204473
'[17:34:08.540 21/01/2026]',0.9059455,-3.489551,-0.3282329,-2.389143,4.610755E-10,4.610755E-10,-2.651666,-0.9192135
'[17:34:08.548 21/01/2026]',-7.643335,-3.315811,-3.60344,-3.665056,4.610755E-10,4.610755E-10,-0.820805,-2.855006
'[17:34:08.556 21/01/2026]',-7.643335,-3.315811,-3.60344,-3.665056,4.610755E-10,4.610755E-10,-0.820805,-2.855006
'[17:34:08.564 21/01/2026]',-7.643335,-3.315811,-3.60344,-3.665056,4.610755E-10,4.610755E-10,-0.820805,-2.855006
'[17:34:08.572 21/01/2026]',-0.1020941,-1.009335,-0.8911783,0.1142058,4.610755E-10,4.610755E-10,1.806808,3.780566
'[17:34:08.580 21/01/2026]',3.165464,3.260488,1.361282,4.343123,4.610755E-10,4.610755E-10,-1.292497,-3.208154
'[17:34:08.588 21/01/2026]',3.156166,1.004114,4.138077,0.3723885,4.610755E-10,4.610755E-10,0.505105,2.194459
'[17:34:08.596 21/01/2026]',3.156166,1.004114,4.138077,0.3723885,4.610755E-10,4.610755E-10,0.505105,2.194459
'[17:34:08.604 21/01/2026]',3.156166,1.004114,4.138077,0.3723885,4.610755E-10,4.610755E-10,0.505105,2.194459
'[17:34:08.612 21/01/2026]',-1.138251,1.701358,-4.040315,-2.351963,4.610755E-10,4.610755E-10,-1.173438,-1.729125
'[17:34:08.620 21/01/2026]',-1.138251,1.701358,-4.040315,-2.351963,4.610755E-10,4.610755E-10,-1.173438,-1.729125
'[17:34:08.628 21/01/2026]',-0.3507698,16.99275,2.368517,7.547515,4.610755E-10,4.610755E-10,9.826393,8.926424
'[17:34:08.636 21/01/2026]',-2.542878,-31.02416,-2.723254,-11.14135,4.610755E-10,4.610755E-10,-14.81378,-14.09295
'[17:34:08.644 21/01/2026]',-2.542878,-31.02416,-2.723254,-11.14135,4.610755E-10,4.610755E-10,-14.81378,-14.09295
'[17:34:08.652 21/01/2026]',-2.542878,-31.02416,-2.723254,-11.14135,4.610755E-10,4.610755E-10,-14.81378,-14.09295
'[17:34:08.660 21/01/2026]',-1.093274,3.399568,0.09772027,0.9138805,4.610755E-10,4.610755E-10,3.522909,3.166613
'[17:34:08.668 21/01/2026]',-1.093274,3.399568,0.09772027,0.9138805,4.610755E-10,4.610755E-10,3.522909,3.166613
'[17:34:08.676 21/01/2026]',2.009383,11.70374,-0.114324,3.478019,4.610755E-10,4.610755E-10,4.763755,2.265448
'[17:34:08.684 21/01/2026]',2.009383,11.70374,-0.114324,3.478019,4.610755E-10,4.610755E-10,4.763755,2.265448
'[17:34:08.692 21/01/2026]',-4.116011,-4.886328,-3.959879,-5.243134,4.610755E-10,4.610755E-10,-8.932618,-1.991987
'[17:34:08.700 21/01/2026]',-4.116011,-4.886328,-3.959879,-5.243134,4.610755E-10,4.610755E-10,-8.932618,-1.991987
'[17:34:08.708 21/01/2026]',-4.116011,-4.886328,-3.959879,-5.243134,4.610755E-10,4.610755E-10,-8.932618,-1.991987
'[17:34:08.716 21/01/2026]',6.193097,1.777533,8.393996,7.173877,4.610755E-10,4.610755E-10,7.188323,3.870633
'[17:34:08.724 21/01/2026]',-5.478915,-6.680827,-4.56817,-4.373789,4.610755E-10,4.610755E-10,1.52762,-4.257188
'[17:34:08.732 21/01/2026]',-5.478915,-6.680827,-4.56817,-4.373789,4.610755E-10,4.610755E-10,1.52762,-4.257188
'[17:34:08.740 21/01/2026]',-5.478915,-6.680827,-4.56817,-4.373789,4.610755E-10,4.610755E-10,1.52762,-4.257188
'[17:34:08.748 21/01/2026]',2.81716,8.58496,1.546952,2.022621,4.610755E-10,4.610755E-10,-1.119171,5.032299
'[17:34:08.756 21/01/2026]',2.81716,8.58496,1.546952,2.022621,4.610755E-10,4.610755E-10,-1.119171,5.032299
'[17:34:08.764 21/01/2026]',1.803371,-1.203116,-0.07514319,0.313798,4.610755E-10,4.610755E-10,-4.720644,-4.140444
'[17:34:08.772 21/01/2026]',1.803371,-1.203116,-0.07514319,0.313798,4.610755E-10,4.610755E-10,-4.720644,-4.140444
'[17:34:08.780 21/01/2026]',-0.9678866,1.410244,1.156194,0.7978481,4.610755E-10,4.610755E-10,3.848984,-0.7165974
'[17:34:08.788 21/01/2026]',-0.9678866,1.410244,1.156194,0.7978481,4.610755E-10,4.610755E-10,3.848984,-0.7165974
'[17:34:08.796 21/01/2026]',-0.9678866,1.410244,1.156194,0.7978481,4.610755E-10,4.610755E-10,3.848984,-0.7165974
'[17:34:08.804 21/01/2026]',1.431548,-3.431886,2.232957,0.5697292,4.610755E-10,4.610755E-10,5.146363,7.833994
'[17:34:08.812 21/01/2026]',-2.327247,2.278091,-4.170999,-3.712773,4.610755E-10,4.610755E-10,-9.957603,-6.901912
'[17:34:08.820 21/01/2026]',-2.327247,2.278091,-4.170999,-3.712773,4.610755E-10,4.610755E-10,-9.957603,-6.901912
'[17:34:08.828 21/01/2026]',-2.327247,2.278091,-4.170999,-3.712773,4.610755E-10,4.610755E-10,-9.957603,-6.901912
'[17:34:08.836 21/01/2026]',0.5938937,0.3584183,0.8685014,2.963189,4.610755E-10,4.610755E-10,3.866367,-0.8157948
'[17:34:08.844 21/01/2026]',0.5938937,0.3584183,0.8685014,2.963189,4.610755E-10,4.610755E-10,3.866367,-0.8157948
'[17:34:08.852 21/01/2026]',3.77893,0.2892733,5.4664,2.942769,4.610755E-10,4.610755E-10,3.694779,5.056612
'[17:34:08.860 21/01/2026]',3.77893,0.2892733,5.4664,2.942769,4.610755E-10,4.610755E-10,3.694779,5.056612
'[17:34:08.868 21/01/2026]',-7.427239,-5.295254,-6.167664,-6.179148,4.610755E-10,4.610755E-10,-5.976841,-5.957807
'[17:34:08.876 21/01/2026]',-7.427239,-5.295254,-6.167664,-6.179148,4.610755E-10,4.610755E-10,-5.976841,-5.957807
'[17:34:08.884 21/01/2026]',-7.427239,-5.295254,-6.167664,-6.179148,4.610755E-10,4.610755E-10,-5.976841,-5.957807
'[17:34:08.892 21/01/2026]',-4.908986,-18.90221,-4.691884,-7.430429,4.610755E-10,4.610755E-10,-3.097654,-3.118349
'[17:34:08.900 21/01/2026]',-4.908986,-18.90221,-4.691884,-7.430429,4.610755E-10,4.610755E-10,-3.097654,-3.118349
'[17:34:08.908 21/01/2026]',17.2438,39.65806,8.305036,14.44875,4.610755E-10,4.610755E-10,4.518812,5.656001
'[17:34:08.916 21/01/2026]',17.2438,39.65806,8.305036,14.44875,4.610755E-10,4.610755E-10,4.518812,5.656001
'[17:34:08.924 21/01/2026]',-10.15223,-14.64368,-1.456782,-4.399192,4.610755E-10,4.610755E-10,-1.732571,-2.066437
'[17:34:08.932 21/01/2026]',-4.015055,-9.4332,-4.47345,-4.573704,4.610755E-10,4.610755E-10,3.174431,0.5949993
'[17:34:08.940 21/01/2026]',-4.015055,-9.4332,-4.47345,-4.573704,4.610755E-10,4.610755E-10,3.174431,0.5949993
'[17:34:08.948 21/01/2026]',-4.015055,-9.4332,-4.47345,-4.573704,4.610755E-10,4.610755E-10,3.174431,0.5949993
'[17:34:08.956 21/01/2026]',5.452334,7.786819,1.157343,2.708624,4.610755E-10,4.610755E-10,-2.343552,1.850296
'[17:34:08.964 21/01/2026]',5.452334,7.786819,1.157343,2.708624,4.610755E-10,4.610755E-10,-2.343552,1.850296
'[17:34:08.972 21/01/2026]',5.427855,6.72561,7.855659,6.156046,4.610755E-10,4.610755E-10,2.338425,0.9751447
'[17:34:08.980 21/01/2026]',5.427855,6.72561,7.855659,6.156046,4.610755E-10,4.610755E-10,2.338425,0.9751447
'[17:34:08.988 21/01/2026]',-6.650215,-7.612774,-5.285959,-4.868448,4.610755E-10,4.610755E-10,-1.279244,-4.968356
'[17:34:08.996 21/01/2026]',-6.650215,-7.612774,-5.285959,-4.868448,4.610755E-10,4.610755E-10,-1.279244,-4.968356
'[17:34:09.004 21/01/2026]',-4.513559,-3.569382,-6.089755,-5.715022,4.610755E-10,4.610755E-10,-3.376917,1.431862
'[17:34:09.012 21/01/2026]',-4.513559,-3.569382,-6.089755,-5.715022,4.610755E-10,4.610755E-10,-3.376917,1.431862
'[17:34:09.020 21/01/2026]',5.336177,5.496553,6.832485,5.656291,4.610755E-10,4.610755E-10,2.672852,1.227418
'[17:34:09.028 21/01/2026]',5.336177,5.496553,6.832485,5.656291,4.610755E-10,4.610755E-10,2.672852,1.227418
'[17:34:09.036 21/01/2026]',-3.191266,-5.290613,-2.695257,-1.231854,4.610755E-10,4.610755E-10,0.3081603,-1.089902
'[17:34:09.044 21/01/2026]',-3.191266,-5.290613,-2.695257,-1.231854,4.610755E-10,4.610755E-10,0.3081603,-1.089902
'[17:34:09.052 21/01/2026]',-3.191266,-5.290613,-2.695257,-1.231854,4.610755E-10,4.610755E-10,0.3081603,-1.089902
'[17:34:09.060 21/01/2026]',-3.191266,-5.290613,-2.695257,-1.231854,4.610755E-10,4.610755E-10,0.3081603,-1.089902
'[17:34:09.068 21/01/2026]',-3.191266,-5.290613,-2.695257,-1.231854,4.610755E-10,4.610755E-10,0.3081603,-1.089902
'[17:34:09.076 21/01/2026]',8.378709,13.26199,3.381953,4.123602,4.610755E-10,4.610755E-10,-1.164583,1.410321
'[17:34:09.084 21/01/2026]',-7.533966,-8.963154,-3.728031,-5.541393,4.610755E-10,4.610755E-10,-2.614014,-4.465406
'[17:34:09.092 21/01/2026]',1.661615,0.4710005,1.935669,2.963543,4.610755E-10,4.610755E-10,7.97616,7.472097
'[17:34:09.100 21/01/2026]',1.661615,0.4710005,1.935669,2.963543,4.610755E-10,4.610755E-10,7.97616,7.472097
'[17:34:09.108 21/01/2026]',-0.3287494,3.227342,-1.096776,-0.1556437,4.610755E-10,4.610755E-10,-6.954329,-2.684881
'[17:34:09.116 21/01/2026]',-0.3287494,3.227342,-1.096776,-0.1556437,4.610755E-10,4.610755E-10,-6.954329,-2.684881
'[17:34:09.124 21/01/2026]',3.106801,0.05162956,2.16477,0.7731396,4.610755E-10,4.610755E-10,2.388892,-3.231772
'[17:34:09.132 21/01/2026]',3.106801,0.05162956,2.16477,0.7731396,4.610755E-10,4.610755E-10,2.388892,-3.231772
'[17:34:09.140 21/01/2026]',3.106801,0.05162956,2.16477,0.7731396,4.610755E-10,4.610755E-10,2.388892,-3.231772
'[17:34:09.148 21/01/2026]',-4.166344,-0.3655227,-1.653371,-0.6807525,4.610755E-10,4.610755E-10,-0.2054885,2.604186
'[17:34:09.156 21/01/2026]',-1.397917,-3.200666,-1.466761,-1.66149,4.610755E-10,4.610755E-10,0.2384624,-0.5038084
'[17:34:09.164 21/01/2026]',-1.397917,-3.200666,-1.466761,-1.66149,4.610755E-10,4.610755E-10,0.2384624,-0.5038084
'[17:34:09.172 21/01/2026]',5.915758,7.059232,2.999448,2.335766,4.610755E-10,4.610755E-10,-2.143223,-1.25396
'[17:34:09.180 21/01/2026]',5.915758,7.059232,2.999448,2.335766,4.610755E-10,4.610755E-10,-2.143223,-1.25396
'[17:34:09.188 21/01/2026]',5.915758,7.059232,2.999448,2.335766,4.610755E-10,4.610755E-10,-2.143223,-1.25396
'[17:34:09.196 21/01/2026]',-7.975738,3.102651,-4.401956,-0.3785387,4.610755E-10,4.610755E-10,3.012124,3.618148
'[17:34:09.204 21/01/2026]',-7.975738,3.102651,-4.401956,-0.3785387,4.610755E-10,4.610755E-10,3.012124,3.618148
'[17:34:09.212 21/01/2026]',-7.975738,3.102651,-4.401956,-0.3785387,4.610755E-10,4.610755E-10,3.012124,3.618148
'[17:34:09.220 21/01/2026]',9.267119,-12.69681,3.473505,-3.187725,4.610755E-10,4.610755E-10,-2.645981,-4.860912
'[17:34:09.228 21/01/2026]',9.267119,-12.69681,3.473505,-3.187725,4.610755E-10,4.610755E-10,-2.645981,-4.860912
'[17:34:09.236 21/01/2026]',9.267119,-12.69681,3.473505,-3.187725,4.610755E-10,4.610755E-10,-2.645981,-4.860912
'[17:34:09.244 21/01/2026]',9.267119,-12.69681,3.473505,-3.187725,4.610755E-10,4.610755E-10,-2.645981,-4.860912
'[17:34:09.252 21/01/2026]',9.267119,-12.69681,3.473505,-3.187725,4.610755E-10,4.610755E-10,-2.645981,-4.860912
'[17:34:09.260 21/01/2026]',-4.244805,6.311695,-1.121404,1.513834,4.610755E-10,4.610755E-10,-5.282008,-2.737239
'[17:34:09.268 21/01/2026]',-3.115324,-0.9053154,-1.953207,0.4316128,4.610755E-10,4.610755E-10,11.35648,9.557995
'[17:34:09.276 21/01/2026]',1.189655,-1.017934,-0.235955,-2.851336,4.610755E-10,4.610755E-10,-9.920523,-7.010402
'[17:34:09.284 21/01/2026]',-9.069267,-3.768874,-2.043936,-1.929419,4.610755E-10,4.610755E-10,1.358434,-1.053976
'[17:34:09.292 21/01/2026]',-24.76402,-33.94242,-10.10873,-11.54031,4.610755E-10,4.610755E-10,2.369405,1.319075
'[17:34:09.300 21/01/2026]',-24.76402,-33.94242,-10.10873,-11.54031,4.610755E-10,4.610755E-10,2.369405,1.319075
'[17:34:09.308 21/01/2026]',45.47689,24.89458,15.54654,13.79265,4.610755E-10,4.610755E-10,-5.13828,-3.843078
'[17:34:09.316 21/01/2026]',45.47689,24.89458,15.54654,13.79265,4.610755E-10,4.610755E-10,-5.13828,-3.843078
'[17:34:09.324 21/01/2026]',45.47689,24.89458,15.54654,13.79265,4.610755E-10,4.610755E-10,-5.13828,-3.843078
'[17:34:09.332 21/01/2026]',32.44621,57.53808,16.33569,22.62449,4.610755E-10,4.610755E-10,8.361546,9.116426
'[17:34:09.340 21/01/2026]',32.44621,57.53808,16.33569,22.62449,4.610755E-10,4.610755E-10,8.361546,9.116426
'[17:34:09.348 21/01/2026]',-51.39803,-31.33518,-22.69892,-20.39756,4.610755E-10,4.610755E-10,-0.6564624,0.6261756
'[17:34:09.356 21/01/2026]',-51.39803,-31.33518,-22.69892,-20.39756,4.610755E-10,4.610755E-10,-0.6564624,0.6261756
'[17:34:09.364 21/01/2026]',-1.075975,-21.51128,-0.6170374,-5.076802,4.610755E-10,4.610755E-10,-2.462962,-4.178493
'[17:34:09.372 21/01/2026]',-1.075975,-21.51128,-0.6170374,-5.076802,4.610755E-10,4.610755E-10,-2.462962,-4.178493
'[17:34:09.380 21/01/2026]',-1.075975,-21.51128,-0.6170374,-5.076802,4.610755E-10,4.610755E-10,-2.462962,-4.178493
'[17:34:09.388 21/01/2026]',-1.075975,-21.51128,-0.6170374,-5.076802,4.610755E-10,4.610755E-10,-2.462962,-4.178493
'[17:34:09.396 21/01/2026]',20.97723,1.858423,7.856369,6.269258,4.610755E-10,4.610755E-10,-5.330505,-5.981968
'[17:34:09.404 21/01/2026]',20.97723,1.858423,7.856369,6.269258,4.610755E-10,4.610755E-10,-5.330505,-5.981968
'[17:34:09.412 21/01/2026]',-7.597207,11.77927,-0.9919297,0.3336816,4.610755E-10,4.610755E-10,5.863519,5.655365
'[17:34:09.420 21/01/2026]',-7.597207,11.77927,-0.9919297,0.3336816,4.610755E-10,4.610755E-10,5.863519,5.655365
'[17:34:09.428 21/01/2026]',-7.597207,11.77927,-0.9919297,0.3336816,4.610755E-10,4.610755E-10,5.863519,5.655365
'[17:34:09.436 21/01/2026]',-8.824529,-4.146262,-7.527258,-4.827929,4.610755E-10,4.610755E-10,-0.5905016,0.02489176
'[17:34:09.444 21/01/2026]',2.770333,-9.48042,2.525379,0.0782137,4.610755E-10,4.610755E-10,-3.663864,-1.154232
'[17:34:09.452 21/01/2026]',7.158551,9.239625,5.760839,4.337182,4.610755E-10,4.610755E-10,3.408938,-0.3600451
'[17:34:09.460 21/01/2026]',7.158551,9.239625,5.760839,4.337182,4.610755E-10,4.610755E-10,3.408938,-0.3600451
'[17:34:09.468 21/01/2026]',7.158551,9.239625,5.760839,4.337182,4.610755E-10,4.610755E-10,3.408938,-0.3600451
'[17:34:09.476 21/01/2026]',-12.60315,-3.211168,-7.33912,-4.936491,4.610755E-10,4.610755E-10,-2.457752,-0.2032126
'[17:34:09.484 21/01/2026]',-12.60315,-3.211168,-7.33912,-4.936491,4.610755E-10,4.610755E-10,-2.457752,-0.2032126
'[17:34:09.492 21/01/2026]',8.134892,-0.3073682,3.926297,3.42659,4.610755E-10,4.610755E-10,3.232816,2.153002
'[17:34:09.500 21/01/2026]',8.134892,-0.3073682,3.926297,3.42659,4.610755E-10,4.610755E-10,3.232816,2.153002
'[17:34:09.508 21/01/2026]',1.138652,0.8275303,-0.3529176,-0.2016045,4.610755E-10,4.610755E-10,-3.62507,-2.208339
'[17:34:09.516 21/01/2026]',1.138652,0.8275303,-0.3529176,-0.2016045,4.610755E-10,4.610755E-10,-3.62507,-2.208339
'[17:34:09.524 21/01/2026]',1.138652,0.8275303,-0.3529176,-0.2016045,4.610755E-10,4.610755E-10,-3.62507,-2.208339
'[17:34:09.532 21/01/2026]',-3.334782,-0.5790203,1.3393,0.2744206,4.610755E-10,4.610755E-10,4.908895,3.049387
'[17:34:09.540 21/01/2026]',-1.327688,-2.838684,-2.143991,-2.430402,4.610755E-10,4.610755E-10,-3.933177,-1.30259
'[17:34:09.548 21/01/2026]',-1.327688,-2.838684,-2.143991,-2.430402,4.610755E-10,4.610755E-10,-3.933177,-1.30259
'[17:34:09.556 21/01/2026]',-0.1024053,1.14338,-2.574457,-0.8032908,4.610755E-10,4.610755E-10,-2.34849,-4.182715
'[17:34:09.564 21/01/2026]',-0.1024053,1.14338,-2.574457,-0.8032908,4.610755E-10,4.610755E-10,-2.34849,-4.182715
'[17:34:09.572 21/01/2026]',-0.5320864,-8.721946,2.568811,-0.3177585,4.610755E-10,4.610755E-10,4.822982,4.344531
'[17:34:09.580 21/01/2026]',-0.5320864,-8.721946,2.568811,-0.3177585,4.610755E-10,4.610755E-10,4.822982,4.344531
'[17:34:09.588 21/01/2026]',-0.5320864,-8.721946,2.568811,-0.3177585,4.610755E-10,4.610755E-10,4.822982,4.344531
'[17:34:09.596 21/01/2026]',-0.5320864,-8.721946,2.568811,-0.3177585,4.610755E-10,4.610755E-10,4.822982,4.344531
'[17:34:09.604 21/01/2026]',-0.5320864,-8.721946,2.568811,-0.3177585,4.610755E-10,4.610755E-10,4.822982,4.344531
'[17:34:09.612 21/01/2026]',4.272663,11.91673,2.208608,4.379104,4.610755E-10,4.610755E-10,-1.923459,-1.508008
'[17:34:09.620 21/01/2026]',-0.8994105,1.962452,-0.9870434,-0.4618145,4.610755E-10,4.610755E-10,-1.188116,-0.5932677
'[17:34:09.628 21/01/2026]',-7.012513,-8.800011,-5.233046,-4.460096,4.610755E-10,4.610755E-10,3.309604,1.734679
'[17:34:09.636 21/01/2026]',-7.012513,-8.800011,-5.233046,-4.460096,4.610755E-10,4.610755E-10,3.309604,1.734679
'[17:34:09.644 21/01/2026]',5.534295,1.206991,2.540824,0.613459,4.610755E-10,4.610755E-10,-3.433121,0.9319894
'[17:34:09.652 21/01/2026]',5.534295,1.206991,2.540824,0.613459,4.610755E-10,4.610755E-10,-3.433121,0.9319894
'[17:34:09.660 21/01/2026]',5.534295,1.206991,2.540824,0.613459,4.610755E-10,4.610755E-10,-3.433121,0.9319894
'[17:34:09.668 21/01/2026]',2.216193,3.575413,3.968084,4.880172,4.610755E-10,4.610755E-10,0.5700189,-3.88347
'[17:34:09.676 21/01/2026]',-3.407701,6.022672,-4.126877,-0.760875,4.610755E-10,4.610755E-10,2.580414,4.125803
'[17:34:09.684 21/01/2026]',-3.407701,6.022672,-4.126877,-0.760875,4.610755E-10,4.610755E-10,2.580414,4.125803
'[17:34:09.692 21/01/2026]',1.605744,-7.234441,1.308408,-2.378181,4.610755E-10,4.610755E-10,-0.8920807,0.08487345
'[17:34:09.700 21/01/2026]',1.605744,-7.234441,1.308408,-2.378181,4.610755E-10,4.610755E-10,-0.8920807,0.08487345
'[17:34:09.708 21/01/2026]',1.605744,-7.234441,1.308408,-2.378181,4.610755E-10,4.610755E-10,-0.8920807,0.08487345
'[17:34:09.716 21/01/2026]',-1.296445,-2.252084,-1.420226,-0.9044945,4.610755E-10,4.610755E-10,-0.8853011,-2.65782
'[17:34:09.724 21/01/2026]',-1.296445,-2.252084,-1.420226,-0.9044945,4.610755E-10,4.610755E-10,-0.8853011,-2.65782
'[17:34:09.732 21/01/2026]',-0.269139,3.410018,0.6966271,2.716253,4.610755E-10,4.610755E-10,-2.303942,-0.4322429
'[17:34:09.740 21/01/2026]',-0.269139,3.410018,0.6966271,2.716253,4.610755E-10,4.610755E-10,-2.303942,-0.4322429
'[17:34:09.748 21/01/2026]',5.147197,4.559805,4.2043,2.653945,4.610755E-10,4.610755E-10,7.059137,4.586668
'[17:34:09.756 21/01/2026]',5.147197,4.559805,4.2043,2.653945,4.610755E-10,4.610755E-10,7.059137,4.586668
'[17:34:09.764 21/01/2026]',5.147197,4.559805,4.2043,2.653945,4.610755E-10,4.610755E-10,7.059137,4.586668
'[17:34:09.772 21/01/2026]',-5.473689,-8.101536,-4.128071,-6.966209,4.610755E-10,4.610755E-10,-6.576145,-3.69142
'[17:34:09.780 21/01/2026]',-5.473689,-8.101536,-4.128071,-6.966209,4.610755E-10,4.610755E-10,-6.576145,-3.69142
'[17:34:09.788 21/01/2026]',1.820635,4.133182,0.8399439,4.250346,4.610755E-10,4.610755E-10,1.970826,0.7407894
'[17:34:09.796 21/01/2026]',1.820635,4.133182,0.8399439,4.250346,4.610755E-10,4.610755E-10,1.970826,0.7407894
'[17:34:09.804 21/01/2026]',1.278339,4.034746,1.950145,1.190982,4.610755E-10,4.610755E-10,0.5594335,0.2494835
'[17:34:09.812 21/01/2026]',1.278339,4.034746,1.950145,1.190982,4.610755E-10,4.610755E-10,0.5594335,0.2494835
'[17:34:09.820 21/01/2026]',1.278339,4.034746,1.950145,1.190982,4.610755E-10,4.610755E-10,0.5594335,0.2494835
'[17:34:09.828 21/01/2026]',0.8190148,-3.993381,-1.965752,-2.369279,4.610755E-10,4.610755E-10,-1.143061,0.1778632
'[17:34:09.836 21/01/2026]',-0.1661281,2.13409,3.204827,2.774475,4.610755E-10,4.610755E-10,1.959672,0.5463549
'[17:34:09.844 21/01/2026]',-0.1661281,2.13409,3.204827,2.774475,4.610755E-10,4.610755E-10,1.959672,0.5463549
'[17:34:09.852 21/01/2026]',-0.4770886,0.727036,-3.809024,-2.775015,4.610755E-10,4.610755E-10,-1.872134,-1.29709
'[17:34:09.860 21/01/2026]',-0.4770886,0.727036,-3.809024,-2.775015,4.610755E-10,4.610755E-10,-1.872134,-1.29709
'[17:34:09.868 21/01/2026]',-5.170959,-2.922908,-0.05452559,-1.141258,4.610755E-10,4.610755E-10,0.9611942,1.097278
'[17:34:09.876 21/01/2026]',-5.170959,-2.922908,-0.05452559,-1.141258,4.610755E-10,4.610755E-10,0.9611942,1.097278
'[17:34:09.884 21/01/2026]',10.73008,1.784961,5.406631,5.984999,4.610755E-10,4.610755E-10,1.0111,-0.06605066
'[17:34:09.892 21/01/2026]',10.73008,1.784961,5.406631,5.984999,4.610755E-10,4.610755E-10,1.0111,-0.06605066
'[17:34:09.900 21/01/2026]',-4.723245,1.355571,-3.772352,-4.283453,4.610755E-10,4.610755E-10,-3.705343,-1.347349
'[17:34:09.908 21/01/2026]',-4.723245,1.355571,-3.772352,-4.283453,4.610755E-10,4.610755E-10,-3.705343,-1.347349
'[17:34:09.916 21/01/2026]',-2.732995,-3.521454,-0.3958745,-1.095594,4.610755E-10,4.610755E-10,4.462874,3.219515
'[17:34:09.924 21/01/2026]',-2.732995,-3.521454,-0.3958745,-1.095594,4.610755E-10,4.610755E-10,4.462874,3.219515
'[17:34:09.932 21/01/2026]',-2.732995,-3.521454,-0.3958745,-1.095594,4.610755E-10,4.610755E-10,4.462874,3.219515
'[17:34:09.940 21/01/2026]',-2.732995,-3.521454,-0.3958745,-1.095594,4.610755E-10,4.610755E-10,4.462874,3.219515
'[17:34:09.948 21/01/2026]',-2.732995,-3.521454,-0.3958745,-1.095594,4.610755E-10,4.610755E-10,4.462874,3.219515
'[17:34:09.956 21/01/2026]',2.598175,2.280646,2.391956,3.076257,4.610755E-10,4.610755E-10,-2.434355,-1.499467
'[17:34:09.964 21/01/2026]',-0.3551926,-0.3467663,-1.635587,0.09261517,4.610755E-10,4.610755E-10,-1.88274,-3.112545
'[17:34:09.972 21/01/2026]',-1.172171,2.657796,-0.3842143,-1.10386,4.610755E-10,4.610755E-10,7.406585,8.245335
'[17:34:09.980 21/01/2026]',-2.479893,-8.083463,-2.28466,-4.410999,4.610755E-10,4.610755E-10,-6.260118,-6.548481
'[17:34:09.988 21/01/2026]',-2.479893,-8.083463,-2.28466,-4.410999,4.610755E-10,4.610755E-10,-6.260118,-6.548481
'[17:34:09.996 21/01/2026]',5.333313,3.946091,3.291774,5.627494,4.610755E-10,4.610755E-10,-0.7691154,-0.6001863
'[17:34:10.004 21/01/2026]',5.333313,3.946091,3.291774,5.627494,4.610755E-10,4.610755E-10,-0.7691154,-0.6001863
'[17:34:10.012 21/01/2026]',-0.7829336,2.703523,1.837554,1.756149,4.610755E-10,4.610755E-10,6.558906,4.958056
'[17:34:10.020 21/01/2026]',-0.7829336,2.703523,1.837554,1.756149,4.610755E-10,4.610755E-10,6.558906,4.958056
'[17:34:10.028 21/01/2026]',-3.870869,-1.968031,-4.843788,-4.241208,4.610755E-10,4.610755E-10,-2.880315,-1.37185
'[17:34:10.036 21/01/2026]',-3.870869,-1.968031,-4.843788,-4.241208,4.610755E-10,4.610755E-10,-2.880315,-1.37185
'[17:34:10.044 21/01/2026]',3.928763,-2.213398,2.994788,1.566885,4.610755E-10,4.610755E-10,-2.590709,-3.455765
'[17:34:10.052 21/01/2026]',3.928763,-2.213398,2.994788,1.566885,4.610755E-10,4.610755E-10,-2.590709,-3.455765
'[17:34:10.060 21/01/2026]',-0.8111765,4.460564,0.1977819,0.453764,4.610755E-10,4.610755E-10,2.884484,4.125977
'[17:34:10.068 21/01/2026]',-0.8111765,4.460564,0.1977819,0.453764,4.610755E-10,4.610755E-10,2.884484,4.125977
'[17:34:10.076 21/01/2026]',-1.851014,-3.753749,-2.087675,-1.864667,4.610755E-10,4.610755E-10,-3.769083,-3.936836
'[17:34:10.084 21/01/2026]',-1.851014,-3.753749,-2.087675,-1.864667,4.610755E-10,4.610755E-10,-3.769083,-3.936836
'[17:34:10.092 21/01/2026]',-0.7238988,-0.7112323,-0.4144998,0.6730847,4.610755E-10,4.610755E-10,1.62015,0.9301716
'[17:34:10.100 21/01/2026]',-0.7238988,-0.7112323,-0.4144998,0.6730847,4.610755E-10,4.610755E-10,1.62015,0.9301716
'[17:34:10.108 21/01/2026]',-0.7238988,-0.7112323,-0.4144998,0.6730847,4.610755E-10,4.610755E-10,1.62015,0.9301716
'[17:34:10.116 21/01/2026]',-0.7238988,-0.7112323,-0.4144998,0.6730847,4.610755E-10,4.610755E-10,1.62015,0.9301716
'[17:34:10.124 21/01/2026]',6.032145,2.704787,5.382083,2.487344,4.610755E-10,4.610755E-10,3.97463,3.444027
'[17:34:10.132 21/01/2026]',-5.215754,-1.204003,-6.210042,-2.556157,4.610755E-10,4.610755E-10,-4.207934,-4.138937
'[17:34:10.140 21/01/2026]',2.890026,2.902879,3.496933,1.905248,4.610755E-10,4.610755E-10,-0.002464255,3.1782
'[17:34:10.148 21/01/2026]',0.3789119,-4.577886,0.3411421,-0.1063374,4.610755E-10,4.610755E-10,2.425827,-0.4187348
'[17:34:10.156 21/01/2026]',-0.8573195,5.682978,-1.991629,1.132998,4.610755E-10,4.610755E-10,0.7133831,-0.513608
'[17:34:10.164 21/01/2026]',-0.8573195,5.682978,-1.991629,1.132998,4.610755E-10,4.610755E-10,0.7133831,-0.513608
'[17:34:10.172 21/01/2026]',-0.8573195,5.682978,-1.991629,1.132998,4.610755E-10,4.610755E-10,0.7133831,-0.513608
'[17:34:10.180 21/01/2026]',-1.561756,-3.739293,-0.2282329,-1.51003,4.610755E-10,4.610755E-10,-1.917763,-0.1920441
'[17:34:10.188 21/01/2026]',2.590023,0.7797096,0.6837309,1.070711,4.610755E-10,4.610755E-10,0.6888738,2.442873
'[17:34:10.196 21/01/2026]',2.590023,0.7797096,0.6837309,1.070711,4.610755E-10,4.610755E-10,0.6888738,2.442873
'[17:34:10.204 21/01/2026]',1.530514,1.501556,1.666018,1.14791,4.610755E-10,4.610755E-10,-3.091025,-6.081226
'[17:34:10.212 21/01/2026]',-7.169363,-6.855017,-7.390218,-6.441658,4.610755E-10,4.610755E-10,0.743212,2.085319
'[17:34:10.220 21/01/2026]',-7.169363,-6.855017,-7.390218,-6.441658,4.610755E-10,4.610755E-10,0.743212,2.085319
'[17:34:10.228 21/01/2026]',-7.169363,-6.855017,-7.390218,-6.441658,4.610755E-10,4.610755E-10,0.743212,2.085319
'[17:34:10.236 21/01/2026]',4.440513,6.713788,4.980832,4.506387,4.610755E-10,4.610755E-10,5.49637,6.548722
'[17:34:10.244 21/01/2026]',4.440513,6.713788,4.980832,4.506387,4.610755E-10,4.610755E-10,5.49637,6.548722
'[17:34:10.252 21/01/2026]',4.440513,6.713788,4.980832,4.506387,4.610755E-10,4.610755E-10,5.49637,6.548722
'[17:34:10.260 21/01/2026]',-1.14299,-3.906345,-0.3395357,-0.8975503,4.610755E-10,4.610755E-10,-4.858121,-7.504538
'[17:34:10.268 21/01/2026]',1.116057,1.76256,-1.368765,-0.2668057,4.610755E-10,4.610755E-10,-4.951535,-2.051542
'[17:34:10.276 21/01/2026]',0.5473838,18.96432,2.723478,8.107994,4.610755E-10,4.610755E-10,12.90619,11.64223
'[17:34:10.284 21/01/2026]',0.5473838,18.96432,2.723478,8.107994,4.610755E-10,4.610755E-10,12.90619,11.64223
'[17:34:10.292 21/01/2026]',-0.6205528,-25.81907,-1.701868,-10.16293,4.610755E-10,4.610755E-10,-8.4435,-9.639562
'[17:34:10.300 21/01/2026]',-0.6205528,-25.81907,-1.701868,-10.16293,4.610755E-10,4.610755E-10,-8.4435,-9.639562
'[17:34:10.308 21/01/2026]',-0.6205528,-25.81907,-1.701868,-10.16293,4.610755E-10,4.610755E-10,-8.4435,-9.639562
'[17:34:10.316 21/01/2026]',-0.6205528,-25.81907,-1.701868,-10.16293,4.610755E-10,4.610755E-10,-8.4435,-9.639562
'[17:34:10.324 21/01/2026]',-0.6205528,-25.81907,-1.701868,-10.16293,4.610755E-10,4.610755E-10,-8.4435,-9.639562
'[17:34:10.332 21/01/2026]',-2.354493,-1.250501,-0.9762393,-0.6705425,4.610755E-10,4.610755E-10,-4.458514,-3.426769
'[17:34:10.340 21/01/2026]',3.073857,9.401912,-0.340129,2.960427,4.610755E-10,4.610755E-10,6.788751,6.330833
'[17:34:10.348 21/01/2026]',3.073857,9.401912,-0.340129,2.960427,4.610755E-10,4.610755E-10,6.788751,6.330833
'[17:34:10.356 21/01/2026]',-4.740126,-3.431563,-0.8390026,-1.783275,4.610755E-10,4.610755E-10,-2.256252,-2.533344
'[17:34:10.364 21/01/2026]',4.174206,-0.02574839,3.879542,1.890739,4.610755E-10,4.610755E-10,-2.609452,-0.1091164
'[17:34:10.372 21/01/2026]',4.174206,-0.02574839,3.879542,1.890739,4.610755E-10,4.610755E-10,-2.609452,-0.1091164
'[17:34:10.380 21/01/2026]',4.174206,-0.02574839,3.879542,1.890739,4.610755E-10,4.610755E-10,-2.609452,-0.1091164
'[17:34:10.388 21/01/2026]',4.174206,-0.02574839,3.879542,1.890739,4.610755E-10,4.610755E-10,-2.609452,-0.1091164
'[17:34:10.396 21/01/2026]',-0.2760366,-1.018646,-1.250217,-0.8832325,4.610755E-10,4.610755E-10,2.790921,0.4281144
'[17:34:10.404 21/01/2026]',-0.2760366,-1.018646,-1.250217,-0.8832325,4.610755E-10,4.610755E-10,2.790921,0.4281144
'[17:34:10.412 21/01/2026]',0.04717907,6.139615,-1.328252,2.278609,4.610755E-10,4.610755E-10,2.616511,2.563012
'[17:34:10.420 21/01/2026]',0.04717907,6.139615,-1.328252,2.278609,4.610755E-10,4.610755E-10,2.616511,2.563012
'[17:34:10.428 21/01/2026]',0.04717907,6.139615,-1.328252,2.278609,4.610755E-10,4.610755E-10,2.616511,2.563012
'[17:34:10.436 21/01/2026]',-3.291633,-8.120148,-1.268055,-3.330152,4.610755E-10,4.610755E-10,-2.594342,-1.467291
'[17:34:10.444 21/01/2026]',4.067728,5.640819,2.98163,3.371088,4.610755E-10,4.610755E-10,0.6536254,-0.8243247
'[17:34:10.452 21/01/2026]',5.027723,2.06278,3.166408,1.325678,4.610755E-10,4.610755E-10,-0.7159873,0.9251533
'[17:34:10.460 21/01/2026]',5.027723,2.06278,3.166408,1.325678,4.610755E-10,4.610755E-10,-0.7159873,0.9251533
'[17:34:10.468 21/01/2026]',5.027723,2.06278,3.166408,1.325678,4.610755E-10,4.610755E-10,-0.7159873,0.9251533
'[17:34:10.476 21/01/2026]',-8.378365,-5.646849,-6.648371,-4.263668,4.610755E-10,4.610755E-10,-0.2925553,-2.085513
'[17:34:10.484 21/01/2026]',-8.378365,-5.646849,-6.648371,-4.263668,4.610755E-10,4.610755E-10,-0.2925553,-2.085513
'[17:34:10.492 21/01/2026]',0.4261178,0.9249421,0.7642525,-1.160157,4.610755E-10,4.610755E-10,-0.1931931,2.374133
'[17:34:10.500 21/01/2026]',4.816812,3.391671,4.909312,4.276956,4.610755E-10,4.610755E-10,0.9061813,-0.3115149
'[17:34:10.508 21/01/2026]',4.816812,3.391671,4.909312,4.276956,4.610755E-10,4.610755E-10,0.9061813,-0.3115149
'[17:34:10.516 21/01/2026]',-2.087504,-2.301598,-1.63053,0.3748755,4.610755E-10,4.610755E-10,0.7867121,-0.5534794
'[17:34:10.524 21/01/2026]',-2.087504,-2.301598,-1.63053,0.3748755,4.610755E-10,4.610755E-10,0.7867121,-0.5534794
'[17:34:10.532 21/01/2026]',-2.087504,-2.301598,-1.63053,0.3748755,4.610755E-10,4.610755E-10,0.7867121,-0.5534794
'[17:34:10.540 21/01/2026]',-0.1455421,-3.737174,-1.582708,-4.321286,4.610755E-10,4.610755E-10,-3.394732,-1.078051
'[17:34:10.548 21/01/2026]',-0.1455421,-3.737174,-1.582708,-4.321286,4.610755E-10,4.610755E-10,-3.394732,-1.078051
'[17:34:10.556 21/01/2026]',-0.5738142,3.779488,-0.05976157,1.948178,4.610755E-10,4.610755E-10,3.300668,1.692016
'[17:34:10.564 21/01/2026]',-0.5738142,3.779488,-0.05976157,1.948178,4.610755E-10,4.610755E-10,3.300668,1.692016
'[17:34:10.572 21/01/2026]',0.2837599,1.443082,2.460977,1.580665,4.610755E-10,4.610755E-10,-2.076416,-0.7805015
'[17:34:10.580 21/01/2026]',0.2837599,1.443082,2.460977,1.580665,4.610755E-10,4.610755E-10,-2.076416,-0.7805015
'[17:34:10.588 21/01/2026]',0.2837599,1.443082,2.460977,1.580665,4.610755E-10,4.610755E-10,-2.076416,-0.7805015
'[17:34:10.596 21/01/2026]',-1.026437,-4.001739,-3.948424,-2.523668,4.610755E-10,4.610755E-10,0.5059172,-0.9693416
'[17:34:10.604 21/01/2026]',-1.026437,-4.001739,-3.948424,-2.523668,4.610755E-10,4.610755E-10,0.5059172,-0.9693416
'[17:34:10.612 21/01/2026]',1.618043,4.278482,2.908727,2.529757,4.610755E-10,4.610755E-10,1.23424,2.499149
'[17:34:10.620 21/01/2026]',1.618043,4.278482,2.908727,2.529757,4.610755E-10,4.610755E-10,1.23424,2.499149
'[17:34:10.628 21/01/2026]',-1.396169,-1.723555,-0.6311304,-1.700515,4.610755E-10,4.610755E-10,-4.717559,-3.096831
'[17:34:10.636 21/01/2026]',-6.016426,-18.14635,-3.178173,-6.194489,4.610755E-10,4.610755E-10,3.163198,-2.035848
'[17:34:10.644 21/01/2026]',-6.016426,-18.14635,-3.178173,-6.194489,4.610755E-10,4.610755E-10,3.163198,-2.035848
'[17:34:10.652 21/01/2026]',-6.016426,-18.14635,-3.178173,-6.194489,4.610755E-10,4.610755E-10,3.163198,-2.035848
'[17:34:10.660 21/01/2026]',-6.016426,-18.14635,-3.178173,-6.194489,4.610755E-10,4.610755E-10,3.163198,-2.035848
'[17:34:10.668 21/01/2026]',4.384207,5.711953,2.453029,4.514806,4.610755E-10,4.610755E-10,0.620129,2.767428
'[17:34:10.676 21/01/2026]',8.022478,32.59399,3.127912,8.052819,4.610755E-10,4.610755E-10,-1.013308,1.958358
'[17:34:10.684 21/01/2026]',8.022478,32.59399,3.127912,8.052819,4.610755E-10,4.610755E-10,-1.013308,1.958358
'[17:34:10.692 21/01/2026]',8.022478,32.59399,3.127912,8.052819,4.610755E-10,4.610755E-10,-1.013308,1.958358
'[17:34:10.700 21/01/2026]',-7.588526,-24.13477,-1.82493,-6.423732,4.610755E-10,4.610755E-10,-0.2627094,-3.323715
'[17:34:10.708 21/01/2026]',-7.588526,-24.13477,-1.82493,-6.423732,4.610755E-10,4.610755E-10,-0.2627094,-3.323715
'[17:34:10.716 21/01/2026]',-1.868296,-3.749733,-2.315036,-2.308822,4.610755E-10,4.610755E-10,2.606065,1.857815
'[17:34:10.724 21/01/2026]',-0.1442203,3.821327,-0.7220468,0.5571453,4.610755E-10,4.610755E-10,-2.927065,2.3504
'[17:34:10.732 21/01/2026]',-0.1442203,3.821327,-0.7220468,0.5571453,4.610755E-10,4.610755E-10,-2.927065,2.3504
'[17:34:10.740 21/01/2026]',-0.1442203,3.821327,-0.7220468,0.5571453,4.610755E-10,4.610755E-10,-2.927065,2.3504
'[17:34:10.748 21/01/2026]',8.153152,10.29558,6.978824,6.355846,4.610755E-10,4.610755E-10,2.080734,-3.828989
'[17:34:10.756 21/01/2026]',8.153152,10.29558,6.978824,6.355846,4.610755E-10,4.610755E-10,2.080734,-3.828989
'[17:34:10.764 21/01/2026]',8.153152,10.29558,6.978824,6.355846,4.610755E-10,4.610755E-10,2.080734,-3.828989
'[17:34:10.772 21/01/2026]',8.153152,10.29558,6.978824,6.355846,4.610755E-10,4.610755E-10,2.080734,-3.828989
'[17:34:10.780 21/01/2026]',8.153152,10.29558,6.978824,6.355846,4.610755E-10,4.610755E-10,2.080734,-3.828989
'[17:34:10.788 21/01/2026]',-6.449112,-7.610775,-5.675237,-4.074749,4.610755E-10,4.610755E-10,1.701415,2.101801
'[17:34:10.796 21/01/2026]',0.8707855,-0.8850099,3.216641,1.414736,4.610755E-10,4.610755E-10,-1.16478,2.300666
'[17:34:10.804 21/01/2026]',0.9824671,2.217264,-2.396953,-2.392928,4.610755E-10,4.610755E-10,-3.788678,-5.79119
'[17:34:10.812 21/01/2026]',0.9025117,1.900885,1.873109,2.446552,4.610755E-10,4.610755E-10,1.847068,2.553996
'[17:34:10.820 21/01/2026]',0.9025117,1.900885,1.873109,2.446552,4.610755E-10,4.610755E-10,1.847068,2.553996
'[17:34:10.828 21/01/2026]',-1.775143,-3.1321,-1.723744,-1.006703,4.610755E-10,4.610755E-10,1.830938,1.768684
'[17:34:10.836 21/01/2026]',-1.775143,-3.1321,-1.723744,-1.006703,4.610755E-10,4.610755E-10,1.830938,1.768684
'[17:34:10.844 21/01/2026]',-1.861195,0.6928597,-3.258954,-2.118351,4.610755E-10,4.610755E-10,-2.742047,-3.246091
'[17:34:10.852 21/01/2026]',2.224267,-2.146706,3.007792,-0.3451761,4.610755E-10,4.610755E-10,-0.7415037,-0.6612176
'[17:34:10.860 21/01/2026]',2.224267,-2.146706,3.007792,-0.3451761,4.610755E-10,4.610755E-10,-0.7415037,-0.6612176
'[17:34:10.868 21/01/2026]',-1.694798,0.8248851,-0.6700296,1.68689,4.610755E-10,4.610755E-10,2.327025,2.427474
'[17:34:10.876 21/01/2026]',-1.694798,0.8248851,-0.6700296,1.68689,4.610755E-10,4.610755E-10,2.327025,2.427474
'[17:34:10.884 21/01/2026]',2.181881,2.729982,0.6843904,0.514077,4.610755E-10,4.610755E-10,-0.56563,-1.776749
'[17:34:10.892 21/01/2026]',2.181881,2.729982,0.6843904,0.514077,4.610755E-10,4.610755E-10,-0.56563,-1.776749
'[17:34:10.900 21/01/2026]',0.00679568,-0.09242938,0.2778943,-0.8416758,4.610755E-10,4.610755E-10,-1.861709,-0.2688349
'[17:34:10.908 21/01/2026]',0.00679568,-0.09242938,0.2778943,-0.8416758,4.610755E-10,4.610755E-10,-1.861709,-0.2688349
'[17:34:10.916 21/01/2026]',0.00679568,-0.09242938,0.2778943,-0.8416758,4.610755E-10,4.610755E-10,-1.861709,-0.2688349
'[17:34:10.924 21/01/2026]',0.00679568,-0.09242938,0.2778943,-0.8416758,4.610755E-10,4.610755E-10,-1.861709,-0.2688349
'[17:34:10.932 21/01/2026]',-1.391429,-1.825857,-1.045833,-0.7532492,4.610755E-10,4.610755E-10,3.976697,4.588903
'[17:34:10.940 21/01/2026]',-0.1266308,0.03479052,-1.522582,-0.2154192,4.610755E-10,4.610755E-10,-4.864965,-6.587623
'[17:34:10.948 21/01/2026]',2.880688,2.813954,5.146476,3.479361,4.610755E-10,4.610755E-10,3.223076,3.518487
'[17:34:10.956 21/01/2026]',2.880688,2.813954,5.146476,3.479361,4.610755E-10,4.610755E-10,3.223076,3.518487
'[17:34:10.964 21/01/2026]',-1.827938,-2.20591,-4.428776,-3.658829,4.610755E-10,4.610755E-10,-0.1683072,0.371069
'[17:34:10.972 21/01/2026]',-10.5362,-8.584502,-1.403776,-2.212369,4.610755E-10,4.610755E-10,-0.1971302,-0.6601912
'[17:34:10.980 21/01/2026]',-10.5362,-8.584502,-1.403776,-2.212369,4.610755E-10,4.610755E-10,-0.1971302,-0.6601912
'[17:34:10.988 21/01/2026]',-32.49642,-24.21135,-17.86742,-15.38611,4.610755E-10,4.610755E-10,-6.403407,-4.954022
'[17:34:10.996 21/01/2026]',-32.49642,-24.21135,-17.86742,-15.38611,4.610755E-10,4.610755E-10,-6.403407,-4.954022
'[17:34:11.004 21/01/2026]',39.17474,27.53489,17.37203,17.07067,4.610755E-10,4.610755E-10,7.077692,5.620718
'[17:34:11.012 21/01/2026]',39.17474,27.53489,17.37203,17.07067,4.610755E-10,4.610755E-10,7.077692,5.620718
'[17:34:11.020 21/01/2026]',39.17474,27.53489,17.37203,17.07067,4.610755E-10,4.610755E-10,7.077692,5.620718
'[17:34:11.028 21/01/2026]',46.88206,41.16346,22.67007,19.5409,4.610755E-10,4.610755E-10,2.05769,1.507296
'[17:34:11.036 21/01/2026]',-34.68827,-23.5398,-16.66318,-13.75747,4.610755E-10,4.610755E-10,-4.790531,-3.841285
'[17:34:11.044 21/01/2026]',-19.47152,-20.95335,-7.568656,-6.661846,4.610755E-10,4.610755E-10,4.530917,4.69656
'[17:34:11.052 21/01/2026]',15.82573,10.27053,7.628838,4.967818,4.610755E-10,4.610755E-10,-3.176001,-4.181413
'[17:34:11.060 21/01/2026]',15.82573,10.27053,7.628838,4.967818,4.610755E-10,4.610755E-10,-3.176001,-4.181413
'[17:34:11.068 21/01/2026]',15.82573,10.27053,7.628838,4.967818,4.610755E-10,4.610755E-10,-3.176001,-4.181413
'[17:34:11.076 21/01/2026]',0.603749,1.930579,-1.992168,-2.023846,4.610755E-10,4.610755E-10,-1.918916,-0.258728
'[17:34:11.084 21/01/2026]',-7.779012,-2.529825,-0.9430396,0.8757727,4.610755E-10,4.610755E-10,5.534145,2.64835
'[17:34:11.092 21/01/2026]',-7.779012,-2.529825,-0.9430396,0.8757727,4.610755E-10,4.610755E-10,5.534145,2.64835
'[17:34:11.100 21/01/2026]',0.08300889,-2.378298,-0.3710073,-0.446968,4.610755E-10,4.610755E-10,-6.085703,-2.207407
'[17:34:11.108 21/01/2026]',0.08300889,-2.378298,-0.3710073,-0.446968,4.610755E-10,4.610755E-10,-6.085703,-2.207407
'[17:34:11.116 21/01/2026]',0.08300889,-2.378298,-0.3710073,-0.446968,4.610755E-10,4.610755E-10,-6.085703,-2.207407
'[17:34:11.124 21/01/2026]',2.499645,-0.8241581,1.672694,-0.247794,4.610755E-10,4.610755E-10,4.859006,2.415627
'[17:34:11.132 21/01/2026]',0.9600965,7.022414,-0.5603025,1.346222,4.610755E-10,4.610755E-10,-1.05689,-0.3368472
'[17:34:11.140 21/01/2026]',0.9600965,7.022414,-0.5603025,1.346222,4.610755E-10,4.610755E-10,-1.05689,-0.3368472
'[17:34:11.148 21/01/2026]',-3.38114,-7.375484,-1.961351,-3.559543,4.610755E-10,4.610755E-10,-2.760461,-2.533117
'[17:34:11.156 21/01/2026]',-3.38114,-7.375484,-1.961351,-3.559543,4.610755E-10,4.610755E-10,-2.760461,-2.533117
'[17:34:11.164 21/01/2026]',-3.38114,-7.375484,-1.961351,-3.559543,4.610755E-10,4.610755E-10,-2.760461,-2.533117
'[17:34:11.172 21/01/2026]',2.087973,3.132602,4.033298,4.494544,4.610755E-10,4.610755E-10,2.59619,2.71155
'[17:34:11.180 21/01/2026]',2.087973,3.132602,4.033298,4.494544,4.610755E-10,4.610755E-10,2.59619,2.71155
'[17:34:11.188 21/01/2026]',-1.282199,-2.734741,-4.874851,-5.144053,4.610755E-10,4.610755E-10,-2.603874,-2.986931
'[17:34:11.196 21/01/2026]',-1.282199,-2.734741,-4.874851,-5.144053,4.610755E-10,4.610755E-10,-2.603874,-2.986931
'[17:34:11.204 21/01/2026]',-1.744816,-1.058531,2.42701,1.424945,4.610755E-10,4.610755E-10,2.033857,1.471971
'[17:34:11.212 21/01/2026]',-1.744816,-1.058531,2.42701,1.424945,4.610755E-10,4.610755E-10,2.033857,1.471971
'[17:34:11.220 21/01/2026]',-1.744816,-1.058531,2.42701,1.424945,4.610755E-10,4.610755E-10,2.033857,1.471971
'[17:34:11.228 21/01/2026]',3.786422,2.148271,0.174415,2.533363,4.610755E-10,4.610755E-10,0.3632256,1.122614
'[17:34:11.236 21/01/2026]',3.786422,2.148271,0.174415,2.533363,4.610755E-10,4.610755E-10,0.3632256,1.122614
'[17:34:11.244 21/01/2026]',3.786422,2.148271,0.174415,2.533363,4.610755E-10,4.610755E-10,0.3632256,1.122614
'[17:34:11.252 21/01/2026]',3.786422,2.148271,0.174415,2.533363,4.610755E-10,4.610755E-10,0.3632256,1.122614
'[17:34:11.260 21/01/2026]',-2.534251,-1.845067,-1.30614,-3.709649,4.610755E-10,4.610755E-10,-0.6098837,-0.006082971
'[17:34:11.268 21/01/2026]',-2.534251,-1.845067,-1.30614,-3.709649,4.610755E-10,4.610755E-10,-0.6098837,-0.006082971
'[17:34:11.276 21/01/2026]',-2.534251,-1.845067,-1.30614,-3.709649,4.610755E-10,4.610755E-10,-0.6098837,-0.006082971
'[17:34:11.284 21/01/2026]',1.071934,-1.169966,1.107532,1.208811,4.610755E-10,4.610755E-10,-1.226141,-3.199348
'[17:34:11.292 21/01/2026]',-0.7784826,1.704642,-1.108828,-0.1140786,4.610755E-10,4.610755E-10,-0.8439179,1.448875
'[17:34:11.300 21/01/2026]',-0.3199054,0.6085044,-0.2601321,0.8769518,4.610755E-10,4.610755E-10,4.009974,2.929394
'[17:34:11.308 21/01/2026]',-0.3199054,0.6085044,-0.2601321,0.8769518,4.610755E-10,4.610755E-10,4.009974,2.929394
'[17:34:11.316 21/01/2026]',1.140416,-3.911279,1.269251,-0.745464,4.610755E-10,4.610755E-10,-2.230842,-3.94008
'[17:34:11.324 21/01/2026]',1.727825,5.480235,1.94294,1.925903,4.610755E-10,4.610755E-10,-1.31533,1.502619
'[17:34:11.332 21/01/2026]',1.727825,5.480235,1.94294,1.925903,4.610755E-10,4.610755E-10,-1.31533,1.502619
'[17:34:11.340 21/01/2026]',1.727825,5.480235,1.94294,1.925903,4.610755E-10,4.610755E-10,-1.31533,1.502619
'[17:34:11.348 21/01/2026]',-6.419711,-8.788005,-6.69498,-6.401858,4.610755E-10,4.610755E-10,-1.796911,-2.891157
'[17:34:11.356 21/01/2026]',-6.419711,-8.788005,-6.69498,-6.401858,4.610755E-10,4.610755E-10,-1.796911,-2.891157
'[17:34:11.364 21/01/2026]',6.74091,11.94647,5.376232,5.707695,4.610755E-10,4.610755E-10,3.844749,3.065277
'[17:34:11.372 21/01/2026]',6.74091,11.94647,5.376232,5.707695,4.610755E-10,4.610755E-10,3.844749,3.065277
'[17:34:11.380 21/01/2026]',-2.451894,-5.040639,0.9469638,0.7695411,4.610755E-10,4.610755E-10,0.08208485,0.2733798
'[17:34:11.388 21/01/2026]',-2.451894,-5.040639,0.9469638,0.7695411,4.610755E-10,4.610755E-10,0.08208485,0.2733798
'[17:34:11.396 21/01/2026]',-2.451894,-5.040639,0.9469638,0.7695411,4.610755E-10,4.610755E-10,0.08208485,0.2733798
'[17:34:11.404 21/01/2026]',0.5891812,-2.657971,-2.335104,-1.142238,4.610755E-10,4.610755E-10,0.8526677,0.9535238
'[17:34:11.412 21/01/2026]',-4.841691,2.845772,-3.040084,-3.544617,4.610755E-10,4.610755E-10,-5.24861,-2.849331
'[17:34:11.420 21/01/2026]',-4.841691,2.845772,-3.040084,-3.544617,4.610755E-10,4.610755E-10,-5.24861,-2.849331
'[17:34:11.428 21/01/2026]',-4.841691,2.845772,-3.040084,-3.544617,4.610755E-10,4.610755E-10,-5.24861,-2.849331
'[17:34:11.436 21/01/2026]',-4.841691,2.845772,-3.040084,-3.544617,4.610755E-10,4.610755E-10,-5.24861,-2.849331
'[17:34:11.444 21/01/2026]',5.533319,-0.08280087,2.950105,2.767591,4.610755E-10,4.610755E-10,4.300302,-0.6613357
'[17:34:11.452 21/01/2026]',-2.488163,-1.165257,0.1361142,-0.05608898,4.610755E-10,4.610755E-10,0.7910454,4.460966
'[17:34:11.460 21/01/2026]',-2.488163,-1.165257,0.1361142,-0.05608898,4.610755E-10,4.610755E-10,0.7910454,4.460966
'[17:34:11.468 21/01/2026]',-0.3240872,2.910647,0.9448037,1.734677,4.610755E-10,4.610755E-10,-4.828489,-4.838021
'[17:34:11.476 21/01/2026]',-0.3240872,2.910647,0.9448037,1.734677,4.610755E-10,4.610755E-10,-4.828489,-4.838021
'[17:34:11.484 21/01/2026]',1.491876,-1.665397,-1.530261,-2.087492,4.610755E-10,4.610755E-10,3.033269,1.162234
'[17:34:11.492 21/01/2026]',1.491876,-1.665397,-1.530261,-2.087492,4.610755E-10,4.610755E-10,3.033269,1.162234
'[17:34:11.500 21/01/2026]',1.491876,-1.665397,-1.530261,-2.087492,4.610755E-10,4.610755E-10,3.033269,1.162234
'[17:34:11.508 21/01/2026]',0.6492411,0.872052,2.208331,2.248728,4.610755E-10,4.610755E-10,2.899377,3.465914
'[17:34:11.516 21/01/2026]',0.6492411,0.872052,2.208331,2.248728,4.610755E-10,4.610755E-10,2.899377,3.465914
'[17:34:11.524 21/01/2026]',6.789538,10.87692,4.382761,5.768317,4.610755E-10,4.610755E-10,1.064927,1.946844
'[17:34:11.532 21/01/2026]',-8.058342,-13.94252,-4.946934,-8.375066,4.610755E-10,4.610755E-10,-5.25848,-5.339879
'[17:34:11.540 21/01/2026]',-8.058342,-13.94252,-4.946934,-8.375066,4.610755E-10,4.610755E-10,-5.25848,-5.339879
'[17:34:11.548 21/01/2026]',-8.058342,-13.94252,-4.946934,-8.375066,4.610755E-10,4.610755E-10,-5.25848,-5.339879
'[17:34:11.556 21/01/2026]',-8.058342,-13.94252,-4.946934,-8.375066,4.610755E-10,4.610755E-10,-5.25848,-5.339879
'[17:34:11.564 21/01/2026]',-3.793467,0.02638043,-2.305367,-0.6391466,4.610755E-10,4.610755E-10,-1.357421,-1.919591
'[17:34:11.572 21/01/2026]',5.761396,6.202744,3.680591,4.713235,4.610755E-10,4.610755E-10,7.560148,6.103747
'[17:34:11.580 21/01/2026]',5.761396,6.202744,3.680591,4.713235,4.610755E-10,4.610755E-10,7.560148,6.103747
'[17:34:11.588 21/01/2026]',5.761396,6.202744,3.680591,4.713235,4.610755E-10,4.610755E-10,7.560148,6.103747
'[17:34:11.596 21/01/2026]',5.761396,6.202744,3.680591,4.713235,4.610755E-10,4.610755E-10,7.560148,6.103747
'[17:34:11.604 21/01/2026]',3.902602,0.5156147,2.18471,0.4407166,4.610755E-10,4.610755E-10,-3.841143,-0.9990293
'[17:34:11.612 21/01/2026]',-7.440977,-4.070996,-5.58124,-4.357633,4.610755E-10,4.610755E-10,-7.608878,-7.58044
'[17:34:11.620 21/01/2026]',-7.095746,-7.907887,-1.538857,-2.227155,4.610755E-10,4.610755E-10,11.65508,7.648516
'[17:34:11.628 21/01/2026]',-7.095746,-7.907887,-1.538857,-2.227155,4.610755E-10,4.610755E-10,11.65508,7.648516
'[17:34:11.636 21/01/2026]',-7.095746,-7.907887,-1.538857,-2.227155,4.610755E-10,4.610755E-10,11.65508,7.648516
'[17:34:11.644 21/01/2026]',16.26028,15.57231,9.582828,10.56623,4.610755E-10,4.610755E-10,-0.6428599,1.31006
'[17:34:11.652 21/01/2026]',16.26028,15.57231,9.582828,10.56623,4.610755E-10,4.610755E-10,-0.6428599,1.31006
'[17:34:11.660 21/01/2026]',3.083779,6.618321,-2.333993,-0.07387581,4.610755E-10,4.610755E-10,-4.616545,-3.548851
'[17:34:11.668 21/01/2026]',3.083779,6.618321,-2.333993,-0.07387581,4.610755E-10,4.610755E-10,-4.616545,-3.548851
'[17:34:11.676 21/01/2026]',-14.67636,-16.07659,-7.008614,-9.987322,4.610755E-10,4.610755E-10,1.867897,-0.2434324
'[17:34:11.684 21/01/2026]',-14.67636,-16.07659,-7.008614,-9.987322,4.610755E-10,4.610755E-10,1.867897,-0.2434324
'[17:34:11.692 21/01/2026]',2.791053,-3.628759,1.649571,0.09404949,4.610755E-10,4.610755E-10,-4.382037,0.3937166
'[17:34:11.700 21/01/2026]',2.791053,-3.628759,1.649571,0.09404949,4.610755E-10,4.610755E-10,-4.382037,0.3937166
'[17:34:11.708 21/01/2026]',8.511151,18.60876,6.795078,12.90511,4.610755E-10,4.610755E-10,6.707401,3.480007
'[17:34:11.716 21/01/2026]',8.511151,18.60876,6.795078,12.90511,4.610755E-10,4.610755E-10,6.707401,3.480007
'[17:34:11.724 21/01/2026]',8.511151,18.60876,6.795078,12.90511,4.610755E-10,4.610755E-10,6.707401,3.480007
'[17:34:11.732 21/01/2026]',-5.08066,-8.00344,-6.464569,-8.790052,4.610755E-10,4.610755E-10,-1.220718,-4.132882
'[17:34:11.740 21/01/2026]',-9.149401,-15.91331,-4.271785,-7.688226,4.610755E-10,4.610755E-10,-8.605597,-4.150891
'[17:34:11.748 21/01/2026]',-9.149401,-15.91331,-4.271785,-7.688226,4.610755E-10,4.610755E-10,-8.605597,-4.150891
'[17:34:11.756 21/01/2026]',-9.149401,-15.91331,-4.271785,-7.688226,4.610755E-10,4.610755E-10,-8.605597,-4.150891
'[17:34:11.764 21/01/2026]',-9.149401,-15.91331,-4.271785,-7.688226,4.610755E-10,4.610755E-10,-8.605597,-4.150891
'[17:34:11.772 21/01/2026]',-9.149401,-15.91331,-4.271785,-7.688226,4.610755E-10,4.610755E-10,-8.605597,-4.150891
'[17:34:11.780 21/01/2026]',13.79446,21.69163,9.00207,13.53621,4.610755E-10,4.610755E-10,12.46892,9.462587
'[17:34:11.788 21/01/2026]',-5.974698,-6.187644,-4.495642,-5.756163,4.610755E-10,4.610755E-10,-6.47644,-5.47091
'[17:34:11.796 21/01/2026]',-1.155399,-5.080583,-0.236628,-1.102534,4.610755E-10,4.610755E-10,-2.413484,-0.5458514
'[17:34:11.804 21/01/2026]',-1.155399,-5.080583,-0.236628,-1.102534,4.610755E-10,4.610755E-10,-2.413484,-0.5458514
'[17:34:11.812 21/01/2026]',-1.155399,-5.080583,-0.236628,-1.102534,4.610755E-10,4.610755E-10,-2.413484,-0.5458514
'[17:34:11.820 21/01/2026]',1.106552,3.60543,1.837791,1.188365,4.610755E-10,4.610755E-10,5.249802,2.344308
'[17:34:11.828 21/01/2026]',1.330686,0.09438417,-0.06450437,1.403581,4.610755E-10,4.610755E-10,0.6747956,1.300839
'[17:34:11.836 21/01/2026]',1.330686,0.09438417,-0.06450437,1.403581,4.610755E-10,4.610755E-10,0.6747956,1.300839
'[17:34:11.844 21/01/2026]',0.721619,3.19578,-0.518476,0.3931962,4.610755E-10,4.610755E-10,-2.183395,-1.726409
'[17:34:11.852 21/01/2026]',0.721619,3.19578,-0.518476,0.3931962,4.610755E-10,4.610755E-10,-2.183395,-1.726409
'[17:34:11.860 21/01/2026]',0.721619,3.19578,-0.518476,0.3931962,4.610755E-10,4.610755E-10,-2.183395,-1.726409
'[17:34:11.868 21/01/2026]',-1.473993,1.256864,0.6783712,0.8755903,4.610755E-10,4.610755E-10,-0.1526816,1.116996
'[17:34:11.876 21/01/2026]',-1.473993,1.256864,0.6783712,0.8755903,4.610755E-10,4.610755E-10,-0.1526816,1.116996
'[17:34:11.884 21/01/2026]',-0.1668424,-7.750835,0.03161082,-2.317984,4.610755E-10,4.610755E-10,-1.70944,-3.393308
'[17:34:11.892 21/01/2026]',-0.1856202,3.562662,-2.202379,0.4487952,4.610755E-10,4.610755E-10,3.922335,3.104685
'[17:34:11.900 21/01/2026]',-0.1856202,3.562662,-2.202379,0.4487952,4.610755E-10,4.610755E-10,3.922335,3.104685
'[17:34:11.908 21/01/2026]',-0.1856202,3.562662,-2.202379,0.4487952,4.610755E-10,4.610755E-10,3.922335,3.104685
'[17:34:11.916 21/01/2026]',-0.1260149,-2.658138,2.855667,-0.6624186,4.610755E-10,4.610755E-10,-2.399513,-0.8343458
'[17:34:11.924 21/01/2026]',-0.1260149,-2.658138,2.855667,-0.6624186,4.610755E-10,4.610755E-10,-2.399513,-0.8343458
'[17:34:11.932 21/01/2026]',-0.1260149,-2.658138,2.855667,-0.6624186,4.610755E-10,4.610755E-10,-2.399513,-0.8343458
'[17:34:11.940 21/01/2026]',1.4451,8.638749,-0.9885896,3.311703,4.610755E-10,4.610755E-10,0.2162633,1.108487
'[17:34:11.948 21/01/2026]',1.4451,8.638749,-0.9885896,3.311703,4.610755E-10,4.610755E-10,0.2162633,1.108487
'[17:34:11.956 21/01/2026]',1.4451,8.638749,-0.9885896,3.311703,4.610755E-10,4.610755E-10,0.2162633,1.108487
'[17:34:11.964 21/01/2026]',2.419386,1.951153,2.625636,0.6156443,4.610755E-10,4.610755E-10,2.385344,0.1823093
'[17:34:11.972 21/01/2026]',-1.876685,-10.09951,-2.058984,-2.007825,4.610755E-10,4.610755E-10,-0.2287984,0.6106772
'[17:34:11.980 21/01/2026]',-1.876685,-10.09951,-2.058984,-2.007825,4.610755E-10,4.610755E-10,-0.2287984,0.6106772
'[17:34:11.988 21/01/2026]',-2.875922,3.336285,-1.691607,-0.8801278,4.610755E-10,4.610755E-10,-3.196009,-1.967013
'[17:34:11.996 21/01/2026]',-2.875922,3.336285,-1.691607,-0.8801278,4.610755E-10,4.610755E-10,-3.196009,-1.967013
'[17:34:12.004 21/01/2026]',1.057742,0.9718524,0.644731,0.6307019,4.610755E-10,4.610755E-10,1.343654,-0.7640996
'[17:34:12.012 21/01/2026]',1.057742,0.9718524,0.644731,0.6307019,4.610755E-10,4.610755E-10,1.343654,-0.7640996
'[17:34:12.020 21/01/2026]',0.07817207,0.6563289,-1.591502,-1.203463,4.610755E-10,4.610755E-10,0.5988322,2.561229
'[17:34:12.028 21/01/2026]',0.07817207,0.6563289,-1.591502,-1.203463,4.610755E-10,4.610755E-10,0.5988322,2.561229
'[17:34:12.036 21/01/2026]',-2.143087,-9.563751,2.059076,-2.333189,4.610755E-10,4.610755E-10,-1.118126,-2.17128
'[17:34:12.044 21/01/2026]',-2.143087,-9.563751,2.059076,-2.333189,4.610755E-10,4.610755E-10,-1.118126,-2.17128
'[17:34:12.052 21/01/2026]',4.52921,11.79228,2.38673,7.790724,4.610755E-10,4.610755E-10,3.16172,1.886119
'[17:34:12.060 21/01/2026]',4.52921,11.79228,2.38673,7.790724,4.610755E-10,4.610755E-10,3.16172,1.886119
'[17:34:12.068 21/01/2026]',-3.22466,0.5417977,-5.885437,-6.336971,4.610755E-10,4.610755E-10,-2.530394,-0.7515057
'[17:34:12.076 21/01/2026]',-3.22466,0.5417977,-5.885437,-6.336971,4.610755E-10,4.610755E-10,-2.530394,-0.7515057
'[17:34:12.084 21/01/2026]',-3.22466,0.5417977,-5.885437,-6.336971,4.610755E-10,4.610755E-10,-2.530394,-0.7515057
'[17:34:12.092 21/01/2026]',5.186424,-8.015253,8.493915,2.77787,4.610755E-10,4.610755E-10,-2.101058,-2.222564
'[17:34:12.100 21/01/2026]',5.186424,-8.015253,8.493915,2.77787,4.610755E-10,4.610755E-10,-2.101058,-2.222564
'[17:34:12.108 21/01/2026]',-3.730602,0.1729415,-4.322062,-0.9680757,4.610755E-10,4.610755E-10,4.099344,1.8232
'[17:34:12.116 21/01/2026]',-3.730602,0.1729415,-4.322062,-0.9680757,4.610755E-10,4.610755E-10,4.099344,1.8232
'[17:34:12.124 21/01/2026]',-3.730602,0.1729415,-4.322062,-0.9680757,4.610755E-10,4.610755E-10,4.099344,1.8232
'[17:34:12.132 21/01/2026]',-3.730602,0.1729415,-4.322062,-0.9680757,4.610755E-10,4.610755E-10,4.099344,1.8232
'[17:34:12.140 21/01/2026]',2.530202,6.757053,2.240667,3.301785,4.610755E-10,4.610755E-10,3.111535,5.43366
'[17:34:12.148 21/01/2026]',0.6818964,2.845007,-0.3451417,0.4811458,4.610755E-10,4.610755E-10,-3.59463,-4.041865
'[17:34:12.156 21/01/2026]',-5.174547,-14.07872,-3.798938,-7.604163,4.610755E-10,4.610755E-10,-4.768786,-5.496257
'[17:34:12.164 21/01/2026]',-5.174547,-14.07872,-3.798938,-7.604163,4.610755E-10,4.610755E-10,-4.768786,-5.496257
'[17:34:12.172 21/01/2026]',-5.174547,-14.07872,-3.798938,-7.604163,4.610755E-10,4.610755E-10,-4.768786,-5.496257
'[17:34:12.180 21/01/2026]',-5.174547,-14.07872,-3.798938,-7.604163,4.610755E-10,4.610755E-10,-4.768786,-5.496257
'[17:34:12.188 21/01/2026]',2.948624,9.152821,2.946578,4.526168,4.610755E-10,4.610755E-10,5.779997,6.162936
'[17:34:12.196 21/01/2026]',0.2647603,-1.556621,0.643907,0.03649417,4.610755E-10,4.610755E-10,-0.9143311,-0.8460381
'[17:34:12.204 21/01/2026]',-0.138779,0.803838,0.2500349,0.1627044,4.610755E-10,4.610755E-10,-1.86241,-2.019292
'[17:34:12.212 21/01/2026]',-0.138779,0.803838,0.2500349,0.1627044,4.610755E-10,4.610755E-10,-1.86241,-2.019292
'[17:34:12.220 21/01/2026]',-0.138779,0.803838,0.2500349,0.1627044,4.610755E-10,4.610755E-10,-1.86241,-2.019292
'[17:34:12.228 21/01/2026]',-3.022252,-4.973152,-3.546368,-3.380182,4.610755E-10,4.610755E-10,-1.380329,-1.231711
'[17:34:12.236 21/01/2026]',-3.022252,-4.973152,-3.546368,-3.380182,4.610755E-10,4.610755E-10,-1.380329,-1.231711
'[17:34:12.244 21/01/2026]',3.669103,6.079165,4.226916,4.645281,4.610755E-10,4.610755E-10,3.435941,3.645176
'[17:34:12.252 21/01/2026]',3.669103,6.079165,4.226916,4.645281,4.610755E-10,4.610755E-10,3.435941,3.645176
'[17:34:12.260 21/01/2026]',0.2168609,1.253953,1.881173,0.1835016,4.610755E-10,4.610755E-10,0.9343113,-1.163548
'[17:34:12.268 21/01/2026]',0.2168609,1.253953,1.881173,0.1835016,4.610755E-10,4.610755E-10,0.9343113,-1.163548
'[17:34:12.276 21/01/2026]',0.2168609,1.253953,1.881173,0.1835016,4.610755E-10,4.610755E-10,0.9343113,-1.163548
'[17:34:12.284 21/01/2026]',0.2168609,1.253953,1.881173,0.1835016,4.610755E-10,4.610755E-10,0.9343113,-1.163548
'[17:34:12.292 21/01/2026]',-5.050827,-7.374078,-8.215747,-6.138891,4.610755E-10,4.610755E-10,-4.637484,-2.785972
'[17:34:12.300 21/01/2026]',-5.050827,-7.374078,-8.215747,-6.138891,4.610755E-10,4.610755E-10,-4.637484,-2.785972
'[17:34:12.308 21/01/2026]',3.187361,4.423897,5.769891,5.782739,4.610755E-10,4.610755E-10,0.6776451,0.8993086
'[17:34:12.316 21/01/2026]',0.3931242,0.3640726,-0.4034072,-2.142597,4.610755E-10,4.610755E-10,2.42149,1.288738
'[17:34:12.324 21/01/2026]',0.3931242,0.3640726,-0.4034072,-2.142597,4.610755E-10,4.610755E-10,2.42149,1.288738
'[17:34:12.332 21/01/2026]',0.4414963,-0.3185861,-0.001322068,0.1117097,4.610755E-10,4.610755E-10,-1.520994,-1.477215
'[17:34:12.340 21/01/2026]',0.4414963,-0.3185861,-0.001322068,0.1117097,4.610755E-10,4.610755E-10,-1.520994,-1.477215
'[17:34:12.348 21/01/2026]',-0.9546829,0.4419098,-1.891738,0.4641761,4.610755E-10,4.610755E-10,1.222683,3.313883
'[17:34:12.356 21/01/2026]',-0.9546829,0.4419098,-1.891738,0.4641761,4.610755E-10,4.610755E-10,1.222683,3.313883
'[17:34:12.364 21/01/2026]',-0.9546829,0.4419098,-1.891738,0.4641761,4.610755E-10,4.610755E-10,1.222683,3.313883
'[17:34:12.372 21/01/2026]',-0.9546829,0.4419098,-1.891738,0.4641761,4.610755E-10,4.610755E-10,1.222683,3.313883
'[17:34:12.380 21/01/2026]',-1.119253,-0.2974659,0.5237346,-0.2376756,4.610755E-10,4.610755E-10,-0.4172156,-2.26418
'[17:34:12.388 21/01/2026]',4.194085,-0.09962361,3.302138,0.7431241,4.610755E-10,4.610755E-10,0.7830683,-0.02451391
'[17:34:12.396 21/01/2026]',4.194085,-0.09962361,3.302138,0.7431241,4.610755E-10,4.610755E-10,0.7830683,-0.02451391
'[17:34:12.404 21/01/2026]',-4.717431,-2.548442,-5.700422,-3.266135,4.610755E-10,4.610755E-10,-2.769083,-0.5029079
'[17:34:12.412 21/01/2026]',-4.717431,-2.548442,-5.700422,-3.266135,4.610755E-10,4.610755E-10,-2.769083,-0.5029079
'[17:34:12.420 21/01/2026]',2.30098,5.611184,4.110521,6.319061,4.610755E-10,4.610755E-10,1.613217,1.696756
'[17:34:12.428 21/01/2026]',2.30098,5.611184,4.110521,6.319061,4.610755E-10,4.610755E-10,1.613217,1.696756
'[17:34:12.436 21/01/2026]',0.3522108,2.007961,-0.9946635,-2.422964,4.610755E-10,4.610755E-10,2.825839,0.3951805
'[17:34:12.444 21/01/2026]',0.3522108,2.007961,-0.9946635,-2.422964,4.610755E-10,4.610755E-10,2.825839,0.3951805
'[17:34:12.452 21/01/2026]',-1.853226,-6.889481,-1.652254,-3.062383,4.610755E-10,4.610755E-10,-6.089045,-4.134197
'[17:34:12.460 21/01/2026]',-1.853226,-6.889481,-1.652254,-3.062383,4.610755E-10,4.610755E-10,-6.089045,-4.134197
'[17:34:12.468 21/01/2026]',-1.853226,-6.889481,-1.652254,-3.062383,4.610755E-10,4.610755E-10,-6.089045,-4.134197
'[17:34:12.476 21/01/2026]',1.638992,1.778606,0.9828366,3.398801,4.610755E-10,4.610755E-10,4.649892,5.531227
'[17:34:12.484 21/01/2026]',1.638992,1.778606,0.9828366,3.398801,4.610755E-10,4.610755E-10,4.649892,5.531227
'[17:34:12.492 21/01/2026]',1.638992,1.778606,0.9828366,3.398801,4.610755E-10,4.610755E-10,4.649892,5.531227
'[17:34:12.500 21/01/2026]',-0.9176759,1.445601,0.6377659,-0.3780549,4.610755E-10,4.610755E-10,0.9555256,-1.369237
'[17:34:12.508 21/01/2026]',0.9377412,0.7074434,0.3891113,-0.0248451,4.610755E-10,4.610755E-10,-0.5935082,-0.2434965
'[17:34:12.516 21/01/2026]',0.9377412,0.7074434,0.3891113,-0.0248451,4.610755E-10,4.610755E-10,-0.5935082,-0.2434965
'[17:34:12.524 21/01/2026]',0.1383296,-2.964657,-0.6634308,-0.3313302,4.610755E-10,4.610755E-10,-2.928033,-1.161093
'[17:34:12.532 21/01/2026]',0.1383296,-2.964657,-0.6634308,-0.3313302,4.610755E-10,4.610755E-10,-2.928033,-1.161093
'[17:34:12.540 21/01/2026]',1.142443,1.788359,-1.207971,-1.125332,4.610755E-10,4.610755E-10,0.3908376,-1.158674
'[17:34:12.548 21/01/2026]',1.142443,1.788359,-1.207971,-1.125332,4.610755E-10,4.610755E-10,0.3908376,-1.158674
'[17:34:12.556 21/01/2026]',-4.734008,-11.52436,-1.12526,-4.337862,4.610755E-10,4.610755E-10,-0.3297159,0.03090564
'[17:34:12.564 21/01/2026]',-4.734008,-11.52436,-1.12526,-4.337862,4.610755E-10,4.610755E-10,-0.3297159,0.03090564
'[17:34:12.572 21/01/2026]',5.569118,14.74759,4.786818,9.757893,4.610755E-10,4.610755E-10,4.279865,4.581554
'[17:34:12.580 21/01/2026]',5.569118,14.74759,4.786818,9.757893,4.610755E-10,4.610755E-10,4.279865,4.581554
'[17:34:12.588 21/01/2026]',-2.700578,0.05112297,-4.233288,-5.797181,4.610755E-10,4.610755E-10,-4.95894,-4.566652
'[17:34:12.596 21/01/2026]',-2.700578,0.05112297,-4.233288,-5.797181,4.610755E-10,4.610755E-10,-4.95894,-4.566652
'[17:34:12.604 21/01/2026]',-2.065445,-12.28265,-0.7467793,-2.841414,4.610755E-10,4.610755E-10,0.6413018,-0.1363792
'[17:34:12.612 21/01/2026]',-2.065445,-12.28265,-0.7467793,-2.841414,4.610755E-10,4.610755E-10,0.6413018,-0.1363792
'[17:34:12.620 21/01/2026]',4.263292,11.25663,2.653521,6.577463,4.610755E-10,4.610755E-10,2.394354,3.121873
'[17:34:12.628 21/01/2026]',4.263292,11.25663,2.653521,6.577463,4.610755E-10,4.610755E-10,2.394354,3.121873
'[17:34:12.636 21/01/2026]',4.263292,11.25663,2.653521,6.577463,4.610755E-10,4.610755E-10,2.394354,3.121873
'[17:34:12.644 21/01/2026]',4.263292,11.25663,2.653521,6.577463,4.610755E-10,4.610755E-10,2.394354,3.121873
'[17:34:12.652 21/01/2026]',-6.135532,-10.28324,-2.562076,-6.409236,4.610755E-10,4.610755E-10,-2.516777,-4.004596
'[17:34:12.660 21/01/2026]',4.484227,9.270098,0.3349837,3.189225,4.610755E-10,4.610755E-10,-2.188991,0.03753705
'[17:34:12.668 21/01/2026]',4.484227,9.270098,0.3349837,3.189225,4.610755E-10,4.610755E-10,-2.188991,0.03753705
'[17:34:12.676 21/01/2026]',4.484227,9.270098,0.3349837,3.189225,4.610755E-10,4.610755E-10,-2.188991,0.03753705
'[17:34:12.684 21/01/2026]',4.484227,9.270098,0.3349837,3.189225,4.610755E-10,4.610755E-10,-2.188991,0.03753705
'[17:34:12.692 21/01/2026]',-2.092976,-7.200233,0.1918728,-2.850853,4.610755E-10,4.610755E-10,0.9047172,0.01554903
'[17:34:12.700 21/01/2026]',5.693477,6.372117,3.771619,5.932157,4.610755E-10,4.610755E-10,6.283753,4.582832
'[17:34:12.708 21/01/2026]',5.693477,6.372117,3.771619,5.932157,4.610755E-10,4.610755E-10,6.283753,4.582832
'[17:34:12.716 21/01/2026]',-4.48996,-2.078593,-3.506096,-4.656836,4.610755E-10,4.610755E-10,-6.799718,-5.412591
'[17:34:12.724 21/01/2026]',-0.6337511,-5.029058,2.605598,0.9217811,4.610755E-10,4.610755E-10,0.03064049,0.07196436
'[17:34:12.732 21/01/2026]',-0.6337511,-5.029058,2.605598,0.9217811,4.610755E-10,4.610755E-10,0.03064049,0.07196436
'[17:34:12.740 21/01/2026]',-0.6337511,-5.029058,2.605598,0.9217811,4.610755E-10,4.610755E-10,0.03064049,0.07196436
'[17:34:12.748 21/01/2026]',2.803272,6.47797,-0.2117456,2.000094,4.610755E-10,4.610755E-10,4.773329,2.954147
'[17:34:12.756 21/01/2026]',-5.552959,-11.06646,-3.093787,-5.334553,4.610755E-10,4.610755E-10,-5.498099,-1.171977
'[17:34:12.764 21/01/2026]',-5.552959,-11.06646,-3.093787,-5.334553,4.610755E-10,4.610755E-10,-5.498099,-1.171977
'[17:34:12.772 21/01/2026]',-5.552959,-11.06646,-3.093787,-5.334553,4.610755E-10,4.610755E-10,-5.498099,-1.171977
'[17:34:12.780 21/01/2026]',-5.552959,-11.06646,-3.093787,-5.334553,4.610755E-10,4.610755E-10,-5.498099,-1.171977
'[17:34:12.788 21/01/2026]',5.239811,11.50802,5.109329,6.020281,4.610755E-10,4.610755E-10,4.823001,0.8930013
'[17:34:12.796 21/01/2026]',-1.439388,-4.406664,-2.704821,-2.229078,4.610755E-10,4.610755E-10,-2.22288,-2.711727
'[17:34:12.804 21/01/2026]',-1.439388,-4.406664,-2.704821,-2.229078,4.610755E-10,4.610755E-10,-2.22288,-2.711727
'[17:34:12.812 21/01/2026]',-1.304234,-1.14819,-3.216834,-2.133833,4.610755E-10,4.610755E-10,-2.216845,0.7888628
'[17:34:12.820 21/01/2026]',-1.304234,-1.14819,-3.216834,-2.133833,4.610755E-10,4.610755E-10,-2.216845,0.7888628
'[17:34:12.828 21/01/2026]',-1.304234,-1.14819,-3.216834,-2.133833,4.610755E-10,4.610755E-10,-2.216845,0.7888628
'[17:34:12.836 21/01/2026]',-0.7102382,-0.705979,3.42094,1.111318,4.610755E-10,4.610755E-10,3.41737,1.053436
'[17:34:12.844 21/01/2026]',-0.7102382,-0.705979,3.42094,1.111318,4.610755E-10,4.610755E-10,3.41737,1.053436
'[17:34:12.852 21/01/2026]',-0.5527514,-1.177456,-2.71645,-3.109467,4.610755E-10,4.610755E-10,-3.587775,-2.967454
'[17:34:12.860 21/01/2026]',2.612264,5.267557,0.6891295,3.677518,4.610755E-10,4.610755E-10,0.6006257,2.473447
'[17:34:12.868 21/01/2026]',2.612264,5.267557,0.6891295,3.677518,4.610755E-10,4.610755E-10,0.6006257,2.473447
'[17:34:12.876 21/01/2026]',1.308502,-1.777768,5.217375,3.337354,4.610755E-10,4.610755E-10,4.708374,1.925755
'[17:34:12.884 21/01/2026]',1.308502,-1.777768,5.217375,3.337354,4.610755E-10,4.610755E-10,4.708374,1.925755
'[17:34:12.892 21/01/2026]',1.308502,-1.777768,5.217375,3.337354,4.610755E-10,4.610755E-10,4.708374,1.925755
'[17:34:12.900 21/01/2026]',-2.577092,-0.9694875,-4.271294,-4.039456,4.610755E-10,4.610755E-10,-4.756958,-3.396997
'[17:34:12.908 21/01/2026]',-2.577092,-0.9694875,-4.271294,-4.039456,4.610755E-10,4.610755E-10,-4.756958,-3.396997
'[17:34:12.916 21/01/2026]',0.6084839,0.2075613,2.212882,0.4440289,4.610755E-10,4.610755E-10,3.205327,2.300136
'[17:34:12.924 21/01/2026]',0.6084839,0.2075613,2.212882,0.4440289,4.610755E-10,4.610755E-10,3.205327,2.300136
'[17:34:12.932 21/01/2026]',-0.5173229,0.1927549,-2.198119,-0.01433164,4.610755E-10,4.610755E-10,-1.478564,-0.02399081
'[17:34:12.940 21/01/2026]',-0.5173229,0.1927549,-2.198119,-0.01433164,4.610755E-10,4.610755E-10,-1.478564,-0.02399081
'[17:34:12.948 21/01/2026]',4.134993,10.28702,1.128912,4.511123,4.610755E-10,4.610755E-10,-0.174624,0.1973532
'[17:34:12.956 21/01/2026]',-2.729273,-9.543006,1.803722,-3.82039,4.610755E-10,4.610755E-10,1.08661,0.6090835
'[17:34:12.964 21/01/2026]',-2.729273,-9.543006,1.803722,-3.82039,4.610755E-10,4.610755E-10,1.08661,0.6090835
'[17:34:12.972 21/01/2026]',-1.880281,0.3741918,-3.288198,1.19184,4.610755E-10,4.610755E-10,0.2389416,0.35547
'[17:34:12.980 21/01/2026]',-1.880281,0.3741918,-3.288198,1.19184,4.610755E-10,4.610755E-10,0.2389416,0.35547
'[17:34:12.988 21/01/2026]',-1.880281,0.3741918,-3.288198,1.19184,4.610755E-10,4.610755E-10,0.2389416,0.35547
'[17:34:12.996 21/01/2026]',-1.880281,0.3741918,-3.288198,1.19184,4.610755E-10,4.610755E-10,0.2389416,0.35547
'[17:34:13.004 21/01/2026]',-0.2544293,-4.077213,-2.847464,-4.568621,4.610755E-10,4.610755E-10,-4.916813,-6.235198
'[17:34:13.012 21/01/2026]',-0.2544293,-4.077213,-2.847464,-4.568621,4.610755E-10,4.610755E-10,-4.916813,-6.235198
'[17:34:13.020 21/01/2026]',3.59742,7.170936,6.498916,6.145092,4.610755E-10,4.610755E-10,6.111183,6.947045
'[17:34:13.028 21/01/2026]',3.59742,7.170936,6.498916,6.145092,4.610755E-10,4.610755E-10,6.111183,6.947045
'[17:34:13.036 21/01/2026]',-1.851037,3.420822,-3.400252,0.9968482,4.610755E-10,4.610755E-10,-1.435623,0.17372
'[17:34:13.044 21/01/2026]',-1.851037,3.420822,-3.400252,0.9968482,4.610755E-10,4.610755E-10,-1.435623,0.17372
'[17:34:13.052 21/01/2026]',0.1765193,-9.189999,-0.3759357,-3.054893,4.610755E-10,4.610755E-10,-1.320014,-5.306994
'[17:34:13.060 21/01/2026]',-0.7651971,2.699713,-1.48049,-2.248013,4.610755E-10,4.610755E-10,1.116017,5.526355
'[17:34:13.068 21/01/2026]',-0.7651971,2.699713,-1.48049,-2.248013,4.610755E-10,4.610755E-10,1.116017,5.526355
'[17:34:13.076 21/01/2026]',-0.7651971,2.699713,-1.48049,-2.248013,4.610755E-10,4.610755E-10,1.116017,5.526355
'[17:34:13.084 21/01/2026]',-0.7651971,2.699713,-1.48049,-2.248013,4.610755E-10,4.610755E-10,1.116017,5.526355
'[17:34:13.092 21/01/2026]',-2.575396,1.734311,0.5640975,0.481208,4.610755E-10,4.610755E-10,-0.675521,-0.9987358
'[17:34:13.100 21/01/2026]',-2.575396,1.734311,0.5640975,0.481208,4.610755E-10,4.610755E-10,-0.675521,-0.9987358
'[17:34:13.108 21/01/2026]',2.728255,-2.258795,-1.106618,1.524195,4.610755E-10,4.610755E-10,-0.4174119,-3.33254
'[17:34:13.116 21/01/2026]',-0.601706,1.186177,-0.5745845,-2.217392,4.610755E-10,4.610755E-10,-2.479544,0.3313211
'[17:34:13.124 21/01/2026]',-0.601706,1.186177,-0.5745845,-2.217392,4.610755E-10,4.610755E-10,-2.479544,0.3313211
'[17:34:13.132 21/01/2026]',-0.2412906,-4.609432,3.187136,0.7394733,4.610755E-10,4.610755E-10,3.071306,1.31868
'[17:34:13.140 21/01/2026]',-0.2412906,-4.609432,3.187136,0.7394733,4.610755E-10,4.610755E-10,3.071306,1.31868
'[17:34:13.148 21/01/2026]',-0.2412906,-4.609432,3.187136,0.7394733,4.610755E-10,4.610755E-10,3.071306,1.31868
'[17:34:13.156 21/01/2026]',-0.2412906,-4.609432,3.187136,0.7394733,4.610755E-10,4.610755E-10,3.071306,1.31868
'[17:34:13.164 21/01/2026]',4.283131,12.04966,0.7564533,6.496683,4.610755E-10,4.610755E-10,2.877846,3.757361
'[17:34:13.172 21/01/2026]',4.283131,12.04966,0.7564533,6.496683,4.610755E-10,4.610755E-10,2.877846,3.757361
'[17:34:13.180 21/01/2026]',4.283131,12.04966,0.7564533,6.496683,4.610755E-10,4.610755E-10,2.877846,3.757361
'[17:34:13.188 21/01/2026]',4.283131,12.04966,0.7564533,6.496683,4.610755E-10,4.610755E-10,2.877846,3.757361
'[17:34:13.196 21/01/2026]',-2.984992,-0.5340262,-2.58422,-5.416994,4.610755E-10,4.610755E-10,-3.974308,-3.552669
'[17:34:13.204 21/01/2026]',-1.32239,-11.74684,-0.7992789,-1.62838,4.610755E-10,4.610755E-10,-1.108055,-2.711608
'[17:34:13.212 21/01/2026]',-1.32239,-11.74684,-0.7992789,-1.62838,4.610755E-10,4.610755E-10,-1.108055,-2.711608
'[17:34:13.220 21/01/2026]',-2.095979,-1.139595,-0.278811,-0.4929681,4.610755E-10,4.610755E-10,2.291016,3.249238
'[17:34:13.228 21/01/2026]',3.43495,13.53414,1.487008,4.048687,4.610755E-10,4.610755E-10,-1.00091,-2.011962
'[17:34:13.236 21/01/2026]',3.43495,13.53414,1.487008,4.048687,4.610755E-10,4.610755E-10,-1.00091,-2.011962
'[17:34:13.244 21/01/2026]',0.4634101,-5.072644,0.7148808,-1.421716,4.610755E-10,4.610755E-10,0.517133,2.331402
'[17:34:13.252 21/01/2026]',0.4634101,-5.072644,0.7148808,-1.421716,4.610755E-10,4.610755E-10,0.517133,2.331402
'[17:34:13.260 21/01/2026]',0.4634101,-5.072644,0.7148808,-1.421716,4.610755E-10,4.610755E-10,0.517133,2.331402
'[17:34:13.268 21/01/2026]',-3.870978,-9.68685,-3.494391,-3.654631,4.610755E-10,4.610755E-10,-0.7682194,-1.936117
'[17:34:13.276 21/01/2026]',-3.870978,-9.68685,-3.494391,-3.654631,4.610755E-10,4.610755E-10,-0.7682194,-1.936117
'[17:34:13.284 21/01/2026]',1.829804,9.834855,2.570397,3.372272,4.610755E-10,4.610755E-10,0.2503623,-0.3136158
'[17:34:13.292 21/01/2026]',1.829804,9.834855,2.570397,3.372272,4.610755E-10,4.610755E-10,0.2503623,-0.3136158
'[17:34:13.300 21/01/2026]',1.420369,-5.669919,0.640914,0.3188927,4.610755E-10,4.610755E-10,0.8740812,2.583521
'[17:34:13.308 21/01/2026]',1.420369,-5.669919,0.640914,0.3188927,4.610755E-10,4.610755E-10,0.8740812,2.583521
'[17:34:13.316 21/01/2026]',1.563127,15.22083,-0.3127539,4.259391,4.610755E-10,4.610755E-10,2.52748,1.589766
'[17:34:13.324 21/01/2026]',1.563127,15.22083,-0.3127539,4.259391,4.610755E-10,4.610755E-10,2.52748,1.589766
'[17:34:13.332 21/01/2026]',-5.824484,-19.19973,-4.515547,-11.09688,4.610755E-10,4.610755E-10,-7.311217,-7.011236
'[17:34:13.340 21/01/2026]',-5.824484,-19.19973,-4.515547,-11.09688,4.610755E-10,4.610755E-10,-7.311217,-7.011236
'[17:34:13.348 21/01/2026]',-5.824484,-19.19973,-4.515547,-11.09688,4.610755E-10,4.610755E-10,-7.311217,-7.011236
'[17:34:13.356 21/01/2026]',-5.824484,-19.19973,-4.515547,-11.09688,4.610755E-10,4.610755E-10,-7.311217,-7.011236
'[17:34:13.364 21/01/2026]',-5.824484,-19.19973,-4.515547,-11.09688,4.610755E-10,4.610755E-10,-7.311217,-7.011236
'[17:34:13.372 21/01/2026]',4.326884,5.112094,5.201058,7.96195,4.610755E-10,4.610755E-10,3.587977,4.606569
'[17:34:13.380 21/01/2026]',2.068317,12.70018,-1.774371,2.236016,4.610755E-10,4.610755E-10,3.76731,2.502833
'[17:34:13.388 21/01/2026]',2.068317,12.70018,-1.774371,2.236016,4.610755E-10,4.610755E-10,3.76731,2.502833
'[17:34:13.396 21/01/2026]',2.068317,12.70018,-1.774371,2.236016,4.610755E-10,4.610755E-10,3.76731,2.502833
'[17:34:13.404 21/01/2026]',-6.61829,-6.326232,-3.70872,-7.105929,4.610755E-10,4.610755E-10,-5.345084,-4.986273
'[17:34:13.412 21/01/2026]',3.982665,-1.100381,4.080738,5.040918,4.610755E-10,4.610755E-10,2.474138,2.435853
'[17:34:13.420 21/01/2026]',3.982665,-1.100381,4.080738,5.040918,4.610755E-10,4.610755E-10,2.474138,2.435853
'[17:34:13.428 21/01/2026]',2.727739,5.484353,0.6892898,1.457206,4.610755E-10,4.610755E-10,1.41165,2.56105
'[17:34:13.436 21/01/2026]',-2.37263,-0.8557118,-1.174306,-1.835225,4.610755E-10,4.610755E-10,-1.68716,-1.237083
'[17:34:13.444 21/01/2026]',-2.37263,-0.8557118,-1.174306,-1.835225,4.610755E-10,4.610755E-10,-1.68716,-1.237083
'[17:34:13.452 21/01/2026]',-2.37263,-0.8557118,-1.174306,-1.835225,4.610755E-10,4.610755E-10,-1.68716,-1.237083
'[17:34:13.460 21/01/2026]',-2.14623,-2.372157,-2.464358,-2.732972,4.610755E-10,4.610755E-10,-0.4448254,-3.539485
'[17:34:13.468 21/01/2026]',-2.14623,-2.372157,-2.464358,-2.732972,4.610755E-10,4.610755E-10,-0.4448254,-3.539485
'[17:34:13.476 21/01/2026]',-2.14623,-2.372157,-2.464358,-2.732972,4.610755E-10,4.610755E-10,-0.4448254,-3.539485
'[17:34:13.484 21/01/2026]',-3.016961,-1.662403,0.5873716,0.7471454,4.610755E-10,4.610755E-10,-0.7326468,3.117715
'[17:34:13.492 21/01/2026]',7.491252,5.993322,5.329322,5.15522,4.610755E-10,4.610755E-10,5.326589,1.629806
'[17:34:13.500 21/01/2026]',7.491252,5.993322,5.329322,5.15522,4.610755E-10,4.610755E-10,5.326589,1.629806
'[17:34:13.508 21/01/2026]',-1.524877,-5.154654,-3.381052,-3.518251,4.610755E-10,4.610755E-10,-7.504887,-5.288667
'[17:34:13.516 21/01/2026]',-1.524877,-5.154654,-3.381052,-3.518251,4.610755E-10,4.610755E-10,-7.504887,-5.288667
'[17:34:13.524 21/01/2026]',-1.524877,-5.154654,-3.381052,-3.518251,4.610755E-10,4.610755E-10,-7.504887,-5.288667
'[17:34:13.532 21/01/2026]',-2.084361,2.18251,1.131061,0.7437802,4.610755E-10,4.610755E-10,6.972331,5.000067
'[17:34:13.540 21/01/2026]',-2.084361,2.18251,1.131061,0.7437802,4.610755E-10,4.610755E-10,6.972331,5.000067
'[17:34:13.548 21/01/2026]',-1.277584,-0.7742857,-2.831373,-1.475606,4.610755E-10,4.610755E-10,-2.895118,-0.4162509
'[17:34:13.556 21/01/2026]',3.822247,-0.02505801,3.390104,2.959326,4.610755E-10,4.610755E-10,1.908538,-0.4095584
'[17:34:13.564 21/01/2026]',3.822247,-0.02505801,3.390104,2.959326,4.610755E-10,4.610755E-10,1.908538,-0.4095584
'[17:34:13.572 21/01/2026]',3.822247,-0.02505801,3.390104,2.959326,4.610755E-10,4.610755E-10,1.908538,-0.4095584
'[17:34:13.580 21/01/2026]',-3.176091,0.317102,-1.106755,-2.728243,4.610755E-10,4.610755E-10,-2.379793,-1.502965
'[17:34:13.588 21/01/2026]',-3.176091,0.317102,-1.106755,-2.728243,4.610755E-10,4.610755E-10,-2.379793,-1.502965
'[17:34:13.596 21/01/2026]',-0.7355421,-2.047093,-2.931733,-0.9838572,4.610755E-10,4.610755E-10,-0.03307568,-1.153581
'[17:34:13.604 21/01/2026]',3.355561,5.455456,3.97009,4.709485,4.610755E-10,4.610755E-10,2.029944,4.333188
'[17:34:13.612 21/01/2026]',3.355561,5.455456,3.97009,4.709485,4.610755E-10,4.610755E-10,2.029944,4.333188
'[17:34:13.620 21/01/2026]',3.355561,5.455456,3.97009,4.709485,4.610755E-10,4.610755E-10,2.029944,4.333188
'[17:34:13.628 21/01/2026]',3.355561,5.455456,3.97009,4.709485,4.610755E-10,4.610755E-10,2.029944,4.333188
'[17:34:13.636 21/01/2026]',-0.8637147,-7.791041,-1.048735,-4.035033,4.610755E-10,4.610755E-10,-1.198089,-4.185171
'[17:34:13.644 21/01/2026]',-2.31911,0.4735101,-3.06246,-1.850463,4.610755E-10,4.610755E-10,-3.424796,0.3285005
'[17:34:13.652 21/01/2026]',-2.31911,0.4735101,-3.06246,-1.850463,4.610755E-10,4.610755E-10,-3.424796,0.3285005
'[17:34:13.660 21/01/2026]',2.100002,9.485068,4.645084,5.748541,4.610755E-10,4.610755E-10,4.316118,1.247803
'[17:34:13.668 21/01/2026]',2.100002,9.485068,4.645084,5.748541,4.610755E-10,4.610755E-10,4.316118,1.247803
'[17:34:13.676 21/01/2026]',0.08324223,-4.761128,0.2084317,-0.1241477,4.610755E-10,4.610755E-10,1.532004,-0.1836868
'[17:34:13.684 21/01/2026]',0.08324223,-4.761128,0.2084317,-0.1241477,4.610755E-10,4.610755E-10,1.532004,-0.1836868
'[17:34:13.692 21/01/2026]',0.08324223,-4.761128,0.2084317,-0.1241477,4.610755E-10,4.610755E-10,1.532004,-0.1836868
'[17:34:13.700 21/01/2026]',0.08324223,-4.761128,0.2084317,-0.1241477,4.610755E-10,4.610755E-10,1.532004,-0.1836868
'[17:34:13.708 21/01/2026]',-2.084041,-5.013501,-4.650009,-5.654467,4.610755E-10,4.610755E-10,-4.093575,1.852325
'[17:34:13.716 21/01/2026]',-2.084041,-5.013501,-4.650009,-5.654467,4.610755E-10,4.610755E-10,-4.093575,1.852325
'[17:34:13.724 21/01/2026]',-0.7191948,-0.5977647,0.8016945,1.644258,4.610755E-10,4.610755E-10,-1.259845,-3.696675
'[17:34:13.732 21/01/2026]',3.784154,18.58823,3.156159,7.036588,4.610755E-10,4.610755E-10,6.133428,2.771791
'[17:34:13.740 21/01/2026]',3.784154,18.58823,3.156159,7.036588,4.610755E-10,4.610755E-10,6.133428,2.771791
'[17:34:13.748 21/01/2026]',3.784154,18.58823,3.156159,7.036588,4.610755E-10,4.610755E-10,6.133428,2.771791
'[17:34:13.756 21/01/2026]',-6.385679,-20.97719,-1.358779,-8.256653,4.610755E-10,4.610755E-10,-3.562822,0.03624164
'[17:34:13.764 21/01/2026]',1.834432,1.890024,-3.07462,1.001469,4.610755E-10,4.610755E-10,0.1562302,-1.457935
'[17:34:13.772 21/01/2026]',1.834432,1.890024,-3.07462,1.001469,4.610755E-10,4.610755E-10,0.1562302,-1.457935
'[17:34:13.780 21/01/2026]',1.834432,1.890024,-3.07462,1.001469,4.610755E-10,4.610755E-10,0.1562302,-1.457935
'[17:34:13.788 21/01/2026]',2.208128,-2.797842,4.903497,0.2653809,4.610755E-10,4.610755E-10,-1.353225,-1.505271
'[17:34:13.796 21/01/2026]',3.22218,18.43795,5.263062,11.60062,4.610755E-10,4.610755E-10,8.368205,7.255332
'[17:34:13.804 21/01/2026]',-5.575319,-18.32295,-10.27718,-12.38323,4.610755E-10,4.610755E-10,-7.825537,-5.219096
'[17:34:13.812 21/01/2026]',-5.575319,-18.32295,-10.27718,-12.38323,4.610755E-10,4.610755E-10,-7.825537,-5.219096
'[17:34:13.820 21/01/2026]',-5.575319,-18.32295,-10.27718,-12.38323,4.610755E-10,4.610755E-10,-7.825537,-5.219096
'[17:34:13.828 21/01/2026]',-1.041198,2.969438,1.104994,-1.600843,4.610755E-10,4.610755E-10,-2.058742,-3.038412
'[17:34:13.836 21/01/2026]',-1.041198,2.969438,1.104994,-1.600843,4.610755E-10,4.610755E-10,-2.058742,-3.038412
'[17:34:13.844 21/01/2026]',-2.667876,-5.625366,-0.6605181,-0.5033274,4.610755E-10,4.610755E-10,2.92029,1.66348
'[17:34:13.852 21/01/2026]',6.194349,6.406011,5.138468,7.635979,4.610755E-10,4.610755E-10,1.584017,2.048511
'[17:34:13.860 21/01/2026]',6.194349,6.406011,5.138468,7.635979,4.610755E-10,4.610755E-10,1.584017,2.048511
'[17:34:13.868 21/01/2026]',6.194349,6.406011,5.138468,7.635979,4.610755E-10,4.610755E-10,1.584017,2.048511
'[17:34:13.876 21/01/2026]',-0.06363358,6.00087,-3.483863,-3.485326,4.610755E-10,4.610755E-10,0.6102288,1.906704
'[17:34:13.884 21/01/2026]',-0.06363358,6.00087,-3.483863,-3.485326,4.610755E-10,4.610755E-10,0.6102288,1.906704
'[17:34:13.892 21/01/2026]',-0.06363358,6.00087,-3.483863,-3.485326,4.610755E-10,4.610755E-10,0.6102288,1.906704
'[17:34:13.900 21/01/2026]',-7.785863,-12.94905,-5.274688,-6.981887,4.610755E-10,4.610755E-10,-6.849487,-7.883553
'[17:34:13.908 21/01/2026]',5.92152,2.206412,8.439551,6.817878,4.610755E-10,4.610755E-10,3.181515,2.017996
'[17:34:13.916 21/01/2026]',5.92152,2.206412,8.439551,6.817878,4.610755E-10,4.610755E-10,3.181515,2.017996
'[17:34:13.924 21/01/2026]',5.92152,2.206412,8.439551,6.817878,4.610755E-10,4.610755E-10,3.181515,2.017996
'[17:34:13.932 21/01/2026]',3.33333,9.047799,0.9256525,3.678893,4.610755E-10,4.610755E-10,5.428966,7.047658
'[17:34:13.940 21/01/2026]',-4.028615,-12.80725,-3.214288,-6.446868,4.610755E-10,4.610755E-10,-4.830117,-6.816709
'[17:34:13.948 21/01/2026]',-4.028615,-12.80725,-3.214288,-6.446868,4.610755E-10,4.610755E-10,-4.830117,-6.816709
'[17:34:13.956 21/01/2026]',-1.597591,2.774508,-2.441672,-0.1826442,4.610755E-10,4.610755E-10,-0.1605778,1.22997
'[17:34:13.964 21/01/2026]',2.899152,10.37085,3.932524,4.642571,4.610755E-10,4.610755E-10,1.65082,1.761818
'[17:34:13.972 21/01/2026]',2.899152,10.37085,3.932524,4.642571,4.610755E-10,4.610755E-10,1.65082,1.761818
'[17:34:13.980 21/01/2026]',-0.3598877,-8.211486,-0.1123289,-1.987653,4.610755E-10,4.610755E-10,-0.1208812,-3.120314
'[17:34:13.988 21/01/2026]',-0.3598877,-8.211486,-0.1123289,-1.987653,4.610755E-10,4.610755E-10,-0.1208812,-3.120314
'[17:34:13.996 21/01/2026]',-4.007558,-10.86578,-3.470225,-4.133472,4.610755E-10,4.610755E-10,-0.2370857,3.375164
'[17:34:14.004 21/01/2026]',-4.007558,-10.86578,-3.470225,-4.133472,4.610755E-10,4.610755E-10,-0.2370857,3.375164
'[17:34:14.012 21/01/2026]',1.862316,16.57961,0.5079332,3.58796,4.610755E-10,4.610755E-10,1.007568,0.8177601
'[17:34:14.020 21/01/2026]',1.862316,16.57961,0.5079332,3.58796,4.610755E-10,4.610755E-10,1.007568,0.8177601
'[17:34:14.028 21/01/2026]',1.862316,16.57961,0.5079332,3.58796,4.610755E-10,4.610755E-10,1.007568,0.8177601
'[17:34:14.036 21/01/2026]',1.862316,16.57961,0.5079332,3.58796,4.610755E-10,4.610755E-10,1.007568,0.8177601
'[17:34:14.044 21/01/2026]',-2.411974,-8.324973,-3.659437,-5.542513,4.610755E-10,4.610755E-10,-7.819877,-8.747386
'[17:34:14.052 21/01/2026]',2.850761,4.711322,5.326458,5.589946,4.610755E-10,4.610755E-10,6.910071,6.425851
'[17:34:14.060 21/01/2026]',-1.243822,-6.881614,-2.663924,-2.428291,4.610755E-10,4.610755E-10,-0.3485919,-1.78802
'[17:34:14.068 21/01/2026]',-1.243822,-6.881614,-2.663924,-2.428291,4.610755E-10,4.610755E-10,-0.3485919,-1.78802
'[17:34:14.076 21/01/2026]',-1.243822,-6.881614,-2.663924,-2.428291,4.610755E-10,4.610755E-10,-0.3485919,-1.78802
'[17:34:14.084 21/01/2026]',1.848837,4.590121,0.03808063,1.320681,4.610755E-10,4.610755E-10,-0.3296059,2.323075
'[17:34:14.092 21/01/2026]',1.848837,4.590121,0.03808063,1.320681,4.610755E-10,4.610755E-10,-0.3296059,2.323075
'[17:34:14.100 21/01/2026]',-0.5265041,5.641603,1.545895,0.08027272,4.610755E-10,4.610755E-10,-1.247612,-2.528144
'[17:34:14.108 21/01/2026]',-2.590965,-10.05631,-2.3481,-3.240125,4.610755E-10,4.610755E-10,-1.365834,-1.806211
'[17:34:14.116 21/01/2026]',-2.590965,-10.05631,-2.3481,-3.240125,4.610755E-10,4.610755E-10,-1.365834,-1.806211
'[17:34:14.124 21/01/2026]',-2.590965,-10.05631,-2.3481,-3.240125,4.610755E-10,4.610755E-10,-1.365834,-1.806211
'[17:34:14.132 21/01/2026]',2.751916,6.753156,2.786684,4.034603,4.610755E-10,4.610755E-10,5.874456,5.894408
'[17:34:14.140 21/01/2026]',2.751916,6.753156,2.786684,4.034603,4.610755E-10,4.610755E-10,5.874456,5.894408
'[17:34:14.148 21/01/2026]',0.003655431,-2.476958,-3.082517,-3.481663,4.610755E-10,4.610755E-10,-5.417367,-3.48403
'[17:34:14.156 21/01/2026]',0.003655431,-2.476958,-3.082517,-3.481663,4.610755E-10,4.610755E-10,-5.417367,-3.48403
'[17:34:14.164 21/01/2026]',0.003655431,-2.476958,-3.082517,-3.481663,4.610755E-10,4.610755E-10,-5.417367,-3.48403
'[17:34:14.172 21/01/2026]',-2.872612,-3.999463,2.187094,-0.3554762,4.610755E-10,4.610755E-10,-1.288884,-3.840577
'[17:34:14.180 21/01/2026]',2.27013,4.783606,0.8060653,3.921335,4.610755E-10,4.610755E-10,7.035573,7.885903
'[17:34:14.188 21/01/2026]',2.27013,4.783606,0.8060653,3.921335,4.610755E-10,4.610755E-10,7.035573,7.885903
'[17:34:14.196 21/01/2026]',2.27013,4.783606,0.8060653,3.921335,4.610755E-10,4.610755E-10,7.035573,7.885903
'[17:34:14.204 21/01/2026]',2.27013,4.783606,0.8060653,3.921335,4.610755E-10,4.610755E-10,7.035573,7.885903
'[17:34:14.212 21/01/2026]',2.68318,0.4923344,1.146867,0.2163243,4.610755E-10,4.610755E-10,-2.227061,-1.155291
'[17:34:14.220 21/01/2026]',2.68318,0.4923344,1.146867,0.2163243,4.610755E-10,4.610755E-10,-2.227061,-1.155291
'[17:34:14.228 21/01/2026]',-10.0079,-7.749952,-5.49541,-7.674496,4.610755E-10,4.610755E-10,-6.432689,-6.971142
'[17:34:14.236 21/01/2026]',-10.0079,-7.749952,-5.49541,-7.674496,4.610755E-10,4.610755E-10,-6.432689,-6.971142
'[17:34:14.244 21/01/2026]',9.619142,0.9748286,4.764976,5.541149,4.610755E-10,4.610755E-10,4.801997,4.367795
'[17:34:14.252 21/01/2026]',9.619142,0.9748286,4.764976,5.541149,4.610755E-10,4.610755E-10,4.801997,4.367795
'[17:34:14.260 21/01/2026]',7.494201,15.22544,8.314427,8.30034,4.610755E-10,4.610755E-10,3.286694,2.279732
'[17:34:14.268 21/01/2026]',-12.4435,-8.965553,-13.64131,-11.20544,4.610755E-10,4.610755E-10,-6.733026,-4.217876
'[17:34:14.276 21/01/2026]',-12.4435,-8.965553,-13.64131,-11.20544,4.610755E-10,4.610755E-10,-6.733026,-4.217876
'[17:34:14.284 21/01/2026]',-12.4435,-8.965553,-13.64131,-11.20544,4.610755E-10,4.610755E-10,-6.733026,-4.217876
'[17:34:14.292 21/01/2026]',-12.4435,-8.965553,-13.64131,-11.20544,4.610755E-10,4.610755E-10,-6.733026,-4.217876
'[17:34:14.300 21/01/2026]',-0.8291144,-8.714035,1.128733,-1.822843,4.610755E-10,4.610755E-10,2.372751,1.613335
'[17:34:14.308 21/01/2026]',7.52976,10.73628,7.315523,7.527159,4.610755E-10,4.610755E-10,1.077834,1.05137
'[17:34:14.316 21/01/2026]',7.52976,10.73628,7.315523,7.527159,4.610755E-10,4.610755E-10,1.077834,1.05137
'[17:34:14.324 21/01/2026]',-3.365033,-1.004007,-3.002121,-1.783491,4.610755E-10,4.610755E-10,0.8491207,-0.6270677
'[17:34:14.332 21/01/2026]',-3.365033,-1.004007,-3.002121,-1.783491,4.610755E-10,4.610755E-10,0.8491207,-0.6270677
'[17:34:14.340 21/01/2026]',-0.79078,-3.579996,-1.123247,-1.496266,4.610755E-10,4.610755E-10,-1.84568,0.5049556
'[17:34:14.348 21/01/2026]',-0.79078,-3.579996,-1.123247,-1.496266,4.610755E-10,4.610755E-10,-1.84568,0.5049556
'[17:34:14.356 21/01/2026]',-1.255066,2.192135,-0.9828607,-0.1177529,4.610755E-10,4.610755E-10,0.5425129,-0.5232042
'[17:34:14.364 21/01/2026]',-1.255066,2.192135,-0.9828607,-0.1177529,4.610755E-10,4.610755E-10,0.5425129,-0.5232042
'[17:34:14.372 21/01/2026]',-1.255066,2.192135,-0.9828607,-0.1177529,4.610755E-10,4.610755E-10,0.5425129,-0.5232042
'[17:34:14.380 21/01/2026]',-1.255066,2.192135,-0.9828607,-0.1177529,4.610755E-10,4.610755E-10,0.5425129,-0.5232042
'[17:34:14.388 21/01/2026]',-1.255066,2.192135,-0.9828607,-0.1177529,4.610755E-10,4.610755E-10,0.5425129,-0.5232042
'[17:34:14.396 21/01/2026]',-1.255066,2.192135,-0.9828607,-0.1177529,4.610755E-10,4.610755E-10,0.5425129,-0.5232042
'[17:34:14.404 21/01/2026]',-1.255066,2.192135,-0.9828607,-0.1177529,4.610755E-10,4.610755E-10,0.5425129,-0.5232042
'[17:34:14.412 21/01/2026]',2.454496,0.2153444,1.121457,1.053984,4.610755E-10,4.610755E-10,-1.3275,-2.00509
'[17:34:14.420 21/01/2026]',-30.35384,-23.68374,-11.28003,-12.07633,4.610755E-10,4.610755E-10,-0.09337321,0.7237223
'[17:34:14.428 21/01/2026]',-4.536981,-9.391272,-5.894514,-3.642787,4.610755E-10,4.610755E-10,-1.253375,-0.03950554
'[17:34:14.436 21/01/2026]',-4.536981,-9.391272,-5.894514,-3.642787,4.610755E-10,4.610755E-10,-1.253375,-0.03950554
'[17:34:14.444 21/01/2026]',78.3016,69.69106,35.87542,33.01814,4.610755E-10,4.610755E-10,3.014983,2.478455
'[17:34:14.452 21/01/2026]',-22.32416,-16.41102,-9.324048,-9.437713,4.610755E-10,4.610755E-10,-0.4552975,-2.880648
'[17:34:14.460 21/01/2026]',-28.86465,-28.50935,-12.7479,-10.57725,4.610755E-10,4.610755E-10,-0.6295529,0.05327702
'[17:34:14.468 21/01/2026]',-28.86465,-28.50935,-12.7479,-10.57725,4.610755E-10,4.610755E-10,-0.6295529,0.05327702
'[17:34:14.476 21/01/2026]',7.22082,9.056332,4.630027,3.702621,4.610755E-10,4.610755E-10,3.378544,5.072112
'[17:34:14.484 21/01/2026]',7.22082,9.056332,4.630027,3.702621,4.610755E-10,4.610755E-10,3.378544,5.072112
'[17:34:14.492 21/01/2026]',8.545525,6.40693,3.142197,3.050782,4.610755E-10,4.610755E-10,-2.171847,-3.378338
'[17:34:14.500 21/01/2026]',8.545525,6.40693,3.142197,3.050782,4.610755E-10,4.610755E-10,-2.171847,-3.378338
'[17:34:14.508 21/01/2026]',-4.687095,-6.003739,-2.263696,-2.580263,4.610755E-10,4.610755E-10,2.918581,1.551605
'[17:34:14.516 21/01/2026]',-4.687095,-6.003739,-2.263696,-2.580263,4.610755E-10,4.610755E-10,2.918581,1.551605
'[17:34:14.524 21/01/2026]',-4.687095,-6.003739,-2.263696,-2.580263,4.610755E-10,4.610755E-10,2.918581,1.551605
'[17:34:14.532 21/01/2026]',-9.500088,-2.962869,-5.045363,-3.198596,4.610755E-10,4.610755E-10,-6.33537,-0.8374065
'[17:34:14.540 21/01/2026]',-9.500088,-2.962869,-5.045363,-3.198596,4.610755E-10,4.610755E-10,-6.33537,-0.8374065
'[17:34:14.548 21/01/2026]',7.769178,1.656799,3.999179,4.225591,4.610755E-10,4.610755E-10,3.322046,-2.141509
'[17:34:14.556 21/01/2026]',7.769178,1.656799,3.999179,4.225591,4.610755E-10,4.610755E-10,3.322046,-2.141509
'[17:34:14.564 21/01/2026]',7.769178,1.656799,3.999179,4.225591,4.610755E-10,4.610755E-10,3.322046,-2.141509
'[17:34:14.572 21/01/2026]',3.049552,3.398451,3.409728,1.0959,4.610755E-10,4.610755E-10,4.9023,5.217978
'[17:34:14.580 21/01/2026]',-7.891667,-9.639381,-4.958841,-5.619751,4.610755E-10,4.610755E-10,-9.440542,-6.808887
'[17:34:14.588 21/01/2026]',-7.891667,-9.639381,-4.958841,-5.619751,4.610755E-10,4.610755E-10,-9.440542,-6.808887
'[17:34:14.596 21/01/2026]',-7.891667,-9.639381,-4.958841,-5.619751,4.610755E-10,4.610755E-10,-9.440542,-6.808887
'[17:34:14.604 21/01/2026]',-7.891667,-9.639381,-4.958841,-5.619751,4.610755E-10,4.610755E-10,-9.440542,-6.808887
'[17:34:14.612 21/01/2026]',5.532952,6.858528,1.601048,4.316818,4.610755E-10,4.610755E-10,6.120812,4.436457
'[17:34:14.620 21/01/2026]',-3.653723,-2.090276,-2.624957,-3.600572,4.610755E-10,4.610755E-10,-2.584831,-1.392668
'[17:34:14.628 21/01/2026]',1.947766,-0.1837963,3.097882,1.518615,4.610755E-10,4.610755E-10,1.483041,0.2659174
'[17:34:14.636 21/01/2026]',1.947766,-0.1837963,3.097882,1.518615,4.610755E-10,4.610755E-10,1.483041,0.2659174
'[17:34:14.644 21/01/2026]',1.947766,-0.1837963,3.097882,1.518615,4.610755E-10,4.610755E-10,1.483041,0.2659174
'[17:34:14.652 21/01/2026]',0.7581744,0.2788254,1.220649,3.388629,4.610755E-10,4.610755E-10,0.9198728,1.276887
'[17:34:14.660 21/01/2026]',0.7463457,3.879044,-0.5285961,-1.59402,4.610755E-10,4.610755E-10,0.7439942,1.077544
'[17:34:14.668 21/01/2026]',0.7463457,3.879044,-0.5285961,-1.59402,4.610755E-10,4.610755E-10,0.7439942,1.077544
'[17:34:14.676 21/01/2026]',0.7463457,3.879044,-0.5285961,-1.59402,4.610755E-10,4.610755E-10,0.7439942,1.077544
'[17:34:14.684 21/01/2026]',-4.652664,-4.960325,-5.119688,-4.646933,4.610755E-10,4.610755E-10,-3.862264,-3.804576
'[17:34:14.692 21/01/2026]',-4.652664,-4.960325,-5.119688,-4.646933,4.610755E-10,4.610755E-10,-3.862264,-3.804576
'[17:34:14.700 21/01/2026]',6.418787,3.496235,7.439948,7.755936,4.610755E-10,4.610755E-10,5.049219,4.254657
'[17:34:14.708 21/01/2026]',6.418787,3.496235,7.439948,7.755936,4.610755E-10,4.610755E-10,5.049219,4.254657
'[17:34:14.716 21/01/2026]',6.418787,3.496235,7.439948,7.755936,4.610755E-10,4.610755E-10,5.049219,4.254657
'[17:34:14.724 21/01/2026]',-1.352811,3.435938,-1.500334,-1.449548,4.610755E-10,4.610755E-10,-1.297907,-0.5819324
'[17:34:14.732 21/01/2026]',-1.352811,3.435938,-1.500334,-1.449548,4.610755E-10,4.610755E-10,-1.297907,-0.5819324
'[17:34:14.740 21/01/2026]',-1.352811,3.435938,-1.500334,-1.449548,4.610755E-10,4.610755E-10,-1.297907,-0.5819324
'[17:34:14.748 21/01/2026]',-2.966025,-6.632257,-3.414971,-4.33256,4.610755E-10,4.610755E-10,-4.027678,-3.366413
'[17:34:14.756 21/01/2026]',-0.1739625,-2.892538,0.6820614,1.576766,4.610755E-10,4.610755E-10,2.821636,1.361582
'[17:34:14.764 21/01/2026]',-0.1739625,-2.892538,0.6820614,1.576766,4.610755E-10,4.610755E-10,2.821636,1.361582
'[17:34:14.772 21/01/2026]',4.796688,14.60184,2.281174,3.238333,4.610755E-10,4.610755E-10,1.780333,3.680865
'[17:34:14.780 21/01/2026]',4.796688,14.60184,2.281174,3.238333,4.610755E-10,4.610755E-10,1.780333,3.680865
'[17:34:14.788 21/01/2026]',-2.812426,-16.1026,-1.282112,-3.616737,4.610755E-10,4.610755E-10,-5.617646,-7.430779
'[17:34:14.796 21/01/2026]',-2.812426,-16.1026,-1.282112,-3.616737,4.610755E-10,4.610755E-10,-5.617646,-7.430779
'[17:34:14.804 21/01/2026]',-0.9096423,3.782461,-1.351409,-0.4508431,4.610755E-10,4.610755E-10,3.929512,5.098273
'[17:34:14.812 21/01/2026]',-0.9096423,3.782461,-1.351409,-0.4508431,4.610755E-10,4.610755E-10,3.929512,5.098273
'[17:34:14.820 21/01/2026]',-0.6234412,5.345271,-0.2530499,-0.2220407,4.610755E-10,4.610755E-10,-2.123527,-1.362268
'[17:34:14.828 21/01/2026]',-0.6234412,5.345271,-0.2530499,-0.2220407,4.610755E-10,4.610755E-10,-2.123527,-1.362268
'[17:34:14.836 21/01/2026]',3.352284,-1.800863,4.292452,4.540598,4.610755E-10,4.610755E-10,4.349403,1.992938
'[17:34:14.844 21/01/2026]',3.352284,-1.800863,4.292452,4.540598,4.610755E-10,4.610755E-10,4.349403,1.992938
'[17:34:14.852 21/01/2026]',-1.651745,-3.759106,-2.224247,-3.237484,4.610755E-10,4.610755E-10,-2.237367,0.7330131
'[17:34:14.860 21/01/2026]',-1.651745,-3.759106,-2.224247,-3.237484,4.610755E-10,4.610755E-10,-2.237367,0.7330131
'[17:34:14.868 21/01/2026]',-1.651745,-3.759106,-2.224247,-3.237484,4.610755E-10,4.610755E-10,-2.237367,0.7330131
'[17:34:14.876 21/01/2026]',-0.2405404,5.557578,2.181335,2.152383,4.610755E-10,4.610755E-10,-0.5463408,-1.38138
'[17:34:14.884 21/01/2026]',-0.2405404,5.557578,2.181335,2.152383,4.610755E-10,4.610755E-10,-0.5463408,-1.38138
'[17:34:14.892 21/01/2026]',-0.2405404,5.557578,2.181335,2.152383,4.610755E-10,4.610755E-10,-0.5463408,-1.38138
'[17:34:14.900 21/01/2026]',-0.2405404,5.557578,2.181335,2.152383,4.610755E-10,4.610755E-10,-0.5463408,-1.38138
'[17:34:14.908 21/01/2026]',-0.2405404,5.557578,2.181335,2.152383,4.610755E-10,4.610755E-10,-0.5463408,-1.38138
'[17:34:14.916 21/01/2026]',-2.062798,-5.327952,-4.129177,-3.16677,4.610755E-10,4.610755E-10,-1.971669,-4.172768
'[17:34:14.924 21/01/2026]',-2.062798,-5.327952,-4.129177,-3.16677,4.610755E-10,4.610755E-10,-1.971669,-4.172768
'[17:34:14.932 21/01/2026]',5.096539,9.54544,4.055525,5.236777,4.610755E-10,4.610755E-10,3.875698,7.629018
'[17:34:14.940 21/01/2026]',5.096539,9.54544,4.055525,5.236777,4.610755E-10,4.610755E-10,3.875698,7.629018
'[17:34:14.948 21/01/2026]',-4.19748,-9.771033,0.9941061,-2.21496,4.610755E-10,4.610755E-10,-0.1393235,-2.357132
'[17:34:14.956 21/01/2026]',1.320962,-2.240665,-2.737473,-2.383052,4.610755E-10,4.610755E-10,-2.105147,-2.543308
'[17:34:14.964 21/01/2026]',4.768292,14.04384,3.402106,6.747115,4.610755E-10,4.610755E-10,3.321726,3.99488
'[17:34:14.972 21/01/2026]',-4.599405,-3.135264,-1.535541,-2.157828,4.610755E-10,4.610755E-10,-2.172593,-0.9212123
'[17:34:14.980 21/01/2026]',-4.599405,-3.135264,-1.535541,-2.157828,4.610755E-10,4.610755E-10,-2.172593,-0.9212123
'[17:34:14.988 21/01/2026]',-4.599405,-3.135264,-1.535541,-2.157828,4.610755E-10,4.610755E-10,-2.172593,-0.9212123
'[17:34:14.996 21/01/2026]',2.273451,-6.459704,0.9973189,-1.104628,4.610755E-10,4.610755E-10,0.4388376,-2.208676
'[17:34:15.004 21/01/2026]',2.273451,-6.459704,0.9973189,-1.104628,4.610755E-10,4.610755E-10,0.4388376,-2.208676
'[17:34:15.012 21/01/2026]',-4.152762,-1.466465,-5.015566,-4.292493,4.610755E-10,4.610755E-10,-1.135957,1.020148
'[17:34:15.020 21/01/2026]',-4.152762,-1.466465,-5.015566,-4.292493,4.610755E-10,4.610755E-10,-1.135957,1.020148
'[17:34:15.028 21/01/2026]',-4.152762,-1.466465,-5.015566,-4.292493,4.610755E-10,4.610755E-10,-1.135957,1.020148
'[17:34:15.036 21/01/2026]',4.942334,7.329439,4.323934,4.448578,4.610755E-10,4.610755E-10,-1.792722,-1.547359
'[17:34:15.044 21/01/2026]',4.942334,7.329439,4.323934,4.448578,4.610755E-10,4.610755E-10,-1.792722,-1.547359
'[17:34:15.052 21/01/2026]',-3.426462,-4.034881,-0.7320944,-0.8260366,4.610755E-10,4.610755E-10,2.56057,1.905939
'[17:34:15.060 21/01/2026]',-3.426462,-4.034881,-0.7320944,-0.8260366,4.610755E-10,4.610755E-10,2.56057,1.905939
'[17:34:15.068 21/01/2026]',-3.426462,-4.034881,-0.7320944,-0.8260366,4.610755E-10,4.610755E-10,2.56057,1.905939
'[17:34:15.076 21/01/2026]',2.032403,0.3968605,1.884704,1.343835,4.610755E-10,4.610755E-10,1.020674,-0.455833
'[17:34:15.084 21/01/2026]',2.032403,0.3968605,1.884704,1.343835,4.610755E-10,4.610755E-10,1.020674,-0.455833
'[17:34:15.092 21/01/2026]',2.032403,0.3968605,1.884704,1.343835,4.610755E-10,4.610755E-10,1.020674,-0.455833
'[17:34:15.100 21/01/2026]',2.112561,-0.3359694,0.6094854,0.2922393,4.610755E-10,4.610755E-10,-1.663491,0.214736
'[17:34:15.108 21/01/2026]',2.112561,-0.3359694,0.6094854,0.2922393,4.610755E-10,4.610755E-10,-1.663491,0.214736
'[17:34:15.116 21/01/2026]',-2.095103,2.193584,-0.9231029,0.07991817,4.610755E-10,4.610755E-10,2.008154,0.9324106
'[17:34:15.124 21/01/2026]',-1.569725,-2.439858,-1.238944,-1.801596,4.610755E-10,4.610755E-10,-4.398211,-2.404317
'[17:34:15.132 21/01/2026]',3.57081,1.645168,3.657962,1.710004,4.610755E-10,4.610755E-10,5.506006,3.659879
'[17:34:15.140 21/01/2026]',3.57081,1.645168,3.657962,1.710004,4.610755E-10,4.610755E-10,5.506006,3.659879
'[17:34:15.148 21/01/2026]',3.57081,1.645168,3.657962,1.710004,4.610755E-10,4.610755E-10,5.506006,3.659879
'[17:34:15.156 21/01/2026]',-6.681399,-4.328288,-9.08563,-7.521976,4.610755E-10,4.610755E-10,-6.839732,-5.352958
'[17:34:15.164 21/01/2026]',-6.681399,-4.328288,-9.08563,-7.521976,4.610755E-10,4.610755E-10,-6.839732,-5.352958
'[17:34:15.172 21/01/2026]',2.726216,-1.628742,6.619533,6.728745,4.610755E-10,4.610755E-10,2.43926,2.368791
'[17:34:15.180 21/01/2026]',2.726216,-1.628742,6.619533,6.728745,4.610755E-10,4.610755E-10,2.43926,2.368791
'[17:34:15.188 21/01/2026]',5.342478,4.056232,2.461887,2.710413,4.610755E-10,4.610755E-10,4.208209,2.108439
'[17:34:15.196 21/01/2026]',5.342478,4.056232,2.461887,2.710413,4.610755E-10,4.610755E-10,4.208209,2.108439
'[17:34:15.204 21/01/2026]',-5.705699,-1.10212,-6.391109,-6.946183,4.610755E-10,4.610755E-10,-4.014769,-2.213457
'[17:34:15.212 21/01/2026]',-5.705699,-1.10212,-6.391109,-6.946183,4.610755E-10,4.610755E-10,-4.014769,-2.213457
'[17:34:15.220 21/01/2026]',1.115712,2.913662,5.145157,6.149801,4.610755E-10,4.610755E-10,0.5234252,2.361696
'[17:34:15.228 21/01/2026]',1.115712,2.913662,5.145157,6.149801,4.610755E-10,4.610755E-10,0.5234252,2.361696
'[17:34:15.236 21/01/2026]',1.115712,2.913662,5.145157,6.149801,4.610755E-10,4.610755E-10,0.5234252,2.361696
'[17:34:15.244 21/01/2026]',1.00445,-3.574053,-3.315247,-3.597787,4.610755E-10,4.610755E-10,-0.4731946,-3.896605
'[17:34:15.252 21/01/2026]',1.00445,-3.574053,-3.315247,-3.597787,4.610755E-10,4.610755E-10,-0.4731946,-3.896605
'[17:34:15.260 21/01/2026]',1.00445,-3.574053,-3.315247,-3.597787,4.610755E-10,4.610755E-10,-0.4731946,-3.896605
'[17:34:15.268 21/01/2026]',-0.7047614,2.410773,0.8240979,1.268754,4.610755E-10,4.610755E-10,2.233633,4.876341
'[17:34:15.276 21/01/2026]',-0.7047614,2.410773,0.8240979,1.268754,4.610755E-10,4.610755E-10,2.233633,4.876341
'[17:34:15.284 21/01/2026]',-0.7047614,2.410773,0.8240979,1.268754,4.610755E-10,4.610755E-10,2.233633,4.876341
'[17:34:15.292 21/01/2026]',4.080658,8.674709,5.411252,5.064004,4.610755E-10,4.610755E-10,0.256948,-0.7749131
'[17:34:15.300 21/01/2026]',-7.096181,-19.82681,-7.775562,-9.469333,4.610755E-10,4.610755E-10,-3.667095,-5.1226
'[17:34:15.308 21/01/2026]',-7.096181,-19.82681,-7.775562,-9.469333,4.610755E-10,4.610755E-10,-3.667095,-5.1226
'[17:34:15.316 21/01/2026]',4.237401,15.7481,3.606916,6.42204,4.610755E-10,4.610755E-10,3.622189,6.430646
'[17:34:15.324 21/01/2026]',-2.421453,-9.980243,0.5084621,-2.243703,4.610755E-10,4.610755E-10,-2.828264,-5.500473
'[17:34:15.332 21/01/2026]',-2.421453,-9.980243,0.5084621,-2.243703,4.610755E-10,4.610755E-10,-2.828264,-5.500473
'[17:34:15.340 21/01/2026]',2.929602,5.16192,-0.8290596,1.355161,4.610755E-10,4.610755E-10,0.1387981,1.533466
'[17:34:15.348 21/01/2026]',2.929602,5.16192,-0.8290596,1.355161,4.610755E-10,4.610755E-10,0.1387981,1.533466
'[17:34:15.356 21/01/2026]',2.929602,5.16192,-0.8290596,1.355161,4.610755E-10,4.610755E-10,0.1387981,1.533466
'[17:34:15.364 21/01/2026]',-0.7872674,1.501926,0.8118923,-2.018538,4.610755E-10,4.610755E-10,2.430428,2.917037
'[17:34:15.372 21/01/2026]',-3.849231,-4.652884,-2.488226,1.685283,4.610755E-10,4.610755E-10,-0.1402469,-1.586024
'[17:34:15.380 21/01/2026]',-3.849231,-4.652884,-2.488226,1.685283,4.610755E-10,4.610755E-10,-0.1402469,-1.586024
'[17:34:15.388 21/01/2026]',3.187737,2.962983,2.157976,0.3140979,4.610755E-10,4.610755E-10,-3.033237,-1.688956
'[17:34:15.396 21/01/2026]',3.187737,2.962983,2.157976,0.3140979,4.610755E-10,4.610755E-10,-3.033237,-1.688956
'[17:34:15.404 21/01/2026]',3.187737,2.962983,2.157976,0.3140979,4.610755E-10,4.610755E-10,-3.033237,-1.688956
'[17:34:15.412 21/01/2026]',3.039581,-4.85403,3.685144,-0.3354886,4.610755E-10,4.610755E-10,2.093638,2.085132
'[17:34:15.420 21/01/2026]',3.039581,-4.85403,3.685144,-0.3354886,4.610755E-10,4.610755E-10,2.093638,2.085132
'[17:34:15.428 21/01/2026]',3.039581,-4.85403,3.685144,-0.3354886,4.610755E-10,4.610755E-10,2.093638,2.085132
'[17:34:15.436 21/01/2026]',3.039581,-4.85403,3.685144,-0.3354886,4.610755E-10,4.610755E-10,2.093638,2.085132
'[17:34:15.444 21/01/2026]',-4.758242,2.428934,-5.53651,-1.004532,4.610755E-10,4.610755E-10,-0.5455238,-2.232667
'[17:34:15.452 21/01/2026]',1.237926,3.447583,0.07052628,1.482607,4.610755E-10,4.610755E-10,2.049637,4.228968
'[17:34:15.460 21/01/2026]',1.237926,3.447583,0.07052628,1.482607,4.610755E-10,4.610755E-10,2.049637,4.228968
'[17:34:15.468 21/01/2026]',1.237926,3.447583,0.07052628,1.482607,4.610755E-10,4.610755E-10,2.049637,4.228968
'[17:34:15.476 21/01/2026]',2.197792,-1.73494,3.619649,0.3144547,4.610755E-10,4.610755E-10,-0.3130878,-2.039747
'[17:34:15.484 21/01/2026]',-2.135092,-1.379699,-3.163025,-0.7411793,4.610755E-10,4.610755E-10,-2.513397,-2.061861
'[17:34:15.492 21/01/2026]',-2.135092,-1.379699,-3.163025,-0.7411793,4.610755E-10,4.610755E-10,-2.513397,-2.061861
'[17:34:15.500 21/01/2026]',2.311369,-1.390343,3.004898,1.53285,4.610755E-10,4.610755E-10,3.846563,4.01374
'[17:34:15.508 21/01/2026]',2.311369,-1.390343,3.004898,1.53285,4.610755E-10,4.610755E-10,3.846563,4.01374
'[17:34:15.516 21/01/2026]',-0.2876903,5.981455,-0.7623073,0.7769927,4.610755E-10,4.610755E-10,-3.050228,-3.522971
'[17:34:15.524 21/01/2026]',-0.2876903,5.981455,-0.7623073,0.7769927,4.610755E-10,4.610755E-10,-3.050228,-3.522971
'[17:34:15.532 21/01/2026]',-4.022197,-4.66444,-2.783843,-3.709527,4.610755E-10,4.610755E-10,-0.9627715,-0.7242721
'[17:34:15.540 21/01/2026]',-4.022197,-4.66444,-2.783843,-3.709527,4.610755E-10,4.610755E-10,-0.9627715,-0.7242721
'[17:34:15.548 21/01/2026]',6.403983,1.697362,4.859937,3.076279,4.610755E-10,4.610755E-10,4.691549,3.085965
'[17:34:15.556 21/01/2026]',6.403983,1.697362,4.859937,3.076279,4.610755E-10,4.610755E-10,4.691549,3.085965
'[17:34:15.564 21/01/2026]',6.403983,1.697362,4.859937,3.076279,4.610755E-10,4.610755E-10,4.691549,3.085965
'[17:34:15.572 21/01/2026]',-5.98841,-0.7366739,-4.429673,-2.483027,4.610755E-10,4.610755E-10,-4.471573,-2.252141
'[17:34:15.580 21/01/2026]',5.257105,2.006837,4.718741,3.510344,4.610755E-10,4.610755E-10,2.830111,2.039049
'[17:34:15.588 21/01/2026]',5.257105,2.006837,4.718741,3.510344,4.610755E-10,4.610755E-10,2.830111,2.039049
'[17:34:15.596 21/01/2026]',-2.212938,-0.131275,-2.977427,0.3056188,4.610755E-10,4.610755E-10,0.2147858,-0.7403934
'[17:34:15.604 21/01/2026]',-2.212938,-0.131275,-2.977427,0.3056188,4.610755E-10,4.610755E-10,0.2147858,-0.7403934
'[17:34:15.612 21/01/2026]',-2.212938,-0.131275,-2.977427,0.3056188,4.610755E-10,4.610755E-10,0.2147858,-0.7403934
'[17:34:15.620 21/01/2026]',-2.212938,-0.131275,-2.977427,0.3056188,4.610755E-10,4.610755E-10,0.2147858,-0.7403934
'[17:34:15.628 21/01/2026]',-0.5115384,-1.484895,-0.5206963,-5.810077,4.610755E-10,4.610755E-10,-4.371025,-3.296167
'[17:34:15.636 21/01/2026]',-0.5115384,-1.484895,-0.5206963,-5.810077,4.610755E-10,4.610755E-10,-4.371025,-3.296167
'[17:34:15.644 21/01/2026]',-0.4952118,0.386773,-0.9478785,3.890354,4.610755E-10,4.610755E-10,2.830714,2.868357
'[17:34:15.652 21/01/2026]',3.291232,1.233228,4.420338,3.086524,4.610755E-10,4.610755E-10,1.561542,1.404144
'[17:34:15.660 21/01/2026]',3.291232,1.233228,4.420338,3.086524,4.610755E-10,4.610755E-10,1.561542,1.404144
'[17:34:15.668 21/01/2026]',-3.997264,-0.6227785,-4.78908,-5.571531,4.610755E-10,4.610755E-10,-4.880868,-4.51955
'[17:34:15.676 21/01/2026]',-3.997264,-0.6227785,-4.78908,-5.571531,4.610755E-10,4.610755E-10,-4.880868,-4.51955
'[17:34:15.684 21/01/2026]',-1.473644,-2.601707,-0.4825779,-1.547464,4.610755E-10,4.610755E-10,1.789859,0.6365565
'[17:34:15.692 21/01/2026]',-1.473644,-2.601707,-0.4825779,-1.547464,4.610755E-10,4.610755E-10,1.789859,0.6365565
'[17:34:15.700 21/01/2026]',3.113574,2.361214,2.097676,4.17549,4.610755E-10,4.610755E-10,1.794522,2.35193
'[17:34:15.708 21/01/2026]',3.113574,2.361214,2.097676,4.17549,4.610755E-10,4.610755E-10,1.794522,2.35193
'[17:34:15.716 21/01/2026]',1.60546,-1.510786,0.5963772,0.4199112,4.610755E-10,4.610755E-10,-2.708526,-1.3468
'[17:34:15.724 21/01/2026]',1.60546,-1.510786,0.5963772,0.4199112,4.610755E-10,4.610755E-10,-2.708526,-1.3468
'[17:34:15.732 21/01/2026]',-4.020253,-1.344911,-2.805327,-3.947892,4.610755E-10,4.610755E-10,1.457629,0.3056484
'[17:34:15.740 21/01/2026]',-4.020253,-1.344911,-2.805327,-3.947892,4.610755E-10,4.610755E-10,1.457629,0.3056484
'[17:34:15.748 21/01/2026]',0.3896353,2.161422,1.555266,1.437653,4.610755E-10,4.610755E-10,-0.2497369,-1.217814
'[17:34:15.756 21/01/2026]',0.3896353,2.161422,1.555266,1.437653,4.610755E-10,4.610755E-10,-0.2497369,-1.217814
'[17:34:15.764 21/01/2026]',0.3896353,2.161422,1.555266,1.437653,4.610755E-10,4.610755E-10,-0.2497369,-1.217814
'[17:34:15.772 21/01/2026]',0.1175363,-0.9293093,-1.864803,-0.3263317,4.610755E-10,4.610755E-10,-1.603939,-0.2394689
'[17:34:15.780 21/01/2026]',0.1175363,-0.9293093,-1.864803,-0.3263317,4.610755E-10,4.610755E-10,-1.603939,-0.2394689
'[17:34:15.788 21/01/2026]',0.1175363,-0.9293093,-1.864803,-0.3263317,4.610755E-10,4.610755E-10,-1.603939,-0.2394689
'[17:34:15.796 21/01/2026]',1.915075,-0.7130556,2.962933,1.662539,4.610755E-10,4.610755E-10,3.872225,5.059741
'[17:34:15.804 21/01/2026]',-2.052458,0.4281747,-2.127395,-1.507801,4.610755E-10,4.610755E-10,-2.080921,-3.402405
'[17:34:15.812 21/01/2026]',-2.052458,0.4281747,-2.127395,-1.507801,4.610755E-10,4.610755E-10,-2.080921,-3.402405
'[17:34:15.820 21/01/2026]',-2.052458,0.4281747,-2.127395,-1.507801,4.610755E-10,4.610755E-10,-2.080921,-3.402405
'[17:34:15.828 21/01/2026]',0.3225561,0.8995738,-0.1560308,-1.051498,4.610755E-10,4.610755E-10,-1.806817,-2.490146
'[17:34:15.836 21/01/2026]',-0.470794,-2.806035,-0.9627188,1.156314,4.610755E-10,4.610755E-10,-0.4769152,1.843832
'[17:34:15.844 21/01/2026]',-1.468158,-0.1586034,-0.717907,-1.601794,4.610755E-10,4.610755E-10,3.544789,1.981816
'[17:34:15.852 21/01/2026]',-1.468158,-0.1586034,-0.717907,-1.601794,4.610755E-10,4.610755E-10,3.544789,1.981816
'[17:34:15.860 21/01/2026]',-0.1801656,1.625604,-0.3444268,0.05704566,4.610755E-10,4.610755E-10,-1.934434,-1.944769
'[17:34:15.868 21/01/2026]',-0.1801656,1.625604,-0.3444268,0.05704566,4.610755E-10,4.610755E-10,-1.934434,-1.944769
'[17:34:15.876 21/01/2026]',-0.1801656,1.625604,-0.3444268,0.05704566,4.610755E-10,4.610755E-10,-1.934434,-1.944769
'[17:34:15.884 21/01/2026]',-1.042115,-5.999999,0.5787572,-1.131095,4.610755E-10,4.610755E-10,-4.429057,-4.344853
'[17:34:15.892 21/01/2026]',-1.042115,-5.999999,0.5787572,-1.131095,4.610755E-10,4.610755E-10,-4.429057,-4.344853
'[17:34:15.900 21/01/2026]',-0.235202,4.307082,-0.7967075,0.688326,4.610755E-10,4.610755E-10,6.656734,5.877951
'[17:34:15.908 21/01/2026]',-0.235202,4.307082,-0.7967075,0.688326,4.610755E-10,4.610755E-10,6.656734,5.877951
'[17:34:15.916 21/01/2026]',10.73866,7.799786,6.949984,5.475501,4.610755E-10,4.610755E-10,-0.4937997,-0.3605781
'[17:34:15.924 21/01/2026]',10.73866,7.799786,6.949984,5.475501,4.610755E-10,4.610755E-10,-0.4937997,-0.3605781
'[17:34:15.932 21/01/2026]',10.73866,7.799786,6.949984,5.475501,4.610755E-10,4.610755E-10,-0.4937997,-0.3605781
'[17:34:15.940 21/01/2026]',-8.692989,-7.193768,-6.340504,-7.3685,4.610755E-10,4.610755E-10,-8.241575,-7.082948
'[17:34:15.948 21/01/2026]',-8.692989,-7.193768,-6.340504,-7.3685,4.610755E-10,4.610755E-10,-8.241575,-7.082948
'[17:34:15.956 21/01/2026]',-8.692989,-7.193768,-6.340504,-7.3685,4.610755E-10,4.610755E-10,-8.241575,-7.082948
'[17:34:15.964 21/01/2026]',-8.692989,-7.193768,-6.340504,-7.3685,4.610755E-10,4.610755E-10,-8.241575,-7.082948
'[17:34:15.972 21/01/2026]',-0.5933607,-2.062483,-2.701236,1.259275,4.610755E-10,4.610755E-10,5.483069,4.541451
'[17:34:15.980 21/01/2026]',-2.198967,0.8865049,2.67869,-0.829576,4.610755E-10,4.610755E-10,1.486397,2.493325
'[17:34:15.988 21/01/2026]',5.053413,-0.02674878,-0.1216891,0.6271929,4.610755E-10,4.610755E-10,-4.688925,-4.79836
'[17:34:15.996 21/01/2026]',-4.139221,-2.451212,-1.280877,-1.059497,4.610755E-10,4.610755E-10,1.61927,0.1563029
'[17:34:16.004 21/01/2026]',-4.139221,-2.451212,-1.280877,-1.059497,4.610755E-10,4.610755E-10,1.61927,0.1563029
'[17:34:16.012 21/01/2026]',-4.139221,-2.451212,-1.280877,-1.059497,4.610755E-10,4.610755E-10,1.61927,0.1563029
'[17:34:16.020 21/01/2026]',-4.139221,-2.451212,-1.280877,-1.059497,4.610755E-10,4.610755E-10,1.61927,0.1563029
'[17:34:16.028 21/01/2026]',1.287628,0.4408242,1.686654,1.488153,4.610755E-10,4.610755E-10,1.492576,3.252084
'[17:34:16.036 21/01/2026]',0.729053,4.010895,-0.9694983,0.3150818,4.610755E-10,4.610755E-10,-0.5424817,-1.395395
'[17:34:16.044 21/01/2026]',0.729053,4.010895,-0.9694983,0.3150818,4.610755E-10,4.610755E-10,-0.5424817,-1.395395
'[17:34:16.052 21/01/2026]',0.729053,4.010895,-0.9694983,0.3150818,4.610755E-10,4.610755E-10,-0.5424817,-1.395395
'[17:34:16.060 21/01/2026]',2.261876,0.1065161,2.133634,1.671682,4.610755E-10,4.610755E-10,1.81736,1.999213
'[17:34:16.068 21/01/2026]',2.261876,0.1065161,2.133634,1.671682,4.610755E-10,4.610755E-10,1.81736,1.999213
'[17:34:16.076 21/01/2026]',-3.718363,-6.199727,-3.437684,-4.476258,4.610755E-10,4.610755E-10,-2.830374,-3.909643
'[17:34:16.084 21/01/2026]',-3.718363,-6.199727,-3.437684,-4.476258,4.610755E-10,4.610755E-10,-2.830374,-3.909643
'[17:34:16.092 21/01/2026]',0.9138064,5.095624,1.478467,2.357244,4.610755E-10,4.610755E-10,0.2253731,2.16082
'[17:34:16.100 21/01/2026]',0.9138064,5.095624,1.478467,2.357244,4.610755E-10,4.610755E-10,0.2253731,2.16082
'[17:34:16.108 21/01/2026]',0.9138064,5.095624,1.478467,2.357244,4.610755E-10,4.610755E-10,0.2253731,2.16082
'[17:34:16.116 21/01/2026]',0.1803975,-0.6320264,-2.243582,-0.8536181,4.610755E-10,4.610755E-10,-1.113444,-1.677567
'[17:34:16.124 21/01/2026]',0.1803975,-0.6320264,-2.243582,-0.8536181,4.610755E-10,4.610755E-10,-1.113444,-1.677567
'[17:34:16.132 21/01/2026]',0.1803975,-0.6320264,-2.243582,-0.8536181,4.610755E-10,4.610755E-10,-1.113444,-1.677567
'[17:34:16.140 21/01/2026]',-1.199482,-0.2917722,-0.09637429,-0.8817416,4.610755E-10,4.610755E-10,2.727885,2.174438
'[17:34:16.148 21/01/2026]',-1.199482,-0.2917722,-0.09637429,-0.8817416,4.610755E-10,4.610755E-10,2.727885,2.174438
'[17:34:16.156 21/01/2026]',-1.199482,-0.2917722,-0.09637429,-0.8817416,4.610755E-10,4.610755E-10,2.727885,2.174438
'[17:34:16.164 21/01/2026]',3.749108,-0.6650048,4.529959,4.025726,4.610755E-10,4.610755E-10,0.619656,0.308585
'[17:34:16.172 21/01/2026]',-2.590024,3.005723,-4.135071,-2.056728,4.610755E-10,4.610755E-10,-1.542893,-0.9707799
'[17:34:16.180 21/01/2026]',-2.590024,3.005723,-4.135071,-2.056728,4.610755E-10,4.610755E-10,-1.542893,-0.9707799
'[17:34:16.188 21/01/2026]',-0.2926443,-3.545506,-0.5642285,-2.95049,4.610755E-10,4.610755E-10,-2.367352,-2.275781
'[17:34:16.196 21/01/2026]',-2.450033,-1.54816,-0.5192788,1.337238,4.610755E-10,4.610755E-10,2.45716,3.648144
'[17:34:16.204 21/01/2026]',-2.450033,-1.54816,-0.5192788,1.337238,4.610755E-10,4.610755E-10,2.45716,3.648144
'[17:34:16.212 21/01/2026]',-2.450033,-1.54816,-0.5192788,1.337238,4.610755E-10,4.610755E-10,2.45716,3.648144
'[17:34:16.220 21/01/2026]',4.831203,6.296594,3.281501,2.248396,4.610755E-10,4.610755E-10,1.430341,-0.8494824
'[17:34:16.228 21/01/2026]',4.831203,6.296594,3.281501,2.248396,4.610755E-10,4.610755E-10,1.430341,-0.8494824
'[17:34:16.236 21/01/2026]',-3.540562,-6.056635,-3.896196,-3.03124,4.610755E-10,4.610755E-10,-3.566717,-1.901714
'[17:34:16.244 21/01/2026]',-3.540562,-6.056635,-3.896196,-3.03124,4.610755E-10,4.610755E-10,-3.566717,-1.901714
'[17:34:16.252 21/01/2026]',-1.775,3.139943,-0.7900234,0.8645332,4.610755E-10,4.610755E-10,1.441664,1.535966
'[17:34:16.260 21/01/2026]',-1.775,3.139943,-0.7900234,0.8645332,4.610755E-10,4.610755E-10,1.441664,1.535966
'[17:34:16.268 21/01/2026]',-1.775,3.139943,-0.7900234,0.8645332,4.610755E-10,4.610755E-10,1.441664,1.535966
'[17:34:16.276 21/01/2026]',5.618718,3.069535,5.158328,2.942425,4.610755E-10,4.610755E-10,5.686396,3.796024
'[17:34:16.284 21/01/2026]',-2.840924,-1.941795,-4.035836,-2.017262,4.610755E-10,4.610755E-10,-8.403382,-5.00191
'[17:34:16.292 21/01/2026]',-2.840924,-1.941795,-4.035836,-2.017262,4.610755E-10,4.610755E-10,-8.403382,-5.00191
'[17:34:16.300 21/01/2026]',-3.175894,-5.556935,-0.05066429,-1.895753,4.610755E-10,4.610755E-10,3.059503,0.1723267
'[17:34:16.308 21/01/2026]',-3.175894,-5.556935,-0.05066429,-1.895753,4.610755E-10,4.610755E-10,3.059503,0.1723267
'[17:34:16.316 21/01/2026]',-3.175894,-5.556935,-0.05066429,-1.895753,4.610755E-10,4.610755E-10,3.059503,0.1723267
'[17:34:16.324 21/01/2026]',3.910642,3.649174,2.800238,0.9021245,4.610755E-10,4.610755E-10,1.005132,2.106625
'[17:34:16.332 21/01/2026]',0.8868512,2.398095,-0.04482593,2.85649,4.610755E-10,4.610755E-10,1.808662,1.01911
'[17:34:16.340 21/01/2026]',0.8868512,2.398095,-0.04482593,2.85649,4.610755E-10,4.610755E-10,1.808662,1.01911
'[17:34:16.348 21/01/2026]',-3.831409,-4.503166,-2.782142,-4.142821,4.610755E-10,4.610755E-10,-4.664277,-2.719836
'[17:34:16.356 21/01/2026]',-3.831409,-4.503166,-2.782142,-4.142821,4.610755E-10,4.610755E-10,-4.664277,-2.719836
'[17:34:16.364 21/01/2026]',-3.831409,-4.503166,-2.782142,-4.142821,4.610755E-10,4.610755E-10,-4.664277,-2.719836
'[17:34:16.372 21/01/2026]',-1.117252,0.2418533,-2.072721,-1.439712,4.610755E-10,4.610755E-10,0.2068225,-0.9697213
'[17:34:16.380 21/01/2026]',-1.117252,0.2418533,-2.072721,-1.439712,4.610755E-10,4.610755E-10,0.2068225,-0.9697213
'[17:34:16.388 21/01/2026]',-1.117252,0.2418533,-2.072721,-1.439712,4.610755E-10,4.610755E-10,0.2068225,-0.9697213
'[17:34:16.396 21/01/2026]',3.349292,1.235624,4.311751,2.995657,4.610755E-10,4.610755E-10,2.073982,1.445346
'[17:34:16.404 21/01/2026]',2.272222,0.6167998,-0.3939849,0.7565336,4.610755E-10,4.610755E-10,0.4624385,0.9986175
'[17:34:16.412 21/01/2026]',2.272222,0.6167998,-0.3939849,0.7565336,4.610755E-10,4.610755E-10,0.4624385,0.9986175
'[17:34:16.420 21/01/2026]',-5.729249,-0.9975697,-2.393432,-3.36143,4.610755E-10,4.610755E-10,-2.132675,-0.9275094
'[17:34:16.428 21/01/2026]',-5.729249,-0.9975697,-2.393432,-3.36143,4.610755E-10,4.610755E-10,-2.132675,-0.9275094
'[17:34:16.436 21/01/2026]',-5.729249,-0.9975697,-2.393432,-3.36143,4.610755E-10,4.610755E-10,-2.132675,-0.9275094
'[17:34:16.444 21/01/2026]',3.494436,0.7147512,2.643863,2.111322,4.610755E-10,4.610755E-10,0.6860252,-1.111132
'[17:34:16.452 21/01/2026]',3.494436,0.7147512,2.643863,2.111322,4.610755E-10,4.610755E-10,0.6860252,-1.111132
'[17:34:16.460 21/01/2026]',3.494436,0.7147512,2.643863,2.111322,4.610755E-10,4.610755E-10,0.6860252,-1.111132
'[17:34:16.468 21/01/2026]',1.446699,1.283792,-0.5003418,1.930011,4.610755E-10,4.610755E-10,1.736415,2.558172
'[17:34:16.476 21/01/2026]',1.446699,1.283792,-0.5003418,1.930011,4.610755E-10,4.610755E-10,1.736415,2.558172
'[17:34:16.484 21/01/2026]',-4.025924,-2.57216,-2.086537,-2.888737,4.610755E-10,4.610755E-10,-4.525504,-4.157852
'[17:34:16.492 21/01/2026]',-4.025924,-2.57216,-2.086537,-2.888737,4.610755E-10,4.610755E-10,-4.525504,-4.157852
'[17:34:16.500 21/01/2026]',-4.025924,-2.57216,-2.086537,-2.888737,4.610755E-10,4.610755E-10,-4.525504,-4.157852
'[17:34:16.508 21/01/2026]',4.170801,2.097037,3.807185,2.474568,4.610755E-10,4.610755E-10,5.408179,5.097488
'[17:34:16.516 21/01/2026]',-5.103853,-0.9934199,-6.349147,-3.76849,4.610755E-10,4.610755E-10,-2.811132,-3.520476
'[17:34:16.524 21/01/2026]',3.953045,0.7326698,6.212922,5.139249,4.610755E-10,4.610755E-10,2.712883,2.698853
'[17:34:16.532 21/01/2026]',3.953045,0.7326698,6.212922,5.139249,4.610755E-10,4.610755E-10,2.712883,2.698853
'[17:34:16.540 21/01/2026]',-2.637237,-2.050811,-3.777019,-4.131565,4.610755E-10,4.610755E-10,-5.2253,-4.426877
'[17:34:16.548 21/01/2026]',-2.637237,-2.050811,-3.777019,-4.131565,4.610755E-10,4.610755E-10,-5.2253,-4.426877
'[17:34:16.556 21/01/2026]',0.8767877,3.535589,0.2465342,1.897427,4.610755E-10,4.610755E-10,1.881176,2.811274
'[17:34:16.564 21/01/2026]',0.8767877,3.535589,0.2465342,1.897427,4.610755E-10,4.610755E-10,1.881176,2.811274
'[17:34:16.572 21/01/2026]',-4.392097,-7.704342,-0.8896893,-3.233424,4.610755E-10,4.610755E-10,2.492764,-1.432728
'[17:34:16.580 21/01/2026]',-4.392097,-7.704342,-0.8896893,-3.233424,4.610755E-10,4.610755E-10,2.492764,-1.432728
'[17:34:16.588 21/01/2026]',9.213646,10.5072,2.896764,4.379265,4.610755E-10,4.610755E-10,-3.32673,-0.4811659
'[17:34:16.596 21/01/2026]',9.213646,10.5072,2.896764,4.379265,4.610755E-10,4.610755E-10,-3.32673,-0.4811659
'[17:34:16.604 21/01/2026]',-2.154782,-2.657403,-0.2316595,-0.4036369,4.610755E-10,4.610755E-10,-1.130175,-1.329828
'[17:34:16.612 21/01/2026]',-2.154782,-2.657403,-0.2316595,-0.4036369,4.610755E-10,4.610755E-10,-1.130175,-1.329828
'[17:34:16.620 21/01/2026]',-2.154782,-2.657403,-0.2316595,-0.4036369,4.610755E-10,4.610755E-10,-1.130175,-1.329828
'[17:34:16.628 21/01/2026]',-2.154782,-2.657403,-0.2316595,-0.4036369,4.610755E-10,4.610755E-10,-1.130175,-1.329828
'[17:34:16.636 21/01/2026]',-2.561383,-2.132257,0.8978928,-0.09137399,4.610755E-10,4.610755E-10,6.920346,5.853929
'[17:34:16.644 21/01/2026]',-2.561383,-2.132257,0.8978928,-0.09137399,4.610755E-10,4.610755E-10,6.920346,5.853929
'[17:34:16.652 21/01/2026]',-0.5108406,0.5173874,-1.682135,-1.086503,4.610755E-10,4.610755E-10,-3.11325,-2.623515
'[17:34:16.660 21/01/2026]',-0.5108406,0.5173874,-1.682135,-1.086503,4.610755E-10,4.610755E-10,-3.11325,-2.623515
'[17:34:16.668 21/01/2026]',-0.5108406,0.5173874,-1.682135,-1.086503,4.610755E-10,4.610755E-10,-3.11325,-2.623515
'[17:34:16.676 21/01/2026]',-0.4564231,1.500119,-0.4592439,-1.371608,4.610755E-10,4.610755E-10,-4.659354,-5.852248
'[17:34:16.684 21/01/2026]',-6.821561,-5.612562,-1.583957,-1.173839,4.610755E-10,4.610755E-10,0.9698729,3.084102
'[17:34:16.692 21/01/2026]',-6.821561,-5.612562,-1.583957,-1.173839,4.610755E-10,4.610755E-10,0.9698729,3.084102
'[17:34:16.700 21/01/2026]',-29.17942,-22.74405,-12.68424,-11.51016,4.610755E-10,4.610755E-10,3.175312,2.570665
'[17:34:16.708 21/01/2026]',-29.17942,-22.74405,-12.68424,-11.51016,4.610755E-10,4.610755E-10,3.175312,2.570665
'[17:34:16.716 21/01/2026]',44.77831,33.44775,17.9386,16.72666,4.610755E-10,4.610755E-10,-0.06413074,-1.504837
'[17:34:16.724 21/01/2026]',35.55233,31.13121,15.08002,13.10574,4.610755E-10,4.610755E-10,-2.764073,-1.335938
'[17:34:16.732 21/01/2026]',35.55233,31.13121,15.08002,13.10574,4.610755E-10,4.610755E-10,-2.764073,-1.335938
'[17:34:16.740 21/01/2026]',35.55233,31.13121,15.08002,13.10574,4.610755E-10,4.610755E-10,-2.764073,-1.335938
'[17:34:16.748 21/01/2026]',-46.31572,-39.421,-19.07581,-16.04346,4.610755E-10,4.610755E-10,3.09179,3.906714
'[17:34:16.756 21/01/2026]',-46.31572,-39.421,-19.07581,-16.04346,4.610755E-10,4.610755E-10,3.09179,3.906714
'[17:34:16.764 21/01/2026]',-46.31572,-39.421,-19.07581,-16.04346,4.610755E-10,4.610755E-10,3.09179,3.906714
'[17:34:16.772 21/01/2026]',-8.775916,-6.944234,-5.474185,-3.978694,4.610755E-10,4.610755E-10,-3.369156,-4.248405
'[17:34:16.780 21/01/2026]',-8.775916,-6.944234,-5.474185,-3.978694,4.610755E-10,4.610755E-10,-3.369156,-4.248405
'[17:34:16.788 21/01/2026]',18.2487,12.22761,10.23338,4.849641,4.610755E-10,4.610755E-10,2.970737,-0.06602493
'[17:34:16.796 21/01/2026]',-1.804182,2.567519,-1.363401,2.440953,4.610755E-10,4.610755E-10,0.5660643,4.573121
'[17:34:16.804 21/01/2026]',-1.804182,2.567519,-1.363401,2.440953,4.610755E-10,4.610755E-10,0.5660643,4.573121
'[17:34:16.812 21/01/2026]',-1.804182,2.567519,-1.363401,2.440953,4.610755E-10,4.610755E-10,0.5660643,4.573121
'[17:34:16.820 21/01/2026]',-10.42371,-10.35867,-7.994532,-7.098033,4.610755E-10,4.610755E-10,-6.634118,-6.095378
'[17:34:16.828 21/01/2026]',-10.42371,-10.35867,-7.994532,-7.098033,4.610755E-10,4.610755E-10,-6.634118,-6.095378
'[17:34:16.836 21/01/2026]',-10.42371,-10.35867,-7.994532,-7.098033,4.610755E-10,4.610755E-10,-6.634118,-6.095378
'[17:34:16.844 21/01/2026]',7.183402,6.218702,7.9541,4.519834,4.610755E-10,4.610755E-10,8.015339,3.703282
'[17:34:16.852 21/01/2026]',7.183402,6.218702,7.9541,4.519834,4.610755E-10,4.610755E-10,8.015339,3.703282
'[17:34:16.860 21/01/2026]',-3.014732,-5.563677,-3.957412,-2.629761,4.610755E-10,4.610755E-10,-3.250863,-0.7470959
'[17:34:16.868 21/01/2026]',3.271539,4.615041,2.369902,1.568326,4.610755E-10,4.610755E-10,-0.8614904,-0.3253612
'[17:34:16.876 21/01/2026]',3.271539,4.615041,2.369902,1.568326,4.610755E-10,4.610755E-10,-0.8614904,-0.3253612
'[17:34:16.884 21/01/2026]',-2.495104,1.756226,-1.038071,2.448663,4.610755E-10,4.610755E-10,3.294484,2.134306
'[17:34:16.892 21/01/2026]',-2.495104,1.756226,-1.038071,2.448663,4.610755E-10,4.610755E-10,3.294484,2.134306
'[17:34:16.900 21/01/2026]',-0.7591252,-1.716012,-0.09092771,-4.332589,4.610755E-10,4.610755E-10,-3.341885,-3.642669
'[17:34:16.908 21/01/2026]',-0.7591252,-1.716012,-0.09092771,-4.332589,4.610755E-10,4.610755E-10,-3.341885,-3.642669
'[17:34:16.916 21/01/2026]',-0.7591252,-1.716012,-0.09092771,-4.332589,4.610755E-10,4.610755E-10,-3.341885,-3.642669
'[17:34:16.924 21/01/2026]',3.077081,-1.785335,0.1657203,1.869716,4.610755E-10,4.610755E-10,2.061444,4.454434
'[17:34:16.932 21/01/2026]',-3.528224,-0.2528275,-2.512491,-0.9785228,4.610755E-10,4.610755E-10,-1.792649,-4.502944
'[17:34:16.940 21/01/2026]',-3.528224,-0.2528275,-2.512491,-0.9785228,4.610755E-10,4.610755E-10,-1.792649,-4.502944
'[17:34:16.948 21/01/2026]',1.289555,3.597071,0.89847,0.7432556,4.610755E-10,4.610755E-10,-0.5589346,0.9651387
'[17:34:16.956 21/01/2026]',1.289555,3.597071,0.89847,0.7432556,4.610755E-10,4.610755E-10,-0.5589346,0.9651387
'[17:34:16.964 21/01/2026]',1.125263,-1.044917,1.834008,0.4792794,4.610755E-10,4.610755E-10,1.025851,1.658996
'[17:34:16.972 21/01/2026]',1.125263,-1.044917,1.834008,0.4792794,4.610755E-10,4.610755E-10,1.025851,1.658996
'[17:34:16.980 21/01/2026]',1.125263,-1.044917,1.834008,0.4792794,4.610755E-10,4.610755E-10,1.025851,1.658996
'[17:34:16.988 21/01/2026]',1.125263,-1.044917,1.834008,0.4792794,4.610755E-10,4.610755E-10,1.025851,1.658996
'[17:34:16.996 21/01/2026]',-1.427047,-2.179857,-2.42762,-1.076591,4.610755E-10,4.610755E-10,2.082324,0.420773
'[17:34:17.004 21/01/2026]',-1.427047,-2.179857,-2.42762,-1.076591,4.610755E-10,4.610755E-10,2.082324,0.420773
'[17:34:17.012 21/01/2026]',0.6722816,2.855561,2.705069,2.139678,4.610755E-10,4.610755E-10,-3.093307,-1.811331
'[17:34:17.020 21/01/2026]',0.6722816,2.855561,2.705069,2.139678,4.610755E-10,4.610755E-10,-3.093307,-1.811331
'[17:34:17.028 21/01/2026]',0.6722816,2.855561,2.705069,2.139678,4.610755E-10,4.610755E-10,-3.093307,-1.811331
'[17:34:17.036 21/01/2026]',-2.81967,-0.4301775,-3.779667,-3.519744,4.610755E-10,4.610755E-10,-1.439887,-1.705476
'[17:34:17.044 21/01/2026]',-2.81967,-0.4301775,-3.779667,-3.519744,4.610755E-10,4.610755E-10,-1.439887,-1.705476
'[17:34:17.052 21/01/2026]',-2.81967,-0.4301775,-3.779667,-3.519744,4.610755E-10,4.610755E-10,-1.439887,-1.705476
'[17:34:17.060 21/01/2026]',1.813695,-2.210256,3.086831,1.950337,4.610755E-10,4.610755E-10,3.050672,3.085397
'[17:34:17.068 21/01/2026]',0.7217243,2.790533,1.584172,0.5682499,4.610755E-10,4.610755E-10,0.120868,-0.02646357
'[17:34:17.076 21/01/2026]',-1.987527,0.9052373,-4.874619,-1.838978,4.610755E-10,4.610755E-10,-0.4915058,-0.4657239
'[17:34:17.084 21/01/2026]',-1.987527,0.9052373,-4.874619,-1.838978,4.610755E-10,4.610755E-10,-0.4915058,-0.4657239
'[17:34:17.092 21/01/2026]',-1.987527,0.9052373,-4.874619,-1.838978,4.610755E-10,4.610755E-10,-0.4915058,-0.4657239
'[17:34:17.100 21/01/2026]',0.475853,-3.920815,4.183774,1.378775,4.610755E-10,4.610755E-10,-0.7555226,-1.209526
'[17:34:17.108 21/01/2026]',0.475853,-3.920815,4.183774,1.378775,4.610755E-10,4.610755E-10,-0.7555226,-1.209526
'[17:34:17.116 21/01/2026]',2.51495,2.900844,2.483503,1.903129,4.610755E-10,4.610755E-10,2.307894,2.752778
'[17:34:17.124 21/01/2026]',2.51495,2.900844,2.483503,1.903129,4.610755E-10,4.610755E-10,2.307894,2.752778
'[17:34:17.132 21/01/2026]',-1.675398,3.403461,-4.33642,-1.016256,4.610755E-10,4.610755E-10,-3.231735,-2.668037
'[17:34:17.140 21/01/2026]',-1.675398,3.403461,-4.33642,-1.016256,4.610755E-10,4.610755E-10,-3.231735,-2.668037
'[17:34:17.148 21/01/2026]',-0.3779535,16.22398,2.963528,6.613836,4.610755E-10,4.610755E-10,8.50429,9.28022
'[17:34:17.156 21/01/2026]',-0.3779535,16.22398,2.963528,6.613836,4.610755E-10,4.610755E-10,8.50429,9.28022
'[17:34:17.164 21/01/2026]',0.1166331,-27.03858,-3.384848,-11.96015,4.610755E-10,4.610755E-10,-12.11413,-13.1117
'[17:34:17.172 21/01/2026]',0.1166331,-27.03858,-3.384848,-11.96015,4.610755E-10,4.610755E-10,-12.11413,-13.1117
'[17:34:17.180 21/01/2026]',-1.357286,-2.74913,-0.6330586,-0.6460209,4.610755E-10,4.610755E-10,1.242391,0.272649
'[17:34:17.188 21/01/2026]',-1.357286,-2.74913,-0.6330586,-0.6460209,4.610755E-10,4.610755E-10,1.242391,0.272649
'[17:34:17.196 21/01/2026]',-1.357286,-2.74913,-0.6330586,-0.6460209,4.610755E-10,4.610755E-10,1.242391,0.272649
'[17:34:17.204 21/01/2026]',-1.357286,-2.74913,-0.6330586,-0.6460209,4.610755E-10,4.610755E-10,1.242391,0.272649
'[17:34:17.212 21/01/2026]',1.500469,19.50393,3.917371,10.38022,4.610755E-10,4.610755E-10,10.52398,7.693398
'[17:34:17.220 21/01/2026]',0.06668735,-8.227848,-1.041679,-4.706849,4.610755E-10,4.610755E-10,-7.290775,-0.9579303
'[17:34:17.228 21/01/2026]',-5.107536,-8.805874,-5.107922,-4.766124,4.610755E-10,4.610755E-10,-2.775602,-4.157498
'[17:34:17.236 21/01/2026]',-5.107536,-8.805874,-5.107922,-4.766124,4.610755E-10,4.610755E-10,-2.775602,-4.157498
'[17:34:17.244 21/01/2026]',-5.107536,-8.805874,-5.107922,-4.766124,4.610755E-10,4.610755E-10,-2.775602,-4.157498
'[17:34:17.252 21/01/2026]',-5.107536,-8.805874,-5.107922,-4.766124,4.610755E-10,4.610755E-10,-2.775602,-4.157498
'[17:34:17.260 21/01/2026]',2.96741,7.850536,3.03091,3.546255,4.610755E-10,4.610755E-10,5.874233,0.5447034
'[17:34:17.268 21/01/2026]',4.211753,2.133844,1.594912,2.140592,4.610755E-10,4.610755E-10,-0.4963947,2.597234
'[17:34:17.276 21/01/2026]',4.211753,2.133844,1.594912,2.140592,4.610755E-10,4.610755E-10,-0.4963947,2.597234
'[17:34:17.284 21/01/2026]',-2.332833,-2.184942,0.325297,0.2728661,4.610755E-10,4.610755E-10,-0.9918901,-0.8934395
'[17:34:17.292 21/01/2026]',-2.332833,-2.184942,0.325297,0.2728661,4.610755E-10,4.610755E-10,-0.9918901,-0.8934395
'[17:34:17.300 21/01/2026]',-2.332833,-2.184942,0.325297,0.2728661,4.610755E-10,4.610755E-10,-0.9918901,-0.8934395
'[17:34:17.308 21/01/2026]',-2.332833,-2.184942,0.325297,0.2728661,4.610755E-10,4.610755E-10,-0.9918901,-0.8934395
'[17:34:17.316 21/01/2026]',-4.581824,-3.191339,-5.372686,-5.742006,4.610755E-10,4.610755E-10,-2.54927,-1.097314
'[17:34:17.324 21/01/2026]',5.817809,1.62945,4.311848,4.347346,4.610755E-10,4.610755E-10,2.947902,1.24597
'[17:34:17.332 21/01/2026]',5.817809,1.62945,4.311848,4.347346,4.610755E-10,4.610755E-10,2.947902,1.24597
'[17:34:17.340 21/01/2026]',-2.045557,1.804101,-0.5807235,0.3298415,4.610755E-10,4.610755E-10,1.365366,0.6018496
'[17:34:17.348 21/01/2026]',-2.045557,1.804101,-0.5807235,0.3298415,4.610755E-10,4.610755E-10,1.365366,0.6018496
'[17:34:17.356 21/01/2026]',-2.045557,1.804101,-0.5807235,0.3298415,4.610755E-10,4.610755E-10,1.365366,0.6018496
'[17:34:17.364 21/01/2026]',-1.014345,-1.703822,-1.975886,-1.922808,4.610755E-10,4.610755E-10,-4.985366,-2.765317
'[17:34:17.372 21/01/2026]',-1.014345,-1.703822,-1.975886,-1.922808,4.610755E-10,4.610755E-10,-4.985366,-2.765317
'[17:34:17.380 21/01/2026]',-1.014345,-1.703822,-1.975886,-1.922808,4.610755E-10,4.610755E-10,-4.985366,-2.765317
'[17:34:17.388 21/01/2026]',2.927812,0.4786848,2.717646,0.8407032,4.610755E-10,4.610755E-10,2.655135,1.895689
'[17:34:17.396 21/01/2026]',-2.835955,0.6287304,-3.925022,-0.4982033,4.610755E-10,4.610755E-10,-0.439993,-1.701258
'[17:34:17.404 21/01/2026]',1.224739,-1.265051,3.400566,0.9624445,4.610755E-10,4.610755E-10,1.248611,1.816198
'[17:34:17.412 21/01/2026]',1.224739,-1.265051,3.400566,0.9624445,4.610755E-10,4.610755E-10,1.248611,1.816198
'[17:34:17.420 21/01/2026]',-5.338405,-19.89474,-3.766139,-7.027489,4.610755E-10,4.610755E-10,-5.443018,-6.010404
'[17:34:17.428 21/01/2026]',-5.338405,-19.89474,-3.766139,-7.027489,4.610755E-10,4.610755E-10,-5.443018,-6.010404
'[17:34:17.436 21/01/2026]',-5.338405,-19.89474,-3.766139,-7.027489,4.610755E-10,4.610755E-10,-5.443018,-6.010404
'[17:34:17.444 21/01/2026]',5.772231,19.03539,3.309589,5.64194,4.610755E-10,4.610755E-10,5.004952,5.761236
'[17:34:17.452 21/01/2026]',5.219718,18.27026,2.405359,6.798167,4.610755E-10,4.610755E-10,-0.09430852,0.1315802
'[17:34:17.460 21/01/2026]',5.219718,18.27026,2.405359,6.798167,4.610755E-10,4.610755E-10,-0.09430852,0.1315802
'[17:34:17.468 21/01/2026]',-8.89525,-24.8916,-3.562067,-7.940273,4.610755E-10,4.610755E-10,-0.1896316,-2.008279
'[17:34:17.476 21/01/2026]',-8.89525,-24.8916,-3.562067,-7.940273,4.610755E-10,4.610755E-10,-0.1896316,-2.008279
'[17:34:17.484 21/01/2026]',-8.89525,-24.8916,-3.562067,-7.940273,4.610755E-10,4.610755E-10,-0.1896316,-2.008279
'[17:34:17.492 21/01/2026]',-8.89525,-24.8916,-3.562067,-7.940273,4.610755E-10,4.610755E-10,-0.1896316,-2.008279
'[17:34:17.500 21/01/2026]',3.265712,5.233282,2.498041,3.089267,4.610755E-10,4.610755E-10,0.6521918,2.587971
'[17:34:17.508 21/01/2026]',1.818216,3.365942,0.07892959,-0.3506582,4.610755E-10,4.610755E-10,-1.268624,-0.6705403
'[17:34:17.516 21/01/2026]',1.818216,3.365942,0.07892959,-0.3506582,4.610755E-10,4.610755E-10,-1.268624,-0.6705403
'[17:34:17.524 21/01/2026]',-1.998831,-1.267208,-2.157169,-2.037652,4.610755E-10,4.610755E-10,-1.128839,-2.949941
'[17:34:17.532 21/01/2026]',-1.998831,-1.267208,-2.157169,-2.037652,4.610755E-10,4.610755E-10,-1.128839,-2.949941
'[17:34:17.540 21/01/2026]',-1.998831,-1.267208,-2.157169,-2.037652,4.610755E-10,4.610755E-10,-1.128839,-2.949941
'[17:34:17.548 21/01/2026]',1.298777,-0.684903,3.674504,5.30508,4.610755E-10,4.610755E-10,4.424742,3.883644
'[17:34:17.556 21/01/2026]',1.298777,-0.684903,3.674504,5.30508,4.610755E-10,4.610755E-10,4.424742,3.883644
'[17:34:17.564 21/01/2026]',-0.7748917,2.78553,-1.240837,-3.412114,4.610755E-10,4.610755E-10,-3.238753,-2.525945
'[17:34:17.572 21/01/2026]',-0.7748917,2.78553,-1.240837,-3.412114,4.610755E-10,4.610755E-10,-3.238753,-2.525945
'[17:34:17.580 21/01/2026]',-6.854049,-9.324388,-4.46724,-5.644291,4.610755E-10,4.610755E-10,-2.663827,-0.8923981
'[17:34:17.588 21/01/2026]',7.364733,7.27269,4.740562,7.486392,4.610755E-10,4.610755E-10,5.964837,3.104618
'[17:34:17.596 21/01/2026]',7.364733,7.27269,4.740562,7.486392,4.610755E-10,4.610755E-10,5.964837,3.104618
'[17:34:17.604 21/01/2026]',7.364733,7.27269,4.740562,7.486392,4.610755E-10,4.610755E-10,5.964837,3.104618
'[17:34:17.612 21/01/2026]',4.001066,2.466911,2.767266,1.848274,4.610755E-10,4.610755E-10,-3.689168,-2.171191
'[17:34:17.620 21/01/2026]',4.001066,2.466911,2.767266,1.848274,4.610755E-10,4.610755E-10,-3.689168,-2.171191
'[17:34:17.628 21/01/2026]',-5.909401,-6.658049,-4.371851,-6.193421,4.610755E-10,4.610755E-10,1.998882,0.3722012
'[17:34:17.636 21/01/2026]',-5.909401,-6.658049,-4.371851,-6.193421,4.610755E-10,4.610755E-10,1.998882,0.3722012
'[17:34:17.644 21/01/2026]',1.284909,4.708838,0.6869135,2.231231,4.610755E-10,4.610755E-10,-2.117838,1.573408
'[17:34:17.652 21/01/2026]',1.284909,4.708838,0.6869135,2.231231,4.610755E-10,4.610755E-10,-2.117838,1.573408
'[17:34:17.660 21/01/2026]',1.284909,4.708838,0.6869135,2.231231,4.610755E-10,4.610755E-10,-2.117838,1.573408
'[17:34:17.668 21/01/2026]',1.284909,4.708838,0.6869135,2.231231,4.610755E-10,4.610755E-10,-2.117838,1.573408
'[17:34:17.676 21/01/2026]',2.051515,-2.600405,2.762924,1.016574,4.610755E-10,4.610755E-10,0.1625529,-3.424304
'[17:34:17.684 21/01/2026]',-1.620824,1.584962,-3.474657,-0.8558588,4.610755E-10,4.610755E-10,3.089919,2.334125
'[17:34:17.692 21/01/2026]',-1.620824,1.584962,-3.474657,-0.8558588,4.610755E-10,4.610755E-10,3.089919,2.334125
'[17:34:17.700 21/01/2026]',-0.3136183,-2.568289,1.859024,-0.3375786,4.610755E-10,4.610755E-10,-2.240039,0.2956986
'[17:34:17.708 21/01/2026]',-0.3136183,-2.568289,1.859024,-0.3375786,4.610755E-10,4.610755E-10,-2.240039,0.2956986
'[17:34:17.716 21/01/2026]',-0.3136183,-2.568289,1.859024,-0.3375786,4.610755E-10,4.610755E-10,-2.240039,0.2956986
'[17:34:17.724 21/01/2026]',-0.5030077,-1.649678,-1.266547,-0.4775324,4.610755E-10,4.610755E-10,-1.77127,-2.064178
'[17:34:17.732 21/01/2026]',-0.5030077,-1.649678,-1.266547,-0.4775324,4.610755E-10,4.610755E-10,-1.77127,-2.064178
'[17:34:17.740 21/01/2026]',1.751827,8.23839,-1.028465,0.7296354,4.610755E-10,4.610755E-10,0.2910117,-0.5333492
'[17:34:17.748 21/01/2026]',0.907939,-4.537848,5.22022,2.538598,4.610755E-10,4.610755E-10,3.964303,2.375981
'[17:34:17.756 21/01/2026]',0.907939,-4.537848,5.22022,2.538598,4.610755E-10,4.610755E-10,3.964303,2.375981
'[17:34:17.764 21/01/2026]',-1.459638,-2.214475,-2.366497,-1.24208,4.610755E-10,4.610755E-10,-2.097735,1.893698
'[17:34:17.772 21/01/2026]',-1.459638,-2.214475,-2.366497,-1.24208,4.610755E-10,4.610755E-10,-2.097735,1.893698
'[17:34:17.780 21/01/2026]',-2.828606,1.299146,-3.478926,-3.58871,4.610755E-10,4.610755E-10,-2.833587,-2.710049
'[17:34:17.788 21/01/2026]',-2.828606,1.299146,-3.478926,-3.58871,4.610755E-10,4.610755E-10,-2.833587,-2.710049
'[17:34:17.796 21/01/2026]',-2.828606,1.299146,-3.478926,-3.58871,4.610755E-10,4.610755E-10,-2.833587,-2.710049
'[17:34:17.804 21/01/2026]',4.352935,-0.08487214,4.169685,4.260706,4.610755E-10,4.610755E-10,4.837684,-0.8842276
'[17:34:17.812 21/01/2026]',4.352935,-0.08487214,4.169685,4.260706,4.610755E-10,4.610755E-10,4.837684,-0.8842276
'[17:34:17.820 21/01/2026]',-3.189809,-2.828218,-1.898086,-1.939722,4.610755E-10,4.610755E-10,-3.781964,-0.9687567
'[17:34:17.828 21/01/2026]',-3.189809,-2.828218,-1.898086,-1.939722,4.610755E-10,4.610755E-10,-3.781964,-0.9687567
'[17:34:17.836 21/01/2026]',-0.01540703,-2.782058,-2.170763,-3.41644,4.610755E-10,4.610755E-10,1.166918,3.320597
'[17:34:17.844 21/01/2026]',3.024413,14.59951,3.265692,7.083172,4.610755E-10,4.610755E-10,-0.05243431,-1.408764
'[17:34:17.852 21/01/2026]',3.024413,14.59951,3.265692,7.083172,4.610755E-10,4.610755E-10,-0.05243431,-1.408764
'[17:34:17.860 21/01/2026]',3.024413,14.59951,3.265692,7.083172,4.610755E-10,4.610755E-10,-0.05243431,-1.408764
'[17:34:17.868 21/01/2026]',3.024413,14.59951,3.265692,7.083172,4.610755E-10,4.610755E-10,-0.05243431,-1.408764
'[17:34:17.876 21/01/2026]',-3.25525,-10.80212,-1.462003,-2.870837,4.610755E-10,4.610755E-10,0.9426859,-1.956787
'[17:34:17.884 21/01/2026]',-3.25525,-10.80212,-1.462003,-2.870837,4.610755E-10,4.610755E-10,0.9426859,-1.956787
'[17:34:17.892 21/01/2026]',2.800948,-1.144357,1.494203,-1.325252,4.610755E-10,4.610755E-10,0.9301292,5.320518
'[17:34:17.900 21/01/2026]',2.800948,-1.144357,1.494203,-1.325252,4.610755E-10,4.610755E-10,0.9301292,5.320518
'[17:34:17.908 21/01/2026]',-3.530473,4.443938,-3.612571,-0.7072178,4.610755E-10,4.610755E-10,-4.718235,-3.719688
'[17:34:17.916 21/01/2026]',-3.530473,4.443938,-3.612571,-0.7072178,4.610755E-10,4.610755E-10,-4.718235,-3.719688
'[17:34:17.924 21/01/2026]',3.136081,-1.616928,3.981801,2.733202,4.610755E-10,4.610755E-10,2.625997,-1.368808
'[17:34:17.932 21/01/2026]',3.136081,-1.616928,3.981801,2.733202,4.610755E-10,4.610755E-10,2.625997,-1.368808
'[17:34:17.940 21/01/2026]',-0.8346584,15.8757,0.7040758,5.256714,4.610755E-10,4.610755E-10,6.251143,7.938205
'[17:34:17.948 21/01/2026]',-0.8346584,15.8757,0.7040758,5.256714,4.610755E-10,4.610755E-10,6.251143,7.938205
'[17:34:17.956 21/01/2026]',-0.9424538,-26.90425,-6.145881,-11.53233,4.610755E-10,4.610755E-10,-13.54637,-13.00453
'[17:34:17.964 21/01/2026]',-0.9424538,-26.90425,-6.145881,-11.53233,4.610755E-10,4.610755E-10,-13.54637,-13.00453
'[17:34:17.972 21/01/2026]',-0.9424538,-26.90425,-6.145881,-11.53233,4.610755E-10,4.610755E-10,-13.54637,-13.00453
'[17:34:17.980 21/01/2026]',4.246673,7.804691,7.137045,5.03472,4.610755E-10,4.610755E-10,5.752244,5.286482
'[17:34:17.988 21/01/2026]',4.246673,7.804691,7.137045,5.03472,4.610755E-10,4.610755E-10,5.752244,5.286482
'[17:34:17.996 21/01/2026]',-4.251698,7.844253,-1.78159,4.434288,4.610755E-10,4.610755E-10,6.780391,4.94299
'[17:34:18.004 21/01/2026]',-4.251698,7.844253,-1.78159,4.434288,4.610755E-10,4.610755E-10,6.780391,4.94299
'[17:34:18.012 21/01/2026]',1.181351,-7.398635,-3.654553,-6.388951,4.610755E-10,4.610755E-10,-9.394357,-5.900146
'[17:34:18.020 21/01/2026]',1.181351,-7.398635,-3.654553,-6.388951,4.610755E-10,4.610755E-10,-9.394357,-5.900146
'[17:34:18.028 21/01/2026]',-9.620973,-6.881442,-0.5443206,-2.091739,4.610755E-10,4.610755E-10,1.066834,-1.18632
'[17:34:18.036 21/01/2026]',-9.620973,-6.881442,-0.5443206,-2.091739,4.610755E-10,4.610755E-10,1.066834,-1.18632
'[17:34:18.044 21/01/2026]',-21.73712,-14.01634,-8.772144,-7.156505,4.610755E-10,4.610755E-10,3.208962,2.759566
'[17:34:18.052 21/01/2026]',-21.73712,-14.01634,-8.772144,-7.156505,4.610755E-10,4.610755E-10,3.208962,2.759566
'[17:34:18.060 21/01/2026]',-21.73712,-14.01634,-8.772144,-7.156505,4.610755E-10,4.610755E-10,3.208962,2.759566
'[17:34:18.068 21/01/2026]',30.25608,19.26834,11.03846,10.16953,4.610755E-10,4.610755E-10,0.07929553,1.108333
'[17:34:18.076 21/01/2026]',30.25608,19.26834,11.03846,10.16953,4.610755E-10,4.610755E-10,0.07929553,1.108333
'[17:34:18.084 21/01/2026]',30.25608,19.26834,11.03846,10.16953,4.610755E-10,4.610755E-10,0.07929553,1.108333
'[17:34:18.092 21/01/2026]',34.34989,24.7627,15.83187,14.20229,4.610755E-10,4.610755E-10,-0.9580374,-1.933955
'[17:34:18.100 21/01/2026]',34.34989,24.7627,15.83187,14.20229,4.610755E-10,4.610755E-10,-0.9580374,-1.933955
'[17:34:18.108 21/01/2026]',-20.2821,-5.001398,-8.552736,-5.156834,4.610755E-10,4.610755E-10,3.043133,2.911775
'[17:34:18.116 21/01/2026]',-20.19465,-21.13619,-10.76852,-11.90655,4.610755E-10,4.610755E-10,-2.684598,-1.964053
'[17:34:18.124 21/01/2026]',13.04859,4.364312,8.973253,7.485724,4.610755E-10,4.610755E-10,-1.077689,0.6497746
'[17:34:18.132 21/01/2026]',13.04859,4.364312,8.973253,7.485724,4.610755E-10,4.610755E-10,-1.077689,0.6497746
'[17:34:18.140 21/01/2026]',13.04859,4.364312,8.973253,7.485724,4.610755E-10,4.610755E-10,-1.077689,0.6497746
'[17:34:18.148 21/01/2026]',2.727514,4.834473,0.1644391,1.434283,4.610755E-10,4.610755E-10,3.820084,-1.000063
'[17:34:18.156 21/01/2026]',2.727514,4.834473,0.1644391,1.434283,4.610755E-10,4.610755E-10,3.820084,-1.000063
'[17:34:18.164 21/01/2026]',2.727514,4.834473,0.1644391,1.434283,4.610755E-10,4.610755E-10,3.820084,-1.000063
'[17:34:18.172 21/01/2026]',-8.258906,-0.8819125,-4.004468,-5.13021,4.610755E-10,4.610755E-10,-1.304603,0.1457692
'[17:34:18.180 21/01/2026]',0.2084334,-3.812312,1.460717,2.970995,4.610755E-10,4.610755E-10,-2.794765,2.678646
'[17:34:18.188 21/01/2026]',0.2084334,-3.812312,1.460717,2.970995,4.610755E-10,4.610755E-10,-2.794765,2.678646
'[17:34:18.196 21/01/2026]',3.142554,4.036001,0.8417516,-0.3938013,4.610755E-10,4.610755E-10,2.19326,-3.734326
'[17:34:18.204 21/01/2026]',3.142554,4.036001,0.8417516,-0.3938013,4.610755E-10,4.610755E-10,2.19326,-3.734326
'[17:34:18.212 21/01/2026]',-4.08582,-16.38863,-1.866904,-4.229553,4.610755E-10,4.610755E-10,0.2141486,-0.9648429
'[17:34:18.220 21/01/2026]',-4.08582,-16.38863,-1.866904,-4.229553,4.610755E-10,4.610755E-10,0.2141486,-0.9648429
'[17:34:18.228 21/01/2026]',-4.08582,-16.38863,-1.866904,-4.229553,4.610755E-10,4.610755E-10,0.2141486,-0.9648429
'[17:34:18.236 21/01/2026]',2.443086,15.08499,0.9860808,2.655457,4.610755E-10,4.610755E-10,-2.311698,1.727459
'[17:34:18.244 21/01/2026]',2.443086,15.08499,0.9860808,2.655457,4.610755E-10,4.610755E-10,-2.311698,1.727459
'[17:34:18.252 21/01/2026]',2.443086,15.08499,0.9860808,2.655457,4.610755E-10,4.610755E-10,-2.311698,1.727459
'[17:34:18.260 21/01/2026]',2.443086,15.08499,0.9860808,2.655457,4.610755E-10,4.610755E-10,-2.311698,1.727459
'[17:34:18.268 21/01/2026]',1.667236,9.346363,2.303588,5.243422,4.610755E-10,4.610755E-10,2.556579,2.49622
'[17:34:18.276 21/01/2026]',1.667236,9.346363,2.303588,5.243422,4.610755E-10,4.610755E-10,2.556579,2.49622
'[17:34:18.284 21/01/2026]',1.667236,9.346363,2.303588,5.243422,4.610755E-10,4.610755E-10,2.556579,2.49622
'[17:34:18.292 21/01/2026]',-1.665011,-15.29577,-0.4800302,-4.588775,4.610755E-10,4.610755E-10,1.700203,-3.009244
'[17:34:18.300 21/01/2026]',-0.6434416,3.085092,-3.446896,-1.242593,4.610755E-10,4.610755E-10,-2.454295,5.022649
'[17:34:18.308 21/01/2026]',-0.6434416,3.085092,-3.446896,-1.242593,4.610755E-10,4.610755E-10,-2.454295,5.022649
'[17:34:18.316 21/01/2026]',-0.2205262,4.204361,1.721729,0.9766707,4.610755E-10,4.610755E-10,-2.826918,-7.494156
'[17:34:18.324 21/01/2026]',0.07701933,-6.118711,-0.2646206,0.3094551,4.610755E-10,4.610755E-10,4.503813,2.436667
'[17:34:18.332 21/01/2026]',0.07701933,-6.118711,-0.2646206,0.3094551,4.610755E-10,4.610755E-10,4.503813,2.436667
'[17:34:18.340 21/01/2026]',2.759837,4.385912,2.136931,1.490012,4.610755E-10,4.610755E-10,-1.559682,3.407505
'[17:34:18.348 21/01/2026]',2.759837,4.385912,2.136931,1.490012,4.610755E-10,4.610755E-10,-1.559682,3.407505
'[17:34:18.356 21/01/2026]',0.2536662,0.1613164,-0.5144752,-0.9653454,4.610755E-10,4.610755E-10,-2.517601,-4.669842
'[17:34:18.364 21/01/2026]',0.2536662,0.1613164,-0.5144752,-0.9653454,4.610755E-10,4.610755E-10,-2.517601,-4.669842
'[17:34:18.372 21/01/2026]',-2.699499,-13.0659,-2.664218,-4.701681,4.610755E-10,4.610755E-10,0.3933322,-0.8725882
'[17:34:18.380 21/01/2026]',-2.699499,-13.0659,-2.664218,-4.701681,4.610755E-10,4.610755E-10,0.3933322,-0.8725882
'[17:34:18.388 21/01/2026]',-2.699499,-13.0659,-2.664218,-4.701681,4.610755E-10,4.610755E-10,0.3933322,-0.8725882
'[17:34:18.396 21/01/2026]',2.639059,22.32059,3.541142,7.699347,4.610755E-10,4.610755E-10,4.044199,5.23585
'[17:34:18.404 21/01/2026]',-0.8137801,-8.400462,-2.667221,-2.726218,4.610755E-10,4.610755E-10,-5.009357,-3.606762
'[17:34:18.412 21/01/2026]',-0.8137801,-8.400462,-2.667221,-2.726218,4.610755E-10,4.610755E-10,-5.009357,-3.606762
'[17:34:18.420 21/01/2026]',-0.8137801,-8.400462,-2.667221,-2.726218,4.610755E-10,4.610755E-10,-5.009357,-3.606762
'[17:34:18.428 21/01/2026]',-0.8137801,-8.400462,-2.667221,-2.726218,4.610755E-10,4.610755E-10,-5.009357,-3.606762
'[17:34:18.436 21/01/2026]',-0.8137801,-8.400462,-2.667221,-2.726218,4.610755E-10,4.610755E-10,-5.009357,-3.606762
'[17:34:18.444 21/01/2026]',-0.9211925,-5.644135,-0.4059933,-1.391636,4.610755E-10,4.610755E-10,5.740205,1.407992
'[17:34:18.452 21/01/2026]',-0.6806113,3.995896,-0.1400503,0.009473193,4.610755E-10,4.610755E-10,-3.906635,2.648474
'[17:34:18.460 21/01/2026]',1.340649,2.368584,1.619619,1.995878,4.610755E-10,4.610755E-10,-0.6121197,-6.211429
'[17:34:18.468 21/01/2026]',1.340649,2.368584,1.619619,1.995878,4.610755E-10,4.610755E-10,-0.6121197,-6.211429
'[17:34:18.476 21/01/2026]',1.254704,4.985977,0.5736746,3.233556,4.610755E-10,4.610755E-10,5.843107,7.572339
'[17:34:18.484 21/01/2026]',1.254704,4.985977,0.5736746,3.233556,4.610755E-10,4.610755E-10,5.843107,7.572339
'[17:34:18.492 21/01/2026]',-2.76911,2.05192,-1.600122,-1.217184,4.610755E-10,4.610755E-10,-2.681465,0.2498212
'[17:34:18.500 21/01/2026]',3.576968,-16.36617,1.507781,-5.562578,4.610755E-10,4.610755E-10,-6.175108,-9.243454
'[17:34:18.508 21/01/2026]',3.576968,-16.36617,1.507781,-5.562578,4.610755E-10,4.610755E-10,-6.175108,-9.243454
'[17:34:18.516 21/01/2026]',3.576968,-16.36617,1.507781,-5.562578,4.610755E-10,4.610755E-10,-6.175108,-9.243454
'[17:34:18.524 21/01/2026]',-3.599175,7.990039,-3.57088,1.525089,4.610755E-10,4.610755E-10,3.361907,2.541587
'[17:34:18.532 21/01/2026]',-3.599175,7.990039,-3.57088,1.525089,4.610755E-10,4.610755E-10,3.361907,2.541587
'[17:34:18.540 21/01/2026]',2.249665,6.983737,4.379787,4.882636,4.610755E-10,4.610755E-10,4.698277,6.754597
'[17:34:18.548 21/01/2026]',-4.181969,-12.45035,-3.59573,-5.202242,4.610755E-10,4.610755E-10,-6.43842,-5.653586
'[17:34:18.556 21/01/2026]',-4.181969,-12.45035,-3.59573,-5.202242,4.610755E-10,4.610755E-10,-6.43842,-5.653586
'[17:34:18.564 21/01/2026]',-4.181969,-12.45035,-3.59573,-5.202242,4.610755E-10,4.610755E-10,-6.43842,-5.653586
'[17:34:18.572 21/01/2026]',-4.181969,-12.45035,-3.59573,-5.202242,4.610755E-10,4.610755E-10,-6.43842,-5.653586
'[17:34:18.580 21/01/2026]',4.84236,7.082252,1.305256,1.02005,4.610755E-10,4.610755E-10,0.5310057,-2.321846
'[17:34:18.588 21/01/2026]',-2.3417,-1.826709,0.1820554,1.55723,4.610755E-10,4.610755E-10,4.651012,6.968738
'[17:34:18.596 21/01/2026]',-2.3417,-1.826709,0.1820554,1.55723,4.610755E-10,4.610755E-10,4.651012,6.968738
'[17:34:18.604 21/01/2026]',0.08819471,0.376222,1.498478,1.081201,4.610755E-10,4.610755E-10,-0.315299,-1.847099
'[17:34:18.612 21/01/2026]',0.08819471,0.376222,1.498478,1.081201,4.610755E-10,4.610755E-10,-0.315299,-1.847099
'[17:34:18.620 21/01/2026]',-0.5537371,-4.101803,-2.572227,-3.927446,4.610755E-10,4.610755E-10,-5.695511,-4.481155
'[17:34:18.628 21/01/2026]',-0.5537371,-4.101803,-2.572227,-3.927446,4.610755E-10,4.610755E-10,-5.695511,-4.481155
'[17:34:18.636 21/01/2026]',0.6893013,3.295551,0.9743374,1.485774,4.610755E-10,4.610755E-10,2.237504,1.354484
'[17:34:18.644 21/01/2026]',0.4394981,0.6224145,1.403753,3.292877,4.610755E-10,4.610755E-10,3.069082,3.101613
'[17:34:18.652 21/01/2026]',0.4394981,0.6224145,1.403753,3.292877,4.610755E-10,4.610755E-10,3.069082,3.101613
'[17:34:18.660 21/01/2026]',0.4394981,0.6224145,1.403753,3.292877,4.610755E-10,4.610755E-10,3.069082,3.101613
'[17:34:18.668 21/01/2026]',-0.8500026,-3.351729,-2.393121,-3.012439,4.610755E-10,4.610755E-10,-2.708415,-2.228005
'[17:34:18.676 21/01/2026]',-0.8500026,-3.351729,-2.393121,-3.012439,4.610755E-10,4.610755E-10,-2.708415,-2.228005
'[17:34:18.684 21/01/2026]',-3.343342,-3.231751,-2.962561,-5.389623,4.610755E-10,4.610755E-10,-2.525035,-3.051089
'[17:34:18.692 21/01/2026]',-3.343342,-3.231751,-2.962561,-5.389623,4.610755E-10,4.610755E-10,-2.525035,-3.051089
'[17:34:18.700 21/01/2026]',1.958812,5.853509,2.752378,5.514845,4.610755E-10,4.610755E-10,2.837026,3.811958
'[17:34:18.708 21/01/2026]',2.559293,2.110809,1.163782,2.058293,4.610755E-10,4.610755E-10,1.583538,0.5059868
'[17:34:18.716 21/01/2026]',2.559293,2.110809,1.163782,2.058293,4.610755E-10,4.610755E-10,1.583538,0.5059868
'[17:34:18.724 21/01/2026]',-2.6883,-7.100337,-1.949144,-4.621275,4.610755E-10,4.610755E-10,-3.012216,-2.780995
'[17:34:18.732 21/01/2026]',-2.6883,-7.100337,-1.949144,-4.621275,4.610755E-10,4.610755E-10,-3.012216,-2.780995
'[17:34:18.740 21/01/2026]',-2.6883,-7.100337,-1.949144,-4.621275,4.610755E-10,4.610755E-10,-3.012216,-2.780995
'[17:34:18.748 21/01/2026]',1.559465,2.843959,3.089772,2.600301,4.610755E-10,4.610755E-10,2.009957,0.6374711
'[17:34:18.756 21/01/2026]',1.559465,2.843959,3.089772,2.600301,4.610755E-10,4.610755E-10,2.009957,0.6374711
'[17:34:18.764 21/01/2026]',1.559465,2.843959,3.089772,2.600301,4.610755E-10,4.610755E-10,2.009957,0.6374711
'[17:34:18.772 21/01/2026]',-2.232762,0.950807,-4.722975,-2.671307,4.610755E-10,4.610755E-10,-1.658069,0.6301701
'[17:34:18.780 21/01/2026]',1.019061,-1.581202,0.2476294,1.345745,4.610755E-10,4.610755E-10,1.672088,0.09131988
'[17:34:18.788 21/01/2026]',1.019061,-1.581202,0.2476294,1.345745,4.610755E-10,4.610755E-10,1.672088,0.09131988
'[17:34:18.796 21/01/2026]',1.598246,-0.5388209,5.092315,1.49731,4.610755E-10,4.610755E-10,-0.1811571,-0.6471075
'[17:34:18.804 21/01/2026]',1.598246,-0.5388209,5.092315,1.49731,4.610755E-10,4.610755E-10,-0.1811571,-0.6471075
'[17:34:18.812 21/01/2026]',-1.215406,1.780894,-4.173452,-1.39184,4.610755E-10,4.610755E-10,-0.8820823,0.698206
'[17:34:18.820 21/01/2026]',-1.215406,1.780894,-4.173452,-1.39184,4.610755E-10,4.610755E-10,-0.8820823,0.698206
'[17:34:18.828 21/01/2026]',0.6625825,-3.194381,0.003383617,-0.2960065,4.610755E-10,4.610755E-10,0.169538,-0.4099496
'[17:34:18.836 21/01/2026]',0.6625825,-3.194381,0.003383617,-0.2960065,4.610755E-10,4.610755E-10,0.169538,-0.4099496
'[17:34:18.844 21/01/2026]',0.6387146,3.455195,1.932964,2.538624,4.610755E-10,4.610755E-10,3.034712,3.299764
'[17:34:18.852 21/01/2026]',0.6387146,3.455195,1.932964,2.538624,4.610755E-10,4.610755E-10,3.034712,3.299764
'[17:34:18.860 21/01/2026]',0.6387146,3.455195,1.932964,2.538624,4.610755E-10,4.610755E-10,3.034712,3.299764
'[17:34:18.868 21/01/2026]',-2.201394,-0.07612671,-2.149184,-2.687908,4.610755E-10,4.610755E-10,-2.898254,-2.616619
'[17:34:18.876 21/01/2026]',-2.201394,-0.07612671,-2.149184,-2.687908,4.610755E-10,4.610755E-10,-2.898254,-2.616619
'[17:34:18.884 21/01/2026]',-2.201394,-0.07612671,-2.149184,-2.687908,4.610755E-10,4.610755E-10,-2.898254,-2.616619
'[17:34:18.892 21/01/2026]',1.34981,-3.145051,0.8519642,-1.044375,4.610755E-10,4.610755E-10,-2.138862,-2.584261
'[17:34:18.900 21/01/2026]',-2.610602,3.319535,-3.589216,0.6979648,4.610755E-10,4.610755E-10,1.924331,2.537013
'[17:34:18.908 21/01/2026]',-2.610602,3.319535,-3.589216,0.6979648,4.610755E-10,4.610755E-10,1.924331,2.537013
'[17:34:18.916 21/01/2026]',2.818183,0.2216014,4.795945,2.246465,4.610755E-10,4.610755E-10,0.2453054,-0.05322419
'[17:34:18.924 21/01/2026]',2.818183,0.2216014,4.795945,2.246465,4.610755E-10,4.610755E-10,0.2453054,-0.05322419
'[17:34:18.932 21/01/2026]',2.818183,0.2216014,4.795945,2.246465,4.610755E-10,4.610755E-10,0.2453054,-0.05322419
'[17:34:18.940 21/01/2026]',2.818183,0.2216014,4.795945,2.246465,4.610755E-10,4.610755E-10,0.2453054,-0.05322419
'[17:34:18.948 21/01/2026]',2.818183,0.2216014,4.795945,2.246465,4.610755E-10,4.610755E-10,0.2453054,-0.05322419
'[17:34:18.956 21/01/2026]',-2.085804,-2.903905,-2.283001,-3.280654,4.610755E-10,4.610755E-10,0.1412877,-0.6764587
'[17:34:18.964 21/01/2026]',1.636177,4.350745,1.554845,4.168186,4.610755E-10,4.610755E-10,1.327833,2.3556
'[17:34:18.972 21/01/2026]',-0.04530908,-2.277698,-0.9080549,-2.366157,4.610755E-10,4.610755E-10,-2.582822,-3.239146
'[17:34:18.980 21/01/2026]',-0.04530908,-2.277698,-0.9080549,-2.366157,4.610755E-10,4.610755E-10,-2.582822,-3.239146
'[17:34:18.988 21/01/2026]',-0.04530908,-2.277698,-0.9080549,-2.366157,4.610755E-10,4.610755E-10,-2.582822,-3.239146
'[17:34:18.996 21/01/2026]',-2.001902,-0.4636042,-3.750001,-2.746418,4.610755E-10,4.610755E-10,-0.06911208,0.4113578
'[17:34:19.004 21/01/2026]',-2.001902,-0.4636042,-3.750001,-2.746418,4.610755E-10,4.610755E-10,-0.06911208,0.4113578
'[17:34:19.012 21/01/2026]',-0.2660083,1.274457,2.637038,3.687153,4.610755E-10,4.610755E-10,2.750293,2.840846
'[17:34:19.020 21/01/2026]',0.03339695,-3.264155,-3.257133,-3.610045,4.610755E-10,4.610755E-10,-4.529962,-5.763682
'[17:34:19.028 21/01/2026]',0.03339695,-3.264155,-3.257133,-3.610045,4.610755E-10,4.610755E-10,-4.529962,-5.763682
'[17:34:19.036 21/01/2026]',0.03339695,-3.264155,-3.257133,-3.610045,4.610755E-10,4.610755E-10,-4.529962,-5.763682
'[17:34:19.044 21/01/2026]',2.117764,5.669295,4.448922,3.610488,4.610755E-10,4.610755E-10,4.899364,6.334637
'[17:34:19.052 21/01/2026]',-0.7064056,-2.682489,-2.373014,-0.8265426,4.610755E-10,4.610755E-10,-4.100109,-3.965635
'[17:34:19.060 21/01/2026]',-0.7064056,-2.682489,-2.373014,-0.8265426,4.610755E-10,4.610755E-10,-4.100109,-3.965635
'[17:34:19.068 21/01/2026]',-0.7064056,-2.682489,-2.373014,-0.8265426,4.610755E-10,4.610755E-10,-4.100109,-3.965635
'[17:34:19.076 21/01/2026]',-1.550726,-2.182147,-0.2697892,-2.944533,4.610755E-10,4.610755E-10,0.7927232,-1.025369
'[17:34:19.084 21/01/2026]',-1.550726,-2.182147,-0.2697892,-2.944533,4.610755E-10,4.610755E-10,0.7927232,-1.025369
'[17:34:19.092 21/01/2026]',1.660373,1.912507,0.9708757,2.039449,4.610755E-10,4.610755E-10,1.839036,2.716881
'[17:34:19.100 21/01/2026]',1.660373,1.912507,0.9708757,2.039449,4.610755E-10,4.610755E-10,1.839036,2.716881
'[17:34:19.108 21/01/2026]',1.660373,1.912507,0.9708757,2.039449,4.610755E-10,4.610755E-10,1.839036,2.716881
'[17:34:19.116 21/01/2026]',1.660373,1.912507,0.9708757,2.039449,4.610755E-10,4.610755E-10,1.839036,2.716881
'[17:34:19.124 21/01/2026]',-1.331113,0.349489,-1.122045,0.5117097,4.610755E-10,4.610755E-10,-2.762691,-2.838676
'[17:34:19.132 21/01/2026]',0.4657222,0.221731,-0.1113264,-1.161493,4.610755E-10,4.610755E-10,2.517168,4.14491
'[17:34:19.140 21/01/2026]',0.4657222,0.221731,-0.1113264,-1.161493,4.610755E-10,4.610755E-10,2.517168,4.14491
'[17:34:19.148 21/01/2026]',3.655185,1.427898,5.897343,4.389566,4.610755E-10,4.610755E-10,0.5240874,-2.55141
'[17:34:19.156 21/01/2026]',3.655185,1.427898,5.897343,4.389566,4.610755E-10,4.610755E-10,0.5240874,-2.55141
'[17:34:19.164 21/01/2026]',-5.207795,-1.837975,-8.232457,-5.054626,4.610755E-10,4.610755E-10,-1.792619,0.4529759
'[17:34:19.172 21/01/2026]',-5.207795,-1.837975,-8.232457,-5.054626,4.610755E-10,4.610755E-10,-1.792619,0.4529759
'[17:34:19.180 21/01/2026]',-5.207795,-1.837975,-8.232457,-5.054626,4.610755E-10,4.610755E-10,-1.792619,0.4529759
'[17:34:19.188 21/01/2026]',1.691162,0.8311251,4.04955,3.137758,4.610755E-10,4.610755E-10,1.501169,1.061968
'[17:34:19.196 21/01/2026]',1.375813,0.1278543,1.612591,-0.6971943,4.610755E-10,4.610755E-10,-0.5463867,-1.565464
'[17:34:19.204 21/01/2026]',1.375813,0.1278543,1.612591,-0.6971943,4.610755E-10,4.610755E-10,-0.5463867,-1.565464
'[17:34:19.212 21/01/2026]',-2.014791,-0.7527838,-3.189267,-2.054707,4.610755E-10,4.610755E-10,0.5164988,1.831574
'[17:34:19.220 21/01/2026]',-2.014791,-0.7527838,-3.189267,-2.054707,4.610755E-10,4.610755E-10,0.5164988,1.831574
'[17:34:19.228 21/01/2026]',-1.700967,0.03508975,-0.2483362,1.053284,4.610755E-10,4.610755E-10,-2.520282,-1.415954
'[17:34:19.236 21/01/2026]',-1.700967,0.03508975,-0.2483362,1.053284,4.610755E-10,4.610755E-10,-2.520282,-1.415954
'[17:34:19.244 21/01/2026]',-1.700967,0.03508975,-0.2483362,1.053284,4.610755E-10,4.610755E-10,-2.520282,-1.415954
'[17:34:19.252 21/01/2026]',3.745119,-0.3581439,3.589777,0.8779824,4.610755E-10,4.610755E-10,1.341178,-1.038078
'[17:34:19.260 21/01/2026]',3.745119,-0.3581439,3.589777,0.8779824,4.610755E-10,4.610755E-10,1.341178,-1.038078
'[17:34:19.268 21/01/2026]',-4.651585,-2.252864,-5.168076,-4.636154,4.610755E-10,4.610755E-10,-0.7827489,0.9521589
'[17:34:19.276 21/01/2026]',-4.651585,-2.252864,-5.168076,-4.636154,4.610755E-10,4.610755E-10,-0.7827489,0.9521589
'[17:34:19.284 21/01/2026]',-4.651585,-2.252864,-5.168076,-4.636154,4.610755E-10,4.610755E-10,-0.7827489,0.9521589
'[17:34:19.292 21/01/2026]',1.989965,3.470484,3.403613,3.761883,4.610755E-10,4.610755E-10,3.739264,1.178972
'[17:34:19.300 21/01/2026]',1.989965,3.470484,3.403613,3.761883,4.610755E-10,4.610755E-10,3.739264,1.178972
'[17:34:19.308 21/01/2026]',-1.939075,-3.771482,-3.02297,-1.078713,4.610755E-10,4.610755E-10,-3.677749,-0.7186459
'[17:34:19.316 21/01/2026]',-1.939075,-3.771482,-3.02297,-1.078713,4.610755E-10,4.610755E-10,-3.677749,-0.7186459
'[17:34:19.324 21/01/2026]',2.028715,2.795294,4.007595,1.818327,4.610755E-10,4.610755E-10,-0.1268379,-2.848512
'[17:34:19.332 21/01/2026]',-3.045871,-1.516122,-5.396947,-4.465765,4.610755E-10,4.610755E-10,1.194512,4.54584
'[17:34:19.340 21/01/2026]',-3.045871,-1.516122,-5.396947,-4.465765,4.610755E-10,4.610755E-10,1.194512,4.54584
'[17:34:19.348 21/01/2026]',2.204634,0.08829218,2.512916,2.389876,4.610755E-10,4.610755E-10,-0.1104338,-2.218536
'[17:34:19.356 21/01/2026]',2.204634,0.08829218,2.512916,2.389876,4.610755E-10,4.610755E-10,-0.1104338,-2.218536
'[17:34:19.364 21/01/2026]',2.204634,0.08829218,2.512916,2.389876,4.610755E-10,4.610755E-10,-0.1104338,-2.218536
'[17:34:19.372 21/01/2026]',1.541763,3.370125,2.037476,2.920969,4.610755E-10,4.610755E-10,-1.428515,-0.8503039
'[17:34:19.380 21/01/2026]',-2.772066,-4.048681,-2.682717,-3.261164,4.610755E-10,4.610755E-10,2.511511,2.351661
'[17:34:19.388 21/01/2026]',-2.772066,-4.048681,-2.682717,-3.261164,4.610755E-10,4.610755E-10,2.511511,2.351661
'[17:34:19.396 21/01/2026]',0.4063231,0.2087753,-0.09811305,-1.74444,4.610755E-10,4.610755E-10,-0.6637632,-1.586783
'[17:34:19.404 21/01/2026]',0.4063231,0.2087753,-0.09811305,-1.74444,4.610755E-10,4.610755E-10,-0.6637632,-1.586783
'[17:34:19.412 21/01/2026]',-0.436408,0.3986662,0.2952875,2.355939,4.610755E-10,4.610755E-10,-3.498048,-1.191197
'[17:34:19.420 21/01/2026]',-0.436408,0.3986662,0.2952875,2.355939,4.610755E-10,4.610755E-10,-3.498048,-1.191197
'[17:34:19.428 21/01/2026]',-0.436408,0.3986662,0.2952875,2.355939,4.610755E-10,4.610755E-10,-3.498048,-1.191197
'[17:34:19.436 21/01/2026]',1.998328,2.0225,0.9560317,1.210408,4.610755E-10,4.610755E-10,3.591153,3.037524
'[17:34:19.444 21/01/2026]',1.998328,2.0225,0.9560317,1.210408,4.610755E-10,4.610755E-10,3.591153,3.037524
'[17:34:19.452 21/01/2026]',-2.055483,-2.971416,-1.242013,-1.822659,4.610755E-10,4.610755E-10,-1.458742,-2.39396
'[17:34:19.460 21/01/2026]',-2.055483,-2.971416,-1.242013,-1.822659,4.610755E-10,4.610755E-10,-1.458742,-2.39396
'[17:34:19.468 21/01/2026]',-2.055483,-2.971416,-1.242013,-1.822659,4.610755E-10,4.610755E-10,-1.458742,-2.39396
'[17:34:19.476 21/01/2026]',-2.055483,-2.971416,-1.242013,-1.822659,4.610755E-10,4.610755E-10,-1.458742,-2.39396
'[17:34:19.484 21/01/2026]',0.6849818,2.814448,0.5410664,0.1774558,4.610755E-10,4.610755E-10,0.8970444,1.18752
'[17:34:19.492 21/01/2026]',0.6849818,2.814448,0.5410664,0.1774558,4.610755E-10,4.610755E-10,0.8970444,1.18752
'[17:34:19.500 21/01/2026]',-0.5940731,-3.895755,-1.766658,-0.9983164,4.610755E-10,4.610755E-10,-1.720926,-0.9196624
'[17:34:19.508 21/01/2026]',0.724749,0.8381539,1.674736,0.6489782,4.610755E-10,4.610755E-10,1.832921,1.398024
'[17:34:19.516 21/01/2026]',0.724749,0.8381539,1.674736,0.6489782,4.610755E-10,4.610755E-10,1.832921,1.398024
'[17:34:19.524 21/01/2026]',-0.1919236,2.146282,-1.624346,-0.2554091,4.610755E-10,4.610755E-10,-2.057918,-2.172719
'[17:34:19.532 21/01/2026]',0.6443563,-2.92936,3.097375,1.854903,4.610755E-10,4.610755E-10,2.573567,2.273925
'[17:34:19.540 21/01/2026]',0.6443563,-2.92936,3.097375,1.854903,4.610755E-10,4.610755E-10,2.573567,2.273925
'[17:34:19.548 21/01/2026]',0.6443563,-2.92936,3.097375,1.854903,4.610755E-10,4.610755E-10,2.573567,2.273925
'[17:34:19.556 21/01/2026]',-0.8676278,1.778939,-0.4740238,-0.9010699,4.610755E-10,4.610755E-10,-0.958325,-1.040035
'[17:34:19.564 21/01/2026]',-0.8676278,1.778939,-0.4740238,-0.9010699,4.610755E-10,4.610755E-10,-0.958325,-1.040035
'[17:34:19.572 21/01/2026]',0.204928,-0.926578,-2.983004,-1.16573,4.610755E-10,4.610755E-10,-0.2557158,-0.008144699
'[17:34:19.580 21/01/2026]',0.204928,-0.926578,-2.983004,-1.16573,4.610755E-10,4.610755E-10,-0.2557158,-0.008144699
'[17:34:19.588 21/01/2026]',0.204928,-0.926578,-2.983004,-1.16573,4.610755E-10,4.610755E-10,-0.2557158,-0.008144699
'[17:34:19.596 21/01/2026]',0.2475161,2.374067,2.383043,2.122728,4.610755E-10,4.610755E-10,-0.3980887,-1.337919
'[17:34:19.604 21/01/2026]',0.2475161,2.374067,2.383043,2.122728,4.610755E-10,4.610755E-10,-0.3980887,-1.337919
'[17:34:19.612 21/01/2026]',0.6339604,-0.9818594,2.666239,-0.1706709,4.610755E-10,4.610755E-10,0.3469428,2.023352
'[17:34:19.620 21/01/2026]',0.6339604,-0.9818594,2.666239,-0.1706709,4.610755E-10,4.610755E-10,0.3469428,2.023352
'[17:34:19.628 21/01/2026]',-1.118747,-0.3824466,-5.276351,-1.497602,4.610755E-10,4.610755E-10,0.7715797,-0.5144637
'[17:34:19.636 21/01/2026]',-1.118747,-0.3824466,-5.276351,-1.497602,4.610755E-10,4.610755E-10,0.7715797,-0.5144637
'[17:34:19.644 21/01/2026]',-1.118747,-0.3824466,-5.276351,-1.497602,4.610755E-10,4.610755E-10,0.7715797,-0.5144637
'[17:34:19.652 21/01/2026]',2.795892,1.631878,6.060572,2.121605,4.610755E-10,4.610755E-10,0.7744904,0.6300461
'[17:34:19.660 21/01/2026]',-4.629539,-0.1572609,-5.230117,-2.710711,4.610755E-10,4.610755E-10,-2.706843,-1.08277
'[17:34:19.668 21/01/2026]',-4.629539,-0.1572609,-5.230117,-2.710711,4.610755E-10,4.610755E-10,-2.706843,-1.08277
'[17:34:19.676 21/01/2026]',-4.629539,-0.1572609,-5.230117,-2.710711,4.610755E-10,4.610755E-10,-2.706843,-1.08277
'[17:34:19.684 21/01/2026]',2.291458,-1.270459,2.033739,2.986161,4.610755E-10,4.610755E-10,3.066394,1.287149
'[17:34:19.692 21/01/2026]',3.358181,4.823499,4.003587,2.312797,4.610755E-10,4.610755E-10,-0.4442062,0.115089
'[17:34:19.700 21/01/2026]',3.358181,4.823499,4.003587,2.312797,4.610755E-10,4.610755E-10,-0.4442062,0.115089
'[17:34:19.708 21/01/2026]',-6.364988,-8.360754,-6.912783,-7.038407,4.610755E-10,4.610755E-10,-2.016546,-1.883754
'[17:34:19.716 21/01/2026]',-6.364988,-8.360754,-6.912783,-7.038407,4.610755E-10,4.610755E-10,-2.016546,-1.883754
'[17:34:19.724 21/01/2026]',3.391687,4.888647,2.436591,4.244089,4.610755E-10,4.610755E-10,1.701649,1.226044
'[17:34:19.732 21/01/2026]',3.391687,4.888647,2.436591,4.244089,4.610755E-10,4.610755E-10,1.701649,1.226044
'[17:34:19.740 21/01/2026]',-1.074599,-0.2632083,0.3027489,-0.5447025,4.610755E-10,4.610755E-10,0.3072663,-0.1129661
'[17:34:19.748 21/01/2026]',-1.074599,-0.2632083,0.3027489,-0.5447025,4.610755E-10,4.610755E-10,0.3072663,-0.1129661
'[17:34:19.756 21/01/2026]',3.975503,3.06088,2.134378,2.562403,4.610755E-10,4.610755E-10,1.305493,3.532166
'[17:34:19.764 21/01/2026]',3.975503,3.06088,2.134378,2.562403,4.610755E-10,4.610755E-10,1.305493,3.532166
'[17:34:19.772 21/01/2026]',-7.563176,-8.781537,-5.531914,-5.90064,4.610755E-10,4.610755E-10,-2.625228,-5.377638
'[17:34:19.780 21/01/2026]',-7.563176,-8.781537,-5.531914,-5.90064,4.610755E-10,4.610755E-10,-2.625228,-5.377638
'[17:34:19.788 21/01/2026]',5.293965,6.891613,3.16791,4.561326,4.610755E-10,4.610755E-10,0.4490704,1.616835
'[17:34:19.796 21/01/2026]',5.293965,6.891613,3.16791,4.561326,4.610755E-10,4.610755E-10,0.4490704,1.616835
'[17:34:19.804 21/01/2026]',5.293965,6.891613,3.16791,4.561326,4.610755E-10,4.610755E-10,0.4490704,1.616835
'[17:34:19.812 21/01/2026]',-1.084811,0.02481678,-1.117051,-1.334343,4.610755E-10,4.610755E-10,-0.1469652,1.714294
'[17:34:19.820 21/01/2026]',-1.084811,0.02481678,-1.117051,-1.334343,4.610755E-10,4.610755E-10,-0.1469652,1.714294
'[17:34:19.828 21/01/2026]',-1.084811,0.02481678,-1.117051,-1.334343,4.610755E-10,4.610755E-10,-0.1469652,1.714294
'[17:34:19.836 21/01/2026]',-2.583831,-4.236649,0.04149598,-1.280947,4.610755E-10,4.610755E-10,0.9005009,-2.189723
'[17:34:19.844 21/01/2026]',-2.583831,-4.236649,0.04149598,-1.280947,4.610755E-10,4.610755E-10,0.9005009,-2.189723
'[17:34:19.852 21/01/2026]',2.829551,3.09181,1.943607,2.49462,4.610755E-10,4.610755E-10,0.5458834,2.288746
'[17:34:19.860 21/01/2026]',2.829551,3.09181,1.943607,2.49462,4.610755E-10,4.610755E-10,0.5458834,2.288746
'[17:34:19.868 21/01/2026]',2.829551,3.09181,1.943607,2.49462,4.610755E-10,4.610755E-10,0.5458834,2.288746
'[17:34:19.876 21/01/2026]',-1.163425,-0.006266146,-1.13965,-0.3998512,4.610755E-10,4.610755E-10,-3.350902,-3.569216
'[17:34:19.884 21/01/2026]',0.5559601,1.54465,0.1149994,-0.1075296,4.610755E-10,4.610755E-10,2.832601,2.037129
'[17:34:19.892 21/01/2026]',0.5559601,1.54465,0.1149994,-0.1075296,4.610755E-10,4.610755E-10,2.832601,2.037129
'[17:34:19.900 21/01/2026]',0.1770065,-1.369073,1.826867,0.08574788,4.610755E-10,4.610755E-10,0.9922991,1.59368
'[17:34:19.908 21/01/2026]',0.1770065,-1.369073,1.826867,0.08574788,4.610755E-10,4.610755E-10,0.9922991,1.59368
'[17:34:19.916 21/01/2026]',0.1770065,-1.369073,1.826867,0.08574788,4.610755E-10,4.610755E-10,0.9922991,1.59368
'[17:34:19.924 21/01/2026]',-0.9915968,0.3268256,-1.824023,-1.706511,4.610755E-10,4.610755E-10,-1.492295,-2.022859
'[17:34:19.932 21/01/2026]',1.503496,1.291992,0.2808707,3.037376,4.610755E-10,4.610755E-10,-1.415398,-1.566966
'[17:34:19.940 21/01/2026]',1.503496,1.291992,0.2808707,3.037376,4.610755E-10,4.610755E-10,-1.415398,-1.566966
'[17:34:19.948 21/01/2026]',1.503496,1.291992,0.2808707,3.037376,4.610755E-10,4.610755E-10,-1.415398,-1.566966
'[17:34:19.956 21/01/2026]',-0.01914437,-2.606525,1.809897,-1.778269,4.610755E-10,4.610755E-10,1.873526,2.426904
'[17:34:19.964 21/01/2026]',-0.01914437,-2.606525,1.809897,-1.778269,4.610755E-10,4.610755E-10,1.873526,2.426904
'[17:34:19.972 21/01/2026]',-1.138845,3.4918,-1.447972,0.5902672,4.610755E-10,4.610755E-10,1.452779,1.967609
'[17:34:19.980 21/01/2026]',-1.138845,3.4918,-1.447972,0.5902672,4.610755E-10,4.610755E-10,1.452779,1.967609
'[17:34:19.988 21/01/2026]',-1.138845,3.4918,-1.447972,0.5902672,4.610755E-10,4.610755E-10,1.452779,1.967609
'[17:34:19.996 21/01/2026]',-1.138845,3.4918,-1.447972,0.5902672,4.610755E-10,4.610755E-10,1.452779,1.967609
'[17:34:20.004 21/01/2026]',-1.138845,3.4918,-1.447972,0.5902672,4.610755E-10,4.610755E-10,1.452779,1.967609
'[17:34:20.012 21/01/2026]',-1.138845,3.4918,-1.447972,0.5902672,4.610755E-10,4.610755E-10,1.452779,1.967609
'[17:34:20.020 21/01/2026]',-1.033876,-1.839684,-1.97357,-1.171413,4.610755E-10,4.610755E-10,-3.789646,-3.893288
'[17:34:20.028 21/01/2026]',4.219819,-1.73617,3.803425,2.059366,4.610755E-10,4.610755E-10,1.212374,-0.3930095
'[17:34:20.036 21/01/2026]',-3.827125,2.88332,-1.926198,-1.649162,4.610755E-10,4.610755E-10,1.582646,3.878272
'[17:34:20.044 21/01/2026]',-0.4092692,-2.876867,-1.198739,-0.4632429,4.610755E-10,4.610755E-10,-0.7284764,-2.118937
'[17:34:20.052 21/01/2026]',-0.4092692,-2.876867,-1.198739,-0.4632429,4.610755E-10,4.610755E-10,-0.7284764,-2.118937
'[17:34:20.060 21/01/2026]',1.00672,-0.3645152,0.7026411,0.2472132,4.610755E-10,4.610755E-10,-1.324491,-0.4070635
'[17:34:20.068 21/01/2026]',1.00672,-0.3645152,0.7026411,0.2472132,4.610755E-10,4.610755E-10,-1.324491,-0.4070635
'[17:34:20.076 21/01/2026]',0.664151,2.315554,1.497098,0.09146056,4.610755E-10,4.610755E-10,2.248437,0.1085234
'[17:34:20.084 21/01/2026]',0.664151,2.315554,1.497098,0.09146056,4.610755E-10,4.610755E-10,2.248437,0.1085234
'[17:34:20.092 21/01/2026]',0.664151,2.315554,1.497098,0.09146056,4.610755E-10,4.610755E-10,2.248437,0.1085234
'[17:34:20.100 21/01/2026]',0.664151,2.315554,1.497098,0.09146056,4.610755E-10,4.610755E-10,2.248437,0.1085234
'[17:34:20.108 21/01/2026]',0.7528637,1.047139,0.2306232,2.260012,4.610755E-10,4.610755E-10,-0.1120157,2.476396
'[17:34:20.116 21/01/2026]',-1.215423,-3.866039,-1.513495,-2.427074,4.610755E-10,4.610755E-10,-3.919738,-4.854307
'[17:34:20.124 21/01/2026]',-2.159393,0.6847243,-0.7722459,-0.707966,4.610755E-10,4.610755E-10,3.201134,3.147137
'[17:34:20.132 21/01/2026]',-2.159393,0.6847243,-0.7722459,-0.707966,4.610755E-10,4.610755E-10,3.201134,3.147137
'[17:34:20.140 21/01/2026]',-2.159393,0.6847243,-0.7722459,-0.707966,4.610755E-10,4.610755E-10,3.201134,3.147137
'[17:34:20.148 21/01/2026]',3.523058,1.629755,2.071168,1.910045,4.610755E-10,4.610755E-10,-0.7724722,-0.7582462
'[17:34:20.156 21/01/2026]',3.523058,1.629755,2.071168,1.910045,4.610755E-10,4.610755E-10,-0.7724722,-0.7582462
'[17:34:20.164 21/01/2026]',3.523058,1.629755,2.071168,1.910045,4.610755E-10,4.610755E-10,-0.7724722,-0.7582462
'[17:34:20.172 21/01/2026]',-1.528689,1.779403,-0.1698271,0.2357988,4.610755E-10,4.610755E-10,0.9292484,-0.3432662
'[17:34:20.180 21/01/2026]',-1.528689,1.779403,-0.1698271,0.2357988,4.610755E-10,4.610755E-10,0.9292484,-0.3432662
'[17:34:20.188 21/01/2026]',-1.528689,1.779403,-0.1698271,0.2357988,4.610755E-10,4.610755E-10,0.9292484,-0.3432662
'[17:34:20.196 21/01/2026]',-1.528689,1.779403,-0.1698271,0.2357988,4.610755E-10,4.610755E-10,0.9292484,-0.3432662
'[17:34:20.204 21/01/2026]',-0.5653463,-3.193249,-1.376712,-1.717348,4.610755E-10,4.610755E-10,-0.3288853,1.065058
'[17:34:20.212 21/01/2026]',-0.4448188,1.468894,-0.2547709,0.01772648,4.610755E-10,4.610755E-10,-2.210028,-1.54922
'[17:34:20.220 21/01/2026]',2.790782,1.862664,4.355044,2.064038,4.610755E-10,4.610755E-10,2.21889,0.5043734
'[17:34:20.228 21/01/2026]',2.790782,1.862664,4.355044,2.064038,4.610755E-10,4.610755E-10,2.21889,0.5043734
'[17:34:20.236 21/01/2026]',-1.622476,-3.544454,-2.058862,-0.4085295,4.610755E-10,4.610755E-10,0.04953328,0.6481346
'[17:34:20.244 21/01/2026]',-3.546539,-4.543471,-3.587595,-3.098549,4.610755E-10,4.610755E-10,-1.97849,-1.200944
'[17:34:20.252 21/01/2026]',-3.546539,-4.543471,-3.587595,-3.098549,4.610755E-10,4.610755E-10,-1.97849,-1.200944
'[17:34:20.260 21/01/2026]',-3.546539,-4.543471,-3.587595,-3.098549,4.610755E-10,4.610755E-10,-1.97849,-1.200944
'[17:34:20.268 21/01/2026]',3.464761,7.053668,1.275772,1.69356,4.610755E-10,4.610755E-10,-0.3984352,0.1762318
'[17:34:20.276 21/01/2026]',3.464761,7.053668,1.275772,1.69356,4.610755E-10,4.610755E-10,-0.3984352,0.1762318
'[17:34:20.284 21/01/2026]',1.131775,-2.593146,4.775,1.397173,4.610755E-10,4.610755E-10,2.870723,-0.4808972
'[17:34:20.292 21/01/2026]',1.131775,-2.593146,4.775,1.397173,4.610755E-10,4.610755E-10,2.870723,-0.4808972
'[17:34:20.300 21/01/2026]',1.131775,-2.593146,4.775,1.397173,4.610755E-10,4.610755E-10,2.870723,-0.4808972
'[17:34:20.308 21/01/2026]',-5.61031,-5.846567,-7.405611,-3.666234,4.610755E-10,4.610755E-10,-2.258916,0.6254374
'[17:34:20.316 21/01/2026]',4.222812,5.26787,4.024272,1.106275,4.610755E-10,4.610755E-10,-0.5978681,-1.567077
'[17:34:20.324 21/01/2026]',4.222812,5.26787,4.024272,1.106275,4.610755E-10,4.610755E-10,-0.5978681,-1.567077
'[17:34:20.332 21/01/2026]',-1.033627,-0.234701,-1.310569,1.586655,4.610755E-10,4.610755E-10,1.428174,2.819985
'[17:34:20.340 21/01/2026]',-1.033627,-0.234701,-1.310569,1.586655,4.610755E-10,4.610755E-10,1.428174,2.819985
'[17:34:20.348 21/01/2026]',-1.033627,-0.234701,-1.310569,1.586655,4.610755E-10,4.610755E-10,1.428174,2.819985
'[17:34:20.356 21/01/2026]',-1.033627,-0.234701,-1.310569,1.586655,4.610755E-10,4.610755E-10,1.428174,2.819985
'[17:34:20.364 21/01/2026]',-0.1519353,-5.067531,0.7706371,-2.4725,4.610755E-10,4.610755E-10,-1.45328,-4.247539
'[17:34:20.372 21/01/2026]',0.8923531,5.87571,1.054213,2.981126,4.610755E-10,4.610755E-10,1.818953,3.963626
'[17:34:20.380 21/01/2026]',0.8923531,5.87571,1.054213,2.981126,4.610755E-10,4.610755E-10,1.818953,3.963626
'[17:34:20.388 21/01/2026]',-3.54359,-3.233259,-4.50033,-3.867447,4.610755E-10,4.610755E-10,-0.8594339,-1.446938
'[17:34:20.396 21/01/2026]',-3.54359,-3.233259,-4.50033,-3.867447,4.610755E-10,4.610755E-10,-0.8594339,-1.446938
'[17:34:20.404 21/01/2026]',-3.54359,-3.233259,-4.50033,-3.867447,4.610755E-10,4.610755E-10,-0.8594339,-1.446938
'[17:34:20.412 21/01/2026]',4.646926,-0.4616975,4.216415,3.110751,4.610755E-10,4.610755E-10,0.5512519,-0.04146327
'[17:34:20.420 21/01/2026]',-0.725412,5.155371,-0.009510444,1.310893,4.610755E-10,4.610755E-10,0.4918183,1.435512
'[17:34:20.428 21/01/2026]',-0.725412,5.155371,-0.009510444,1.310893,4.610755E-10,4.610755E-10,0.4918183,1.435512
'[17:34:20.436 21/01/2026]',-5.627456,-8.584366,-6.156556,-5.354705,4.610755E-10,4.610755E-10,-4.354609,-3.352183
'[17:34:20.444 21/01/2026]',-5.627456,-8.584366,-6.156556,-5.354705,4.610755E-10,4.610755E-10,-4.354609,-3.352183
'[17:34:20.452 21/01/2026]',6.495085,8.405117,7.098108,5.436818,4.610755E-10,4.610755E-10,4.690762,2.938025
'[17:34:20.460 21/01/2026]',6.495085,8.405117,7.098108,5.436818,4.610755E-10,4.610755E-10,4.690762,2.938025
'[17:34:20.468 21/01/2026]',6.495085,8.405117,7.098108,5.436818,4.610755E-10,4.610755E-10,4.690762,2.938025
'[17:34:20.476 21/01/2026]',-2.687224,-4.726625,-3.665771,-2.718976,4.610755E-10,4.610755E-10,-0.3553935,-1.053348
'[17:34:20.484 21/01/2026]',-2.687224,-4.726625,-3.665771,-2.718976,4.610755E-10,4.610755E-10,-0.3553935,-1.053348
'[17:34:20.492 21/01/2026]',0.4546227,0.4038583,1.105143,-0.3871244,4.610755E-10,4.610755E-10,-2.620776,-1.654698
'[17:34:20.500 21/01/2026]',0.4546227,0.4038583,1.105143,-0.3871244,4.610755E-10,4.610755E-10,-2.620776,-1.654698
'[17:34:20.508 21/01/2026]',-3.23238,-1.936838,-2.147073,-0.6791966,4.610755E-10,4.610755E-10,2.138892,2.349528
'[17:34:20.516 21/01/2026]',-3.23238,-1.936838,-2.147073,-0.6791966,4.610755E-10,4.610755E-10,2.138892,2.349528
'[17:34:20.524 21/01/2026]',-3.23238,-1.936838,-2.147073,-0.6791966,4.610755E-10,4.610755E-10,2.138892,2.349528
'[17:34:20.532 21/01/2026]',-3.23238,-1.936838,-2.147073,-0.6791966,4.610755E-10,4.610755E-10,2.138892,2.349528
'[17:34:20.540 21/01/2026]',7.092538,6.219749,2.611125,4.787066,4.610755E-10,4.610755E-10,1.01703,0.8740368
'[17:34:20.548 21/01/2026]',-3.805096,-3.697065,-0.7933661,-4.567733,4.610755E-10,4.610755E-10,-3.877664,-3.84968
'[17:34:20.556 21/01/2026]',-3.805096,-3.697065,-0.7933661,-4.567733,4.610755E-10,4.610755E-10,-3.877664,-3.84968
'[17:34:20.564 21/01/2026]',-4.352088,-1.638648,-5.021985,-2.762895,4.610755E-10,4.610755E-10,0.2659063,-0.1920889
'[17:34:20.572 21/01/2026]',-4.352088,-1.638648,-5.021985,-2.762895,4.610755E-10,4.610755E-10,0.2659063,-0.1920889
'[17:34:20.580 21/01/2026]',7.744396,3.785511,8.812124,8.231343,4.610755E-10,4.610755E-10,6.131033,6.110367
'[17:34:20.588 21/01/2026]',7.744396,3.785511,8.812124,8.231343,4.610755E-10,4.610755E-10,6.131033,6.110367
'[17:34:20.596 21/01/2026]',-2.460361,-0.6163869,-5.792164,-3.337854,4.610755E-10,4.610755E-10,-6.082427,-5.947026
'[17:34:20.604 21/01/2026]',-2.460361,-0.6163869,-5.792164,-3.337854,4.610755E-10,4.610755E-10,-6.082427,-5.947026
'[17:34:20.612 21/01/2026]',-1.243505,0.1260683,2.673221,-1.698136,4.610755E-10,4.610755E-10,1.733109,1.773099
'[17:34:20.620 21/01/2026]',-1.243505,0.1260683,2.673221,-1.698136,4.610755E-10,4.610755E-10,1.733109,1.773099
'[17:34:20.628 21/01/2026]',2.415051,-0.1819399,-0.05331852,2.836181,4.610755E-10,4.610755E-10,1.62274,1.711395
'[17:34:20.636 21/01/2026]',-0.8265291,2.561435,-0.3639811,-0.09890752,4.610755E-10,4.610755E-10,-2.919063,-4.12573
'[17:34:20.644 21/01/2026]',-0.8265291,2.561435,-0.3639811,-0.09890752,4.610755E-10,4.610755E-10,-2.919063,-4.12573
'[17:34:20.652 21/01/2026]',-0.8265291,2.561435,-0.3639811,-0.09890752,4.610755E-10,4.610755E-10,-2.919063,-4.12573
'[17:34:20.660 21/01/2026]',-1.189696,-4.807017,-0.3715351,-2.239787,4.610755E-10,4.610755E-10,0.06233355,2.864715
'[17:34:20.668 21/01/2026]',-1.189696,-4.807017,-0.3715351,-2.239787,4.610755E-10,4.610755E-10,0.06233355,2.864715
'[17:34:20.676 21/01/2026]',0.4635672,1.507374,-1.23954,0.2073424,4.610755E-10,4.610755E-10,2.453048,0.9863067
'[17:34:20.684 21/01/2026]',0.4635672,1.507374,-1.23954,0.2073424,4.610755E-10,4.610755E-10,2.453048,0.9863067
'[17:34:20.692 21/01/2026]',0.4635672,1.507374,-1.23954,0.2073424,4.610755E-10,4.610755E-10,2.453048,0.9863067
'[17:34:20.700 21/01/2026]',0.4635672,1.507374,-1.23954,0.2073424,4.610755E-10,4.610755E-10,2.453048,0.9863067
'[17:34:20.708 21/01/2026]',-0.5240745,-1.329006,2.324518,1.119641,4.610755E-10,4.610755E-10,-2.798241,-3.971749
'[17:34:20.716 21/01/2026]',-0.5240745,-1.329006,2.324518,1.119641,4.610755E-10,4.610755E-10,-2.798241,-3.971749
'[17:34:20.724 21/01/2026]',0.1652572,-1.95568,-0.2034346,-0.2524121,4.610755E-10,4.610755E-10,2.689795,2.100312
'[17:34:20.732 21/01/2026]',-0.5955247,6.261328,-2.854511,-1.15972,4.610755E-10,4.610755E-10,-2.509538,0.2286179
'[17:34:20.740 21/01/2026]',-0.5955247,6.261328,-2.854511,-1.15972,4.610755E-10,4.610755E-10,-2.509538,0.2286179
'[17:34:20.748 21/01/2026]',-0.3235052,-5.081113,1.275783,-0.9958432,4.610755E-10,4.610755E-10,-1.346814,-1.867773
'[17:34:20.756 21/01/2026]',-0.04720865,-0.9806687,0.1581167,1.31127,4.610755E-10,4.610755E-10,1.692802,0.04995508
'[17:34:20.764 21/01/2026]',-0.04720865,-0.9806687,0.1581167,1.31127,4.610755E-10,4.610755E-10,1.692802,0.04995508
'[17:34:20.772 21/01/2026]',-2.182795,-2.362498,-1.868198,-2.021673,4.610755E-10,4.610755E-10,0.1277779,0.3211078
'[17:34:20.780 21/01/2026]',-2.182795,-2.362498,-1.868198,-2.021673,4.610755E-10,4.610755E-10,0.1277779,0.3211078
'[17:34:20.788 21/01/2026]',4.495045,6.206727,5.091713,4.582607,4.610755E-10,4.610755E-10,0.4424151,1.388608
'[17:34:20.796 21/01/2026]',4.495045,6.206727,5.091713,4.582607,4.610755E-10,4.610755E-10,0.4424151,1.388608
'[17:34:20.804 21/01/2026]',4.495045,6.206727,5.091713,4.582607,4.610755E-10,4.610755E-10,0.4424151,1.388608
'[17:34:20.812 21/01/2026]',4.495045,6.206727,5.091713,4.582607,4.610755E-10,4.610755E-10,0.4424151,1.388608
'[17:34:20.820 21/01/2026]',-0.6190383,2.593956,0.2120276,-0.6422529,4.610755E-10,4.610755E-10,0.4499821,-0.6972031
'[17:34:20.828 21/01/2026]',-0.6190383,2.593956,0.2120276,-0.6422529,4.610755E-10,4.610755E-10,0.4499821,-0.6972031
'[17:34:20.836 21/01/2026]',-0.6190383,2.593956,0.2120276,-0.6422529,4.610755E-10,4.610755E-10,0.4499821,-0.6972031
'[17:34:20.844 21/01/2026]',-3.749007,-11.13289,-6.024351,-6.075105,4.610755E-10,4.610755E-10,-1.929346,-1.327799
'[17:34:20.852 21/01/2026]',-3.749007,-11.13289,-6.024351,-6.075105,4.610755E-10,4.610755E-10,-1.929346,-1.327799
'[17:34:20.860 21/01/2026]',4.489746,9.557753,6.490898,7.397351,4.610755E-10,4.610755E-10,3.527489,3.446817
'[17:34:20.868 21/01/2026]',4.489746,9.557753,6.490898,7.397351,4.610755E-10,4.610755E-10,3.527489,3.446817
'[17:34:20.876 21/01/2026]',4.489746,9.557753,6.490898,7.397351,4.610755E-10,4.610755E-10,3.527489,3.446817
'[17:34:20.884 21/01/2026]',-2.972321,-6.472586,-2.232832,-4.081985,4.610755E-10,4.610755E-10,-4.343698,-5.377212
'[17:34:20.892 21/01/2026]',-2.972321,-6.472586,-2.232832,-4.081985,4.610755E-10,4.610755E-10,-4.343698,-5.377212
'[17:34:20.900 21/01/2026]',-2.972321,-6.472586,-2.232832,-4.081985,4.610755E-10,4.610755E-10,-4.343698,-5.377212
'[17:34:20.908 21/01/2026]',1.123095,1.93208,0.3284421,0.7125897,4.610755E-10,4.610755E-10,2.672899,3.051049
'[17:34:20.916 21/01/2026]',-4.790342,-1.873822,-1.443259,-1.187006,4.610755E-10,4.610755E-10,-1.174077,-1.4933
'[17:34:20.924 21/01/2026]',-4.790342,-1.873822,-1.443259,-1.187006,4.610755E-10,4.610755E-10,-1.174077,-1.4933
'[17:34:20.932 21/01/2026]',-25.33457,-15.3589,-12.28405,-10.35402,4.610755E-10,4.610755E-10,-2.829009,-0.7505255
'[17:34:20.940 21/01/2026]',-25.33457,-15.3589,-12.28405,-10.35402,4.610755E-10,4.610755E-10,-2.829009,-0.7505255
'[17:34:20.948 21/01/2026]',-6.860242,-21.94416,-1.547297,-6.664822,4.610755E-10,4.610755E-10,-0.5783939,-2.283605
'[17:34:20.956 21/01/2026]',-6.860242,-21.94416,-1.547297,-6.664822,4.610755E-10,4.610755E-10,-0.5783939,-2.283605
'[17:34:20.964 21/01/2026]',80.04345,69.83218,33.03991,35.55105,4.610755E-10,4.610755E-10,5.705126,4.484276
'[17:34:20.972 21/01/2026]',80.04345,69.83218,33.03991,35.55105,4.610755E-10,4.610755E-10,5.705126,4.484276
'[17:34:20.980 21/01/2026]',-17.42551,2.644619,-6.776244,-4.777607,4.610755E-10,4.610755E-10,-0.1915987,1.737035
'[17:34:20.988 21/01/2026]',-17.42551,2.644619,-6.776244,-4.777607,4.610755E-10,4.610755E-10,-0.1915987,1.737035
'[17:34:20.996 21/01/2026]',-39.10736,-49.24948,-15.99144,-18.31067,4.610755E-10,4.610755E-10,-1.73715,-1.732359
'[17:34:21.004 21/01/2026]',-39.10736,-49.24948,-15.99144,-18.31067,4.610755E-10,4.610755E-10,-1.73715,-1.732359
'[17:34:21.012 21/01/2026]',-39.10736,-49.24948,-15.99144,-18.31067,4.610755E-10,4.610755E-10,-1.73715,-1.732359
'[17:34:21.020 21/01/2026]',10.98851,10.59407,4.360616,5.762213,4.610755E-10,4.610755E-10,-3.22831,-4.145712
'[17:34:21.028 21/01/2026]',8.714483,10.45093,3.397945,2.811461,4.610755E-10,4.610755E-10,6.548253,3.581398
'[17:34:21.036 21/01/2026]',8.714483,10.45093,3.397945,2.811461,4.610755E-10,4.610755E-10,6.548253,3.581398
'[17:34:21.044 21/01/2026]',8.714483,10.45093,3.397945,2.811461,4.610755E-10,4.610755E-10,6.548253,3.581398
'[17:34:21.052 21/01/2026]',8.714483,10.45093,3.397945,2.811461,4.610755E-10,4.610755E-10,6.548253,3.581398
'[17:34:21.060 21/01/2026]',8.714483,10.45093,3.397945,2.811461,4.610755E-10,4.610755E-10,6.548253,3.581398
'[17:34:21.068 21/01/2026]',-7.205078,-6.287962,-3.430104,-4.642005,4.610755E-10,4.610755E-10,-4.913112,-0.5282263
'[17:34:21.076 21/01/2026]',-1.176253,1.422272,2.591662,3.436613,4.610755E-10,4.610755E-10,-1.634907,-1.340612
'[17:34:21.084 21/01/2026]',-1.176253,1.422272,2.591662,3.436613,4.610755E-10,4.610755E-10,-1.634907,-1.340612
'[17:34:21.092 21/01/2026]',3.072298,0.2367403,-0.3033989,0.6596035,4.610755E-10,4.610755E-10,5.24323,1.462472
'[17:34:21.100 21/01/2026]',3.072298,0.2367403,-0.3033989,0.6596035,4.610755E-10,4.610755E-10,5.24323,1.462472
'[17:34:21.108 21/01/2026]',0.4148014,-2.385797,0.4108323,-1.844453,4.610755E-10,4.610755E-10,0.4724591,1.490562
'[17:34:21.116 21/01/2026]',-1.475937,7.571216,-0.02216627,1.76256,4.610755E-10,4.610755E-10,-2.017431,-0.03758269
'[17:34:21.124 21/01/2026]',-1.475937,7.571216,-0.02216627,1.76256,4.610755E-10,4.610755E-10,-2.017431,-0.03758269
'[17:34:21.132 21/01/2026]',-1.958669,-8.170606,-2.570603,-2.128867,4.610755E-10,4.610755E-10,-3.689895,-4.204792
'[17:34:21.140 21/01/2026]',-1.958669,-8.170606,-2.570603,-2.128867,4.610755E-10,4.610755E-10,-3.689895,-4.204792
'[17:34:21.148 21/01/2026]',4.247077,2.143149,4.106822,2.793946,4.610755E-10,4.610755E-10,6.119579,5.567376
'[17:34:21.156 21/01/2026]',4.247077,2.143149,4.106822,2.793946,4.610755E-10,4.610755E-10,6.119579,5.567376
'[17:34:21.164 21/01/2026]',4.247077,2.143149,4.106822,2.793946,4.610755E-10,4.610755E-10,6.119579,5.567376
'[17:34:21.172 21/01/2026]',-4.129837,2.976588,-1.905397,-1.03378,4.610755E-10,4.610755E-10,-1.861403,-2.47341
'[17:34:21.180 21/01/2026]',-4.129837,2.976588,-1.905397,-1.03378,4.610755E-10,4.610755E-10,-1.861403,-2.47341
'[17:34:21.188 21/01/2026]',3.072776,-1.20335,-0.02058526,-0.03679223,4.610755E-10,4.610755E-10,-1.410981,-0.5076765
'[17:34:21.196 21/01/2026]',3.072776,-1.20335,-0.02058526,-0.03679223,4.610755E-10,4.610755E-10,-1.410981,-0.5076765
'[17:34:21.204 21/01/2026]',-1.080638,-0.5740674,0.2068044,-0.7926739,4.610755E-10,4.610755E-10,1.182966,2.472976
'[17:34:21.212 21/01/2026]',-1.080638,-0.5740674,0.2068044,-0.7926739,4.610755E-10,4.610755E-10,1.182966,2.472976
'[17:34:21.220 21/01/2026]',-1.080638,-0.5740674,0.2068044,-0.7926739,4.610755E-10,4.610755E-10,1.182966,2.472976
'[17:34:21.228 21/01/2026]',-1.080638,-0.5740674,0.2068044,-0.7926739,4.610755E-10,4.610755E-10,1.182966,2.472976
'[17:34:21.236 21/01/2026]',-1.654788,-2.108716,-1.096871,0.8743535,4.610755E-10,4.610755E-10,0.2365378,-1.596099
'[17:34:21.244 21/01/2026]',-1.654788,-2.108716,-1.096871,0.8743535,4.610755E-10,4.610755E-10,0.2365378,-1.596099
'[17:34:21.252 21/01/2026]',3.000796,3.623416,2.303793,0.13306,4.610755E-10,4.610755E-10,-2.412863,-2.58137
'[17:34:21.260 21/01/2026]',-0.2166613,-2.815257,-0.7245657,-0.1953892,4.610755E-10,4.610755E-10,3.173028,4.282737
'[17:34:21.268 21/01/2026]',-0.2166613,-2.815257,-0.7245657,-0.1953892,4.610755E-10,4.610755E-10,3.173028,4.282737
'[17:34:21.276 21/01/2026]',0.8926843,1.779212,1.317031,0.3936068,4.610755E-10,4.610755E-10,-2.068742,-2.977287
'[17:34:21.284 21/01/2026]',0.8926843,1.779212,1.317031,0.3936068,4.610755E-10,4.610755E-10,-2.068742,-2.977287
'[17:34:21.292 21/01/2026]',-5.421849,-5.628585,-4.954633,-3.265898,4.610755E-10,4.610755E-10,0.5048925,-0.3197523
'[17:34:21.300 21/01/2026]',-5.421849,-5.628585,-4.954633,-3.265898,4.610755E-10,4.610755E-10,0.5048925,-0.3197523
'[17:34:21.308 21/01/2026]',3.117638,2.475612,4.416971,1.136168,4.610755E-10,4.610755E-10,-1.887395,0.7369481
'[17:34:21.316 21/01/2026]',3.117638,2.475612,4.416971,1.136168,4.610755E-10,4.610755E-10,-1.887395,0.7369481
'[17:34:21.324 21/01/2026]',3.117638,2.475612,4.416971,1.136168,4.610755E-10,4.610755E-10,-1.887395,0.7369481
'[17:34:21.332 21/01/2026]',0.2482625,3.614815,-3.031617,0.9170915,4.610755E-10,4.610755E-10,0.1139133,-0.6071904
'[17:34:21.340 21/01/2026]',-0.09354083,-5.307369,3.087221,0.1724697,4.610755E-10,4.610755E-10,3.648289,1.602011
'[17:34:21.348 21/01/2026]',1.34627,4.931407,-0.5545303,1.438315,4.610755E-10,4.610755E-10,-0.9996144,-0.3778266
'[17:34:21.356 21/01/2026]',1.34627,4.931407,-0.5545303,1.438315,4.610755E-10,4.610755E-10,-0.9996144,-0.3778266
'[17:34:21.364 21/01/2026]',1.34627,4.931407,-0.5545303,1.438315,4.610755E-10,4.610755E-10,-0.9996144,-0.3778266
'[17:34:21.372 21/01/2026]',-2.047954,-1.376646,-2.067225,-3.027016,4.610755E-10,4.610755E-10,-3.372931,-1.265649
'[17:34:21.380 21/01/2026]',-2.047954,-1.376646,-2.067225,-3.027016,4.610755E-10,4.610755E-10,-3.372931,-1.265649
'[17:34:21.388 21/01/2026]',10.45147,0.2617118,6.556977,5.241627,4.610755E-10,4.610755E-10,4.706126,1.598482
'[17:34:21.396 21/01/2026]',10.45147,0.2617118,6.556977,5.241627,4.610755E-10,4.610755E-10,4.706126,1.598482
'[17:34:21.404 21/01/2026]',10.45147,0.2617118,6.556977,5.241627,4.610755E-10,4.610755E-10,4.706126,1.598482
'[17:34:21.412 21/01/2026]',10.45147,0.2617118,6.556977,5.241627,4.610755E-10,4.610755E-10,4.706126,1.598482
'[17:34:21.420 21/01/2026]',-10.05399,-2.43487,-6.925716,-4.097513,4.610755E-10,4.610755E-10,-3.389832,-2.206018
'[17:34:21.428 21/01/2026]',-1.906714,5.710853,-0.2266806,-0.4536355,4.610755E-10,4.610755E-10,-0.004522471,0.1086304
'[17:34:21.436 21/01/2026]',4.633317,-4.918276,2.451317,-0.6525199,4.610755E-10,4.610755E-10,0.6941897,1.14397
'[17:34:21.444 21/01/2026]',4.633317,-4.918276,2.451317,-0.6525199,4.610755E-10,4.610755E-10,0.6941897,1.14397
'[17:34:21.452 21/01/2026]',-2.426305,-3.830987,-3.029741,-0.9696153,4.610755E-10,4.610755E-10,1.453639,3.169009
'[17:34:21.460 21/01/2026]',-2.426305,-3.830987,-3.029741,-0.9696153,4.610755E-10,4.610755E-10,1.453639,3.169009
'[17:34:21.468 21/01/2026]',2.298796,5.815322,4.335877,5.437875,4.610755E-10,4.610755E-10,0.8599554,-3.217099
'[17:34:21.476 21/01/2026]',2.298796,5.815322,4.335877,5.437875,4.610755E-10,4.610755E-10,0.8599554,-3.217099
'[17:34:21.484 21/01/2026]',0.07065932,4.698022,-1.186317,-1.198179,4.610755E-10,4.610755E-10,-2.963616,-2.667429
'[17:34:21.492 21/01/2026]',0.07065932,4.698022,-1.186317,-1.198179,4.610755E-10,4.610755E-10,-2.963616,-2.667429
'[17:34:21.500 21/01/2026]',-3.40149,-8.16504,-5.671885,-7.910966,4.610755E-10,4.610755E-10,-1.888158,2.345787
'[17:34:21.508 21/01/2026]',-3.40149,-8.16504,-5.671885,-7.910966,4.610755E-10,4.610755E-10,-1.888158,2.345787
'[17:34:21.516 21/01/2026]',2.732707,-2.161712,6.906726,7.15851,4.610755E-10,4.610755E-10,5.316552,1.434246
'[17:34:21.524 21/01/2026]',2.732707,-2.161712,6.906726,7.15851,4.610755E-10,4.610755E-10,5.316552,1.434246
'[17:34:21.532 21/01/2026]',-0.08699183,6.187598,-3.855064,0.1689052,4.610755E-10,4.610755E-10,-2.926071,-2.669131
'[17:34:21.540 21/01/2026]',-1.915385,-6.681484,0.8492873,-5.274284,4.610755E-10,4.610755E-10,-1.670802,-1.529479
'[17:34:21.548 21/01/2026]',-1.915385,-6.681484,0.8492873,-5.274284,4.610755E-10,4.610755E-10,-1.670802,-1.529479
'[17:34:21.556 21/01/2026]',-1.915385,-6.681484,0.8492873,-5.274284,4.610755E-10,4.610755E-10,-1.670802,-1.529479
'[17:34:21.564 21/01/2026]',-1.915385,-6.681484,0.8492873,-5.274284,4.610755E-10,4.610755E-10,-1.670802,-1.529479
'[17:34:21.572 21/01/2026]',1.101645,2.800662,-1.003621,1.908412,4.610755E-10,4.610755E-10,-0.847187,1.532719
'[17:34:21.580 21/01/2026]',1.101645,2.800662,-1.003621,1.908412,4.610755E-10,4.610755E-10,-0.847187,1.532719
'[17:34:21.588 21/01/2026]',0.2503769,4.811066,0.6979778,2.978114,4.610755E-10,4.610755E-10,3.95156,1.634942
'[17:34:21.596 21/01/2026]',-0.7961915,-7.977571,-0.5017027,-4.442729,4.610755E-10,4.610755E-10,-2.1758,-1.832589
'[17:34:21.604 21/01/2026]',-0.7961915,-7.977571,-0.5017027,-4.442729,4.610755E-10,4.610755E-10,-2.1758,-1.832589
'[17:34:21.612 21/01/2026]',-0.7137245,-0.3791527,-1.731551,0.7318118,4.610755E-10,4.610755E-10,-1.531944,-0.8904065
'[17:34:21.620 21/01/2026]',3.920916,6.722713,6.653752,6.019165,4.610755E-10,4.610755E-10,5.073363,3.605325
'[17:34:21.628 21/01/2026]',3.920916,6.722713,6.653752,6.019165,4.610755E-10,4.610755E-10,5.073363,3.605325
'[17:34:21.636 21/01/2026]',-4.960796,-3.275879,-8.405723,-6.425537,4.610755E-10,4.610755E-10,-5.466274,-3.380495
'[17:34:21.644 21/01/2026]',1.163027,-2.163398,1.911423,-0.3990791,4.610755E-10,4.610755E-10,1.60281,1.223675
'[17:34:21.652 21/01/2026]',1.163027,-2.163398,1.911423,-0.3990791,4.610755E-10,4.610755E-10,1.60281,1.223675
'[17:34:21.660 21/01/2026]',-2.302674,-0.9259416,0.1438231,1.134568,4.610755E-10,4.610755E-10,1.831409,1.019421
'[17:34:21.668 21/01/2026]',-2.302674,-0.9259416,0.1438231,1.134568,4.610755E-10,4.610755E-10,1.831409,1.019421
'[17:34:21.676 21/01/2026]',5.158674,4.944016,3.115591,4.093373,4.610755E-10,4.610755E-10,0.5577595,1.259614
'[17:34:21.684 21/01/2026]',5.158674,4.944016,3.115591,4.093373,4.610755E-10,4.610755E-10,0.5577595,1.259614
'[17:34:21.692 21/01/2026]',-4.533902,-4.031227,-3.827516,-5.534937,4.610755E-10,4.610755E-10,-4.141661,-5.506469
'[17:34:21.700 21/01/2026]',-4.533902,-4.031227,-3.827516,-5.534937,4.610755E-10,4.610755E-10,-4.141661,-5.506469
'[17:34:21.708 21/01/2026]',-4.533902,-4.031227,-3.827516,-5.534937,4.610755E-10,4.610755E-10,-4.141661,-5.506469
'[17:34:21.716 21/01/2026]',-4.533902,-4.031227,-3.827516,-5.534937,4.610755E-10,4.610755E-10,-4.141661,-5.506469
'[17:34:21.724 21/01/2026]',0.06319745,1.258747,-0.07908598,1.504588,4.610755E-10,4.610755E-10,2.684016,4.382297
'[17:34:21.732 21/01/2026]',4.371731,2.083353,4.863962,4.158737,4.610755E-10,4.610755E-10,0.1461878,-0.08876912
'[17:34:21.740 21/01/2026]',4.371731,2.083353,4.863962,4.158737,4.610755E-10,4.610755E-10,0.1461878,-0.08876912
'[17:34:21.748 21/01/2026]',-1.297596,1.092794,-1.399098,-1.711182,4.610755E-10,4.610755E-10,1.808566,0.9791187
'[17:34:21.756 21/01/2026]',-1.297596,1.092794,-1.399098,-1.711182,4.610755E-10,4.610755E-10,1.808566,0.9791187
'[17:34:21.764 21/01/2026]',-2.650464,-2.151356,-1.976649,-1.746399,4.610755E-10,4.610755E-10,-1.351859,-2.169553
'[17:34:21.772 21/01/2026]',-2.650464,-2.151356,-1.976649,-1.746399,4.610755E-10,4.610755E-10,-1.351859,-2.169553
'[17:34:21.780 21/01/2026]',3.188584,-2.339898,1.981932,-0.0161517,4.610755E-10,4.610755E-10,-2.550781,-0.4834715
'[17:34:21.788 21/01/2026]',3.188584,-2.339898,1.981932,-0.0161517,4.610755E-10,4.610755E-10,-2.550781,-0.4834715
'[17:34:21.796 21/01/2026]',3.531091,10.0706,3.643572,6.224176,4.610755E-10,4.610755E-10,3.326123,3.029564
'[17:34:21.804 21/01/2026]',3.531091,10.0706,3.643572,6.224176,4.610755E-10,4.610755E-10,3.326123,3.029564
'[17:34:21.812 21/01/2026]',3.531091,10.0706,3.643572,6.224176,4.610755E-10,4.610755E-10,3.326123,3.029564
'[17:34:21.820 21/01/2026]',-5.211172,-5.599878,-3.428473,-4.095183,4.610755E-10,4.610755E-10,-0.2487576,-1.752625
'[17:34:21.828 21/01/2026]',-5.211172,-5.599878,-3.428473,-4.095183,4.610755E-10,4.610755E-10,-0.2487576,-1.752625
'[17:34:21.836 21/01/2026]',-5.211172,-5.599878,-3.428473,-4.095183,4.610755E-10,4.610755E-10,-0.2487576,-1.752625
'[17:34:21.844 21/01/2026]',0.02390402,-3.321735,-3.630448,-4.150585,4.610755E-10,4.610755E-10,-2.49808,-1.628896
'[17:34:21.852 21/01/2026]',0.02390402,-3.321735,-3.630448,-4.150585,4.610755E-10,4.610755E-10,-2.49808,-1.628896
'[17:34:21.860 21/01/2026]',2.075861,2.850581,5.470917,6.601855,4.610755E-10,4.610755E-10,1.735016,1.632
'[17:34:21.868 21/01/2026]',-1.0597,-1.68342,-3.053325,-3.016059,4.610755E-10,4.610755E-10,-0.1619218,0.09733658
'[17:34:21.876 21/01/2026]',-1.0597,-1.68342,-3.053325,-3.016059,4.610755E-10,4.610755E-10,-0.1619218,0.09733658
'[17:34:21.884 21/01/2026]',-1.0597,-1.68342,-3.053325,-3.016059,4.610755E-10,4.610755E-10,-0.1619218,0.09733658
'[17:34:21.892 21/01/2026]',-1.0597,-1.68342,-3.053325,-3.016059,4.610755E-10,4.610755E-10,-0.1619218,0.09733658
'[17:34:21.900 21/01/2026]',-0.8487322,1.473589,-2.162687,-2.414185,4.610755E-10,4.610755E-10,-1.704108,-3.093301
'[17:34:21.908 21/01/2026]',-0.8487322,1.473589,-2.162687,-2.414185,4.610755E-10,4.610755E-10,-1.704108,-3.093301
'[17:34:21.916 21/01/2026]',-0.8487322,1.473589,-2.162687,-2.414185,4.610755E-10,4.610755E-10,-1.704108,-3.093301
'[17:34:21.924 21/01/2026]',-0.1050612,-5.554963,1.197311,-0.3819176,4.610755E-10,4.610755E-10,1.515269,3.92288
'[17:34:21.932 21/01/2026]',5.008067,9.191187,3.668632,5.466722,4.610755E-10,4.610755E-10,1.531218,0.7845691
'[17:34:21.940 21/01/2026]',-5.845531,-7.723103,-3.333383,-3.253371,4.610755E-10,4.610755E-10,-4.258069,-5.652792
'[17:34:21.948 21/01/2026]',-5.845531,-7.723103,-3.333383,-3.253371,4.610755E-10,4.610755E-10,-4.258069,-5.652792
'[17:34:21.956 21/01/2026]',0.6575392,0.2597347,-2.279485,-1.560709,4.610755E-10,4.610755E-10,2.43503,1.944222
'[17:34:21.964 21/01/2026]',0.6575392,0.2597347,-2.279485,-1.560709,4.610755E-10,4.610755E-10,2.43503,1.944222
'[17:34:21.972 21/01/2026]',4.53112,5.002991,3.660208,3.044181,4.610755E-10,4.610755E-10,1.343248,4.086506
'[17:34:21.980 21/01/2026]',4.53112,5.002991,3.660208,3.044181,4.610755E-10,4.610755E-10,1.343248,4.086506
'[17:34:21.988 21/01/2026]',-3.071355,-4.69137,-0.1286009,-1.181452,4.610755E-10,4.610755E-10,-2.130719,-2.745259
'[17:34:21.996 21/01/2026]',-3.071355,-4.69137,-0.1286009,-1.181452,4.610755E-10,4.610755E-10,-2.130719,-2.745259
'[17:34:22.004 21/01/2026]',-3.071355,-4.69137,-0.1286009,-1.181452,4.610755E-10,4.610755E-10,-2.130719,-2.745259
'[17:34:22.012 21/01/2026]',0.6893828,0.05893742,-1.164773,-0.1600285,4.610755E-10,4.610755E-10,-0.6092195,-2.729267
'[17:34:22.020 21/01/2026]',-0.05946275,-0.1732986,-0.3864703,-0.1691236,4.610755E-10,4.610755E-10,2.127913,2.761537
'[17:34:22.028 21/01/2026]',-0.05946275,-0.1732986,-0.3864703,-0.1691236,4.610755E-10,4.610755E-10,2.127913,2.761537
'[17:34:22.036 21/01/2026]',0.9393175,2.221889,2.716608,2.889009,4.610755E-10,4.610755E-10,-0.1666028,2.328398
'[17:34:22.044 21/01/2026]',0.9393175,2.221889,2.716608,2.889009,4.610755E-10,4.610755E-10,-0.1666028,2.328398
'[17:34:22.052 21/01/2026]',-0.6896721,0.6615135,-2.767265,-3.048161,4.610755E-10,4.610755E-10,-2.819828,-6.204103
'[17:34:22.060 21/01/2026]',-0.6896721,0.6615135,-2.767265,-3.048161,4.610755E-10,4.610755E-10,-2.819828,-6.204103
'[17:34:22.068 21/01/2026]',-0.6896721,0.6615135,-2.767265,-3.048161,4.610755E-10,4.610755E-10,-2.819828,-6.204103
'[17:34:22.076 21/01/2026]',-0.6896721,0.6615135,-2.767265,-3.048161,4.610755E-10,4.610755E-10,-2.819828,-6.204103
'[17:34:22.084 21/01/2026]',-2.458334,-3.316286,-0.3091942,-0.9527137,4.610755E-10,4.610755E-10,3.010688,4.365504
'[17:34:22.092 21/01/2026]',0.7070569,-3.225337,0.2204376,0.4586878,4.610755E-10,4.610755E-10,-3.598673,-1.522284
'[17:34:22.100 21/01/2026]',0.7070569,-3.225337,0.2204376,0.4586878,4.610755E-10,4.610755E-10,-3.598673,-1.522284
'[17:34:22.108 21/01/2026]',0.279419,6.407765,-0.05857838,0.9439648,4.610755E-10,4.610755E-10,2.165825,-0.3304405
'[17:34:22.116 21/01/2026]',0.279419,6.407765,-0.05857838,0.9439648,4.610755E-10,4.610755E-10,2.165825,-0.3304405
'[17:34:22.124 21/01/2026]',0.279419,6.407765,-0.05857838,0.9439648,4.610755E-10,4.610755E-10,2.165825,-0.3304405
'[17:34:22.132 21/01/2026]',1.80852,-0.9785275,1.691835,0.5300934,4.610755E-10,4.610755E-10,0.8242905,0.7114432
'[17:34:22.140 21/01/2026]',-1.59607,-2.931176,-0.73294,-0.8118402,4.610755E-10,4.610755E-10,0.2227465,1.733777
'[17:34:22.148 21/01/2026]',-1.59607,-2.931176,-0.73294,-0.8118402,4.610755E-10,4.610755E-10,0.2227465,1.733777
'[17:34:22.156 21/01/2026]',-1.59607,-2.931176,-0.73294,-0.8118402,4.610755E-10,4.610755E-10,0.2227465,1.733777
'[17:34:22.164 21/01/2026]',-0.7339367,2.54864,-0.4376815,-0.3178473,4.610755E-10,4.610755E-10,-2.470936,-2.293688
'[17:34:22.172 21/01/2026]',-0.7339367,2.54864,-0.4376815,-0.3178473,4.610755E-10,4.610755E-10,-2.470936,-2.293688
'[17:34:22.180 21/01/2026]',0.2331311,-1.164848,-0.1097531,1.693618,4.610755E-10,4.610755E-10,1.587283,-0.5030725
'[17:34:22.188 21/01/2026]',0.2331311,-1.164848,-0.1097531,1.693618,4.610755E-10,4.610755E-10,1.587283,-0.5030725
'[17:34:22.196 21/01/2026]',0.2331311,-1.164848,-0.1097531,1.693618,4.610755E-10,4.610755E-10,1.587283,-0.5030725
'[17:34:22.204 21/01/2026]',2.227263,2.389723,2.554167,-0.2694821,4.610755E-10,4.610755E-10,0.4488253,2.295615
'[17:34:22.212 21/01/2026]',-2.622277,-2.404294,-4.12746,-1.599605,4.610755E-10,4.610755E-10,-0.07751791,-2.68605
'[17:34:22.220 21/01/2026]',-2.622277,-2.404294,-4.12746,-1.599605,4.610755E-10,4.610755E-10,-0.07751791,-2.68605
'[17:34:22.228 21/01/2026]',-2.622277,-2.404294,-4.12746,-1.599605,4.610755E-10,4.610755E-10,-0.07751791,-2.68605
'[17:34:22.236 21/01/2026]',-2.622277,-2.404294,-4.12746,-1.599605,4.610755E-10,4.610755E-10,-0.07751791,-2.68605
'[17:34:22.244 21/01/2026]',-2.622277,-2.404294,-4.12746,-1.599605,4.610755E-10,4.610755E-10,-0.07751791,-2.68605
'[17:34:22.252 21/01/2026]',1.663431,1.20887,3.346706,2.218846,4.610755E-10,4.610755E-10,-1.925571,0.7799011
'[17:34:22.260 21/01/2026]',0.5674717,0.9765726,0.1839672,0.9284459,4.610755E-10,4.610755E-10,2.345212,0.9797176
'[17:34:22.268 21/01/2026]',-1.577765,-1.493575,-1.201333,-3.536892,4.610755E-10,4.610755E-10,0.2957936,-0.19201
'[17:34:22.276 21/01/2026]',-0.6844692,-2.507999,-2.81669,-1.215458,4.610755E-10,4.610755E-10,-4.515755,-2.958179
'[17:34:22.284 21/01/2026]',-0.6844692,-2.507999,-2.81669,-1.215458,4.610755E-10,4.610755E-10,-4.515755,-2.958179
'[17:34:22.292 21/01/2026]',4.693355,0.4098655,3.419307,3.482492,4.610755E-10,4.610755E-10,3.318451,3.328587
'[17:34:22.300 21/01/2026]',4.693355,0.4098655,3.419307,3.482492,4.610755E-10,4.610755E-10,3.318451,3.328587
'[17:34:22.308 21/01/2026]',4.693355,0.4098655,3.419307,3.482492,4.610755E-10,4.610755E-10,3.318451,3.328587
'[17:34:22.316 21/01/2026]',-6.301588,7.049873,-2.346941,-1.867559,4.610755E-10,4.610755E-10,-1.908047,-1.926709
'[17:34:22.324 21/01/2026]',2.651887,-2.835152,3.915341,4.126825,4.610755E-10,4.610755E-10,3.537401,1.300501
'[17:34:22.332 21/01/2026]',2.651887,-2.835152,3.915341,4.126825,4.610755E-10,4.610755E-10,3.537401,1.300501
'[17:34:22.340 21/01/2026]',1.484162,-1.561309,-0.05425844,-1.96348,4.610755E-10,4.610755E-10,-0.3170561,2.197075
'[17:34:22.348 21/01/2026]',1.484162,-1.561309,-0.05425844,-1.96348,4.610755E-10,4.610755E-10,-0.3170561,2.197075
'[17:34:22.356 21/01/2026]',-5.263832,-2.353246,-6.266688,-6.168226,4.610755E-10,4.610755E-10,-5.471828,-2.699247
'[17:34:22.364 21/01/2026]',-5.263832,-2.353246,-6.266688,-6.168226,4.610755E-10,4.610755E-10,-5.471828,-2.699247
'[17:34:22.372 21/01/2026]',-5.263832,-2.353246,-6.266688,-6.168226,4.610755E-10,4.610755E-10,-5.471828,-2.699247
'[17:34:22.380 21/01/2026]',-5.263832,-2.353246,-6.266688,-6.168226,4.610755E-10,4.610755E-10,-5.471828,-2.699247
'[17:34:22.388 21/01/2026]',4.583837,3.834254,7.077103,7.399694,4.610755E-10,4.610755E-10,6.313462,-0.7676191
'[17:34:22.396 21/01/2026]',-0.1781204,1.087195,1.725986,1.398497,4.610755E-10,4.610755E-10,-1.780635,2.431981
'[17:34:22.404 21/01/2026]',-0.1781204,1.087195,1.725986,1.398497,4.610755E-10,4.610755E-10,-1.780635,2.431981
'[17:34:22.412 21/01/2026]',-0.1781204,1.087195,1.725986,1.398497,4.610755E-10,4.610755E-10,-1.780635,2.431981
'[17:34:22.420 21/01/2026]',0.2972561,0.1305698,-3.314023,-1.878438,4.610755E-10,4.610755E-10,0.4750791,2.043198
'[17:34:22.428 21/01/2026]',-2.342846,-4.055557,1.425488,-1.498474,4.610755E-10,4.610755E-10,0.1439395,-3.437948
'[17:34:22.436 21/01/2026]',-2.342846,-4.055557,1.425488,-1.498474,4.610755E-10,4.610755E-10,0.1439395,-3.437948
'[17:34:22.444 21/01/2026]',0.8323631,2.406781,-1.115012,0.8711418,4.610755E-10,4.610755E-10,-0.728341,0.5591806
'[17:34:22.452 21/01/2026]',0.8323631,2.406781,-1.115012,0.8711418,4.610755E-10,4.610755E-10,-0.728341,0.5591806
'[17:34:22.460 21/01/2026]',-1.089451,1.09541,-3.488748,-1.49468,4.610755E-10,4.610755E-10,0.5603758,1.777944
'[17:34:22.468 21/01/2026]',4.212811,0.4466608,8.780245,4.395878,4.610755E-10,4.610755E-10,-0.6126463,-1.691391
'[17:34:22.476 21/01/2026]',4.212811,0.4466608,8.780245,4.395878,4.610755E-10,4.610755E-10,-0.6126463,-1.691391
'[17:34:22.484 21/01/2026]',4.212811,0.4466608,8.780245,4.395878,4.610755E-10,4.610755E-10,-0.6126463,-1.691391
'[17:34:22.492 21/01/2026]',4.212811,0.4466608,8.780245,4.395878,4.610755E-10,4.610755E-10,-0.6126463,-1.691391
'[17:34:22.500 21/01/2026]',-3.216872,-1.24667,-5.945505,-2.924195,4.610755E-10,4.610755E-10,0.846153,-0.6915895
'[17:34:22.508 21/01/2026]',-1.941895,-2.48001,-1.85442,-2.929331,4.610755E-10,4.610755E-10,-1.52892,3.037931
'[17:34:22.516 21/01/2026]',4.302024,5.408823,6.436007,4.783435,4.610755E-10,4.610755E-10,0.829864,-2.725398
'[17:34:22.524 21/01/2026]',4.302024,5.408823,6.436007,4.783435,4.610755E-10,4.610755E-10,0.829864,-2.725398
'[17:34:22.532 21/01/2026]',1.416045,-2.74114,-1.670977,0.9933712,4.610755E-10,4.610755E-10,1.335074,0.8133675
'[17:34:22.540 21/01/2026]',1.416045,-2.74114,-1.670977,0.9933712,4.610755E-10,4.610755E-10,1.335074,0.8133675
'[17:34:22.548 21/01/2026]',-5.59524,0.9655376,-4.530354,-3.96377,4.610755E-10,4.610755E-10,-1.992653,-0.1181076
'[17:34:22.556 21/01/2026]',-5.59524,0.9655376,-4.530354,-3.96377,4.610755E-10,4.610755E-10,-1.992653,-0.1181076
'[17:34:22.564 21/01/2026]',-5.59524,0.9655376,-4.530354,-3.96377,4.610755E-10,4.610755E-10,-1.992653,-0.1181076
'[17:34:22.572 21/01/2026]',1.917629,-0.8543622,0.7796354,-0.6630663,4.610755E-10,4.610755E-10,-0.7261023,-0.864552
'[17:34:22.580 21/01/2026]',1.917629,-0.8543622,0.7796354,-0.6630663,4.610755E-10,4.610755E-10,-0.7261023,-0.864552
'[17:34:22.588 21/01/2026]',-0.05517162,-0.2080622,-0.429478,1.215518,4.610755E-10,4.610755E-10,0.2360771,-0.5084795
'[17:34:22.596 21/01/2026]',-0.01658416,0.377481,0.1827912,-0.7903252,4.610755E-10,4.610755E-10,0.7491524,1.784074
'[17:34:22.604 21/01/2026]',-0.7141615,-0.3650813,-0.544799,0.9057145,4.610755E-10,4.610755E-10,0.2124565,-0.8138123
'[17:34:22.612 21/01/2026]',-0.7141615,-0.3650813,-0.544799,0.9057145,4.610755E-10,4.610755E-10,0.2124565,-0.8138123
'[17:34:22.620 21/01/2026]',0.007429822,-0.6005105,-0.3503861,-0.8585286,4.610755E-10,4.610755E-10,-1.385069,-0.8924675
'[17:34:22.628 21/01/2026]',0.007429822,-0.6005105,-0.3503861,-0.8585286,4.610755E-10,4.610755E-10,-1.385069,-0.8924675
'[17:34:22.636 21/01/2026]',-1.424388,-0.1972222,-1.907434,-3.070056,4.610755E-10,4.610755E-10,-2.660288,-1.365218
'[17:34:22.644 21/01/2026]',1.426943,1.217401,1.916327,3.255368,4.610755E-10,4.610755E-10,3.936819,3.007937
'[17:34:22.652 21/01/2026]',1.426943,1.217401,1.916327,3.255368,4.610755E-10,4.610755E-10,3.936819,3.007937
'[17:34:22.660 21/01/2026]',1.426943,1.217401,1.916327,3.255368,4.610755E-10,4.610755E-10,3.936819,3.007937
'[17:34:22.668 21/01/2026]',1.517867,0.5701991,0.7928795,1.082902,4.610755E-10,4.610755E-10,-0.6287486,-1.388136
'[17:34:22.676 21/01/2026]',1.517867,0.5701991,0.7928795,1.082902,4.610755E-10,4.610755E-10,-0.6287486,-1.388136
'[17:34:22.684 21/01/2026]',1.517867,0.5701991,0.7928795,1.082902,4.610755E-10,4.610755E-10,-0.6287486,-1.388136
'[17:34:22.692 21/01/2026]',-5.023957,-4.03852,-4.429089,-4.116483,4.610755E-10,4.610755E-10,-2.798247,-0.02264184
'[17:34:22.700 21/01/2026]',3.946705,3.644734,3.371478,2.279681,4.610755E-10,4.610755E-10,2.602439,-0.6401044
'[17:34:22.708 21/01/2026]',3.946705,3.644734,3.371478,2.279681,4.610755E-10,4.610755E-10,2.602439,-0.6401044
'[17:34:22.716 21/01/2026]',-2.062484,0.9140294,-2.686644,0.09220485,4.610755E-10,4.610755E-10,-1.020206,1.015544
'[17:34:22.724 21/01/2026]',-2.062484,0.9140294,-2.686644,0.09220485,4.610755E-10,4.610755E-10,-1.020206,1.015544
'[17:34:22.732 21/01/2026]',-2.062484,0.9140294,-2.686644,0.09220485,4.610755E-10,4.610755E-10,-1.020206,1.015544
'[17:34:22.740 21/01/2026]',-2.062484,0.9140294,-2.686644,0.09220485,4.610755E-10,4.610755E-10,-1.020206,1.015544
'[17:34:22.748 21/01/2026]',-2.062484,0.9140294,-2.686644,0.09220485,4.610755E-10,4.610755E-10,-1.020206,1.015544
'[17:34:22.756 21/01/2026]',0.0737195,-1.604281,-0.4780147,-0.8748028,4.610755E-10,4.610755E-10,-2.124767,-3.198866
'[17:34:22.764 21/01/2026]',0.7675934,-2.529838,2.376914,1.286716,4.610755E-10,4.610755E-10,3.318553,3.330584
'[17:34:22.772 21/01/2026]',0.7675934,-2.529838,2.376914,1.286716,4.610755E-10,4.610755E-10,3.318553,3.330584
'[17:34:22.780 21/01/2026]',-0.8985531,3.495259,-0.1767058,-0.8126853,4.610755E-10,4.610755E-10,-1.72071,-1.004585
'[17:34:22.788 21/01/2026]',-0.08612599,-0.2947857,-3.601155,-1.200202,4.610755E-10,4.610755E-10,-1.472016,-2.830117
'[17:34:22.796 21/01/2026]',-0.08612599,-0.2947857,-3.601155,-1.200202,4.610755E-10,4.610755E-10,-1.472016,-2.830117
'[17:34:22.804 21/01/2026]',0.9175392,-0.9593569,4.47456,2.658294,4.610755E-10,4.610755E-10,2.064752,3.180638
'[17:34:22.812 21/01/2026]',0.9175392,-0.9593569,4.47456,2.658294,4.610755E-10,4.610755E-10,2.064752,3.180638
'[17:34:22.820 21/01/2026]',0.9175392,-0.9593569,4.47456,2.658294,4.610755E-10,4.610755E-10,2.064752,3.180638
'[17:34:22.828 21/01/2026]',-2.616954,0.5432118,-3.227781,-1.607676,4.610755E-10,4.610755E-10,0.6764719,0.613195
'[17:34:22.836 21/01/2026]',-2.616954,0.5432118,-3.227781,-1.607676,4.610755E-10,4.610755E-10,0.6764719,0.613195
'[17:34:22.844 21/01/2026]',0.7666503,0.1016767,0.1669535,-0.4517941,4.610755E-10,4.610755E-10,-3.155618,-2.734746
'[17:34:22.852 21/01/2026]',0.7666503,0.1016767,0.1669535,-0.4517941,4.610755E-10,4.610755E-10,-3.155618,-2.734746
'[17:34:22.860 21/01/2026]',0.831677,0.4490056,2.492158,-0.007974729,4.610755E-10,4.610755E-10,2.530105,0.1108979
'[17:34:22.868 21/01/2026]',0.831677,0.4490056,2.492158,-0.007974729,4.610755E-10,4.610755E-10,2.530105,0.1108979
'[17:34:22.876 21/01/2026]',-0.08229314,0.6702341,-2.646734,1.808198,4.610755E-10,4.610755E-10,-1.676113,0.2615196
'[17:34:22.884 21/01/2026]',-0.08229314,0.6702341,-2.646734,1.808198,4.610755E-10,4.610755E-10,-1.676113,0.2615196
'[17:34:22.892 21/01/2026]',1.645361,0.9024966,3.499914,0.5695619,4.610755E-10,4.610755E-10,1.07442,2.064949
'[17:34:22.900 21/01/2026]',1.645361,0.9024966,3.499914,0.5695619,4.610755E-10,4.610755E-10,1.07442,2.064949
'[17:34:22.908 21/01/2026]',1.645361,0.9024966,3.499914,0.5695619,4.610755E-10,4.610755E-10,1.07442,2.064949
'[17:34:22.916 21/01/2026]',1.645361,0.9024966,3.499914,0.5695619,4.610755E-10,4.610755E-10,1.07442,2.064949
'[17:34:22.924 21/01/2026]',-3.894325,-4.626132,-3.289203,-4.690228,4.610755E-10,4.610755E-10,-1.043648,-2.417107
'[17:34:22.932 21/01/2026]',1.361569,4.377783,1.459321,4.339237,4.610755E-10,4.610755E-10,3.073375,1.52761
'[17:34:22.940 21/01/2026]',1.361569,4.377783,1.459321,4.339237,4.610755E-10,4.610755E-10,3.073375,1.52761
'[17:34:22.948 21/01/2026]',5.213663,1.62228,3.639166,0.4476088,4.610755E-10,4.610755E-10,-2.388713,0.5122476
'[17:34:22.956 21/01/2026]',5.213663,1.62228,3.639166,0.4476088,4.610755E-10,4.610755E-10,-2.388713,0.5122476
'[17:34:22.964 21/01/2026]',-5.196332,-1.423018,-4.440243,-1.043898,4.610755E-10,4.610755E-10,-0.01620127,-1.41436
'[17:34:22.972 21/01/2026]',-5.196332,-1.423018,-4.440243,-1.043898,4.610755E-10,4.610755E-10,-0.01620127,-1.41436
'[17:34:22.980 21/01/2026]',-0.08366796,-2.023467,0.3178063,-1.955916,4.610755E-10,4.610755E-10,-0.4269755,1.248718
'[17:34:22.988 21/01/2026]',-0.1897395,2.548028,-1.069297,0.2639523,4.610755E-10,4.610755E-10,0.6824685,-1.653548
'[17:34:22.996 21/01/2026]',-0.1897395,2.548028,-1.069297,0.2639523,4.610755E-10,4.610755E-10,0.6824685,-1.653548
'[17:34:23.004 21/01/2026]',-0.1897395,2.548028,-1.069297,0.2639523,4.610755E-10,4.610755E-10,0.6824685,-1.653548
'[17:34:23.012 21/01/2026]',-0.1897395,2.548028,-1.069297,0.2639523,4.610755E-10,4.610755E-10,0.6824685,-1.653548
'[17:34:23.020 21/01/2026]',4.751304,0.7772031,3.096098,3.62271,4.610755E-10,4.610755E-10,2.947391,3.380269
'[17:34:23.028 21/01/2026]',4.751304,0.7772031,3.096098,3.62271,4.610755E-10,4.610755E-10,2.947391,3.380269
'[17:34:23.036 21/01/2026]',-2.666477,-1.778526,-0.641884,-1.619579,4.610755E-10,4.610755E-10,-2.59479,-1.614485
'[17:34:23.044 21/01/2026]',-2.666477,-1.778526,-0.641884,-1.619579,4.610755E-10,4.610755E-10,-2.59479,-1.614485
'[17:34:23.052 21/01/2026]',-3.682169,-2.44728,-5.080409,-3.967549,4.610755E-10,4.610755E-10,-3.350179,-2.865601
'[17:34:23.060 21/01/2026]',-3.682169,-2.44728,-5.080409,-3.967549,4.610755E-10,4.610755E-10,-3.350179,-2.865601
'[17:34:23.068 21/01/2026]',5.998176,5.000777,6.684116,5.187506,4.610755E-10,4.610755E-10,6.711716,3.791788
'[17:34:23.076 21/01/2026]',5.998176,5.000777,6.684116,5.187506,4.610755E-10,4.610755E-10,6.711716,3.791788
'[17:34:23.084 21/01/2026]',5.998176,5.000777,6.684116,5.187506,4.610755E-10,4.610755E-10,6.711716,3.791788
'[17:34:23.092 21/01/2026]',5.998176,5.000777,6.684116,5.187506,4.610755E-10,4.610755E-10,6.711716,3.791788
'[17:34:23.100 21/01/2026]',-2.552613,-2.685559,-3.661506,-3.172436,4.610755E-10,4.610755E-10,-4.936842,-2.684388
'[17:34:23.108 21/01/2026]',-2.552613,-2.685559,-3.661506,-3.172436,4.610755E-10,4.610755E-10,-4.936842,-2.684388
'[17:34:23.116 21/01/2026]',-2.552613,-2.685559,-3.661506,-3.172436,4.610755E-10,4.610755E-10,-4.936842,-2.684388
'[17:34:23.124 21/01/2026]',-1.549905,-1.379178,1.047571,1.421588,4.610755E-10,4.610755E-10,-0.5386338,-0.06355965
'[17:34:23.132 21/01/2026]',2.952959,3.140284,1.624851,0.6733994,4.610755E-10,4.610755E-10,4.297763,1.859614
'[17:34:23.140 21/01/2026]',-2.650005,0.3791744,-4.626919,-3.937998,4.610755E-10,4.610755E-10,-4.577925,-2.128417
'[17:34:23.148 21/01/2026]',-2.650005,0.3791744,-4.626919,-3.937998,4.610755E-10,4.610755E-10,-4.577925,-2.128417
'[17:34:23.156 21/01/2026]',0.8350081,-4.138029,3.856531,3.489189,4.610755E-10,4.610755E-10,3.01254,1.543526
'[17:34:23.164 21/01/2026]',2.898341,5.480888,2.10326,2.686359,4.610755E-10,4.610755E-10,-0.324197,-2.086731
'[17:34:23.172 21/01/2026]',2.898341,5.480888,2.10326,2.686359,4.610755E-10,4.610755E-10,-0.324197,-2.086731
'[17:34:23.180 21/01/2026]',-7.400721,-5.471279,-8.359014,-8.10487,4.610755E-10,4.610755E-10,-2.608065,1.458769
'[17:34:23.188 21/01/2026]',-7.400721,-5.471279,-8.359014,-8.10487,4.610755E-10,4.610755E-10,-2.608065,1.458769
'[17:34:23.196 21/01/2026]',3.992267,4.573354,5.641439,5.097665,4.610755E-10,4.610755E-10,0.5280614,-0.7139378
'[17:34:23.204 21/01/2026]',3.992267,4.573354,5.641439,5.097665,4.610755E-10,4.610755E-10,0.5280614,-0.7139378
'[17:34:23.212 21/01/2026]',-0.3587267,0.234963,-2.027338,-0.4905808,4.610755E-10,4.610755E-10,1.143349,-0.6365011
'[17:34:23.220 21/01/2026]',-0.3587267,0.234963,-2.027338,-0.4905808,4.610755E-10,4.610755E-10,1.143349,-0.6365011
'[17:34:23.228 21/01/2026]',-0.9562882,-4.440195,1.200338,-0.9802918,4.610755E-10,4.610755E-10,-0.6281145,1.005963
'[17:34:23.236 21/01/2026]',-0.9562882,-4.440195,1.200338,-0.9802918,4.610755E-10,4.610755E-10,-0.6281145,1.005963
'[17:34:23.244 21/01/2026]',-0.9562882,-4.440195,1.200338,-0.9802918,4.610755E-10,4.610755E-10,-0.6281145,1.005963
'[17:34:23.252 21/01/2026]',-0.9562882,-4.440195,1.200338,-0.9802918,4.610755E-10,4.610755E-10,-0.6281145,1.005963
'[17:34:23.260 21/01/2026]',0.2254992,2.747546,-2.187764,0.3757733,4.610755E-10,4.610755E-10,0.9891005,-0.9720649
'[17:34:23.268 21/01/2026]',0.8157891,4.36469,1.801956,-0.1546149,4.610755E-10,4.610755E-10,-1.071338,-0.03889929
'[17:34:23.276 21/01/2026]',0.1442912,-7.54738,-0.8665549,-0.1542823,4.610755E-10,4.610755E-10,-1.917765,-0.8359856
'[17:34:23.284 21/01/2026]',-1.033083,-1.07727,0.8288695,-1.207755,4.610755E-10,4.610755E-10,0.9471586,0.1851694
'[17:34:23.292 21/01/2026]',-1.033083,-1.07727,0.8288695,-1.207755,4.610755E-10,4.610755E-10,0.9471586,0.1851694
'[17:34:23.300 21/01/2026]',0.5496584,11.06352,-0.5848908,3.149526,4.610755E-10,4.610755E-10,3.45321,3.188213
'[17:34:23.308 21/01/2026]',0.5496584,11.06352,-0.5848908,3.149526,4.610755E-10,4.610755E-10,3.45321,3.188213
'[17:34:23.316 21/01/2026]',0.3599321,-8.191096,-2.139712,-3.951599,4.610755E-10,4.610755E-10,-3.289445,-2.662927
'[17:34:23.324 21/01/2026]',0.9863104,0.3248027,6.292777,3.692314,4.610755E-10,4.610755E-10,1.375514,0.02710081
'[17:34:23.332 21/01/2026]',0.9863104,0.3248027,6.292777,3.692314,4.610755E-10,4.610755E-10,1.375514,0.02710081
'[17:34:23.340 21/01/2026]',-2.009626,3.631418,-6.367689,0.09666138,4.610755E-10,4.610755E-10,0.7010339,2.993208
'[17:34:23.348 21/01/2026]',-2.009626,3.631418,-6.367689,0.09666138,4.610755E-10,4.610755E-10,0.7010339,2.993208
'[17:34:23.356 21/01/2026]',-0.5204511,-4.57858,1.400863,-2.999908,4.610755E-10,4.610755E-10,-2.920839,-4.168341
'[17:34:23.364 21/01/2026]',-0.09918287,3.802669,1.21171,0.1250244,4.610755E-10,4.610755E-10,3.122227,1.906504
'[17:34:23.372 21/01/2026]',-0.09918287,3.802669,1.21171,0.1250244,4.610755E-10,4.610755E-10,3.122227,1.906504
'[17:34:23.380 21/01/2026]',2.957769,-1.963973,0.9509026,4.289112,4.610755E-10,4.610755E-10,-0.807779,1.988907
'[17:34:23.388 21/01/2026]',2.957769,-1.963973,0.9509026,4.289112,4.610755E-10,4.610755E-10,-0.807779,1.988907
'[17:34:23.396 21/01/2026]',2.957769,-1.963973,0.9509026,4.289112,4.610755E-10,4.610755E-10,-0.807779,1.988907
'[17:34:23.404 21/01/2026]',0.1467253,2.599448,0.9223514,-0.1687992,4.610755E-10,4.610755E-10,1.075679,-0.1656468
'[17:34:23.412 21/01/2026]',-5.479449,-13.52644,-3.737192,-7.093569,4.610755E-10,4.610755E-10,-2.378381,-4.090486
'[17:34:23.420 21/01/2026]',7.541456,11.63645,4.580367,7.116141,4.610755E-10,4.610755E-10,2.038635,2.604708
'[17:34:23.428 21/01/2026]',7.541456,11.63645,4.580367,7.116141,4.610755E-10,4.610755E-10,2.038635,2.604708
'[17:34:23.436 21/01/2026]',-1.141883,7.65305,0.5069137,1.705815,4.610755E-10,4.610755E-10,-1.2908,1.760486
'[17:34:23.444 21/01/2026]',-4.41497,-11.15183,-4.967135,-6.957832,4.610755E-10,4.610755E-10,-0.3283782,-3.983988
'[17:34:23.452 21/01/2026]',-4.41497,-11.15183,-4.967135,-6.957832,4.610755E-10,4.610755E-10,-0.3283782,-3.983988
'[17:34:23.460 21/01/2026]',0.4684059,-3.139326,-1.252888,-0.6090977,4.610755E-10,4.610755E-10,0.3077811,3.13014
'[17:34:23.468 21/01/2026]',6.744246,11.84458,8.682222,8.938767,4.610755E-10,4.610755E-10,2.340149,1.798982
'[17:34:23.476 21/01/2026]',-5.087331,-4.57346,-6.704212,-6.730466,4.610755E-10,4.610755E-10,-0.9280648,-3.910778
'[17:34:23.484 21/01/2026]',-5.087331,-4.57346,-6.704212,-6.730466,4.610755E-10,4.610755E-10,-0.9280648,-3.910778
'[17:34:23.492 21/01/2026]',-5.087331,-4.57346,-6.704212,-6.730466,4.610755E-10,4.610755E-10,-0.9280648,-3.910778
'[17:34:23.500 21/01/2026]',-3.036496,-3.881901,-2.658262,-2.002978,4.610755E-10,4.610755E-10,-4.212041,-0.4204968
'[17:34:23.508 21/01/2026]',-3.036496,-3.881901,-2.658262,-2.002978,4.610755E-10,4.610755E-10,-4.212041,-0.4204968
'[17:34:23.516 21/01/2026]',-3.036496,-3.881901,-2.658262,-2.002978,4.610755E-10,4.610755E-10,-4.212041,-0.4204968
'[17:34:23.524 21/01/2026]',5.381488,3.385818,6.337271,5.044512,4.610755E-10,4.610755E-10,5.605508,3.428168
'[17:34:23.532 21/01/2026]',-0.7075637,1.894821,-0.3012427,0.1186267,4.610755E-10,4.610755E-10,-1.385157,-1.632323
'[17:34:23.540 21/01/2026]',-0.7075637,1.894821,-0.3012427,0.1186267,4.610755E-10,4.610755E-10,-1.385157,-1.632323
'[17:34:23.548 21/01/2026]',-5.078299,-6.28048,-6.446653,-5.776744,4.610755E-10,4.610755E-10,-4.907802,-2.796056
'[17:34:23.556 21/01/2026]',-5.078299,-6.28048,-6.446653,-5.776744,4.610755E-10,4.610755E-10,-4.907802,-2.796056
'[17:34:23.564 21/01/2026]',2.591093,3.563241,3.556497,2.91857,4.610755E-10,4.610755E-10,3.719965,2.52963
'[17:34:23.572 21/01/2026]',2.591093,3.563241,3.556497,2.91857,4.610755E-10,4.610755E-10,3.719965,2.52963
'[17:34:23.580 21/01/2026]',-0.3153366,-8.141517,2.352101,-1.347085,4.610755E-10,4.610755E-10,1.02178,-1.446543
'[17:34:23.588 21/01/2026]',-0.3153366,-8.141517,2.352101,-1.347085,4.610755E-10,4.610755E-10,1.02178,-1.446543
'[17:34:23.596 21/01/2026]',-0.3153366,-8.141517,2.352101,-1.347085,4.610755E-10,4.610755E-10,1.02178,-1.446543
'[17:34:23.604 21/01/2026]',-0.3153366,-8.141517,2.352101,-1.347085,4.610755E-10,4.610755E-10,1.02178,-1.446543
'[17:34:23.612 21/01/2026]',0.2785885,14.36181,-4.227936,2.222203,4.610755E-10,4.610755E-10,-2.557332,1.397454
'[17:34:23.620 21/01/2026]',0.6278344,-2.086527,4.197781,0.2947691,4.610755E-10,4.610755E-10,2.276002,1.835801
'[17:34:23.628 21/01/2026]',0.6278344,-2.086527,4.197781,0.2947691,4.610755E-10,4.610755E-10,2.276002,1.835801
'[17:34:23.636 21/01/2026]',-1.405751,-9.934537,-2.918261,-2.984789,4.610755E-10,4.610755E-10,-3.707902,-5.380203
'[17:34:23.644 21/01/2026]',-1.405751,-9.934537,-2.918261,-2.984789,4.610755E-10,4.610755E-10,-3.707902,-5.380203
'[17:34:23.652 21/01/2026]',1.539938,3.133521,1.537606,1.310188,4.610755E-10,4.610755E-10,1.550868,2.091869
'[17:34:23.660 21/01/2026]',1.539938,3.133521,1.537606,1.310188,4.610755E-10,4.610755E-10,1.550868,2.091869
'[17:34:23.668 21/01/2026]',-2.626552,6.240198,-3.043866,-0.2299595,4.610755E-10,4.610755E-10,3.055141,4.016722
'[17:34:23.676 21/01/2026]',-2.626552,6.240198,-3.043866,-0.2299595,4.610755E-10,4.610755E-10,3.055141,4.016722
'[17:34:23.684 21/01/2026]',1.526914,-7.197921,3.13908,-0.9435309,4.610755E-10,4.610755E-10,-3.155785,-4.318413
'[17:34:23.692 21/01/2026]',1.526914,-7.197921,3.13908,-0.9435309,4.610755E-10,4.610755E-10,-3.155785,-4.318413
'[17:34:23.700 21/01/2026]',1.526914,-7.197921,3.13908,-0.9435309,4.610755E-10,4.610755E-10,-3.155785,-4.318413
'[17:34:23.708 21/01/2026]',1.526914,-7.197921,3.13908,-0.9435309,4.610755E-10,4.610755E-10,-3.155785,-4.318413
'[17:34:23.716 21/01/2026]',1.526914,-7.197921,3.13908,-0.9435309,4.610755E-10,4.610755E-10,-3.155785,-4.318413
'[17:34:23.724 21/01/2026]',-1.174682,-0.765605,-0.2128201,0.734724,4.610755E-10,4.610755E-10,0.7305917,0.4750197
'[17:34:23.732 21/01/2026]',2.951051,6.689675,0.6813635,2.138763,4.610755E-10,4.610755E-10,-0.673521,1.647527
'[17:34:23.740 21/01/2026]',2.951051,6.689675,0.6813635,2.138763,4.610755E-10,4.610755E-10,-0.673521,1.647527
'[17:34:23.748 21/01/2026]',-1.236158,-4.243971,-0.9875643,-4.52347,4.610755E-10,4.610755E-10,0.936407,-1.157424
'[17:34:23.756 21/01/2026]',-6.788526,-9.204621,-3.37016,-2.77837,4.610755E-10,4.610755E-10,-4.260283,-4.214579
'[17:34:23.764 21/01/2026]',-6.788526,-9.204621,-3.37016,-2.77837,4.610755E-10,4.610755E-10,-4.260283,-4.214579
'[17:34:23.772 21/01/2026]',8.703097,19.19572,4.893825,11.25436,4.610755E-10,4.610755E-10,7.425327,8.777153
'[17:34:23.780 21/01/2026]',8.703097,19.19572,4.893825,11.25436,4.610755E-10,4.610755E-10,7.425327,8.777153
'[17:34:23.788 21/01/2026]',-1.84284,-8.291559,-1.718884,-7.801833,4.610755E-10,4.610755E-10,-5.005146,-5.167634
'[17:34:23.796 21/01/2026]',-1.84284,-8.291559,-1.718884,-7.801833,4.610755E-10,4.610755E-10,-5.005146,-5.167634
'[17:34:23.804 21/01/2026]',-1.84284,-8.291559,-1.718884,-7.801833,4.610755E-10,4.610755E-10,-5.005146,-5.167634
'[17:34:23.812 21/01/2026]',-5.348957,-13.67621,-1.127292,-3.079314,4.610755E-10,4.610755E-10,-1.900054,-4.129177
'[17:34:23.820 21/01/2026]',5.714028,20.29433,1.143718,7.929527,4.610755E-10,4.610755E-10,3.429059,6.267342
'[17:34:23.828 21/01/2026]',5.714028,20.29433,1.143718,7.929527,4.610755E-10,4.610755E-10,3.429059,6.267342
'[17:34:23.836 21/01/2026]',5.714028,20.29433,1.143718,7.929527,4.610755E-10,4.610755E-10,3.429059,6.267342
'[17:34:23.844 21/01/2026]',-3.06988,-6.977254,-3.310883,-6.209918,4.610755E-10,4.610755E-10,-1.321005,-1.043334
'[17:34:23.852 21/01/2026]',-3.06988,-6.977254,-3.310883,-6.209918,4.610755E-10,4.610755E-10,-1.321005,-1.043334
'[17:34:23.860 21/01/2026]',0.7315082,-5.014245,4.942717,3.807353,4.610755E-10,4.610755E-10,1.110012,-0.6513439
'[17:34:23.868 21/01/2026]',0.7315082,-5.014245,4.942717,3.807353,4.610755E-10,4.610755E-10,1.110012,-0.6513439
'[17:34:23.876 21/01/2026]',0.7315082,-5.014245,4.942717,3.807353,4.610755E-10,4.610755E-10,1.110012,-0.6513439
'[17:34:23.884 21/01/2026]',-3.332342,-0.6557056,-4.604103,-5.171995,4.610755E-10,4.610755E-10,-3.996551,-3.567614
'[17:34:23.892 21/01/2026]',4.193377,5.683717,1.938362,4.997358,4.610755E-10,4.610755E-10,3.579194,4.630596
'[17:34:23.900 21/01/2026]',4.193377,5.683717,1.938362,4.997358,4.610755E-10,4.610755E-10,3.579194,4.630596
'[17:34:23.908 21/01/2026]',4.193377,5.683717,1.938362,4.997358,4.610755E-10,4.610755E-10,3.579194,4.630596
'[17:34:23.916 21/01/2026]',4.193377,5.683717,1.938362,4.997358,4.610755E-10,4.610755E-10,3.579194,4.630596
'[17:34:23.924 21/01/2026]',-1.974653,-3.047314,0.4032391,-1.878572,4.610755E-10,4.610755E-10,1.235052,-2.098531
'[17:34:23.932 21/01/2026]',-0.5062892,-2.311147,0.4424711,0.003681588,4.610755E-10,4.610755E-10,-3.50273,-0.6372274
'[17:34:23.940 21/01/2026]',-0.5062892,-2.311147,0.4424711,0.003681588,4.610755E-10,4.610755E-10,-3.50273,-0.6372274
'[17:34:23.948 21/01/2026]',-0.5062892,-2.311147,0.4424711,0.003681588,4.610755E-10,4.610755E-10,-3.50273,-0.6372274
'[17:34:23.956 21/01/2026]',-2.372923,-3.271745,-1.356704,-2.017053,4.610755E-10,4.610755E-10,0.009068544,-0.6346891
'[17:34:23.964 21/01/2026]',-5.307365,-6.679168,-7.665309,-6.838552,4.610755E-10,4.610755E-10,-1.786349,-2.688548
'[17:34:23.972 21/01/2026]',-5.307365,-6.679168,-7.665309,-6.838552,4.610755E-10,4.610755E-10,-1.786349,-2.688548
'[17:34:23.980 21/01/2026]',18.52413,24.91633,16.78528,17.7688,4.610755E-10,4.610755E-10,5.029024,7.570527
'[17:34:23.988 21/01/2026]',18.52413,24.91633,16.78528,17.7688,4.610755E-10,4.610755E-10,5.029024,7.570527
'[17:34:23.996 21/01/2026]',18.52413,24.91633,16.78528,17.7688,4.610755E-10,4.610755E-10,5.029024,7.570527
'[17:34:24.004 21/01/2026]',-10.30164,-11.69099,-5.578403,-6.391578,4.610755E-10,4.610755E-10,-0.7164801,-4.236301
'[17:34:24.012 21/01/2026]',-5.476393,-10.37494,-7.777437,-8.986037,4.610755E-10,4.610755E-10,0.6423753,1.714606
'[17:34:24.020 21/01/2026]',-5.476393,-10.37494,-7.777437,-8.986037,4.610755E-10,4.610755E-10,0.6423753,1.714606
'[17:34:24.028 21/01/2026]',5.784618,7.802905,4.33495,6.13866,4.610755E-10,4.610755E-10,-6.842962,-3.450597
'[17:34:24.036 21/01/2026]',5.784618,7.802905,4.33495,6.13866,4.610755E-10,4.610755E-10,-6.842962,-3.450597
'[17:34:24.044 21/01/2026]',5.784618,7.802905,4.33495,6.13866,4.610755E-10,4.610755E-10,-6.842962,-3.450597
'[17:34:24.052 21/01/2026]',1.234274,5.244557,2.530952,3.479661,4.610755E-10,4.610755E-10,6.084521,2.402558
'[17:34:24.060 21/01/2026]',1.234274,5.244557,2.530952,3.479661,4.610755E-10,4.610755E-10,6.084521,2.402558
'[17:34:24.068 21/01/2026]',0.5834287,-4.321443,1.450081,-2.907399,4.610755E-10,4.610755E-10,-0.2317502,-0.01858783
'[17:34:24.076 21/01/2026]',0.5834287,-4.321443,1.450081,-2.907399,4.610755E-10,4.610755E-10,-0.2317502,-0.01858783
'[17:34:24.084 21/01/2026]',-3.80053,-1.681162,-5.156201,-0.6617838,4.610755E-10,4.610755E-10,-0.2435706,1.322475
'[17:34:24.092 21/01/2026]',-3.80053,-1.681162,-5.156201,-0.6617838,4.610755E-10,4.610755E-10,-0.2435706,1.322475
'[17:34:24.100 21/01/2026]',2.841739,2.843377,4.066178,2.249974,4.610755E-10,4.610755E-10,-0.3096551,-2.300645
'[17:34:24.108 21/01/2026]',2.841739,2.843377,4.066178,2.249974,4.610755E-10,4.610755E-10,-0.3096551,-2.300645
'[17:34:24.116 21/01/2026]',-5.193217,-11.56758,-4.74706,-5.100473,4.610755E-10,4.610755E-10,-5.714543,-2.648656
'[17:34:24.124 21/01/2026]',-5.193217,-11.56758,-4.74706,-5.100473,4.610755E-10,4.610755E-10,-5.714543,-2.648656
'[17:34:24.132 21/01/2026]',8.595719,25.42937,6.865291,10.17699,4.610755E-10,4.610755E-10,10.99758,9.611422
'[17:34:24.140 21/01/2026]',8.595719,25.42937,6.865291,10.17699,4.610755E-10,4.610755E-10,10.99758,9.611422
'[17:34:24.148 21/01/2026]',-6.753797,-24.2818,-3.114514,-8.098075,4.610755E-10,4.610755E-10,-7.379591,-8.824962
'[17:34:24.156 21/01/2026]',-6.753797,-24.2818,-3.114514,-8.098075,4.610755E-10,4.610755E-10,-7.379591,-8.824962
'[17:34:24.164 21/01/2026]',-0.9660951,3.166592,-2.616035,-1.707943,4.610755E-10,4.610755E-10,-1.315159,1.198118
'[17:34:24.172 21/01/2026]',-0.9660951,3.166592,-2.616035,-1.707943,4.610755E-10,4.610755E-10,-1.315159,1.198118
'[17:34:24.180 21/01/2026]',5.390359,12.90405,3.877313,6.784079,4.610755E-10,4.610755E-10,5.206873,4.507679
'[17:34:24.188 21/01/2026]',5.390359,12.90405,3.877313,6.784079,4.610755E-10,4.610755E-10,5.206873,4.507679
'[17:34:24.196 21/01/2026]',5.390359,12.90405,3.877313,6.784079,4.610755E-10,4.610755E-10,5.206873,4.507679
'[17:34:24.204 21/01/2026]',3.588038,2.594895,3.136533,4.328247,4.610755E-10,4.610755E-10,1.900284,0.248965
'[17:34:24.212 21/01/2026]',3.588038,2.594895,3.136533,4.328247,4.610755E-10,4.610755E-10,1.900284,0.248965
'[17:34:24.220 21/01/2026]',3.588038,2.594895,3.136533,4.328247,4.610755E-10,4.610755E-10,1.900284,0.248965
'[17:34:24.228 21/01/2026]',3.588038,2.594895,3.136533,4.328247,4.610755E-10,4.610755E-10,1.900284,0.248965
'[17:34:24.236 21/01/2026]',3.588038,2.594895,3.136533,4.328247,4.610755E-10,4.610755E-10,1.900284,0.248965
'[17:34:24.244 21/01/2026]',-3.10155,-4.06542,-1.534897,-4.887269,4.610755E-10,4.610755E-10,-4.26644,-2.990899
'[17:34:24.252 21/01/2026]',-3.10155,-4.06542,-1.534897,-4.887269,4.610755E-10,4.610755E-10,-4.26644,-2.990899
'[17:34:24.260 21/01/2026]',-4.733954,-10.54399,-4.90665,-3.300464,4.610755E-10,4.610755E-10,-1.120533,-1.59115
'[17:34:24.268 21/01/2026]',4.923523,9.836964,2.265362,3.265243,4.610755E-10,4.610755E-10,3.577805,4.644519
'[17:34:24.276 21/01/2026]',1.816253,3.065443,4.244667,2.518332,4.610755E-10,4.610755E-10,-2.289709,-2.75461
'[17:34:24.284 21/01/2026]',-3.573968,-8.97619,-3.416887,-2.33207,4.610755E-10,4.610755E-10,2.527787,0.9640864
'[17:34:24.292 21/01/2026]',-3.573968,-8.97619,-3.416887,-2.33207,4.610755E-10,4.610755E-10,2.527787,0.9640864
'[17:34:24.300 21/01/2026]',1.838645,5.673396,0.4831514,-0.533372,4.610755E-10,4.610755E-10,-1.677438,0.2195893
'[17:34:24.308 21/01/2026]',1.838645,5.673396,0.4831514,-0.533372,4.610755E-10,4.610755E-10,-1.677438,0.2195893
'[17:34:24.316 21/01/2026]',-0.7582576,-1.092614,-0.5709792,-1.071353,4.610755E-10,4.610755E-10,-2.09613,-1.918762
'[17:34:24.324 21/01/2026]',-0.7582576,-1.092614,-0.5709792,-1.071353,4.610755E-10,4.610755E-10,-2.09613,-1.918762
'[17:34:24.332 21/01/2026]',1.181127,-0.2153316,2.607206,3.966298,4.610755E-10,4.610755E-10,2.422882,1.068452
'[17:34:24.340 21/01/2026]',1.181127,-0.2153316,2.607206,3.966298,4.610755E-10,4.610755E-10,2.422882,1.068452
'[17:34:24.348 21/01/2026]',1.311186,1.803661,-0.7057144,-1.219378,4.610755E-10,4.610755E-10,0.5204667,0.881287
'[17:34:24.356 21/01/2026]',1.311186,1.803661,-0.7057144,-1.219378,4.610755E-10,4.610755E-10,0.5204667,0.881287
'[17:34:24.364 21/01/2026]',-0.8248324,-0.2977503,0.06146233,-0.5172164,4.610755E-10,4.610755E-10,-0.07685206,0.8915493
'[17:34:24.372 21/01/2026]',-0.8248324,-0.2977503,0.06146233,-0.5172164,4.610755E-10,4.610755E-10,-0.07685206,0.8915493
'[17:34:24.380 21/01/2026]',-0.8248324,-0.2977503,0.06146233,-0.5172164,4.610755E-10,4.610755E-10,-0.07685206,0.8915493
'[17:34:24.388 21/01/2026]',-0.7352046,0.3069136,-1.95364,-2.494346,4.610755E-10,4.610755E-10,-1.335016,-2.959143
'[17:34:24.396 21/01/2026]',-0.7352046,0.3069136,-1.95364,-2.494346,4.610755E-10,4.610755E-10,-1.335016,-2.959143
'[17:34:24.404 21/01/2026]',5.08043,0.538206,5.62644,6.013425,4.610755E-10,4.610755E-10,1.761704,2.74809
'[17:34:24.412 21/01/2026]',5.08043,0.538206,5.62644,6.013425,4.610755E-10,4.610755E-10,1.761704,2.74809
'[17:34:24.420 21/01/2026]',-7.753344,-2.299163,-6.561441,-6.556597,4.610755E-10,4.610755E-10,-3.826032,-4.372389
'[17:34:24.428 21/01/2026]',-7.753344,-2.299163,-6.561441,-6.556597,4.610755E-10,4.610755E-10,-3.826032,-4.372389
'[17:34:24.436 21/01/2026]',5.147914,1.331649,3.213946,3.3378,4.610755E-10,4.610755E-10,2.970445,3.130461
'[17:34:24.444 21/01/2026]',5.147914,1.331649,3.213946,3.3378,4.610755E-10,4.610755E-10,2.970445,3.130461
'[17:34:24.452 21/01/2026]',-0.2593357,2.96821,1.273568,1.335882,4.610755E-10,4.610755E-10,0.05105192,1.326032
'[17:34:24.460 21/01/2026]',-0.2593357,2.96821,1.273568,1.335882,4.610755E-10,4.610755E-10,0.05105192,1.326032
'[17:34:24.468 21/01/2026]',-1.784136,-0.8116668,-3.259138,-3.10943,4.610755E-10,4.610755E-10,-1.164052,-2.752666
'[17:34:24.476 21/01/2026]',-1.784136,-0.8116668,-3.259138,-3.10943,4.610755E-10,4.610755E-10,-1.164052,-2.752666
'[17:34:24.484 21/01/2026]',0.1205721,-3.293294,1.581729,0.8561704,4.610755E-10,4.610755E-10,-0.1054362,-0.5089065
'[17:34:24.492 21/01/2026]',0.1205721,-3.293294,1.581729,0.8561704,4.610755E-10,4.610755E-10,-0.1054362,-0.5089065
'[17:34:24.500 21/01/2026]',0.1205721,-3.293294,1.581729,0.8561704,4.610755E-10,4.610755E-10,-0.1054362,-0.5089065
'[17:34:24.508 21/01/2026]',0.5778635,4.043752,1.170212,1.505229,4.610755E-10,4.610755E-10,-0.04609208,1.38523
'[17:34:24.516 21/01/2026]',0.5778635,4.043752,1.170212,1.505229,4.610755E-10,4.610755E-10,-0.04609208,1.38523
'[17:34:24.524 21/01/2026]',0.5778635,4.043752,1.170212,1.505229,4.610755E-10,4.610755E-10,-0.04609208,1.38523
'[17:34:24.532 21/01/2026]',0.2829436,-3.243302,0.1732398,1.441006,4.610755E-10,4.610755E-10,4.214885,3.304688
'[17:34:24.540 21/01/2026]',0.2829436,-3.243302,0.1732398,1.441006,4.610755E-10,4.610755E-10,4.214885,3.304688
'[17:34:24.548 21/01/2026]',-1.448061,4.622964,-1.97145,-2.765243,4.610755E-10,4.610755E-10,-3.334024,-3.064861
'[17:34:24.556 21/01/2026]',-8.658091,-13.253,-3.771342,-5.706312,4.610755E-10,4.610755E-10,-3.937618,-3.691156
'[17:34:24.564 21/01/2026]',-8.658091,-13.253,-3.771342,-5.706312,4.610755E-10,4.610755E-10,-3.937618,-3.691156
'[17:34:24.572 21/01/2026]',-8.658091,-13.253,-3.771342,-5.706312,4.610755E-10,4.610755E-10,-3.937618,-3.691156
'[17:34:24.580 21/01/2026]',-8.658091,-13.253,-3.771342,-5.706312,4.610755E-10,4.610755E-10,-3.937618,-3.691156
'[17:34:24.588 21/01/2026]',-36.33181,-21.69673,-14.79202,-11.31213,4.610755E-10,4.610755E-10,-0.1367503,-0.3996857
'[17:34:24.596 21/01/2026]',39.33499,17.96148,14.71226,11.71028,4.610755E-10,4.610755E-10,3.567084,3.798822
'[17:34:24.604 21/01/2026]',39.33499,17.96148,14.71226,11.71028,4.610755E-10,4.610755E-10,3.567084,3.798822
'[17:34:24.612 21/01/2026]',50.78601,45.27454,20.60056,20.61305,4.610755E-10,4.610755E-10,-1.892509,-2.453712
'[17:34:24.620 21/01/2026]',50.78601,45.27454,20.60056,20.61305,4.610755E-10,4.610755E-10,-1.892509,-2.453712
'[17:34:24.628 21/01/2026]',-41.29345,-29.988,-14.89095,-15.71705,4.610755E-10,4.610755E-10,-0.1665868,0.3038676
'[17:34:24.636 21/01/2026]',-41.29345,-29.988,-14.89095,-15.71705,4.610755E-10,4.610755E-10,-0.1665868,0.3038676
'[17:34:24.644 21/01/2026]',-9.154879,-0.8266659,-4.641667,-0.07645929,4.610755E-10,4.610755E-10,6.070471,5.870546
'[17:34:24.652 21/01/2026]',-9.154879,-0.8266659,-4.641667,-0.07645929,4.610755E-10,4.610755E-10,6.070471,5.870546
'[17:34:24.660 21/01/2026]',-9.154879,-0.8266659,-4.641667,-0.07645929,4.610755E-10,4.610755E-10,6.070471,5.870546
'[17:34:24.668 21/01/2026]',7.684427,-3.301499,1.855795,-2.681457,4.610755E-10,4.610755E-10,-9.840289,-9.367501
'[17:34:24.676 21/01/2026]',7.684427,-3.301499,1.855795,-2.681457,4.610755E-10,4.610755E-10,-9.840289,-9.367501
'[17:34:24.684 21/01/2026]',3.088709,-1.339466,4.131325,3.294857,4.610755E-10,4.610755E-10,5.175275,2.45599
'[17:34:24.692 21/01/2026]',3.088709,-1.339466,4.131325,3.294857,4.610755E-10,4.610755E-10,5.175275,2.45599
'[17:34:24.700 21/01/2026]',-7.458024,0.5392253,-7.047691,-4.067572,4.610755E-10,4.610755E-10,1.667161,4.538105
'[17:34:24.708 21/01/2026]',-7.458024,0.5392253,-7.047691,-4.067572,4.610755E-10,4.610755E-10,1.667161,4.538105
'[17:34:24.716 21/01/2026]',-2.523412,-4.314269,2.068489,-0.6180173,4.610755E-10,4.610755E-10,-5.050341,-4.741327
'[17:34:24.724 21/01/2026]',-2.523412,-4.314269,2.068489,-0.6180173,4.610755E-10,4.610755E-10,-5.050341,-4.741327
'[17:34:24.732 21/01/2026]',-2.523412,-4.314269,2.068489,-0.6180173,4.610755E-10,4.610755E-10,-5.050341,-4.741327
'[17:34:24.740 21/01/2026]',5.888992,-0.2228165,2.530957,2.209316,4.610755E-10,4.610755E-10,1.942572,-1.115864
'[17:34:24.748 21/01/2026]',5.888992,-0.2228165,2.530957,2.209316,4.610755E-10,4.610755E-10,1.942572,-1.115864
'[17:34:24.756 21/01/2026]',5.888992,-0.2228165,2.530957,2.209316,4.610755E-10,4.610755E-10,1.942572,-1.115864
'[17:34:24.764 21/01/2026]',-2.784042,4.501578,-2.290322,-2.181021,4.610755E-10,4.610755E-10,0.0930975,1.167941
'[17:34:24.772 21/01/2026]',-0.3937548,-1.898878,2.688408,3.616631,4.610755E-10,4.610755E-10,3.823265,4.483119
'[17:34:24.780 21/01/2026]',-0.3937548,-1.898878,2.688408,3.616631,4.610755E-10,4.610755E-10,3.823265,4.483119
'[17:34:24.788 21/01/2026]',-0.003251085,-1.148601,-1.532251,-2.126573,4.610755E-10,4.610755E-10,-6.097636,-6.080525
'[17:34:24.796 21/01/2026]',-0.003251085,-1.148601,-1.532251,-2.126573,4.610755E-10,4.610755E-10,-6.097636,-6.080525
'[17:34:24.804 21/01/2026]',0.1537432,1.102818,-0.604093,-1.039212,4.610755E-10,4.610755E-10,1.782233,1.990564
'[17:34:24.812 21/01/2026]',0.1537432,1.102818,-0.604093,-1.039212,4.610755E-10,4.610755E-10,1.782233,1.990564
'[17:34:24.820 21/01/2026]',0.1537432,1.102818,-0.604093,-1.039212,4.610755E-10,4.610755E-10,1.782233,1.990564
'[17:34:24.828 21/01/2026]',-1.320344,-0.60398,-0.5923126,1.153306,4.610755E-10,4.610755E-10,2.215364,2.673943
'[17:34:24.836 21/01/2026]',-1.320344,-0.60398,-0.5923126,1.153306,4.610755E-10,4.610755E-10,2.215364,2.673943
'[17:34:24.844 21/01/2026]',3.925252,2.370702,3.81057,1.635665,4.610755E-10,4.610755E-10,0.1354053,-1.810935
'[17:34:24.852 21/01/2026]',3.925252,2.370702,3.81057,1.635665,4.610755E-10,4.610755E-10,0.1354053,-1.810935
'[17:34:24.860 21/01/2026]',-2.831256,-3.097502,-4.686553,-3.374055,4.610755E-10,4.610755E-10,-1.215976,0.4572612
'[17:34:24.868 21/01/2026]',-2.831256,-3.097502,-4.686553,-3.374055,4.610755E-10,4.610755E-10,-1.215976,0.4572612
'[17:34:24.876 21/01/2026]',1.384298,0.4993286,3.752915,2.148207,4.610755E-10,4.610755E-10,0.2208952,-0.3562717
'[17:34:24.884 21/01/2026]',-2.51683,0.6519674,-1.346048,-1.277065,4.610755E-10,4.610755E-10,-0.5581627,-0.06156324
'[17:34:24.892 21/01/2026]',-2.51683,0.6519674,-1.346048,-1.277065,4.610755E-10,4.610755E-10,-0.5581627,-0.06156324
'[17:34:24.900 21/01/2026]',1.426714,-4.500464,-1.357518,0.1850642,4.610755E-10,4.610755E-10,-0.8060493,-0.9579393
'[17:34:24.908 21/01/2026]',1.426714,-4.500464,-1.357518,0.1850642,4.610755E-10,4.610755E-10,-0.8060493,-0.9579393
'[17:34:24.916 21/01/2026]',1.426714,-4.500464,-1.357518,0.1850642,4.610755E-10,4.610755E-10,-0.8060493,-0.9579393
'[17:34:24.924 21/01/2026]',1.426714,-4.500464,-1.357518,0.1850642,4.610755E-10,4.610755E-10,-0.8060493,-0.9579393
'[17:34:24.932 21/01/2026]',1.426714,-4.500464,-1.357518,0.1850642,4.610755E-10,4.610755E-10,-0.8060493,-0.9579393
'[17:34:24.940 21/01/2026]',-1.273178,-4.104596,-2.415813,-5.126783,4.610755E-10,4.610755E-10,-1.284118,-1.550168
'[17:34:24.948 21/01/2026]',6.069471,21.13034,6.281301,10.73856,4.610755E-10,4.610755E-10,4.095743,5.360725
'[17:34:24.956 21/01/2026]',6.069471,21.13034,6.281301,10.73856,4.610755E-10,4.610755E-10,4.095743,5.360725
'[17:34:24.964 21/01/2026]',-3.919686,-12.1462,-2.647871,-4.503961,4.610755E-10,4.610755E-10,-4.009928,-5.667312
'[17:34:24.972 21/01/2026]',-3.919686,-12.1462,-2.647871,-4.503961,4.610755E-10,4.610755E-10,-4.009928,-5.667312
'[17:34:24.980 21/01/2026]',-2.021274,-7.361117,-3.294417,-2.697911,4.610755E-10,4.610755E-10,3.945865,4.824907
'[17:34:24.988 21/01/2026]',8.562417,24.80846,3.825483,7.885077,4.610755E-10,4.610755E-10,-0.04727155,2.176567
'[17:34:24.996 21/01/2026]',8.562417,24.80846,3.825483,7.885077,4.610755E-10,4.610755E-10,-0.04727155,2.176567
'[17:34:25.004 21/01/2026]',-9.651696,-18.44263,-4.647347,-9.611385,4.610755E-10,4.610755E-10,-4.070812,-7.070401
'[17:34:25.012 21/01/2026]',-9.651696,-18.44263,-4.647347,-9.611385,4.610755E-10,4.610755E-10,-4.070812,-7.070401
'[17:34:25.020 21/01/2026]',-9.651696,-18.44263,-4.647347,-9.611385,4.610755E-10,4.610755E-10,-4.070812,-7.070401
'[17:34:25.028 21/01/2026]',-9.651696,-18.44263,-4.647347,-9.611385,4.610755E-10,4.610755E-10,-4.070812,-7.070401
'[17:34:25.036 21/01/2026]',3.398677,-1.569023,2.932565,4.704468,4.610755E-10,4.610755E-10,3.770554,3.457729
'[17:34:25.044 21/01/2026]',3.211564,12.20431,0.5629303,1.810134,4.610755E-10,4.610755E-10,-1.059076,1.822758
'[17:34:25.052 21/01/2026]',3.211564,12.20431,0.5629303,1.810134,4.610755E-10,4.610755E-10,-1.059076,1.822758
'[17:34:25.060 21/01/2026]',-3.686822,-6.69022,-1.968096,-3.086127,4.610755E-10,4.610755E-10,-0.9711367,-2.599904
'[17:34:25.068 21/01/2026]',-3.686822,-6.69022,-1.968096,-3.086127,4.610755E-10,4.610755E-10,-0.9711367,-2.599904
'[17:34:25.076 21/01/2026]',1.460566,-1.945443,1.637166,0.9118955,4.610755E-10,4.610755E-10,3.384576,2.678344
'[17:34:25.084 21/01/2026]',1.460566,-1.945443,1.637166,0.9118955,4.610755E-10,4.610755E-10,3.384576,2.678344
'[17:34:25.092 21/01/2026]',1.460566,-1.945443,1.637166,0.9118955,4.610755E-10,4.610755E-10,3.384576,2.678344
'[17:34:25.100 21/01/2026]',-4.019263,0.04666375,-4.790764,-3.511696,4.610755E-10,4.610755E-10,-6.165468,-4.263524
'[17:34:25.108 21/01/2026]',-4.019263,0.04666375,-4.790764,-3.511696,4.610755E-10,4.610755E-10,-6.165468,-4.263524
'[17:34:25.116 21/01/2026]',-4.019263,0.04666375,-4.790764,-3.511696,4.610755E-10,4.610755E-10,-6.165468,-4.263524
'[17:34:25.124 21/01/2026]',4.616123,3.081152,5.094901,3.329585,4.610755E-10,4.610755E-10,2.296909,1.212832
'[17:34:25.132 21/01/2026]',4.616123,3.081152,5.094901,3.329585,4.610755E-10,4.610755E-10,2.296909,1.212832
'[17:34:25.140 21/01/2026]',-1.752496,-3.395084,-1.248356,-0.08594743,4.610755E-10,4.610755E-10,0.4450206,1.042409
'[17:34:25.148 21/01/2026]',-0.4299765,-0.05413824,-0.05461695,-2.277514,4.610755E-10,4.610755E-10,-0.8408957,-1.594007
'[17:34:25.156 21/01/2026]',0.9057045,1.751652,1.582022,3.388622,4.610755E-10,4.610755E-10,-1.554302,-1.070327
'[17:34:25.164 21/01/2026]',0.9057045,1.751652,1.582022,3.388622,4.610755E-10,4.610755E-10,-1.554302,-1.070327
'[17:34:25.172 21/01/2026]',0.9057045,1.751652,1.582022,3.388622,4.610755E-10,4.610755E-10,-1.554302,-1.070327
'[17:34:25.180 21/01/2026]',0.1574254,-3.305789,-1.628002,-3.192102,4.610755E-10,4.610755E-10,2.828597,1.7777
'[17:34:25.188 21/01/2026]',0.1574254,-3.305789,-1.628002,-3.192102,4.610755E-10,4.610755E-10,2.828597,1.7777
'[17:34:25.196 21/01/2026]',-1.703007,0.2060758,-0.8600056,-1.121819,4.610755E-10,4.610755E-10,-1.391694,0.7586932
'[17:34:25.204 21/01/2026]',-1.703007,0.2060758,-0.8600056,-1.121819,4.610755E-10,4.610755E-10,-1.391694,0.7586932
'[17:34:25.212 21/01/2026]',-1.703007,0.2060758,-0.8600056,-1.121819,4.610755E-10,4.610755E-10,-1.391694,0.7586932
'[17:34:25.220 21/01/2026]',2.415479,9.187898,4.287291,8.230898,4.610755E-10,4.610755E-10,2.339925,1.099083
'[17:34:25.228 21/01/2026]',-1.078939,-9.704909,-1.382047,-3.611198,4.610755E-10,4.610755E-10,-0.3305659,-0.5831147
'[17:34:25.236 21/01/2026]',-1.078939,-9.704909,-1.382047,-3.611198,4.610755E-10,4.610755E-10,-0.3305659,-0.5831147
'[17:34:25.244 21/01/2026]',-1.078939,-9.704909,-1.382047,-3.611198,4.610755E-10,4.610755E-10,-0.3305659,-0.5831147
'[17:34:25.252 21/01/2026]',-1.12791,2.218975,-2.810584,-2.427812,4.610755E-10,4.610755E-10,-0.5941041,-0.8529903
'[17:34:25.260 21/01/2026]',-1.12791,2.218975,-2.810584,-2.427812,4.610755E-10,4.610755E-10,-0.5941041,-0.8529903
'[17:34:25.268 21/01/2026]',-0.08534959,3.408859,0.7041916,-0.9750587,4.610755E-10,4.610755E-10,-3.521334,-1.516065
'[17:34:25.276 21/01/2026]',-0.08534959,3.408859,0.7041916,-0.9750587,4.610755E-10,4.610755E-10,-3.521334,-1.516065
'[17:34:25.284 21/01/2026]',-0.08534959,3.408859,0.7041916,-0.9750587,4.610755E-10,4.610755E-10,-3.521334,-1.516065
'[17:34:25.292 21/01/2026]',0.5549616,-4.848791,-1.123673,1.518947,4.610755E-10,4.610755E-10,5.151491,2.227214
'[17:34:25.300 21/01/2026]',1.774806,1.321168,3.742161,2.767789,4.610755E-10,4.610755E-10,-0.1525851,0.303391
'[17:34:25.308 21/01/2026]',1.774806,1.321168,3.742161,2.767789,4.610755E-10,4.610755E-10,-0.1525851,0.303391
'[17:34:25.316 21/01/2026]',-0.9865766,2.866856,-1.59993,-3.34465,4.610755E-10,4.610755E-10,-4.484409,-2.152039
'[17:34:25.324 21/01/2026]',-0.9865766,2.866856,-1.59993,-3.34465,4.610755E-10,4.610755E-10,-4.484409,-2.152039
'[17:34:25.332 21/01/2026]',-0.8437973,-0.933314,-1.464696,0.6335933,4.610755E-10,4.610755E-10,3.07384,0.4053969
'[17:34:25.340 21/01/2026]',-0.8437973,-0.933314,-1.464696,0.6335933,4.610755E-10,4.610755E-10,3.07384,0.4053969
'[17:34:25.348 21/01/2026]',2.600441,0.09050252,4.068585,3.710621,4.610755E-10,4.610755E-10,0.6007046,1.524716
'[17:34:25.356 21/01/2026]',2.600441,0.09050252,4.068585,3.710621,4.610755E-10,4.610755E-10,0.6007046,1.524716
'[17:34:25.364 21/01/2026]',2.600441,0.09050252,4.068585,3.710621,4.610755E-10,4.610755E-10,0.6007046,1.524716
'[17:34:25.372 21/01/2026]',-4.252085,-0.9745187,-6.927139,-6.512764,4.610755E-10,4.610755E-10,-2.728011,-2.51921
'[17:34:25.380 21/01/2026]',-4.252085,-0.9745187,-6.927139,-6.512764,4.610755E-10,4.610755E-10,-2.728011,-2.51921
'[17:34:25.388 21/01/2026]',3.820961,1.10688,5.356106,3.501161,4.610755E-10,4.610755E-10,-0.6316049,0.05663178
'[17:34:25.396 21/01/2026]',3.820961,1.10688,5.356106,3.501161,4.610755E-10,4.610755E-10,-0.6316049,0.05663178
'[17:34:25.404 21/01/2026]',-1.643569,2.386495,-1.923248,2.385679,4.610755E-10,4.610755E-10,5.005406,3.345077
'[17:34:25.412 21/01/2026]',-2.069987,-4.96379,-3.238427,-5.658642,4.610755E-10,4.610755E-10,-7.31476,-5.656407
'[17:34:25.420 21/01/2026]',-2.069987,-4.96379,-3.238427,-5.658642,4.610755E-10,4.610755E-10,-7.31476,-5.656407
'[17:34:25.428 21/01/2026]',-2.069987,-4.96379,-3.238427,-5.658642,4.610755E-10,4.610755E-10,-7.31476,-5.656407
'[17:34:25.436 21/01/2026]',-2.069987,-4.96379,-3.238427,-5.658642,4.610755E-10,4.610755E-10,-7.31476,-5.656407
'[17:34:25.444 21/01/2026]',-2.069987,-4.96379,-3.238427,-5.658642,4.610755E-10,4.610755E-10,-7.31476,-5.656407
'[17:34:25.452 21/01/2026]',3.334045,7.517055,5.450905,3.656115,4.610755E-10,4.610755E-10,5.703181,4.527979
'[17:34:25.460 21/01/2026]',3.334045,7.517055,5.450905,3.656115,4.610755E-10,4.610755E-10,5.703181,4.527979
'[17:34:25.468 21/01/2026]',3.334045,7.517055,5.450905,3.656115,4.610755E-10,4.610755E-10,5.703181,4.527979
'[17:34:25.476 21/01/2026]',-2.526546,-6.314668,-4.058388,0.1331482,4.610755E-10,4.610755E-10,-2.891621,-2.278017
'[17:34:25.484 21/01/2026]',0.009667754,-9.005594,1.627837,-2.515399,4.610755E-10,4.610755E-10,-0.1893126,-1.037202
'[17:34:25.492 21/01/2026]',0.009667754,-9.005594,1.627837,-2.515399,4.610755E-10,4.610755E-10,-0.1893126,-1.037202
'[17:34:25.500 21/01/2026]',3.028136,20.99006,1.264907,3.129975,4.610755E-10,4.610755E-10,0.8828048,1.574171
'[17:34:25.508 21/01/2026]',-2.410535,-7.472249,-3.91171,-1.761135,4.610755E-10,4.610755E-10,-2.698812,-0.4252809
'[17:34:25.516 21/01/2026]',-2.410535,-7.472249,-3.91171,-1.761135,4.610755E-10,4.610755E-10,-2.698812,-0.4252809
'[17:34:25.524 21/01/2026]',0.2205131,-5.169807,3.892753,0.6023579,4.610755E-10,4.610755E-10,6.158734,1.650471
'[17:34:25.532 21/01/2026]',0.2205131,-5.169807,3.892753,0.6023579,4.610755E-10,4.610755E-10,6.158734,1.650471
'[17:34:25.540 21/01/2026]',0.2205131,-5.169807,3.892753,0.6023579,4.610755E-10,4.610755E-10,6.158734,1.650471
'[17:34:25.548 21/01/2026]',-1.760273,2.427178,-2.642724,-1.878135,4.610755E-10,4.610755E-10,-5.016252,-0.9439639
'[17:34:25.556 21/01/2026]',-1.760273,2.427178,-2.642724,-1.878135,4.610755E-10,4.610755E-10,-5.016252,-0.9439639
'[17:34:25.564 21/01/2026]',4.297163,5.731958,3.078566,3.927629,4.610755E-10,4.610755E-10,1.155986,-0.6252457
'[17:34:25.572 21/01/2026]',-0.7593414,-3.397969,-1.781349,-1.21693,4.610755E-10,4.610755E-10,-0.6702459,-0.4901507
'[17:34:25.580 21/01/2026]',-0.7593414,-3.397969,-1.781349,-1.21693,4.610755E-10,4.610755E-10,-0.6702459,-0.4901507
'[17:34:25.588 21/01/2026]',-0.7593414,-3.397969,-1.781349,-1.21693,4.610755E-10,4.610755E-10,-0.6702459,-0.4901507
'[17:34:25.596 21/01/2026]',-2.047083,0.3623614,1.564909,-0.4066222,4.610755E-10,4.610755E-10,2.834946,2.526021
'[17:34:25.604 21/01/2026]',-2.047083,0.3623614,1.564909,-0.4066222,4.610755E-10,4.610755E-10,2.834946,2.526021
'[17:34:25.612 21/01/2026]',-2.047083,0.3623614,1.564909,-0.4066222,4.610755E-10,4.610755E-10,2.834946,2.526021
'[17:34:25.620 21/01/2026]',2.486376,1.369533,2.950917,2.465792,4.610755E-10,4.610755E-10,0.7388952,0.4194984
'[17:34:25.628 21/01/2026]',2.486376,1.369533,2.950917,2.465792,4.610755E-10,4.610755E-10,0.7388952,0.4194984
'[17:34:25.636 21/01/2026]',0.2846705,2.389326,-2.669566,-0.442032,4.610755E-10,4.610755E-10,-3.556317,-2.092304
'[17:34:25.644 21/01/2026]',0.2846705,2.389326,-2.669566,-0.442032,4.610755E-10,4.610755E-10,-3.556317,-2.092304
'[17:34:25.652 21/01/2026]',0.2846705,2.389326,-2.669566,-0.442032,4.610755E-10,4.610755E-10,-3.556317,-2.092304
'[17:34:25.660 21/01/2026]',0.2846705,2.389326,-2.669566,-0.442032,4.610755E-10,4.610755E-10,-3.556317,-2.092304
'[17:34:25.668 21/01/2026]',1.773893,-4.134648,2.656315,-0.7771782,4.610755E-10,4.610755E-10,0.9073049,0.004570463
'[17:34:25.676 21/01/2026]',-1.982669,-0.9484419,-0.1606915,0.04680503,4.610755E-10,4.610755E-10,1.517187,0.4460577
'[17:34:25.684 21/01/2026]',-1.982669,-0.9484419,-0.1606915,0.04680503,4.610755E-10,4.610755E-10,1.517187,0.4460577
'[17:34:25.692 21/01/2026]',-1.716621,1.61892,-3.097482,-1.417889,4.610755E-10,4.610755E-10,-1.457484,-0.2660534
'[17:34:25.700 21/01/2026]',-1.716621,1.61892,-3.097482,-1.417889,4.610755E-10,4.610755E-10,-1.457484,-0.2660534
'[17:34:25.708 21/01/2026]',4.363089,1.512158,3.265488,3.679757,4.610755E-10,4.610755E-10,0.4044794,0.820883
'[17:34:25.716 21/01/2026]',4.363089,1.512158,3.265488,3.679757,4.610755E-10,4.610755E-10,0.4044794,0.820883
'[17:34:25.724 21/01/2026]',-1.318257,-1.411516,-1.20198,-2.456027,4.610755E-10,4.610755E-10,-0.776607,-1.943424
'[17:34:25.732 21/01/2026]',-1.318257,-1.411516,-1.20198,-2.456027,4.610755E-10,4.610755E-10,-0.776607,-1.943424
'[17:34:25.740 21/01/2026]',-0.5116545,-0.2698431,1.113957,-0.2624247,4.610755E-10,4.610755E-10,0.5116182,0.9026759
'[17:34:25.748 21/01/2026]',-0.5116545,-0.2698431,1.113957,-0.2624247,4.610755E-10,4.610755E-10,0.5116182,0.9026759
'[17:34:25.756 21/01/2026]',-0.1495585,2.319975,-0.6980807,0.5221924,4.610755E-10,4.610755E-10,-2.550898,-1.898566
'[17:34:25.764 21/01/2026]',-0.1495585,2.319975,-0.6980807,0.5221924,4.610755E-10,4.610755E-10,-2.550898,-1.898566
'[17:34:25.772 21/01/2026]',2.837039,-0.3377267,1.579623,2.723579,4.610755E-10,4.610755E-10,4.409878,3.499506
'[17:34:25.780 21/01/2026]',2.837039,-0.3377267,1.579623,2.723579,4.610755E-10,4.610755E-10,4.409878,3.499506
'[17:34:25.788 21/01/2026]',-4.013783,-3.054926,-1.709131,-4.768351,4.610755E-10,4.610755E-10,-3.302629,-1.568088
'[17:34:25.796 21/01/2026]',-4.013783,-3.054926,-1.709131,-4.768351,4.610755E-10,4.610755E-10,-3.302629,-1.568088
'[17:34:25.804 21/01/2026]',-4.013783,-3.054926,-1.709131,-4.768351,4.610755E-10,4.610755E-10,-3.302629,-1.568088
'[17:34:25.812 21/01/2026]',1.699885,2.727827,1.24344,2.077853,4.610755E-10,4.610755E-10,1.995356,0.3896447
'[17:34:25.820 21/01/2026]',1.699885,2.727827,1.24344,2.077853,4.610755E-10,4.610755E-10,1.995356,0.3896447
'[17:34:25.828 21/01/2026]',1.699885,2.727827,1.24344,2.077853,4.610755E-10,4.610755E-10,1.995356,0.3896447
'[17:34:25.836 21/01/2026]',2.624849,0.04187242,1.057758,1.672114,4.610755E-10,4.610755E-10,0.8988111,-0.04603553
'[17:34:25.844 21/01/2026]',-3.662698,-7.028473,-1.785428,-2.31303,4.610755E-10,4.610755E-10,-3.302321,-2.00763
'[17:34:25.852 21/01/2026]',1.874386,3.348951,1.239232,1.406503,4.610755E-10,4.610755E-10,2.008781,2.841255
'[17:34:25.860 21/01/2026]',1.874386,3.348951,1.239232,1.406503,4.610755E-10,4.610755E-10,2.008781,2.841255
'[17:34:25.868 21/01/2026]',2.071235,8.196959,1.819652,2.904992,4.610755E-10,4.610755E-10,0.5354519,0.1140362
'[17:34:25.876 21/01/2026]',2.071235,8.196959,1.819652,2.904992,4.610755E-10,4.610755E-10,0.5354519,0.1140362
'[17:34:25.884 21/01/2026]',2.071235,8.196959,1.819652,2.904992,4.610755E-10,4.610755E-10,0.5354519,0.1140362
'[17:34:25.892 21/01/2026]',-2.301736,-7.224309,-2.432639,-4.443213,4.610755E-10,4.610755E-10,0.05318519,-1.581002
'[17:34:25.900 21/01/2026]',-2.301736,-7.224309,-2.432639,-4.443213,4.610755E-10,4.610755E-10,0.05318519,-1.581002
'[17:34:25.908 21/01/2026]',-2.570245,0.1884694,-1.839458,1.528716,4.610755E-10,4.610755E-10,0.05047029,1.922424
'[17:34:25.916 21/01/2026]',-2.570245,0.1884694,-1.839458,1.528716,4.610755E-10,4.610755E-10,0.05047029,1.922424
'[17:34:25.924 21/01/2026]',7.739229,4.577153,9.236979,5.211778,4.610755E-10,4.610755E-10,-0.3372507,0.6974352
'[17:34:25.932 21/01/2026]',7.739229,4.577153,9.236979,5.211778,4.610755E-10,4.610755E-10,-0.3372507,0.6974352
'[17:34:25.940 21/01/2026]',-4.807111,-2.839789,-8.066937,-7.010032,4.610755E-10,4.610755E-10,-0.207399,-2.948394
'[17:34:25.948 21/01/2026]',-4.807111,-2.839789,-8.066937,-7.010032,4.610755E-10,4.610755E-10,-0.207399,-2.948394
'[17:34:25.956 21/01/2026]',-4.246017,-5.13981,-3.114609,-0.5515007,4.610755E-10,4.610755E-10,-1.541544,0.4096394
'[17:34:25.964 21/01/2026]',-4.246017,-5.13981,-3.114609,-0.5515007,4.610755E-10,4.610755E-10,-1.541544,0.4096394
'[17:34:25.972 21/01/2026]',-4.246017,-5.13981,-3.114609,-0.5515007,4.610755E-10,4.610755E-10,-1.541544,0.4096394
'[17:34:25.980 21/01/2026]',-4.246017,-5.13981,-3.114609,-0.5515007,4.610755E-10,4.610755E-10,-1.541544,0.4096394
'[17:34:25.988 21/01/2026]',-4.246017,-5.13981,-3.114609,-0.5515007,4.610755E-10,4.610755E-10,-1.541544,0.4096394
'[17:34:25.996 21/01/2026]',11.28076,10.48524,12.74562,10.93766,4.610755E-10,4.610755E-10,5.036389,4.410623
'[17:34:26.004 21/01/2026]',-5.930357,-5.486303,-6.363693,-6.957393,4.610755E-10,4.610755E-10,-1.997534,-2.350416
'[17:34:26.012 21/01/2026]',-3.148409,-3.445256,-7.393552,-6.895422,4.610755E-10,4.610755E-10,-4.985363,-4.850618
'[17:34:26.020 21/01/2026]',-3.148409,-3.445256,-7.393552,-6.895422,4.610755E-10,4.610755E-10,-4.985363,-4.850618
'[17:34:26.028 21/01/2026]',3.02269,3.073345,9.888155,8.351535,4.610755E-10,4.610755E-10,6.412044,7.462863
'[17:34:26.036 21/01/2026]',3.02269,3.073345,9.888155,8.351535,4.610755E-10,4.610755E-10,6.412044,7.462863
'[17:34:26.044 21/01/2026]',5.299396,8.712535,1.451874,2.977216,4.610755E-10,4.610755E-10,-1.987135,-3.401309
'[17:34:26.052 21/01/2026]',5.299396,8.712535,1.451874,2.977216,4.610755E-10,4.610755E-10,-1.987135,-3.401309
'[17:34:26.060 21/01/2026]',5.299396,8.712535,1.451874,2.977216,4.610755E-10,4.610755E-10,-1.987135,-3.401309
'[17:34:26.068 21/01/2026]',-4.119253,-4.79189,-4.061181,-3.409954,4.610755E-10,4.610755E-10,0.2587014,1.001085
'[17:34:26.076 21/01/2026]',-4.119253,-4.79189,-4.061181,-3.409954,4.610755E-10,4.610755E-10,0.2587014,1.001085
'[17:34:26.084 21/01/2026]',0.6135172,-1.222036,2.001593,0.8385773,4.610755E-10,4.610755E-10,1.34786,1.118597
'[17:34:26.092 21/01/2026]',-6.073824,-3.106558,-8.122367,-8.539207,4.610755E-10,4.610755E-10,-5.552549,-5.723141
'[17:34:26.100 21/01/2026]',-6.073824,-3.106558,-8.122367,-8.539207,4.610755E-10,4.610755E-10,-5.552549,-5.723141
'[17:34:26.108 21/01/2026]',-6.073824,-3.106558,-8.122367,-8.539207,4.610755E-10,4.610755E-10,-5.552549,-5.723141
'[17:34:26.116 21/01/2026]',6.505951,10.18739,9.255611,11.1657,4.610755E-10,4.610755E-10,6.442829,7.797116
'[17:34:26.124 21/01/2026]',6.505951,10.18739,9.255611,11.1657,4.610755E-10,4.610755E-10,6.442829,7.797116
'[17:34:26.132 21/01/2026]',3.84257,-1.289503,0.8367919,-0.008885773,4.610755E-10,4.610755E-10,-1.357779,-3.106907
'[17:34:26.140 21/01/2026]',-9.696654,-7.878258,-7.837738,-7.781098,4.610755E-10,4.610755E-10,-2.349487,-0.9564081
'[17:34:26.148 21/01/2026]',-9.696654,-7.878258,-7.837738,-7.781098,4.610755E-10,4.610755E-10,-2.349487,-0.9564081
'[17:34:26.156 21/01/2026]',-9.696654,-7.878258,-7.837738,-7.781098,4.610755E-10,4.610755E-10,-2.349487,-0.9564081
'[17:34:26.164 21/01/2026]',-9.696654,-7.878258,-7.837738,-7.781098,4.610755E-10,4.610755E-10,-2.349487,-0.9564081
'[17:34:26.172 21/01/2026]',6.282197,10.41043,4.067503,4.53203,4.610755E-10,4.610755E-10,1.959082,0.6210688
'[17:34:26.180 21/01/2026]',6.282197,10.41043,4.067503,4.53203,4.610755E-10,4.610755E-10,1.959082,0.6210688
'[17:34:26.188 21/01/2026]',-0.4211842,-3.896593,1.114475,2.385861,4.610755E-10,4.610755E-10,0.9500611,1.735675
'[17:34:26.196 21/01/2026]',-0.4211842,-3.896593,1.114475,2.385861,4.610755E-10,4.610755E-10,0.9500611,1.735675
'[17:34:26.204 21/01/2026]',-2.499474,-0.1924039,-2.32382,-2.20515,4.610755E-10,4.610755E-10,-2.118533,-1.18957
'[17:34:26.212 21/01/2026]',-0.2684222,-1.360615,-0.503177,-1.286221,4.610755E-10,4.610755E-10,-1.425396,-2.805648
'[17:34:26.220 21/01/2026]',-0.2684222,-1.360615,-0.503177,-1.286221,4.610755E-10,4.610755E-10,-1.425396,-2.805648
'[17:34:26.228 21/01/2026]',0.2030728,-5.454607,-1.277662,-3.262346,4.610755E-10,4.610755E-10,0.7420806,1.16952
'[17:34:26.236 21/01/2026]',0.2030728,-5.454607,-1.277662,-3.262346,4.610755E-10,4.610755E-10,0.7420806,1.16952
'[17:34:26.244 21/01/2026]',0.2030728,-5.454607,-1.277662,-3.262346,4.610755E-10,4.610755E-10,0.7420806,1.16952
'[17:34:26.252 21/01/2026]',1.326125,9.574924,3.051638,5.00745,4.610755E-10,4.610755E-10,0.2047127,-0.7548043
'[17:34:26.260 21/01/2026]',1.326125,9.574924,3.051638,5.00745,4.610755E-10,4.610755E-10,0.2047127,-0.7548043
'[17:34:26.268 21/01/2026]',-1.041566,0.05460279,-1.234177,0.5989799,4.610755E-10,4.610755E-10,-0.5260016,0.365594
'[17:34:26.276 21/01/2026]',-1.041566,0.05460279,-1.234177,0.5989799,4.610755E-10,4.610755E-10,-0.5260016,0.365594
'[17:34:26.284 21/01/2026]',-3.164643,-6.542171,-3.778201,-6.017449,4.610755E-10,4.610755E-10,-2.068699,-1.798302
'[17:34:26.292 21/01/2026]',-3.164643,-6.542171,-3.778201,-6.017449,4.610755E-10,4.610755E-10,-2.068699,-1.798302
'[17:34:26.300 21/01/2026]',5.079529,1.888123,5.54047,3.931404,4.610755E-10,4.610755E-10,4.294071,4.592198
'[17:34:26.308 21/01/2026]',-0.3243007,4.214334,-2.553983,0.6049559,4.610755E-10,4.610755E-10,-1.548848,-2.398616
'[17:34:26.316 21/01/2026]',-0.3243007,4.214334,-2.553983,0.6049559,4.610755E-10,4.610755E-10,-1.548848,-2.398616
'[17:34:26.324 21/01/2026]',-0.3243007,4.214334,-2.553983,0.6049559,4.610755E-10,4.610755E-10,-1.548848,-2.398616
'[17:34:26.332 21/01/2026]',-0.3243007,4.214334,-2.553983,0.6049559,4.610755E-10,4.610755E-10,-1.548848,-2.398616
'[17:34:26.340 21/01/2026]',-0.2642033,-0.8634548,3.344784,1.09328,4.610755E-10,4.610755E-10,1.814537,0.894619
'[17:34:26.348 21/01/2026]',-0.2642033,-0.8634548,3.344784,1.09328,4.610755E-10,4.610755E-10,1.814537,0.894619
'[17:34:26.356 21/01/2026]',-2.723241,-7.836382,-4.289732,-3.606903,4.610755E-10,4.610755E-10,-3.12911,-0.2032357
'[17:34:26.364 21/01/2026]',2.066963,7.335199,0.2464136,0.9858198,4.610755E-10,4.610755E-10,-0.2698922,-2.875464
'[17:34:26.372 21/01/2026]',0.370347,-3.215084,3.869603,2.635151,4.610755E-10,4.610755E-10,2.145173,3.066203
'[17:34:26.380 21/01/2026]',0.370347,-3.215084,3.869603,2.635151,4.610755E-10,4.610755E-10,2.145173,3.066203
'[17:34:26.388 21/01/2026]',0.370347,-3.215084,3.869603,2.635151,4.610755E-10,4.610755E-10,2.145173,3.066203
'[17:34:26.396 21/01/2026]',-0.4007855,-0.01044708,-2.460875,-0.600885,4.610755E-10,4.610755E-10,0.6577983,-0.03581771
'[17:34:26.404 21/01/2026]',-0.4007855,-0.01044708,-2.460875,-0.600885,4.610755E-10,4.610755E-10,0.6577983,-0.03581771
'[17:34:26.412 21/01/2026]',-3.100553,-2.713696,-1.664193,-4.70807,4.610755E-10,4.610755E-10,-3.448276,-2.295778
'[17:34:26.420 21/01/2026]',-3.100553,-2.713696,-1.664193,-4.70807,4.610755E-10,4.610755E-10,-3.448276,-2.295778
'[17:34:26.428 21/01/2026]',-3.100553,-2.713696,-1.664193,-4.70807,4.610755E-10,4.610755E-10,-3.448276,-2.295778
'[17:34:26.436 21/01/2026]',-3.100553,-2.713696,-1.664193,-4.70807,4.610755E-10,4.610755E-10,-3.448276,-2.295778
'[17:34:26.444 21/01/2026]',-3.100553,-2.713696,-1.664193,-4.70807,4.610755E-10,4.610755E-10,-3.448276,-2.295778
'[17:34:26.452 21/01/2026]',1.872159,1.782687,-1.29866,1.114637,4.610755E-10,4.610755E-10,0.4133061,-0.3102037
'[17:34:26.460 21/01/2026]',1.872159,1.782687,-1.29866,1.114637,4.610755E-10,4.610755E-10,0.4133061,-0.3102037
'[17:34:26.468 21/01/2026]',0.983536,0.8205888,3.388319,2.695075,4.610755E-10,4.610755E-10,0.7646525,0.9530374
'[17:34:26.476 21/01/2026]',-1.794785,1.330425,-1.453196,-1.427298,4.610755E-10,4.610755E-10,-0.8936968,-1.367798
'[17:34:26.484 21/01/2026]',-1.794785,1.330425,-1.453196,-1.427298,4.610755E-10,4.610755E-10,-0.8936968,-1.367798
'[17:34:26.492 21/01/2026]',-0.2505801,-1.250413,-1.331123,-0.6257929,4.610755E-10,4.610755E-10,1.996684,1.446772
'[17:34:26.500 21/01/2026]',-0.2505801,-1.250413,-1.331123,-0.6257929,4.610755E-10,4.610755E-10,1.996684,1.446772
'[17:34:26.508 21/01/2026]',-0.2505801,-1.250413,-1.331123,-0.6257929,4.610755E-10,4.610755E-10,1.996684,1.446772
'[17:34:26.516 21/01/2026]',-0.2505801,-1.250413,-1.331123,-0.6257929,4.610755E-10,4.610755E-10,1.996684,1.446772
'[17:34:26.524 21/01/2026]',-0.3889138,-1.101565,2.351716,1.302103,4.610755E-10,4.610755E-10,-2.911123,-0.6045104
'[17:34:26.532 21/01/2026]',1.956045,0.5659506,-3.361926,-2.029775,4.610755E-10,4.610755E-10,-1.622218,-4.20399
'[17:34:26.540 21/01/2026]',1.956045,0.5659506,-3.361926,-2.029775,4.610755E-10,4.610755E-10,-1.622218,-4.20399
'[17:34:26.548 21/01/2026]',-1.900884,2.608179,2.345414,0.8843524,4.610755E-10,4.610755E-10,3.798381,5.875485
'[17:34:26.556 21/01/2026]',-1.900884,2.608179,2.345414,0.8843524,4.610755E-10,4.610755E-10,3.798381,5.875485
'[17:34:26.564 21/01/2026]',-2.076495,-3.57053,-3.227346,-0.7233368,4.610755E-10,4.610755E-10,-1.105763,-3.430145
'[17:34:26.572 21/01/2026]',-2.076495,-3.57053,-3.227346,-0.7233368,4.610755E-10,4.610755E-10,-1.105763,-3.430145
'[17:34:26.580 21/01/2026]',-2.076495,-3.57053,-3.227346,-0.7233368,4.610755E-10,4.610755E-10,-1.105763,-3.430145
'[17:34:26.588 21/01/2026]',0.9254911,1.921307,1.055462,1.33957,4.610755E-10,4.610755E-10,-0.1531522,0.5672168
'[17:34:26.596 21/01/2026]',-0.4553759,-4.201598,-1.193119,-2.785691,4.610755E-10,4.610755E-10,-2.525584,-0.8232751
'[17:34:26.604 21/01/2026]',-0.4553759,-4.201598,-1.193119,-2.785691,4.610755E-10,4.610755E-10,-2.525584,-0.8232751
'[17:34:26.612 21/01/2026]',-0.4553759,-4.201598,-1.193119,-2.785691,4.610755E-10,4.610755E-10,-2.525584,-0.8232751
'[17:34:26.620 21/01/2026]',-0.2627182,2.225588,-2.430985,-1.968738,4.610755E-10,4.610755E-10,-0.100164,-1.670114
'[17:34:26.628 21/01/2026]',2.935468,6.039311,4.788424,7.831779,4.610755E-10,4.610755E-10,4.818192,5.9333
'[17:34:26.636 21/01/2026]',2.935468,6.039311,4.788424,7.831779,4.610755E-10,4.610755E-10,4.818192,5.9333
'[17:34:26.644 21/01/2026]',2.935468,6.039311,4.788424,7.831779,4.610755E-10,4.610755E-10,4.818192,5.9333
'[17:34:26.652 21/01/2026]',-4.023779,-9.569536,-3.764133,-6.695943,4.610755E-10,4.610755E-10,-3.883425,-6.145933
'[17:34:26.660 21/01/2026]',-4.023779,-9.569536,-3.764133,-6.695943,4.610755E-10,4.610755E-10,-3.883425,-6.145933
'[17:34:26.668 21/01/2026]',-4.023779,-9.569536,-3.764133,-6.695943,4.610755E-10,4.610755E-10,-3.883425,-6.145933
'[17:34:26.676 21/01/2026]',1.369716,3.57895,2.68718,2.580206,4.610755E-10,4.610755E-10,1.873457,3.687842
'[17:34:26.684 21/01/2026]',1.369716,3.57895,2.68718,2.580206,4.610755E-10,4.610755E-10,1.873457,3.687842
'[17:34:26.692 21/01/2026]',1.369716,3.57895,2.68718,2.580206,4.610755E-10,4.610755E-10,1.873457,3.687842
'[17:34:26.700 21/01/2026]',0.2024597,1.646145,-2.250012,-1.065927,4.610755E-10,4.610755E-10,-2.293344,-1.419148
'[17:34:26.708 21/01/2026]',1.362753,-0.5874664,2.535689,0.9765638,4.610755E-10,4.610755E-10,2.566176,1.29453
'[17:34:26.716 21/01/2026]',1.362753,-0.5874664,2.535689,0.9765638,4.610755E-10,4.610755E-10,2.566176,1.29453
'[17:34:26.724 21/01/2026]',-4.311775,-3.91475,-3.324705,-1.686924,4.610755E-10,4.610755E-10,-2.056371,-1.983581
'[17:34:26.732 21/01/2026]',3.381348,4.444564,2.975906,0.775254,4.610755E-10,4.610755E-10,0.1481182,0.6071908
'[17:34:26.740 21/01/2026]',3.381348,4.444564,2.975906,0.775254,4.610755E-10,4.610755E-10,0.1481182,0.6071908
'[17:34:26.748 21/01/2026]',3.381348,4.444564,2.975906,0.775254,4.610755E-10,4.610755E-10,0.1481182,0.6071908
'[17:34:26.756 21/01/2026]',-1.549045,-0.2756204,0.5749489,1.886974,4.610755E-10,4.610755E-10,-0.2580796,-0.3754683
'[17:34:26.764 21/01/2026]',-1.549045,-0.2756204,0.5749489,1.886974,4.610755E-10,4.610755E-10,-0.2580796,-0.3754683
'[17:34:26.772 21/01/2026]',-1.549045,-0.2756204,0.5749489,1.886974,4.610755E-10,4.610755E-10,-0.2580796,-0.3754683
'[17:34:26.780 21/01/2026]',-1.252863,-5.718419,-3.330119,-3.013692,4.610755E-10,4.610755E-10,0.6015702,1.053084
'[17:34:26.788 21/01/2026]',-1.252863,-5.718419,-3.330119,-3.013692,4.610755E-10,4.610755E-10,0.6015702,1.053084
'[17:34:26.796 21/01/2026]',1.021479,1.355709,1.317677,-1.532981,4.610755E-10,4.610755E-10,-0.4712054,-1.253895
'[17:34:26.804 21/01/2026]',-0.4224141,2.031778,2.044618,3.767254,4.610755E-10,4.610755E-10,0.3993623,-0.4997438
'[17:34:26.812 21/01/2026]',-0.4224141,2.031778,2.044618,3.767254,4.610755E-10,4.610755E-10,0.3993623,-0.4997438
'[17:34:26.820 21/01/2026]',0.5273855,0.60654,-3.028807,-0.9401852,4.610755E-10,4.610755E-10,-0.4747131,0.9613056
'[17:34:26.828 21/01/2026]',0.5273855,0.60654,-3.028807,-0.9401852,4.610755E-10,4.610755E-10,-0.4747131,0.9613056
'[17:34:26.836 21/01/2026]',0.5273855,0.60654,-3.028807,-0.9401852,4.610755E-10,4.610755E-10,-0.4747131,0.9613056
'[17:34:26.844 21/01/2026]',1.506219,-1.073021,1.698869,-1.39272,4.610755E-10,4.610755E-10,-0.06260808,0.319835
'[17:34:26.852 21/01/2026]',1.506219,-1.073021,1.698869,-1.39272,4.610755E-10,4.610755E-10,-0.06260808,0.319835
'[17:34:26.860 21/01/2026]',1.506219,-1.073021,1.698869,-1.39272,4.610755E-10,4.610755E-10,-0.06260808,0.319835
'[17:34:26.868 21/01/2026]',-0.7512891,1.236647,-0.6992809,2.65691,4.610755E-10,4.610755E-10,0.1171338,0.1483423
'[17:34:26.876 21/01/2026]',-0.7512891,1.236647,-0.6992809,2.65691,4.610755E-10,4.610755E-10,0.1171338,0.1483423
'[17:34:26.884 21/01/2026]',-0.7512891,1.236647,-0.6992809,2.65691,4.610755E-10,4.610755E-10,0.1171338,0.1483423
'[17:34:26.892 21/01/2026]',-0.03590414,-2.320596,2.128767,-1.072742,4.610755E-10,4.610755E-10,1.626239,-1.218296
'[17:34:26.900 21/01/2026]',-0.5880744,-2.173379,-3.088057,-2.270225,4.610755E-10,4.610755E-10,-2.6039,-1.275411
'[17:34:26.908 21/01/2026]',-0.2285701,1.619055,0.9662305,1.145684,4.610755E-10,4.610755E-10,0.5883766,3.225102
'[17:34:26.916 21/01/2026]',-0.2285701,1.619055,0.9662305,1.145684,4.610755E-10,4.610755E-10,0.5883766,3.225102
'[17:34:26.924 21/01/2026]',-0.2285701,1.619055,0.9662305,1.145684,4.610755E-10,4.610755E-10,0.5883766,3.225102
'[17:34:26.932 21/01/2026]',0.1754739,2.25423,0.08309984,1.461177,4.610755E-10,4.610755E-10,3.229511,-0.7887687
'[17:34:26.940 21/01/2026]',0.91672,-2.500475,2.303614,-0.21142,4.610755E-10,4.610755E-10,-2.8848,0.04673797
'[17:34:26.948 21/01/2026]',0.91672,-2.500475,2.303614,-0.21142,4.610755E-10,4.610755E-10,-2.8848,0.04673797
'[17:34:26.956 21/01/2026]',0.91672,-2.500475,2.303614,-0.21142,4.610755E-10,4.610755E-10,-2.8848,0.04673797
'[17:34:26.964 21/01/2026]',-0.04879151,0.006102526,-4.114026,-1.288002,4.610755E-10,4.610755E-10,-1.37656,-2.427528
'[17:34:26.972 21/01/2026]',-0.04879151,0.006102526,-4.114026,-1.288002,4.610755E-10,4.610755E-10,-1.37656,-2.427528
'[17:34:26.980 21/01/2026]',-0.04879151,0.006102526,-4.114026,-1.288002,4.610755E-10,4.610755E-10,-1.37656,-2.427528
'[17:34:26.988 21/01/2026]',-4.717702,0.7902054,0.05403122,-2.271062,4.610755E-10,4.610755E-10,2.128361,1.735582
'[17:34:26.996 21/01/2026]',-4.717702,0.7902054,0.05403122,-2.271062,4.610755E-10,4.610755E-10,2.128361,1.735582
'[17:34:27.004 21/01/2026]',5.029907,-1.175224,1.707449,2.638491,4.610755E-10,4.610755E-10,-0.8191121,-1.182334
'[17:34:27.012 21/01/2026]',-2.748368,1.194039,-1.418532,0.1896989,4.610755E-10,4.610755E-10,-0.1103377,0.9367124
'[17:34:27.020 21/01/2026]',-2.748368,1.194039,-1.418532,0.1896989,4.610755E-10,4.610755E-10,-0.1103377,0.9367124
'[17:34:27.028 21/01/2026]',-2.748368,1.194039,-1.418532,0.1896989,4.610755E-10,4.610755E-10,-0.1103377,0.9367124
'[17:34:27.036 21/01/2026]',-0.3103288,-2.004283,-0.1787513,-1.870295,4.610755E-10,4.610755E-10,0.2769042,-0.163432
'[17:34:27.044 21/01/2026]',-0.3103288,-2.004283,-0.1787513,-1.870295,4.610755E-10,4.610755E-10,0.2769042,-0.163432
'[17:34:27.052 21/01/2026]',0.8306812,-0.1914311,-0.4470229,0.7608315,4.610755E-10,4.610755E-10,-0.878711,-1.701977
'[17:34:27.060 21/01/2026]',0.8306812,-0.1914311,-0.4470229,0.7608315,4.610755E-10,4.610755E-10,-0.878711,-1.701977
'[17:34:27.068 21/01/2026]',-1.229571,1.337679,-0.2036456,0.8120108,4.610755E-10,4.610755E-10,2.164665,2.625912
'[17:34:27.076 21/01/2026]',1.357969,-3.239024,0.6433622,-1.669187,4.610755E-10,4.610755E-10,-2.36944,-1.413402
'[17:34:27.084 21/01/2026]',1.357969,-3.239024,0.6433622,-1.669187,4.610755E-10,4.610755E-10,-2.36944,-1.413402
'[17:34:27.092 21/01/2026]',-3.571746,0.6840456,-4.282026,-2.063694,4.610755E-10,4.610755E-10,0.48165,-0.5038214
'[17:34:27.100 21/01/2026]',-3.571746,0.6840456,-4.282026,-2.063694,4.610755E-10,4.610755E-10,0.48165,-0.5038214
'[17:34:27.108 21/01/2026]',-3.571746,0.6840456,-4.282026,-2.063694,4.610755E-10,4.610755E-10,0.48165,-0.5038214
'[17:34:27.116 21/01/2026]',7.372127,7.918797,9.431542,9.041219,4.610755E-10,4.610755E-10,4.463937,4.521132
'[17:34:27.124 21/01/2026]',7.372127,7.918797,9.431542,9.041219,4.610755E-10,4.610755E-10,4.463937,4.521132
'[17:34:27.132 21/01/2026]',-5.329066,-10.69785,-6.955356,-8.138682,4.610755E-10,4.610755E-10,-5.8754,-5.96309
'[17:34:27.140 21/01/2026]',-5.329066,-10.69785,-6.955356,-8.138682,4.610755E-10,4.610755E-10,-5.8754,-5.96309
'[17:34:27.148 21/01/2026]',-3.683696,1.677951,-2.377361,-1.242667,4.610755E-10,4.610755E-10,-1.789571,-0.1480552
'[17:34:27.156 21/01/2026]',-3.683696,1.677951,-2.377361,-1.242667,4.610755E-10,4.610755E-10,-1.789571,-0.1480552
'[17:34:27.164 21/01/2026]',6.784095,7.444747,7.743996,6.834208,4.610755E-10,4.610755E-10,8.677194,6.847062
'[17:34:27.172 21/01/2026]',6.784095,7.444747,7.743996,6.834208,4.610755E-10,4.610755E-10,8.677194,6.847062
'[17:34:27.180 21/01/2026]',6.784095,7.444747,7.743996,6.834208,4.610755E-10,4.610755E-10,8.677194,6.847062
'[17:34:27.188 21/01/2026]',-2.469535,-6.545748,-5.091043,-3.923684,4.610755E-10,4.610755E-10,-5.283774,-4.52221
'[17:34:27.196 21/01/2026]',-2.716558,-1.105275,-0.7953984,-1.920576,4.610755E-10,4.610755E-10,-1.62098,-2.251468
'[17:34:27.204 21/01/2026]',-2.716558,-1.105275,-0.7953984,-1.920576,4.610755E-10,4.610755E-10,-1.62098,-2.251468
'[17:34:27.212 21/01/2026]',-2.716558,-1.105275,-0.7953984,-1.920576,4.610755E-10,4.610755E-10,-1.62098,-2.251468
'[17:34:27.220 21/01/2026]',2.417928,6.568256,0.6998589,2.630164,4.610755E-10,4.610755E-10,3.465931,3.46405
'[17:34:27.228 21/01/2026]',2.806294,-3.206782,3.959121,1.853114,4.610755E-10,4.610755E-10,1.096766,0.6293499
'[17:34:27.236 21/01/2026]',-4.917436,2.673889,-6.439595,-3.570323,4.610755E-10,4.610755E-10,-4.979354,-3.922995
'[17:34:27.244 21/01/2026]',-4.917436,2.673889,-6.439595,-3.570323,4.610755E-10,4.610755E-10,-4.979354,-3.922995
'[17:34:27.252 21/01/2026]',3.184654,-4.163883,5.64036,1.735979,4.610755E-10,4.610755E-10,4.181257,2.740692
'[17:34:27.260 21/01/2026]',3.184654,-4.163883,5.64036,1.735979,4.610755E-10,4.610755E-10,4.181257,2.740692
'[17:34:27.268 21/01/2026]',-1.720002,1.02188,-2.460727,-0.991477,4.610755E-10,4.610755E-10,-2.86076,-2.279412
'[17:34:27.276 21/01/2026]',-1.720002,1.02188,-2.460727,-0.991477,4.610755E-10,4.610755E-10,-2.86076,-2.279412
'[17:34:27.284 21/01/2026]',-1.143855,1.894499,-1.41901,-0.4622316,4.610755E-10,4.610755E-10,0.3311729,0.4075114
'[17:34:27.292 21/01/2026]',-1.143855,1.894499,-1.41901,-0.4622316,4.610755E-10,4.610755E-10,0.3311729,0.4075114
'[17:34:27.300 21/01/2026]',1.636315,-5.392789,2.048921,-0.4659829,4.610755E-10,4.610755E-10,1.696317,1.793402
'[17:34:27.308 21/01/2026]',-0.1082657,6.234702,-1.224622,1.34581,4.610755E-10,4.610755E-10,-1.789466,-3.109496
'[17:34:27.316 21/01/2026]',-0.1082657,6.234702,-1.224622,1.34581,4.610755E-10,4.610755E-10,-1.789466,-3.109496
'[17:34:27.324 21/01/2026]',0.1115255,0.3711746,0.9945209,0.005134647,4.610755E-10,4.610755E-10,0.7639738,2.256582
'[17:34:27.332 21/01/2026]',-0.9247745,-5.38709,-0.1990197,-1.46981,4.610755E-10,4.610755E-10,-2.036684,-1.660665
'[17:34:27.340 21/01/2026]',-0.9247745,-5.38709,-0.1990197,-1.46981,4.610755E-10,4.610755E-10,-2.036684,-1.660665
'[17:34:27.348 21/01/2026]',-0.9247745,-5.38709,-0.1990197,-1.46981,4.610755E-10,4.610755E-10,-2.036684,-1.660665
'[17:34:27.356 21/01/2026]',-0.9247745,-5.38709,-0.1990197,-1.46981,4.610755E-10,4.610755E-10,-2.036684,-1.660665
'[17:34:27.364 21/01/2026]',-0.9247745,-5.38709,-0.1990197,-1.46981,4.610755E-10,4.610755E-10,-2.036684,-1.660665
'[17:34:27.372 21/01/2026]',-0.9247745,-5.38709,-0.1990197,-1.46981,4.610755E-10,4.610755E-10,-2.036684,-1.660665
'[17:34:27.380 21/01/2026]',-0.9376862,6.248322,-1.443101,0.6419417,4.610755E-10,4.610755E-10,0.279875,-0.01791927
'[17:34:27.388 21/01/2026]',-0.9376862,6.248322,-1.443101,0.6419417,4.610755E-10,4.610755E-10,0.279875,-0.01791927
'[17:34:27.396 21/01/2026]',2.727068,-0.8536541,2.359008,1.162701,4.610755E-10,4.610755E-10,3.206092,2.132216
'[17:34:27.404 21/01/2026]',-1.319064,1.106018,1.143565,1.121643,4.610755E-10,4.610755E-10,-0.7006978,0.2024626
'[17:34:27.412 21/01/2026]',2.434129,0.455909,-0.3016105,-0.6183507,4.610755E-10,4.610755E-10,-2.576191,-1.609941
'[17:34:27.420 21/01/2026]',2.434129,0.455909,-0.3016105,-0.6183507,4.610755E-10,4.610755E-10,-2.576191,-1.609941
'[17:34:27.428 21/01/2026]',2.434129,0.455909,-0.3016105,-0.6183507,4.610755E-10,4.610755E-10,-2.576191,-1.609941
'[17:34:27.436 21/01/2026]',-2.895822,-1.34297,-1.109105,-1.705335,4.610755E-10,4.610755E-10,2.610798,0.4420467
'[17:34:27.444 21/01/2026]',2.436495,3.671599,0.6608958,2.278081,4.610755E-10,4.610755E-10,-1.068401,0.6998807
'[17:34:27.452 21/01/2026]',2.436495,3.671599,0.6608958,2.278081,4.610755E-10,4.610755E-10,-1.068401,0.6998807
'[17:34:27.460 21/01/2026]',2.436495,3.671599,0.6608958,2.278081,4.610755E-10,4.610755E-10,-1.068401,0.6998807
'[17:34:27.468 21/01/2026]',-0.2283482,-3.011773,1.74105,0.07438111,4.610755E-10,4.610755E-10,-0.06522488,-1.573046
'[17:34:27.476 21/01/2026]',-0.2283482,-3.011773,1.74105,0.07438111,4.610755E-10,4.610755E-10,-0.06522488,-1.573046
'[17:34:27.484 21/01/2026]',-0.6701177,2.29067,-2.087043,-1.445142,4.610755E-10,4.610755E-10,0.4536203,1.426878
'[17:34:27.492 21/01/2026]',-0.6701177,2.29067,-2.087043,-1.445142,4.610755E-10,4.610755E-10,0.4536203,1.426878
'[17:34:27.500 21/01/2026]',-0.6701177,2.29067,-2.087043,-1.445142,4.610755E-10,4.610755E-10,0.4536203,1.426878
'[17:34:27.508 21/01/2026]',-0.3373601,-1.053183,-0.1835746,-0.3958054,4.610755E-10,4.610755E-10,-2.098476,-2.47298
'[17:34:27.516 21/01/2026]',-1.370682,-1.10826,-1.721185,-2.240276,4.610755E-10,4.610755E-10,-0.2830131,1.30006
'[17:34:27.524 21/01/2026]',-1.370682,-1.10826,-1.721185,-2.240276,4.610755E-10,4.610755E-10,-0.2830131,1.30006
'[17:34:27.532 21/01/2026]',-1.370682,-1.10826,-1.721185,-2.240276,4.610755E-10,4.610755E-10,-0.2830131,1.30006
'[17:34:27.540 21/01/2026]',3.834658,2.499122,4.460949,5.307972,4.610755E-10,4.610755E-10,2.347024,-0.5889025
'[17:34:27.548 21/01/2026]',3.834658,2.499122,4.460949,5.307972,4.610755E-10,4.610755E-10,2.347024,-0.5889025
'[17:34:27.556 21/01/2026]',3.834658,2.499122,4.460949,5.307972,4.610755E-10,4.610755E-10,2.347024,-0.5889025
'[17:34:27.564 21/01/2026]',3.834658,2.499122,4.460949,5.307972,4.610755E-10,4.610755E-10,2.347024,-0.5889025
'[17:34:27.572 21/01/2026]',3.834658,2.499122,4.460949,5.307972,4.610755E-10,4.610755E-10,2.347024,-0.5889025
'[17:34:27.580 21/01/2026]',-3.449869,0.1462307,-2.386085,-2.520077,4.610755E-10,4.610755E-10,-1.816086,-0.2699254
'[17:34:27.588 21/01/2026]',-0.6592352,-3.571728,0.7720166,-1.027777,4.610755E-10,4.610755E-10,2.776061,2.989177
'[17:34:27.596 21/01/2026]',3.565142,3.376717,3.676553,4.206039,4.610755E-10,4.610755E-10,0.7459517,-0.664422
'[17:34:27.604 21/01/2026]',3.565142,3.376717,3.676553,4.206039,4.610755E-10,4.610755E-10,0.7459517,-0.664422
'[17:34:27.612 21/01/2026]',-5.392534,-1.44004,-6.615814,-6.183439,4.610755E-10,4.610755E-10,-5.227916,-3.524691
'[17:34:27.620 21/01/2026]',3.571651,-0.1588602,5.103158,5.456234,4.610755E-10,4.610755E-10,3.616265,1.693635
'[17:34:27.628 21/01/2026]',3.571651,-0.1588602,5.103158,5.456234,4.610755E-10,4.610755E-10,3.616265,1.693635
'[17:34:27.636 21/01/2026]',2.46957,-0.8722268,2.592489,-0.3491189,4.610755E-10,4.610755E-10,1.75078,2.092954
'[17:34:27.644 21/01/2026]',2.46957,-0.8722268,2.592489,-0.3491189,4.610755E-10,4.610755E-10,1.75078,2.092954
'[17:34:27.652 21/01/2026]',-5.266001,-0.1856153,-7.329929,-4.181813,4.610755E-10,4.610755E-10,-4.845424,-3.748638
'[17:34:27.660 21/01/2026]',-5.266001,-0.1856153,-7.329929,-4.181813,4.610755E-10,4.610755E-10,-4.845424,-3.748638
'[17:34:27.668 21/01/2026]',-5.266001,-0.1856153,-7.329929,-4.181813,4.610755E-10,4.610755E-10,-4.845424,-3.748638
'[17:34:27.676 21/01/2026]',5.908508,1.946493,5.619439,5.11304,4.610755E-10,4.610755E-10,4.484738,4.0081
'[17:34:27.684 21/01/2026]',5.908508,1.946493,5.619439,5.11304,4.610755E-10,4.610755E-10,4.484738,4.0081
'[17:34:27.692 21/01/2026]',-3.908782,-1.575828,-2.587127,-2.187697,4.610755E-10,4.610755E-10,-1.347345,-1.042011
'[17:34:27.700 21/01/2026]',-3.908782,-1.575828,-2.587127,-2.187697,4.610755E-10,4.610755E-10,-1.347345,-1.042011
'[17:34:27.708 21/01/2026]',-3.908782,-1.575828,-2.587127,-2.187697,4.610755E-10,4.610755E-10,-1.347345,-1.042011
'[17:34:27.716 21/01/2026]',-3.908782,-1.575828,-2.587127,-2.187697,4.610755E-10,4.610755E-10,-1.347345,-1.042011
'[17:34:27.724 21/01/2026]',-3.908782,-1.575828,-2.587127,-2.187697,4.610755E-10,4.610755E-10,-1.347345,-1.042011
'[17:34:27.732 21/01/2026]',-0.02739365,-2.216185,0.4923846,-0.3138036,4.610755E-10,4.610755E-10,-1.795684,-2.763893
'[17:34:27.740 21/01/2026]',1.694895,2.506885,1.58719,-0.1298976,4.610755E-10,4.610755E-10,2.180254,2.595558
'[17:34:27.748 21/01/2026]',-0.5189628,1.635069,-0.7954491,1.456534,4.610755E-10,4.610755E-10,-0.9786659,-0.8897617
'[17:34:27.756 21/01/2026]',3.515658,-0.9166083,2.333392,2.472614,4.610755E-10,4.610755E-10,2.81566,1.346071
'[17:34:27.764 21/01/2026]',3.515658,-0.9166083,2.333392,2.472614,4.610755E-10,4.610755E-10,2.81566,1.346071
'[17:34:27.772 21/01/2026]',-8.685872,-4.024023,-7.066761,-7.580071,4.610755E-10,4.610755E-10,-7.341803,-6.133629
'[17:34:27.780 21/01/2026]',-8.685872,-4.024023,-7.066761,-7.580071,4.610755E-10,4.610755E-10,-7.341803,-6.133629
'[17:34:27.788 21/01/2026]',-8.685872,-4.024023,-7.066761,-7.580071,4.610755E-10,4.610755E-10,-7.341803,-6.133629
'[17:34:27.796 21/01/2026]',5.981118,3.028105,6.26718,6.094748,4.610755E-10,4.610755E-10,6.10641,6.589007
'[17:34:27.804 21/01/2026]',5.981118,3.028105,6.26718,6.094748,4.610755E-10,4.610755E-10,6.10641,6.589007
'[17:34:27.812 21/01/2026]',-13.13872,-8.373489,-8.543969,-8.210962,4.610755E-10,4.610755E-10,-3.178504,-4.25152
'[17:34:27.820 21/01/2026]',-13.13872,-8.373489,-8.543969,-8.210962,4.610755E-10,4.610755E-10,-3.178504,-4.25152
'[17:34:27.828 21/01/2026]',-13.13872,-8.373489,-8.543969,-8.210962,4.610755E-10,4.610755E-10,-3.178504,-4.25152
'[17:34:27.836 21/01/2026]',-37.62569,-28.68794,-12.90784,-10.65673,4.610755E-10,4.610755E-10,0.3611523,0.9342424
'[17:34:27.844 21/01/2026]',52.89305,25.1634,18.55387,13.5189,4.610755E-10,4.610755E-10,-2.473723,-2.747059
'[17:34:27.852 21/01/2026]',52.89305,25.1634,18.55387,13.5189,4.610755E-10,4.610755E-10,-2.473723,-2.747059
'[17:34:27.860 21/01/2026]',52.89305,25.1634,18.55387,13.5189,4.610755E-10,4.610755E-10,-2.473723,-2.747059
'[17:34:27.868 21/01/2026]',43.92764,58.31399,21.55532,24.89573,4.610755E-10,4.610755E-10,6.592582,8.268982
'[17:34:27.876 21/01/2026]',-44.08081,-40.0774,-17.6209,-17.3253,4.610755E-10,4.610755E-10,-1.619462,-4.020188
'[17:34:27.884 21/01/2026]',-44.08081,-40.0774,-17.6209,-17.3253,4.610755E-10,4.610755E-10,-1.619462,-4.020188
'[17:34:27.892 21/01/2026]',-44.08081,-40.0774,-17.6209,-17.3253,4.610755E-10,4.610755E-10,-1.619462,-4.020188
'[17:34:27.900 21/01/2026]',-44.08081,-40.0774,-17.6209,-17.3253,4.610755E-10,4.610755E-10,-1.619462,-4.020188
'[17:34:27.908 21/01/2026]',-14.78112,-20.11966,-5.371254,-9.069407,4.610755E-10,4.610755E-10,0.6077251,0.5061962
'[17:34:27.916 21/01/2026]',18.37647,19.10942,5.079885,8.596409,4.610755E-10,4.610755E-10,-1.801868,0.3953997
'[17:34:27.924 21/01/2026]',1.077663,0.7615185,1.153389,0.03333368,4.610755E-10,4.610755E-10,-1.078582,-4.29857
'[17:34:27.932 21/01/2026]',1.077663,0.7615185,1.153389,0.03333368,4.610755E-10,4.610755E-10,-1.078582,-4.29857
'[17:34:27.940 21/01/2026]',1.077663,0.7615185,1.153389,0.03333368,4.610755E-10,4.610755E-10,-1.078582,-4.29857
'[17:34:27.948 21/01/2026]',-11.81048,-8.279047,-3.951235,-3.192703,4.610755E-10,4.610755E-10,2.971383,4.722411
'[17:34:27.956 21/01/2026]',-2.584275,-5.256426,-4.218953,-6.020827,4.610755E-10,4.610755E-10,-5.921715,-2.376156
'[17:34:27.964 21/01/2026]',-2.584275,-5.256426,-4.218953,-6.020827,4.610755E-10,4.610755E-10,-5.921715,-2.376156
'[17:34:27.972 21/01/2026]',-2.584275,-5.256426,-4.218953,-6.020827,4.610755E-10,4.610755E-10,-5.921715,-2.376156
'[17:34:27.980 21/01/2026]',9.764601,6.90969,6.603973,6.384875,4.610755E-10,4.610755E-10,2.931235,-2.912788
'[17:34:27.988 21/01/2026]',9.764601,6.90969,6.603973,6.384875,4.610755E-10,4.610755E-10,2.931235,-2.912788
'[17:34:27.996 21/01/2026]',9.764601,6.90969,6.603973,6.384875,4.610755E-10,4.610755E-10,2.931235,-2.912788
'[17:34:28.004 21/01/2026]',-2.234927,0.5337202,-1.845988,1.467797,4.610755E-10,4.610755E-10,0.2671894,3.006565
'[17:34:28.012 21/01/2026]',-4.615683,-3.076534,-2.70428,-5.087,4.610755E-10,4.610755E-10,0.4569173,0.8214115
'[17:34:28.020 21/01/2026]',-4.615683,-3.076534,-2.70428,-5.087,4.610755E-10,4.610755E-10,0.4569173,0.8214115
'[17:34:28.028 21/01/2026]',4.924712,-0.5574524,4.437751,2.926091,4.610755E-10,4.610755E-10,0.2340466,-1.391279
'[17:34:28.036 21/01/2026]',4.924712,-0.5574524,4.437751,2.926091,4.610755E-10,4.610755E-10,0.2340466,-1.391279
'[17:34:28.044 21/01/2026]',-1.250807,2.714817,-0.03032222,1.304408,4.610755E-10,4.610755E-10,-1.642905,-0.4738169
'[17:34:28.052 21/01/2026]',-1.250807,2.714817,-0.03032222,1.304408,4.610755E-10,4.610755E-10,-1.642905,-0.4738169
'[17:34:28.060 21/01/2026]',-1.250807,2.714817,-0.03032222,1.304408,4.610755E-10,4.610755E-10,-1.642905,-0.4738169
'[17:34:28.068 21/01/2026]',-1.250807,2.714817,-0.03032222,1.304408,4.610755E-10,4.610755E-10,-1.642905,-0.4738169
'[17:34:28.076 21/01/2026]',-3.38741,-3.342489,-4.856042,-4.849469,4.610755E-10,4.610755E-10,0.6474857,0.7850078
'[17:34:28.084 21/01/2026]',-3.38741,-3.342489,-4.856042,-4.849469,4.610755E-10,4.610755E-10,0.6474857,0.7850078
'[17:34:28.092 21/01/2026]',3.35728,1.27784,4.70159,3.729872,4.610755E-10,4.610755E-10,1.81698,1.451091
'[17:34:28.100 21/01/2026]',0.4623125,1.240658,0.415572,1.036732,4.610755E-10,4.610755E-10,-2.122725,-1.974599
'[17:34:28.108 21/01/2026]',0.4623125,1.240658,0.415572,1.036732,4.610755E-10,4.610755E-10,-2.122725,-1.974599
'[17:34:28.116 21/01/2026]',-3.375145,-1.462021,-4.171083,-4.999172,4.610755E-10,4.610755E-10,-2.550601,-2.540863
'[17:34:28.124 21/01/2026]',0.5611695,-1.479173,2.872674,2.743033,4.610755E-10,4.610755E-10,4.659715,4.435194
'[17:34:28.132 21/01/2026]',0.5611695,-1.479173,2.872674,2.743033,4.610755E-10,4.610755E-10,4.659715,4.435194
'[17:34:28.140 21/01/2026]',0.6530542,0.05976718,-1.488341,-0.9026861,4.610755E-10,4.610755E-10,-2.527028,-2.870408
'[17:34:28.148 21/01/2026]',0.6530542,0.05976718,-1.488341,-0.9026861,4.610755E-10,4.610755E-10,-2.527028,-2.870408
'[17:34:28.156 21/01/2026]',0.6530542,0.05976718,-1.488341,-0.9026861,4.610755E-10,4.610755E-10,-2.527028,-2.870408
'[17:34:28.164 21/01/2026]',2.286402,5.814502,3.296855,3.993912,4.610755E-10,4.610755E-10,3.168579,2.986463
'[17:34:28.172 21/01/2026]',-4.438542,-4.99208,-2.992114,-4.990959,4.610755E-10,4.610755E-10,-4.753858,-2.401118
'[17:34:28.180 21/01/2026]',-4.438542,-4.99208,-2.992114,-4.990959,4.610755E-10,4.610755E-10,-4.753858,-2.401118
'[17:34:28.188 21/01/2026]',2.912731,-2.023517,0.8166696,2.212735,4.610755E-10,4.610755E-10,3.129752,0.597753
'[17:34:28.196 21/01/2026]',2.912731,-2.023517,0.8166696,2.212735,4.610755E-10,4.610755E-10,3.129752,0.597753
'[17:34:28.204 21/01/2026]',2.912731,-2.023517,0.8166696,2.212735,4.610755E-10,4.610755E-10,3.129752,0.597753
'[17:34:28.212 21/01/2026]',-0.6718205,3.463912,1.466652,0.4560546,4.610755E-10,4.610755E-10,-2.040525,-1.638136
'[17:34:28.220 21/01/2026]',-2.589866,-4.442644,-4.043168,-3.52776,4.610755E-10,4.610755E-10,-0.3987439,0.8006691
'[17:34:28.228 21/01/2026]',-2.589866,-4.442644,-4.043168,-3.52776,4.610755E-10,4.610755E-10,-0.3987439,0.8006691
'[17:34:28.236 21/01/2026]',-2.589866,-4.442644,-4.043168,-3.52776,4.610755E-10,4.610755E-10,-0.3987439,0.8006691
'[17:34:28.244 21/01/2026]',3.379233,2.742867,4.443869,3.309372,4.610755E-10,4.610755E-10,1.298713,0.8854815
'[17:34:28.252 21/01/2026]',3.379233,2.742867,4.443869,3.309372,4.610755E-10,4.610755E-10,1.298713,0.8854815
'[17:34:28.260 21/01/2026]',-1.393936,-1.381887,-1.510743,-0.6154056,4.610755E-10,4.610755E-10,0.7874011,-0.3049987
'[17:34:28.268 21/01/2026]',-1.393936,-1.381887,-1.510743,-0.6154056,4.610755E-10,4.610755E-10,0.7874011,-0.3049987
'[17:34:28.276 21/01/2026]',-1.393936,-1.381887,-1.510743,-0.6154056,4.610755E-10,4.610755E-10,0.7874011,-0.3049987
'[17:34:28.284 21/01/2026]',-0.3949224,-0.4310132,-1.390164,-0.410585,4.610755E-10,4.610755E-10,-2.275318,-3.158481
'[17:34:28.292 21/01/2026]',-2.093151,-2.565477,-0.7800987,-2.313394,4.610755E-10,4.610755E-10,-1.607119,0.7854467
'[17:34:28.300 21/01/2026]',-2.093151,-2.565477,-0.7800987,-2.313394,4.610755E-10,4.610755E-10,-1.607119,0.7854467
'[17:34:28.308 21/01/2026]',-2.093151,-2.565477,-0.7800987,-2.313394,4.610755E-10,4.610755E-10,-1.607119,0.7854467
'[17:34:28.316 21/01/2026]',0.5634167,2.40287,-0.3452955,0.005017772,4.610755E-10,4.610755E-10,3.293729,2.543598
'[17:34:28.324 21/01/2026]',0.5634167,2.40287,-0.3452955,0.005017772,4.610755E-10,4.610755E-10,3.293729,2.543598
'[17:34:28.332 21/01/2026]',-2.143844,0.002020178,-1.771086,-0.3492775,4.610755E-10,4.610755E-10,-3.653231,-4.275012
'[17:34:28.340 21/01/2026]',-2.143844,0.002020178,-1.771086,-0.3492775,4.610755E-10,4.610755E-10,-3.653231,-4.275012
'[17:34:28.348 21/01/2026]',2.856896,-2.088813,4.7524,1.913648,4.610755E-10,4.610755E-10,1.207033,2.082061
'[17:34:28.356 21/01/2026]',2.856896,-2.088813,4.7524,1.913648,4.610755E-10,4.610755E-10,1.207033,2.082061
'[17:34:28.364 21/01/2026]',2.856896,-2.088813,4.7524,1.913648,4.610755E-10,4.610755E-10,1.207033,2.082061
'[17:34:28.372 21/01/2026]',2.856896,-2.088813,4.7524,1.913648,4.610755E-10,4.610755E-10,1.207033,2.082061
'[17:34:28.380 21/01/2026]',-2.217665,1.852501,-5.865291,-2.751892,4.610755E-10,4.610755E-10,1.007171,-0.005099429
'[17:34:28.388 21/01/2026]',2.268663,4.990712,6.303067,4.295094,4.610755E-10,4.610755E-10,0.2578672,0.5625059
'[17:34:28.396 21/01/2026]',2.268663,4.990712,6.303067,4.295094,4.610755E-10,4.610755E-10,0.2578672,0.5625059
'[17:34:28.404 21/01/2026]',2.268663,4.990712,6.303067,4.295094,4.610755E-10,4.610755E-10,0.2578672,0.5625059
'[17:34:28.412 21/01/2026]',2.268663,4.990712,6.303067,4.295094,4.610755E-10,4.610755E-10,0.2578672,0.5625059
'[17:34:28.420 21/01/2026]',0.4304703,-3.514629,-2.508246,-1.438355,4.610755E-10,4.610755E-10,-0.07771204,1.058131
'[17:34:28.428 21/01/2026]',-1.12976,-0.9148703,-0.9700854,-1.169677,4.610755E-10,4.610755E-10,-0.4626041,-1.747934
'[17:34:28.436 21/01/2026]',-1.12976,-0.9148703,-0.9700854,-1.169677,4.610755E-10,4.610755E-10,-0.4626041,-1.747934
'[17:34:28.444 21/01/2026]',-2.441952,-2.533275,-1.950287,-3.356756,4.610755E-10,4.610755E-10,-2.493493,-1.411026
'[17:34:28.452 21/01/2026]',-2.441952,-2.533275,-1.950287,-3.356756,4.610755E-10,4.610755E-10,-2.493493,-1.411026
'[17:34:28.460 21/01/2026]',2.331962,2.769994,2.252032,4.32266,4.610755E-10,4.610755E-10,4.588036,3.394883
'[17:34:28.468 21/01/2026]',2.331962,2.769994,2.252032,4.32266,4.610755E-10,4.610755E-10,4.588036,3.394883
'[17:34:28.476 21/01/2026]',2.331962,2.769994,2.252032,4.32266,4.610755E-10,4.610755E-10,4.588036,3.394883
'[17:34:28.484 21/01/2026]',2.331962,2.769994,2.252032,4.32266,4.610755E-10,4.610755E-10,4.588036,3.394883
'[17:34:28.492 21/01/2026]',5.308478,3.566258,4.858682,3.391662,4.610755E-10,4.610755E-10,-1.768163,-1.255404
'[17:34:28.500 21/01/2026]',-4.481706,-3.445575,-5.347184,-5.382418,4.610755E-10,4.610755E-10,-2.820712,-2.0486
'[17:34:28.508 21/01/2026]',-4.322678,-2.192329,-3.731839,-2.053493,4.610755E-10,4.610755E-10,2.125076,2.423731
'[17:34:28.516 21/01/2026]',-4.322678,-2.192329,-3.731839,-2.053493,4.610755E-10,4.610755E-10,2.125076,2.423731
'[17:34:28.524 21/01/2026]',8.173773,4.727997,9.463915,8.556067,4.610755E-10,4.610755E-10,2.80728,0.01383733
'[17:34:28.532 21/01/2026]',8.173773,4.727997,9.463915,8.556067,4.610755E-10,4.610755E-10,2.80728,0.01383733
'[17:34:28.540 21/01/2026]',8.173773,4.727997,9.463915,8.556067,4.610755E-10,4.610755E-10,2.80728,0.01383733
'[17:34:28.548 21/01/2026]',-1.445291,0.4296359,-2.38044,-3.954217,4.610755E-10,4.610755E-10,-3.383723,-0.4977667
'[17:34:28.556 21/01/2026]',-1.445291,0.4296359,-2.38044,-3.954217,4.610755E-10,4.610755E-10,-3.383723,-0.4977667
'[17:34:28.564 21/01/2026]',-2.900701,-6.456909,-4.627054,-1.631658,4.610755E-10,4.610755E-10,0.7340276,0.5591395
'[17:34:28.572 21/01/2026]',-2.900701,-6.456909,-4.627054,-1.631658,4.610755E-10,4.610755E-10,0.7340276,0.5591395
'[17:34:28.580 21/01/2026]',-2.900701,-6.456909,-4.627054,-1.631658,4.610755E-10,4.610755E-10,0.7340276,0.5591395
'[17:34:28.588 21/01/2026]',1.36703,3.727688,3.419654,1.661054,4.610755E-10,4.610755E-10,0.9238612,-0.9236762
'[17:34:28.596 21/01/2026]',1.36703,3.727688,3.419654,1.661054,4.610755E-10,4.610755E-10,0.9238612,-0.9236762
'[17:34:28.604 21/01/2026]',1.36703,3.727688,3.419654,1.661054,4.610755E-10,4.610755E-10,0.9238612,-0.9236762
'[17:34:28.612 21/01/2026]',-0.0311401,-0.440376,1.480499,-0.4796388,4.610755E-10,4.610755E-10,-1.039166,0.6158941
'[17:34:28.620 21/01/2026]',0.4677812,-1.596434,-3.161618,-1.257526,4.610755E-10,4.610755E-10,-2.032799,-1.92426
'[17:34:28.628 21/01/2026]',-1.584567,-0.598013,1.30014,1.4303,4.610755E-10,4.610755E-10,3.161836,1.823323
'[17:34:28.636 21/01/2026]',-1.584567,-0.598013,1.30014,1.4303,4.610755E-10,4.610755E-10,3.161836,1.823323
'[17:34:28.644 21/01/2026]',-1.584567,-0.598013,1.30014,1.4303,4.610755E-10,4.610755E-10,3.161836,1.823323
'[17:34:28.652 21/01/2026]',1.600678,1.289828,1.882356,1.02597,4.610755E-10,4.610755E-10,0.05786305,0.3359849
'[17:34:28.660 21/01/2026]',1.600678,1.289828,1.882356,1.02597,4.610755E-10,4.610755E-10,0.05786305,0.3359849
'[17:34:28.668 21/01/2026]',-0.4871738,-2.291726,-2.921712,-1.795731,4.610755E-10,4.610755E-10,-2.523367,-2.1209
'[17:34:28.676 21/01/2026]',-0.4871738,-2.291726,-2.921712,-1.795731,4.610755E-10,4.610755E-10,-2.523367,-2.1209
'[17:34:28.684 21/01/2026]',0.9660361,3.569741,2.630553,1.587733,4.610755E-10,4.610755E-10,0.8859144,1.824823
'[17:34:28.692 21/01/2026]',0.9660361,3.569741,2.630553,1.587733,4.610755E-10,4.610755E-10,0.8859144,1.824823
'[17:34:28.700 21/01/2026]',-5.326078,-6.506964,-3.801827,-4.561497,4.610755E-10,4.610755E-10,-2.666944,-4.047071
'[17:34:28.708 21/01/2026]',-5.326078,-6.506964,-3.801827,-4.561497,4.610755E-10,4.610755E-10,-2.666944,-4.047071
'[17:34:28.716 21/01/2026]',5.835747,4.522584,4.298367,4.268122,4.610755E-10,4.610755E-10,3.408636,4.032148
'[17:34:28.724 21/01/2026]',5.835747,4.522584,4.298367,4.268122,4.610755E-10,4.610755E-10,3.408636,4.032148
'[17:34:28.732 21/01/2026]',5.835747,4.522584,4.298367,4.268122,4.610755E-10,4.610755E-10,3.408636,4.032148
'[17:34:28.740 21/01/2026]',-3.424545,-2.027268,-1.262509,-1.145895,4.610755E-10,4.610755E-10,-0.779574,-2.024068
'[17:34:28.748 21/01/2026]',-2.26535,-1.07041,-3.970496,-2.521364,4.610755E-10,4.610755E-10,-0.9458914,0.02897737
'[17:34:28.756 21/01/2026]',-2.26535,-1.07041,-3.970496,-2.521364,4.610755E-10,4.610755E-10,-0.9458914,0.02897737
'[17:34:28.764 21/01/2026]',-2.26535,-1.07041,-3.970496,-2.521364,4.610755E-10,4.610755E-10,-0.9458914,0.02897737
'[17:34:28.772 21/01/2026]',-2.26535,-1.07041,-3.970496,-2.521364,4.610755E-10,4.610755E-10,-0.9458914,0.02897737
'[17:34:28.780 21/01/2026]',-2.26535,-1.07041,-3.970496,-2.521364,4.610755E-10,4.610755E-10,-0.9458914,0.02897737
'[17:34:28.788 21/01/2026]',2.176843,2.643641,3.149931,1.640692,4.610755E-10,4.610755E-10,0.03922535,-0.6372507
'[17:34:28.796 21/01/2026]',2.176843,2.643641,3.149931,1.640692,4.610755E-10,4.610755E-10,0.03922535,-0.6372507
'[17:34:28.804 21/01/2026]',1.228021,-2.753033,1.827738,2.252763,4.610755E-10,4.610755E-10,2.382796,2.97585
'[17:34:28.812 21/01/2026]',-2.315818,0.8179079,-3.047496,-3.835413,4.610755E-10,4.610755E-10,-4.377045,-4.178156
'[17:34:28.820 21/01/2026]',0.6565365,-1.135721,0.03287064,0.2827115,4.610755E-10,4.610755E-10,3.661267,2.487677
'[17:34:28.828 21/01/2026]',0.6565365,-1.135721,0.03287064,0.2827115,4.610755E-10,4.610755E-10,3.661267,2.487677
'[17:34:28.836 21/01/2026]',-0.02403895,0.8978401,1.642918,2.569512,4.610755E-10,4.610755E-10,-2.151613,-1.491194
'[17:34:28.844 21/01/2026]',-0.02403895,0.8978401,1.642918,2.569512,4.610755E-10,4.610755E-10,-2.151613,-1.491194
'[17:34:28.852 21/01/2026]',-0.02403895,0.8978401,1.642918,2.569512,4.610755E-10,4.610755E-10,-2.151613,-1.491194
'[17:34:28.860 21/01/2026]',0.8717237,-0.9434263,-1.453566,-3.319083,4.610755E-10,4.610755E-10,-1.365931,0.133058
'[17:34:28.868 21/01/2026]',0.8717237,-0.9434263,-1.453566,-3.319083,4.610755E-10,4.610755E-10,-1.365931,0.133058
'[17:34:28.876 21/01/2026]',-3.007322,1.20805,-1.681481,0.2767234,4.610755E-10,4.610755E-10,2.388947,1.096194
'[17:34:28.884 21/01/2026]',1.00577,-4.691272,1.534542,0.3091742,4.610755E-10,4.610755E-10,-1.164813,-1.98451
'[17:34:28.892 21/01/2026]',1.00577,-4.691272,1.534542,0.3091742,4.610755E-10,4.610755E-10,-1.164813,-1.98451
'[17:34:28.900 21/01/2026]',1.599198,4.053125,-0.01079927,0.2080508,4.610755E-10,4.610755E-10,-2.172853,-0.5944225
'[17:34:28.908 21/01/2026]',1.599198,4.053125,-0.01079927,0.2080508,4.610755E-10,4.610755E-10,-2.172853,-0.5944225
'[17:34:28.916 21/01/2026]',-1.154126,1.190876,-0.5536473,0.1268399,4.610755E-10,4.610755E-10,2.696598,3.62599
'[17:34:28.924 21/01/2026]',-1.154126,1.190876,-0.5536473,0.1268399,4.610755E-10,4.610755E-10,2.696598,3.62599
'[17:34:28.932 21/01/2026]',-1.154126,1.190876,-0.5536473,0.1268399,4.610755E-10,4.610755E-10,2.696598,3.62599
'[17:34:28.940 21/01/2026]',-1.154126,1.190876,-0.5536473,0.1268399,4.610755E-10,4.610755E-10,2.696598,3.62599
'[17:34:28.948 21/01/2026]',-1.154126,1.190876,-0.5536473,0.1268399,4.610755E-10,4.610755E-10,2.696598,3.62599
'[17:34:28.956 21/01/2026]',-2.514213,-3.933715,-3.306547,-2.400559,4.610755E-10,4.610755E-10,-0.895794,-3.399158
'[17:34:28.964 21/01/2026]',3.413344,-0.8788688,4.571006,1.553167,4.610755E-10,4.610755E-10,-2.516499,-2.031721
'[17:34:28.972 21/01/2026]',3.413344,-0.8788688,4.571006,1.553167,4.610755E-10,4.610755E-10,-2.516499,-2.031721
'[17:34:28.980 21/01/2026]',1.938996,6.427865,1.187386,2.788575,4.610755E-10,4.610755E-10,5.781188,7.301116
'[17:34:28.988 21/01/2026]',-5.54045,-6.924022,-6.119679,-5.897257,4.610755E-10,4.610755E-10,-5.247664,-6.700305
'[17:34:28.996 21/01/2026]',-5.54045,-6.924022,-6.119679,-5.897257,4.610755E-10,4.610755E-10,-5.247664,-6.700305
'[17:34:29.004 21/01/2026]',-5.54045,-6.924022,-6.119679,-5.897257,4.610755E-10,4.610755E-10,-5.247664,-6.700305
'[17:34:29.012 21/01/2026]',3.531859,4.605072,4.877597,3.744843,4.610755E-10,4.610755E-10,1.595707,2.180358
'[17:34:29.020 21/01/2026]',3.531859,4.605072,4.877597,3.744843,4.610755E-10,4.610755E-10,1.595707,2.180358
'[17:34:29.028 21/01/2026]',-0.9041532,-3.989191,-0.6307454,-0.1459952,4.610755E-10,4.610755E-10,2.08452,1.360435
'[17:34:29.036 21/01/2026]',-0.9041532,-3.989191,-0.6307454,-0.1459952,4.610755E-10,4.610755E-10,2.08452,1.360435
'[17:34:29.044 21/01/2026]',1.662141,1.109557,1.096263,0.2776881,4.610755E-10,4.610755E-10,-1.999864,-1.496857
'[17:34:29.052 21/01/2026]',-1.969798,0.6006512,-3.242755,-0.8270153,4.610755E-10,4.610755E-10,1.41261,0.9737843
'[17:34:29.060 21/01/2026]',-1.969798,0.6006512,-3.242755,-0.8270153,4.610755E-10,4.610755E-10,1.41261,0.9737843
'[17:34:29.068 21/01/2026]',-1.969798,0.6006512,-3.242755,-0.8270153,4.610755E-10,4.610755E-10,1.41261,0.9737843
'[17:34:29.076 21/01/2026]',-1.969798,0.6006512,-3.242755,-0.8270153,4.610755E-10,4.610755E-10,1.41261,0.9737843
'[17:34:29.084 21/01/2026]',2.394058,1.29753,4.671077,1.059703,4.610755E-10,4.610755E-10,-1.495481,-0.807569
'[17:34:29.092 21/01/2026]',-2.529088,-3.752723,-5.043155,-2.181655,4.610755E-10,4.610755E-10,-0.6046308,-0.7622976
'[17:34:29.100 21/01/2026]',-2.529088,-3.752723,-5.043155,-2.181655,4.610755E-10,4.610755E-10,-0.6046308,-0.7622976
'[17:34:29.108 21/01/2026]',-2.529088,-3.752723,-5.043155,-2.181655,4.610755E-10,4.610755E-10,-0.6046308,-0.7622976
'[17:34:29.116 21/01/2026]',-0.3383879,0.6976187,2.572091,1.218674,4.610755E-10,4.610755E-10,2.902508,2.811438
'[17:34:29.124 21/01/2026]',-0.3383879,0.6976187,2.572091,1.218674,4.610755E-10,4.610755E-10,2.902508,2.811438
'[17:34:29.132 21/01/2026]',0.8408995,2.80349,-0.0189022,0.2465987,4.610755E-10,4.610755E-10,-4.084612,-4.102005
'[17:34:29.140 21/01/2026]',0.2105845,-0.4545816,-1.10769,-0.1198516,4.610755E-10,4.610755E-10,4.234345,3.489811
'[17:34:29.148 21/01/2026]',0.2105845,-0.4545816,-1.10769,-0.1198516,4.610755E-10,4.610755E-10,4.234345,3.489811
'[17:34:29.156 21/01/2026]',-0.6029396,-2.583392,2.748199,-0.8216318,4.610755E-10,4.610755E-10,-2.3518,-1.065941
'[17:34:29.164 21/01/2026]',-0.6029396,-2.583392,2.748199,-0.8216318,4.610755E-10,4.610755E-10,-2.3518,-1.065941
'[17:34:29.172 21/01/2026]',3.535029,2.859075,0.1828584,3.345895,4.610755E-10,4.610755E-10,2.36246,1.67545
'[17:34:29.180 21/01/2026]',3.535029,2.859075,0.1828584,3.345895,4.610755E-10,4.610755E-10,2.36246,1.67545
'[17:34:29.188 21/01/2026]',-3.88172,0.8037936,-1.645595,-2.88917,4.610755E-10,4.610755E-10,-2.260427,-2.261089
'[17:34:29.196 21/01/2026]',-3.88172,0.8037936,-1.645595,-2.88917,4.610755E-10,4.610755E-10,-2.260427,-2.261089
'[17:34:29.204 21/01/2026]',-3.88172,0.8037936,-1.645595,-2.88917,4.610755E-10,4.610755E-10,-2.260427,-2.261089
'[17:34:29.212 21/01/2026]',1.520602,-2.313229,2.457073,0.533342,4.610755E-10,4.610755E-10,-0.4689946,-0.02241593
'[17:34:29.220 21/01/2026]',1.520602,-2.313229,2.457073,0.533342,4.610755E-10,4.610755E-10,-0.4689946,-0.02241593
'[17:34:29.228 21/01/2026]',0.1863587,0.2071064,-0.6628756,0.3248307,4.610755E-10,4.610755E-10,1.446901,1.057
'[17:34:29.236 21/01/2026]',0.1863587,0.2071064,-0.6628756,0.3248307,4.610755E-10,4.610755E-10,1.446901,1.057
'[17:34:29.244 21/01/2026]',-1.461737,-0.6931716,-1.084528,0.7179509,4.610755E-10,4.610755E-10,1.856826,2.248472
'[17:34:29.252 21/01/2026]',-1.461737,-0.6931716,-1.084528,0.7179509,4.610755E-10,4.610755E-10,1.856826,2.248472
'[17:34:29.260 21/01/2026]',1.181207,2.120841,-0.06998242,-2.634376,4.610755E-10,4.610755E-10,-4.985897,-3.723113
'[17:34:29.268 21/01/2026]',1.181207,2.120841,-0.06998242,-2.634376,4.610755E-10,4.610755E-10,-4.985897,-3.723113
'[17:34:29.276 21/01/2026]',1.181207,2.120841,-0.06998242,-2.634376,4.610755E-10,4.610755E-10,-4.985897,-3.723113
'[17:34:29.284 21/01/2026]',1.181207,2.120841,-0.06998242,-2.634376,4.610755E-10,4.610755E-10,-4.985897,-3.723113
'[17:34:29.292 21/01/2026]',1.181207,2.120841,-0.06998242,-2.634376,4.610755E-10,4.610755E-10,-4.985897,-3.723113
'[17:34:29.300 21/01/2026]',1.181207,2.120841,-0.06998242,-2.634376,4.610755E-10,4.610755E-10,-4.985897,-3.723113
'[17:34:29.308 21/01/2026]',1.210351,-4.493248,3.068622,2.378366,4.610755E-10,4.610755E-10,3.420749,-1.595384
'[17:34:29.316 21/01/2026]',-2.747531,-1.438253,-2.988154,-2.963993,4.610755E-10,4.610755E-10,-1.008159,3.600685
'[17:34:29.324 21/01/2026]',-2.747531,-1.438253,-2.988154,-2.963993,4.610755E-10,4.610755E-10,-1.008159,3.600685
'[17:34:29.332 21/01/2026]',1.178543,2.485909,0.2684356,0.7271301,4.610755E-10,4.610755E-10,-1.048594,-2.403512
'[17:34:29.340 21/01/2026]',0.4712382,1.570404,1.43154,1.55443,4.610755E-10,4.610755E-10,1.139975,0.9141853
'[17:34:29.348 21/01/2026]',0.4712382,1.570404,1.43154,1.55443,4.610755E-10,4.610755E-10,1.139975,0.9141853
'[17:34:29.356 21/01/2026]',-0.3516793,-4.512863,-0.07429197,-2.498599,4.610755E-10,4.610755E-10,-0.2040833,-0.6694117
'[17:34:29.364 21/01/2026]',-0.3516793,-4.512863,-0.07429197,-2.498599,4.610755E-10,4.610755E-10,-0.2040833,-0.6694117
'[17:34:29.372 21/01/2026]',-0.6098487,4.200515,1.373564,2.856974,4.610755E-10,4.610755E-10,-0.08511246,1.671876
'[17:34:29.380 21/01/2026]',-0.6098487,4.200515,1.373564,2.856974,4.610755E-10,4.610755E-10,-0.08511246,1.671876
'[17:34:29.388 21/01/2026]',-0.6098487,4.200515,1.373564,2.856974,4.610755E-10,4.610755E-10,-0.08511246,1.671876
'[17:34:29.396 21/01/2026]',-0.6098487,4.200515,1.373564,2.856974,4.610755E-10,4.610755E-10,-0.08511246,1.671876
'[17:34:29.404 21/01/2026]',0.4942854,0.4689869,-1.503545,-2.208333,4.610755E-10,4.610755E-10,-0.321585,-1.620813
'[17:34:29.412 21/01/2026]',-0.8311347,-3.476051,-0.7904153,-1.254461,4.610755E-10,4.610755E-10,-1.312356,-0.4442095
'[17:34:29.420 21/01/2026]',-0.8311347,-3.476051,-0.7904153,-1.254461,4.610755E-10,4.610755E-10,-1.312356,-0.4442095
'[17:34:29.428 21/01/2026]',0.319618,0.6017613,1.929814,0.9694237,4.610755E-10,4.610755E-10,1.397268,-0.3698588
'[17:34:29.436 21/01/2026]',0.319618,0.6017613,1.929814,0.9694237,4.610755E-10,4.610755E-10,1.397268,-0.3698588
'[17:34:29.444 21/01/2026]',-0.3938339,0.4895881,-1.557552,0.3282238,4.610755E-10,4.610755E-10,0.5214108,1.74923
'[17:34:29.452 21/01/2026]',-0.3938339,0.4895881,-1.557552,0.3282238,4.610755E-10,4.610755E-10,0.5214108,1.74923
'[17:34:29.460 21/01/2026]',0.4267212,2.199175,-0.1900085,0.3165771,4.610755E-10,4.610755E-10,-1.72829,-1.59086
'[17:34:29.468 21/01/2026]',0.4267212,2.199175,-0.1900085,0.3165771,4.610755E-10,4.610755E-10,-1.72829,-1.59086
'[17:34:29.476 21/01/2026]',0.4267212,2.199175,-0.1900085,0.3165771,4.610755E-10,4.610755E-10,-1.72829,-1.59086
'[17:34:29.484 21/01/2026]',0.4267212,2.199175,-0.1900085,0.3165771,4.610755E-10,4.610755E-10,-1.72829,-1.59086
'[17:34:29.492 21/01/2026]',0.4267212,2.199175,-0.1900085,0.3165771,4.610755E-10,4.610755E-10,-1.72829,-1.59086
'[17:34:29.500 21/01/2026]',1.471127,-2.287022,3.728447,0.7132212,4.610755E-10,4.610755E-10,0.3518876,-0.2001327
'[17:34:29.508 21/01/2026]',-2.518534,-1.796647,-5.603303,-2.99615,4.610755E-10,4.610755E-10,-0.8770161,-1.190193
'[17:34:29.516 21/01/2026]',-1.250761,1.635813,0.5921532,-0.2481941,4.610755E-10,4.610755E-10,1.213328,2.811304
'[17:34:29.524 21/01/2026]',-1.250761,1.635813,0.5921532,-0.2481941,4.610755E-10,4.610755E-10,1.213328,2.811304
'[17:34:29.532 21/01/2026]',2.317691,0.4677187,4.059328,3.481597,4.610755E-10,4.610755E-10,-0.9675644,-2.393234
'[17:34:29.540 21/01/2026]',2.317691,0.4677187,4.059328,3.481597,4.610755E-10,4.610755E-10,-0.9675644,-2.393234
'[17:34:29.548 21/01/2026]',2.317691,0.4677187,4.059328,3.481597,4.610755E-10,4.610755E-10,-0.9675644,-2.393234
'[17:34:29.556 21/01/2026]',1.671801,-0.2365489,0.4653677,0.5098663,4.610755E-10,4.610755E-10,2.008245,0.71166
'[17:34:29.564 21/01/2026]',1.671801,-0.2365489,0.4653677,0.5098663,4.610755E-10,4.610755E-10,2.008245,0.71166
'[17:34:29.572 21/01/2026]',-4.642328,-2.618827,-3.13603,-3.808338,4.610755E-10,4.610755E-10,-3.319701,-0.9991865
'[17:34:29.580 21/01/2026]',1.912755,1.991905,1.335879,2.349055,4.610755E-10,4.610755E-10,0.7817687,0.1173214
'[17:34:29.588 21/01/2026]',1.912755,1.991905,1.335879,2.349055,4.610755E-10,4.610755E-10,0.7817687,0.1173214
'[17:34:29.596 21/01/2026]',1.912755,1.991905,1.335879,2.349055,4.610755E-10,4.610755E-10,0.7817687,0.1173214
'[17:34:29.604 21/01/2026]',-0.1555757,-0.09980252,-0.2213977,-1.076813,4.610755E-10,4.610755E-10,1.254024,1.597453
'[17:34:29.612 21/01/2026]',0.3416271,0.2586209,2.720851,2.338588,4.610755E-10,4.610755E-10,2.059712,1.226517
'[17:34:29.620 21/01/2026]',0.3416271,0.2586209,2.720851,2.338588,4.610755E-10,4.610755E-10,2.059712,1.226517
'[17:34:29.628 21/01/2026]',0.6984819,-1.005978,-2.81709,-1.17799,4.610755E-10,4.610755E-10,-2.479433,-3.471899
'[17:34:29.636 21/01/2026]',0.6984819,-1.005978,-2.81709,-1.17799,4.610755E-10,4.610755E-10,-2.479433,-3.471899
'[17:34:29.644 21/01/2026]',0.6984819,-1.005978,-2.81709,-1.17799,4.610755E-10,4.610755E-10,-2.479433,-3.471899
'[17:34:29.652 21/01/2026]',0.6984819,-1.005978,-2.81709,-1.17799,4.610755E-10,4.610755E-10,-2.479433,-3.471899
'[17:34:29.660 21/01/2026]',-3.801095,-2.859734,-1.887777,-3.245201,4.610755E-10,4.610755E-10,-4.060025,-0.5910803
'[17:34:29.668 21/01/2026]',3.823909,6.666315,3.347201,3.28322,4.610755E-10,4.610755E-10,5.513195,2.659293
'[17:34:29.676 21/01/2026]',3.823909,6.666315,3.347201,3.28322,4.610755E-10,4.610755E-10,5.513195,2.659293
'[17:34:29.684 21/01/2026]',-1.804963,-4.338983,0.7346843,0.4249131,4.610755E-10,4.610755E-10,0.2491102,-0.5843618
'[17:34:29.692 21/01/2026]',-1.804963,-4.338983,0.7346843,0.4249131,4.610755E-10,4.610755E-10,0.2491102,-0.5843618
'[17:34:29.700 21/01/2026]',-1.804963,-4.338983,0.7346843,0.4249131,4.610755E-10,4.610755E-10,0.2491102,-0.5843618
'[17:34:29.708 21/01/2026]',-1.836664,-0.3572217,-5.096131,-3.122456,4.610755E-10,4.610755E-10,-3.873435,0.1477333
'[17:34:29.716 21/01/2026]',-1.836664,-0.3572217,-5.096131,-3.122456,4.610755E-10,4.610755E-10,-3.873435,0.1477333
'[17:34:29.724 21/01/2026]',1.879235,0.2254241,2.515796,0.6429473,4.610755E-10,4.610755E-10,0.9262881,-2.866971
'[17:34:29.732 21/01/2026]',1.879235,0.2254241,2.515796,0.6429473,4.610755E-10,4.610755E-10,0.9262881,-2.866971
'[17:34:29.740 21/01/2026]',-1.010228,0.2011859,1.689257,2.571339,4.610755E-10,4.610755E-10,2.863331,3.613414
'[17:34:29.748 21/01/2026]',-1.010228,0.2011859,1.689257,2.571339,4.610755E-10,4.610755E-10,2.863331,3.613414
'[17:34:29.756 21/01/2026]',0.2457161,-0.2159118,-0.7721486,-1.092856,4.610755E-10,4.610755E-10,-1.032446,-1.019961
'[17:34:29.764 21/01/2026]',0.2457161,-0.2159118,-0.7721486,-1.092856,4.610755E-10,4.610755E-10,-1.032446,-1.019961
'[17:34:29.772 21/01/2026]',0.3036488,-1.476597,-1.322781,-1.187045,4.610755E-10,4.610755E-10,-1.322928,-0.7316493
'[17:34:29.780 21/01/2026]',0.3036488,-1.476597,-1.322781,-1.187045,4.610755E-10,4.610755E-10,-1.322928,-0.7316493
'[17:34:29.788 21/01/2026]',0.3036488,-1.476597,-1.322781,-1.187045,4.610755E-10,4.610755E-10,-1.322928,-0.7316493
'[17:34:29.796 21/01/2026]',-0.9113181,1.196844,0.1559587,0.6860971,4.610755E-10,4.610755E-10,-1.277336,-1.685666
'[17:34:29.804 21/01/2026]',-0.7378232,-2.188695,0.4335174,-0.5881429,4.610755E-10,4.610755E-10,2.886892,4.06456
'[17:34:29.812 21/01/2026]',-0.7378232,-2.188695,0.4335174,-0.5881429,4.610755E-10,4.610755E-10,2.886892,4.06456
'[17:34:29.820 21/01/2026]',-0.7378232,-2.188695,0.4335174,-0.5881429,4.610755E-10,4.610755E-10,2.886892,4.06456
'[17:34:29.828 21/01/2026]',3.378429,0.8071634,1.299704,1.194369,4.610755E-10,4.610755E-10,-0.8030157,-3.262716
'[17:34:29.836 21/01/2026]',3.378429,0.8071634,1.299704,1.194369,4.610755E-10,4.610755E-10,-0.8030157,-3.262716
'[17:34:29.844 21/01/2026]',3.378429,0.8071634,1.299704,1.194369,4.610755E-10,4.610755E-10,-0.8030157,-3.262716
'[17:34:29.852 21/01/2026]',-3.034739,1.973362,-0.2312451,0.6695954,4.610755E-10,4.610755E-10,0.4552628,2.082098
'[17:34:29.860 21/01/2026]',2.38431,-2.231217,-1.339575,-0.777685,4.610755E-10,4.610755E-10,-0.6150247,-0.8519855
'[17:34:29.868 21/01/2026]',2.38431,-2.231217,-1.339575,-0.777685,4.610755E-10,4.610755E-10,-0.6150247,-0.8519855
'[17:34:29.876 21/01/2026]',2.38431,-2.231217,-1.339575,-0.777685,4.610755E-10,4.610755E-10,-0.6150247,-0.8519855
'[17:34:29.884 21/01/2026]',-2.007205,1.23641,1.868531,0.3385383,4.610755E-10,4.610755E-10,-0.6304233,0.5601955
'[17:34:29.892 21/01/2026]',1.546077,-0.4256077,-3.395874,-1.716525,4.610755E-10,4.610755E-10,0.7218494,-0.2863941
'[17:34:29.900 21/01/2026]',1.546077,-0.4256077,-3.395874,-1.716525,4.610755E-10,4.610755E-10,0.7218494,-0.2863941
'[17:34:29.908 21/01/2026]',0.7926476,-0.5893278,2.433038,3.291694,4.610755E-10,4.610755E-10,-1.269092,-1.004125
'[17:34:29.916 21/01/2026]',0.7926476,-0.5893278,2.433038,3.291694,4.610755E-10,4.610755E-10,-1.269092,-1.004125
'[17:34:29.924 21/01/2026]',-2.33759,1.483624,0.4895971,-2.045556,4.610755E-10,4.610755E-10,1.302251,2.810944
'[17:34:29.932 21/01/2026]',-2.33759,1.483624,0.4895971,-2.045556,4.610755E-10,4.610755E-10,1.302251,2.810944
'[17:34:29.940 21/01/2026]',-2.33759,1.483624,0.4895971,-2.045556,4.610755E-10,4.610755E-10,1.302251,2.810944
'[17:34:29.948 21/01/2026]',1.097751,-2.27165,-1.437397,-0.003365487,4.610755E-10,4.610755E-10,-0.8027478,-3.308895
'[17:34:29.956 21/01/2026]',1.097751,-2.27165,-1.437397,-0.003365487,4.610755E-10,4.610755E-10,-0.8027478,-3.308895
'[17:34:29.964 21/01/2026]',-1.357677,1.180755,-0.2897642,0.7211601,4.610755E-10,4.610755E-10,-0.9549901,1.44908
'[17:34:29.972 21/01/2026]',-1.357677,1.180755,-0.2897642,0.7211601,4.610755E-10,4.610755E-10,-0.9549901,1.44908
'[17:34:29.980 21/01/2026]',-0.1410499,-1.664291,-1.080197,-1.60298,4.610755E-10,4.610755E-10,2.63937,-0.1758628
'[17:34:29.988 21/01/2026]',-0.1410499,-1.664291,-1.080197,-1.60298,4.610755E-10,4.610755E-10,2.63937,-0.1758628
'[17:34:29.996 21/01/2026]',-0.536235,-0.003817678,1.798546,0.1894019,4.610755E-10,4.610755E-10,-1.274635,1.501764
'[17:34:30.004 21/01/2026]',-0.536235,-0.003817678,1.798546,0.1894019,4.610755E-10,4.610755E-10,-1.274635,1.501764
'[17:34:30.012 21/01/2026]',-0.536235,-0.003817678,1.798546,0.1894019,4.610755E-10,4.610755E-10,-1.274635,1.501764
'[17:34:30.020 21/01/2026]',-0.536235,-0.003817678,1.798546,0.1894019,4.610755E-10,4.610755E-10,-1.274635,1.501764
'[17:34:30.028 21/01/2026]',3.725367,-0.9856261,1.796073,2.088167,4.610755E-10,4.610755E-10,-0.8850791,-3.298741
'[17:34:30.036 21/01/2026]',-4.780797,-1.038676,-3.258176,-0.8506773,4.610755E-10,4.610755E-10,2.265137,3.486579
'[17:34:30.044 21/01/2026]',2.799014,1.489434,1.458631,-0.1840867,4.610755E-10,4.610755E-10,-0.6498458,-0.8171507
'[17:34:30.052 21/01/2026]',2.799014,1.489434,1.458631,-0.1840867,4.610755E-10,4.610755E-10,-0.6498458,-0.8171507
'[17:34:30.060 21/01/2026]',-1.104362,-1.777677,-0.4259321,-1.417498,4.610755E-10,4.610755E-10,-3.185699,-2.278525
'[17:34:30.068 21/01/2026]',-1.104362,-1.777677,-0.4259321,-1.417498,4.610755E-10,4.610755E-10,-3.185699,-2.278525
'[17:34:30.076 21/01/2026]',-1.104362,-1.777677,-0.4259321,-1.417498,4.610755E-10,4.610755E-10,-3.185699,-2.278525
'[17:34:30.084 21/01/2026]',-1.104362,-1.777677,-0.4259321,-1.417498,4.610755E-10,4.610755E-10,-3.185699,-2.278525
'[17:34:30.092 21/01/2026]',-0.7741942,-2.565612,0.1766205,1.392208,4.610755E-10,4.610755E-10,1.731652,-0.5366252
'[17:34:30.100 21/01/2026]',-0.7741942,-2.565612,0.1766205,1.392208,4.610755E-10,4.610755E-10,1.731652,-0.5366252
'[17:34:30.108 21/01/2026]',3.315225,5.844987,1.494182,2.175322,4.610755E-10,4.610755E-10,3.99253,4.03123
'[17:34:30.116 21/01/2026]',-4.123712,-6.31399,-3.322729,-5.309739,4.610755E-10,4.610755E-10,-5.795567,-2.142948
'[17:34:30.124 21/01/2026]',4.882575,3.876194,5.043178,6.52825,4.610755E-10,4.610755E-10,1.191244,-2.361098
'[17:34:30.132 21/01/2026]',4.882575,3.876194,5.043178,6.52825,4.610755E-10,4.610755E-10,1.191244,-2.361098
'[17:34:30.140 21/01/2026]',-1.846913,-1.104326,-2.576026,-3.638551,4.610755E-10,4.610755E-10,3.275445,3.616488
'[17:34:30.148 21/01/2026]',-1.846913,-1.104326,-2.576026,-3.638551,4.610755E-10,4.610755E-10,3.275445,3.616488
'[17:34:30.156 21/01/2026]',-1.832045,1.180029,0.1957402,1.349175,4.610755E-10,4.610755E-10,0.8526892,1.828822
'[17:34:30.164 21/01/2026]',-1.832045,1.180029,0.1957402,1.349175,4.610755E-10,4.610755E-10,0.8526892,1.828822
'[17:34:30.172 21/01/2026]',-1.832045,1.180029,0.1957402,1.349175,4.610755E-10,4.610755E-10,0.8526892,1.828822
'[17:34:30.180 21/01/2026]',4.720946,0.7216637,3.025549,2.617661,4.610755E-10,4.610755E-10,-0.6489531,-1.447622
'[17:34:30.188 21/01/2026]',4.720946,0.7216637,3.025549,2.617661,4.610755E-10,4.610755E-10,-0.6489531,-1.447622
'[17:34:30.196 21/01/2026]',-4.769592,-0.1797753,-3.828295,-3.630038,4.610755E-10,4.610755E-10,-4.489447,-4.209467
'[17:34:30.204 21/01/2026]',-4.769592,-0.1797753,-3.828295,-3.630038,4.610755E-10,4.610755E-10,-4.489447,-4.209467
'[17:34:30.212 21/01/2026]',-2.445563,-3.596598,-0.3438544,-0.9626254,4.610755E-10,4.610755E-10,2.665878,1.893359
'[17:34:30.220 21/01/2026]',2.935759,-1.289405,2.86521,2.484147,4.610755E-10,4.610755E-10,2.404689,3.024959
'[17:34:30.228 21/01/2026]',2.935759,-1.289405,2.86521,2.484147,4.610755E-10,4.610755E-10,2.404689,3.024959
'[17:34:30.236 21/01/2026]',0.690429,9.028508,-2.362026,-0.7110306,4.610755E-10,4.610755E-10,-4.357621,-3.48855
'[17:34:30.244 21/01/2026]',0.690429,9.028508,-2.362026,-0.7110306,4.610755E-10,4.610755E-10,-4.357621,-3.48855
'[17:34:30.252 21/01/2026]',0.690429,9.028508,-2.362026,-0.7110306,4.610755E-10,4.610755E-10,-4.357621,-3.48855
'[17:34:30.260 21/01/2026]',0.690429,9.028508,-2.362026,-0.7110306,4.610755E-10,4.610755E-10,-4.357621,-3.48855
'[17:34:30.268 21/01/2026]',-3.732559,-6.583444,-1.752889,-2.472433,4.610755E-10,4.610755E-10,1.028327,0.9910716
'[17:34:30.276 21/01/2026]',-3.732559,-6.583444,-1.752889,-2.472433,4.610755E-10,4.610755E-10,1.028327,0.9910716
'[17:34:30.284 21/01/2026]',0.9188743,-1.657465,1.178639,1.090324,4.610755E-10,4.610755E-10,0.7490529,-0.2551726
'[17:34:30.292 21/01/2026]',0.9188743,-1.657465,1.178639,1.090324,4.610755E-10,4.610755E-10,0.7490529,-0.2551726
'[17:34:30.300 21/01/2026]',0.9188743,-1.657465,1.178639,1.090324,4.610755E-10,4.610755E-10,0.7490529,-0.2551726
'[17:34:30.308 21/01/2026]',2.069627,5.161816,1.042973,0.9780281,4.610755E-10,4.610755E-10,-0.272059,0.9930488
'[17:34:30.316 21/01/2026]',2.069627,5.161816,1.042973,0.9780281,4.610755E-10,4.610755E-10,-0.272059,0.9930488
'[17:34:30.324 21/01/2026]',-1.574829,-1.584718,-0.2761326,0.1979436,4.610755E-10,4.610755E-10,-1.146562,-2.090961
'[17:34:30.332 21/01/2026]',-1.574829,-1.584718,-0.2761326,0.1979436,4.610755E-10,4.610755E-10,-1.146562,-2.090961
'[17:34:30.340 21/01/2026]',-1.574829,-1.584718,-0.2761326,0.1979436,4.610755E-10,4.610755E-10,-1.146562,-2.090961
'[17:34:30.348 21/01/2026]',-0.0251395,-1.258005,-0.213834,-0.0864587,4.610755E-10,4.610755E-10,-0.4784808,0.8047089
'[17:34:30.356 21/01/2026]',-0.0251395,-1.258005,-0.213834,-0.0864587,4.610755E-10,4.610755E-10,-0.4784808,0.8047089
'[17:34:30.364 21/01/2026]',-0.0251395,-1.258005,-0.213834,-0.0864587,4.610755E-10,4.610755E-10,-0.4784808,0.8047089
'[17:34:30.372 21/01/2026]',-1.203904,1.278257,-0.98162,-2.266326,4.610755E-10,4.610755E-10,3.37109,1.516309
'[17:34:30.380 21/01/2026]',2.201825,2.345468,2.700369,3.800411,4.610755E-10,4.610755E-10,-2.734316,0.01069255
'[17:34:30.388 21/01/2026]',2.201825,2.345468,2.700369,3.800411,4.610755E-10,4.610755E-10,-2.734316,0.01069255
'[17:34:30.396 21/01/2026]',-1.556128,-2.837783,-1.699481,-2.63389,4.610755E-10,4.610755E-10,-1.067553,-4.013599
'[17:34:30.404 21/01/2026]',-1.556128,-2.837783,-1.699481,-2.63389,4.610755E-10,4.610755E-10,-1.067553,-4.013599
'[17:34:30.412 21/01/2026]',-0.4884992,-0.7213765,-1.442566,-0.9922237,4.610755E-10,4.610755E-10,1.532364,3.520308
'[17:34:30.420 21/01/2026]',-0.4884992,-0.7213765,-1.442566,-0.9922237,4.610755E-10,4.610755E-10,1.532364,3.520308
'[17:34:30.428 21/01/2026]',1.351699,4.532179,1.342762,2.204119,4.610755E-10,4.610755E-10,-0.620881,-0.3116633
'[17:34:30.436 21/01/2026]',1.351699,4.532179,1.342762,2.204119,4.610755E-10,4.610755E-10,-0.620881,-0.3116633
'[17:34:30.444 21/01/2026]',1.719699,-2.179715,2.873011,1.655069,4.610755E-10,4.610755E-10,2.219095,-0.6444896
'[17:34:30.452 21/01/2026]',1.719699,-2.179715,2.873011,1.655069,4.610755E-10,4.610755E-10,2.219095,-0.6444896
'[17:34:30.460 21/01/2026]',-2.837057,-4.275044,-4.882852,-5.013455,4.610755E-10,4.610755E-10,-3.521629,-0.8460213
'[17:34:30.468 21/01/2026]',-2.837057,-4.275044,-4.882852,-5.013455,4.610755E-10,4.610755E-10,-3.521629,-0.8460213
'[17:34:30.476 21/01/2026]',-2.837057,-4.275044,-4.882852,-5.013455,4.610755E-10,4.610755E-10,-3.521629,-0.8460213
'[17:34:30.484 21/01/2026]',1.676552,7.878112,1.528865,3.606024,4.610755E-10,4.610755E-10,1.761439,1.685096
'[17:34:30.492 21/01/2026]',1.175719,-2.878595,2.92384,0.4722532,4.610755E-10,4.610755E-10,0.04240725,-3.080989
'[17:34:30.500 21/01/2026]',1.175719,-2.878595,2.92384,0.4722532,4.610755E-10,4.610755E-10,0.04240725,-3.080989
'[17:34:30.508 21/01/2026]',-1.362774,-4.848704,-2.672808,-2.076019,4.610755E-10,4.610755E-10,-0.4236091,3.591937
'[17:34:30.516 21/01/2026]',-1.362774,-4.848704,-2.672808,-2.076019,4.610755E-10,4.610755E-10,-0.4236091,3.591937
'[17:34:30.524 21/01/2026]',-1.362774,-4.848704,-2.672808,-2.076019,4.610755E-10,4.610755E-10,-0.4236091,3.591937
'[17:34:30.532 21/01/2026]',-1.362774,-4.848704,-2.672808,-2.076019,4.610755E-10,4.610755E-10,-0.4236091,3.591937
'[17:34:30.540 21/01/2026]',1.545671,7.382421,-0.03802164,2.142312,4.610755E-10,4.610755E-10,1.443412,-0.2223042
'[17:34:30.548 21/01/2026]',-3.617014,-4.230575,-2.656269,-3.505414,4.610755E-10,4.610755E-10,-1.844638,-2.181585
'[17:34:30.556 21/01/2026]',-3.617014,-4.230575,-2.656269,-3.505414,4.610755E-10,4.610755E-10,-1.844638,-2.181585
'[17:34:30.564 21/01/2026]',-3.617014,-4.230575,-2.656269,-3.505414,4.610755E-10,4.610755E-10,-1.844638,-2.181585
'[17:34:30.572 21/01/2026]',4.127941,-0.1127646,4.437581,2.842616,4.610755E-10,4.610755E-10,0.3116761,2.083266
'[17:34:30.580 21/01/2026]',1.005116,2.919552,-0.8665268,2.523765,4.610755E-10,4.610755E-10,2.030329,-0.9194049
'[17:34:30.588 21/01/2026]',1.005116,2.919552,-0.8665268,2.523765,4.610755E-10,4.610755E-10,2.030329,-0.9194049
'[17:34:30.596 21/01/2026]',-3.913306,-5.053533,-1.27534,-3.987853,4.610755E-10,4.610755E-10,-1.967653,-0.1304436
'[17:34:30.604 21/01/2026]',-3.913306,-5.053533,-1.27534,-3.987853,4.610755E-10,4.610755E-10,-1.967653,-0.1304436
'[17:34:30.612 21/01/2026]',0.4494281,2.807781,-3.038278,-2.601482,4.610755E-10,4.610755E-10,-3.222022,-1.294667
'[17:34:30.620 21/01/2026]',0.4494281,2.807781,-3.038278,-2.601482,4.610755E-10,4.610755E-10,-3.222022,-1.294667
'[17:34:30.628 21/01/2026]',2.074176,1.369279,5.580348,5.607151,4.610755E-10,4.610755E-10,1.778777,-0.1090844
'[17:34:30.636 21/01/2026]',2.074176,1.369279,5.580348,5.607151,4.610755E-10,4.610755E-10,1.778777,-0.1090844
'[17:34:30.644 21/01/2026]',2.074176,1.369279,5.580348,5.607151,4.610755E-10,4.610755E-10,1.778777,-0.1090844
'[17:34:30.652 21/01/2026]',-0.9957025,-2.355777,-0.01614803,-0.9516232,4.610755E-10,4.610755E-10,3.091646,2.315341
'[17:34:30.660 21/01/2026]',-0.9957025,-2.355777,-0.01614803,-0.9516232,4.610755E-10,4.610755E-10,3.091646,2.315341
'[17:34:30.668 21/01/2026]',0.5493861,4.511347,-3.267466,-0.8653939,4.610755E-10,4.610755E-10,-1.495316,0.7844251
'[17:34:30.676 21/01/2026]',0.5493861,4.511347,-3.267466,-0.8653939,4.610755E-10,4.610755E-10,-1.495316,0.7844251
'[17:34:30.684 21/01/2026]',0.5007548,-3.972479,2.040637,-1.578712,4.610755E-10,4.610755E-10,-3.537859,-4.78358
'[17:34:30.692 21/01/2026]',0.5007548,-3.972479,2.040637,-1.578712,4.610755E-10,4.610755E-10,-3.537859,-4.78358
'[17:34:30.700 21/01/2026]',0.5007548,-3.972479,2.040637,-1.578712,4.610755E-10,4.610755E-10,-3.537859,-4.78358
'[17:34:30.708 21/01/2026]',-0.2539039,-0.311615,-0.2676644,1.669257,4.610755E-10,4.610755E-10,4.074854,3.80061
'[17:34:30.716 21/01/2026]',-0.2539039,-0.311615,-0.2676644,1.669257,4.610755E-10,4.610755E-10,4.074854,3.80061
'[17:34:30.724 21/01/2026]',2.648891,5.51958,3.716941,3.906006,4.610755E-10,4.610755E-10,0.4772705,0.946131
'[17:34:30.732 21/01/2026]',-3.152981,-3.607693,-4.170399,-5.23285,4.610755E-10,4.610755E-10,-0.9339582,-1.007929
'[17:34:30.740 21/01/2026]',-3.152981,-3.607693,-4.170399,-5.23285,4.610755E-10,4.610755E-10,-0.9339582,-1.007929
'[17:34:30.748 21/01/2026]',2.754787,1.753579,3.117681,2.845581,4.610755E-10,4.610755E-10,-0.7146306,-1.291443
'[17:34:30.756 21/01/2026]',2.754787,1.753579,3.117681,2.845581,4.610755E-10,4.610755E-10,-0.7146306,-1.291443
'[17:34:30.764 21/01/2026]',-1.911607,-1.859135,-2.017663,-0.2631416,4.610755E-10,4.610755E-10,0.5833611,1.750427
'[17:34:30.772 21/01/2026]',-1.911607,-1.859135,-2.017663,-0.2631416,4.610755E-10,4.610755E-10,0.5833611,1.750427
'[17:34:30.780 21/01/2026]',-1.911607,-1.859135,-2.017663,-0.2631416,4.610755E-10,4.610755E-10,0.5833611,1.750427
'[17:34:30.788 21/01/2026]',0.303375,4.525483,0.7732027,-0.890866,4.610755E-10,4.610755E-10,0.6380818,0.3481311
'[17:34:30.796 21/01/2026]',0.303375,4.525483,0.7732027,-0.890866,4.610755E-10,4.610755E-10,0.6380818,0.3481311
'[17:34:30.804 21/01/2026]',-0.5597517,-4.693788,-1.539983,-1.42847,4.610755E-10,4.610755E-10,-2.127465,-2.320104
'[17:34:30.812 21/01/2026]',-0.5597517,-4.693788,-1.539983,-1.42847,4.610755E-10,4.610755E-10,-2.127465,-2.320104
'[17:34:30.820 21/01/2026]',2.43623,1.869443,2.496175,3.360755,4.610755E-10,4.610755E-10,2.702,1.310164
'[17:34:30.828 21/01/2026]',2.43623,1.869443,2.496175,3.360755,4.610755E-10,4.610755E-10,2.702,1.310164
'[17:34:30.836 21/01/2026]',-4.653807,0.008109714,-4.700339,-4.103557,4.610755E-10,4.610755E-10,-3.626372,-1.636036
'[17:34:30.844 21/01/2026]',-0.5309613,-4.035346,0.3339355,0.5388399,4.610755E-10,4.610755E-10,0.6458762,0.7870607
'[17:34:30.852 21/01/2026]',-0.5309613,-4.035346,0.3339355,0.5388399,4.610755E-10,4.610755E-10,0.6458762,0.7870607
'[17:34:30.860 21/01/2026]',-0.5309613,-4.035346,0.3339355,0.5388399,4.610755E-10,4.610755E-10,0.6458762,0.7870607
'[17:34:30.868 21/01/2026]',-0.5309613,-4.035346,0.3339355,0.5388399,4.610755E-10,4.610755E-10,0.6458762,0.7870607
'[17:34:30.876 21/01/2026]',-0.5309613,-4.035346,0.3339355,0.5388399,4.610755E-10,4.610755E-10,0.6458762,0.7870607
'[17:34:30.884 21/01/2026]',-19.60802,-11.01886,-5.312503,-4.730274,4.610755E-10,4.610755E-10,1.25136,0.2000943
'[17:34:30.892 21/01/2026]',-13.03226,-8.072138,-5.825576,-5.194516,4.610755E-10,4.610755E-10,1.361809,0.9972402
'[17:34:30.900 21/01/2026]',-13.03226,-8.072138,-5.825576,-5.194516,4.610755E-10,4.610755E-10,1.361809,0.9972402
'[17:34:30.908 21/01/2026]',55.12691,45.15944,19.93996,21.08826,4.610755E-10,4.610755E-10,-0.09850872,2.644406
'[17:34:30.916 21/01/2026]',55.12691,45.15944,19.93996,21.08826,4.610755E-10,4.610755E-10,-0.09850872,2.644406
'[17:34:30.924 21/01/2026]',-1.10341,2.269578,0.1475928,-0.4448054,4.610755E-10,4.610755E-10,-0.227659,-0.1710044
'[17:34:30.932 21/01/2026]',-1.10341,2.269578,0.1475928,-0.4448054,4.610755E-10,4.610755E-10,-0.227659,-0.1710044
'[17:34:30.940 21/01/2026]',-21.27228,-28.62943,-7.680834,-10.44061,4.610755E-10,4.610755E-10,-0.2791969,-3.73837
'[17:34:30.948 21/01/2026]',-21.27228,-28.62943,-7.680834,-10.44061,4.610755E-10,4.610755E-10,-0.2791969,-3.73837
'[17:34:30.956 21/01/2026]',6.795201,2.592811,1.547677,2.13113,4.610755E-10,4.610755E-10,1.001221,1.593481
'[17:34:30.964 21/01/2026]',5.037645,-1.430967,2.431388,-0.7194883,4.610755E-10,4.610755E-10,-2.672598,-1.409536
'[17:34:30.972 21/01/2026]',5.037645,-1.430967,2.431388,-0.7194883,4.610755E-10,4.610755E-10,-2.672598,-1.409536
'[17:34:30.980 21/01/2026]',5.037645,-1.430967,2.431388,-0.7194883,4.610755E-10,4.610755E-10,-2.672598,-1.409536
'[17:34:30.988 21/01/2026]',-5.400415,1.37107,-1.672602,0.8816729,4.610755E-10,4.610755E-10,0.9088345,-0.4743951
'[17:34:30.996 21/01/2026]',-5.400415,1.37107,-1.672602,0.8816729,4.610755E-10,4.610755E-10,0.9088345,-0.4743951
'[17:34:31.004 21/01/2026]',-5.400415,1.37107,-1.672602,0.8816729,4.610755E-10,4.610755E-10,0.9088345,-0.4743951
'[17:34:31.012 21/01/2026]',1.142763,9.820881,0.7308424,3.204582,4.610755E-10,4.610755E-10,3.459759,4.508757
'[17:34:31.020 21/01/2026]',1.142763,9.820881,0.7308424,3.204582,4.610755E-10,4.610755E-10,3.459759,4.508757
'[17:34:31.028 21/01/2026]',-4.628672,-7.097503,-4.315735,-4.604285,4.610755E-10,4.610755E-10,-4.542215,-4.683162
'[17:34:31.036 21/01/2026]',-4.628672,-7.097503,-4.315735,-4.604285,4.610755E-10,4.610755E-10,-4.542215,-4.683162
'[17:34:31.044 21/01/2026]',-4.628672,-7.097503,-4.315735,-4.604285,4.610755E-10,4.610755E-10,-4.542215,-4.683162
'[17:34:31.052 21/01/2026]',-4.628672,-7.097503,-4.315735,-4.604285,4.610755E-10,4.610755E-10,-4.542215,-4.683162
'[17:34:31.060 21/01/2026]',4.12677,0.03607628,3.442511,1.2141,4.610755E-10,4.610755E-10,-1.034241,-2.462289
'[17:34:31.068 21/01/2026]',-6.437888,-15.60934,-2.788226,-4.386362,4.610755E-10,4.610755E-10,3.232341,5.371935
'[17:34:31.076 21/01/2026]',7.955886,24.65968,3.291874,8.528808,4.610755E-10,4.610755E-10,0.5867236,0.6509095
'[17:34:31.084 21/01/2026]',-0.9030716,1.169156,-1.071678,-2.182575,4.610755E-10,4.610755E-10,-3.51355,-4.127546
'[17:34:31.092 21/01/2026]',-0.9030716,1.169156,-1.071678,-2.182575,4.610755E-10,4.610755E-10,-3.51355,-4.127546
'[17:34:31.100 21/01/2026]',-0.9030716,1.169156,-1.071678,-2.182575,4.610755E-10,4.610755E-10,-3.51355,-4.127546
'[17:34:31.108 21/01/2026]',-7.622491,-16.0605,-3.332487,-5.292173,4.610755E-10,4.610755E-10,2.435861,0.7216622
'[17:34:31.116 21/01/2026]',-7.622491,-16.0605,-3.332487,-5.292173,4.610755E-10,4.610755E-10,2.435861,0.7216622
'[17:34:31.124 21/01/2026]',1.851818,3.046521,2.762448,2.548513,4.610755E-10,4.610755E-10,1.566298,3.992936
'[17:34:31.132 21/01/2026]',1.851818,3.046521,2.762448,2.548513,4.610755E-10,4.610755E-10,1.566298,3.992936
'[17:34:31.140 21/01/2026]',0.8047106,5.75239,-2.602513,-0.2230031,4.610755E-10,4.610755E-10,-5.979946,-4.777326
'[17:34:31.148 21/01/2026]',0.8047106,5.75239,-2.602513,-0.2230031,4.610755E-10,4.610755E-10,-5.979946,-4.777326
'[17:34:31.156 21/01/2026]',0.9827354,-0.2732079,2.305,1.442781,4.610755E-10,4.610755E-10,4.988688,2.016444
'[17:34:31.164 21/01/2026]',0.9827354,-0.2732079,2.305,1.442781,4.610755E-10,4.610755E-10,4.988688,2.016444
'[17:34:31.172 21/01/2026]',0.9827354,-0.2732079,2.305,1.442781,4.610755E-10,4.610755E-10,4.988688,2.016444
'[17:34:31.180 21/01/2026]',-5.154165,-10.07384,-2.326896,-4.039954,4.610755E-10,4.610755E-10,-1.436275,-0.9680465
'[17:34:31.188 21/01/2026]',-5.154165,-10.07384,-2.326896,-4.039954,4.610755E-10,4.610755E-10,-1.436275,-0.9680465
'[17:34:31.196 21/01/2026]',8.101669,14.97622,3.327362,5.914115,4.610755E-10,4.610755E-10,-0.9203846,1.21157
'[17:34:31.204 21/01/2026]',-3.544506,-6.298987,-1.154378,-2.960559,4.610755E-10,4.610755E-10,-1.008715,-3.368752
'[17:34:31.212 21/01/2026]',-3.544506,-6.298987,-1.154378,-2.960559,4.610755E-10,4.610755E-10,-1.008715,-3.368752
'[17:34:31.220 21/01/2026]',-3.544506,-6.298987,-1.154378,-2.960559,4.610755E-10,4.610755E-10,-1.008715,-3.368752
'[17:34:31.228 21/01/2026]',-3.544506,-6.298987,-1.154378,-2.960559,4.610755E-10,4.610755E-10,-1.008715,-3.368752
'[17:34:31.236 21/01/2026]',-3.0737,-3.85807,-2.706586,-1.545036,4.610755E-10,4.610755E-10,4.621058,5.553771
'[17:34:31.244 21/01/2026]',-3.0737,-3.85807,-2.706586,-1.545036,4.610755E-10,4.610755E-10,4.621058,5.553771
'[17:34:31.252 21/01/2026]',-3.0737,-3.85807,-2.706586,-1.545036,4.610755E-10,4.610755E-10,4.621058,5.553771
'[17:34:31.260 21/01/2026]',2.779372,4.320488,2.047334,1.493124,4.610755E-10,4.610755E-10,-4.840054,-3.50102
'[17:34:31.268 21/01/2026]',2.779372,4.320488,2.047334,1.493124,4.610755E-10,4.610755E-10,-4.840054,-3.50102
'[17:34:31.276 21/01/2026]',5.749547,3.653256,6.328619,4.858357,4.610755E-10,4.610755E-10,4.290503,1.717674
'[17:34:31.284 21/01/2026]',-9.175562,-9.476189,-10.29477,-8.486323,4.610755E-10,4.610755E-10,-4.731169,-3.165367
'[17:34:31.292 21/01/2026]',-9.175562,-9.476189,-10.29477,-8.486323,4.610755E-10,4.610755E-10,-4.731169,-3.165367
'[17:34:31.300 21/01/2026]',1.427845,8.324097,5.826773,5.213487,4.610755E-10,4.610755E-10,6.349985,6.338752
'[17:34:31.308 21/01/2026]',1.427845,8.324097,5.826773,5.213487,4.610755E-10,4.610755E-10,6.349985,6.338752
'[17:34:31.316 21/01/2026]',1.427845,8.324097,5.826773,5.213487,4.610755E-10,4.610755E-10,6.349985,6.338752
'[17:34:31.324 21/01/2026]',6.807047,-0.3320087,0.4229962,2.863004,4.610755E-10,4.610755E-10,-2.230059,-3.072759
'[17:34:31.332 21/01/2026]',6.807047,-0.3320087,0.4229962,2.863004,4.610755E-10,4.610755E-10,-2.230059,-3.072759
'[17:34:31.340 21/01/2026]',-2.833851,-4.989188,1.300183,-3.948197,4.610755E-10,4.610755E-10,-3.366695,-2.526397
'[17:34:31.348 21/01/2026]',-2.833851,-4.989188,1.300183,-3.948197,4.610755E-10,4.610755E-10,-3.366695,-2.526397
'[17:34:31.356 21/01/2026]',-2.34767,2.61231,-3.156847,0.5090398,4.610755E-10,4.610755E-10,6.450927,5.630482
'[17:34:31.364 21/01/2026]',-2.34767,2.61231,-3.156847,0.5090398,4.610755E-10,4.610755E-10,6.450927,5.630482
'[17:34:31.372 21/01/2026]',-2.34767,2.61231,-3.156847,0.5090398,4.610755E-10,4.610755E-10,6.450927,5.630482
'[17:34:31.380 21/01/2026]',0.3084266,-0.9306926,-0.05925129,-0.5375614,4.610755E-10,4.610755E-10,-5.519995,-4.538946
'[17:34:31.388 21/01/2026]',0.3084266,-0.9306926,-0.05925129,-0.5375614,4.610755E-10,4.610755E-10,-5.519995,-4.538946
'[17:34:31.396 21/01/2026]',2.675969,-1.448917,2.803659,0.51546,4.610755E-10,4.610755E-10,-0.9683806,-1.425552
'[17:34:31.404 21/01/2026]',2.675969,-1.448917,2.803659,0.51546,4.610755E-10,4.610755E-10,-0.9683806,-1.425552
'[17:34:31.412 21/01/2026]',2.675969,-1.448917,2.803659,0.51546,4.610755E-10,4.610755E-10,-0.9683806,-1.425552
'[17:34:31.420 21/01/2026]',-5.199238,3.927459,-2.322442,1.41845,4.610755E-10,4.610755E-10,6.319293,6.798047
'[17:34:31.428 21/01/2026]',6.759498,-1.422061,3.077966,0.4979222,4.610755E-10,4.610755E-10,-3.32456,-4.308592
'[17:34:31.436 21/01/2026]',6.759498,-1.422061,3.077966,0.4979222,4.610755E-10,4.610755E-10,-3.32456,-4.308592
'[17:34:31.444 21/01/2026]',-1.481301,-4.567079,-0.7179924,-1.920562,4.610755E-10,4.610755E-10,-3.779293,-2.718801
'[17:34:31.452 21/01/2026]',-1.481301,-4.567079,-0.7179924,-1.920562,4.610755E-10,4.610755E-10,-3.779293,-2.718801
'[17:34:31.460 21/01/2026]',-5.299778,1.950745,-2.779358,-2.21662,4.610755E-10,4.610755E-10,3.79218,1.919174
'[17:34:31.468 21/01/2026]',-5.299778,1.950745,-2.779358,-2.21662,4.610755E-10,4.610755E-10,3.79218,1.919174
'[17:34:31.476 21/01/2026]',5.136263,3.992121,2.007951,4.382913,4.610755E-10,4.610755E-10,2.563665,4.269699
'[17:34:31.484 21/01/2026]',5.136263,3.992121,2.007951,4.382913,4.610755E-10,4.610755E-10,2.563665,4.269699
'[17:34:31.492 21/01/2026]',5.136263,3.992121,2.007951,4.382913,4.610755E-10,4.610755E-10,2.563665,4.269699
'[17:34:31.500 21/01/2026]',-1.991067,-4.411546,-0.127726,-2.014765,4.610755E-10,4.610755E-10,-6.716425,-5.14825
'[17:34:31.508 21/01/2026]',-0.6577715,-1.922407,-2.595537,-1.99963,4.610755E-10,4.610755E-10,2.341631,-1.311345
'[17:34:31.516 21/01/2026]',-0.6577715,-1.922407,-2.595537,-1.99963,4.610755E-10,4.610755E-10,2.341631,-1.311345
'[17:34:31.524 21/01/2026]',-0.6577715,-1.922407,-2.595537,-1.99963,4.610755E-10,4.610755E-10,2.341631,-1.311345
'[17:34:31.532 21/01/2026]',-0.6577715,-1.922407,-2.595537,-1.99963,4.610755E-10,4.610755E-10,2.341631,-1.311345
'[17:34:31.540 21/01/2026]',-1.232922,-4.764478,-2.003194,-2.589878,4.610755E-10,4.610755E-10,-0.1219825,0.9852002
'[17:34:31.548 21/01/2026]',2.9651,14.04007,4.906037,7.233898,4.610755E-10,4.610755E-10,2.501597,3.478765
'[17:34:31.556 21/01/2026]',2.9651,14.04007,4.906037,7.233898,4.610755E-10,4.610755E-10,2.501597,3.478765
'[17:34:31.564 21/01/2026]',-0.9906118,-4.854238,0.7878726,-1.18881,4.610755E-10,4.610755E-10,-2.528862,-2.908875
'[17:34:31.572 21/01/2026]',-0.9906118,-4.854238,0.7878726,-1.18881,4.610755E-10,4.610755E-10,-2.528862,-2.908875
'[17:34:31.580 21/01/2026]',-0.9906118,-4.854238,0.7878726,-1.18881,4.610755E-10,4.610755E-10,-2.528862,-2.908875
'[17:34:31.588 21/01/2026]',-1.712219,-4.573836,-6.475992,-4.698258,4.610755E-10,4.610755E-10,0.3783454,-0.02915651
'[17:34:31.596 21/01/2026]',0.8793568,0.09230759,3.281921,1.749557,4.610755E-10,4.610755E-10,-1.726101,0.07298479
'[17:34:31.604 21/01/2026]',0.8793568,0.09230759,3.281921,1.749557,4.610755E-10,4.610755E-10,-1.726101,0.07298479
'[17:34:31.612 21/01/2026]',1.466907,7.626922,1.261621,2.951097,4.610755E-10,4.610755E-10,1.38011,-0.5390764
'[17:34:31.620 21/01/2026]',1.466907,7.626922,1.261621,2.951097,4.610755E-10,4.610755E-10,1.38011,-0.5390764
'[17:34:31.628 21/01/2026]',-4.503531,-8.036932,-4.452812,-4.287013,4.610755E-10,4.610755E-10,0.6739105,1.783101
'[17:34:31.636 21/01/2026]',-4.503531,-8.036932,-4.452812,-4.287013,4.610755E-10,4.610755E-10,0.6739105,1.783101
'[17:34:31.644 21/01/2026]',2.503566,-0.5673144,2.431302,1.058075,4.610755E-10,4.610755E-10,-0.5468717,-1.032628
'[17:34:31.652 21/01/2026]',2.503566,-0.5673144,2.431302,1.058075,4.610755E-10,4.610755E-10,-0.5468717,-1.032628
'[17:34:31.660 21/01/2026]',0.462525,14.06212,1.095461,5.567697,4.610755E-10,4.610755E-10,1.439926,2.145733
'[17:34:31.668 21/01/2026]',0.462525,14.06212,1.095461,5.567697,4.610755E-10,4.610755E-10,1.439926,2.145733
'[17:34:31.676 21/01/2026]',0.462525,14.06212,1.095461,5.567697,4.610755E-10,4.610755E-10,1.439926,2.145733
'[17:34:31.684 21/01/2026]',-0.1553039,-5.989193,0.535446,-2.335896,4.610755E-10,4.610755E-10,0.5477049,-0.8011357
'[17:34:31.692 21/01/2026]',-0.1553039,-5.989193,0.535446,-2.335896,4.610755E-10,4.610755E-10,0.5477049,-0.8011357
'[17:34:31.700 21/01/2026]',-4.278194,-16.81409,-6.963741,-8.562457,4.610755E-10,4.610755E-10,-5.775864,-4.389359
'[17:34:31.708 21/01/2026]',-4.278194,-16.81409,-6.963741,-8.562457,4.610755E-10,4.610755E-10,-5.775864,-4.389359
'[17:34:31.716 21/01/2026]',4.324893,13.20566,8.187288,8.855603,4.610755E-10,4.610755E-10,4.621587,2.691852
'[17:34:31.724 21/01/2026]',4.324893,13.20566,8.187288,8.855603,4.610755E-10,4.610755E-10,4.621587,2.691852
'[17:34:31.732 21/01/2026]',-0.8655021,3.906551,-2.699818,-0.2110387,4.610755E-10,4.610755E-10,0.4336149,3.117451
'[17:34:31.740 21/01/2026]',-0.8655021,3.906551,-2.699818,-0.2110387,4.610755E-10,4.610755E-10,0.4336149,3.117451
'[17:34:31.748 21/01/2026]',-0.8655021,3.906551,-2.699818,-0.2110387,4.610755E-10,4.610755E-10,0.4336149,3.117451
'[17:34:31.756 21/01/2026]',-0.8655021,3.906551,-2.699818,-0.2110387,4.610755E-10,4.610755E-10,0.4336149,3.117451
'[17:34:31.764 21/01/2026]',-2.342941,-7.74955,-2.270251,-4.327981,4.610755E-10,4.610755E-10,-4.943496,-3.968249
'[17:34:31.772 21/01/2026]',0.9965932,-1.540144,1.83395,2.52546,4.610755E-10,4.610755E-10,3.836028,-1.07508
'[17:34:31.780 21/01/2026]',1.271505,3.800471,1.92378,1.054997,4.610755E-10,4.610755E-10,1.556962,3.956646
'[17:34:31.788 21/01/2026]',1.271505,3.800471,1.92378,1.054997,4.610755E-10,4.610755E-10,1.556962,3.956646
'[17:34:31.796 21/01/2026]',0.05817314,2.951638,-1.450112,-1.67241,4.610755E-10,4.610755E-10,-2.061733,-1.051967
'[17:34:31.804 21/01/2026]',0.05817314,2.951638,-1.450112,-1.67241,4.610755E-10,4.610755E-10,-2.061733,-1.051967
'[17:34:31.812 21/01/2026]',-1.40823,-12.81035,-0.1765166,-1.308044,4.610755E-10,4.610755E-10,-3.482729,-3.483562
'[17:34:31.820 21/01/2026]',-1.40823,-12.81035,-0.1765166,-1.308044,4.610755E-10,4.610755E-10,-3.482729,-3.483562
'[17:34:31.828 21/01/2026]',-1.40823,-12.81035,-0.1765166,-1.308044,4.610755E-10,4.610755E-10,-3.482729,-3.483562
'[17:34:31.836 21/01/2026]',2.530709,14.54255,1.236886,5.559129,4.610755E-10,4.610755E-10,5.443883,3.365745
'[17:34:31.844 21/01/2026]',0.7087425,-0.924108,1.596707,-1.454114,4.610755E-10,4.610755E-10,-1.185324,0.5681664
'[17:34:31.852 21/01/2026]',0.7087425,-0.924108,1.596707,-1.454114,4.610755E-10,4.610755E-10,-1.185324,0.5681664
'[17:34:31.860 21/01/2026]',-2.157712,-6.975319,-1.435071,-3.392337,4.610755E-10,4.610755E-10,-0.7825426,-0.8489243
'[17:34:31.868 21/01/2026]',-2.157712,-6.975319,-1.435071,-3.392337,4.610755E-10,4.610755E-10,-0.7825426,-0.8489243
'[17:34:31.876 21/01/2026]',-2.188359,2.920345,-3.451109,-0.2628809,4.610755E-10,4.610755E-10,-0.5366317,1.13922
'[17:34:31.884 21/01/2026]',1.130786,7.940993,2.789074,4.986805,4.610755E-10,4.610755E-10,1.965284,-1.03712
'[17:34:31.892 21/01/2026]',1.130786,7.940993,2.789074,4.986805,4.610755E-10,4.610755E-10,1.965284,-1.03712
'[17:34:31.900 21/01/2026]',1.130786,7.940993,2.789074,4.986805,4.610755E-10,4.610755E-10,1.965284,-1.03712
'[17:34:31.908 21/01/2026]',4.012025,-1.559966,3.763112,1.790716,4.610755E-10,4.610755E-10,2.498498,3.636549
'[17:34:31.916 21/01/2026]',4.012025,-1.559966,3.763112,1.790716,4.610755E-10,4.610755E-10,2.498498,3.636549
'[17:34:31.924 21/01/2026]',-1.725373,-13.92937,-2.793396,-6.486521,4.610755E-10,4.610755E-10,-6.838226,-5.873705
'[17:34:31.932 21/01/2026]',-1.725373,-13.92937,-2.793396,-6.486521,4.610755E-10,4.610755E-10,-6.838226,-5.873705
'[17:34:31.940 21/01/2026]',-0.3153723,10.80173,3.353094,5.745059,4.610755E-10,4.610755E-10,4.920467,2.353776
'[17:34:31.948 21/01/2026]',-0.3153723,10.80173,3.353094,5.745059,4.610755E-10,4.610755E-10,4.920467,2.353776
'[17:34:31.956 21/01/2026]',-3.840392,-1.946054,-6.483181,-5.884486,4.610755E-10,4.610755E-10,-0.7417701,2.26789
'[17:34:31.964 21/01/2026]',-3.840392,-1.946054,-6.483181,-5.884486,4.610755E-10,4.610755E-10,-0.7417701,2.26789
'[17:34:31.972 21/01/2026]',0.3712627,-5.638017,1.663983,-0.6445157,4.610755E-10,4.610755E-10,-4.789608,-4.422335
'[17:34:31.980 21/01/2026]',6.585432,6.767295,5.928769,7.568224,4.610755E-10,4.610755E-10,6.502281,2.60456
'[17:34:31.988 21/01/2026]',6.585432,6.767295,5.928769,7.568224,4.610755E-10,4.610755E-10,6.502281,2.60456
'[17:34:31.996 21/01/2026]',-7.071519,-3.644186,-6.073406,-5.853514,4.610755E-10,4.610755E-10,-3.954252,-2.208965
'[17:34:32.004 21/01/2026]',-7.071519,-3.644186,-6.073406,-5.853514,4.610755E-10,4.610755E-10,-3.954252,-2.208965
'[17:34:32.012 21/01/2026]',3.021853,3.173728,2.621258,2.105203,4.610755E-10,4.610755E-10,1.603433,3.09101
'[17:34:32.020 21/01/2026]',0.6919817,-1.19121,0.1086728,-0.3320729,4.610755E-10,4.610755E-10,0.6932795,-0.502097
'[17:34:32.028 21/01/2026]',0.6919817,-1.19121,0.1086728,-0.3320729,4.610755E-10,4.610755E-10,0.6932795,-0.502097
'[17:34:32.036 21/01/2026]',0.6919817,-1.19121,0.1086728,-0.3320729,4.610755E-10,4.610755E-10,0.6932795,-0.502097
'[17:34:32.044 21/01/2026]',-1.043899,-2.547629,-0.3238287,-0.280994,4.610755E-10,4.610755E-10,-2.603197,-3.150589
'[17:34:32.052 21/01/2026]',-0.5137797,2.785258,-1.163375,-1.251894,4.610755E-10,4.610755E-10,0.5803867,1.027369
'[17:34:32.060 21/01/2026]',-0.5137797,2.785258,-1.163375,-1.251894,4.610755E-10,4.610755E-10,0.5803867,1.027369
'[17:34:32.068 21/01/2026]',-0.5137797,2.785258,-1.163375,-1.251894,4.610755E-10,4.610755E-10,0.5803867,1.027369
'[17:34:32.076 21/01/2026]',-0.5137797,2.785258,-1.163375,-1.251894,4.610755E-10,4.610755E-10,0.5803867,1.027369
'[17:34:32.084 21/01/2026]',3.008179,1.033371,4.34298,4.255952,4.610755E-10,4.610755E-10,2.9521,3.42911
'[17:34:32.092 21/01/2026]',3.008179,1.033371,4.34298,4.255952,4.610755E-10,4.610755E-10,2.9521,3.42911
'[17:34:32.100 21/01/2026]',-2.376447,-2.196733,-3.598518,-2.733596,4.610755E-10,4.610755E-10,-3.522322,-3.138596
'[17:34:32.108 21/01/2026]',-2.376447,-2.196733,-3.598518,-2.733596,4.610755E-10,4.610755E-10,-3.522322,-3.138596
'[17:34:32.116 21/01/2026]',-0.3312096,-0.3734366,0.8346254,-0.9468536,4.610755E-10,4.610755E-10,1.943383,1.167249
'[17:34:32.124 21/01/2026]',1.921893,-0.2320991,-0.5729051,0.4809396,4.610755E-10,4.610755E-10,-1.45518,-2.456119
'[17:34:32.132 21/01/2026]',-0.2963655,-0.9705536,2.269961,1.68309,4.610755E-10,4.610755E-10,2.64624,3.600934
'[17:34:32.140 21/01/2026]',-0.2963655,-0.9705536,2.269961,1.68309,4.610755E-10,4.610755E-10,2.64624,3.600934
'[17:34:32.148 21/01/2026]',-0.2963655,-0.9705536,2.269961,1.68309,4.610755E-10,4.610755E-10,2.64624,3.600934
'[17:34:32.156 21/01/2026]',-0.2963655,-0.9705536,2.269961,1.68309,4.610755E-10,4.610755E-10,2.64624,3.600934
'[17:34:32.164 21/01/2026]',-0.4720571,4.795074,-1.729967,-0.1719645,4.610755E-10,4.610755E-10,-2.719504,-2.748197
'[17:34:32.172 21/01/2026]',-0.4720571,4.795074,-1.729967,-0.1719645,4.610755E-10,4.610755E-10,-2.719504,-2.748197
'[17:34:32.180 21/01/2026]',-1.13507,-4.514673,-1.716707,-2.411254,4.610755E-10,4.610755E-10,-2.267468,-2.692846
'[17:34:32.188 21/01/2026]',-1.13507,-4.514673,-1.716707,-2.411254,4.610755E-10,4.610755E-10,-2.267468,-2.692846
'[17:34:32.196 21/01/2026]',-1.13507,-4.514673,-1.716707,-2.411254,4.610755E-10,4.610755E-10,-2.267468,-2.692846
'[17:34:32.204 21/01/2026]',3.260718,2.167458,4.779047,3.554444,4.610755E-10,4.610755E-10,8.82791,8.370242
'[17:34:32.212 21/01/2026]',3.260718,2.167458,4.779047,3.554444,4.610755E-10,4.610755E-10,8.82791,8.370242
'[17:34:32.220 21/01/2026]',-4.481104,-0.348614,-2.862936,-2.044573,4.610755E-10,4.610755E-10,-5.640616,-2.503809
'[17:34:32.228 21/01/2026]',4.089966,-0.2219187,0.4654178,0.8679876,4.610755E-10,4.610755E-10,-1.762858,-5.686136
'[17:34:32.236 21/01/2026]',4.089966,-0.2219187,0.4654178,0.8679876,4.610755E-10,4.610755E-10,-1.762858,-5.686136
'[17:34:32.244 21/01/2026]',4.089966,-0.2219187,0.4654178,0.8679876,4.610755E-10,4.610755E-10,-1.762858,-5.686136
'[17:34:32.252 21/01/2026]',4.089966,-0.2219187,0.4654178,0.8679876,4.610755E-10,4.610755E-10,-1.762858,-5.686136
'[17:34:32.260 21/01/2026]',0.1087085,-0.2004098,2.220586,-0.1730042,4.610755E-10,4.610755E-10,2.428131,3.054451
'[17:34:32.268 21/01/2026]',-4.894767,-0.96921,-4.197402,-2.034323,4.610755E-10,4.610755E-10,0.510713,3.160729
'[17:34:32.276 21/01/2026]',-4.894767,-0.96921,-4.197402,-2.034323,4.610755E-10,4.610755E-10,0.510713,3.160729
'[17:34:32.284 21/01/2026]',-4.894767,-0.96921,-4.197402,-2.034323,4.610755E-10,4.610755E-10,0.510713,3.160729
'[17:34:32.292 21/01/2026]',4.77997,2.586236,5.722699,5.111815,4.610755E-10,4.610755E-10,-1.047652,-3.921931
'[17:34:32.300 21/01/2026]',-1.050829,-0.9144545,-3.536541,-4.207125,4.610755E-10,4.610755E-10,1.012774,2.616404
'[17:34:32.308 21/01/2026]',-1.050829,-0.9144545,-3.536541,-4.207125,4.610755E-10,4.610755E-10,1.012774,2.616404
'[17:34:32.316 21/01/2026]',-0.316567,0.08079333,1.302468,1.396178,4.610755E-10,4.610755E-10,0.1583997,-0.5206194
'[17:34:32.324 21/01/2026]',-0.316567,0.08079333,1.302468,1.396178,4.610755E-10,4.610755E-10,0.1583997,-0.5206194
'[17:34:32.332 21/01/2026]',0.5861118,-1.254803,-1.321156,-0.3455363,4.610755E-10,4.610755E-10,-2.398353,-1.531617
'[17:34:32.340 21/01/2026]',0.5861118,-1.254803,-1.321156,-0.3455363,4.610755E-10,4.610755E-10,-2.398353,-1.531617
'[17:34:32.348 21/01/2026]',-0.1852008,0.5206348,2.269375,0.744993,4.610755E-10,4.610755E-10,2.769969,0.253014
'[17:34:32.356 21/01/2026]',-0.1852008,0.5206348,2.269375,0.744993,4.610755E-10,4.610755E-10,2.769969,0.253014
'[17:34:32.364 21/01/2026]',-0.1852008,0.5206348,2.269375,0.744993,4.610755E-10,4.610755E-10,2.769969,0.253014
'[17:34:32.372 21/01/2026]',-0.1896652,4.467942,-1.723769,-0.3471101,4.610755E-10,4.610755E-10,-0.7477049,3.426587
'[17:34:32.380 21/01/2026]',-0.1896652,4.467942,-1.723769,-0.3471101,4.610755E-10,4.610755E-10,-0.7477049,3.426587
'[17:34:32.388 21/01/2026]',-0.1896652,4.467942,-1.723769,-0.3471101,4.610755E-10,4.610755E-10,-0.7477049,3.426587
'[17:34:32.396 21/01/2026]',1.470653,-4.121404,1.239533,0.6195813,4.610755E-10,4.610755E-10,-0.274135,-3.014067
'[17:34:32.404 21/01/2026]',-3.739203,0.2669674,-2.382775,-1.386483,4.610755E-10,4.610755E-10,-0.5014657,-0.5245603
'[17:34:32.412 21/01/2026]',-3.739203,0.2669674,-2.382775,-1.386483,4.610755E-10,4.610755E-10,-0.5014657,-0.5245603
'[17:34:32.420 21/01/2026]',-3.739203,0.2669674,-2.382775,-1.386483,4.610755E-10,4.610755E-10,-0.5014657,-0.5245603
'[17:34:32.428 21/01/2026]',5.950728,3.971858,3.727422,2.815224,4.610755E-10,4.610755E-10,1.470983,1.804358
'[17:34:32.436 21/01/2026]',5.950728,3.971858,3.727422,2.815224,4.610755E-10,4.610755E-10,1.470983,1.804358
'[17:34:32.444 21/01/2026]',5.950728,3.971858,3.727422,2.815224,4.610755E-10,4.610755E-10,1.470983,1.804358
'[17:34:32.452 21/01/2026]',-5.564535,-7.857076,-2.338092,-2.623775,4.610755E-10,4.610755E-10,-0.6472695,-1.070093
'[17:34:32.460 21/01/2026]',-5.564535,-7.857076,-2.338092,-2.623775,4.610755E-10,4.610755E-10,-0.6472695,-1.070093
'[17:34:32.468 21/01/2026]',1.875429,3.20139,-1.422632,-0.5406976,4.610755E-10,4.610755E-10,-1.647848,-1.374583
'[17:34:32.476 21/01/2026]',1.875429,3.20139,-1.422632,-0.5406976,4.610755E-10,4.610755E-10,-1.647848,-1.374583
'[17:34:32.484 21/01/2026]',1.770984,5.481138,3.638671,2.033067,4.610755E-10,4.610755E-10,-0.2776007,0.7545528
'[17:34:32.492 21/01/2026]',-4.081723,-5.15901,-2.960299,-1.412287,4.610755E-10,4.610755E-10,4.383752,2.258427
'[17:34:32.500 21/01/2026]',-4.081723,-5.15901,-2.960299,-1.412287,4.610755E-10,4.610755E-10,4.383752,2.258427
'[17:34:32.508 21/01/2026]',2.461306,-0.9655816,0.6124512,1.038038,4.610755E-10,4.610755E-10,-3.761241,-1.179198
'[17:34:32.516 21/01/2026]',2.461306,-0.9655816,0.6124512,1.038038,4.610755E-10,4.610755E-10,-3.761241,-1.179198
'[17:34:32.524 21/01/2026]',2.461306,-0.9655816,0.6124512,1.038038,4.610755E-10,4.610755E-10,-3.761241,-1.179198
'[17:34:32.532 21/01/2026]',0.08809844,1.57943,0.8750829,-1.860969,4.610755E-10,4.610755E-10,-3.037735,-4.561927
'[17:34:32.540 21/01/2026]',-2.595946,-2.323827,-2.650309,-2.397458,4.610755E-10,4.610755E-10,3.45089,2.747406
'[17:34:32.548 21/01/2026]',-2.595946,-2.323827,-2.650309,-2.397458,4.610755E-10,4.610755E-10,3.45089,2.747406
'[17:34:32.556 21/01/2026]',-2.595946,-2.323827,-2.650309,-2.397458,4.610755E-10,4.610755E-10,3.45089,2.747406
'[17:34:32.564 21/01/2026]',2.60789,2.550457,1.819772,4.109984,4.610755E-10,4.610755E-10,-0.8693382,0.354839
'[17:34:32.572 21/01/2026]',2.60789,2.550457,1.819772,4.109984,4.610755E-10,4.610755E-10,-0.8693382,0.354839
'[17:34:32.580 21/01/2026]',1.34467,-0.01801906,3.118971,1.875396,4.610755E-10,4.610755E-10,2.842823,2.776445
'[17:34:32.588 21/01/2026]',1.34467,-0.01801906,3.118971,1.875396,4.610755E-10,4.610755E-10,2.842823,2.776445
'[17:34:32.596 21/01/2026]',1.34467,-0.01801906,3.118971,1.875396,4.610755E-10,4.610755E-10,2.842823,2.776445
'[17:34:32.604 21/01/2026]',1.34467,-0.01801906,3.118971,1.875396,4.610755E-10,4.610755E-10,2.842823,2.776445
'[17:34:32.612 21/01/2026]',-1.750695,-0.3313199,-3.025853,-3.920762,4.610755E-10,4.610755E-10,-4.460134,-4.915489
'[17:34:32.620 21/01/2026]',-1.543094,-0.268089,-3.502151,-2.428171,4.610755E-10,4.610755E-10,-0.4636994,-0.4619403
'[17:34:32.628 21/01/2026]',-0.1915912,-1.89891,2.494365,3.496795,4.610755E-10,4.610755E-10,3.119103,4.293451
'[17:34:32.636 21/01/2026]',-0.1915912,-1.89891,2.494365,3.496795,4.610755E-10,4.610755E-10,3.119103,4.293451
'[17:34:32.644 21/01/2026]',4.682134,3.972088,6.077229,3.156764,4.610755E-10,4.610755E-10,1.396627,-0.5955689
'[17:34:32.652 21/01/2026]',4.682134,3.972088,6.077229,3.156764,4.610755E-10,4.610755E-10,1.396627,-0.5955689
'[17:34:32.660 21/01/2026]',-5.595252,-3.321027,-6.679199,-3.821998,4.610755E-10,4.610755E-10,-2.799743,-2.847146
'[17:34:32.668 21/01/2026]',-5.595252,-3.321027,-6.679199,-3.821998,4.610755E-10,4.610755E-10,-2.799743,-2.847146
'[17:34:32.676 21/01/2026]',-5.045479,-3.051274,-2.56721,-3.307894,4.610755E-10,4.610755E-10,-0.007298377,2.386901
'[17:34:32.684 21/01/2026]',-5.045479,-3.051274,-2.56721,-3.307894,4.610755E-10,4.610755E-10,-0.007298377,2.386901
'[17:34:32.692 21/01/2026]',5.106247,9.214546,6.338101,8.190244,4.610755E-10,4.610755E-10,5.644796,4.286119
'[17:34:32.700 21/01/2026]',5.106247,9.214546,6.338101,8.190244,4.610755E-10,4.610755E-10,5.644796,4.286119
'[17:34:32.708 21/01/2026]',5.106247,9.214546,6.338101,8.190244,4.610755E-10,4.610755E-10,5.644796,4.286119
'[17:34:32.716 21/01/2026]',11.52767,-2.79132,2.564895,-0.6698896,4.610755E-10,4.610755E-10,-7.960506,-8.027472
'[17:34:32.724 21/01/2026]',11.52767,-2.79132,2.564895,-0.6698896,4.610755E-10,4.610755E-10,-7.960506,-8.027472
'[17:34:32.732 21/01/2026]',-4.776966,-5.199917,-3.253042,-3.426957,4.610755E-10,4.610755E-10,2.248776,2.010709
'[17:34:32.740 21/01/2026]',-4.776966,-5.199917,-3.253042,-3.426957,4.610755E-10,4.610755E-10,2.248776,2.010709
'[17:34:32.748 21/01/2026]',-4.322151,4.60421,0.7141048,2.291876,4.610755E-10,4.610755E-10,2.838629,1.576585
'[17:34:32.756 21/01/2026]',-4.322151,4.60421,0.7141048,2.291876,4.610755E-10,4.610755E-10,2.838629,1.576585
'[17:34:32.764 21/01/2026]',-4.322151,4.60421,0.7141048,2.291876,4.610755E-10,4.610755E-10,2.838629,1.576585
'[17:34:32.772 21/01/2026]',-4.322151,4.60421,0.7141048,2.291876,4.610755E-10,4.610755E-10,2.838629,1.576585
'[17:34:32.780 21/01/2026]',-2.63791,-2.637938,-4.228875,-2.685981,4.610755E-10,4.610755E-10,-1.036467,1.925435
'[17:34:32.788 21/01/2026]',2.231867,-3.544072,-0.9945655,-3.962913,4.610755E-10,4.610755E-10,-4.501126,-3.794024
'[17:34:32.796 21/01/2026]',2.231867,-3.544072,-0.9945655,-3.962913,4.610755E-10,4.610755E-10,-4.501126,-3.794024
'[17:34:32.804 21/01/2026]',1.127885,6.840083,4.714867,6.552622,4.610755E-10,4.610755E-10,5.277343,2.892409
'[17:34:32.812 21/01/2026]',1.127885,6.840083,4.714867,6.552622,4.610755E-10,4.610755E-10,5.277343,2.892409
'[17:34:32.820 21/01/2026]',-0.6240911,-3.365641,1.024181,1.287447,4.610755E-10,4.610755E-10,-0.2998749,-0.07487635
'[17:34:32.828 21/01/2026]',-1.082192,-1.39702,-4.203348,-5.76,4.610755E-10,4.610755E-10,-2.582719,-2.795873
'[17:34:32.836 21/01/2026]',-1.082192,-1.39702,-4.203348,-5.76,4.610755E-10,4.610755E-10,-2.582719,-2.795873
'[17:34:32.844 21/01/2026]',-4.726204,-4.531808,0.9584366,0.5170975,4.610755E-10,4.610755E-10,1.559461,2.108874
'[17:34:32.852 21/01/2026]',-4.726204,-4.531808,0.9584366,0.5170975,4.610755E-10,4.610755E-10,1.559461,2.108874
'[17:34:32.860 21/01/2026]',12.57867,11.42839,2.887466,5.064917,4.610755E-10,4.610755E-10,-0.6963193,-1.148577
'[17:34:32.868 21/01/2026]',12.57867,11.42839,2.887466,5.064917,4.610755E-10,4.610755E-10,-0.6963193,-1.148577
'[17:34:32.876 21/01/2026]',12.57867,11.42839,2.887466,5.064917,4.610755E-10,4.610755E-10,-0.6963193,-1.148577
'[17:34:32.884 21/01/2026]',-8.989912,-6.303618,-2.411036,-2.764281,4.610755E-10,4.610755E-10,-0.275173,0.8766023
'[17:34:32.892 21/01/2026]',-8.989912,-6.303618,-2.411036,-2.764281,4.610755E-10,4.610755E-10,-0.275173,0.8766023
'[17:34:32.900 21/01/2026]',1.309728,-2.942207,0.7103343,-0.6829891,4.610755E-10,4.610755E-10,4.747302,3.052431
'[17:34:32.908 21/01/2026]',-2.010082,0.01269461,-3.836726,-2.110308,4.610755E-10,4.610755E-10,-5.03954,-3.160601
'[17:34:32.916 21/01/2026]',-2.010082,0.01269461,-3.836726,-2.110308,4.610755E-10,4.610755E-10,-5.03954,-3.160601
'[17:34:32.924 21/01/2026]',-2.010082,0.01269461,-3.836726,-2.110308,4.610755E-10,4.610755E-10,-5.03954,-3.160601
'[17:34:32.932 21/01/2026]',1.433795,2.114151,2.453455,2.453595,4.610755E-10,4.610755E-10,-1.220781,-2.167625
'[17:34:32.940 21/01/2026]',1.433795,2.114151,2.453455,2.453595,4.610755E-10,4.610755E-10,-1.220781,-2.167625
'[17:34:32.948 21/01/2026]',1.433795,2.114151,2.453455,2.453595,4.610755E-10,4.610755E-10,-1.220781,-2.167625
'[17:34:32.956 21/01/2026]',1.215735,-1.030021,1.592616,0.741263,4.610755E-10,4.610755E-10,3.66956,4.373756
'[17:34:32.964 21/01/2026]',1.215735,-1.030021,1.592616,0.741263,4.610755E-10,4.610755E-10,3.66956,4.373756
'[17:34:32.972 21/01/2026]',-1.846249,0.4133566,-1.952146,-2.344934,4.610755E-10,4.610755E-10,-2.318436,-2.843109
'[17:34:32.980 21/01/2026]',-1.846249,0.4133566,-1.952146,-2.344934,4.610755E-10,4.610755E-10,-2.318436,-2.843109
'[17:34:32.988 21/01/2026]',-2.860909,-2.315585,-3.23764,-0.1424616,4.610755E-10,4.610755E-10,-2.315125,-2.543259
'[17:34:32.996 21/01/2026]',5.050949,2.438088,5.472152,3.22219,4.610755E-10,4.610755E-10,4.610201,4.579998
'[17:34:33.004 21/01/2026]',5.050949,2.438088,5.472152,3.22219,4.610755E-10,4.610755E-10,4.610201,4.579998
'[17:34:33.012 21/01/2026]',5.050949,2.438088,5.472152,3.22219,4.610755E-10,4.610755E-10,4.610201,4.579998
'[17:34:33.020 21/01/2026]',-1.699007,1.916525,-1.188388,-2.228291,4.610755E-10,4.610755E-10,0.333636,0.1774228
'[17:34:33.028 21/01/2026]',-1.494478,-3.05128,-2.492055,-1.42743,4.610755E-10,4.610755E-10,-4.443221,-3.744487
'[17:34:33.036 21/01/2026]',-1.494478,-3.05128,-2.492055,-1.42743,4.610755E-10,4.610755E-10,-4.443221,-3.744487
'[17:34:33.044 21/01/2026]',-0.2298447,5.222611,0.9535317,2.74619,4.610755E-10,4.610755E-10,1.835346,1.732044
'[17:34:33.052 21/01/2026]',-0.2298447,5.222611,0.9535317,2.74619,4.610755E-10,4.610755E-10,1.835346,1.732044
'[17:34:33.060 21/01/2026]',4.49825,-4.094548,1.367091,0.02775039,4.610755E-10,4.610755E-10,1.560673,1.536251
'[17:34:33.068 21/01/2026]',4.49825,-4.094548,1.367091,0.02775039,4.610755E-10,4.610755E-10,1.560673,1.536251
'[17:34:33.076 21/01/2026]',-6.738404,-3.723951,-3.127428,-4.467211,4.610755E-10,4.610755E-10,-3.569736,-4.077538
'[17:34:33.084 21/01/2026]',-6.738404,-3.723951,-3.127428,-4.467211,4.610755E-10,4.610755E-10,-3.569736,-4.077538
'[17:34:33.092 21/01/2026]',-6.738404,-3.723951,-3.127428,-4.467211,4.610755E-10,4.610755E-10,-3.569736,-4.077538
'[17:34:33.100 21/01/2026]',-6.738404,-3.723951,-3.127428,-4.467211,4.610755E-10,4.610755E-10,-3.569736,-4.077538
'[17:34:33.108 21/01/2026]',3.714549,6.050445,1.671371,4.23914,4.610755E-10,4.610755E-10,4.033315,3.782429
'[17:34:33.116 21/01/2026]',3.714549,6.050445,1.671371,4.23914,4.610755E-10,4.610755E-10,4.033315,3.782429
'[17:34:33.124 21/01/2026]',3.714549,6.050445,1.671371,4.23914,4.610755E-10,4.610755E-10,4.033315,3.782429
'[17:34:33.132 21/01/2026]',-0.478277,-1.17596,2.285727,-0.0295074,4.610755E-10,4.610755E-10,-1.922896,-1.066201
'[17:34:33.140 21/01/2026]',-0.478277,-1.17596,2.285727,-0.0295074,4.610755E-10,4.610755E-10,-1.922896,-1.066201
'[17:34:33.148 21/01/2026]',0.5044925,0.5805485,0.223842,0.05469452,4.610755E-10,4.610755E-10,2.915414,1.231315
'[17:34:33.156 21/01/2026]',-0.7697507,-3.362204,-3.821217,-2.215531,4.610755E-10,4.610755E-10,-5.475915,-2.929765
'[17:34:33.164 21/01/2026]',-0.7697507,-3.362204,-3.821217,-2.215531,4.610755E-10,4.610755E-10,-5.475915,-2.929765
'[17:34:33.172 21/01/2026]',0.8627319,1.403487,4.473987,2.121383,4.610755E-10,4.610755E-10,3.988152,2.391343
'[17:34:33.180 21/01/2026]',0.8627319,1.403487,4.473987,2.121383,4.610755E-10,4.610755E-10,3.988152,2.391343
'[17:34:33.188 21/01/2026]',-2.317254,1.054401,-3.858034,-1.45622,4.610755E-10,4.610755E-10,-1.043817,-1.074107
'[17:34:33.196 21/01/2026]',-2.317254,1.054401,-3.858034,-1.45622,4.610755E-10,4.610755E-10,-1.043817,-1.074107
'[17:34:33.204 21/01/2026]',-2.317254,1.054401,-3.858034,-1.45622,4.610755E-10,4.610755E-10,-1.043817,-1.074107
'[17:34:33.212 21/01/2026]',2.106122,-2.444169,2.048784,0.7291877,4.610755E-10,4.610755E-10,-0.39314,0.9298899
'[17:34:33.220 21/01/2026]',-1.144551,3.919313,0.03621374,0.3851473,4.610755E-10,4.610755E-10,-0.9283111,-1.729187
'[17:34:33.228 21/01/2026]',-1.144551,3.919313,0.03621374,0.3851473,4.610755E-10,4.610755E-10,-0.9283111,-1.729187
'[17:34:33.236 21/01/2026]',-1.144551,3.919313,0.03621374,0.3851473,4.610755E-10,4.610755E-10,-0.9283111,-1.729187
'[17:34:33.244 21/01/2026]',0.4955053,-5.837573,-1.194769,-1.710529,4.610755E-10,4.610755E-10,0.3554867,-0.1617793
'[17:34:33.252 21/01/2026]',0.4955053,-5.837573,-1.194769,-1.710529,4.610755E-10,4.610755E-10,0.3554867,-0.1617793
'[17:34:33.260 21/01/2026]',1.479299,3.839091,2.905674,2.484114,4.610755E-10,4.610755E-10,0.4844855,1.200062
'[17:34:33.268 21/01/2026]',1.479299,3.839091,2.905674,2.484114,4.610755E-10,4.610755E-10,0.4844855,1.200062
'[17:34:33.276 21/01/2026]',1.479299,3.839091,2.905674,2.484114,4.610755E-10,4.610755E-10,0.4844855,1.200062
'[17:34:33.284 21/01/2026]',-3.379825,-3.138942,-4.721021,-3.456012,4.610755E-10,4.610755E-10,-0.4921365,-0.6265234
'[17:34:33.292 21/01/2026]',-3.379825,-3.138942,-4.721021,-3.456012,4.610755E-10,4.610755E-10,-0.4921365,-0.6265234
'[17:34:33.300 21/01/2026]',-3.379825,-3.138942,-4.721021,-3.456012,4.610755E-10,4.610755E-10,-0.4921365,-0.6265234
'[17:34:33.308 21/01/2026]',-3.379825,-3.138942,-4.721021,-3.456012,4.610755E-10,4.610755E-10,-0.4921365,-0.6265234
'[17:34:33.316 21/01/2026]',2.284878,8.324481,5.49337,5.5913,4.610755E-10,4.610755E-10,3.998531,2.716885
'[17:34:33.324 21/01/2026]',4.48925,-4.606864,1.041586,-0.2240621,4.610755E-10,4.610755E-10,-1.442137,-0.1143289
'[17:34:33.332 21/01/2026]',4.48925,-4.606864,1.041586,-0.2240621,4.610755E-10,4.610755E-10,-1.442137,-0.1143289
'[17:34:33.340 21/01/2026]',-6.234498,-7.744573,-4.82251,-5.612969,4.610755E-10,4.610755E-10,-4.808119,-5.206561
'[17:34:33.348 21/01/2026]',3.680584,8.797543,2.542076,4.66347,4.610755E-10,4.610755E-10,7.600808,5.120757
'[17:34:33.356 21/01/2026]',3.680584,8.797543,2.542076,4.66347,4.610755E-10,4.610755E-10,7.600808,5.120757
'[17:34:33.364 21/01/2026]',-0.4146433,-1.828286,0.01956533,-0.6952896,4.610755E-10,4.610755E-10,-2.808861,1.719795
'[17:34:33.372 21/01/2026]',-0.4146433,-1.828286,0.01956533,-0.6952896,4.610755E-10,4.610755E-10,-2.808861,1.719795
'[17:34:33.380 21/01/2026]',-1.881531,-4.22357,0.2454549,-0.3989987,4.610755E-10,4.610755E-10,0.4655602,-3.10257
'[17:34:33.388 21/01/2026]',-1.881531,-4.22357,0.2454549,-0.3989987,4.610755E-10,4.610755E-10,0.4655602,-3.10257
'[17:34:33.396 21/01/2026]',-0.05577184,1.132237,-4.055781,-3.007143,4.610755E-10,4.610755E-10,-4.301845,-3.494613
'[17:34:33.404 21/01/2026]',-0.05577184,1.132237,-4.055781,-3.007143,4.610755E-10,4.610755E-10,-4.301845,-3.494613
'[17:34:33.412 21/01/2026]',-0.05577184,1.132237,-4.055781,-3.007143,4.610755E-10,4.610755E-10,-4.301845,-3.494613
'[17:34:33.420 21/01/2026]',3.250192,1.343686,3.064998,3.664465,4.610755E-10,4.610755E-10,3.434916,4.076185
'[17:34:33.428 21/01/2026]',3.250192,1.343686,3.064998,3.664465,4.610755E-10,4.610755E-10,3.434916,4.076185
'[17:34:33.436 21/01/2026]',-3.271052,0.1828281,0.2192264,-0.3673414,4.610755E-10,4.610755E-10,-1.941304,-1.796527
'[17:34:33.444 21/01/2026]',-3.271052,0.1828281,0.2192264,-0.3673414,4.610755E-10,4.610755E-10,-1.941304,-1.796527
'[17:34:33.452 21/01/2026]',-3.271052,0.1828281,0.2192264,-0.3673414,4.610755E-10,4.610755E-10,-1.941304,-1.796527
'[17:34:33.460 21/01/2026]',-0.686489,-1.56315,-1.836977,-1.77529,4.610755E-10,4.610755E-10,3.910367,3.765042
'[17:34:33.468 21/01/2026]',-0.686489,-1.56315,-1.836977,-1.77529,4.610755E-10,4.610755E-10,3.910367,3.765042
'[17:34:33.476 21/01/2026]',-0.686489,-1.56315,-1.836977,-1.77529,4.610755E-10,4.610755E-10,3.910367,3.765042
'[17:34:33.484 21/01/2026]',2.011211,6.215594,0.291607,0.6988848,4.610755E-10,4.610755E-10,-0.3502491,-0.5424433
'[17:34:33.492 21/01/2026]',-1.217399,-8.986582,1.277973,0.9486469,4.610755E-10,4.610755E-10,-2.636766,-3.644931
'[17:34:33.500 21/01/2026]',-1.217399,-8.986582,1.277973,0.9486469,4.610755E-10,4.610755E-10,-2.636766,-3.644931
'[17:34:33.508 21/01/2026]',2.925122,6.470805,2.410725,1.044788,4.610755E-10,4.610755E-10,2.512757,3.348102
'[17:34:33.516 21/01/2026]',-3.583059,-0.9506539,-2.719013,-2.421994,4.610755E-10,4.610755E-10,-1.345167,-1.527798
'[17:34:33.524 21/01/2026]',-3.583059,-0.9506539,-2.719013,-2.421994,4.610755E-10,4.610755E-10,-1.345167,-1.527798
'[17:34:33.532 21/01/2026]',-3.583059,-0.9506539,-2.719013,-2.421994,4.610755E-10,4.610755E-10,-1.345167,-1.527798
'[17:34:33.540 21/01/2026]',1.14763,-3.153615,-1.349055,1.173206,4.610755E-10,4.610755E-10,1.316744,1.77336
'[17:34:33.548 21/01/2026]',1.14763,-3.153615,-1.349055,1.173206,4.610755E-10,4.610755E-10,1.316744,1.77336
'[17:34:33.556 21/01/2026]',1.52159,2.506798,3.148485,0.1226076,4.610755E-10,4.610755E-10,-2.308093,-1.873412
'[17:34:33.564 21/01/2026]',0.8797242,-1.497648,1.336034,1.816378,4.610755E-10,4.610755E-10,6.329868,2.427128
'[17:34:33.572 21/01/2026]',0.8797242,-1.497648,1.336034,1.816378,4.610755E-10,4.610755E-10,6.329868,2.427128
'[17:34:33.580 21/01/2026]',0.8797242,-1.497648,1.336034,1.816378,4.610755E-10,4.610755E-10,6.329868,2.427128
'[17:34:33.588 21/01/2026]',-4.032977,0.2203205,-4.292164,-2.551989,4.610755E-10,4.610755E-10,-8.899402,-3.719548
'[17:34:33.596 21/01/2026]',-4.032977,0.2203205,-4.292164,-2.551989,4.610755E-10,4.610755E-10,-8.899402,-3.719548
'[17:34:33.604 21/01/2026]',2.740118,2.472705,1.334281,1.021924,4.610755E-10,4.610755E-10,2.898768,1.593671
'[17:34:33.612 21/01/2026]',2.740118,2.472705,1.334281,1.021924,4.610755E-10,4.610755E-10,2.898768,1.593671
'[17:34:33.620 21/01/2026]',1.328383,-2.220476,1.994989,1.169517,4.610755E-10,4.610755E-10,5.510578,3.003429
'[17:34:33.628 21/01/2026]',1.328383,-2.220476,1.994989,1.169517,4.610755E-10,4.610755E-10,5.510578,3.003429
'[17:34:33.636 21/01/2026]',1.328383,-2.220476,1.994989,1.169517,4.610755E-10,4.610755E-10,5.510578,3.003429
'[17:34:33.644 21/01/2026]',1.328383,-2.220476,1.994989,1.169517,4.610755E-10,4.610755E-10,5.510578,3.003429
'[17:34:33.652 21/01/2026]',-3.238405,2.503809,-2.521083,-2.347956,4.610755E-10,4.610755E-10,-4.482844,-3.590575
'[17:34:33.660 21/01/2026]',-3.238405,2.503809,-2.521083,-2.347956,4.610755E-10,4.610755E-10,-4.482844,-3.590575
'[17:34:33.668 21/01/2026]',-0.8012763,-5.034859,-1.739178,-2.065586,4.610755E-10,4.610755E-10,-2.458629,-0.8735892
'[17:34:33.676 21/01/2026]',3.851923,6.098636,4.804895,5.921393,4.610755E-10,4.610755E-10,6.045181,4.530646
'[17:34:33.684 21/01/2026]',-1.082263,-1.381495,-0.4607847,-1.346511,4.610755E-10,4.610755E-10,-1.501245,-2.021253
'[17:34:33.692 21/01/2026]',-1.082263,-1.381495,-0.4607847,-1.346511,4.610755E-10,4.610755E-10,-1.501245,-2.021253
'[17:34:33.700 21/01/2026]',-2.447501,-4.066446,-5.608577,-4.261261,4.610755E-10,4.610755E-10,-5.839882,-3.933708
'[17:34:33.708 21/01/2026]',-2.447501,-4.066446,-5.608577,-4.261261,4.610755E-10,4.610755E-10,-5.839882,-3.933708
'[17:34:33.716 21/01/2026]',-2.447501,-4.066446,-5.608577,-4.261261,4.610755E-10,4.610755E-10,-5.839882,-3.933708
'[17:34:33.724 21/01/2026]',-0.09072537,0.8011969,2.806806,1.28535,4.610755E-10,4.610755E-10,4.568204,3.397188
'[17:34:33.732 21/01/2026]',-0.09072537,0.8011969,2.806806,1.28535,4.610755E-10,4.610755E-10,4.568204,3.397188
'[17:34:33.740 21/01/2026]',1.197396,2.861495,0.9603839,1.431203,4.610755E-10,4.610755E-10,0.6391214,0.5516879
'[17:34:33.748 21/01/2026]',1.197396,2.861495,0.9603839,1.431203,4.610755E-10,4.610755E-10,0.6391214,0.5516879
'[17:34:33.756 21/01/2026]',-0.3685605,-1.847071,-1.479609,-1.010198,4.610755E-10,4.610755E-10,-2.936085,-1.701186
'[17:34:33.764 21/01/2026]',-0.3685605,-1.847071,-1.479609,-1.010198,4.610755E-10,4.610755E-10,-2.936085,-1.701186
'[17:34:33.772 21/01/2026]',-0.9060099,-0.527009,-0.8236271,0.491337,4.610755E-10,4.610755E-10,0.3604584,-1.192866
'[17:34:33.780 21/01/2026]',-0.9060099,-0.527009,-0.8236271,0.491337,4.610755E-10,4.610755E-10,0.3604584,-1.192866
'[17:34:33.788 21/01/2026]',0.7983627,1.387405,0.802207,-0.1549269,4.610755E-10,4.610755E-10,2.328629,2.579788
'[17:34:33.796 21/01/2026]',0.7983627,1.387405,0.802207,-0.1549269,4.610755E-10,4.610755E-10,2.328629,2.579788
'[17:34:33.804 21/01/2026]',0.7983627,1.387405,0.802207,-0.1549269,4.610755E-10,4.610755E-10,2.328629,2.579788
'[17:34:33.812 21/01/2026]',0.7983627,1.387405,0.802207,-0.1549269,4.610755E-10,4.610755E-10,2.328629,2.579788
'[17:34:33.820 21/01/2026]',-1.762701,-0.4456111,-0.2293173,-1.73482,4.610755E-10,4.610755E-10,-3.187487,-2.097183
'[17:34:33.828 21/01/2026]',0.1670588,-1.644495,-0.209608,1.619921,4.610755E-10,4.610755E-10,0.3338363,-0.6320767
'[17:34:33.836 21/01/2026]',0.1670588,-1.644495,-0.209608,1.619921,4.610755E-10,4.610755E-10,0.3338363,-0.6320767
'[17:34:33.844 21/01/2026]',-0.5462896,1.212654,-0.5723628,-0.3491818,4.610755E-10,4.610755E-10,0.6759959,1.008255
'[17:34:33.852 21/01/2026]',1.000472,-0.2265355,0.1939566,-2.517375,4.610755E-10,4.610755E-10,0.8678561,0.5250915
'[17:34:33.860 21/01/2026]',1.000472,-0.2265355,0.1939566,-2.517375,4.610755E-10,4.610755E-10,0.8678561,0.5250915
'[17:34:33.868 21/01/2026]',-3.994194,-0.9032083,-4.598258,-1.072473,4.610755E-10,4.610755E-10,-4.740459,-4.659026
'[17:34:33.876 21/01/2026]',-3.994194,-0.9032083,-4.598258,-1.072473,4.610755E-10,4.610755E-10,-4.740459,-4.659026
'[17:34:33.884 21/01/2026]',2.58514,-0.9030296,5.088287,3.951615,4.610755E-10,4.610755E-10,4.471753,4.997777
'[17:34:33.892 21/01/2026]',2.58514,-0.9030296,5.088287,3.951615,4.610755E-10,4.610755E-10,4.471753,4.997777
'[17:34:33.900 21/01/2026]',1.829522,2.326101,-1.474526,-1.160956,4.610755E-10,4.610755E-10,-2.07791,-2.30293
'[17:34:33.908 21/01/2026]',1.829522,2.326101,-1.474526,-1.160956,4.610755E-10,4.610755E-10,-2.07791,-2.30293
'[17:34:33.916 21/01/2026]',-2.275275,-0.2260861,-0.1641792,-1.240851,4.610755E-10,4.610755E-10,-1.539837,-2.609005
'[17:34:33.924 21/01/2026]',-2.275275,-0.2260861,-0.1641792,-1.240851,4.610755E-10,4.610755E-10,-1.539837,-2.609005
'[17:34:33.932 21/01/2026]',-2.275275,-0.2260861,-0.1641792,-1.240851,4.610755E-10,4.610755E-10,-1.539837,-2.609005
'[17:34:33.940 21/01/2026]',-2.120193,-1.10061,0.7067959,1.575787,4.610755E-10,4.610755E-10,5.097274,6.004126
'[17:34:33.948 21/01/2026]',-2.120193,-1.10061,0.7067959,1.575787,4.610755E-10,4.610755E-10,5.097274,6.004126
'[17:34:33.956 21/01/2026]',6.309506,-0.774892,-0.8271953,0.479059,4.610755E-10,4.610755E-10,-5.088082,-3.732341
'[17:34:33.964 21/01/2026]',6.309506,-0.774892,-0.8271953,0.479059,4.610755E-10,4.610755E-10,-5.088082,-3.732341
'[17:34:33.972 21/01/2026]',6.309506,-0.774892,-0.8271953,0.479059,4.610755E-10,4.610755E-10,-5.088082,-3.732341
'[17:34:33.980 21/01/2026]',-0.03428747,4.199125,4.239632,0.8584721,4.610755E-10,4.610755E-10,0.5414217,-0.9244508
'[17:34:33.988 21/01/2026]',-0.03428747,4.199125,4.239632,0.8584721,4.610755E-10,4.610755E-10,0.5414217,-0.9244508
'[17:34:33.996 21/01/2026]',-0.03428747,4.199125,4.239632,0.8584721,4.610755E-10,4.610755E-10,0.5414217,-0.9244508
'[17:34:34.004 21/01/2026]',-8.190392,-6.645041,-8.08219,-5.269817,4.610755E-10,4.610755E-10,2.973231,0.9217466
'[17:34:34.012 21/01/2026]',3.771185,2.382513,4.480501,3.52545,4.610755E-10,4.610755E-10,-3.159805,0.7876423
'[17:34:34.020 21/01/2026]',2.417079,2.332359,-0.564219,-0.4326231,4.610755E-10,4.610755E-10,1.008555,-1.827485
'[17:34:34.028 21/01/2026]',-2.98277,-7.005318,-1.221194,-1.800806,4.610755E-10,4.610755E-10,-0.703383,-1.356499
'[17:34:34.036 21/01/2026]',-2.98277,-7.005318,-1.221194,-1.800806,4.610755E-10,4.610755E-10,-0.703383,-1.356499
'[17:34:34.044 21/01/2026]',3.744455,6.976961,4.963561,5.029015,4.610755E-10,4.610755E-10,2.234578,5.502198
'[17:34:34.052 21/01/2026]',3.744455,6.976961,4.963561,5.029015,4.610755E-10,4.610755E-10,2.234578,5.502198
'[17:34:34.060 21/01/2026]',3.744455,6.976961,4.963561,5.029015,4.610755E-10,4.610755E-10,2.234578,5.502198
'[17:34:34.068 21/01/2026]',-5.094889,-3.711206,-6.870393,-5.851196,4.610755E-10,4.610755E-10,-4.281659,-5.764835
'[17:34:34.076 21/01/2026]',-5.094889,-3.711206,-6.870393,-5.851196,4.610755E-10,4.610755E-10,-4.281659,-5.764835
'[17:34:34.084 21/01/2026]',-5.094889,-3.711206,-6.870393,-5.851196,4.610755E-10,4.610755E-10,-4.281659,-5.764835
'[17:34:34.092 21/01/2026]',0.1882885,-1.023442,0.8085544,-0.4026745,4.610755E-10,4.610755E-10,0.6979324,-1.426814
'[17:34:34.100 21/01/2026]',0.1882885,-1.023442,0.8085544,-0.4026745,4.610755E-10,4.610755E-10,0.6979324,-1.426814
'[17:34:34.108 21/01/2026]',3.584743,3.342015,3.62173,4.540522,4.610755E-10,4.610755E-10,2.141239,5.281106
'[17:34:34.116 21/01/2026]',3.584743,3.342015,3.62173,4.540522,4.610755E-10,4.610755E-10,2.141239,5.281106
'[17:34:34.124 21/01/2026]',-1.94679,-4.276561,0.3451516,-1.814344,4.610755E-10,4.610755E-10,-0.4161977,-1.90357
'[17:34:34.132 21/01/2026]',-1.94679,-4.276561,0.3451516,-1.814344,4.610755E-10,4.610755E-10,-0.4161977,-1.90357
'[17:34:34.140 21/01/2026]',-1.243019,4.687105,-3.747272,-0.8332756,4.610755E-10,4.610755E-10,-0.6475872,-1.754427
'[17:34:34.148 21/01/2026]',-1.243019,4.687105,-3.747272,-0.8332756,4.610755E-10,4.610755E-10,-0.6475872,-1.754427
'[17:34:34.156 21/01/2026]',-1.243019,4.687105,-3.747272,-0.8332756,4.610755E-10,4.610755E-10,-0.6475872,-1.754427
'[17:34:34.164 21/01/2026]',-1.243019,4.687105,-3.747272,-0.8332756,4.610755E-10,4.610755E-10,-0.6475872,-1.754427
'[17:34:34.172 21/01/2026]',-1.243019,4.687105,-3.747272,-0.8332756,4.610755E-10,4.610755E-10,-0.6475872,-1.754427
'[17:34:34.180 21/01/2026]',2.525963,-2.347319,2.885926,0.5612102,4.610755E-10,4.610755E-10,-0.7973726,1.444257
'[17:34:34.188 21/01/2026]',2.525963,-2.347319,2.885926,0.5612102,4.610755E-10,4.610755E-10,-0.7973726,1.444257
'[17:34:34.196 21/01/2026]',2.525963,-2.347319,2.885926,0.5612102,4.610755E-10,4.610755E-10,-0.7973726,1.444257
'[17:34:34.204 21/01/2026]',0.240864,-0.7629213,2.674027,2.693834,4.610755E-10,4.610755E-10,2.44343,2.093584
'[17:34:34.212 21/01/2026]',-1.430584,0.08654788,-4.120669,-3.107747,4.610755E-10,4.610755E-10,-2.313488,-2.898324
'[17:34:34.220 21/01/2026]',0.3866615,1.911955,1.863513,1.354033,4.610755E-10,4.610755E-10,0.6999011,-0.3555347
'[17:34:34.228 21/01/2026]',0.5277992,-2.412345,-1.19557,-1.077701,4.610755E-10,4.610755E-10,-0.5302981,0.6152575
'[17:34:34.236 21/01/2026]',0.5277992,-2.412345,-1.19557,-1.077701,4.610755E-10,4.610755E-10,-0.5302981,0.6152575
'[17:34:34.244 21/01/2026]',0.5277992,-2.412345,-1.19557,-1.077701,4.610755E-10,4.610755E-10,-0.5302981,0.6152575
'[17:34:34.252 21/01/2026]',-2.380152,1.850903,-0.9748029,-1.290028,4.610755E-10,4.610755E-10,-2.26693,-2.235657
'[17:34:34.260 21/01/2026]',-2.380152,1.850903,-0.9748029,-1.290028,4.610755E-10,4.610755E-10,-2.26693,-2.235657
'[17:34:34.268 21/01/2026]',3.949382,0.3318426,3.750739,4.118038,4.610755E-10,4.610755E-10,5.973812,6.32203
'[17:34:34.276 21/01/2026]',3.949382,0.3318426,3.750739,4.118038,4.610755E-10,4.610755E-10,5.973812,6.32203
'[17:34:34.284 21/01/2026]',-6.768339,-3.196226,-3.428505,-2.681413,4.610755E-10,4.610755E-10,-2.081097,-3.264764
'[17:34:34.292 21/01/2026]',-6.768339,-3.196226,-3.428505,-2.681413,4.610755E-10,4.610755E-10,-2.081097,-3.264764
'[17:34:34.300 21/01/2026]',-6.768339,-3.196226,-3.428505,-2.681413,4.610755E-10,4.610755E-10,-2.081097,-3.264764
'[17:34:34.308 21/01/2026]',-0.7895764,-3.064588,3.677139,1.13,4.610755E-10,4.610755E-10,-0.3403814,-0.2938798
'[17:34:34.316 21/01/2026]',4.087778,3.916381,-4.526574,-3.056266,4.610755E-10,4.610755E-10,-2.556467,-0.2275473
'[17:34:34.324 21/01/2026]',4.087778,3.916381,-4.526574,-3.056266,4.610755E-10,4.610755E-10,-2.556467,-0.2275473
'[17:34:34.332 21/01/2026]',4.087778,3.916381,-4.526574,-3.056266,4.610755E-10,4.610755E-10,-2.556467,-0.2275473
'[17:34:34.340 21/01/2026]',11.60306,8.944604,8.768948,7.858827,4.610755E-10,4.610755E-10,3.449502,0.6072669
'[17:34:34.348 21/01/2026]',11.60306,8.944604,8.768948,7.858827,4.610755E-10,4.610755E-10,3.449502,0.6072669
'[17:34:34.356 21/01/2026]',11.60306,8.944604,8.768948,7.858827,4.610755E-10,4.610755E-10,3.449502,0.6072669
'[17:34:34.364 21/01/2026]',-5.578302,-2.267856,-3.370746,-1.582885,4.610755E-10,4.610755E-10,-2.325754,0.2453015
'[17:34:34.372 21/01/2026]',-3.764542,-2.014678,-0.002140217,-3.052585,4.610755E-10,4.610755E-10,2.621804,1.535893
'[17:34:34.380 21/01/2026]',-2.614551,-3.667967,-4.907606,-1.115452,4.610755E-10,4.610755E-10,-0.9089326,-2.934883
'[17:34:34.388 21/01/2026]',-2.614551,-3.667967,-4.907606,-1.115452,4.610755E-10,4.610755E-10,-0.9089326,-2.934883
'[17:34:34.396 21/01/2026]',-2.614551,-3.667967,-4.907606,-1.115452,4.610755E-10,4.610755E-10,-0.9089326,-2.934883
'[17:34:34.404 21/01/2026]',3.449108,3.215625,4.715993,3.050535,4.610755E-10,4.610755E-10,-1.824515,1.676314
'[17:34:34.412 21/01/2026]',3.449108,3.215625,4.715993,3.050535,4.610755E-10,4.610755E-10,-1.824515,1.676314
'[17:34:34.420 21/01/2026]',0.9650806,0.5886669,-0.5664667,-0.5520195,4.610755E-10,4.610755E-10,2.286843,0.7656046
'[17:34:34.428 21/01/2026]',0.9650806,0.5886669,-0.5664667,-0.5520195,4.610755E-10,4.610755E-10,2.286843,0.7656046
'[17:34:34.436 21/01/2026]',0.9650806,0.5886669,-0.5664667,-0.5520195,4.610755E-10,4.610755E-10,2.286843,0.7656046
'[17:34:34.444 21/01/2026]',-4.710689,-1.101033,-4.296149,-2.338069,4.610755E-10,4.610755E-10,-2.742282,-3.712057
'[17:34:34.452 21/01/2026]',-4.710689,-1.101033,-4.296149,-2.338069,4.610755E-10,4.610755E-10,-2.742282,-3.712057
'[17:34:34.460 21/01/2026]',1.65256,-1.822371,2.659737,0.3744285,4.610755E-10,4.610755E-10,1.117989,3.456937
'[17:34:34.468 21/01/2026]',1.66708,6.19721,2.648205,3.987228,4.610755E-10,4.610755E-10,4.127284,0.9789889
'[17:34:34.476 21/01/2026]',1.66708,6.19721,2.648205,3.987228,4.610755E-10,4.610755E-10,4.127284,0.9789889
'[17:34:34.484 21/01/2026]',1.66708,6.19721,2.648205,3.987228,4.610755E-10,4.610755E-10,4.127284,0.9789889
'[17:34:34.492 21/01/2026]',0.05443212,-2.531564,-1.118166,-2.688337,4.610755E-10,4.610755E-10,-2.56189,-1.444001
'[17:34:34.500 21/01/2026]',0.05443212,-2.531564,-1.118166,-2.688337,4.610755E-10,4.610755E-10,-2.56189,-1.444001
'[17:34:34.508 21/01/2026]',-0.8442811,-5.208268,-2.232233,-1.914488,4.610755E-10,4.610755E-10,-5.778173,-3.638057
'[17:34:34.516 21/01/2026]',-0.8442811,-5.208268,-2.232233,-1.914488,4.610755E-10,4.610755E-10,-5.778173,-3.638057
'[17:34:34.524 21/01/2026]',-0.8442811,-5.208268,-2.232233,-1.914488,4.610755E-10,4.610755E-10,-5.778173,-3.638057
'[17:34:34.532 21/01/2026]',-0.8442811,-5.208268,-2.232233,-1.914488,4.610755E-10,4.610755E-10,-5.778173,-3.638057
'[17:34:34.540 21/01/2026]',0.8484935,7.151352,2.564883,4.065833,4.610755E-10,4.610755E-10,6.664742,4.093168
'[17:34:34.548 21/01/2026]',0.8484935,7.151352,2.564883,4.065833,4.610755E-10,4.610755E-10,6.664742,4.093168
'[17:34:34.556 21/01/2026]',-1.670576,-5.729439,-0.7795435,-3.447456,4.610755E-10,4.610755E-10,-1.061308,0.8842444
'[17:34:34.564 21/01/2026]',1.1863,0.8395204,-0.3654662,0.7179856,4.610755E-10,4.610755E-10,-3.872864,-5.07012
'[17:34:34.572 21/01/2026]',-1.231119,2.609295,-0.1664684,1.622545,4.610755E-10,4.610755E-10,3.149948,3.265921
'[17:34:34.580 21/01/2026]',-1.231119,2.609295,-0.1664684,1.622545,4.610755E-10,4.610755E-10,3.149948,3.265921
'[17:34:34.588 21/01/2026]',-1.231119,2.609295,-0.1664684,1.622545,4.610755E-10,4.610755E-10,3.149948,3.265921
'[17:34:34.596 21/01/2026]',-1.231119,2.609295,-0.1664684,1.622545,4.610755E-10,4.610755E-10,3.149948,3.265921
'[17:34:34.604 21/01/2026]',1.410149,-0.3466949,2.344952,0.1665476,4.610755E-10,4.610755E-10,1.063307,0.9612165
'[17:34:34.612 21/01/2026]',1.369363,3.327007,-1.073217,-0.5446373,4.610755E-10,4.610755E-10,0.5454853,0.3775169
'[17:34:34.620 21/01/2026]',-6.905663,-8.34744,-5.380416,-5.601492,4.610755E-10,4.610755E-10,-5.696695,-4.808585
'[17:34:34.628 21/01/2026]',-6.905663,-8.34744,-5.380416,-5.601492,4.610755E-10,4.610755E-10,-5.696695,-4.808585
'[17:34:34.636 21/01/2026]',7.298862,7.738456,7.720785,8.381069,4.610755E-10,4.610755E-10,6.55642,5.218292
'[17:34:34.644 21/01/2026]',7.298862,7.738456,7.720785,8.381069,4.610755E-10,4.610755E-10,6.55642,5.218292
'[17:34:34.652 21/01/2026]',0.3927934,2.534256,-0.1539764,0.8229262,4.610755E-10,4.610755E-10,-0.8501409,-0.3185439
'[17:34:34.660 21/01/2026]',0.3927934,2.534256,-0.1539764,0.8229262,4.610755E-10,4.610755E-10,-0.8501409,-0.3185439
'[17:34:34.668 21/01/2026]',-3.120981,-4.632136,-3.266205,-3.494872,4.610755E-10,4.610755E-10,-1.031184,-0.2978643
'[17:34:34.676 21/01/2026]',-3.120981,-4.632136,-3.266205,-3.494872,4.610755E-10,4.610755E-10,-1.031184,-0.2978643
'[17:34:34.684 21/01/2026]',-3.120981,-4.632136,-3.266205,-3.494872,4.610755E-10,4.610755E-10,-1.031184,-0.2978643
'[17:34:34.692 21/01/2026]',0.2585259,-4.38594,-0.6861976,-2.632255,4.610755E-10,4.610755E-10,-4.248943,-5.265385
'[17:34:34.700 21/01/2026]',1.516772,7.800296,3.813804,5.302757,4.610755E-10,4.610755E-10,6.807317,6.658121
'[17:34:34.708 21/01/2026]',-4.356325,-6.542438,-5.298818,-4.791899,4.610755E-10,4.610755E-10,-4.712901,-3.492587
'[17:34:34.716 21/01/2026]',-4.356325,-6.542438,-5.298818,-4.791899,4.610755E-10,4.610755E-10,-4.712901,-3.492587
'[17:34:34.724 21/01/2026]',4.127674,2.553406,2.251678,2.669368,4.610755E-10,4.610755E-10,0.555943,0.2334283
'[17:34:34.732 21/01/2026]',-0.5429039,2.725988,1.721686,0.8733569,4.610755E-10,4.610755E-10,3.243691,2.459155
'[17:34:34.740 21/01/2026]',-0.5429039,2.725988,1.721686,0.8733569,4.610755E-10,4.610755E-10,3.243691,2.459155
'[17:34:34.748 21/01/2026]',-2.52708,-4.752703,-3.209294,-4.330729,4.610755E-10,4.610755E-10,-5.347658,-5.4744
'[17:34:34.756 21/01/2026]',-2.52708,-4.752703,-3.209294,-4.330729,4.610755E-10,4.610755E-10,-5.347658,-5.4744
'[17:34:34.764 21/01/2026]',1.438397,4.931195,1.471567,5.082824,4.610755E-10,4.610755E-10,5.591181,6.483965
'[17:34:34.772 21/01/2026]',1.438397,4.931195,1.471567,5.082824,4.610755E-10,4.610755E-10,5.591181,6.483965
'[17:34:34.780 21/01/2026]',1.590511,-0.4313326,2.05358,-1.165472,4.610755E-10,4.610755E-10,-1.43838,-2.358361
'[17:34:34.788 21/01/2026]',1.590511,-0.4313326,2.05358,-1.165472,4.610755E-10,4.610755E-10,-1.43838,-2.358361
'[17:34:34.796 21/01/2026]',-2.229551,-1.894113,-3.346861,-3.242062,4.610755E-10,4.610755E-10,-3.230287,-2.600673
'[17:34:34.804 21/01/2026]',-2.229551,-1.894113,-3.346861,-3.242062,4.610755E-10,4.610755E-10,-3.230287,-2.600673
'[17:34:34.812 21/01/2026]',-2.229551,-1.894113,-3.346861,-3.242062,4.610755E-10,4.610755E-10,-3.230287,-2.600673
'[17:34:34.820 21/01/2026]',0.3036444,2.175005,1.429521,3.391728,4.610755E-10,4.610755E-10,3.654519,3.318152
'[17:34:34.828 21/01/2026]',0.3036444,2.175005,1.429521,3.391728,4.610755E-10,4.610755E-10,3.654519,3.318152
'[17:34:34.836 21/01/2026]',-1.057667,-1.387051,-1.901574,-2.427244,4.610755E-10,4.610755E-10,-1.224856,-1.20943
'[17:34:34.844 21/01/2026]',0.615587,-0.5587404,1.935136,1.552121,4.610755E-10,4.610755E-10,0.3461046,-0.2159802
'[17:34:34.852 21/01/2026]',2.390774,4.139197,2.484179,1.302268,4.610755E-10,4.610755E-10,-1.089918,0.3291714
'[17:34:34.860 21/01/2026]',2.390774,4.139197,2.484179,1.302268,4.610755E-10,4.610755E-10,-1.089918,0.3291714
'[17:34:34.868 21/01/2026]',-2.719689,-7.320778,-4.800372,-3.167559,4.610755E-10,4.610755E-10,-1.157164,-2.96749
'[17:34:34.876 21/01/2026]',-2.719689,-7.320778,-4.800372,-3.167559,4.610755E-10,4.610755E-10,-1.157164,-2.96749
'[17:34:34.884 21/01/2026]',-2.719689,-7.320778,-4.800372,-3.167559,4.610755E-10,4.610755E-10,-1.157164,-2.96749
'[17:34:34.892 21/01/2026]',0.609702,4.186745,1.832674,1.321901,4.610755E-10,4.610755E-10,1.411083,3.007583
'[17:34:34.900 21/01/2026]',0.553113,4.430212,1.499667,0.4535189,4.610755E-10,4.610755E-10,0.1164312,-0.3252124
'[17:34:34.908 21/01/2026]',0.553113,4.430212,1.499667,0.4535189,4.610755E-10,4.610755E-10,0.1164312,-0.3252124
'[17:34:34.916 21/01/2026]',-1.886981,-5.470791,-2.769339,-2.191756,4.610755E-10,4.610755E-10,-1.777579,-2.042037
'[17:34:34.924 21/01/2026]',-1.886981,-5.470791,-2.769339,-2.191756,4.610755E-10,4.610755E-10,-1.777579,-2.042037
'[17:34:34.932 21/01/2026]',-1.886981,-5.470791,-2.769339,-2.191756,4.610755E-10,4.610755E-10,-1.777579,-2.042037
'[17:34:34.940 21/01/2026]',1.454742,-3.308299,0.1892154,-0.8210133,4.610755E-10,4.610755E-10,-0.6713768,-1.453426
'[17:34:34.948 21/01/2026]',0.713021,8.748869,3.078262,5.177411,4.610755E-10,4.610755E-10,3.229959,3.862786
'[17:34:34.956 21/01/2026]',0.713021,8.748869,3.078262,5.177411,4.610755E-10,4.610755E-10,3.229959,3.862786
'[17:34:34.964 21/01/2026]',0.713021,8.748869,3.078262,5.177411,4.610755E-10,4.610755E-10,3.229959,3.862786
'[17:34:34.972 21/01/2026]',-1.320444,-3.30157,-1.638575,-2.340886,4.610755E-10,4.610755E-10,-2.171691,-0.8538773
'[17:34:34.980 21/01/2026]',-1.320444,-3.30157,-1.638575,-2.340886,4.610755E-10,4.610755E-10,-2.171691,-0.8538773
'[17:34:34.988 21/01/2026]',-1.320444,-3.30157,-1.638575,-2.340886,4.610755E-10,4.610755E-10,-2.171691,-0.8538773
'[17:34:34.996 21/01/2026]',-1.320444,-3.30157,-1.638575,-2.340886,4.610755E-10,4.610755E-10,-2.171691,-0.8538773
'[17:34:35.004 21/01/2026]',-1.320444,-3.30157,-1.638575,-2.340886,4.610755E-10,4.610755E-10,-2.171691,-0.8538773
'[17:34:35.012 21/01/2026]',-0.6834604,-2.512874,-1.816265,-1.426687,4.610755E-10,4.610755E-10,0.09628866,-0.6188267
'[17:34:35.020 21/01/2026]',-0.6834604,-2.512874,-1.816265,-1.426687,4.610755E-10,4.610755E-10,0.09628866,-0.6188267
'[17:34:35.028 21/01/2026]',1.381199,-0.09640737,3.355277,1.021124,4.610755E-10,4.610755E-10,1.136874,0.1262322
'[17:34:35.036 21/01/2026]',-5.357616,1.405217,-5.187677,-0.4719659,4.610755E-10,4.610755E-10,0.02656074,0.2386273
'[17:34:35.044 21/01/2026]',-0.1891696,-5.244413,4.034796,-0.4987866,4.610755E-10,4.610755E-10,-0.451344,-0.6492317
'[17:34:35.052 21/01/2026]',-0.1891696,-5.244413,4.034796,-0.4987866,4.610755E-10,4.610755E-10,-0.451344,-0.6492317
'[17:34:35.060 21/01/2026]',-0.1891696,-5.244413,4.034796,-0.4987866,4.610755E-10,4.610755E-10,-0.451344,-0.6492317
'[17:34:35.068 21/01/2026]',-40.55654,-22.70877,-19.92041,-17.42195,4.610755E-10,4.610755E-10,-4.408945,-2.058601
'[17:34:35.076 21/01/2026]',41.15928,28.33028,16.70027,17.6706,4.610755E-10,4.610755E-10,7.655822,5.166795
'[17:34:35.084 21/01/2026]',41.15928,28.33028,16.70027,17.6706,4.610755E-10,4.610755E-10,7.655822,5.166795
'[17:34:35.092 21/01/2026]',52.18341,38.45796,25.96446,20.73694,4.610755E-10,4.610755E-10,-2.329586,-2.864383
'[17:34:35.100 21/01/2026]',52.18341,38.45796,25.96446,20.73694,4.610755E-10,4.610755E-10,-2.329586,-2.864383
'[17:34:35.108 21/01/2026]',52.18341,38.45796,25.96446,20.73694,4.610755E-10,4.610755E-10,-2.329586,-2.864383
'[17:34:35.116 21/01/2026]',-45.71617,-50.2979,-23.22859,-22.55336,4.610755E-10,4.610755E-10,-1.876659,-1.845202
'[17:34:35.124 21/01/2026]',-45.71617,-50.2979,-23.22859,-22.55336,4.610755E-10,4.610755E-10,-1.876659,-1.845202
'[17:34:35.132 21/01/2026]',-10.46161,1.258153,-3.950545,-2.549823,4.610755E-10,4.610755E-10,-0.01312127,0.6644342
'[17:34:35.140 21/01/2026]',-10.46161,1.258153,-3.950545,-2.549823,4.610755E-10,4.610755E-10,-0.01312127,0.6644342
'[17:34:35.148 21/01/2026]',11.14712,19.86535,4.713283,7.011657,4.610755E-10,4.610755E-10,-1.628677,0.4106073
'[17:34:35.156 21/01/2026]',11.14712,19.86535,4.713283,7.011657,4.610755E-10,4.610755E-10,-1.628677,0.4106073
'[17:34:35.164 21/01/2026]',11.14712,19.86535,4.713283,7.011657,4.610755E-10,4.610755E-10,-1.628677,0.4106073
'[17:34:35.172 21/01/2026]',11.14712,19.86535,4.713283,7.011657,4.610755E-10,4.610755E-10,-1.628677,0.4106073
'[17:34:35.180 21/01/2026]',7.030221,-6.400384,5.438034,1.988224,4.610755E-10,4.610755E-10,4.548572,0.3577073
'[17:34:35.188 21/01/2026]',-10.50374,-7.424621,-5.871863,-3.88543,4.610755E-10,4.610755E-10,0.7114431,2.425668
'[17:34:35.196 21/01/2026]',-10.50374,-7.424621,-5.871863,-3.88543,4.610755E-10,4.610755E-10,0.7114431,2.425668
'[17:34:35.204 21/01/2026]',-3.22279,1.567229,-0.9522188,-2.438333,4.610755E-10,4.610755E-10,-5.241683,-1.695189
'[17:34:35.212 21/01/2026]',-3.22279,1.567229,-0.9522188,-2.438333,4.610755E-10,4.610755E-10,-5.241683,-1.695189
'[17:34:35.220 21/01/2026]',7.968713,2.462577,3.154804,3.012522,4.610755E-10,4.610755E-10,2.086562,-2.783552
'[17:34:35.228 21/01/2026]',7.968713,2.462577,3.154804,3.012522,4.610755E-10,4.610755E-10,2.086562,-2.783552
'[17:34:35.236 21/01/2026]',7.968713,2.462577,3.154804,3.012522,4.610755E-10,4.610755E-10,2.086562,-2.783552
'[17:34:35.244 21/01/2026]',-2.809767,2.305798,0.080935,0.8039685,4.610755E-10,4.610755E-10,0.9468876,2.324589
'[17:34:35.252 21/01/2026]',-0.8737071,-3.707867,0.04966095,0.3366854,4.610755E-10,4.610755E-10,2.244168,2.023365
'[17:34:35.260 21/01/2026]',-0.8737071,-3.707867,0.04966095,0.3366854,4.610755E-10,4.610755E-10,2.244168,2.023365
'[17:34:35.268 21/01/2026]',-1.14801,-0.2601145,-3.864566,-3.592699,4.610755E-10,4.610755E-10,-3.299676,-2.614031
'[17:34:35.276 21/01/2026]',-1.14801,-0.2601145,-3.864566,-3.592699,4.610755E-10,4.610755E-10,-3.299676,-2.614031
'[17:34:35.284 21/01/2026]',-1.14801,-0.2601145,-3.864566,-3.592699,4.610755E-10,4.610755E-10,-3.299676,-2.614031
'[17:34:35.292 21/01/2026]',0.7233166,-7.938917,1.837429,-1.01636,4.610755E-10,4.610755E-10,-2.239266,-1.986093
'[17:34:35.300 21/01/2026]',1.727181,7.865017,2.694577,4.342135,4.610755E-10,4.610755E-10,1.894973,-0.3204636
'[17:34:35.308 21/01/2026]',1.727181,7.865017,2.694577,4.342135,4.610755E-10,4.610755E-10,1.894973,-0.3204636
'[17:34:35.316 21/01/2026]',1.727181,7.865017,2.694577,4.342135,4.610755E-10,4.610755E-10,1.894973,-0.3204636
'[17:34:35.324 21/01/2026]',-0.8950822,6.265605,-0.3497275,0.3875172,4.610755E-10,4.610755E-10,2.343585,5.270895
'[17:34:35.332 21/01/2026]',-0.8950822,6.265605,-0.3497275,0.3875172,4.610755E-10,4.610755E-10,2.343585,5.270895
'[17:34:35.340 21/01/2026]',-2.128702,-11.24979,-3.611627,-4.282021,4.610755E-10,4.610755E-10,-3.052561,-4.066633
'[17:34:35.348 21/01/2026]',-2.128702,-11.24979,-3.611627,-4.282021,4.610755E-10,4.610755E-10,-3.052561,-4.066633
'[17:34:35.356 21/01/2026]',-2.128702,-11.24979,-3.611627,-4.282021,4.610755E-10,4.610755E-10,-3.052561,-4.066633
'[17:34:35.364 21/01/2026]',1.329084,3.126057,2.238312,2.505399,4.610755E-10,4.610755E-10,4.216041,4.507696
'[17:34:35.372 21/01/2026]',-2.366225,0.1930524,-1.660148,-2.850113,4.610755E-10,4.610755E-10,-4.664017,-4.671685
'[17:34:35.380 21/01/2026]',-2.366225,0.1930524,-1.660148,-2.850113,4.610755E-10,4.610755E-10,-4.664017,-4.671685
'[17:34:35.388 21/01/2026]',1.841236,7.707542,1.519316,5.320305,4.610755E-10,4.610755E-10,5.125634,3.014198
'[17:34:35.396 21/01/2026]',1.841236,7.707542,1.519316,5.320305,4.610755E-10,4.610755E-10,5.125634,3.014198
'[17:34:35.404 21/01/2026]',2.428507,-7.376509,1.320236,-0.3507674,4.610755E-10,4.610755E-10,-1.346011,1.375576
'[17:34:35.412 21/01/2026]',2.428507,-7.376509,1.320236,-0.3507674,4.610755E-10,4.610755E-10,-1.346011,1.375576
'[17:34:35.420 21/01/2026]',2.428507,-7.376509,1.320236,-0.3507674,4.610755E-10,4.610755E-10,-1.346011,1.375576
'[17:34:35.428 21/01/2026]',-1.574393,-2.586117,-2.025801,-4.450006,4.610755E-10,4.610755E-10,-5.445889,-6.228123
'[17:34:35.436 21/01/2026]',-1.574393,-2.586117,-2.025801,-4.450006,4.610755E-10,4.610755E-10,-5.445889,-6.228123
'[17:34:35.444 21/01/2026]',-1.729837,5.261793,0.8310807,3.306403,4.610755E-10,4.610755E-10,6.877748,6.649293
'[17:34:35.452 21/01/2026]',-1.729837,5.261793,0.8310807,3.306403,4.610755E-10,4.610755E-10,6.877748,6.649293
'[17:34:35.460 21/01/2026]',4.19449,-0.4911748,1.446346,1.317575,4.610755E-10,4.610755E-10,0.3577315,0.3536747
'[17:34:35.468 21/01/2026]',-2.654671,-3.952293,-1.590589,-1.429443,4.610755E-10,4.610755E-10,-3.795924,-3.668862
'[17:34:35.476 21/01/2026]',-2.654671,-3.952293,-1.590589,-1.429443,4.610755E-10,4.610755E-10,-3.795924,-3.668862
'[17:34:35.484 21/01/2026]',-2.654671,-3.952293,-1.590589,-1.429443,4.610755E-10,4.610755E-10,-3.795924,-3.668862
'[17:34:35.492 21/01/2026]',1.783596,4.602869,2.416096,1.465389,4.610755E-10,4.610755E-10,2.025894,2.372267
'[17:34:35.500 21/01/2026]',1.783596,4.602869,2.416096,1.465389,4.610755E-10,4.610755E-10,2.025894,2.372267
'[17:34:35.508 21/01/2026]',-4.227331,-5.198986,-4.214783,-4.734799,4.610755E-10,4.610755E-10,-1.522189,-0.7124912
'[17:34:35.516 21/01/2026]',-4.227331,-5.198986,-4.214783,-4.734799,4.610755E-10,4.610755E-10,-1.522189,-0.7124912
'[17:34:35.524 21/01/2026]',-4.227331,-5.198986,-4.214783,-4.734799,4.610755E-10,4.610755E-10,-1.522189,-0.7124912
'[17:34:35.532 21/01/2026]',0.8334405,0.3663318,1.556127,3.009394,4.610755E-10,4.610755E-10,1.770746,0.01147619
'[17:34:35.540 21/01/2026]',0.8334405,0.3663318,1.556127,3.009394,4.610755E-10,4.610755E-10,1.770746,0.01147619
'[17:34:35.548 21/01/2026]',3.439921,4.542508,3.545264,2.663104,4.610755E-10,4.610755E-10,0.3537963,0.412668
'[17:34:35.556 21/01/2026]',3.439921,4.542508,3.545264,2.663104,4.610755E-10,4.610755E-10,0.3537963,0.412668
'[17:34:35.564 21/01/2026]',-5.772713,-6.256236,-8.242443,-5.794059,4.610755E-10,4.610755E-10,-5.061522,-3.707318
'[17:34:35.572 21/01/2026]',-5.772713,-6.256236,-8.242443,-5.794059,4.610755E-10,4.610755E-10,-5.061522,-3.707318
'[17:34:35.580 21/01/2026]',4.464717,2.085663,6.804846,2.858194,4.610755E-10,4.610755E-10,4.79458,4.951674
'[17:34:35.588 21/01/2026]',4.464717,2.085663,6.804846,2.858194,4.610755E-10,4.610755E-10,4.79458,4.951674
'[17:34:35.596 21/01/2026]',-2.390259,-0.7003254,-1.916726,0.6412106,4.610755E-10,4.610755E-10,-1.628619,-3.082278
'[17:34:35.604 21/01/2026]',-2.390259,-0.7003254,-1.916726,0.6412106,4.610755E-10,4.610755E-10,-1.628619,-3.082278
'[17:34:35.612 21/01/2026]',-2.390259,-0.7003254,-1.916726,0.6412106,4.610755E-10,4.610755E-10,-1.628619,-3.082278
'[17:34:35.620 21/01/2026]',0.009085489,-3.347439,-3.406023,-1.510276,4.610755E-10,4.610755E-10,-3.614095,-1.798685
'[17:34:35.628 21/01/2026]',0.009085489,-3.347439,-3.406023,-1.510276,4.610755E-10,4.610755E-10,-3.614095,-1.798685
'[17:34:35.636 21/01/2026]',-1.150167,-0.8972215,2.793614,-2.488463,4.610755E-10,4.610755E-10,1.1956,0.9767147
'[17:34:35.644 21/01/2026]',4.127368,9.370771,1.125935,4.594241,4.610755E-10,4.610755E-10,4.469157,2.544747
'[17:34:35.652 21/01/2026]',4.127368,9.370771,1.125935,4.594241,4.610755E-10,4.610755E-10,4.469157,2.544747
'[17:34:35.660 21/01/2026]',-8.740284,-4.096483,-2.182921,-0.9665919,4.610755E-10,4.610755E-10,-1.88961,0.1449829
'[17:34:35.668 21/01/2026]',-8.740284,-4.096483,-2.182921,-0.9665919,4.610755E-10,4.610755E-10,-1.88961,0.1449829
'[17:34:35.676 21/01/2026]',-8.740284,-4.096483,-2.182921,-0.9665919,4.610755E-10,4.610755E-10,-1.88961,0.1449829
'[17:34:35.684 21/01/2026]',3.871903,-11.05377,-3.061861,-5.79147,4.610755E-10,4.610755E-10,-3.992717,-5.490583
'[17:34:35.692 21/01/2026]',3.871903,-11.05377,-3.061861,-5.79147,4.610755E-10,4.610755E-10,-3.992717,-5.490583
'[17:34:35.700 21/01/2026]',8.944331,15.85276,8.490987,8.172437,4.610755E-10,4.610755E-10,0.04359405,2.497821
'[17:34:35.708 21/01/2026]',8.944331,15.85276,8.490987,8.172437,4.610755E-10,4.610755E-10,0.04359405,2.497821
'[17:34:35.716 21/01/2026]',8.944331,15.85276,8.490987,8.172437,4.610755E-10,4.610755E-10,0.04359405,2.497821
'[17:34:35.724 21/01/2026]',8.944331,15.85276,8.490987,8.172437,4.610755E-10,4.610755E-10,0.04359405,2.497821
'[17:34:35.732 21/01/2026]',-7.913918,-4.876705,-4.313993,-3.295183,4.610755E-10,4.610755E-10,6.034505,2.218321
'[17:34:35.740 21/01/2026]',-1.437296,-4.031239,-1.653403,-1.712763,4.610755E-10,4.610755E-10,-2.059696,-0.2395767
'[17:34:35.748 21/01/2026]',6.64997,5.018888,5.074919,4.719879,4.610755E-10,4.610755E-10,0.2259007,0.2669506
'[17:34:35.756 21/01/2026]',6.64997,5.018888,5.074919,4.719879,4.610755E-10,4.610755E-10,0.2259007,0.2669506
'[17:34:35.764 21/01/2026]',-0.5776578,-0.2353858,0.7545926,0.1165893,4.610755E-10,4.610755E-10,0.7937728,0.705838
'[17:34:35.772 21/01/2026]',-0.5776578,-0.2353858,0.7545926,0.1165893,4.610755E-10,4.610755E-10,0.7937728,0.705838
'[17:34:35.780 21/01/2026]',-5.993898,-4.814967,-6.311028,-4.865285,4.610755E-10,4.610755E-10,-2.099726,-1.329784
'[17:34:35.788 21/01/2026]',-5.993898,-4.814967,-6.311028,-4.865285,4.610755E-10,4.610755E-10,-2.099726,-1.329784
'[17:34:35.796 21/01/2026]',5.763766,3.547623,6.752426,5.396537,4.610755E-10,4.610755E-10,4.171475,1.387151
'[17:34:35.804 21/01/2026]',5.763766,3.547623,6.752426,5.396537,4.610755E-10,4.610755E-10,4.171475,1.387151
'[17:34:35.812 21/01/2026]',-3.895576,-1.649171,-5.403786,-4.528216,4.610755E-10,4.610755E-10,-5.265532,-2.918106
'[17:34:35.820 21/01/2026]',-3.895576,-1.649171,-5.403786,-4.528216,4.610755E-10,4.610755E-10,-5.265532,-2.918106
'[17:34:35.828 21/01/2026]',-3.895576,-1.649171,-5.403786,-4.528216,4.610755E-10,4.610755E-10,-5.265532,-2.918106
'[17:34:35.836 21/01/2026]',0.271542,0.6019666,-0.1090658,-0.0639974,4.610755E-10,4.610755E-10,0.2308498,0.2899342
'[17:34:35.844 21/01/2026]',1.375372,-0.0886315,2.357352,2.750846,4.610755E-10,4.610755E-10,2.985679,2.3888
'[17:34:35.852 21/01/2026]',1.375372,-0.0886315,2.357352,2.750846,4.610755E-10,4.610755E-10,2.985679,2.3888
'[17:34:35.860 21/01/2026]',1.375372,-0.0886315,2.357352,2.750846,4.610755E-10,4.610755E-10,2.985679,2.3888
'[17:34:35.868 21/01/2026]',-0.238643,-0.2294483,-2.161182,-2.829598,4.610755E-10,4.610755E-10,-1.774482,-1.552498
'[17:34:35.876 21/01/2026]',-0.238643,-0.2294483,-2.161182,-2.829598,4.610755E-10,4.610755E-10,-1.774482,-1.552498
'[17:34:35.884 21/01/2026]',-2.431654,0.298389,-1.573652,0.8158987,4.610755E-10,4.610755E-10,-1.211475,-0.7005013
'[17:34:35.892 21/01/2026]',-2.431654,0.298389,-1.573652,0.8158987,4.610755E-10,4.610755E-10,-1.211475,-0.7005013
'[17:34:35.900 21/01/2026]',-2.431654,0.298389,-1.573652,0.8158987,4.610755E-10,4.610755E-10,-1.211475,-0.7005013
'[17:34:35.908 21/01/2026]',2.752424,-1.268216,2.717918,0.9615945,4.610755E-10,4.610755E-10,0.9289681,0.9497485
'[17:34:35.916 21/01/2026]',0.1292923,3.085294,1.447597,0.8349905,4.610755E-10,4.610755E-10,3.155849,1.225518
'[17:34:35.924 21/01/2026]',0.1292923,3.085294,1.447597,0.8349905,4.610755E-10,4.610755E-10,3.155849,1.225518
'[17:34:35.932 21/01/2026]',-0.489621,-1.126147,-2.200656,-1.4016,4.610755E-10,4.610755E-10,-3.79187,-1.869216
'[17:34:35.940 21/01/2026]',-0.489621,-1.126147,-2.200656,-1.4016,4.610755E-10,4.610755E-10,-3.79187,-1.869216
'[17:34:35.948 21/01/2026]',-3.15241,-3.019561,-1.569624,-0.6063944,4.610755E-10,4.610755E-10,0.1046037,-0.6664289
'[17:34:35.956 21/01/2026]',-3.15241,-3.019561,-1.569624,-0.6063944,4.610755E-10,4.610755E-10,0.1046037,-0.6664289
'[17:34:35.964 21/01/2026]',-3.15241,-3.019561,-1.569624,-0.6063944,4.610755E-10,4.610755E-10,0.1046037,-0.6664289
'[17:34:35.972 21/01/2026]',2.005418,3.208023,1.861101,0.1810513,4.610755E-10,4.610755E-10,2.898344,4.333877
'[17:34:35.980 21/01/2026]',2.005418,3.208023,1.861101,0.1810513,4.610755E-10,4.610755E-10,2.898344,4.333877
'[17:34:35.988 21/01/2026]',2.140121,-0.4814359,0.7568715,1.271332,4.610755E-10,4.610755E-10,-2.191704,-4.182652
'[17:34:35.996 21/01/2026]',2.140121,-0.4814359,0.7568715,1.271332,4.610755E-10,4.610755E-10,-2.191704,-4.182652
'[17:34:36.004 21/01/2026]',-3.128214,0.4245542,-1.867565,-1.519088,4.610755E-10,4.610755E-10,-0.7758803,-0.8745118
'[17:34:36.012 21/01/2026]',-3.128214,0.4245542,-1.867565,-1.519088,4.610755E-10,4.610755E-10,-0.7758803,-0.8745118
'[17:34:36.020 21/01/2026]',-0.3928833,0.2377517,1.493169,1.483146,4.610755E-10,4.610755E-10,2.133599,4.223596
'[17:34:36.028 21/01/2026]',-0.3928833,0.2377517,1.493169,1.483146,4.610755E-10,4.610755E-10,2.133599,4.223596
'[17:34:36.036 21/01/2026]',-3.606015,-4.525187,-3.720178,-2.604959,4.610755E-10,4.610755E-10,0.1285296,-0.5536051
'[17:34:36.044 21/01/2026]',-3.606015,-4.525187,-3.720178,-2.604959,4.610755E-10,4.610755E-10,0.1285296,-0.5536051
'[17:34:36.052 21/01/2026]',-3.606015,-4.525187,-3.720178,-2.604959,4.610755E-10,4.610755E-10,0.1285296,-0.5536051
'[17:34:36.060 21/01/2026]',-3.606015,-4.525187,-3.720178,-2.604959,4.610755E-10,4.610755E-10,0.1285296,-0.5536051
'[17:34:36.068 21/01/2026]',-3.606015,-4.525187,-3.720178,-2.604959,4.610755E-10,4.610755E-10,0.1285296,-0.5536051
'[17:34:36.076 21/01/2026]',9.81658,8.143896,4.855556,3.619702,4.610755E-10,4.610755E-10,-3.400589,-3.858536
'[17:34:36.084 21/01/2026]',-4.770622,-3.017648,-1.825365,-1.464562,4.610755E-10,4.610755E-10,2.007511,2.29679
'[17:34:36.092 21/01/2026]',-4.770622,-3.017648,-1.825365,-1.464562,4.610755E-10,4.610755E-10,2.007511,2.29679
'[17:34:36.100 21/01/2026]',-1.775919,0.7179176,-1.145386,-0.3098893,4.610755E-10,4.610755E-10,2.175396,1.864399
'[17:34:36.108 21/01/2026]',1.785053,-2.320056,-0.3334664,-0.1530178,4.610755E-10,4.610755E-10,-3.193291,-1.643755
'[17:34:36.116 21/01/2026]',1.785053,-2.320056,-0.3334664,-0.1530178,4.610755E-10,4.610755E-10,-3.193291,-1.643755
'[17:34:36.124 21/01/2026]',-0.6191713,3.009211,0.969083,0.3785459,4.610755E-10,4.610755E-10,2.386946,0.7266671
'[17:34:36.132 21/01/2026]',-0.6191713,3.009211,0.969083,0.3785459,4.610755E-10,4.610755E-10,2.386946,0.7266671
'[17:34:36.140 21/01/2026]',-0.6191713,3.009211,0.969083,0.3785459,4.610755E-10,4.610755E-10,2.386946,0.7266671
'[17:34:36.148 21/01/2026]',0.5532885,2.714757,-2.816175,-0.502647,4.610755E-10,4.610755E-10,-0.1516207,0.239345
'[17:34:36.156 21/01/2026]',0.5532885,2.714757,-2.816175,-0.502647,4.610755E-10,4.610755E-10,-0.1516207,0.239345
'[17:34:36.164 21/01/2026]',1.918188,-8.480912,4.809376,0.8047979,4.610755E-10,4.610755E-10,-3.198568,-3.589318
'[17:34:36.172 21/01/2026]',1.918188,-8.480912,4.809376,0.8047979,4.610755E-10,4.610755E-10,-3.198568,-3.589318
'[17:34:36.180 21/01/2026]',-0.002328906,4.098835,-1.050293,0.2539065,4.610755E-10,4.610755E-10,-1.101039,0.2213815
'[17:34:36.188 21/01/2026]',-3.293489,0.86227,-1.332169,0.2197156,4.610755E-10,4.610755E-10,8.275356,5.991764
'[17:34:36.196 21/01/2026]',-3.293489,0.86227,-1.332169,0.2197156,4.610755E-10,4.610755E-10,8.275356,5.991764
'[17:34:36.204 21/01/2026]',-3.293489,0.86227,-1.332169,0.2197156,4.610755E-10,4.610755E-10,8.275356,5.991764
'[17:34:36.212 21/01/2026]',-0.5221786,-0.8883221,-2.693441,-3.303691,4.610755E-10,4.610755E-10,-5.192713,-1.247149
'[17:34:36.220 21/01/2026]',-0.5221786,-0.8883221,-2.693441,-3.303691,4.610755E-10,4.610755E-10,-5.192713,-1.247149
'[17:34:36.228 21/01/2026]',-0.5221786,-0.8883221,-2.693441,-3.303691,4.610755E-10,4.610755E-10,-5.192713,-1.247149
'[17:34:36.236 21/01/2026]',3.586777,-1.704143,1.452415,0.104289,4.610755E-10,4.610755E-10,-2.389394,-5.919034
'[17:34:36.244 21/01/2026]',3.586777,-1.704143,1.452415,0.104289,4.610755E-10,4.610755E-10,-2.389394,-5.919034
'[17:34:36.252 21/01/2026]',-1.852296,-0.08414554,1.674254,3.17408,4.610755E-10,4.610755E-10,1.788253,2.68171
'[17:34:36.260 21/01/2026]',-1.852296,-0.08414554,1.674254,3.17408,4.610755E-10,4.610755E-10,1.788253,2.68171
'[17:34:36.268 21/01/2026]',2.214684,2.864583,0.5622172,-0.0700801,4.610755E-10,4.610755E-10,1.678955,2.569153
'[17:34:36.276 21/01/2026]',-0.2369195,-2.637807,-1.30571,-0.9612035,4.610755E-10,4.610755E-10,1.106919,-0.7960824
'[17:34:36.284 21/01/2026]',-0.2369195,-2.637807,-1.30571,-0.9612035,4.610755E-10,4.610755E-10,1.106919,-0.7960824
'[17:34:36.292 21/01/2026]',-0.2369195,-2.637807,-1.30571,-0.9612035,4.610755E-10,4.610755E-10,1.106919,-0.7960824
'[17:34:36.300 21/01/2026]',-0.2369195,-2.637807,-1.30571,-0.9612035,4.610755E-10,4.610755E-10,1.106919,-0.7960824
'[17:34:36.308 21/01/2026]',-2.940953,2.267036,0.4263577,-0.3432576,4.610755E-10,4.610755E-10,-3.727405,-1.464332
'[17:34:36.316 21/01/2026]',1.949413,0.4263739,-1.668989,-1.193577,4.610755E-10,4.610755E-10,1.046375,-0.333743
'[17:34:36.324 21/01/2026]',1.949413,0.4263739,-1.668989,-1.193577,4.610755E-10,4.610755E-10,1.046375,-0.333743
'[17:34:36.332 21/01/2026]',1.949413,0.4263739,-1.668989,-1.193577,4.610755E-10,4.610755E-10,1.046375,-0.333743
'[17:34:36.340 21/01/2026]',-0.758962,-3.374545,2.327127,2.146961,4.610755E-10,4.610755E-10,3.108231,4.100984
'[17:34:36.348 21/01/2026]',-0.758962,-3.374545,2.327127,2.146961,4.610755E-10,4.610755E-10,3.108231,4.100984
'[17:34:36.356 21/01/2026]',0.8049236,2.098626,0.6147571,-0.7795554,4.610755E-10,4.610755E-10,-2.67611,-3.481015
'[17:34:36.364 21/01/2026]',2.183838,2.755062,0.3936515,3.452314,4.610755E-10,4.610755E-10,0.8801712,1.673253
'[17:34:36.372 21/01/2026]',2.183838,2.755062,0.3936515,3.452314,4.610755E-10,4.610755E-10,0.8801712,1.673253
'[17:34:36.380 21/01/2026]',-2.524353,-3.579754,-0.7405194,-3.638953,4.610755E-10,4.610755E-10,1.174185,-0.03260197
'[17:34:36.388 21/01/2026]',-2.524353,-3.579754,-0.7405194,-3.638953,4.610755E-10,4.610755E-10,1.174185,-0.03260197
'[17:34:36.396 21/01/2026]',-2.524353,-3.579754,-0.7405194,-3.638953,4.610755E-10,4.610755E-10,1.174185,-0.03260197
'[17:34:36.404 21/01/2026]',-2.524353,-3.579754,-0.7405194,-3.638953,4.610755E-10,4.610755E-10,1.174185,-0.03260197
'[17:34:36.412 21/01/2026]',-2.113404,-0.3549303,-1.731943,-0.4493835,4.610755E-10,4.610755E-10,-2.444955,-1.685602
'[17:34:36.420 21/01/2026]',0.4096403,2.330463,-1.337656,-0.01353811,4.610755E-10,4.610755E-10,0.5736923,0.7275226
'[17:34:36.428 21/01/2026]',0.4096403,2.330463,-1.337656,-0.01353811,4.610755E-10,4.610755E-10,0.5736923,0.7275226
'[17:34:36.436 21/01/2026]',5.983611,-2.788146,7.363396,5.154723,4.610755E-10,4.610755E-10,1.499675,1.724189
'[17:34:36.444 21/01/2026]',5.983611,-2.788146,7.363396,5.154723,4.610755E-10,4.610755E-10,1.499675,1.724189
'[17:34:36.452 21/01/2026]',-4.460664,1.351253,-4.733657,-3.875111,4.610755E-10,4.610755E-10,-2.192941,-3.114086
'[17:34:36.460 21/01/2026]',-4.460664,1.351253,-4.733657,-3.875111,4.610755E-10,4.610755E-10,-2.192941,-3.114086
'[17:34:36.468 21/01/2026]',-4.705587,-2.661057,-3.783419,-4.327439,4.610755E-10,4.610755E-10,1.107136,1.419154
'[17:34:36.476 21/01/2026]',-4.705587,-2.661057,-3.783419,-4.327439,4.610755E-10,4.610755E-10,1.107136,1.419154
'[17:34:36.484 21/01/2026]',3.889275,0.6227993,3.931786,3.871168,4.610755E-10,4.610755E-10,-1.36609,-0.6811876
'[17:34:36.492 21/01/2026]',3.889275,0.6227993,3.931786,3.871168,4.610755E-10,4.610755E-10,-1.36609,-0.6811876
'[17:34:36.500 21/01/2026]',3.889275,0.6227993,3.931786,3.871168,4.610755E-10,4.610755E-10,-1.36609,-0.6811876
'[17:34:36.508 21/01/2026]',3.372762,2.446502,3.920713,4.124969,4.610755E-10,4.610755E-10,2.750383,1.489588
'[17:34:36.516 21/01/2026]',3.372762,2.446502,3.920713,4.124969,4.610755E-10,4.610755E-10,2.750383,1.489588
'[17:34:36.524 21/01/2026]',-6.570418,-7.091243,-8.329581,-6.743601,4.610755E-10,4.610755E-10,-3.866251,-2.594424
'[17:34:36.532 21/01/2026]',-6.570418,-7.091243,-8.329581,-6.743601,4.610755E-10,4.610755E-10,-3.866251,-2.594424
'[17:34:36.540 21/01/2026]',0.3300475,2.971148,2.307513,0.1007679,4.610755E-10,4.610755E-10,-0.7968743,-0.7725567
'[17:34:36.548 21/01/2026]',0.3300475,2.971148,2.307513,0.1007679,4.610755E-10,4.610755E-10,-0.7968743,-0.7725567
'[17:34:36.556 21/01/2026]',2.66789,1.052308,1.471744,3.245339,4.610755E-10,4.610755E-10,4.002073,1.214269
'[17:34:36.564 21/01/2026]',2.66789,1.052308,1.471744,3.245339,4.610755E-10,4.610755E-10,4.002073,1.214269
'[17:34:36.572 21/01/2026]',2.66789,1.052308,1.471744,3.245339,4.610755E-10,4.610755E-10,4.002073,1.214269
'[17:34:36.580 21/01/2026]',-0.512759,-0.5203056,-0.6580704,-1.683314,4.610755E-10,4.610755E-10,-1.047607,1.715304
'[17:34:36.588 21/01/2026]',-2.236382,2.365102,-0.9256242,1.140648,4.610755E-10,4.610755E-10,1.08917,-0.004743144
'[17:34:36.596 21/01/2026]',-2.236382,2.365102,-0.9256242,1.140648,4.610755E-10,4.610755E-10,1.08917,-0.004743144
'[17:34:36.604 21/01/2026]',1.210842,1.34517,0.8169997,-0.7244825,4.610755E-10,4.610755E-10,-2.432673,-1.386983
'[17:34:36.612 21/01/2026]',1.210842,1.34517,0.8169997,-0.7244825,4.610755E-10,4.610755E-10,-2.432673,-1.386983
'[17:34:36.620 21/01/2026]',-0.1221117,-6.517884,-1.276964,-1.920208,4.610755E-10,4.610755E-10,-2.742627,-1.935225
'[17:34:36.628 21/01/2026]',-0.1221117,-6.517884,-1.276964,-1.920208,4.610755E-10,4.610755E-10,-2.742627,-1.935225
'[17:34:36.636 21/01/2026]',-0.1221117,-6.517884,-1.276964,-1.920208,4.610755E-10,4.610755E-10,-2.742627,-1.935225
'[17:34:36.644 21/01/2026]',-0.05594991,3.247806,1.530618,2.792922,4.610755E-10,4.610755E-10,5.56604,2.790829
'[17:34:36.652 21/01/2026]',-0.05594991,3.247806,1.530618,2.792922,4.610755E-10,4.610755E-10,5.56604,2.790829
'[17:34:36.660 21/01/2026]',-1.564073,0.7354159,-3.217375,-3.04562,4.610755E-10,4.610755E-10,-3.323566,-1.032938
'[17:34:36.668 21/01/2026]',-1.564073,0.7354159,-3.217375,-3.04562,4.610755E-10,4.610755E-10,-3.323566,-1.032938
'[17:34:36.676 21/01/2026]',-1.519811,-3.704768,1.295818,-0.4595091,4.610755E-10,4.610755E-10,-2.483277,-1.317971
'[17:34:36.684 21/01/2026]',5.540136,2.692578,2.588727,3.63618,4.610755E-10,4.610755E-10,5.135598,1.682758
'[17:34:36.692 21/01/2026]',5.540136,2.692578,2.588727,3.63618,4.610755E-10,4.610755E-10,5.135598,1.682758
'[17:34:36.700 21/01/2026]',-0.6017392,2.264852,0.4623398,0.7540911,4.610755E-10,4.610755E-10,1.417743,2.128147
'[17:34:36.708 21/01/2026]',-0.6017392,2.264852,0.4623398,0.7540911,4.610755E-10,4.610755E-10,1.417743,2.128147
'[17:34:36.716 21/01/2026]',-0.6017392,2.264852,0.4623398,0.7540911,4.610755E-10,4.610755E-10,1.417743,2.128147
'[17:34:36.724 21/01/2026]',-2.919142,-5.164386,-3.063933,-4.154024,4.610755E-10,4.610755E-10,-6.02187,-3.792532
'[17:34:36.732 21/01/2026]',-2.919142,-5.164386,-3.063933,-4.154024,4.610755E-10,4.610755E-10,-6.02187,-3.792532
'[17:34:36.740 21/01/2026]',0.4889694,0.7921419,1.203381,1.318713,4.610755E-10,4.610755E-10,3.479625,1.53687
'[17:34:36.748 21/01/2026]',0.4889694,0.7921419,1.203381,1.318713,4.610755E-10,4.610755E-10,3.479625,1.53687
'[17:34:36.756 21/01/2026]',0.4889694,0.7921419,1.203381,1.318713,4.610755E-10,4.610755E-10,3.479625,1.53687
'[17:34:36.764 21/01/2026]',0.1318064,0.3173621,-1.019375,0.3642426,4.610755E-10,4.610755E-10,-1.286716,0.8483851
'[17:34:36.772 21/01/2026]',0.1318064,0.3173621,-1.019375,0.3642426,4.610755E-10,4.610755E-10,-1.286716,0.8483851
'[17:34:36.780 21/01/2026]',0.07090773,3.627794,-0.9820103,-0.1699098,4.610755E-10,4.610755E-10,1.322303,-0.4832453
'[17:34:36.788 21/01/2026]',1.189094,-2.22191,1.609838,1.273971,4.610755E-10,4.610755E-10,-0.9181117,-0.2014451
'[17:34:36.796 21/01/2026]',-2.632888,-3.369155,-2.99079,-4.192198,4.610755E-10,4.610755E-10,-2.459256,-3.148566
'[17:34:36.804 21/01/2026]',-2.632888,-3.369155,-2.99079,-4.192198,4.610755E-10,4.610755E-10,-2.459256,-3.148566
'[17:34:36.812 21/01/2026]',-2.632888,-3.369155,-2.99079,-4.192198,4.610755E-10,4.610755E-10,-2.459256,-3.148566
'[17:34:36.820 21/01/2026]',4.768529,6.043095,5.257635,7.21322,4.610755E-10,4.610755E-10,5.254529,5.473771
'[17:34:36.828 21/01/2026]',4.768529,6.043095,5.257635,7.21322,4.610755E-10,4.610755E-10,5.254529,5.473771
'[17:34:36.836 21/01/2026]',-1.438655,-0.0542938,-1.077214,-2.123307,4.610755E-10,4.610755E-10,-0.7870194,0.8023793
'[17:34:36.844 21/01/2026]',-3.259771,-3.205698,-4.585463,-3.585515,4.610755E-10,4.610755E-10,0.5154415,-2.498433
'[17:34:36.852 21/01/2026]',-3.259771,-3.205698,-4.585463,-3.585515,4.610755E-10,4.610755E-10,0.5154415,-2.498433
'[17:34:36.860 21/01/2026]',-3.259771,-3.205698,-4.585463,-3.585515,4.610755E-10,4.610755E-10,0.5154415,-2.498433
'[17:34:36.868 21/01/2026]',-3.259771,-3.205698,-4.585463,-3.585515,4.610755E-10,4.610755E-10,0.5154415,-2.498433
'[17:34:36.876 21/01/2026]',-3.259771,-3.205698,-4.585463,-3.585515,4.610755E-10,4.610755E-10,0.5154415,-2.498433
'[17:34:36.884 21/01/2026]',-3.259771,-3.205698,-4.585463,-3.585515,4.610755E-10,4.610755E-10,0.5154415,-2.498433
'[17:34:36.892 21/01/2026]',2.843633,0.7510617,4.294979,2.983568,4.610755E-10,4.610755E-10,-4.990791,-2.926449
'[17:34:36.900 21/01/2026]',1.505817,1.209246,0.4126609,1.391929,4.610755E-10,4.610755E-10,2.927773,3.386205
'[17:34:36.908 21/01/2026]',-2.359787,0.7567304,0.4904836,-0.07026803,4.610755E-10,4.610755E-10,3.682342,2.658121
'[17:34:36.916 21/01/2026]',-2.359787,0.7567304,0.4904836,-0.07026803,4.610755E-10,4.610755E-10,3.682342,2.658121
'[17:34:36.924 21/01/2026]',-2.359787,0.7567304,0.4904836,-0.07026803,4.610755E-10,4.610755E-10,3.682342,2.658121
'[17:34:36.932 21/01/2026]',-2.359787,0.7567304,0.4904836,-0.07026803,4.610755E-10,4.610755E-10,3.682342,2.658121
'[17:34:36.940 21/01/2026]',-0.7135936,-0.4013619,-3.657396,-2.928281,4.610755E-10,4.610755E-10,-5.256201,-5.250737
'[17:34:36.948 21/01/2026]',-0.7135936,-0.4013619,-3.657396,-2.928281,4.610755E-10,4.610755E-10,-5.256201,-5.250737
'[17:34:36.956 21/01/2026]',-0.7135936,-0.4013619,-3.657396,-2.928281,4.610755E-10,4.610755E-10,-5.256201,-5.250737
'[17:34:36.964 21/01/2026]',1.719878,-2.101606,2.872278,1.38219,4.610755E-10,4.610755E-10,1.007741,0.9501734
'[17:34:36.972 21/01/2026]',-0.1701311,2.979256,-0.223507,-0.4421016,4.610755E-10,4.610755E-10,0.8692499,2.07909
'[17:34:36.980 21/01/2026]',-3.32825,-5.443085,-3.790955,-2.523826,4.610755E-10,4.610755E-10,-1.27665,-2.577529
'[17:34:36.988 21/01/2026]',-3.32825,-5.443085,-3.790955,-2.523826,4.610755E-10,4.610755E-10,-1.27665,-2.577529
'[17:34:36.996 21/01/2026]',4.658345,5.168634,6.069021,5.893408,4.610755E-10,4.610755E-10,3.654174,3.007663
'[17:34:37.004 21/01/2026]',4.658345,5.168634,6.069021,5.893408,4.610755E-10,4.610755E-10,3.654174,3.007663
'[17:34:37.012 21/01/2026]',4.658345,5.168634,6.069021,5.893408,4.610755E-10,4.610755E-10,3.654174,3.007663
'[17:34:37.020 21/01/2026]',0.5419587,0.3543773,-0.4082092,0.6786398,4.610755E-10,4.610755E-10,-3.131937,-1.466753
'[17:34:37.028 21/01/2026]',0.5419587,0.3543773,-0.4082092,0.6786398,4.610755E-10,4.610755E-10,-3.131937,-1.466753
'[17:34:37.036 21/01/2026]',-5.179096,-4.394897,-7.313928,-8.740852,4.610755E-10,4.610755E-10,-2.125559,-3.309836
'[17:34:37.044 21/01/2026]',-5.179096,-4.394897,-7.313928,-8.740852,4.610755E-10,4.610755E-10,-2.125559,-3.309836
'[17:34:37.052 21/01/2026]',2.733035,2.488831,5.064511,4.974303,4.610755E-10,4.610755E-10,3.596057,3.133938
'[17:34:37.060 21/01/2026]',2.733035,2.488831,5.064511,4.974303,4.610755E-10,4.610755E-10,3.596057,3.133938
'[17:34:37.068 21/01/2026]',2.733035,2.488831,5.064511,4.974303,4.610755E-10,4.610755E-10,3.596057,3.133938
'[17:34:37.076 21/01/2026]',0.2763789,-1.257891,-1.007432,1.278433,4.610755E-10,4.610755E-10,-0.8230309,0.7619989
'[17:34:37.084 21/01/2026]',0.2763789,-1.257891,-1.007432,1.278433,4.610755E-10,4.610755E-10,-0.8230309,0.7619989
'[17:34:37.092 21/01/2026]',0.2763789,-1.257891,-1.007432,1.278433,4.610755E-10,4.610755E-10,-0.8230309,0.7619989
'[17:34:37.100 21/01/2026]',1.075708,2.733013,1.500033,1.320237,4.610755E-10,4.610755E-10,1.1512,-0.470807
'[17:34:37.108 21/01/2026]',-6.829103,-9.341741,-7.145443,-8.168469,4.610755E-10,4.610755E-10,-6.0728,-4.479821
'[17:34:37.116 21/01/2026]',7.920114,12.50079,7.890674,7.492486,4.610755E-10,4.610755E-10,5.245427,4.701117
'[17:34:37.124 21/01/2026]',7.920114,12.50079,7.890674,7.492486,4.610755E-10,4.610755E-10,5.245427,4.701117
'[17:34:37.132 21/01/2026]',7.920114,12.50079,7.890674,7.492486,4.610755E-10,4.610755E-10,5.245427,4.701117
'[17:34:37.140 21/01/2026]',-1.756262,-7.123357,-1.232278,-0.9565268,4.610755E-10,4.610755E-10,2.363168,0.7961869
'[17:34:37.148 21/01/2026]',-1.756262,-7.123357,-1.232278,-0.9565268,4.610755E-10,4.610755E-10,2.363168,0.7961869
'[17:34:37.156 21/01/2026]',-3.964063,-0.8152744,-2.074436,-1.509061,4.610755E-10,4.610755E-10,-4.658821,-2.776217
'[17:34:37.164 21/01/2026]',-3.964063,-0.8152744,-2.074436,-1.509061,4.610755E-10,4.610755E-10,-4.658821,-2.776217
'[17:34:37.172 21/01/2026]',5.484193,4.39353,2.805464,2.013111,4.610755E-10,4.610755E-10,0.4247236,0.7303312
'[17:34:37.180 21/01/2026]',5.484193,4.39353,2.805464,2.013111,4.610755E-10,4.610755E-10,0.4247236,0.7303312
'[17:34:37.188 21/01/2026]',-3.20189,-5.283074,-0.6243533,-1.459996,4.610755E-10,4.610755E-10,2.857553,0.3507561
'[17:34:37.196 21/01/2026]',-3.20189,-5.283074,-0.6243533,-1.459996,4.610755E-10,4.610755E-10,2.857553,0.3507561
'[17:34:37.204 21/01/2026]',1.824822,1.340111,-0.6823843,-0.642029,4.610755E-10,4.610755E-10,-4.861374,-1.637535
'[17:34:37.212 21/01/2026]',1.824822,1.340111,-0.6823843,-0.642029,4.610755E-10,4.610755E-10,-4.861374,-1.637535
'[17:34:37.220 21/01/2026]',-0.6176132,4.071246,1.217013,2.790148,4.610755E-10,4.610755E-10,2.283967,1.720126
'[17:34:37.228 21/01/2026]',-0.6176132,4.071246,1.217013,2.790148,4.610755E-10,4.610755E-10,2.283967,1.720126
'[17:34:37.236 21/01/2026]',-0.6176132,4.071246,1.217013,2.790148,4.610755E-10,4.610755E-10,2.283967,1.720126
'[17:34:37.244 21/01/2026]',-1.875674,-3.361504,-1.005046,-2.311048,4.610755E-10,4.610755E-10,2.164616,0.2429408
'[17:34:37.252 21/01/2026]',-1.875674,-3.361504,-1.005046,-2.311048,4.610755E-10,4.610755E-10,2.164616,0.2429408
'[17:34:37.260 21/01/2026]',1.431,0.04815914,0.7334375,0.1680851,4.610755E-10,4.610755E-10,-2.915705,-1.163685
'[17:34:37.268 21/01/2026]',1.431,0.04815914,0.7334375,0.1680851,4.610755E-10,4.610755E-10,-2.915705,-1.163685
'[17:34:37.276 21/01/2026]',1.431,0.04815914,0.7334375,0.1680851,4.610755E-10,4.610755E-10,-2.915705,-1.163685
'[17:34:37.284 21/01/2026]',-0.001971302,2.196658,-0.7805231,1.990724,4.610755E-10,4.610755E-10,1.763656,1.390501
'[17:34:37.292 21/01/2026]',-0.001971302,2.196658,-0.7805231,1.990724,4.610755E-10,4.610755E-10,1.763656,1.390501
'[17:34:37.300 21/01/2026]',2.718604,0.3761236,3.835423,2.194408,4.610755E-10,4.610755E-10,3.673191,2.628664
'[17:34:37.308 21/01/2026]',-4.699335,-2.411224,-5.863358,-5.455986,4.610755E-10,4.610755E-10,-7.973905,-5.507864
'[17:34:37.316 21/01/2026]',-4.699335,-2.411224,-5.863358,-5.455986,4.610755E-10,4.610755E-10,-7.973905,-5.507864
'[17:34:37.324 21/01/2026]',-4.699335,-2.411224,-5.863358,-5.455986,4.610755E-10,4.610755E-10,-7.973905,-5.507864
'[17:34:37.332 21/01/2026]',1.452999,-1.292214,0.9868277,2.33988,4.610755E-10,4.610755E-10,4.688038,1.483231
'[17:34:37.340 21/01/2026]',1.452999,-1.292214,0.9868277,2.33988,4.610755E-10,4.610755E-10,4.688038,1.483231
'[17:34:37.348 21/01/2026]',2.229723,7.249064,3.218248,3.012467,4.610755E-10,4.610755E-10,3.57569,5.228407
'[17:34:37.356 21/01/2026]',-3.714052,-8.550468,-5.667352,-7.03203,4.610755E-10,4.610755E-10,-7.836745,-7.0009
'[17:34:37.364 21/01/2026]',-3.714052,-8.550468,-5.667352,-7.03203,4.610755E-10,4.610755E-10,-7.836745,-7.0009
'[17:34:37.372 21/01/2026]',1.643149,4.927494,4.228849,5.198035,4.610755E-10,4.610755E-10,5.692308,4.647616
'[17:34:37.380 21/01/2026]',1.643149,4.927494,4.228849,5.198035,4.610755E-10,4.610755E-10,5.692308,4.647616
'[17:34:37.388 21/01/2026]',-0.58248,-4.630649,-3.406814,-2.258125,4.610755E-10,4.610755E-10,-3.585885,-3.444438
'[17:34:37.396 21/01/2026]',-0.58248,-4.630649,-3.406814,-2.258125,4.610755E-10,4.610755E-10,-3.585885,-3.444438
'[17:34:37.404 21/01/2026]',-0.6195255,1.644336,1.295159,0.8906975,4.610755E-10,4.610755E-10,1.950818,1.804472
'[17:34:37.412 21/01/2026]',-0.6195255,1.644336,1.295159,0.8906975,4.610755E-10,4.610755E-10,1.950818,1.804472
'[17:34:37.420 21/01/2026]',1.752926,1.582703,1.557768,0.2608195,4.610755E-10,4.610755E-10,0.9204782,0.7909714
'[17:34:37.428 21/01/2026]',1.752926,1.582703,1.557768,0.2608195,4.610755E-10,4.610755E-10,0.9204782,0.7909714
'[17:34:37.436 21/01/2026]',1.752926,1.582703,1.557768,0.2608195,4.610755E-10,4.610755E-10,0.9204782,0.7909714
'[17:34:37.444 21/01/2026]',1.752926,1.582703,1.557768,0.2608195,4.610755E-10,4.610755E-10,0.9204782,0.7909714
'[17:34:37.452 21/01/2026]',-2.482189,-2.626935,-4.10305,-2.6763,4.610755E-10,4.610755E-10,-5.813585,-3.372092
'[17:34:37.460 21/01/2026]',-2.482189,-2.626935,-4.10305,-2.6763,4.610755E-10,4.610755E-10,-5.813585,-3.372092
'[17:34:37.468 21/01/2026]',0.4584864,1.48001,0.6492411,0.6647862,4.610755E-10,4.610755E-10,4.596485,2.256822
'[17:34:37.476 21/01/2026]',-2.37583,-3.099672,-0.5027372,-0.376189,4.610755E-10,4.610755E-10,-2.069403,-1.94743
'[17:34:37.484 21/01/2026]',1.646116,3.603457,1.041324,0.1870583,4.610755E-10,4.610755E-10,0.3132985,0.2422545
'[17:34:37.492 21/01/2026]',1.646116,3.603457,1.041324,0.1870583,4.610755E-10,4.610755E-10,0.3132985,0.2422545
'[17:34:37.500 21/01/2026]',2.745517,-0.7995113,0.9347175,5.002462,4.610755E-10,4.610755E-10,7.331854,6.563691
'[17:34:37.508 21/01/2026]',-5.666664,-3.089879,-1.907585,-7.684725,4.610755E-10,4.610755E-10,-11.58976,-10.23235
'[17:34:37.516 21/01/2026]',-5.666664,-3.089879,-1.907585,-7.684725,4.610755E-10,4.610755E-10,-11.58976,-10.23235
'[17:34:37.524 21/01/2026]',-5.666664,-3.089879,-1.907585,-7.684725,4.610755E-10,4.610755E-10,-11.58976,-10.23235
'[17:34:37.532 21/01/2026]',1.194213,3.957953,-1.081158,2.640307,4.610755E-10,4.610755E-10,3.525039,4.69331
'[17:34:37.540 21/01/2026]',1.480346,-0.907488,2.114462,3.032029,4.610755E-10,4.610755E-10,3.676218,3.037818
'[17:34:37.548 21/01/2026]',-0.4641412,-0.7942671,-0.8186886,-3.71724,4.610755E-10,4.610755E-10,-6.440861,-7.085512
'[17:34:37.556 21/01/2026]',-0.4641412,-0.7942671,-0.8186886,-3.71724,4.610755E-10,4.610755E-10,-6.440861,-7.085512
'[17:34:37.564 21/01/2026]',-0.4641412,-0.7942671,-0.8186886,-3.71724,4.610755E-10,4.610755E-10,-6.440861,-7.085512
'[17:34:37.572 21/01/2026]',-5.820256,-8.378969,-3.193024,-2.059498,4.610755E-10,4.610755E-10,6.429437,5.426819
'[17:34:37.580 21/01/2026]',-5.820256,-8.378969,-3.193024,-2.059498,4.610755E-10,4.610755E-10,6.429437,5.426819
'[17:34:37.588 21/01/2026]',-5.820256,-8.378969,-3.193024,-2.059498,4.610755E-10,4.610755E-10,6.429437,5.426819
'[17:34:37.596 21/01/2026]',-3.875056,4.968241,0.2041015,2.381468,4.610755E-10,4.610755E-10,-2.973597,-0.9888501
'[17:34:37.604 21/01/2026]',-27.8528,-26.58839,-11.74122,-13.73188,4.610755E-10,4.610755E-10,-6.379439,-7.250721
'[17:34:37.612 21/01/2026]',28.82542,13.42691,9.469301,8.933231,4.610755E-10,4.610755E-10,8.8886,7.404082
'[17:34:37.620 21/01/2026]',28.82542,13.42691,9.469301,8.933231,4.610755E-10,4.610755E-10,8.8886,7.404082
'[17:34:37.628 21/01/2026]',47.57809,44.70887,22.9021,21.02233,4.610755E-10,4.610755E-10,-0.4911495,1.315824
'[17:34:37.636 21/01/2026]',-30.30736,-14.16369,-15.07456,-11.32684,4.610755E-10,4.610755E-10,-4.155101,-5.434299
'[17:34:37.644 21/01/2026]',-30.30736,-14.16369,-15.07456,-11.32684,4.610755E-10,4.610755E-10,-4.155101,-5.434299
'[17:34:37.652 21/01/2026]',-7.481425,-11.66378,-2.466105,-3.464951,4.610755E-10,4.610755E-10,5.146704,5.408242
'[17:34:37.660 21/01/2026]',2.80214,0.6904631,0.9958363,0.9145763,4.610755E-10,4.610755E-10,0.1423131,-0.6959057
'[17:34:37.668 21/01/2026]',2.80214,0.6904631,0.9958363,0.9145763,4.610755E-10,4.610755E-10,0.1423131,-0.6959057
'[17:34:37.676 21/01/2026]',5.736928,-3.5553,4.128689,2.390566,4.610755E-10,4.610755E-10,-6.011438,-3.898288
'[17:34:37.684 21/01/2026]',5.736928,-3.5553,4.128689,2.390566,4.610755E-10,4.610755E-10,-6.011438,-3.898288
'[17:34:37.692 21/01/2026]',-7.299698,5.007866,-4.851184,-3.235016,4.610755E-10,4.610755E-10,1.903364,0.8807754
'[17:34:37.700 21/01/2026]',-7.299698,5.007866,-4.851184,-3.235016,4.610755E-10,4.610755E-10,1.903364,0.8807754
'[17:34:37.708 21/01/2026]',-4.532448,-7.306192,-1.748683,-2.490298,4.610755E-10,4.610755E-10,3.341321,1.400575
'[17:34:37.716 21/01/2026]',-4.532448,-7.306192,-1.748683,-2.490298,4.610755E-10,4.610755E-10,3.341321,1.400575
'[17:34:37.724 21/01/2026]',-4.532448,-7.306192,-1.748683,-2.490298,4.610755E-10,4.610755E-10,3.341321,1.400575
'[17:34:37.732 21/01/2026]',5.293014,3.167795,3.628022,3.905528,4.610755E-10,4.610755E-10,-2.270329,1.090116
'[17:34:37.740 21/01/2026]',-0.8399721,1.267132,-1.69639,-1.692941,4.610755E-10,4.610755E-10,-0.2084279,-1.786365
'[17:34:37.748 21/01/2026]',-4.659858,-4.129561,-5.124414,-3.130324,4.610755E-10,4.610755E-10,-2.147815,-3.019512
'[17:34:37.756 21/01/2026]',-4.659858,-4.129561,-5.124414,-3.130324,4.610755E-10,4.610755E-10,-2.147815,-3.019512
'[17:34:37.764 21/01/2026]',-4.659858,-4.129561,-5.124414,-3.130324,4.610755E-10,4.610755E-10,-2.147815,-3.019512
'[17:34:37.772 21/01/2026]',-4.659858,-4.129561,-5.124414,-3.130324,4.610755E-10,4.610755E-10,-2.147815,-3.019512
'[17:34:37.780 21/01/2026]',5.683473,4.987675,7.875687,4.882335,4.610755E-10,4.610755E-10,5.608634,6.514248
'[17:34:37.788 21/01/2026]',5.683473,4.987675,7.875687,4.882335,4.610755E-10,4.610755E-10,5.608634,6.514248
'[17:34:37.796 21/01/2026]',-2.861338,-2.339119,-4.603943,-2.109547,4.610755E-10,4.610755E-10,-3.975998,-3.775923
'[17:34:37.804 21/01/2026]',-2.861338,-2.339119,-4.603943,-2.109547,4.610755E-10,4.610755E-10,-3.975998,-3.775923
'[17:34:37.812 21/01/2026]',4.593022,-8.936213,-0.4081767,-4.150724,4.610755E-10,4.610755E-10,-3.565836,-4.739178
'[17:34:37.820 21/01/2026]',-4.850748,11.13748,-0.09129583,5.338781,4.610755E-10,4.610755E-10,7.159252,7.846172
'[17:34:37.828 21/01/2026]',-4.850748,11.13748,-0.09129583,5.338781,4.610755E-10,4.610755E-10,7.159252,7.846172
'[17:34:37.836 21/01/2026]',-4.850748,11.13748,-0.09129583,5.338781,4.610755E-10,4.610755E-10,7.159252,7.846172
'[17:34:37.844 21/01/2026]',-2.71298,-0.4598826,2.910371,0.6502287,4.610755E-10,4.610755E-10,-3.519983,-2.195487
'[17:34:37.852 21/01/2026]',4.473777,-4.920713,-2.829125,-3.528558,4.610755E-10,4.610755E-10,-1.2591,-4.530014
'[17:34:37.860 21/01/2026]',4.473777,-4.920713,-2.829125,-3.528558,4.610755E-10,4.610755E-10,-1.2591,-4.530014
'[17:34:37.868 21/01/2026]',4.473777,-4.920713,-2.829125,-3.528558,4.610755E-10,4.610755E-10,-1.2591,-4.530014
'[17:34:37.876 21/01/2026]',-4.040845,-0.2223777,-5.546194,-2.552543,4.610755E-10,4.610755E-10,3.484189,5.841162
'[17:34:37.884 21/01/2026]',-4.040845,-0.2223777,-5.546194,-2.552543,4.610755E-10,4.610755E-10,3.484189,5.841162
'[17:34:37.892 21/01/2026]',3.344716,7.824534,9.469399,5.642683,4.610755E-10,4.610755E-10,-3.80522,-1.136838
'[17:34:37.900 21/01/2026]',3.344716,7.824534,9.469399,5.642683,4.610755E-10,4.610755E-10,-3.80522,-1.136838
'[17:34:37.908 21/01/2026]',3.344716,7.824534,9.469399,5.642683,4.610755E-10,4.610755E-10,-3.80522,-1.136838
'[17:34:37.916 21/01/2026]',3.344716,7.824534,9.469399,5.642683,4.610755E-10,4.610755E-10,-3.80522,-1.136838
'[17:34:37.924 21/01/2026]',-0.7251135,-7.665112,-5.233209,-2.944118,4.610755E-10,4.610755E-10,2.443805,-2.875497
'[17:34:37.932 21/01/2026]',-0.7690123,1.957513,0.4464665,1.30598,4.610755E-10,4.610755E-10,1.176297,1.811658
'[17:34:37.940 21/01/2026]',-0.7690123,1.957513,0.4464665,1.30598,4.610755E-10,4.610755E-10,1.176297,1.811658
'[17:34:37.948 21/01/2026]',-0.6552953,0.9097268,-0.380311,-2.274694,4.610755E-10,4.610755E-10,-3.011633,-0.5299765
'[17:34:37.956 21/01/2026]',-0.6552953,0.9097268,-0.380311,-2.274694,4.610755E-10,4.610755E-10,-3.011633,-0.5299765
'[17:34:37.964 21/01/2026]',-1.146403,-1.843905,-1.38071,-0.1453774,4.610755E-10,4.610755E-10,1.123861,1.487403
'[17:34:37.972 21/01/2026]',-1.146403,-1.843905,-1.38071,-0.1453774,4.610755E-10,4.610755E-10,1.123861,1.487403
'[17:34:37.980 21/01/2026]',0.9633364,2.301458,1.589965,2.355561,4.610755E-10,4.610755E-10,0.019336,-2.591313
'[17:34:37.988 21/01/2026]',0.9633364,2.301458,1.589965,2.355561,4.610755E-10,4.610755E-10,0.019336,-2.591313
'[17:34:37.996 21/01/2026]',1.827982,0.5359859,0.9394885,-0.1847478,4.610755E-10,4.610755E-10,-0.5043039,0.3896164
'[17:34:38.004 21/01/2026]',1.827982,0.5359859,0.9394885,-0.1847478,4.610755E-10,4.610755E-10,-0.5043039,0.3896164
'[17:34:38.012 21/01/2026]',-2.743584,-2.515823,-1.949574,-1.961506,4.610755E-10,4.610755E-10,0.6760231,1.815519
'[17:34:38.020 21/01/2026]',-2.743584,-2.515823,-1.949574,-1.961506,4.610755E-10,4.610755E-10,0.6760231,1.815519
'[17:34:38.028 21/01/2026]',-2.743584,-2.515823,-1.949574,-1.961506,4.610755E-10,4.610755E-10,0.6760231,1.815519
'[17:34:38.036 21/01/2026]',1.104756,0.2037939,-0.4188676,0.2842175,4.610755E-10,4.610755E-10,-2.032561,-3.005736
'[17:34:38.044 21/01/2026]',0.9336394,0.1282453,4.875599,3.639323,4.610755E-10,4.610755E-10,2.919992,3.669173
'[17:34:38.052 21/01/2026]',0.9336394,0.1282453,4.875599,3.639323,4.610755E-10,4.610755E-10,2.919992,3.669173
'[17:34:38.060 21/01/2026]',-7.975317,-3.393381,-7.732962,-7.317898,4.610755E-10,4.610755E-10,-3.478296,-4.148073
'[17:34:38.068 21/01/2026]',-7.975317,-3.393381,-7.732962,-7.317898,4.610755E-10,4.610755E-10,-3.478296,-4.148073
'[17:34:38.076 21/01/2026]',-7.975317,-3.393381,-7.732962,-7.317898,4.610755E-10,4.610755E-10,-3.478296,-4.148073
'[17:34:38.084 21/01/2026]',-7.975317,-3.393381,-7.732962,-7.317898,4.610755E-10,4.610755E-10,-3.478296,-4.148073
'[17:34:38.092 21/01/2026]',-7.975317,-3.393381,-7.732962,-7.317898,4.610755E-10,4.610755E-10,-3.478296,-4.148073
'[17:34:38.100 21/01/2026]',-7.975317,-3.393381,-7.732962,-7.317898,4.610755E-10,4.610755E-10,-3.478296,-4.148073
'[17:34:38.108 21/01/2026]',-13.47704,-16.00897,-4.981045,-4.424752,4.610755E-10,4.610755E-10,0.9967322,2.227368
'[17:34:38.116 21/01/2026]',-15.04931,-15.36558,-3.837782,-5.852436,4.610755E-10,4.610755E-10,-2.161297,-3.044739
'[17:34:38.124 21/01/2026]',48.46186,39.18632,17.61694,17.5748,4.610755E-10,4.610755E-10,2.377142,1.923555
'[17:34:38.132 21/01/2026]',48.46186,39.18632,17.61694,17.5748,4.610755E-10,4.610755E-10,2.377142,1.923555
'[17:34:38.140 21/01/2026]',4.600589,2.726427,1.720592,1.90011,4.610755E-10,4.610755E-10,-0.1992951,0.2789585
'[17:34:38.148 21/01/2026]',-19.35983,-13.71192,-7.389779,-7.160993,4.610755E-10,4.610755E-10,1.030494,0.2124045
'[17:34:38.156 21/01/2026]',-19.35983,-13.71192,-7.389779,-7.160993,4.610755E-10,4.610755E-10,1.030494,0.2124045
'[17:34:38.164 21/01/2026]',-19.35983,-13.71192,-7.389779,-7.160993,4.610755E-10,4.610755E-10,1.030494,0.2124045
'[17:34:38.172 21/01/2026]',11.77991,11.35839,8.451229,7.005579,4.610755E-10,4.610755E-10,0.5112878,0.8140246
'[17:34:38.180 21/01/2026]',11.77991,11.35839,8.451229,7.005579,4.610755E-10,4.610755E-10,0.5112878,0.8140246
'[17:34:38.188 21/01/2026]',-1.570955,1.928171,-3.680082,-1.115868,4.610755E-10,4.610755E-10,1.562503,1.38759
'[17:34:38.196 21/01/2026]',-1.570955,1.928171,-3.680082,-1.115868,4.610755E-10,4.610755E-10,1.562503,1.38759
'[17:34:38.204 21/01/2026]',-1.570955,1.928171,-3.680082,-1.115868,4.610755E-10,4.610755E-10,1.562503,1.38759
'[17:34:38.212 21/01/2026]',-1.977119,-2.841812,-1.655563,-0.003814752,4.610755E-10,4.610755E-10,-2.389431,-0.001326748
'[17:34:38.220 21/01/2026]',-1.977119,-2.841812,-1.655563,-0.003814752,4.610755E-10,4.610755E-10,-2.389431,-0.001326748
'[17:34:38.228 21/01/2026]',-3.126768,8.636367,3.209723,2.454998,4.610755E-10,4.610755E-10,3.865175,0.607212
'[17:34:38.236 21/01/2026]',-3.126768,8.636367,3.209723,2.454998,4.610755E-10,4.610755E-10,3.865175,0.607212
'[17:34:38.244 21/01/2026]',1.458581,6.698756,-1.455675,1.900978,4.610755E-10,4.610755E-10,-0.6058127,3.628774
'[17:34:38.252 21/01/2026]',1.458581,6.698756,-1.455675,1.900978,4.610755E-10,4.610755E-10,-0.6058127,3.628774
'[17:34:38.260 21/01/2026]',1.744108,-14.68605,0.8486651,-3.598668,4.610755E-10,4.610755E-10,-0.3813672,-5.083867
'[17:34:38.268 21/01/2026]',1.744108,-14.68605,0.8486651,-3.598668,4.610755E-10,4.610755E-10,-0.3813672,-5.083867
'[17:34:38.276 21/01/2026]',1.744108,-14.68605,0.8486651,-3.598668,4.610755E-10,4.610755E-10,-0.3813672,-5.083867
'[17:34:38.284 21/01/2026]',-7.187966,-18.76402,-5.568724,-9.953847,4.610755E-10,4.610755E-10,-6.414017,-4.544621
'[17:34:38.292 21/01/2026]',1.497458,16.59299,1.221797,7.761981,4.610755E-10,4.610755E-10,1.895265,4.014597
'[17:34:38.300 21/01/2026]',1.497458,16.59299,1.221797,7.761981,4.610755E-10,4.610755E-10,1.895265,4.014597
'[17:34:38.308 21/01/2026]',4.091657,4.596969,5.62956,4.585901,4.610755E-10,4.610755E-10,9.145205,3.083575
'[17:34:38.316 21/01/2026]',4.091657,4.596969,5.62956,4.585901,4.610755E-10,4.610755E-10,9.145205,3.083575
'[17:34:38.324 21/01/2026]',-4.082443,-13.55573,-4.15696,-8.306097,4.610755E-10,4.610755E-10,-11.17216,-5.171754
'[17:34:38.332 21/01/2026]',0.3742994,5.056502,-2.433293,1.485657,4.610755E-10,4.610755E-10,0.6278769,-0.160293
'[17:34:38.340 21/01/2026]',0.3742994,5.056502,-2.433293,1.485657,4.610755E-10,4.610755E-10,0.6278769,-0.160293
'[17:34:38.348 21/01/2026]',0.3742994,5.056502,-2.433293,1.485657,4.610755E-10,4.610755E-10,0.6278769,-0.160293
'[17:34:38.356 21/01/2026]',-1.287683,1.349704,1.382816,1.765664,4.610755E-10,4.610755E-10,5.412022,2.512194
'[17:34:38.364 21/01/2026]',-1.287683,1.349704,1.382816,1.765664,4.610755E-10,4.610755E-10,5.412022,2.512194
'[17:34:38.372 21/01/2026]',-1.287683,1.349704,1.382816,1.765664,4.610755E-10,4.610755E-10,5.412022,2.512194
'[17:34:38.380 21/01/2026]',2.422952,-0.2900499,0.5992819,0.1319556,4.610755E-10,4.610755E-10,-0.747887,0.7592741
'[17:34:38.388 21/01/2026]',2.422952,-0.2900499,0.5992819,0.1319556,4.610755E-10,4.610755E-10,-0.747887,0.7592741
'[17:34:38.396 21/01/2026]',-2.420432,-4.158881,-1.558874,-3.305265,4.610755E-10,4.610755E-10,-4.146555,-3.71739
'[17:34:38.404 21/01/2026]',-0.695193,2.171369,-1.455537,1.462846,4.610755E-10,4.610755E-10,1.294709,1.754339
'[17:34:38.412 21/01/2026]',-0.695193,2.171369,-1.455537,1.462846,4.610755E-10,4.610755E-10,1.294709,1.754339
'[17:34:38.420 21/01/2026]',-0.695193,2.171369,-1.455537,1.462846,4.610755E-10,4.610755E-10,1.294709,1.754339
'[17:34:38.428 21/01/2026]',-0.695193,2.171369,-1.455537,1.462846,4.610755E-10,4.610755E-10,1.294709,1.754339
'[17:34:38.436 21/01/2026]',-0.695193,2.171369,-1.455537,1.462846,4.610755E-10,4.610755E-10,1.294709,1.754339
'[17:34:38.444 21/01/2026]',1.859514,1.855535,2.366825,1.633288,4.610755E-10,4.610755E-10,2.360353,1.6436
'[17:34:38.452 21/01/2026]',1.859514,1.855535,2.366825,1.633288,4.610755E-10,4.610755E-10,2.360353,1.6436
'[17:34:38.460 21/01/2026]',-1.975227,-0.6239473,-2.556455,-1.764158,4.610755E-10,4.610755E-10,-0.839242,-1.69599
'[17:34:38.468 21/01/2026]',1.625989,-2.819347,1.36147,0.1380785,4.610755E-10,4.610755E-10,-2.045388,-1.043993
'[17:34:38.476 21/01/2026]',-2.917635,-0.9465474,-2.882039,-0.8825914,4.610755E-10,4.610755E-10,-0.4135372,-0.4951167
'[17:34:38.484 21/01/2026]',3.5284,3.915527,4.545242,1.56638,4.610755E-10,4.610755E-10,1.630233,1.372284
'[17:34:38.492 21/01/2026]',3.5284,3.915527,4.545242,1.56638,4.610755E-10,4.610755E-10,1.630233,1.372284
'[17:34:38.500 21/01/2026]',-1.003553,-1.794581,-1.086878,0.3099782,4.610755E-10,4.610755E-10,1.256699,2.243579
'[17:34:38.508 21/01/2026]',-1.003553,-1.794581,-1.086878,0.3099782,4.610755E-10,4.610755E-10,1.256699,2.243579
'[17:34:38.516 21/01/2026]',0.5983714,-2.181169,0.06330771,-0.6447465,4.610755E-10,4.610755E-10,-1.214353,-3.13169
'[17:34:38.524 21/01/2026]',0.5983714,-2.181169,0.06330771,-0.6447465,4.610755E-10,4.610755E-10,-1.214353,-3.13169
'[17:34:38.532 21/01/2026]',-1.743482,2.776112,-0.6524178,-0.6405007,4.610755E-10,4.610755E-10,-1.251583,-0.4749489
'[17:34:38.540 21/01/2026]',0.8473094,-0.7734444,-2.41749,-0.342846,4.610755E-10,4.610755E-10,1.020508,2.46513
'[17:34:38.548 21/01/2026]',0.8473094,-0.7734444,-2.41749,-0.342846,4.610755E-10,4.610755E-10,1.020508,2.46513
'[17:34:38.556 21/01/2026]',0.8468562,2.17575,2.867396,0.6516156,4.610755E-10,4.610755E-10,0.1338099,-1.351484
'[17:34:38.564 21/01/2026]',0.8468562,2.17575,2.867396,0.6516156,4.610755E-10,4.610755E-10,0.1338099,-1.351484
'[17:34:38.572 21/01/2026]',0.8468562,2.17575,2.867396,0.6516156,4.610755E-10,4.610755E-10,0.1338099,-1.351484
'[17:34:38.580 21/01/2026]',-0.1915444,-2.29005,0.4548881,0.7585737,4.610755E-10,4.610755E-10,0.4282215,0.5674998
'[17:34:38.588 21/01/2026]',-18.19447,-5.393935,-10.17704,-7.08712,4.610755E-10,4.610755E-10,-0.4621423,1.209457
'[17:34:38.596 21/01/2026]',-18.19447,-5.393935,-10.17704,-7.08712,4.610755E-10,4.610755E-10,-0.4621423,1.209457
'[17:34:38.604 21/01/2026]',-18.19447,-5.393935,-10.17704,-7.08712,4.610755E-10,4.610755E-10,-0.4621423,1.209457
'[17:34:38.612 21/01/2026]',22.53832,8.703262,10.71087,8.01393,4.610755E-10,4.610755E-10,-0.6629505,-3.303812
'[17:34:38.620 21/01/2026]',8.530793,4.114987,6.472785,5.390517,4.610755E-10,4.610755E-10,0.636111,2.32048
'[17:34:38.628 21/01/2026]',8.530793,4.114987,6.472785,5.390517,4.610755E-10,4.610755E-10,0.636111,2.32048
'[17:34:38.636 21/01/2026]',-19.45343,-5.699134,-9.924797,-7.615564,4.610755E-10,4.610755E-10,1.032562,-0.6320295
'[17:34:38.644 21/01/2026]',1.274062,-3.01964,-1.642919,-2.026143,4.610755E-10,4.610755E-10,-1.719924,-1.321595
'[17:34:38.652 21/01/2026]',1.274062,-3.01964,-1.642919,-2.026143,4.610755E-10,4.610755E-10,-1.719924,-1.321595
'[17:34:38.660 21/01/2026]',4.918055,2.813967,2.895169,1.999819,4.610755E-10,4.610755E-10,0.8055325,3.912932
'[17:34:38.668 21/01/2026]',0.8714358,2.947063,3.053324,3.62075,4.610755E-10,4.610755E-10,2.502931,-2.153988
'[17:34:38.676 21/01/2026]',0.8714358,2.947063,3.053324,3.62075,4.610755E-10,4.610755E-10,2.502931,-2.153988
'[17:34:38.684 21/01/2026]',-0.81542,-1.062294,1.229069,1.560302,4.610755E-10,4.610755E-10,-0.2419187,0.2226046
'[17:34:38.692 21/01/2026]',-0.81542,-1.062294,1.229069,1.560302,4.610755E-10,4.610755E-10,-0.2419187,0.2226046
'[17:34:38.700 21/01/2026]',-0.81542,-1.062294,1.229069,1.560302,4.610755E-10,4.610755E-10,-0.2419187,0.2226046
'[17:34:38.708 21/01/2026]',-0.81542,-1.062294,1.229069,1.560302,4.610755E-10,4.610755E-10,-0.2419187,0.2226046
'[17:34:38.716 21/01/2026]',-1.340158,-1.240477,-3.701279,-4.113478,4.610755E-10,4.610755E-10,-3.804569,-1.833736
'[17:34:38.724 21/01/2026]',-4.946193,-2.241355,-5.362726,-4.626797,4.610755E-10,4.610755E-10,-0.0746847,-0.6292583
'[17:34:38.732 21/01/2026]',-4.946193,-2.241355,-5.362726,-4.626797,4.610755E-10,4.610755E-10,-0.0746847,-0.6292583
'[17:34:38.740 21/01/2026]',-4.946193,-2.241355,-5.362726,-4.626797,4.610755E-10,4.610755E-10,-0.0746847,-0.6292583
'[17:34:38.748 21/01/2026]',-4.946193,-2.241355,-5.362726,-4.626797,4.610755E-10,4.610755E-10,-0.0746847,-0.6292583
'[17:34:38.756 21/01/2026]',3.705715,0.4975586,5.141971,4.289833,4.610755E-10,4.610755E-10,0.1905204,-0.4963017
'[17:34:38.764 21/01/2026]',8.553519,3.622591,5.224746,5.909914,4.610755E-10,4.610755E-10,4.802903,5.249892
'[17:34:38.772 21/01/2026]',8.553519,3.622591,5.224746,5.909914,4.610755E-10,4.610755E-10,4.802903,5.249892
'[17:34:38.780 21/01/2026]',-7.640286,0.124651,-5.321916,-5.982422,4.610755E-10,4.610755E-10,-3.555998,-3.999818
'[17:34:38.788 21/01/2026]',-7.640286,0.124651,-5.321916,-5.982422,4.610755E-10,4.610755E-10,-3.555998,-3.999818
'[17:34:38.796 21/01/2026]',-4.452196,-5.693529,-1.42123,-1.52786,4.610755E-10,4.610755E-10,-3.198092,-2.040392
'[17:34:38.804 21/01/2026]',-4.452196,-5.693529,-1.42123,-1.52786,4.610755E-10,4.610755E-10,-3.198092,-2.040392
'[17:34:38.812 21/01/2026]',5.446581,2.518486,2.685646,3.664047,4.610755E-10,4.610755E-10,5.124524,2.567606
'[17:34:38.820 21/01/2026]',5.446581,2.518486,2.685646,3.664047,4.610755E-10,4.610755E-10,5.124524,2.567606
'[17:34:38.828 21/01/2026]',5.446581,2.518486,2.685646,3.664047,4.610755E-10,4.610755E-10,5.124524,2.567606
'[17:34:38.836 21/01/2026]',-0.8382825,1.619283,-1.589839,-0.8421085,4.610755E-10,4.610755E-10,-0.8412176,2.896596
'[17:34:38.844 21/01/2026]',-0.8382825,1.619283,-1.589839,-0.8421085,4.610755E-10,4.610755E-10,-0.8412176,2.896596
'[17:34:38.852 21/01/2026]',-0.4549458,-3.871998,1.396531,-1.080107,4.610755E-10,4.610755E-10,-2.119142,-4.297506
'[17:34:38.860 21/01/2026]',-0.4549458,-3.871998,1.396531,-1.080107,4.610755E-10,4.610755E-10,-2.119142,-4.297506
'[17:34:38.868 21/01/2026]',-0.9788711,3.292534,-1.915333,1.090227,4.610755E-10,4.610755E-10,3.679134,2.491523
'[17:34:38.876 21/01/2026]',-0.9788711,3.292534,-1.915333,1.090227,4.610755E-10,4.610755E-10,3.679134,2.491523
'[17:34:38.884 21/01/2026]',1.786391,-2.820228,1.192313,-1.055589,4.610755E-10,4.610755E-10,-3.165606,-1.48475
'[17:34:38.892 21/01/2026]',1.786391,-2.820228,1.192313,-1.055589,4.610755E-10,4.610755E-10,-3.165606,-1.48475
'[17:34:38.900 21/01/2026]',-4.034662,-4.019763,-2.782592,-2.109773,4.610755E-10,4.610755E-10,-2.166607,-2.463109
'[17:34:38.908 21/01/2026]',-4.034662,-4.019763,-2.782592,-2.109773,4.610755E-10,4.610755E-10,-2.166607,-2.463109
'[17:34:38.916 21/01/2026]',-4.034662,-4.019763,-2.782592,-2.109773,4.610755E-10,4.610755E-10,-2.166607,-2.463109
'[17:34:38.924 21/01/2026]',5.26129,7.923572,4.028314,6.08467,4.610755E-10,4.610755E-10,6.793056,6.400339
'[17:34:38.932 21/01/2026]',5.26129,7.923572,4.028314,6.08467,4.610755E-10,4.610755E-10,6.793056,6.400339
'[17:34:38.940 21/01/2026]',5.26129,7.923572,4.028314,6.08467,4.610755E-10,4.610755E-10,6.793056,6.400339
'[17:34:38.948 21/01/2026]',-4.994363,-6.37887,-3.658182,-6.649872,4.610755E-10,4.610755E-10,-7.346014,-6.770414
'[17:34:38.956 21/01/2026]',1.55435,1.32287,0.9087465,2.593846,4.610755E-10,4.610755E-10,4.303062,3.145225
'[17:34:38.964 21/01/2026]',1.55435,1.32287,0.9087465,2.593846,4.610755E-10,4.610755E-10,4.303062,3.145225
'[17:34:38.972 21/01/2026]',-0.2978867,0.0003871254,-0.7225362,-0.4114694,4.610755E-10,4.610755E-10,-2.054807,-0.7769453
'[17:34:38.980 21/01/2026]',-0.2978867,0.0003871254,-0.7225362,-0.4114694,4.610755E-10,4.610755E-10,-2.054807,-0.7769453
'[17:34:38.988 21/01/2026]',2.586079,1.497103,2.5581,0.4986664,4.610755E-10,4.610755E-10,2.22642,1.950332
'[17:34:38.996 21/01/2026]',2.586079,1.497103,2.5581,0.4986664,4.610755E-10,4.610755E-10,2.22642,1.950332
'[17:34:39.004 21/01/2026]',-2.500031,-0.8208391,-0.8369042,0.672599,4.610755E-10,4.610755E-10,-0.1602248,-0.6451704
'[17:34:39.012 21/01/2026]',-2.500031,-0.8208391,-0.8369042,0.672599,4.610755E-10,4.610755E-10,-0.1602248,-0.6451704
'[17:34:39.020 21/01/2026]',1.18155,-3.330386,2.596576E-05,-0.9149024,4.610755E-10,4.610755E-10,-1.280569,-1.604406
'[17:34:39.028 21/01/2026]',1.18155,-3.330386,2.596576E-05,-0.9149024,4.610755E-10,4.610755E-10,-1.280569,-1.604406
'[17:34:39.036 21/01/2026]',0.8736359,3.931801,0.2017555,0.8147728,4.610755E-10,4.610755E-10,0.2702916,1.53927
'[17:34:39.044 21/01/2026]',0.8736359,3.931801,0.2017555,0.8147728,4.610755E-10,4.610755E-10,0.2702916,1.53927
'[17:34:39.052 21/01/2026]',-2.328821,-1.558523,-0.8308091,-1.305451,4.610755E-10,4.610755E-10,1.393955,-0.01497321
'[17:34:39.060 21/01/2026]',-2.328821,-1.558523,-0.8308091,-1.305451,4.610755E-10,4.610755E-10,1.393955,-0.01497321
'[17:34:39.068 21/01/2026]',-2.328821,-1.558523,-0.8308091,-1.305451,4.610755E-10,4.610755E-10,1.393955,-0.01497321
'[17:34:39.076 21/01/2026]',2.284186,-0.8338315,1.255027,1.472689,4.610755E-10,4.610755E-10,-2.621536,-0.9487221
'[17:34:39.084 21/01/2026]',2.284186,-0.8338315,1.255027,1.472689,4.610755E-10,4.610755E-10,-2.621536,-0.9487221
'[17:34:39.092 21/01/2026]',2.284186,-0.8338315,1.255027,1.472689,4.610755E-10,4.610755E-10,-2.621536,-0.9487221
'[17:34:39.100 21/01/2026]',2.284186,-0.8338315,1.255027,1.472689,4.610755E-10,4.610755E-10,-2.621536,-0.9487221
'[17:34:39.108 21/01/2026]',-0.3401965,0.03852251,-0.6336207,-1.209092,4.610755E-10,4.610755E-10,1.339158,0.5742285
'[17:34:39.116 21/01/2026]',-1.36042,3.129356,-0.1654872,0.9370095,4.610755E-10,4.610755E-10,0.08291369,-0.1017827
'[17:34:39.124 21/01/2026]',-1.36042,3.129356,-0.1654872,0.9370095,4.610755E-10,4.610755E-10,0.08291369,-0.1017827
'[17:34:39.132 21/01/2026]',0.8862822,-2.510813,-1.613135,-1.187025,4.610755E-10,4.610755E-10,0.2317859,0.6174843
'[17:34:39.140 21/01/2026]',1.213717,-2.193564,2.436693,0.4489067,4.610755E-10,4.610755E-10,-1.084493,-0.5985021
'[17:34:39.148 21/01/2026]',1.213717,-2.193564,2.436693,0.4489067,4.610755E-10,4.610755E-10,-1.084493,-0.5985021
'[17:34:39.156 21/01/2026]',-0.9884219,3.621352,-0.5158591,1.7744,4.610755E-10,4.610755E-10,1.479451,-1.093679
'[17:34:39.164 21/01/2026]',-0.9884219,3.621352,-0.5158591,1.7744,4.610755E-10,4.610755E-10,1.479451,-1.093679
'[17:34:39.172 21/01/2026]',0.9605049,-0.3800618,-0.07166816,-0.7908463,4.610755E-10,4.610755E-10,-0.5653987,1.802607
'[17:34:39.180 21/01/2026]',0.9605049,-0.3800618,-0.07166816,-0.7908463,4.610755E-10,4.610755E-10,-0.5653987,1.802607
'[17:34:39.188 21/01/2026]',-0.4769721,-1.261604,-0.5353953,-0.6294433,4.610755E-10,4.610755E-10,-0.747392,-1.476968
'[17:34:39.196 21/01/2026]',-0.4769721,-1.261604,-0.5353953,-0.6294433,4.610755E-10,4.610755E-10,-0.747392,-1.476968
'[17:34:39.204 21/01/2026]',-0.4769721,-1.261604,-0.5353953,-0.6294433,4.610755E-10,4.610755E-10,-0.747392,-1.476968
'[17:34:39.212 21/01/2026]',-3.130035,-1.266356,-1.699903,-2.308831,4.610755E-10,4.610755E-10,0.5210225,1.316537
'[17:34:39.220 21/01/2026]',-3.130035,-1.266356,-1.699903,-2.308831,4.610755E-10,4.610755E-10,0.5210225,1.316537
'[17:34:39.228 21/01/2026]',-2.828304,-2.863834,-2.974181,-2.973037,4.610755E-10,4.610755E-10,-4.30699,-3.621777
'[17:34:39.236 21/01/2026]',-4.673342,-4.728453,-2.10217,-0.7976287,4.610755E-10,4.610755E-10,2.843798,0.4892128
'[17:34:39.244 21/01/2026]',-4.673342,-4.728453,-2.10217,-0.7976287,4.610755E-10,4.610755E-10,2.843798,0.4892128
'[17:34:39.252 21/01/2026]',26.51176,21.04541,15.82595,13.95182,4.610755E-10,4.610755E-10,2.927685,3.651632
'[17:34:39.260 21/01/2026]',26.51176,21.04541,15.82595,13.95182,4.610755E-10,4.610755E-10,2.927685,3.651632
'[17:34:39.268 21/01/2026]',26.51176,21.04541,15.82595,13.95182,4.610755E-10,4.610755E-10,2.927685,3.651632
'[17:34:39.276 21/01/2026]',26.51176,21.04541,15.82595,13.95182,4.610755E-10,4.610755E-10,2.927685,3.651632
'[17:34:39.284 21/01/2026]',-14.25031,-9.194337,-9.942533,-8.938684,4.610755E-10,4.610755E-10,-4.179352,-3.665356
'[17:34:39.292 21/01/2026]',-14.25031,-9.194337,-9.942533,-8.938684,4.610755E-10,4.610755E-10,-4.179352,-3.665356
'[17:34:39.300 21/01/2026]',-9.047053,-12.07953,-4.979785,-5.984822,4.610755E-10,4.610755E-10,0.4613033,-0.2365322
'[17:34:39.308 21/01/2026]',4.945917,7.372741,2.759963,3.241328,4.610755E-10,4.610755E-10,-2.041404,0.05156513
'[17:34:39.316 21/01/2026]',3.727069,18.72369,4.698561,10.35863,4.610755E-10,4.610755E-10,10.53483,7.685889
'[17:34:39.324 21/01/2026]',3.727069,18.72369,4.698561,10.35863,4.610755E-10,4.610755E-10,10.53483,7.685889
'[17:34:39.332 21/01/2026]',3.400967,-20.71707,-0.1505737,-8.525043,4.610755E-10,4.610755E-10,-9.415161,-7.709964
'[17:34:39.340 21/01/2026]',3.400967,-20.71707,-0.1505737,-8.525043,4.610755E-10,4.610755E-10,-9.415161,-7.709964
'[17:34:39.348 21/01/2026]',3.400967,-20.71707,-0.1505737,-8.525043,4.610755E-10,4.610755E-10,-9.415161,-7.709964
'[17:34:39.356 21/01/2026]',3.400967,-20.71707,-0.1505737,-8.525043,4.610755E-10,4.610755E-10,-9.415161,-7.709964
'[17:34:39.364 21/01/2026]',-5.003729,-3.663531,-2.735337,-2.300216,4.610755E-10,4.610755E-10,-2.637426,-3.616326
'[17:34:39.372 21/01/2026]',1.815268,13.48914,3.627763,6.157849,4.610755E-10,4.610755E-10,10.64916,8.626392
'[17:34:39.380 21/01/2026]',1.815268,13.48914,3.627763,6.157849,4.610755E-10,4.610755E-10,10.64916,8.626392
'[17:34:39.388 21/01/2026]',-2.447407,-5.794024,-5.313925,-4.51054,4.610755E-10,4.610755E-10,-9.857905,-3.420442
'[17:34:39.396 21/01/2026]',-2.447407,-5.794024,-5.313925,-4.51054,4.610755E-10,4.610755E-10,-9.857905,-3.420442
'[17:34:39.404 21/01/2026]',-2.447407,-5.794024,-5.313925,-4.51054,4.610755E-10,4.610755E-10,-9.857905,-3.420442
'[17:34:39.412 21/01/2026]',0.939594,-4.847631,1.031158,-0.7380017,4.610755E-10,4.610755E-10,0.8997936,-2.940615
'[17:34:39.420 21/01/2026]',-0.8415494,-1.907007,2.143393,-0.2509883,4.610755E-10,4.610755E-10,2.766376,-0.6544943
'[17:34:39.428 21/01/2026]',-0.8415494,-1.907007,2.143393,-0.2509883,4.610755E-10,4.610755E-10,2.766376,-0.6544943
'[17:34:39.436 21/01/2026]',-0.8415494,-1.907007,2.143393,-0.2509883,4.610755E-10,4.610755E-10,2.766376,-0.6544943
'[17:34:39.444 21/01/2026]',-0.8602759,-5.298211,-2.226391,-1.07146,4.610755E-10,4.610755E-10,-1.872194,0.5552776
'[17:34:39.452 21/01/2026]',-0.8602759,-5.298211,-2.226391,-1.07146,4.610755E-10,4.610755E-10,-1.872194,0.5552776
'[17:34:39.460 21/01/2026]',6.157533,25.79277,2.015819,7.252341,4.610755E-10,4.610755E-10,1.00758,3.232974
'[17:34:39.468 21/01/2026]',-3.982658,-15.44555,0.5364317,-3.19074,4.610755E-10,4.610755E-10,-0.7504615,-2.221253
'[17:34:39.476 21/01/2026]',-3.982658,-15.44555,0.5364317,-3.19074,4.610755E-10,4.610755E-10,-0.7504615,-2.221253
'[17:34:39.484 21/01/2026]',-2.447003,-3.867472,-1.966141,-2.22338,4.610755E-10,4.610755E-10,1.93717,-0.8624618
'[17:34:39.492 21/01/2026]',-2.447003,-3.867472,-1.966141,-2.22338,4.610755E-10,4.610755E-10,1.93717,-0.8624618
'[17:34:39.500 21/01/2026]',0.02408347,2.4225,-1.476818,-1.860181,4.610755E-10,4.610755E-10,-3.563226,1.687129
'[17:34:39.508 21/01/2026]',0.02408347,2.4225,-1.476818,-1.860181,4.610755E-10,4.610755E-10,-3.563226,1.687129
'[17:34:39.516 21/01/2026]',2.349033,2.309508,1.66409,2.426529,4.610755E-10,4.610755E-10,3.367825,-0.5134237
'[17:34:39.524 21/01/2026]',2.349033,2.309508,1.66409,2.426529,4.610755E-10,4.610755E-10,3.367825,-0.5134237
'[17:34:39.532 21/01/2026]',-2.192626,0.04085499,-0.5193043,1.962762,4.610755E-10,4.610755E-10,-2.143887,-0.5605513
'[17:34:39.540 21/01/2026]',-2.192626,0.04085499,-0.5193043,1.962762,4.610755E-10,4.610755E-10,-2.143887,-0.5605513
'[17:34:39.548 21/01/2026]',-2.192626,0.04085499,-0.5193043,1.962762,4.610755E-10,4.610755E-10,-2.143887,-0.5605513
'[17:34:39.556 21/01/2026]',-2.192626,0.04085499,-0.5193043,1.962762,4.610755E-10,4.610755E-10,-2.143887,-0.5605513
'[17:34:39.564 21/01/2026]',2.503956,-3.683474,2.317971,-1.405508,4.610755E-10,4.610755E-10,0.1640532,0.4069681
'[17:34:39.572 21/01/2026]',-1.582842,3.868497,-1.61181,-0.1697648,4.610755E-10,4.610755E-10,2.044409,1.096136
'[17:34:39.580 21/01/2026]',0.06215516,-0.6866664,-0.990034,0.08729961,4.610755E-10,4.610755E-10,0.1591684,0.03476088
'[17:34:39.588 21/01/2026]',0.06215516,-0.6866664,-0.990034,0.08729961,4.610755E-10,4.610755E-10,0.1591684,0.03476088
'[17:34:39.596 21/01/2026]',0.06215516,-0.6866664,-0.990034,0.08729961,4.610755E-10,4.610755E-10,0.1591684,0.03476088
'[17:34:39.604 21/01/2026]',0.06215516,-0.6866664,-0.990034,0.08729961,4.610755E-10,4.610755E-10,0.1591684,0.03476088
'[17:34:39.612 21/01/2026]',2.415635,-0.1914451,3.009705,1.686339,4.610755E-10,4.610755E-10,-0.3283378,0.3535272
'[17:34:39.620 21/01/2026]',-1.895823,-0.2760725,-2.549634,-0.620288,4.610755E-10,4.610755E-10,-0.2256277,-0.684115
'[17:34:39.628 21/01/2026]',-1.895823,-0.2760725,-2.549634,-0.620288,4.610755E-10,4.610755E-10,-0.2256277,-0.684115
'[17:34:39.636 21/01/2026]',-0.6179938,-2.465166,-1.929424,-2.86083,4.610755E-10,4.610755E-10,-3.180836,-2.209972
'[17:34:39.644 21/01/2026]',-0.6179938,-2.465166,-1.929424,-2.86083,4.610755E-10,4.610755E-10,-3.180836,-2.209972
'[17:34:39.652 21/01/2026]',-0.6179938,-2.465166,-1.929424,-2.86083,4.610755E-10,4.610755E-10,-3.180836,-2.209972
'[17:34:39.660 21/01/2026]',-0.2801266,3.049493,2.548365,1.640845,4.610755E-10,4.610755E-10,4.080481,2.990663
'[17:34:39.668 21/01/2026]',-0.2801266,3.049493,2.548365,1.640845,4.610755E-10,4.610755E-10,4.080481,2.990663
'[17:34:39.676 21/01/2026]',-0.2801266,3.049493,2.548365,1.640845,4.610755E-10,4.610755E-10,4.080481,2.990663
'[17:34:39.684 21/01/2026]',-2.552344,-3.697666,-2.759644,0.3367205,4.610755E-10,4.610755E-10,0.2983482,0.4426284
'[17:34:39.692 21/01/2026]',-2.552344,-3.697666,-2.759644,0.3367205,4.610755E-10,4.610755E-10,0.2983482,0.4426284
'[17:34:39.700 21/01/2026]',-33.37871,-20.88524,-12.61289,-12.48017,4.610755E-10,4.610755E-10,-4.048827,-2.486846
'[17:34:39.708 21/01/2026]',-33.37871,-20.88524,-12.61289,-12.48017,4.610755E-10,4.610755E-10,-4.048827,-2.486846
'[17:34:39.716 21/01/2026]',14.97018,25.48539,4.996784,8.11227,4.610755E-10,4.610755E-10,5.017852,4.92045
'[17:34:39.724 21/01/2026]',14.97018,25.48539,4.996784,8.11227,4.610755E-10,4.610755E-10,5.017852,4.92045
'[17:34:39.732 21/01/2026]',69.61426,26.51915,29.08452,20.6267,4.610755E-10,4.610755E-10,-5.076313,-6.985435
'[17:34:39.740 21/01/2026]',69.61426,26.51915,29.08452,20.6267,4.610755E-10,4.610755E-10,-5.076313,-6.985435
'[17:34:39.748 21/01/2026]',-33.19603,-32.91209,-11.58122,-12.78447,4.610755E-10,4.610755E-10,2.707703,2.471291
'[17:34:39.756 21/01/2026]',-33.19603,-32.91209,-11.58122,-12.78447,4.610755E-10,4.610755E-10,2.707703,2.471291
'[17:34:39.764 21/01/2026]',-26.70873,3.55769,-16.0337,-9.770389,4.610755E-10,4.610755E-10,-1.23569,0.6355906
'[17:34:39.772 21/01/2026]',-26.70873,3.55769,-16.0337,-9.770389,4.610755E-10,4.610755E-10,-1.23569,0.6355906
'[17:34:39.780 21/01/2026]',-26.70873,3.55769,-16.0337,-9.770389,4.610755E-10,4.610755E-10,-1.23569,0.6355906
'[17:34:39.788 21/01/2026]',-26.70873,3.55769,-16.0337,-9.770389,4.610755E-10,4.610755E-10,-1.23569,0.6355906
'[17:34:39.796 21/01/2026]',-26.70873,3.55769,-16.0337,-9.770389,4.610755E-10,4.610755E-10,-1.23569,0.6355906
'[17:34:39.804 21/01/2026]',15.31918,7.316392,8.847633,8.740571,4.610755E-10,4.610755E-10,-0.267458,0.2067447
'[17:34:39.812 21/01/2026]',7.1615,-3.33428,4.087825,2.194808,4.610755E-10,4.610755E-10,1.810609,-0.09806984
'[17:34:39.820 21/01/2026]',-12.23078,-2.690622,-6.406378,-6.353068,4.610755E-10,4.610755E-10,1.850478,1.309479
'[17:34:39.828 21/01/2026]',-12.23078,-2.690622,-6.406378,-6.353068,4.610755E-10,4.610755E-10,1.850478,1.309479
'[17:34:39.836 21/01/2026]',-1.933057,-2.178275,-2.225147,-1.147149,4.610755E-10,4.610755E-10,-6.766881,-1.723728
'[17:34:39.844 21/01/2026]',-1.933057,-2.178275,-2.225147,-1.147149,4.610755E-10,4.610755E-10,-6.766881,-1.723728
'[17:34:39.852 21/01/2026]',2.641893,1.735051,1.535945,1.935242,4.610755E-10,4.610755E-10,2.788827,-2.84818
'[17:34:39.860 21/01/2026]',2.641893,1.735051,1.535945,1.935242,4.610755E-10,4.610755E-10,2.788827,-2.84818
'[17:34:39.868 21/01/2026]',2.145539,-0.2601203,3.003823,1.964809,4.610755E-10,4.610755E-10,2.214791,3.6662
'[17:34:39.876 21/01/2026]',2.145539,-0.2601203,3.003823,1.964809,4.610755E-10,4.610755E-10,2.214791,3.6662
'[17:34:39.884 21/01/2026]',-3.019995,-0.0432455,-2.430359,-2.610424,4.610755E-10,4.610755E-10,-1.042214,-0.6419011
'[17:34:39.892 21/01/2026]',-3.019995,-0.0432455,-2.430359,-2.610424,4.610755E-10,4.610755E-10,-1.042214,-0.6419011
'[17:34:39.900 21/01/2026]',0.5293357,1.156279,-1.544323,-0.3388408,4.610755E-10,4.610755E-10,-1.72204,-0.640665
'[17:34:39.908 21/01/2026]',0.5293357,1.156279,-1.544323,-0.3388408,4.610755E-10,4.610755E-10,-1.72204,-0.640665
'[17:34:39.916 21/01/2026]',0.5293357,1.156279,-1.544323,-0.3388408,4.610755E-10,4.610755E-10,-1.72204,-0.640665
'[17:34:39.924 21/01/2026]',0.5912219,2.969595,1.593563,3.345622,4.610755E-10,4.610755E-10,1.755448,1.012322
'[17:34:39.932 21/01/2026]',0.5912219,2.969595,1.593563,3.345622,4.610755E-10,4.610755E-10,1.755448,1.012322
'[17:34:39.940 21/01/2026]',-2.092824,-10.25959,-3.258836,-5.48988,4.610755E-10,4.610755E-10,-3.476051,-3.55819
'[17:34:39.948 21/01/2026]',-2.092824,-10.25959,-3.258836,-5.48988,4.610755E-10,4.610755E-10,-3.476051,-3.55819
'[17:34:39.956 21/01/2026]',-2.092824,-10.25959,-3.258836,-5.48988,4.610755E-10,4.610755E-10,-3.476051,-3.55819
'[17:34:39.964 21/01/2026]',-2.092824,-10.25959,-3.258836,-5.48988,4.610755E-10,4.610755E-10,-3.476051,-3.55819
'[17:34:39.972 21/01/2026]',1.611353,5.834294,4.525761,4.500995,4.610755E-10,4.610755E-10,3.484933,2.57644
'[17:34:39.980 21/01/2026]',-0.220088,1.523179,-1.581426,-1.930934,4.610755E-10,4.610755E-10,-1.246483,0.7218807
'[17:34:39.988 21/01/2026]',-0.220088,1.523179,-1.581426,-1.930934,4.610755E-10,4.610755E-10,-1.246483,0.7218807
'[17:34:39.996 21/01/2026]',-0.8211004,-4.060742,-2.099051,-1.400058,4.610755E-10,4.610755E-10,-1.99663,-1.449784
'[17:34:40.004 21/01/2026]',0.1348264,1.15193,3.000317,2.138491,4.610755E-10,4.610755E-10,2.36071,-0.6159983
'[17:34:40.012 21/01/2026]',0.1348264,1.15193,3.000317,2.138491,4.610755E-10,4.610755E-10,2.36071,-0.6159983
'[17:34:40.020 21/01/2026]',0.1348264,1.15193,3.000317,2.138491,4.610755E-10,4.610755E-10,2.36071,-0.6159983
'[17:34:40.028 21/01/2026]',1.426285,0.4726176,0.2543579,-0.3607145,4.610755E-10,4.610755E-10,-0.1875453,1.523878
'[17:34:40.036 21/01/2026]',1.426285,0.4726176,0.2543579,-0.3607145,4.610755E-10,4.610755E-10,-0.1875453,1.523878
'[17:34:40.044 21/01/2026]',1.426285,0.4726176,0.2543579,-0.3607145,4.610755E-10,4.610755E-10,-0.1875453,1.523878
'[17:34:40.052 21/01/2026]',-0.7230093,1.831072,-3.255244,-1.192607,4.610755E-10,4.610755E-10,-1.674607,-0.386464
'[17:34:40.060 21/01/2026]',-0.7230093,1.831072,-3.255244,-1.192607,4.610755E-10,4.610755E-10,-1.674607,-0.386464
'[17:34:40.068 21/01/2026]',-0.3882261,-5.843609,2.66214,1.003752,4.610755E-10,4.610755E-10,0.4828343,-1.987674
'[17:34:40.076 21/01/2026]',-0.3882261,-5.843609,2.66214,1.003752,4.610755E-10,4.610755E-10,0.4828343,-1.987674
'[17:34:40.084 21/01/2026]',1.79617,8.005797,-0.7448753,1.77317,4.610755E-10,4.610755E-10,-0.2438679,1.588935
'[17:34:40.092 21/01/2026]',-2.289791,-5.68338,-2.898565,-5.852754,4.610755E-10,4.610755E-10,-2.630245,-2.823623
'[17:34:40.100 21/01/2026]',-2.289791,-5.68338,-2.898565,-5.852754,4.610755E-10,4.610755E-10,-2.630245,-2.823623
'[17:34:40.108 21/01/2026]',-0.04913142,-1.433817,1.42752,2.414734,4.610755E-10,4.610755E-10,3.5921,2.370215
'[17:34:40.116 21/01/2026]',-0.04913142,-1.433817,1.42752,2.414734,4.610755E-10,4.610755E-10,3.5921,2.370215
'[17:34:40.124 21/01/2026]',2.110495,5.709624,1.996902,4.247395,4.610755E-10,4.610755E-10,1.132395,2.979047
'[17:34:40.132 21/01/2026]',2.110495,5.709624,1.996902,4.247395,4.610755E-10,4.610755E-10,1.132395,2.979047
'[17:34:40.140 21/01/2026]',2.110495,5.709624,1.996902,4.247395,4.610755E-10,4.610755E-10,1.132395,2.979047
'[17:34:40.148 21/01/2026]',0.4030216,-1.66284,0.8501483,-3.143191,4.610755E-10,4.610755E-10,-4.376157,-6.197817
'[17:34:40.156 21/01/2026]',0.4030216,-1.66284,0.8501483,-3.143191,4.610755E-10,4.610755E-10,-4.376157,-6.197817
'[17:34:40.164 21/01/2026]',0.2894413,-1.332533,-0.9641585,1.281158,4.610755E-10,4.610755E-10,4.430616,4.417873
'[17:34:40.172 21/01/2026]',0.2894413,-1.332533,-0.9641585,1.281158,4.610755E-10,4.610755E-10,4.430616,4.417873
'[17:34:40.180 21/01/2026]',0.2894413,-1.332533,-0.9641585,1.281158,4.610755E-10,4.610755E-10,4.430616,4.417873
'[17:34:40.188 21/01/2026]',-1.845987,2.627034,-0.7371573,0.3736627,4.610755E-10,4.610755E-10,-1.415364,0.6509961
'[17:34:40.196 21/01/2026]',-1.845987,2.627034,-0.7371573,0.3736627,4.610755E-10,4.610755E-10,-1.415364,0.6509961
'[17:34:40.204 21/01/2026]',-0.08668127,-2.950782,0.5028496,-2.621075,4.610755E-10,4.610755E-10,-1.051879,-2.397324
'[17:34:40.212 21/01/2026]',1.092292,2.694683,0.747333,2.399721,4.610755E-10,4.610755E-10,0.9804853,0.7126022
'[17:34:40.220 21/01/2026]',1.092292,2.694683,0.747333,2.399721,4.610755E-10,4.610755E-10,0.9804853,0.7126022
'[17:34:40.228 21/01/2026]',0.5661463,-1.386133,1.169433,1.174257,4.610755E-10,4.610755E-10,0.8056982,0.548919
'[17:34:40.236 21/01/2026]',0.5661463,-1.386133,1.169433,1.174257,4.610755E-10,4.610755E-10,0.8056982,0.548919
'[17:34:40.244 21/01/2026]',-0.1357166,1.336454,-2.402354,-2.059737,4.610755E-10,4.610755E-10,0.5912627,1.195936
'[17:34:40.252 21/01/2026]',-0.1357166,1.336454,-2.402354,-2.059737,4.610755E-10,4.610755E-10,0.5912627,1.195936
'[17:34:40.260 21/01/2026]',-2.033479,-0.6181731,1.453782,0.909089,4.610755E-10,4.610755E-10,-1.794016,-2.106704
'[17:34:40.268 21/01/2026]',-2.033479,-0.6181731,1.453782,0.909089,4.610755E-10,4.610755E-10,-1.794016,-2.106704
'[17:34:40.276 21/01/2026]',2.428784,-0.3891334,0.1264029,0.5759418,4.610755E-10,4.610755E-10,1.293712,0.6598662
'[17:34:40.284 21/01/2026]',2.428784,-0.3891334,0.1264029,0.5759418,4.610755E-10,4.610755E-10,1.293712,0.6598662
'[17:34:40.292 21/01/2026]',2.428784,-0.3891334,0.1264029,0.5759418,4.610755E-10,4.610755E-10,1.293712,0.6598662
'[17:34:40.300 21/01/2026]',2.428784,-0.3891334,0.1264029,0.5759418,4.610755E-10,4.610755E-10,1.293712,0.6598662
'[17:34:40.308 21/01/2026]',-0.8420687,1.736806,-1.198631,-1.249429,4.610755E-10,4.610755E-10,-2.213123,-0.5197021
'[17:34:40.316 21/01/2026]',-0.8420687,1.736806,-1.198631,-1.249429,4.610755E-10,4.610755E-10,-2.213123,-0.5197021
'[17:34:40.324 21/01/2026]',1.040273,0.1326778,1.67926,1.360498,4.610755E-10,4.610755E-10,2.841484,2.065305
'[17:34:40.332 21/01/2026]',-2.216328,-5.218973,-2.413408,-3.582172,4.610755E-10,4.610755E-10,-0.9506517,-1.633912
'[17:34:40.340 21/01/2026]',3.143991,3.134733,3.979744,3.608199,4.610755E-10,4.610755E-10,0.832788,0.4080614
'[17:34:40.348 21/01/2026]',3.143991,3.134733,3.979744,3.608199,4.610755E-10,4.610755E-10,0.832788,0.4080614
'[17:34:40.356 21/01/2026]',-0.4858844,5.280212,-1.931644,1.49784,4.610755E-10,4.610755E-10,-1.814158,-0.04676838
'[17:34:40.364 21/01/2026]',-0.4858844,5.280212,-1.931644,1.49784,4.610755E-10,4.610755E-10,-1.814158,-0.04676838
'[17:34:40.372 21/01/2026]',-0.4858844,5.280212,-1.931644,1.49784,4.610755E-10,4.610755E-10,-1.814158,-0.04676838
'[17:34:40.380 21/01/2026]',-1.155166,-5.695151,0.1439666,-1.220678,4.610755E-10,4.610755E-10,2.751846,0.4804544
'[17:34:40.388 21/01/2026]',-1.155166,-5.695151,0.1439666,-1.220678,4.610755E-10,4.610755E-10,2.751846,0.4804544
'[17:34:40.396 21/01/2026]',-0.7824116,-0.8556888,-1.309142,-1.85105,4.610755E-10,4.610755E-10,-0.1657601,3.008317
'[17:34:40.404 21/01/2026]',-0.7824116,-0.8556888,-1.309142,-1.85105,4.610755E-10,4.610755E-10,-0.1657601,3.008317
'[17:34:40.412 21/01/2026]',1.052154,4.406068,1.835037,0.9267104,4.610755E-10,4.610755E-10,-1.741003,-4.803494
'[17:34:40.420 21/01/2026]',0.9658779,-2.466435,-1.406432,0.4867636,4.610755E-10,4.610755E-10,-0.101391,1.358728
'[17:34:40.428 21/01/2026]',0.9658779,-2.466435,-1.406432,0.4867636,4.610755E-10,4.610755E-10,-0.101391,1.358728
'[17:34:40.436 21/01/2026]',-1.986375,-1.261639,-1.319485,-1.549642,4.610755E-10,4.610755E-10,0.4767409,1.169207
'[17:34:40.444 21/01/2026]',-1.986375,-1.261639,-1.319485,-1.549642,4.610755E-10,4.610755E-10,0.4767409,1.169207
'[17:34:40.452 21/01/2026]',-1.986375,-1.261639,-1.319485,-1.549642,4.610755E-10,4.610755E-10,0.4767409,1.169207
'[17:34:40.460 21/01/2026]',2.008835,0.7022688,3.166689,1.799809,4.610755E-10,4.610755E-10,1.257639,-0.3117627
'[17:34:40.468 21/01/2026]',2.008835,0.7022688,3.166689,1.799809,4.610755E-10,4.610755E-10,1.257639,-0.3117627
'[17:34:40.476 21/01/2026]',2.008835,0.7022688,3.166689,1.799809,4.610755E-10,4.610755E-10,1.257639,-0.3117627
'[17:34:40.484 21/01/2026]',2.008835,0.7022688,3.166689,1.799809,4.610755E-10,4.610755E-10,1.257639,-0.3117627
'[17:34:40.492 21/01/2026]',-2.401546,-1.154064,-2.352882,-2.078661,4.610755E-10,4.610755E-10,-3.358501,-2.103212
'[17:34:40.500 21/01/2026]',-2.401546,-1.154064,-2.352882,-2.078661,4.610755E-10,4.610755E-10,-3.358501,-2.103212
'[17:34:40.508 21/01/2026]',-2.401546,-1.154064,-2.352882,-2.078661,4.610755E-10,4.610755E-10,-3.358501,-2.103212
'[17:34:40.516 21/01/2026]',-2.60597,-3.538601,-1.79434,-0.9094256,4.610755E-10,4.610755E-10,1.655035,2.048172
'[17:34:40.524 21/01/2026]',-2.95351,2.08725,-8.881927E-05,1.091114,4.610755E-10,4.610755E-10,1.831401,1.248457
'[17:34:40.532 21/01/2026]',15.73168,10.06049,6.871136,5.418191,4.610755E-10,4.610755E-10,0.5088742,-0.08303646
'[17:34:40.540 21/01/2026]',-1.449986,-3.751213,-0.5155004,-1.249181,4.610755E-10,4.610755E-10,-1.705866,-0.7717988
'[17:34:40.548 21/01/2026]',-1.449986,-3.751213,-0.5155004,-1.249181,4.610755E-10,4.610755E-10,-1.705866,-0.7717988
'[17:34:40.556 21/01/2026]',-10.01962,-5.273702,-5.56869,-3.690756,4.610755E-10,4.610755E-10,-0.1677848,-1.586563
'[17:34:40.564 21/01/2026]',-10.01962,-5.273702,-5.56869,-3.690756,4.610755E-10,4.610755E-10,-0.1677848,-1.586563
'[17:34:40.572 21/01/2026]',0.8349099,2.98329,1.402436,-1.134439,4.610755E-10,4.610755E-10,0.1024494,2.377926
'[17:34:40.580 21/01/2026]',0.8349099,2.98329,1.402436,-1.134439,4.610755E-10,4.610755E-10,0.1024494,2.377926
'[17:34:40.588 21/01/2026]',0.8349099,2.98329,1.402436,-1.134439,4.610755E-10,4.610755E-10,0.1024494,2.377926
'[17:34:40.596 21/01/2026]',3.121776,-2.253533,0.5483876,2.003063,4.610755E-10,4.610755E-10,-1.296648,-2.054612
'[17:34:40.604 21/01/2026]',3.121776,-2.253533,0.5483876,2.003063,4.610755E-10,4.610755E-10,-1.296648,-2.054612
'[17:34:40.612 21/01/2026]',1.516346,3.037275,2.686237,3.346255,4.610755E-10,4.610755E-10,3.888878,1.3087
'[17:34:40.620 21/01/2026]',1.516346,3.037275,2.686237,3.346255,4.610755E-10,4.610755E-10,3.888878,1.3087
'[17:34:40.628 21/01/2026]',1.516346,3.037275,2.686237,3.346255,4.610755E-10,4.610755E-10,3.888878,1.3087
'[17:34:40.636 21/01/2026]',-2.733371,1.66091,-4.160361,-4.001607,4.610755E-10,4.610755E-10,-4.497498,-1.178802
'[17:34:40.644 21/01/2026]',-2.733371,1.66091,-4.160361,-4.001607,4.610755E-10,4.610755E-10,-4.497498,-1.178802
'[17:34:40.652 21/01/2026]',-2.733371,1.66091,-4.160361,-4.001607,4.610755E-10,4.610755E-10,-4.497498,-1.178802
'[17:34:40.660 21/01/2026]',-1.599149,-9.858728,0.4889894,-1.305544,4.610755E-10,4.610755E-10,0.7230417,-0.5571096
'[17:34:40.668 21/01/2026]',4.384583,9.85236,1.267647,3.705196,4.610755E-10,4.610755E-10,2.453543,2.527897
'[17:34:40.676 21/01/2026]',4.384583,9.85236,1.267647,3.705196,4.610755E-10,4.610755E-10,2.453543,2.527897
'[17:34:40.684 21/01/2026]',4.384583,9.85236,1.267647,3.705196,4.610755E-10,4.610755E-10,2.453543,2.527897
'[17:34:40.692 21/01/2026]',-3.98588,-2.519295,-2.112373,-1.547426,4.610755E-10,4.610755E-10,-3.869007,-3.251081
'[17:34:40.700 21/01/2026]',-0.2555624,-4.277723,0.8537997,-2.624216,4.610755E-10,4.610755E-10,6.214683,4.103641
'[17:34:40.708 21/01/2026]',-0.2555624,-4.277723,0.8537997,-2.624216,4.610755E-10,4.610755E-10,6.214683,4.103641
'[17:34:40.716 21/01/2026]',-0.5788923,2.039434,-1.841219,0.991912,4.610755E-10,4.610755E-10,-7.294879,-3.375566
'[17:34:40.724 21/01/2026]',-0.5788923,2.039434,-1.841219,0.991912,4.610755E-10,4.610755E-10,-7.294879,-3.375566
'[17:34:40.732 21/01/2026]',4.037642,0.2229692,3.149312,3.177697,4.610755E-10,4.610755E-10,4.005454,-0.1059561
'[17:34:40.740 21/01/2026]',4.037642,0.2229692,3.149312,3.177697,4.610755E-10,4.610755E-10,4.005454,-0.1059561
'[17:34:40.748 21/01/2026]',-3.504733,-0.9231799,-2.093256,-4.527909,4.610755E-10,4.610755E-10,-2.114898,0.9364907
'[17:34:40.756 21/01/2026]',-3.504733,-0.9231799,-2.093256,-4.527909,4.610755E-10,4.610755E-10,-2.114898,0.9364907
'[17:34:40.764 21/01/2026]',-3.504733,-0.9231799,-2.093256,-4.527909,4.610755E-10,4.610755E-10,-2.114898,0.9364907
'[17:34:40.772 21/01/2026]',-0.7639344,-0.624403,0.03924162,1.773457,4.610755E-10,4.610755E-10,2.187435,-1.171908
'[17:34:40.780 21/01/2026]',-0.7639344,-0.624403,0.03924162,1.773457,4.610755E-10,4.610755E-10,2.187435,-1.171908
'[17:34:40.788 21/01/2026]',3.430479,0.6886218,1.656395,1.755421,4.610755E-10,4.610755E-10,-0.6478766,2.287728
'[17:34:40.796 21/01/2026]',3.430479,0.6886218,1.656395,1.755421,4.610755E-10,4.610755E-10,-0.6478766,2.287728
'[17:34:40.804 21/01/2026]',-1.3578,-0.6753368,0.3132661,-1.413868,4.610755E-10,4.610755E-10,-0.7859657,-1.582351
'[17:34:40.812 21/01/2026]',-1.3578,-0.6753368,0.3132661,-1.413868,4.610755E-10,4.610755E-10,-0.7859657,-1.582351
'[17:34:40.820 21/01/2026]',-1.3578,-0.6753368,0.3132661,-1.413868,4.610755E-10,4.610755E-10,-0.7859657,-1.582351
'[17:34:40.828 21/01/2026]',-0.07644348,0.7694969,0.03395217,0.01554163,4.610755E-10,4.610755E-10,1.436298,0.3824533
'[17:34:40.836 21/01/2026]',-0.07644348,0.7694969,0.03395217,0.01554163,4.610755E-10,4.610755E-10,1.436298,0.3824533
'[17:34:40.844 21/01/2026]',-1.203899,1.43408,-0.3958051,2.820521,4.610755E-10,4.610755E-10,2.533892,3.455089
'[17:34:40.852 21/01/2026]',-1.203899,1.43408,-0.3958051,2.820521,4.610755E-10,4.610755E-10,2.533892,3.455089
'[17:34:40.860 21/01/2026]',4.256728,-0.01656743,1.842945,-1.136733,4.610755E-10,4.610755E-10,-3.967529,-5.22473
'[17:34:40.868 21/01/2026]',4.256728,-0.01656743,1.842945,-1.136733,4.610755E-10,4.610755E-10,-3.967529,-5.22473
'[17:34:40.876 21/01/2026]',4.256728,-0.01656743,1.842945,-1.136733,4.610755E-10,4.610755E-10,-3.967529,-5.22473
'[17:34:40.884 21/01/2026]',-0.5085997,-3.948608,2.571231,0.4555537,4.610755E-10,4.610755E-10,1.715487,3.711848
'[17:34:40.892 21/01/2026]',-8.820248,-1.924175,-9.422249,-5.490389,4.610755E-10,4.610755E-10,-2.682259,-5.453835
'[17:34:40.900 21/01/2026]',-8.820248,-1.924175,-9.422249,-5.490389,4.610755E-10,4.610755E-10,-2.682259,-5.453835
'[17:34:40.908 21/01/2026]',5.268174,3.608698,4.826654,2.113435,4.610755E-10,4.610755E-10,1.69608,5.762257
'[17:34:40.916 21/01/2026]',5.268174,3.608698,4.826654,2.113435,4.610755E-10,4.610755E-10,1.69608,5.762257
'[17:34:40.924 21/01/2026]',3.56145,0.577903,1.870551,4.319799,4.610755E-10,4.610755E-10,-0.5136662,-3.892439
'[17:34:40.932 21/01/2026]',3.56145,0.577903,1.870551,4.319799,4.610755E-10,4.610755E-10,-0.5136662,-3.892439
'[17:34:40.940 21/01/2026]',-3.00235,3.330996,3.576473,2.489346,4.610755E-10,4.610755E-10,7.529669,5.411981
'[17:34:40.948 21/01/2026]',-3.00235,3.330996,3.576473,2.489346,4.610755E-10,4.610755E-10,7.529669,5.411981
'[17:34:40.956 21/01/2026]',-3.00235,3.330996,3.576473,2.489346,4.610755E-10,4.610755E-10,7.529669,5.411981
'[17:34:40.964 21/01/2026]',-1.692057,-5.675488,-7.710992,-8.742188,4.610755E-10,4.610755E-10,-10.9028,-7.182891
'[17:34:40.972 21/01/2026]',4.371203,-0.6476001,6.66734,4.423288,4.610755E-10,4.610755E-10,-0.05352182,1.804791
'[17:34:40.980 21/01/2026]',4.371203,-0.6476001,6.66734,4.423288,4.610755E-10,4.610755E-10,-0.05352182,1.804791
'[17:34:40.988 21/01/2026]',4.371203,-0.6476001,6.66734,4.423288,4.610755E-10,4.610755E-10,-0.05352182,1.804791
'[17:34:40.996 21/01/2026]',4.371203,-0.6476001,6.66734,4.423288,4.610755E-10,4.610755E-10,-0.05352182,1.804791
'[17:34:41.004 21/01/2026]',-3.807224,1.217856,-3.22532,-0.06732262,4.610755E-10,4.610755E-10,8.185558,2.762573
'[17:34:41.012 21/01/2026]',-3.807224,1.217856,-3.22532,-0.06732262,4.610755E-10,4.610755E-10,8.185558,2.762573
'[17:34:41.020 21/01/2026]',-3.807224,1.217856,-3.22532,-0.06732262,4.610755E-10,4.610755E-10,8.185558,2.762573
'[17:34:41.028 21/01/2026]',-1.26295,3.032569,-4.98737,-3.192257,4.610755E-10,4.610755E-10,-4.49858,-1.829134
'[17:34:41.036 21/01/2026]',5.272348,-2.973951,9.679953,5.758555,4.610755E-10,4.610755E-10,-0.2017509,0.9351939
'[17:34:41.044 21/01/2026]',5.272348,-2.973951,9.679953,5.758555,4.610755E-10,4.610755E-10,-0.2017509,0.9351939
'[17:34:41.052 21/01/2026]',-5.266045,-4.083399,-10.05889,-6.715916,4.610755E-10,4.610755E-10,-3.511852,-4.174523
'[17:34:41.060 21/01/2026]',-0.02049005,4.159581,3.456209,3.457354,4.610755E-10,4.610755E-10,7.013865,5.138086
'[17:34:41.068 21/01/2026]',-0.02049005,4.159581,3.456209,3.457354,4.610755E-10,4.610755E-10,7.013865,5.138086
'[17:34:41.076 21/01/2026]',2.068403,-0.2807987,1.363135,-0.06408103,4.610755E-10,4.610755E-10,-2.594049,-0.3802684
'[17:34:41.084 21/01/2026]',2.068403,-0.2807987,1.363135,-0.06408103,4.610755E-10,4.610755E-10,-2.594049,-0.3802684
'[17:34:41.092 21/01/2026]',2.068403,-0.2807987,1.363135,-0.06408103,4.610755E-10,4.610755E-10,-2.594049,-0.3802684
'[17:34:41.100 21/01/2026]',-2.955175,-0.9541118,-5.631864,-2.612446,4.610755E-10,4.610755E-10,-2.132228,-3.065675
'[17:34:41.108 21/01/2026]',-2.955175,-0.9541118,-5.631864,-2.612446,4.610755E-10,4.610755E-10,-2.132228,-3.065675
'[17:34:41.116 21/01/2026]',1.261654,-3.385762,4.310377,0.6434156,4.610755E-10,4.610755E-10,0.8719472,1.072608
'[17:34:41.124 21/01/2026]',-0.1106664,4.470464,0.05419082,1.720786,4.610755E-10,4.610755E-10,0.1096194,0.3727922
'[17:34:41.132 21/01/2026]',-0.1106664,4.470464,0.05419082,1.720786,4.610755E-10,4.610755E-10,0.1096194,0.3727922
'[17:34:41.140 21/01/2026]',-4.119437,-1.726104,-3.937448,-2.16504,4.610755E-10,4.610755E-10,-0.6776306,0.3228822
'[17:34:41.148 21/01/2026]',-4.119437,-1.726104,-3.937448,-2.16504,4.610755E-10,4.610755E-10,-0.6776306,0.3228822
'[17:34:41.156 21/01/2026]',-4.119437,-1.726104,-3.937448,-2.16504,4.610755E-10,4.610755E-10,-0.6776306,0.3228822
'[17:34:41.164 21/01/2026]',8.689849,1.522412,6.157112,2.279292,4.610755E-10,4.610755E-10,-0.2690967,-1.658082
'[17:34:41.172 21/01/2026]',8.689849,1.522412,6.157112,2.279292,4.610755E-10,4.610755E-10,-0.2690967,-1.658082
'[17:34:41.180 21/01/2026]',8.689849,1.522412,6.157112,2.279292,4.610755E-10,4.610755E-10,-0.2690967,-1.658082
'[17:34:41.188 21/01/2026]',-6.13844,-3.890655,-5.376372,-3.409285,4.610755E-10,4.610755E-10,-1.868256,-1.771463
'[17:34:41.196 21/01/2026]',-6.13844,-3.890655,-5.376372,-3.409285,4.610755E-10,4.610755E-10,-1.868256,-1.771463
'[17:34:41.204 21/01/2026]',-0.5184911,5.009911,0.03904069,1.305167,4.610755E-10,4.610755E-10,3.36392,3.349035
'[17:34:41.212 21/01/2026]',2.274328,-3.208249,1.902752,-0.6924636,4.610755E-10,4.610755E-10,-2.06918,-0.8576955
'[17:34:41.220 21/01/2026]',2.274328,-3.208249,1.902752,-0.6924636,4.610755E-10,4.610755E-10,-2.06918,-0.8576955
'[17:34:41.228 21/01/2026]',2.274328,-3.208249,1.902752,-0.6924636,4.610755E-10,4.610755E-10,-2.06918,-0.8576955
'[17:34:41.236 21/01/2026]',0.1981752,0.7839352,0.3977092,4.087799,4.610755E-10,4.610755E-10,1.024434,-0.8940439
'[17:34:41.244 21/01/2026]',0.1981752,0.7839352,0.3977092,4.087799,4.610755E-10,4.610755E-10,1.024434,-0.8940439
'[17:34:41.252 21/01/2026]',-1.544704,3.615113,-0.06779613,-1.773497,4.610755E-10,4.610755E-10,-0.1120301,1.282182
'[17:34:41.260 21/01/2026]',-1.418095,-4.079987,-4.289194,-3.06258,4.610755E-10,4.610755E-10,1.989026,1.617734
'[17:34:41.268 21/01/2026]',-1.418095,-4.079987,-4.289194,-3.06258,4.610755E-10,4.610755E-10,1.989026,1.617734
'[17:34:41.276 21/01/2026]',-1.418095,-4.079987,-4.289194,-3.06258,4.610755E-10,4.610755E-10,1.989026,1.617734
'[17:34:41.284 21/01/2026]',5.701832,-1.759338,5.291804,2.070233,4.610755E-10,4.610755E-10,-5.778637,-4.870468
'[17:34:41.292 21/01/2026]',5.701832,-1.759338,5.291804,2.070233,4.610755E-10,4.610755E-10,-5.778637,-4.870468
'[17:34:41.300 21/01/2026]',-6.01773,0.04660092,-5.572796,-2.08051,4.610755E-10,4.610755E-10,3.25571,1.715986
'[17:34:41.308 21/01/2026]',-6.01773,0.04660092,-5.572796,-2.08051,4.610755E-10,4.610755E-10,3.25571,1.715986
'[17:34:41.316 21/01/2026]',1.098744,2.858264,1.484917,1.489824,4.610755E-10,4.610755E-10,2.179275,2.017675
'[17:34:41.324 21/01/2026]',1.098744,2.858264,1.484917,1.489824,4.610755E-10,4.610755E-10,2.179275,2.017675
'[17:34:41.332 21/01/2026]',2.611165,2.499962,3.691078,2.332811,4.610755E-10,4.610755E-10,-1.973525,1.112909
'[17:34:41.340 21/01/2026]',2.611165,2.499962,3.691078,2.332811,4.610755E-10,4.610755E-10,-1.973525,1.112909
'[17:34:41.348 21/01/2026]',2.611165,2.499962,3.691078,2.332811,4.610755E-10,4.610755E-10,-1.973525,1.112909
'[17:34:41.356 21/01/2026]',-4.474163,-10.25402,-5.528659,-5.876177,4.610755E-10,4.610755E-10,-2.207983,-5.512883
'[17:34:41.364 21/01/2026]',-4.474163,-10.25402,-5.528659,-5.876177,4.610755E-10,4.610755E-10,-2.207983,-5.512883
'[17:34:41.372 21/01/2026]',1.398324,7.40109,2.339846,4.171952,4.610755E-10,4.610755E-10,1.302566,1.992086
'[17:34:41.380 21/01/2026]',1.398324,7.40109,2.339846,4.171952,4.610755E-10,4.610755E-10,1.302566,1.992086
'[17:34:41.388 21/01/2026]',1.398324,7.40109,2.339846,4.171952,4.610755E-10,4.610755E-10,1.302566,1.992086
'[17:34:41.396 21/01/2026]',1.723502,2.6096,2.572866,0.012159,4.610755E-10,4.610755E-10,2.893894,2.356712
'[17:34:41.404 21/01/2026]',1.723502,2.6096,2.572866,0.012159,4.610755E-10,4.610755E-10,2.893894,2.356712
'[17:34:41.412 21/01/2026]',-0.04791648,-4.471904,-1.797824,0.2449174,4.610755E-10,4.610755E-10,-1.682332,0.8256892
'[17:34:41.420 21/01/2026]',-3.876191,-0.1142233,-1.780826,-2.482078,4.610755E-10,4.610755E-10,-2.801373,-5.237566
'[17:34:41.428 21/01/2026]',2.701729,0.8326727,2.425745,2.307066,4.610755E-10,4.610755E-10,4.377657,4.299782
'[17:34:41.436 21/01/2026]',2.701729,0.8326727,2.425745,2.307066,4.610755E-10,4.610755E-10,4.377657,4.299782
'[17:34:41.444 21/01/2026]',0.07100204,-0.02936639,-1.005904,-1.596527,4.610755E-10,4.610755E-10,-2.447129,-0.02039004
'[17:34:41.452 21/01/2026]',0.07100204,-0.02936639,-1.005904,-1.596527,4.610755E-10,4.610755E-10,-2.447129,-0.02039004
'[17:34:41.460 21/01/2026]',0.07100204,-0.02936639,-1.005904,-1.596527,4.610755E-10,4.610755E-10,-2.447129,-0.02039004
'[17:34:41.468 21/01/2026]',-0.02680176,0.6214291,0.08380086,0.9330132,4.610755E-10,4.610755E-10,-1.628286,-3.564601
'[17:34:41.476 21/01/2026]',-1.065691,-1.32804,-0.1559002,-0.1500655,4.610755E-10,4.610755E-10,1.579092,1.593659
'[17:34:41.484 21/01/2026]',-1.065691,-1.32804,-0.1559002,-0.1500655,4.610755E-10,4.610755E-10,1.579092,1.593659
'[17:34:41.492 21/01/2026]',-1.065691,-1.32804,-0.1559002,-0.1500655,4.610755E-10,4.610755E-10,1.579092,1.593659
'[17:34:41.500 21/01/2026]',0.3502454,-0.9360302,-1.437579,-0.9112341,4.610755E-10,4.610755E-10,-0.3324998,1.025187
'[17:34:41.508 21/01/2026]',0.3502454,-0.9360302,-1.437579,-0.9112341,4.610755E-10,4.610755E-10,-0.3324998,1.025187
'[17:34:41.516 21/01/2026]',0.3502454,-0.9360302,-1.437579,-0.9112341,4.610755E-10,4.610755E-10,-0.3324998,1.025187
'[17:34:41.524 21/01/2026]',0.3502454,-0.9360302,-1.437579,-0.9112341,4.610755E-10,4.610755E-10,-0.3324998,1.025187
'[17:34:41.532 21/01/2026]',0.684229,5.226519,3.009071,2.636832,4.610755E-10,4.610755E-10,0.9686568,0.0387594
'[17:34:41.540 21/01/2026]',0.684229,5.226519,3.009071,2.636832,4.610755E-10,4.610755E-10,0.9686568,0.0387594
'[17:34:41.548 21/01/2026]',0.684229,5.226519,3.009071,2.636832,4.610755E-10,4.610755E-10,0.9686568,0.0387594
'[17:34:41.556 21/01/2026]',-3.10396,-7.61011,-3.625788,-5.282272,4.610755E-10,4.610755E-10,-2.093756,-1.969804
'[17:34:41.564 21/01/2026]',0.5968066,3.248485,-0.3518259,1.568656,4.610755E-10,4.610755E-10,-1.659774,-1.341924
'[17:34:41.572 21/01/2026]',3.911337,0.3963542,5.079095,3.687552,4.610755E-10,4.610755E-10,4.045986,3.453557
'[17:34:41.580 21/01/2026]',3.911337,0.3963542,5.079095,3.687552,4.610755E-10,4.610755E-10,4.045986,3.453557
'[17:34:41.588 21/01/2026]',3.911337,0.3963542,5.079095,3.687552,4.610755E-10,4.610755E-10,4.045986,3.453557
'[17:34:41.596 21/01/2026]',-4.578172,-0.982502,-4.060267,-2.945898,4.610755E-10,4.610755E-10,-1.557928,-1.502539
'[17:34:41.604 21/01/2026]',-4.578172,-0.982502,-4.060267,-2.945898,4.610755E-10,4.610755E-10,-1.557928,-1.502539
'[17:34:41.612 21/01/2026]',1.314453,1.570327,0.1799931,0.05678807,4.610755E-10,4.610755E-10,-1.497285,-0.1157447
'[17:34:41.620 21/01/2026]',1.314453,1.570327,0.1799931,0.05678807,4.610755E-10,4.610755E-10,-1.497285,-0.1157447
'[17:34:41.628 21/01/2026]',2.195027,-2.88647,2.198313,0.5326179,4.610755E-10,4.610755E-10,2.912741,0.9385126
'[17:34:41.636 21/01/2026]',2.195027,-2.88647,2.198313,0.5326179,4.610755E-10,4.610755E-10,2.912741,0.9385126
'[17:34:41.644 21/01/2026]',-0.9509438,4.814681,-0.00727529,2.277902,4.610755E-10,4.610755E-10,-1.885707,-0.8008527
'[17:34:41.652 21/01/2026]',-0.9509438,4.814681,-0.00727529,2.277902,4.610755E-10,4.610755E-10,-1.885707,-0.8008527
'[17:34:41.660 21/01/2026]',-1.051227,-4.25339,-3.880724,-4.344369,4.610755E-10,4.610755E-10,2.922535,2.005258
'[17:34:41.668 21/01/2026]',-1.051227,-4.25339,-3.880724,-4.344369,4.610755E-10,4.610755E-10,2.922535,2.005258
'[17:34:41.676 21/01/2026]',3.176111,3.674569,6.755835,4.927861,4.610755E-10,4.610755E-10,-2.537412,-2.517534
'[17:34:41.684 21/01/2026]',3.176111,3.674569,6.755835,4.927861,4.610755E-10,4.610755E-10,-2.537412,-2.517534
'[17:34:41.692 21/01/2026]',3.176111,3.674569,6.755835,4.927861,4.610755E-10,4.610755E-10,-2.537412,-2.517534
'[17:34:41.700 21/01/2026]',-1.4256,-0.2397307,-3.446774,-0.7134323,4.610755E-10,4.610755E-10,0.8976837,0.837693
'[17:34:41.708 21/01/2026]',-1.4256,-0.2397307,-3.446774,-0.7134323,4.610755E-10,4.610755E-10,0.8976837,0.837693
'[17:34:41.716 21/01/2026]',-1.4256,-0.2397307,-3.446774,-0.7134323,4.610755E-10,4.610755E-10,0.8976837,0.837693
'[17:34:41.724 21/01/2026]',-1.4256,-0.2397307,-3.446774,-0.7134323,4.610755E-10,4.610755E-10,0.8976837,0.837693
'[17:34:41.732 21/01/2026]',-2.456769,-3.925056,-1.103465,-3.503001,4.610755E-10,4.610755E-10,-1.02342,0.9876963
'[17:34:41.740 21/01/2026]',2.021906,4.523515,2.051283,2.934531,4.610755E-10,4.610755E-10,0.3197386,-0.9078637
'[17:34:41.748 21/01/2026]',-2.163239,-3.593914,-2.13178,-2.380394,4.610755E-10,4.610755E-10,-0.4328392,-1.44281
'[17:34:41.756 21/01/2026]',-2.163239,-3.593914,-2.13178,-2.380394,4.610755E-10,4.610755E-10,-0.4328392,-1.44281
'[17:34:41.764 21/01/2026]',-2.163239,-3.593914,-2.13178,-2.380394,4.610755E-10,4.610755E-10,-0.4328392,-1.44281
'[17:34:41.772 21/01/2026]',7.394107,1.085516,6.829368,5.515808,4.610755E-10,4.610755E-10,3.325105,3.443585
'[17:34:41.780 21/01/2026]',-6.713828,1.109999,-6.843818,-5.804091,4.610755E-10,4.610755E-10,-4.576882,-3.889119
'[17:34:41.788 21/01/2026]',-6.713828,1.109999,-6.843818,-5.804091,4.610755E-10,4.610755E-10,-4.576882,-3.889119
'[17:34:41.796 21/01/2026]',0.129997,2.376184,2.468318,1.925388,4.610755E-10,4.610755E-10,0.1359829,2.766298
'[17:34:41.804 21/01/2026]',0.129997,2.376184,2.468318,1.925388,4.610755E-10,4.610755E-10,0.1359829,2.766298
'[17:34:41.812 21/01/2026]',-0.3477419,-4.599682,-1.33663,-0.9509408,4.610755E-10,4.610755E-10,1.99392,-2.118758
'[17:34:41.820 21/01/2026]',-0.3477419,-4.599682,-1.33663,-0.9509408,4.610755E-10,4.610755E-10,1.99392,-2.118758
'[17:34:41.828 21/01/2026]',-0.3477419,-4.599682,-1.33663,-0.9509408,4.610755E-10,4.610755E-10,1.99392,-2.118758
'[17:34:41.836 21/01/2026]',0.6713737,3.050885,-0.2825154,1.019564,4.610755E-10,4.610755E-10,1.479428,3.159631
'[17:34:41.844 21/01/2026]',1.270965,-0.7580457,1.976655,0.02020393,4.610755E-10,4.610755E-10,-2.38361,-2.529559
'[17:34:41.852 21/01/2026]',1.270965,-0.7580457,1.976655,0.02020393,4.610755E-10,4.610755E-10,-2.38361,-2.529559
'[17:34:41.860 21/01/2026]',1.270965,-0.7580457,1.976655,0.02020393,4.610755E-10,4.610755E-10,-2.38361,-2.529559
'[17:34:41.868 21/01/2026]',-2.535218,-1.701102,-3.322515,-1.658601,4.610755E-10,4.610755E-10,-2.143537,-2.463221
'[17:34:41.876 21/01/2026]',-2.535218,-1.701102,-3.322515,-1.658601,4.610755E-10,4.610755E-10,-2.143537,-2.463221
'[17:34:41.884 21/01/2026]',-2.535218,-1.701102,-3.322515,-1.658601,4.610755E-10,4.610755E-10,-2.143537,-2.463221
'[17:34:41.892 21/01/2026]',1.135445,-0.01484583,2.65958,2.05689,4.610755E-10,4.610755E-10,3.155641,3.637701
'[17:34:41.900 21/01/2026]',1.135445,-0.01484583,2.65958,2.05689,4.610755E-10,4.610755E-10,3.155641,3.637701
'[17:34:41.908 21/01/2026]',0.4600619,1.12568,-2.388179,-2.040244,4.610755E-10,4.610755E-10,-1.653741,-1.637471
'[17:34:41.916 21/01/2026]',0.4600619,1.12568,-2.388179,-2.040244,4.610755E-10,4.610755E-10,-1.653741,-1.637471
'[17:34:41.924 21/01/2026]',0.456259,1.633462,2.475016,-0.06016666,4.610755E-10,4.610755E-10,-0.3635653,-0.3530575
'[17:34:41.932 21/01/2026]',0.456259,1.633462,2.475016,-0.06016666,4.610755E-10,4.610755E-10,-0.3635653,-0.3530575
'[17:34:41.940 21/01/2026]',-3.607241,-2.544828,-2.830338,0.8773578,4.610755E-10,4.610755E-10,1.191034,1.604174
'[17:34:41.948 21/01/2026]',-3.607241,-2.544828,-2.830338,0.8773578,4.610755E-10,4.610755E-10,1.191034,1.604174
'[17:34:41.956 21/01/2026]',4.835123,0.1243674,0.4230973,-0.1608207,4.610755E-10,4.610755E-10,-3.632417,-4.639306
'[17:34:41.964 21/01/2026]',-3.350954,-0.4443318,-0.02649667,-2.519897,4.610755E-10,4.610755E-10,0.2887457,2.455978
'[17:34:41.972 21/01/2026]',-3.350954,-0.4443318,-0.02649667,-2.519897,4.610755E-10,4.610755E-10,0.2887457,2.455978
'[17:34:41.980 21/01/2026]',-3.350954,-0.4443318,-0.02649667,-2.519897,4.610755E-10,4.610755E-10,0.2887457,2.455978
'[17:34:41.988 21/01/2026]',-3.350954,-0.4443318,-0.02649667,-2.519897,4.610755E-10,4.610755E-10,0.2887457,2.455978
'[17:34:41.996 21/01/2026]',2.245733,-0.961897,0.1888518,1.652497,4.610755E-10,4.610755E-10,6.086782,3.539162
'[17:34:42.004 21/01/2026]',2.245733,-0.961897,0.1888518,1.652497,4.610755E-10,4.610755E-10,6.086782,3.539162
'[17:34:42.012 21/01/2026]',-4.372714,1.548595,-0.5740672,0.8478123,4.610755E-10,4.610755E-10,-5.867287,-4.578043
'[17:34:42.020 21/01/2026]',4.906629,-0.9894728,0.5279281,0.5171501,4.610755E-10,4.610755E-10,-0.4767938,-0.3448145
'[17:34:42.028 21/01/2026]',4.906629,-0.9894728,0.5279281,0.5171501,4.610755E-10,4.610755E-10,-0.4767938,-0.3448145
'[17:34:42.036 21/01/2026]',-1.018183,2.951084,0.3287278,-1.993808,4.610755E-10,4.610755E-10,4.834222,4.652562
'[17:34:42.044 21/01/2026]',-1.018183,2.951084,0.3287278,-1.993808,4.610755E-10,4.610755E-10,4.834222,4.652562
'[17:34:42.052 21/01/2026]',-1.018183,2.951084,0.3287278,-1.993808,4.610755E-10,4.610755E-10,4.834222,4.652562
'[17:34:42.060 21/01/2026]',-2.526017,-5.481807,-3.270874,-0.6555458,4.610755E-10,4.610755E-10,-5.646261,-5.036896
'[17:34:42.068 21/01/2026]',-2.526017,-5.481807,-3.270874,-0.6555458,4.610755E-10,4.610755E-10,-5.646261,-5.036896
'[17:34:42.076 21/01/2026]',0.3130162,2.460028,1.317246,0.7575274,4.610755E-10,4.610755E-10,-0.3043993,0.7302969
'[17:34:42.084 21/01/2026]',3.023134,2.35729,3.372511,1.539706,4.610755E-10,4.610755E-10,5.609844,3.607312
'[17:34:42.092 21/01/2026]',-0.5389668,-3.001568,-2.668172,0.04962611,4.610755E-10,4.610755E-10,-0.9666598,-1.643655
'[17:34:42.100 21/01/2026]',-0.5389668,-3.001568,-2.668172,0.04962611,4.610755E-10,4.610755E-10,-0.9666598,-1.643655
'[17:34:42.108 21/01/2026]',-0.5389668,-3.001568,-2.668172,0.04962611,4.610755E-10,4.610755E-10,-0.9666598,-1.643655
'[17:34:42.116 21/01/2026]',-1.820051,2.157491,-0.7326717,0.1583419,4.610755E-10,4.610755E-10,-2.865235,-0.004767905
'[17:34:42.124 21/01/2026]',-1.820051,2.157491,-0.7326717,0.1583419,4.610755E-10,4.610755E-10,-2.865235,-0.004767905
'[17:34:42.132 21/01/2026]',0.2135976,-1.757504,0.1966029,-2.605041,4.610755E-10,4.610755E-10,1.726511,0.8553219
'[17:34:42.140 21/01/2026]',1.289428,2.175392,0.9212357,2.216633,4.610755E-10,4.610755E-10,0.1885357,-0.9130104
'[17:34:42.148 21/01/2026]',1.103669,-2.634753,2.818732,1.794101,4.610755E-10,4.610755E-10,2.307321,0.9300748
'[17:34:42.156 21/01/2026]',1.103669,-2.634753,2.818732,1.794101,4.610755E-10,4.610755E-10,2.307321,0.9300748
'[17:34:42.164 21/01/2026]',-0.9485097,3.324649,-4.76561,-2.092472,4.610755E-10,4.610755E-10,-2.791615,1.686492
'[17:34:42.172 21/01/2026]',-0.9485097,3.324649,-4.76561,-2.092472,4.610755E-10,4.610755E-10,-2.791615,1.686492
'[17:34:42.180 21/01/2026]',-0.9485097,3.324649,-4.76561,-2.092472,4.610755E-10,4.610755E-10,-2.791615,1.686492
'[17:34:42.188 21/01/2026]',-0.9383038,-2.410831,0.8625135,-0.4023667,4.610755E-10,4.610755E-10,-0.8167084,-3.404986
'[17:34:42.196 21/01/2026]',-0.9383038,-2.410831,0.8625135,-0.4023667,4.610755E-10,4.610755E-10,-0.8167084,-3.404986
'[17:34:42.204 21/01/2026]',1.736721,0.7670959,1.775242,1.740415,4.610755E-10,4.610755E-10,5.81286,4.104612
'[17:34:42.212 21/01/2026]',1.736721,0.7670959,1.775242,1.740415,4.610755E-10,4.610755E-10,5.81286,4.104612
'[17:34:42.220 21/01/2026]',2.223694,0.2578674,2.5485,1.100427,4.610755E-10,4.610755E-10,-5.07226,-2.317694
'[17:34:42.228 21/01/2026]',-3.118933,0.788635,-6.153665,-3.592834,4.610755E-10,4.610755E-10,-0.3992192,-0.07166582
'[17:34:42.236 21/01/2026]',-0.5315334,-1.233167,2.66106,2.133269,4.610755E-10,4.610755E-10,5.598256,2.489105
'[17:34:42.244 21/01/2026]',-0.5315334,-1.233167,2.66106,2.133269,4.610755E-10,4.610755E-10,5.598256,2.489105
'[17:34:42.252 21/01/2026]',2.488988,-0.4958578,1.772856,0.08490232,4.610755E-10,4.610755E-10,-4.029755,-2.810395
'[17:34:42.260 21/01/2026]',2.488988,-0.4958578,1.772856,0.08490232,4.610755E-10,4.610755E-10,-4.029755,-2.810395
'[17:34:42.268 21/01/2026]',-1.519015,0.8380869,-4.951993,-1.953212,4.610755E-10,4.610755E-10,-0.2493395,1.118294
'[17:34:42.276 21/01/2026]',-1.519015,0.8380869,-4.951993,-1.953212,4.610755E-10,4.610755E-10,-0.2493395,1.118294
'[17:34:42.284 21/01/2026]',-2.768381,-2.678633,0.07842918,-2.325613,4.610755E-10,4.610755E-10,-1.223228,-2.80269
'[17:34:42.292 21/01/2026]',1.578569,1.865179,0.7636256,2.767581,4.610755E-10,4.610755E-10,0.444414,2.108977
'[17:34:42.300 21/01/2026]',1.578569,1.865179,0.7636256,2.767581,4.610755E-10,4.610755E-10,0.444414,2.108977
'[17:34:42.308 21/01/2026]',-1.272364,-1.825379,0.645654,-0.2316614,4.610755E-10,4.610755E-10,0.3187411,-1.508301
'[17:34:42.316 21/01/2026]',-1.272364,-1.825379,0.645654,-0.2316614,4.610755E-10,4.610755E-10,0.3187411,-1.508301
'[17:34:42.324 21/01/2026]',2.581216,1.038705,-0.9776328,-0.1126012,4.610755E-10,4.610755E-10,-1.500565,0.07580163
'[17:34:42.332 21/01/2026]',2.581216,1.038705,-0.9776328,-0.1126012,4.610755E-10,4.610755E-10,-1.500565,0.07580163
'[17:34:42.340 21/01/2026]',2.581216,1.038705,-0.9776328,-0.1126012,4.610755E-10,4.610755E-10,-1.500565,0.07580163
'[17:34:42.348 21/01/2026]',-6.283304,3.171821,-2.8727,-2.370986,4.610755E-10,4.610755E-10,-0.006631958,0.0262275
'[17:34:42.356 21/01/2026]',-6.283304,3.171821,-2.8727,-2.370986,4.610755E-10,4.610755E-10,-0.006631958,0.0262275
'[17:34:42.364 21/01/2026]',5.902587,-3.211275,3.188649,0.3420606,4.610755E-10,4.610755E-10,0.374688,-0.9915935
'[17:34:42.372 21/01/2026]',5.902587,-3.211275,3.188649,0.3420606,4.610755E-10,4.610755E-10,0.374688,-0.9915935
'[17:34:42.380 21/01/2026]',-0.799097,-2.677302,1.885728,2.561317,4.610755E-10,4.610755E-10,0.4402368,0.3308146
'[17:34:42.388 21/01/2026]',0.1542054,4.519843,-0.2882654,1.431702,4.610755E-10,4.610755E-10,3.992827,2.485794
'[17:34:42.396 21/01/2026]',-6.405488,-2.852228,-5.388597,-7.219161,4.610755E-10,4.610755E-10,-6.655148,-2.333496
'[17:34:42.404 21/01/2026]',-6.405488,-2.852228,-5.388597,-7.219161,4.610755E-10,4.610755E-10,-6.655148,-2.333496
'[17:34:42.412 21/01/2026]',8.986381,2.780759,5.324151,5.804308,4.610755E-10,4.610755E-10,2.740238,0.1747078
'[17:34:42.420 21/01/2026]',8.986381,2.780759,5.324151,5.804308,4.610755E-10,4.610755E-10,2.740238,0.1747078
'[17:34:42.428 21/01/2026]',8.986381,2.780759,5.324151,5.804308,4.610755E-10,4.610755E-10,2.740238,0.1747078
'[17:34:42.436 21/01/2026]',-5.123816,-4.260713,-0.9290984,-0.5295002,4.610755E-10,4.610755E-10,0.0555271,-0.7602875
'[17:34:42.444 21/01/2026]',-5.123816,-4.260713,-0.9290984,-0.5295002,4.610755E-10,4.610755E-10,0.0555271,-0.7602875
'[17:34:42.452 21/01/2026]',-5.123816,-4.260713,-0.9290984,-0.5295002,4.610755E-10,4.610755E-10,0.0555271,-0.7602875
'[17:34:42.460 21/01/2026]',2.358399,3.496711,1.384756,0.217685,4.610755E-10,4.610755E-10,0.4547437,2.375395
'[17:34:42.468 21/01/2026]',2.358399,3.496711,1.384756,0.217685,4.610755E-10,4.610755E-10,0.4547437,2.375395
'[17:34:42.476 21/01/2026]',2.358399,3.496711,1.384756,0.217685,4.610755E-10,4.610755E-10,0.4547437,2.375395
'[17:34:42.484 21/01/2026]',-1.182904,-0.941758,-3.433368,-1.629557,4.610755E-10,4.610755E-10,0.7464873,-0.124423
'[17:34:42.492 21/01/2026]',-1.182904,-0.941758,-3.433368,-1.629557,4.610755E-10,4.610755E-10,0.7464873,-0.124423
'[17:34:42.500 21/01/2026]',0.06963877,-0.5125835,4.232282,1.022618,4.610755E-10,4.610755E-10,-0.6936783,-1.401026
'[17:34:42.508 21/01/2026]',0.06963877,-0.5125835,4.232282,1.022618,4.610755E-10,4.610755E-10,-0.6936783,-1.401026
'[17:34:42.516 21/01/2026]',2.853949,0.2400174,-1.252364,0.5308158,4.610755E-10,4.610755E-10,1.099495,1.937595
'[17:34:42.524 21/01/2026]',2.853949,0.2400174,-1.252364,0.5308158,4.610755E-10,4.610755E-10,1.099495,1.937595
'[17:34:42.532 21/01/2026]',2.853949,0.2400174,-1.252364,0.5308158,4.610755E-10,4.610755E-10,1.099495,1.937595
'[17:34:42.540 21/01/2026]',2.853949,0.2400174,-1.252364,0.5308158,4.610755E-10,4.610755E-10,1.099495,1.937595
'[17:34:42.548 21/01/2026]',-2.350302,0.01244612,1.069085,1.039729,4.610755E-10,4.610755E-10,0.1066362,-1.069052
'[17:34:42.556 21/01/2026]',-2.350302,0.01244612,1.069085,1.039729,4.610755E-10,4.610755E-10,0.1066362,-1.069052
'[17:34:42.564 21/01/2026]',1.466396,2.847495,2.679445,1.59571,4.610755E-10,4.610755E-10,-0.5157381,0.6797545
'[17:34:42.572 21/01/2026]',-1.504757,-3.939681,-4.319425,-5.02902,4.610755E-10,4.610755E-10,-2.379027,-1.80853
'[17:34:42.580 21/01/2026]',-1.504757,-3.939681,-4.319425,-5.02902,4.610755E-10,4.610755E-10,-2.379027,-1.80853
'[17:34:42.588 21/01/2026]',-1.082972,2.236573,0.5188379,1.311964,4.610755E-10,4.610755E-10,2.483176,-0.3372519
'[17:34:42.596 21/01/2026]',-1.082972,2.236573,0.5188379,1.311964,4.610755E-10,4.610755E-10,2.483176,-0.3372519
'[17:34:42.604 21/01/2026]',0.4081218,-4.51341,1.053535,0.1448365,4.610755E-10,4.610755E-10,-3.287627,-1.104736
'[17:34:42.612 21/01/2026]',0.4081218,-4.51341,1.053535,0.1448365,4.610755E-10,4.610755E-10,-3.287627,-1.104736
'[17:34:42.620 21/01/2026]',3.049486,4.593832,0.9463733,1.442739,4.610755E-10,4.610755E-10,2.050352,1.944878
'[17:34:42.628 21/01/2026]',3.049486,4.593832,0.9463733,1.442739,4.610755E-10,4.610755E-10,2.050352,1.944878
'[17:34:42.636 21/01/2026]',-0.7618845,-1.46545,-0.5831213,-0.4134176,4.610755E-10,4.610755E-10,2.068442,-0.1429642
'[17:34:42.644 21/01/2026]',0.8426298,1.954856,3.585863,1.792483,4.610755E-10,4.610755E-10,-2.0299,-0.5906909
'[17:34:42.652 21/01/2026]',0.8426298,1.954856,3.585863,1.792483,4.610755E-10,4.610755E-10,-2.0299,-0.5906909
'[17:34:42.660 21/01/2026]',0.8426298,1.954856,3.585863,1.792483,4.610755E-10,4.610755E-10,-2.0299,-0.5906909
'[17:34:42.668 21/01/2026]',-4.563707,-1.015323,-6.84286,-4.802079,4.610755E-10,4.610755E-10,-1.278999,-0.8294937
'[17:34:42.676 21/01/2026]',-4.563707,-1.015323,-6.84286,-4.802079,4.610755E-10,4.610755E-10,-1.278999,-0.8294937
'[17:34:42.684 21/01/2026]',3.4826,1.226012,4.819703,3.759497,4.610755E-10,4.610755E-10,1.930073,1.483518
'[17:34:42.692 21/01/2026]',3.4826,1.226012,4.819703,3.759497,4.610755E-10,4.610755E-10,1.930073,1.483518
'[17:34:42.700 21/01/2026]',3.4826,1.226012,4.819703,3.759497,4.610755E-10,4.610755E-10,1.930073,1.483518
'[17:34:42.708 21/01/2026]',2.249884,-0.1477432,2.097519,1.357815,4.610755E-10,4.610755E-10,1.902168,0.6844618
'[17:34:42.716 21/01/2026]',2.249884,-0.1477432,2.097519,1.357815,4.610755E-10,4.610755E-10,1.902168,0.6844618
'[17:34:42.724 21/01/2026]',-5.709261,-0.336374,-5.651626,-3.736737,4.610755E-10,4.610755E-10,-4.600275,-2.825635
'[17:34:42.732 21/01/2026]',-5.709261,-0.336374,-5.651626,-3.736737,4.610755E-10,4.610755E-10,-4.600275,-2.825635
'[17:34:42.740 21/01/2026]',1.974151,0.3759344,3.115757,1.82989,4.610755E-10,4.610755E-10,3.442975,2.416501
'[17:34:42.748 21/01/2026]',1.974151,0.3759344,3.115757,1.82989,4.610755E-10,4.610755E-10,3.442975,2.416501
'[17:34:42.756 21/01/2026]',-0.4557755,0.1687539,-0.3460253,1.061046,4.610755E-10,4.610755E-10,-0.09155288,-0.6711516
'[17:34:42.764 21/01/2026]',-0.4557755,0.1687539,-0.3460253,1.061046,4.610755E-10,4.610755E-10,-0.09155288,-0.6711516
'[17:34:42.772 21/01/2026]',0.3000019,-1.490047,-0.8754803,-1.414043,4.610755E-10,4.610755E-10,-3.681661,-1.846151
'[17:34:42.780 21/01/2026]',0.3000019,-1.490047,-0.8754803,-1.414043,4.610755E-10,4.610755E-10,-3.681661,-1.846151
'[17:34:42.788 21/01/2026]',-2.295979,0.9577138,-0.5025709,-1.668787,4.610755E-10,4.610755E-10,1.880257,0.5174483
'[17:34:42.796 21/01/2026]',-2.295979,0.9577138,-0.5025709,-1.668787,4.610755E-10,4.610755E-10,1.880257,0.5174483
'[17:34:42.804 21/01/2026]',1.703275,-1.592319,-0.03658664,1.241242,4.610755E-10,4.610755E-10,0.5210028,2.520094
'[17:34:42.812 21/01/2026]',1.703275,-1.592319,-0.03658664,1.241242,4.610755E-10,4.610755E-10,0.5210028,2.520094
'[17:34:42.820 21/01/2026]',1.703275,-1.592319,-0.03658664,1.241242,4.610755E-10,4.610755E-10,0.5210028,2.520094
'[17:34:42.828 21/01/2026]',1.703275,-1.592319,-0.03658664,1.241242,4.610755E-10,4.610755E-10,0.5210028,2.520094
'[17:34:42.836 21/01/2026]',1.583188,2.457838,3.177365,1.368321,4.610755E-10,4.610755E-10,-0.7274849,-3.521946
'[17:34:42.844 21/01/2026]',-11.64383,-5.056318,-10.11277,-5.610224,4.610755E-10,4.610755E-10,-2.468062,-1.724704
'[17:34:42.852 21/01/2026]',-11.64383,-5.056318,-10.11277,-5.610224,4.610755E-10,4.610755E-10,-2.468062,-1.724704
'[17:34:42.860 21/01/2026]',-11.64383,-5.056318,-10.11277,-5.610224,4.610755E-10,4.610755E-10,-2.468062,-1.724704
'[17:34:42.868 21/01/2026]',-11.64383,-5.056318,-10.11277,-5.610224,4.610755E-10,4.610755E-10,-2.468062,-1.724704
'[17:34:42.876 21/01/2026]',16.77951,5.995942,12.20064,6.867937,4.610755E-10,4.610755E-10,3.476491,4.60927
'[17:34:42.884 21/01/2026]',16.77951,5.995942,12.20064,6.867937,4.610755E-10,4.610755E-10,3.476491,4.60927
'[17:34:42.892 21/01/2026]',16.77951,5.995942,12.20064,6.867937,4.610755E-10,4.610755E-10,3.476491,4.60927
'[17:34:42.900 21/01/2026]',-5.31875,-1.613666,-5.956655,-4.337434,4.610755E-10,4.610755E-10,-4.253306,-3.834477
'[17:34:42.908 21/01/2026]',-3.144443,-3.03068,3.182983,3.773769,4.610755E-10,4.610755E-10,7.986471,3.176079
'[17:34:42.916 21/01/2026]',3.18877,6.123339,-0.4343998,0.3324402,4.610755E-10,4.610755E-10,-4.415316,1.401929
'[17:34:42.924 21/01/2026]',-4.085828,-9.170659,-4.601229,-7.446054,4.610755E-10,4.610755E-10,-3.681804,-6.399844
'[17:34:42.932 21/01/2026]',-4.085828,-9.170659,-4.601229,-7.446054,4.610755E-10,4.610755E-10,-3.681804,-6.399844
'[17:34:42.940 21/01/2026]',5.990457,7.330297,7.679344,7.480691,4.610755E-10,4.610755E-10,4.627251,4.06423
'[17:34:42.948 21/01/2026]',5.990457,7.330297,7.679344,7.480691,4.610755E-10,4.610755E-10,4.627251,4.06423
'[17:34:42.956 21/01/2026]',-8.497888,-2.082191,-7.579305,-3.511223,4.610755E-10,4.610755E-10,-1.248549,0.1310561
'[17:34:42.964 21/01/2026]',-8.497888,-2.082191,-7.579305,-3.511223,4.610755E-10,4.610755E-10,-1.248549,0.1310561
'[17:34:42.972 21/01/2026]',9.693876,1.055037,8.286894,3.512887,4.610755E-10,4.610755E-10,0.1816577,-1.63744
'[17:34:42.980 21/01/2026]',9.693876,1.055037,8.286894,3.512887,4.610755E-10,4.610755E-10,0.1816577,-1.63744
'[17:34:42.988 21/01/2026]',-2.086698,-1.635779,-2.292779,-0.5229544,4.610755E-10,4.610755E-10,-0.6680417,0.9618582
'[17:34:42.996 21/01/2026]',-2.086698,-1.635779,-2.292779,-0.5229544,4.610755E-10,4.610755E-10,-0.6680417,0.9618582
'[17:34:43.004 21/01/2026]',-5.925408,-0.05614439,-4.162164,-4.899344,4.610755E-10,4.610755E-10,2.435519,0.07776101
'[17:34:43.012 21/01/2026]',-5.925408,-0.05614439,-4.162164,-4.899344,4.610755E-10,4.610755E-10,2.435519,0.07776101
'[17:34:43.020 21/01/2026]',-5.925408,-0.05614439,-4.162164,-4.899344,4.610755E-10,4.610755E-10,2.435519,0.07776101
'[17:34:43.028 21/01/2026]',4.789056,1.93644,3.314204,4.868712,4.610755E-10,4.610755E-10,-3.373453,0.06772244
'[17:34:43.036 21/01/2026]',4.789056,1.93644,3.314204,4.868712,4.610755E-10,4.610755E-10,-3.373453,0.06772244
'[17:34:43.044 21/01/2026]',0.2157107,1.714885,2.265481,1.95778,4.610755E-10,4.610755E-10,1.668982,-0.9561301
'[17:34:43.052 21/01/2026]',0.2157107,1.714885,2.265481,1.95778,4.610755E-10,4.610755E-10,1.668982,-0.9561301
'[17:34:43.060 21/01/2026]',0.2157107,1.714885,2.265481,1.95778,4.610755E-10,4.610755E-10,1.668982,-0.9561301
'[17:34:43.068 21/01/2026]',-2.132359,-3.011703,-2.030823,-4.156266,4.610755E-10,4.610755E-10,2.974208,3.586352
'[17:34:43.076 21/01/2026]',-0.4614855,-1.481989,-1.436558,-0.9460669,4.610755E-10,4.610755E-10,-5.720881,-5.837739
'[17:34:43.084 21/01/2026]',3.131299,3.052567,4.666572,5.93473,4.610755E-10,4.610755E-10,4.76767,4.909656
'[17:34:43.092 21/01/2026]',3.131299,3.052567,4.666572,5.93473,4.610755E-10,4.610755E-10,4.76767,4.909656
'[17:34:43.100 21/01/2026]',-1.35447,1.960179,-1.954211,-2.046679,4.610755E-10,4.610755E-10,-0.8039565,-0.9059814
'[17:34:43.108 21/01/2026]',-1.35447,1.960179,-1.954211,-2.046679,4.610755E-10,4.610755E-10,-0.8039565,-0.9059814
'[17:34:43.116 21/01/2026]',-3.115926,-6.193963,-3.035877,-5.90735,4.610755E-10,4.610755E-10,-1.383225,-0.690465
'[17:34:43.124 21/01/2026]',-3.115926,-6.193963,-3.035877,-5.90735,4.610755E-10,4.610755E-10,-1.383225,-0.690465
'[17:34:43.132 21/01/2026]',1.369728,2.269712,0.1857257,2.638858,4.610755E-10,4.610755E-10,-0.6330859,-1.596234
'[17:34:43.140 21/01/2026]',1.369728,2.269712,0.1857257,2.638858,4.610755E-10,4.610755E-10,-0.6330859,-1.596234
'[17:34:43.148 21/01/2026]',1.369728,2.269712,0.1857257,2.638858,4.610755E-10,4.610755E-10,-0.6330859,-1.596234
'[17:34:43.156 21/01/2026]',2.633222,2.607306,4.495178,4.764753,4.610755E-10,4.610755E-10,1.97227,1.413335
'[17:34:43.164 21/01/2026]',-1.071997,-1.482495,-1.634011,-2.875111,4.610755E-10,4.610755E-10,0.8482619,1.93768
'[17:34:43.172 21/01/2026]',-1.071997,-1.482495,-1.634011,-2.875111,4.610755E-10,4.610755E-10,0.8482619,1.93768
'[17:34:43.180 21/01/2026]',0.299949,-1.048963,-1.777414,-2.060548,4.610755E-10,4.610755E-10,-3.881025,-3.307634
'[17:34:43.188 21/01/2026]',0.299949,-1.048963,-1.777414,-2.060548,4.610755E-10,4.610755E-10,-3.881025,-3.307634
'[17:34:43.196 21/01/2026]',0.299949,-1.048963,-1.777414,-2.060548,4.610755E-10,4.610755E-10,-3.881025,-3.307634
'[17:34:43.204 21/01/2026]',-0.4601916,0.3865662,2.182651,1.747979,4.610755E-10,4.610755E-10,0.9460424,-0.02248557
'[17:34:43.212 21/01/2026]',-0.4601916,0.3865662,2.182651,1.747979,4.610755E-10,4.610755E-10,0.9460424,-0.02248557
'[17:34:43.220 21/01/2026]',-11.13012,-10.61789,-5.874521,-6.168297,4.610755E-10,4.610755E-10,-0.5081121,-0.4348203
'[17:34:43.228 21/01/2026]',-22.31591,-13.85116,-6.673958,-4.98244,4.610755E-10,4.610755E-10,1.01333,1.220147
'[17:34:43.236 21/01/2026]',27.96732,20.08635,8.719254,8.143628,4.610755E-10,4.610755E-10,-3.537024,-1.87171
'[17:34:43.244 21/01/2026]',27.96732,20.08635,8.719254,8.143628,4.610755E-10,4.610755E-10,-3.537024,-1.87171
'[17:34:43.252 21/01/2026]',35.25887,26.42664,16.38207,13.88939,4.610755E-10,4.610755E-10,3.124127,0.2794494
'[17:34:43.260 21/01/2026]',35.25887,26.42664,16.38207,13.88939,4.610755E-10,4.610755E-10,3.124127,0.2794494
'[17:34:43.268 21/01/2026]',-9.540401,-5.002498,-1.105514,-0.2817727,4.610755E-10,4.610755E-10,7.951934,8.366492
'[17:34:43.276 21/01/2026]',-9.540401,-5.002498,-1.105514,-0.2817727,4.610755E-10,4.610755E-10,7.951934,8.366492
'[17:34:43.284 21/01/2026]',-23.02401,-19.8609,-12.81842,-12.76767,4.610755E-10,4.610755E-10,-8.758522,-6.694853
'[17:34:43.292 21/01/2026]',3.919331,0.1764222,-1.250662,-0.009269375,4.610755E-10,4.610755E-10,-4.297507,-5.817058
'[17:34:43.300 21/01/2026]',3.919331,0.1764222,-1.250662,-0.009269375,4.610755E-10,4.610755E-10,-4.297507,-5.817058
'[17:34:43.308 21/01/2026]',8.728522,9.150508,9.838639,7.966038,4.610755E-10,4.610755E-10,6.638827,6.683517
'[17:34:43.316 21/01/2026]',8.728522,9.150508,9.838639,7.966038,4.610755E-10,4.610755E-10,6.638827,6.683517
'[17:34:43.324 21/01/2026]',8.728522,9.150508,9.838639,7.966038,4.610755E-10,4.610755E-10,6.638827,6.683517
'[17:34:43.332 21/01/2026]',-6.251555,-3.959825,-4.960313,-4.222419,4.610755E-10,4.610755E-10,3.429074,3.784557
'[17:34:43.340 21/01/2026]',-6.251555,-3.959825,-4.960313,-4.222419,4.610755E-10,4.610755E-10,3.429074,3.784557
'[17:34:43.348 21/01/2026]',-6.504105,-7.963516,-7.48557,-7.086782,4.610755E-10,4.610755E-10,-9.426496,-8.58485
'[17:34:43.356 21/01/2026]',-6.504105,-7.963516,-7.48557,-7.086782,4.610755E-10,4.610755E-10,-9.426496,-8.58485
'[17:34:43.364 21/01/2026]',-6.504105,-7.963516,-7.48557,-7.086782,4.610755E-10,4.610755E-10,-9.426496,-8.58485
'[17:34:43.372 21/01/2026]',-6.504105,-7.963516,-7.48557,-7.086782,4.610755E-10,4.610755E-10,-9.426496,-8.58485
'[17:34:43.380 21/01/2026]',-6.504105,-7.963516,-7.48557,-7.086782,4.610755E-10,4.610755E-10,-9.426496,-8.58485
'[17:34:43.388 21/01/2026]',6.326698,5.147334,9.752347,8.628565,4.610755E-10,4.610755E-10,2.87106,2.27566
'[17:34:43.396 21/01/2026]',1.475103,1.214496,-1.65792,-1.207748,4.610755E-10,4.610755E-10,3.369056,2.721907
'[17:34:43.404 21/01/2026]',-4.043721,-2.257195,-2.97986,-3.302942,4.610755E-10,4.610755E-10,-1.023504,-1.019512
'[17:34:43.412 21/01/2026]',-4.043721,-2.257195,-2.97986,-3.302942,4.610755E-10,4.610755E-10,-1.023504,-1.019512
'[17:34:43.420 21/01/2026]',1.833193,1.779207,1.416472,3.24981,4.610755E-10,4.610755E-10,0.4227397,0.3622834
'[17:34:43.428 21/01/2026]',1.833193,1.779207,1.416472,3.24981,4.610755E-10,4.610755E-10,0.4227397,0.3622834
'[17:34:43.436 21/01/2026]',1.833193,1.779207,1.416472,3.24981,4.610755E-10,4.610755E-10,0.4227397,0.3622834
'[17:34:43.444 21/01/2026]',-3.887409,-3.879595,-3.024092,-4.666511,4.610755E-10,4.610755E-10,-6.236095,-4.971388
'[17:34:43.452 21/01/2026]',-3.887409,-3.879595,-3.024092,-4.666511,4.610755E-10,4.610755E-10,-6.236095,-4.971388
'[17:34:43.460 21/01/2026]',1.478354,2.12352,1.044244,0.7884248,4.610755E-10,4.610755E-10,3.464912,3.189943
'[17:34:43.468 21/01/2026]',1.478354,2.12352,1.044244,0.7884248,4.610755E-10,4.610755E-10,3.464912,3.189943
'[17:34:43.476 21/01/2026]',1.478354,2.12352,1.044244,0.7884248,4.610755E-10,4.610755E-10,3.464912,3.189943
'[17:34:43.484 21/01/2026]',3.250324,0.702754,4.479068,4.981394,4.610755E-10,4.610755E-10,6.064979,4.11125
'[17:34:43.492 21/01/2026]',-2.312403,-0.2386564,-3.217536,-3.943216,4.610755E-10,4.610755E-10,-8.636462,-5.034763
'[17:34:43.500 21/01/2026]',-2.312403,-0.2386564,-3.217536,-3.943216,4.610755E-10,4.610755E-10,-8.636462,-5.034763
'[17:34:43.508 21/01/2026]',-0.08485774,1.554798,0.6454123,1.005731,4.610755E-10,4.610755E-10,3.888658,1.230362
'[17:34:43.516 21/01/2026]',-0.08485774,1.554798,0.6454123,1.005731,4.610755E-10,4.610755E-10,3.888658,1.230362
'[17:34:43.524 21/01/2026]',-0.08485774,1.554798,0.6454123,1.005731,4.610755E-10,4.610755E-10,3.888658,1.230362
'[17:34:43.532 21/01/2026]',2.664008,-0.4629639,1.107536,0.03392188,4.610755E-10,4.610755E-10,-2.696409,-1.540419
'[17:34:43.540 21/01/2026]',2.664008,-0.4629639,1.107536,0.03392188,4.610755E-10,4.610755E-10,-2.696409,-1.540419
'[17:34:43.548 21/01/2026]',2.664008,-0.4629639,1.107536,0.03392188,4.610755E-10,4.610755E-10,-2.696409,-1.540419
'[17:34:43.556 21/01/2026]',0.5162639,-1.797992,1.324615,1.421803,4.610755E-10,4.610755E-10,2.334138,2.367664
'[17:34:43.564 21/01/2026]',-2.84144,3.227525,-0.3403042,-0.06494367,4.610755E-10,4.610755E-10,4.959166,3.149022
'[17:34:43.572 21/01/2026]',-2.84144,3.227525,-0.3403042,-0.06494367,4.610755E-10,4.610755E-10,4.959166,3.149022
'[17:34:43.580 21/01/2026]',-2.84144,3.227525,-0.3403042,-0.06494367,4.610755E-10,4.610755E-10,4.959166,3.149022
'[17:34:43.588 21/01/2026]',0.3173935,-4.533222,-2.798248,-2.62102,4.610755E-10,4.610755E-10,-8.407726,-6.210781
'[17:34:43.596 21/01/2026]',2.159079,4.255711,4.567879,3.105504,4.610755E-10,4.610755E-10,2.962338,1.618984
'[17:34:43.604 21/01/2026]',2.159079,4.255711,4.567879,3.105504,4.610755E-10,4.610755E-10,2.962338,1.618984
'[17:34:43.612 21/01/2026]',-0.4342873,-1.684977,-0.5358372,-0.3081908,4.610755E-10,4.610755E-10,1.414436,1.381569
'[17:34:43.620 21/01/2026]',-0.4342873,-1.684977,-0.5358372,-0.3081908,4.610755E-10,4.610755E-10,1.414436,1.381569
'[17:34:43.628 21/01/2026]',0.3798316,-0.00633261,-1.680608,-2.443673,4.610755E-10,4.610755E-10,-1.983281,-0.8989537
'[17:34:43.636 21/01/2026]',0.3798316,-0.00633261,-1.680608,-2.443673,4.610755E-10,4.610755E-10,-1.983281,-0.8989537
'[17:34:43.644 21/01/2026]',-0.7201145,3.589225,2.524074,3.494395,4.610755E-10,4.610755E-10,2.161086,1.540448
'[17:34:43.652 21/01/2026]',-0.7201145,3.589225,2.524074,3.494395,4.610755E-10,4.610755E-10,2.161086,1.540448
'[17:34:43.660 21/01/2026]',-0.7201145,3.589225,2.524074,3.494395,4.610755E-10,4.610755E-10,2.161086,1.540448
'[17:34:43.668 21/01/2026]',4.142101,-0.9045886,0.9044435,0.4466684,4.610755E-10,4.610755E-10,0.4683701,0.3783134
'[17:34:43.676 21/01/2026]',4.142101,-0.9045886,0.9044435,0.4466684,4.610755E-10,4.610755E-10,0.4683701,0.3783134
'[17:34:43.684 21/01/2026]',-3.612406,-1.926046,1.520264,-0.9928142,4.610755E-10,4.610755E-10,-0.860648,-1.521276
'[17:34:43.692 21/01/2026]',-3.612406,-1.926046,1.520264,-0.9928142,4.610755E-10,4.610755E-10,-0.860648,-1.521276
'[17:34:43.700 21/01/2026]',-3.612406,-1.926046,1.520264,-0.9928142,4.610755E-10,4.610755E-10,-0.860648,-1.521276
'[17:34:43.708 21/01/2026]',-3.612406,-1.926046,1.520264,-0.9928142,4.610755E-10,4.610755E-10,-0.860648,-1.521276
'[17:34:43.716 21/01/2026]',-0.7293056,-1.155199,-5.062255,-0.7371729,4.610755E-10,4.610755E-10,0.5313573,1.671728
'[17:34:43.724 21/01/2026]',-0.7293056,-1.155199,-5.062255,-0.7371729,4.610755E-10,4.610755E-10,0.5313573,1.671728
'[17:34:43.732 21/01/2026]',0.8171491,2.373641,1.898761,0.3010605,4.610755E-10,4.610755E-10,-3.676815,-3.029299
'[17:34:43.740 21/01/2026]',0.8171491,2.373641,1.898761,0.3010605,4.610755E-10,4.610755E-10,-3.676815,-3.029299
'[17:34:43.748 21/01/2026]',0.8171491,2.373641,1.898761,0.3010605,4.610755E-10,4.610755E-10,-3.676815,-3.029299
'[17:34:43.756 21/01/2026]',1.492797,-0.3119849,2.11067,0.542474,4.610755E-10,4.610755E-10,4.100606,1.995073
'[17:34:43.764 21/01/2026]',-1.756957,-0.2295371,-2.112982,-0.6721162,4.610755E-10,4.610755E-10,-1.060769,-0.02422298
'[17:34:43.772 21/01/2026]',-1.756957,-0.2295371,-2.112982,-0.6721162,4.610755E-10,4.610755E-10,-1.060769,-0.02422298
'[17:34:43.780 21/01/2026]',1.89056,-2.636758,0.2674522,-0.5269608,4.610755E-10,4.610755E-10,-1.695752,-0.9022129
'[17:34:43.788 21/01/2026]',-0.2803825,5.588726,1.630215,2.359664,4.610755E-10,4.610755E-10,2.995624,2.398228
'[17:34:43.796 21/01/2026]',-0.2803825,5.588726,1.630215,2.359664,4.610755E-10,4.610755E-10,2.995624,2.398228
'[17:34:43.804 21/01/2026]',-0.8851966,-4.859409,-1.702658,-0.5407953,4.610755E-10,4.610755E-10,0.4149732,-0.2849162
'[17:34:43.812 21/01/2026]',-0.8851966,-4.859409,-1.702658,-0.5407953,4.610755E-10,4.610755E-10,0.4149732,-0.2849162
'[17:34:43.820 21/01/2026]',0.5606272,1.704548,-1.11911,-1.964802,4.610755E-10,4.610755E-10,-4.663475,-2.894504
'[17:34:43.828 21/01/2026]',0.5606272,1.704548,-1.11911,-1.964802,4.610755E-10,4.610755E-10,-4.663475,-2.894504
'[17:34:43.836 21/01/2026]',-0.8827358,0.3206428,1.183018,1.018459,4.610755E-10,4.610755E-10,3.66449,2.159617
'[17:34:43.844 21/01/2026]',-0.8827358,0.3206428,1.183018,1.018459,4.610755E-10,4.610755E-10,3.66449,2.159617
'[17:34:43.852 21/01/2026]',-0.1104224,-0.2882054,-0.2963524,-0.6997983,4.610755E-10,4.610755E-10,-1.585616,-0.1230678
'[17:34:43.860 21/01/2026]',-0.1104224,-0.2882054,-0.2963524,-0.6997983,4.610755E-10,4.610755E-10,-1.585616,-0.1230678
'[17:34:43.868 21/01/2026]',0.8014319,2.369378,0.00578569,1.225042,4.610755E-10,4.610755E-10,0.7356861,-0.1756657
'[17:34:43.876 21/01/2026]',0.8014319,2.369378,0.00578569,1.225042,4.610755E-10,4.610755E-10,0.7356861,-0.1756657
'[17:34:43.884 21/01/2026]',0.8014319,2.369378,0.00578569,1.225042,4.610755E-10,4.610755E-10,0.7356861,-0.1756657
'[17:34:43.892 21/01/2026]',-1.552698,-3.951733,-0.3150249,-2.168938,4.610755E-10,4.610755E-10,-1.112685,-0.2295441
'[17:34:43.900 21/01/2026]',-1.552698,-3.951733,-0.3150249,-2.168938,4.610755E-10,4.610755E-10,-1.112685,-0.2295441
'[17:34:43.908 21/01/2026]',-1.552698,-3.951733,-0.3150249,-2.168938,4.610755E-10,4.610755E-10,-1.112685,-0.2295441
'[17:34:43.916 21/01/2026]',2.159203,3.718142,3.617486,4.187446,4.610755E-10,4.610755E-10,0.9825889,-0.3818696
'[17:34:43.924 21/01/2026]',-2.658821,-0.07359232,-5.291476,-2.589054,4.610755E-10,4.610755E-10,1.089691,2.718097
'[17:34:43.932 21/01/2026]',-2.658821,-0.07359232,-5.291476,-2.589054,4.610755E-10,4.610755E-10,1.089691,2.718097
'[17:34:43.940 21/01/2026]',-0.02258069,-2.199723,1.240314,-0.2591185,4.610755E-10,4.610755E-10,-0.4487523,-1.258485
'[17:34:43.948 21/01/2026]',-0.02258069,-2.199723,1.240314,-0.2591185,4.610755E-10,4.610755E-10,-0.4487523,-1.258485
'[17:34:43.956 21/01/2026]',-0.9890634,2.016074,-0.984051,-1.180111,4.610755E-10,4.610755E-10,-2.723969,-1.758999
'[17:34:43.964 21/01/2026]',-0.9890634,2.016074,-0.984051,-1.180111,4.610755E-10,4.610755E-10,-2.723969,-1.758999
'[17:34:43.972 21/01/2026]',3.60909,-6.004043,3.108042,1.748799,4.610755E-10,4.610755E-10,-2.054279,-2.379999
'[17:34:43.980 21/01/2026]',3.60909,-6.004043,3.108042,1.748799,4.610755E-10,4.610755E-10,-2.054279,-2.379999
'[17:34:43.988 21/01/2026]',-0.6875023,6.995977,-0.7371846,2.225484,4.610755E-10,4.610755E-10,6.479276,5.092243
'[17:34:43.996 21/01/2026]',-0.6875023,6.995977,-0.7371846,2.225484,4.610755E-10,4.610755E-10,6.479276,5.092243
'[17:34:44.004 21/01/2026]',-0.6875023,6.995977,-0.7371846,2.225484,4.610755E-10,4.610755E-10,6.479276,5.092243
'[17:34:44.012 21/01/2026]',-8.45194,-7.963677,-8.202041,-9.59186,4.610755E-10,4.610755E-10,-3.707932,-1.752804
'[17:34:44.020 21/01/2026]',-8.45194,-7.963677,-8.202041,-9.59186,4.610755E-10,4.610755E-10,-3.707932,-1.752804
'[17:34:44.028 21/01/2026]',9.955653,2.958512,10.26204,9.228277,4.610755E-10,4.610755E-10,0.237368,-0.9327002
'[17:34:44.036 21/01/2026]',9.955653,2.958512,10.26204,9.228277,4.610755E-10,4.610755E-10,0.237368,-0.9327002
'[17:34:44.044 21/01/2026]',9.955653,2.958512,10.26204,9.228277,4.610755E-10,4.610755E-10,0.237368,-0.9327002
'[17:34:44.052 21/01/2026]',-2.225319,3.944926,-1.980086,1.142516,4.610755E-10,4.610755E-10,4.027646,3.55043
'[17:34:44.060 21/01/2026]',-2.225319,3.944926,-1.980086,1.142516,4.610755E-10,4.610755E-10,4.027646,3.55043
'[17:34:44.068 21/01/2026]',-2.225319,3.944926,-1.980086,1.142516,4.610755E-10,4.610755E-10,4.027646,3.55043
'[17:34:44.076 21/01/2026]',-2.225319,3.944926,-1.980086,1.142516,4.610755E-10,4.610755E-10,4.027646,3.55043
'[17:34:44.084 21/01/2026]',-3.818817,-6.684953,-5.507527,-7.862789,4.610755E-10,4.610755E-10,-5.880347,-4.903814
'[17:34:44.092 21/01/2026]',1.398325,2.331038,4.722244,3.438196,4.610755E-10,4.610755E-10,1.89768,2.136366
'[17:34:44.100 21/01/2026]',2.700088,2.287262,-0.752477,2.887212,4.610755E-10,4.610755E-10,2.146466,1.622975
'[17:34:44.108 21/01/2026]',-3.11716,-1.743873,-2.519539,-2.854797,4.610755E-10,4.610755E-10,-3.854164,-4.181202
'[17:34:44.116 21/01/2026]',-3.11716,-1.743873,-2.519539,-2.854797,4.610755E-10,4.610755E-10,-3.854164,-4.181202
'[17:34:44.124 21/01/2026]',2.016116,-0.5861725,2.966815,0.7315912,4.610755E-10,4.610755E-10,4.847314,4.98687
'[17:34:44.132 21/01/2026]',2.016116,-0.5861725,2.966815,0.7315912,4.610755E-10,4.610755E-10,4.847314,4.98687
'[17:34:44.140 21/01/2026]',-3.070996,-0.6843509,-3.871119,-1.881611,4.610755E-10,4.610755E-10,-4.220177,-3.341285
'[17:34:44.148 21/01/2026]',-3.070996,-0.6843509,-3.871119,-1.881611,4.610755E-10,4.610755E-10,-4.220177,-3.341285
'[17:34:44.156 21/01/2026]',1.885322,0.2634934,2.861722,3.14833,4.610755E-10,4.610755E-10,-0.268982,0.147549
'[17:34:44.164 21/01/2026]',1.885322,0.2634934,2.861722,3.14833,4.610755E-10,4.610755E-10,-0.268982,0.147549
'[17:34:44.172 21/01/2026]',0.7319812,0.9936724,0.7278816,0.1902332,4.610755E-10,4.610755E-10,3.091132,1.98013
'[17:34:44.180 21/01/2026]',1.426509,0.6057534,0.8219115,-0.7484353,4.610755E-10,4.610755E-10,-0.8442482,-1.26102
'[17:34:44.188 21/01/2026]',1.426509,0.6057534,0.8219115,-0.7484353,4.610755E-10,4.610755E-10,-0.8442482,-1.26102
'[17:34:44.196 21/01/2026]',1.426509,0.6057534,0.8219115,-0.7484353,4.610755E-10,4.610755E-10,-0.8442482,-1.26102
'[17:34:44.204 21/01/2026]',-3.743634,-1.630879,-3.054925,-0.5700068,4.610755E-10,4.610755E-10,-2.352494,-1.015844
'[17:34:44.212 21/01/2026]',-3.743634,-1.630879,-3.054925,-0.5700068,4.610755E-10,4.610755E-10,-2.352494,-1.015844
'[17:34:44.220 21/01/2026]',-3.743634,-1.630879,-3.054925,-0.5700068,4.610755E-10,4.610755E-10,-2.352494,-1.015844
'[17:34:44.228 21/01/2026]',2.300799,-0.9697369,0.8930559,-0.9079288,4.610755E-10,4.610755E-10,1.135207,1.234909
'[17:34:44.236 21/01/2026]',2.300799,-0.9697369,0.8930559,-0.9079288,4.610755E-10,4.610755E-10,1.135207,1.234909
'[17:34:44.244 21/01/2026]',-2.297735,2.667399,0.5576271,0.7510185,4.610755E-10,4.610755E-10,2.286878,0.606865
'[17:34:44.252 21/01/2026]',1.633983,-1.081236,-3.020871,-1.81259,4.610755E-10,4.610755E-10,-6.81761,-3.396205
'[17:34:44.260 21/01/2026]',1.633983,-1.081236,-3.020871,-1.81259,4.610755E-10,4.610755E-10,-6.81761,-3.396205
'[17:34:44.268 21/01/2026]',0.0162718,-0.6019786,4.426682,3.266479,4.610755E-10,4.610755E-10,7.478946,3.045501
'[17:34:44.276 21/01/2026]',-0.9867156,0.7084475,-1.611513,-0.268258,4.610755E-10,4.610755E-10,-2.981998,0.9231879
'[17:34:44.284 21/01/2026]',-0.9867156,0.7084475,-1.611513,-0.268258,4.610755E-10,4.610755E-10,-2.981998,0.9231879
'[17:34:44.292 21/01/2026]',-0.9867156,0.7084475,-1.611513,-0.268258,4.610755E-10,4.610755E-10,-2.981998,0.9231879
'[17:34:44.300 21/01/2026]',0.4764853,0.456652,-1.929855,-2.024423,4.610755E-10,4.610755E-10,-1.264658,-2.497829
'[17:34:44.308 21/01/2026]',0.4764853,0.456652,-1.929855,-2.024423,4.610755E-10,4.610755E-10,-1.264658,-2.497829
'[17:34:44.316 21/01/2026]',0.4764853,0.456652,-1.929855,-2.024423,4.610755E-10,4.610755E-10,-1.264658,-2.497829
'[17:34:44.324 21/01/2026]',0.4764853,0.456652,-1.929855,-2.024423,4.610755E-10,4.610755E-10,-1.264658,-2.497829
'[17:34:44.332 21/01/2026]',2.615522,-0.5498163,3.114054,2.569334,4.610755E-10,4.610755E-10,1.864865,-0.3916774
'[17:34:44.340 21/01/2026]',2.615522,-0.5498163,3.114054,2.569334,4.610755E-10,4.610755E-10,1.864865,-0.3916774
'[17:34:44.348 21/01/2026]',-2.797902,0.4514564,-0.4162248,-0.9231253,4.610755E-10,4.610755E-10,0.1342647,2.637223
'[17:34:44.356 21/01/2026]',-0.2226854,-0.4834657,-1.616328,-0.9123943,4.610755E-10,4.610755E-10,-1.641685,-1.0495
'[17:34:44.364 21/01/2026]',-0.2226854,-0.4834657,-1.616328,-0.9123943,4.610755E-10,4.610755E-10,-1.641685,-1.0495
'[17:34:44.372 21/01/2026]',1.665599,0.205153,1.98659,0.8435852,4.610755E-10,4.610755E-10,0.208875,-3.569711
'[17:34:44.380 21/01/2026]',1.665599,0.205153,1.98659,0.8435852,4.610755E-10,4.610755E-10,0.208875,-3.569711
'[17:34:44.388 21/01/2026]',1.665599,0.205153,1.98659,0.8435852,4.610755E-10,4.610755E-10,0.208875,-3.569711
'[17:34:44.396 21/01/2026]',-0.08302449,2.063392,0.9419571,1.307763,4.610755E-10,4.610755E-10,2.080822,5.004597
'[17:34:44.404 21/01/2026]',-0.08302449,2.063392,0.9419571,1.307763,4.610755E-10,4.610755E-10,2.080822,5.004597
'[17:34:44.412 21/01/2026]',-1.414047,-5.120453,-4.232955,-1.966666,4.610755E-10,4.610755E-10,-3.436659,-3.01156
'[17:34:44.420 21/01/2026]',-1.414047,-5.120453,-4.232955,-1.966666,4.610755E-10,4.610755E-10,-3.436659,-3.01156
'[17:34:44.428 21/01/2026]',1.842433,3.311503,6.197014,3.636864,4.610755E-10,4.610755E-10,2.777349,-0.3123551
'[17:34:44.436 21/01/2026]',1.842433,3.311503,6.197014,3.636864,4.610755E-10,4.610755E-10,2.777349,-0.3123551
'[17:34:44.444 21/01/2026]',0.5133395,1.564698,-1.431333,-2.407808,4.610755E-10,4.610755E-10,0.1906017,1.962591
'[17:34:44.452 21/01/2026]',0.5133395,1.564698,-1.431333,-2.407808,4.610755E-10,4.610755E-10,0.1906017,1.962591
'[17:34:44.460 21/01/2026]',-4.642245,-3.302194,-6.307298,-3.217283,4.610755E-10,4.610755E-10,-3.373164,-2.562284
'[17:34:44.468 21/01/2026]',-4.642245,-3.302194,-6.307298,-3.217283,4.610755E-10,4.610755E-10,-3.373164,-2.562284
'[17:34:44.476 21/01/2026]',4.464229,3.144353,5.240095,3.813325,4.610755E-10,4.610755E-10,2.38141,1.74674
'[17:34:44.484 21/01/2026]',4.464229,3.144353,5.240095,3.813325,4.610755E-10,4.610755E-10,2.38141,1.74674
'[17:34:44.492 21/01/2026]',4.464229,3.144353,5.240095,3.813325,4.610755E-10,4.610755E-10,2.38141,1.74674
'[17:34:44.500 21/01/2026]',-1.162207,-1.73787,1.521823,0.4253359,4.610755E-10,4.610755E-10,3.016503,1.570094
'[17:34:44.508 21/01/2026]',-1.162207,-1.73787,1.521823,0.4253359,4.610755E-10,4.610755E-10,3.016503,1.570094
'[17:34:44.516 21/01/2026]',1.594875,3.122292,-3.140093,-1.575599,4.610755E-10,4.610755E-10,-4.552649,-2.416008
'[17:34:44.524 21/01/2026]',-4.469185,-2.678066,-2.315743,-1.262345,4.610755E-10,4.610755E-10,-0.06609822,-0.2973259
'[17:34:44.532 21/01/2026]',-4.469185,-2.678066,-2.315743,-1.262345,4.610755E-10,4.610755E-10,-0.06609822,-0.2973259
'[17:34:44.540 21/01/2026]',-4.469185,-2.678066,-2.315743,-1.262345,4.610755E-10,4.610755E-10,-0.06609822,-0.2973259
'[17:34:44.548 21/01/2026]',3.567676,-0.2220628,4.156008,2.441199,4.610755E-10,4.610755E-10,2.082504,0.411491
'[17:34:44.556 21/01/2026]',3.567676,-0.2220628,4.156008,2.441199,4.610755E-10,4.610755E-10,2.082504,0.411491
'[17:34:44.564 21/01/2026]',-3.431012,-1.80414,-3.458522,-3.4078,4.610755E-10,4.610755E-10,-0.8188479,1.236405
'[17:34:44.572 21/01/2026]',-3.431012,-1.80414,-3.458522,-3.4078,4.610755E-10,4.610755E-10,-0.8188479,1.236405
'[17:34:44.580 21/01/2026]',-3.431012,-1.80414,-3.458522,-3.4078,4.610755E-10,4.610755E-10,-0.8188479,1.236405
'[17:34:44.588 21/01/2026]',-3.431012,-1.80414,-3.458522,-3.4078,4.610755E-10,4.610755E-10,-0.8188479,1.236405
'[17:34:44.596 21/01/2026]',-3.431012,-1.80414,-3.458522,-3.4078,4.610755E-10,4.610755E-10,-0.8188479,1.236405
'[17:34:44.604 21/01/2026]',2.272772,6.358564,1.657202,2.920014,4.610755E-10,4.610755E-10,2.074474,1.208927
'[17:34:44.612 21/01/2026]',-7.589848,-6.824507,-4.760537,-3.610593,4.610755E-10,4.610755E-10,-3.698946,-4.441362
'[17:34:44.620 21/01/2026]',11.62215,3.826962,7.064202,4.972609,4.610755E-10,4.610755E-10,1.737611,3.060479
'[17:34:44.628 21/01/2026]',4.634012,5.946689,1.275193,0.4207021,4.610755E-10,4.610755E-10,1.027295,-0.8453635
'[17:34:44.636 21/01/2026]',4.634012,5.946689,1.275193,0.4207021,4.610755E-10,4.610755E-10,1.027295,-0.8453635
'[17:34:44.644 21/01/2026]',4.634012,5.946689,1.275193,0.4207021,4.610755E-10,4.610755E-10,1.027295,-0.8453635
'[17:34:44.652 21/01/2026]',4.634012,5.946689,1.275193,0.4207021,4.610755E-10,4.610755E-10,1.027295,-0.8453635
'[17:34:44.660 21/01/2026]',-17.81297,-8.766307,-11.66675,-7.04428,4.610755E-10,4.610755E-10,-4.66466,-2.310618
'[17:34:44.668 21/01/2026]',7.838872,1.278696,8.647429,6.214533,4.610755E-10,4.610755E-10,5.541782,2.840777
'[17:34:44.676 21/01/2026]',7.838872,1.278696,8.647429,6.214533,4.610755E-10,4.610755E-10,5.541782,2.840777
'[17:34:44.684 21/01/2026]',0.6953594,-0.2708985,-1.941904,-2.412115,4.610755E-10,4.610755E-10,-2.693507,-1.910893
'[17:34:44.692 21/01/2026]',0.6953594,-0.2708985,-1.941904,-2.412115,4.610755E-10,4.610755E-10,-2.693507,-1.910893
'[17:34:44.700 21/01/2026]',-2.428538,0.8509288,-1.741646,-1.346569,4.610755E-10,4.610755E-10,-2.265247,-0.6771688
'[17:34:44.708 21/01/2026]',-2.428538,0.8509288,-1.741646,-1.346569,4.610755E-10,4.610755E-10,-2.265247,-0.6771688
'[17:34:44.716 21/01/2026]',-2.428538,0.8509288,-1.741646,-1.346569,4.610755E-10,4.610755E-10,-2.265247,-0.6771688
'[17:34:44.724 21/01/2026]',2.600424,1.3827,1.701017,2.727627,4.610755E-10,4.610755E-10,5.321154,3.822635
'[17:34:44.732 21/01/2026]',2.600424,1.3827,1.701017,2.727627,4.610755E-10,4.610755E-10,5.321154,3.822635
'[17:34:44.740 21/01/2026]',-3.605523,-3.211199,-0.6359435,-2.359905,4.610755E-10,4.610755E-10,-2.164671,-3.268321
'[17:34:44.748 21/01/2026]',-3.605523,-3.211199,-0.6359435,-2.359905,4.610755E-10,4.610755E-10,-2.164671,-3.268321
'[17:34:44.756 21/01/2026]',-3.605523,-3.211199,-0.6359435,-2.359905,4.610755E-10,4.610755E-10,-2.164671,-3.268321
'[17:34:44.764 21/01/2026]',-3.605523,-3.211199,-0.6359435,-2.359905,4.610755E-10,4.610755E-10,-2.164671,-3.268321
'[17:34:44.772 21/01/2026]',-3.605523,-3.211199,-0.6359435,-2.359905,4.610755E-10,4.610755E-10,-2.164671,-3.268321
'[17:34:44.780 21/01/2026]',1.177162,0.05395124,-3.209758,-0.5535285,4.610755E-10,4.610755E-10,-4.411467,-1.409104
'[17:34:44.788 21/01/2026]',0.8063096,0.8401521,3.360096,1.709613,4.610755E-10,4.610755E-10,2.864813,2.935165
'[17:34:44.796 21/01/2026]',-1.99522,-2.839858,-3.837869,-3.4397,4.610755E-10,4.610755E-10,1.30914,-2.131291
'[17:34:44.804 21/01/2026]',1.477301,2.839374,2.298274,3.113027,4.610755E-10,4.610755E-10,-3.380711,0.2009054
'[17:34:44.812 21/01/2026]',1.477301,2.839374,2.298274,3.113027,4.610755E-10,4.610755E-10,-3.380711,0.2009054
'[17:34:44.820 21/01/2026]',0.3529867,-2.329204,0.4134202,1.003294,4.610755E-10,4.610755E-10,3.467525,1.436568
'[17:34:44.828 21/01/2026]',0.3529867,-2.329204,0.4134202,1.003294,4.610755E-10,4.610755E-10,3.467525,1.436568
'[17:34:44.836 21/01/2026]',-2.108966,1.460079,-2.501341,-3.572051,4.610755E-10,4.610755E-10,-1.717252,-1.322487
'[17:34:44.844 21/01/2026]',-2.108966,1.460079,-2.501341,-3.572051,4.610755E-10,4.610755E-10,-1.717252,-1.322487
'[17:34:44.852 21/01/2026]',-2.108966,1.460079,-2.501341,-3.572051,4.610755E-10,4.610755E-10,-1.717252,-1.322487
'[17:34:44.860 21/01/2026]',0.1669097,-0.04246291,-1.533709,0.5551734,4.610755E-10,4.610755E-10,-3.325501,-1.62909
'[17:34:44.868 21/01/2026]',0.1669097,-0.04246291,-1.533709,0.5551734,4.610755E-10,4.610755E-10,-3.325501,-1.62909
'[17:34:44.876 21/01/2026]',-1.096848,-2.28133,-0.1944403,-0.5852007,4.610755E-10,4.610755E-10,1.507299,-0.6414307
'[17:34:44.884 21/01/2026]',0.6950446,2.720805,0.3737497,1.317926,4.610755E-10,4.610755E-10,2.12801,4.037759
'[17:34:44.892 21/01/2026]',0.6950446,2.720805,0.3737497,1.317926,4.610755E-10,4.610755E-10,2.12801,4.037759
'[17:34:44.900 21/01/2026]',1.392029,-1.10093,1.92537,0.1932754,4.610755E-10,4.610755E-10,1.130387,-0.5906043
'[17:34:44.908 21/01/2026]',1.392029,-1.10093,1.92537,0.1932754,4.610755E-10,4.610755E-10,1.130387,-0.5906043
'[17:34:44.916 21/01/2026]',1.392029,-1.10093,1.92537,0.1932754,4.610755E-10,4.610755E-10,1.130387,-0.5906043
'[17:34:44.924 21/01/2026]',-3.063811,2.596797,-3.876728,-2.554637,4.610755E-10,4.610755E-10,-4.330286,-3.305176
'[17:34:44.932 21/01/2026]',-3.063811,2.596797,-3.876728,-2.554637,4.610755E-10,4.610755E-10,-4.330286,-3.305176
'[17:34:44.940 21/01/2026]',-3.063811,2.596797,-3.876728,-2.554637,4.610755E-10,4.610755E-10,-4.330286,-3.305176
'[17:34:44.948 21/01/2026]',3.795789,-2.551919,4.864703,3.074033,4.610755E-10,4.610755E-10,0.6359602,1.173901
'[17:34:44.956 21/01/2026]',-2.689745,-0.3708757,-2.808695,-0.9031739,4.610755E-10,4.610755E-10,2.152667,0.5454268
'[17:34:44.964 21/01/2026]',-2.689745,-0.3708757,-2.808695,-0.9031739,4.610755E-10,4.610755E-10,2.152667,0.5454268
'[17:34:44.972 21/01/2026]',-0.3042228,1.588083,-2.105664,-1.955654,4.610755E-10,4.610755E-10,-2.235401,-0.5818574
'[17:34:44.980 21/01/2026]',-0.3042228,1.588083,-2.105664,-1.955654,4.610755E-10,4.610755E-10,-2.235401,-0.5818574
'[17:34:44.988 21/01/2026]',1.893457,-3.286298,3.031591,1.168927,4.610755E-10,4.610755E-10,-0.4091498,-1.109935
'[17:34:44.996 21/01/2026]',1.893457,-3.286298,3.031591,1.168927,4.610755E-10,4.610755E-10,-0.4091498,-1.109935
'[17:34:45.004 21/01/2026]',3.580143,-4.670849,0.6490294,1.143611,4.610755E-10,4.610755E-10,1.828035,0.0008604006
'[17:34:45.012 21/01/2026]',3.580143,-4.670849,0.6490294,1.143611,4.610755E-10,4.610755E-10,1.828035,0.0008604006
'[17:34:45.020 21/01/2026]',-8.960188,11.19753,-4.96248,-2.512567,4.610755E-10,4.610755E-10,-2.197202,1.549118
'[17:34:45.028 21/01/2026]',-8.960188,11.19753,-4.96248,-2.512567,4.610755E-10,4.610755E-10,-2.197202,1.549118
'[17:34:45.036 21/01/2026]',1.297832,-1.657167,0.06384674,-0.6837199,4.610755E-10,4.610755E-10,-3.41419,-3.927172
'[17:34:45.044 21/01/2026]',1.297832,-1.657167,0.06384674,-0.6837199,4.610755E-10,4.610755E-10,-3.41419,-3.927172
'[17:34:45.052 21/01/2026]',2.636688,-6.549416,1.855016,0.9719051,4.610755E-10,4.610755E-10,7.85256,4.778515
'[17:34:45.060 21/01/2026]',2.636688,-6.549416,1.855016,0.9719051,4.610755E-10,4.610755E-10,7.85256,4.778515
'[17:34:45.068 21/01/2026]',1.461675,4.711853,1.298767,1.507741,4.610755E-10,4.610755E-10,-3.836576,0.88841
'[17:34:45.076 21/01/2026]',1.461675,4.711853,1.298767,1.507741,4.610755E-10,4.610755E-10,-3.836576,0.88841
'[17:34:45.084 21/01/2026]',1.461675,4.711853,1.298767,1.507741,4.610755E-10,4.610755E-10,-3.836576,0.88841
'[17:34:45.092 21/01/2026]',1.461675,4.711853,1.298767,1.507741,4.610755E-10,4.610755E-10,-3.836576,0.88841
'[17:34:45.100 21/01/2026]',-4.414719,-2.483326,-2.738997,-3.031751,4.610755E-10,4.610755E-10,-3.041418,-7.393982
'[17:34:45.108 21/01/2026]',1.065783,0.6488958,0.2433982,1.230528,4.610755E-10,4.610755E-10,6.222676,6.358937
'[17:34:45.116 21/01/2026]',1.926013,2.749904,1.713027,1.918319,4.610755E-10,4.610755E-10,-2.001455,0.3510768
'[17:34:45.124 21/01/2026]',1.926013,2.749904,1.713027,1.918319,4.610755E-10,4.610755E-10,-2.001455,0.3510768
'[17:34:45.132 21/01/2026]',0.0460836,-3.178228,-1.759033,-1.613307,4.610755E-10,4.610755E-10,-2.619174,-3.415332
'[17:34:45.140 21/01/2026]',0.0460836,-3.178228,-1.759033,-1.613307,4.610755E-10,4.610755E-10,-2.619174,-3.415332
'[17:34:45.148 21/01/2026]',-2.123693,0.4586171,1.122169,0.6660833,4.610755E-10,4.610755E-10,2.709041,1.774048
'[17:34:45.156 21/01/2026]',-2.123693,0.4586171,1.122169,0.6660833,4.610755E-10,4.610755E-10,2.709041,1.774048
'[17:34:45.164 21/01/2026]',0.4242859,-0.5460327,-3.502576,-2.226099,4.610755E-10,4.610755E-10,-0.6725665,0.0113693
'[17:34:45.172 21/01/2026]',0.4242859,-0.5460327,-3.502576,-2.226099,4.610755E-10,4.610755E-10,-0.6725665,0.0113693
'[17:34:45.180 21/01/2026]',0.09666837,1.411938,3.439079,2.19125,4.610755E-10,4.610755E-10,-1.901214,-0.926882
'[17:34:45.188 21/01/2026]',0.09666837,1.411938,3.439079,2.19125,4.610755E-10,4.610755E-10,-1.901214,-0.926882
'[17:34:45.196 21/01/2026]',0.09666837,1.411938,3.439079,2.19125,4.610755E-10,4.610755E-10,-1.901214,-0.926882
'[17:34:45.204 21/01/2026]',-1.691134,-2.638115,-3.667619,-1.581226,4.610755E-10,4.610755E-10,0.5428032,0.05646358
'[17:34:45.212 21/01/2026]',1.161821,-2.997207,1.953418,-1.207627,4.610755E-10,4.610755E-10,-0.1260942,-0.8719379
'[17:34:45.220 21/01/2026]',1.161821,-2.997207,1.953418,-1.207627,4.610755E-10,4.610755E-10,-0.1260942,-0.8719379
'[17:34:45.228 21/01/2026]',1.161821,-2.997207,1.953418,-1.207627,4.610755E-10,4.610755E-10,-0.1260942,-0.8719379
'[17:34:45.236 21/01/2026]',1.161821,-2.997207,1.953418,-1.207627,4.610755E-10,4.610755E-10,-0.1260942,-0.8719379
'[17:34:45.244 21/01/2026]',-0.3511714,-0.2622927,-0.3828165,-0.5884549,4.610755E-10,4.610755E-10,-0.5885026,-1.135373
'[17:34:45.252 21/01/2026]',0.5688369,7.697417,0.1640511,3.706017,4.610755E-10,4.610755E-10,-0.9696133,1.838544
'[17:34:45.260 21/01/2026]',0.5688369,7.697417,0.1640511,3.706017,4.610755E-10,4.610755E-10,-0.9696133,1.838544
'[17:34:45.268 21/01/2026]',0.5688369,7.697417,0.1640511,3.706017,4.610755E-10,4.610755E-10,-0.9696133,1.838544
'[17:34:45.276 21/01/2026]',0.5688369,7.697417,0.1640511,3.706017,4.610755E-10,4.610755E-10,-0.9696133,1.838544
'[17:34:45.284 21/01/2026]',-1.96374,-6.146419,-0.5578151,-1.694414,4.610755E-10,4.610755E-10,3.447893,-0.07251826
'[17:34:45.292 21/01/2026]',3.529244,1.322001,2.072936,0.2361513,4.610755E-10,4.610755E-10,-1.272085,0.6985778
'[17:34:45.300 21/01/2026]',-3.910229,-1.244834,-3.35125,-1.463027,4.610755E-10,4.610755E-10,-2.351566,-1.150484
'[17:34:45.308 21/01/2026]',-3.910229,-1.244834,-3.35125,-1.463027,4.610755E-10,4.610755E-10,-2.351566,-1.150484
'[17:34:45.316 21/01/2026]',-3.910229,-1.244834,-3.35125,-1.463027,4.610755E-10,4.610755E-10,-2.351566,-1.150484
'[17:34:45.324 21/01/2026]',0.6567053,1.172258,-0.3859735,-0.2980405,4.610755E-10,4.610755E-10,1.537239,-1.247193
'[17:34:45.332 21/01/2026]',0.6567053,1.172258,-0.3859735,-0.2980405,4.610755E-10,4.610755E-10,1.537239,-1.247193
'[17:34:45.340 21/01/2026]',-0.3126725,2.000035,-1.029646,-0.3733721,4.610755E-10,4.610755E-10,-1.810411,0.6985906
'[17:34:45.348 21/01/2026]',-0.3126725,2.000035,-1.029646,-0.3733721,4.610755E-10,4.610755E-10,-1.810411,0.6985906
'[17:34:45.356 21/01/2026]',1.217396,-4.766896,2.288119,1.125709,4.610755E-10,4.610755E-10,3.146671,2.188936
'[17:34:45.364 21/01/2026]',1.217396,-4.766896,2.288119,1.125709,4.610755E-10,4.610755E-10,3.146671,2.188936
'[17:34:45.372 21/01/2026]',0.5905358,4.858769,0.06547306,2.18449,4.610755E-10,4.610755E-10,-1.144078,-0.883655
'[17:34:45.380 21/01/2026]',0.5905358,4.858769,0.06547306,2.18449,4.610755E-10,4.610755E-10,-1.144078,-0.883655
'[17:34:45.388 21/01/2026]',0.5905358,4.858769,0.06547306,2.18449,4.610755E-10,4.610755E-10,-1.144078,-0.883655
'[17:34:45.396 21/01/2026]',-2.335578,-4.826846,-3.032981,-3.756878,4.610755E-10,4.610755E-10,-1.095192,-1.389448
'[17:34:45.404 21/01/2026]',-2.335578,-4.826846,-3.032981,-3.756878,4.610755E-10,4.610755E-10,-1.095192,-1.389448
'[17:34:45.412 21/01/2026]',-0.1491164,2.15943,1.515945,0.8408195,4.610755E-10,4.610755E-10,1.054477,1.178813
'[17:34:45.420 21/01/2026]',-0.1491164,2.15943,1.515945,0.8408195,4.610755E-10,4.610755E-10,1.054477,1.178813
'[17:34:45.428 21/01/2026]',-0.1491164,2.15943,1.515945,0.8408195,4.610755E-10,4.610755E-10,1.054477,1.178813
'[17:34:45.436 21/01/2026]',-0.1491164,2.15943,1.515945,0.8408195,4.610755E-10,4.610755E-10,1.054477,1.178813
'[17:34:45.444 21/01/2026]',2.907274,-0.6529193,1.915349,2.300742,4.610755E-10,4.610755E-10,-0.4646549,0.1759079
'[17:34:45.452 21/01/2026]',2.907274,-0.6529193,1.915349,2.300742,4.610755E-10,4.610755E-10,-0.4646549,0.1759079
'[17:34:45.460 21/01/2026]',2.907274,-0.6529193,1.915349,2.300742,4.610755E-10,4.610755E-10,-0.4646549,0.1759079
'[17:34:45.468 21/01/2026]',-2.046824,-1.781774,-3.495098,-3.578179,4.610755E-10,4.610755E-10,0.1589893,0.2116088
'[17:34:45.476 21/01/2026]',-0.08217464,0.6235691,0.7267948,0.8522391,4.610755E-10,4.610755E-10,-1.321196,-1.895515
'[17:34:45.484 21/01/2026]',0.2473235,2.469533,0.1316046,-0.2276237,4.610755E-10,4.610755E-10,-0.06360184,-0.2436789
'[17:34:45.492 21/01/2026]',1.540844,-2.182892,2.892272,2.647859,4.610755E-10,4.610755E-10,1.854284,3.160265
'[17:34:45.500 21/01/2026]',1.540844,-2.182892,2.892272,2.647859,4.610755E-10,4.610755E-10,1.854284,3.160265
'[17:34:45.508 21/01/2026]',1.540844,-2.182892,2.892272,2.647859,4.610755E-10,4.610755E-10,1.854284,3.160265
'[17:34:45.516 21/01/2026]',0.8376495,0.6953259,0.03691359,0.2435438,4.610755E-10,4.610755E-10,-0.4946158,-0.7283772
'[17:34:45.524 21/01/2026]',0.8376495,0.6953259,0.03691359,0.2435438,4.610755E-10,4.610755E-10,-0.4946158,-0.7283772
'[17:34:45.532 21/01/2026]',0.8376495,0.6953259,0.03691359,0.2435438,4.610755E-10,4.610755E-10,-0.4946158,-0.7283772
'[17:34:45.540 21/01/2026]',-2.605622,-3.873155,-3.274936,-5.077478,4.610755E-10,4.610755E-10,-2.66102,-4.252611
'[17:34:45.548 21/01/2026]',-2.605622,-3.873155,-3.274936,-5.077478,4.610755E-10,4.610755E-10,-2.66102,-4.252611
'[17:34:45.556 21/01/2026]',1.673927,2.637556,2.33183,4.177705,4.610755E-10,4.610755E-10,3.920835,5.133005
'[17:34:45.564 21/01/2026]',1.673927,2.637556,2.33183,4.177705,4.610755E-10,4.610755E-10,3.920835,5.133005
'[17:34:45.572 21/01/2026]',-0.3243646,1.242662,-0.8739536,-0.8908544,4.610755E-10,4.610755E-10,-1.282925,-0.8891202
'[17:34:45.580 21/01/2026]',-0.3243646,1.242662,-0.8739536,-0.8908544,4.610755E-10,4.610755E-10,-1.282925,-0.8891202
'[17:34:45.588 21/01/2026]',-0.7060524,1.026765,-0.2261208,0.144988,4.610755E-10,4.610755E-10,-1.292407,-1.599212
'[17:34:45.596 21/01/2026]',-0.7060524,1.026765,-0.2261208,0.144988,4.610755E-10,4.610755E-10,-1.292407,-1.599212
'[17:34:45.604 21/01/2026]',0.4736808,-5.071358,2.458385,-0.1918522,4.610755E-10,4.610755E-10,1.091402,0.4765493
'[17:34:45.612 21/01/2026]',0.4736808,-5.071358,2.458385,-0.1918522,4.610755E-10,4.610755E-10,1.091402,0.4765493
'[17:34:45.620 21/01/2026]',0.4736808,-5.071358,2.458385,-0.1918522,4.610755E-10,4.610755E-10,1.091402,0.4765493
'[17:34:45.628 21/01/2026]',0.4736808,-5.071358,2.458385,-0.1918522,4.610755E-10,4.610755E-10,1.091402,0.4765493
'[17:34:45.636 21/01/2026]',1.753213,7.347693,-2.278819,1.388496,4.610755E-10,4.610755E-10,1.601801,2.983595
'[17:34:45.644 21/01/2026]',-2.819156,-6.365679,0.6698607,-1.998632,4.610755E-10,4.610755E-10,-3.201187,-5.606417
'[17:34:45.652 21/01/2026]',0.2978463,-0.9217014,0.0373924,0.03959966,4.610755E-10,4.610755E-10,2.412639,4.204622
'[17:34:45.660 21/01/2026]',0.2978463,-0.9217014,0.0373924,0.03959966,4.610755E-10,4.610755E-10,2.412639,4.204622
'[17:34:45.668 21/01/2026]',0.9996355,6.419874,-0.5811644,1.332828,4.610755E-10,4.610755E-10,-1.531502,-1.456421
'[17:34:45.676 21/01/2026]',0.9996355,6.419874,-0.5811644,1.332828,4.610755E-10,4.610755E-10,-1.531502,-1.456421
'[17:34:45.684 21/01/2026]',0.9996355,6.419874,-0.5811644,1.332828,4.610755E-10,4.610755E-10,-1.531502,-1.456421
'[17:34:45.692 21/01/2026]',0.4935432,-4.350513,1.502427,0.823078,4.610755E-10,4.610755E-10,3.282197,2.163082
'[17:34:45.700 21/01/2026]',0.4935432,-4.350513,1.502427,0.823078,4.610755E-10,4.610755E-10,3.282197,2.163082
'[17:34:45.708 21/01/2026]',-1.625859,0.5001183,-0.8661404,-2.152205,4.610755E-10,4.610755E-10,-3.030142,-1.946183
'[17:34:45.716 21/01/2026]',-11.51005,-10.14914,-6.746304,-4.638969,4.610755E-10,4.610755E-10,-2.021159,-2.417504
'[17:34:45.724 21/01/2026]',-11.51005,-10.14914,-6.746304,-4.638969,4.610755E-10,4.610755E-10,-2.021159,-2.417504
'[17:34:45.732 21/01/2026]',-11.27044,-8.91562,0.7668147,-2.556775,4.610755E-10,4.610755E-10,2.782185,3.021857
'[17:34:45.740 21/01/2026]',-11.27044,-8.91562,0.7668147,-2.556775,4.610755E-10,4.610755E-10,2.782185,3.021857
'[17:34:45.748 21/01/2026]',-11.27044,-8.91562,0.7668147,-2.556775,4.610755E-10,4.610755E-10,2.782185,3.021857
'[17:34:45.756 21/01/2026]',10.62816,6.078913,0.08766046,3.558966,4.610755E-10,4.610755E-10,1.807545,0.7426768
'[17:34:45.764 21/01/2026]',10.62816,6.078913,0.08766046,3.558966,4.610755E-10,4.610755E-10,1.807545,0.7426768
'[17:34:45.772 21/01/2026]',45.06237,38.23149,19.05116,15.34244,4.610755E-10,4.610755E-10,-2.937254,-2.25518
'[17:34:45.780 21/01/2026]',45.06237,38.23149,19.05116,15.34244,4.610755E-10,4.610755E-10,-2.937254,-2.25518
'[17:34:45.788 21/01/2026]',45.06237,38.23149,19.05116,15.34244,4.610755E-10,4.610755E-10,-2.937254,-2.25518
'[17:34:45.796 21/01/2026]',45.06237,38.23149,19.05116,15.34244,4.610755E-10,4.610755E-10,-2.937254,-2.25518
'[17:34:45.804 21/01/2026]',45.06237,38.23149,19.05116,15.34244,4.610755E-10,4.610755E-10,-2.937254,-2.25518
'[17:34:45.812 21/01/2026]',-16.02899,-5.684459,-6.096573,-3.486765,4.610755E-10,4.610755E-10,0.2120473,1.010743
'[17:34:45.820 21/01/2026]',-23.55712,-26.06128,-7.976147,-9.124233,4.610755E-10,4.610755E-10,2.82255,0.86594
'[17:34:45.828 21/01/2026]',6.480312,2.048638,-1.328575,-0.3995964,4.610755E-10,4.610755E-10,-2.684108,-1.752029
'[17:34:45.836 21/01/2026]',6.480312,2.048638,-1.328575,-0.3995964,4.610755E-10,4.610755E-10,-2.684108,-1.752029
'[17:34:45.844 21/01/2026]',9.397644,11.57477,8.255915,6.826041,4.610755E-10,4.610755E-10,0.774929,0.7666939
'[17:34:45.852 21/01/2026]',9.397644,11.57477,8.255915,6.826041,4.610755E-10,4.610755E-10,0.774929,0.7666939
'[17:34:45.860 21/01/2026]',9.397644,11.57477,8.255915,6.826041,4.610755E-10,4.610755E-10,0.774929,0.7666939
'[17:34:45.868 21/01/2026]',-9.24957,-6.022439,-4.333318,-2.999779,4.610755E-10,4.610755E-10,0.8604829,0.3592688
'[17:34:45.876 21/01/2026]',-1.470827,-4.851614,-4.384096,-3.918408,4.610755E-10,4.610755E-10,-1.616923,0.06509649
'[17:34:45.884 21/01/2026]',-1.470827,-4.851614,-4.384096,-3.918408,4.610755E-10,4.610755E-10,-1.616923,0.06509649
'[17:34:45.892 21/01/2026]',0.5536382,-0.8578479,3.065391,1.405972,4.610755E-10,4.610755E-10,0.1453171,-2.282091
'[17:34:45.900 21/01/2026]',0.5536382,-0.8578479,3.065391,1.405972,4.610755E-10,4.610755E-10,0.1453171,-2.282091
'[17:34:45.908 21/01/2026]',4.127324,7.414843,0.944664,3.10797,4.610755E-10,4.610755E-10,-0.2862121,1.311605
'[17:34:45.916 21/01/2026]',4.127324,7.414843,0.944664,3.10797,4.610755E-10,4.610755E-10,-0.2862121,1.311605
'[17:34:45.924 21/01/2026]',-3.870184,-7.09741,-1.594818,-3.8585,4.610755E-10,4.610755E-10,0.4774878,-0.6784154
'[17:34:45.932 21/01/2026]',-3.870184,-7.09741,-1.594818,-3.8585,4.610755E-10,4.610755E-10,0.4774878,-0.6784154
'[17:34:45.940 21/01/2026]',-0.5320145,1.151814,0.8698912,0.9138922,4.610755E-10,4.610755E-10,-0.1458125,0.4432767
'[17:34:45.948 21/01/2026]',-0.5320145,1.151814,0.8698912,0.9138922,4.610755E-10,4.610755E-10,-0.1458125,0.4432767
'[17:34:45.956 21/01/2026]',-0.5320145,1.151814,0.8698912,0.9138922,4.610755E-10,4.610755E-10,-0.1458125,0.4432767
'[17:34:45.964 21/01/2026]',3.04454,3.142924,1.047977,1.975786,4.610755E-10,4.610755E-10,1.150085,0.4403204
'[17:34:45.972 21/01/2026]',-0.6708738,-5.048952,-0.3072289,-2.231468,4.610755E-10,4.610755E-10,-2.924096,-1.246639
'[17:34:45.980 21/01/2026]',-0.6708738,-5.048952,-0.3072289,-2.231468,4.610755E-10,4.610755E-10,-2.924096,-1.246639
'[17:34:45.988 21/01/2026]',-4.524946,0.5102397,-1.074248,0.273361,4.610755E-10,4.610755E-10,1.793724,-0.838708
'[17:34:45.996 21/01/2026]',5.170543,2.500454,1.140899,0.3163185,4.610755E-10,4.610755E-10,1.022758,2.955032
'[17:34:46.004 21/01/2026]',5.170543,2.500454,1.140899,0.3163185,4.610755E-10,4.610755E-10,1.022758,2.955032
'[17:34:46.012 21/01/2026]',5.170543,2.500454,1.140899,0.3163185,4.610755E-10,4.610755E-10,1.022758,2.955032
'[17:34:46.020 21/01/2026]',0.7736493,2.639165,0.9111282,2.512131,4.610755E-10,4.610755E-10,-4.012787,-2.665939
'[17:34:46.028 21/01/2026]',-6.15222,-8.894859,-3.99477,-5.395981,4.610755E-10,4.610755E-10,4.563612,0.3657028
'[17:34:46.036 21/01/2026]',-6.15222,-8.894859,-3.99477,-5.395981,4.610755E-10,4.610755E-10,4.563612,0.3657028
'[17:34:46.044 21/01/2026]',1.771632,3.631963,-0.02811552,-0.196704,4.610755E-10,4.610755E-10,-2.25323,0.4934695
'[17:34:46.052 21/01/2026]',1.771632,3.631963,-0.02811552,-0.196704,4.610755E-10,4.610755E-10,-2.25323,0.4934695
'[17:34:46.060 21/01/2026]',2.642959,4.966516,3.957088,6.23223,4.610755E-10,4.610755E-10,-2.748025,-2.92253
'[17:34:46.068 21/01/2026]',2.642959,4.966516,3.957088,6.23223,4.610755E-10,4.610755E-10,-2.748025,-2.92253
'[17:34:46.076 21/01/2026]',2.160638,-0.5122465,0.8892926,-0.2206275,4.610755E-10,4.610755E-10,4.596047,4.95786
'[17:34:46.084 21/01/2026]',-1.373623,1.030608,-0.4683807,-1.388726,4.610755E-10,4.610755E-10,0.287858,0.3082677
'[17:34:46.092 21/01/2026]',-5.817105,-13.11485,-7.829031,-6.667496,4.610755E-10,4.610755E-10,-6.014214,-7.446836
'[17:34:46.100 21/01/2026]',-5.817105,-13.11485,-7.829031,-6.667496,4.610755E-10,4.610755E-10,-6.014214,-7.446836
'[17:34:46.108 21/01/2026]',-5.817105,-13.11485,-7.829031,-6.667496,4.610755E-10,4.610755E-10,-6.014214,-7.446836
'[17:34:46.116 21/01/2026]',2.998237,11.11506,4.360224,5.000573,4.610755E-10,4.610755E-10,4.581215,6.523276
'[17:34:46.124 21/01/2026]',2.998237,11.11506,4.360224,5.000573,4.610755E-10,4.610755E-10,4.581215,6.523276
'[17:34:46.132 21/01/2026]',5.264252,1.529603,6.384025,3.996377,4.610755E-10,4.610755E-10,0.675196,0.4563683
'[17:34:46.140 21/01/2026]',-8.631458,-6.862827,-8.18806,-7.771041,4.610755E-10,4.610755E-10,-8.021471,-8.230884
'[17:34:46.148 21/01/2026]',2.071788,-2.991914,0.6396661,1.639371,4.610755E-10,4.610755E-10,6.513465,4.903936
'[17:34:46.156 21/01/2026]',2.071788,-2.991914,0.6396661,1.639371,4.610755E-10,4.610755E-10,6.513465,4.903936
'[17:34:46.164 21/01/2026]',3.625266,9.21237,5.789291,4.233768,4.610755E-10,4.610755E-10,2.323922,3.53877
'[17:34:46.172 21/01/2026]',3.625266,9.21237,5.789291,4.233768,4.610755E-10,4.610755E-10,2.323922,3.53877
'[17:34:46.180 21/01/2026]',3.625266,9.21237,5.789291,4.233768,4.610755E-10,4.610755E-10,2.323922,3.53877
'[17:34:46.188 21/01/2026]',-1.356195,-5.292991,-4.581201,-4.102235,4.610755E-10,4.610755E-10,-4.852927,-5.223518
'[17:34:46.196 21/01/2026]',-2.307899,-0.04744707,0.7725379,1.08355,4.610755E-10,4.610755E-10,0.6318309,0.4127438
'[17:34:46.204 21/01/2026]',-2.307899,-0.04744707,0.7725379,1.08355,4.610755E-10,4.610755E-10,0.6318309,0.4127438
'[17:34:46.212 21/01/2026]',-2.307899,-0.04744707,0.7725379,1.08355,4.610755E-10,4.610755E-10,0.6318309,0.4127438
'[17:34:46.220 21/01/2026]',0.9567187,1.83888,-0.8382102,0.4041589,4.610755E-10,4.610755E-10,1.562773,1.574422
'[17:34:46.228 21/01/2026]',0.9567187,1.83888,-0.8382102,0.4041589,4.610755E-10,4.610755E-10,1.562773,1.574422
'[17:34:46.236 21/01/2026]',1.46123,-1.167939,1.63393,-0.4120569,4.610755E-10,4.610755E-10,-0.9170324,-0.08213297
'[17:34:46.244 21/01/2026]',1.46123,-1.167939,1.63393,-0.4120569,4.610755E-10,4.610755E-10,-0.9170324,-0.08213297
'[17:34:46.252 21/01/2026]',-0.9048891,3.258681,-0.8943155,0.5639512,4.610755E-10,4.610755E-10,1.891179,1.215203
'[17:34:46.260 21/01/2026]',-0.9048891,3.258681,-0.8943155,0.5639512,4.610755E-10,4.610755E-10,1.891179,1.215203
'[17:34:46.268 21/01/2026]',-0.9048891,3.258681,-0.8943155,0.5639512,4.610755E-10,4.610755E-10,1.891179,1.215203
'[17:34:46.276 21/01/2026]',-0.9048891,3.258681,-0.8943155,0.5639512,4.610755E-10,4.610755E-10,1.891179,1.215203
'[17:34:46.284 21/01/2026]',-1.528404,-5.938068,-2.146205,-1.599611,4.610755E-10,4.610755E-10,-4.225167,-4.170811
'[17:34:46.292 21/01/2026]',2.180042,3.352175,4.137216,1.702643,4.610755E-10,4.610755E-10,3.053932,1.801949
'[17:34:46.300 21/01/2026]',2.180042,3.352175,4.137216,1.702643,4.610755E-10,4.610755E-10,3.053932,1.801949
'[17:34:46.308 21/01/2026]',2.180042,3.352175,4.137216,1.702643,4.610755E-10,4.610755E-10,3.053932,1.801949
'[17:34:46.316 21/01/2026]',-1.759783,5.223264,-2.79066,1.086972,4.610755E-10,4.610755E-10,0.2756668,2.373195
'[17:34:46.324 21/01/2026]',6.52953,-6.410704,2.459899,-2.044202,4.610755E-10,4.610755E-10,-3.258174,-3.756778
'[17:34:46.332 21/01/2026]',6.52953,-6.410704,2.459899,-2.044202,4.610755E-10,4.610755E-10,-3.258174,-3.756778
'[17:34:46.340 21/01/2026]',-5.84119,-2.169623,-1.738922,-1.64996,4.610755E-10,4.610755E-10,1.312986,0.3323314
'[17:34:46.348 21/01/2026]',-5.84119,-2.169623,-1.738922,-1.64996,4.610755E-10,4.610755E-10,1.312986,0.3323314
'[17:34:46.356 21/01/2026]',1.064968,4.012,2.839267,4.319777,4.610755E-10,4.610755E-10,4.218425,3.296724
'[17:34:46.364 21/01/2026]',1.064968,4.012,2.839267,4.319777,4.610755E-10,4.610755E-10,4.218425,3.296724
'[17:34:46.372 21/01/2026]',1.064968,4.012,2.839267,4.319777,4.610755E-10,4.610755E-10,4.218425,3.296724
'[17:34:46.380 21/01/2026]',1.551911,0.446598,-0.7425613,-1.595733,4.610755E-10,4.610755E-10,-5.888832,-1.527274
'[17:34:46.388 21/01/2026]',1.551911,0.446598,-0.7425613,-1.595733,4.610755E-10,4.610755E-10,-5.888832,-1.527274
'[17:34:46.396 21/01/2026]',0.5562459,-2.806421,-0.3038851,-0.4282098,4.610755E-10,4.610755E-10,2.974983,-1.84656
'[17:34:46.404 21/01/2026]',0.5562459,-2.806421,-0.3038851,-0.4282098,4.610755E-10,4.610755E-10,2.974983,-1.84656
'[17:34:46.412 21/01/2026]',0.5562459,-2.806421,-0.3038851,-0.4282098,4.610755E-10,4.610755E-10,2.974983,-1.84656
'[17:34:46.420 21/01/2026]',0.5562459,-2.806421,-0.3038851,-0.4282098,4.610755E-10,4.610755E-10,2.974983,-1.84656
'[17:34:46.428 21/01/2026]',-2.709523,1.613175,-0.2510484,0.3994216,4.610755E-10,4.610755E-10,-0.04304864,1.051213
'[17:34:46.436 21/01/2026]',1.473007,0.4817172,-0.02454286,-0.05245949,4.610755E-10,4.610755E-10,-0.5632071,1.229748
'[17:34:46.444 21/01/2026]',1.473007,0.4817172,-0.02454286,-0.05245949,4.610755E-10,4.610755E-10,-0.5632071,1.229748
'[17:34:46.452 21/01/2026]',1.473007,0.4817172,-0.02454286,-0.05245949,4.610755E-10,4.610755E-10,-0.5632071,1.229748
'[17:34:46.460 21/01/2026]',1.533085,-1.298058,0.4119894,-1.010898,4.610755E-10,4.610755E-10,1.067444,-0.4039863
'[17:34:46.468 21/01/2026]',-2.669648,-0.06341952,0.1835288,2.120749,4.610755E-10,4.610755E-10,-1.949807,-1.585907
'[17:34:46.476 21/01/2026]',-2.669648,-0.06341952,0.1835288,2.120749,4.610755E-10,4.610755E-10,-1.949807,-1.585907
'[17:34:46.484 21/01/2026]',2.177533,1.028253,0.07186054,-0.4584969,4.610755E-10,4.610755E-10,0.6341375,0.9139547
'[17:34:46.492 21/01/2026]',2.177533,1.028253,0.07186054,-0.4584969,4.610755E-10,4.610755E-10,0.6341375,0.9139547
'[17:34:46.500 21/01/2026]',-0.5358881,0.6787226,0.02303428,-1.051904,4.610755E-10,4.610755E-10,-0.2029011,-0.9909339
'[17:34:46.508 21/01/2026]',-0.4160636,-3.81748,0.01221686,0.5579882,4.610755E-10,4.610755E-10,2.597468,2.894339
'[17:34:46.516 21/01/2026]',-0.4160636,-3.81748,0.01221686,0.5579882,4.610755E-10,4.610755E-10,2.597468,2.894339
'[17:34:46.524 21/01/2026]',-0.4160636,-3.81748,0.01221686,0.5579882,4.610755E-10,4.610755E-10,2.597468,2.894339
'[17:34:46.532 21/01/2026]',-0.8159844,2.400703,0.5878956,0.9004359,4.610755E-10,4.610755E-10,-1.465575,-1.03785
'[17:34:46.540 21/01/2026]',-0.8159844,2.400703,0.5878956,0.9004359,4.610755E-10,4.610755E-10,-1.465575,-1.03785
'[17:34:46.548 21/01/2026]',1.895072,2.192941,-0.1021518,-0.2300398,4.610755E-10,4.610755E-10,-0.5189955,-1.489423
'[17:34:46.556 21/01/2026]',1.895072,2.192941,-0.1021518,-0.2300398,4.610755E-10,4.610755E-10,-0.5189955,-1.489423
'[17:34:46.564 21/01/2026]',-1.022423,-3.411873,-0.4063077,-0.7273561,4.610755E-10,4.610755E-10,1.29485,0.7173448
'[17:34:46.572 21/01/2026]',-1.022423,-3.411873,-0.4063077,-0.7273561,4.610755E-10,4.610755E-10,1.29485,0.7173448
'[17:34:46.580 21/01/2026]',-2.368234,-1.583349,-1.627949,-0.949712,4.610755E-10,4.610755E-10,-2.864794,-1.090066
'[17:34:46.588 21/01/2026]',-2.368234,-1.583349,-1.627949,-0.949712,4.610755E-10,4.610755E-10,-2.864794,-1.090066
'[17:34:46.596 21/01/2026]',2.770775,6.949748,2.390857,2.840599,4.610755E-10,4.610755E-10,3.697925,2.818496
'[17:34:46.604 21/01/2026]',2.770775,6.949748,2.390857,2.840599,4.610755E-10,4.610755E-10,3.697925,2.818496
'[17:34:46.612 21/01/2026]',2.770775,6.949748,2.390857,2.840599,4.610755E-10,4.610755E-10,3.697925,2.818496
'[17:34:46.620 21/01/2026]',2.770775,6.949748,2.390857,2.840599,4.610755E-10,4.610755E-10,3.697925,2.818496
'[17:34:46.628 21/01/2026]',2.770775,6.949748,2.390857,2.840599,4.610755E-10,4.610755E-10,3.697925,2.818496
'[17:34:46.636 21/01/2026]',-1.948712,-6.656892,-1.414436,-2.752879,4.610755E-10,4.610755E-10,-2.777925,-3.360921
'[17:34:46.644 21/01/2026]',0.6536586,1.284171,-0.7197887,0.4523593,4.610755E-10,4.610755E-10,-2.086608,-0.433538
'[17:34:46.652 21/01/2026]',-2.366998,0.3162093,-0.3537311,-2.397192,4.610755E-10,4.610755E-10,2.646317,1.913067
'[17:34:46.660 21/01/2026]',-2.366998,0.3162093,-0.3537311,-2.397192,4.610755E-10,4.610755E-10,2.646317,1.913067
'[17:34:46.668 21/01/2026]',1.809417,-0.7919578,-0.2570621,1.364716,4.610755E-10,4.610755E-10,0.8946176,0.129565
'[17:34:46.676 21/01/2026]',1.809417,-0.7919578,-0.2570621,1.364716,4.610755E-10,4.610755E-10,0.8946176,0.129565
'[17:34:46.684 21/01/2026]',2.926555,4.218778,4.956278,4.522684,4.610755E-10,4.610755E-10,-0.188352,-0.4387003
'[17:34:46.692 21/01/2026]',-4.368227,-4.900743,-3.749382,-3.667994,4.610755E-10,4.610755E-10,-0.8895278,0.7719334
'[17:34:46.700 21/01/2026]',-4.368227,-4.900743,-3.749382,-3.667994,4.610755E-10,4.610755E-10,-0.8895278,0.7719334
'[17:34:46.708 21/01/2026]',-4.368227,-4.900743,-3.749382,-3.667994,4.610755E-10,4.610755E-10,-0.8895278,0.7719334
'[17:34:46.716 21/01/2026]',-0.9655395,-1.262361,-1.588268,-2.877583,4.610755E-10,4.610755E-10,-1.627581,-2.246502
'[17:34:46.724 21/01/2026]',4.474806,3.797081,4.812908,5.152167,4.610755E-10,4.610755E-10,2.978783,1.134675
'[17:34:46.732 21/01/2026]',4.474806,3.797081,4.812908,5.152167,4.610755E-10,4.610755E-10,2.978783,1.134675
'[17:34:46.740 21/01/2026]',-2.609089,0.02348133,-5.086425,-2.609234,4.610755E-10,4.610755E-10,-3.505755,-1.998073
'[17:34:46.748 21/01/2026]',0.4297595,-1.729702,2.294702,-0.3138201,4.610755E-10,4.610755E-10,1.562299,2.502042
'[17:34:46.756 21/01/2026]',0.4297595,-1.729702,2.294702,-0.3138201,4.610755E-10,4.610755E-10,1.562299,2.502042
'[17:34:46.764 21/01/2026]',0.4297595,-1.729702,2.294702,-0.3138201,4.610755E-10,4.610755E-10,1.562299,2.502042
'[17:34:46.772 21/01/2026]',-2.255549,-5.849414,-0.8418779,-1.759123,4.610755E-10,4.610755E-10,-2.277119,-3.572117
'[17:34:46.780 21/01/2026]',-2.255549,-5.849414,-0.8418779,-1.759123,4.610755E-10,4.610755E-10,-2.277119,-3.572117
'[17:34:46.788 21/01/2026]',2.107036,6.297687,0.919197,2.998957,4.610755E-10,4.610755E-10,4.873725,3.900346
'[17:34:46.796 21/01/2026]',2.296425,4.088488,2.195734,0.9747223,4.610755E-10,4.610755E-10,-2.545936,-1.276706
'[17:34:46.804 21/01/2026]',-1.823589,-5.831233,-1.657992,-1.483622,4.610755E-10,4.610755E-10,-1.854739,-2.958595
'[17:34:46.812 21/01/2026]',-1.823589,-5.831233,-1.657992,-1.483622,4.610755E-10,4.610755E-10,-1.854739,-2.958595
'[17:34:46.820 21/01/2026]',-0.914416,-0.7282091,-1.257541,-0.7500933,4.610755E-10,4.610755E-10,1.947274,3.802191
'[17:34:46.828 21/01/2026]',0.6987187,1.669261,2.439065,1.235773,4.610755E-10,4.610755E-10,0.07989003,-1.715127
'[17:34:46.836 21/01/2026]',0.6987187,1.669261,2.439065,1.235773,4.610755E-10,4.610755E-10,0.07989003,-1.715127
'[17:34:46.844 21/01/2026]',-0.0621074,0.9808887,-0.7039996,0.2154965,4.610755E-10,4.610755E-10,-0.07382771,-0.5481786
'[17:34:46.852 21/01/2026]',-0.0621074,0.9808887,-0.7039996,0.2154965,4.610755E-10,4.610755E-10,-0.07382771,-0.5481786
'[17:34:46.860 21/01/2026]',-2.479784,-0.9666716,-3.121764,-2.667035,4.610755E-10,4.610755E-10,-1.568934,0.3818307
'[17:34:46.868 21/01/2026]',-2.479784,-0.9666716,-3.121764,-2.667035,4.610755E-10,4.610755E-10,-1.568934,0.3818307
'[17:34:46.876 21/01/2026]',4.97263,1.078899,5.20789,3.746165,4.610755E-10,4.610755E-10,4.04079,2.665969
'[17:34:46.884 21/01/2026]',-2.473323,0.9944233,-0.1673057,-0.01939156,4.610755E-10,4.610755E-10,-2.551734,-3.35811
'[17:34:46.892 21/01/2026]',-2.473323,0.9944233,-0.1673057,-0.01939156,4.610755E-10,4.610755E-10,-2.551734,-3.35811
'[17:34:46.900 21/01/2026]',-2.473323,0.9944233,-0.1673057,-0.01939156,4.610755E-10,4.610755E-10,-2.551734,-3.35811
'[17:34:46.908 21/01/2026]',-2.809721,-6.928238,-7.848915,-5.180019,4.610755E-10,4.610755E-10,-3.242801,-1.172457
'[17:34:46.916 21/01/2026]',-2.809721,-6.928238,-7.848915,-5.180019,4.610755E-10,4.610755E-10,-3.242801,-1.172457
'[17:34:46.924 21/01/2026]',-2.809721,-6.928238,-7.848915,-5.180019,4.610755E-10,4.610755E-10,-3.242801,-1.172457
'[17:34:46.932 21/01/2026]',-0.3659181,2.545341,4.56153,3.61752,4.610755E-10,4.610755E-10,3.385777,2.029443
'[17:34:46.940 21/01/2026]',5.891581,2.792742,3.436235,2.465507,4.610755E-10,4.610755E-10,1.257329,1.399263
'[17:34:46.948 21/01/2026]',5.891581,2.792742,3.436235,2.465507,4.610755E-10,4.610755E-10,1.257329,1.399263
'[17:34:46.956 21/01/2026]',-2.494812,-2.643236,-3.106904,-4.057549,4.610755E-10,4.610755E-10,-3.225616,-2.751213
'[17:34:46.964 21/01/2026]',-1.634887,0.6807954,0.9541589,3.072775,4.610755E-10,4.610755E-10,2.867898,0.824667
'[17:34:46.972 21/01/2026]',-1.634887,0.6807954,0.9541589,3.072775,4.610755E-10,4.610755E-10,2.867898,0.824667
'[17:34:46.980 21/01/2026]',-5.714217,-5.025719,-3.075717,-3.905022,4.610755E-10,4.610755E-10,0.3124142,4.249589
'[17:34:46.988 21/01/2026]',-24.9827,-16.11472,-10.64054,-10.36295,4.610755E-10,4.610755E-10,-4.825253,-6.901289
'[17:34:46.996 21/01/2026]',-24.9827,-16.11472,-10.64054,-10.36295,4.610755E-10,4.610755E-10,-4.825253,-6.901289
'[17:34:47.004 21/01/2026]',10.00669,0.2714317,4.317733,3.860322,4.610755E-10,4.610755E-10,0.9980457,0.1614468
'[17:34:47.012 21/01/2026]',10.00669,0.2714317,4.317733,3.860322,4.610755E-10,4.610755E-10,0.9980457,0.1614468
'[17:34:47.020 21/01/2026]',57.82499,46.58109,25.24632,22.64654,4.610755E-10,4.610755E-10,3.981456,5.171442
'[17:34:47.028 21/01/2026]',-18.60671,-6.63626,-8.479027,-5.100514,4.610755E-10,4.610755E-10,-2.029625,-1.757305
'[17:34:47.036 21/01/2026]',-18.60671,-6.63626,-8.479027,-5.100514,4.610755E-10,4.610755E-10,-2.029625,-1.757305
'[17:34:47.044 21/01/2026]',-30.1588,-30.03264,-15.8782,-15.93313,4.610755E-10,4.610755E-10,-1.221784,-1.956964
'[17:34:47.052 21/01/2026]',-30.1588,-30.03264,-15.8782,-15.93313,4.610755E-10,4.610755E-10,-1.221784,-1.956964
'[17:34:47.060 21/01/2026]',-30.1588,-30.03264,-15.8782,-15.93313,4.610755E-10,4.610755E-10,-1.221784,-1.956964
'[17:34:47.068 21/01/2026]',-30.1588,-30.03264,-15.8782,-15.93313,4.610755E-10,4.610755E-10,-1.221784,-1.956964
'[17:34:47.076 21/01/2026]',-30.1588,-30.03264,-15.8782,-15.93313,4.610755E-10,4.610755E-10,-1.221784,-1.956964
'[17:34:47.084 21/01/2026]',-30.1588,-30.03264,-15.8782,-15.93313,4.610755E-10,4.610755E-10,-1.221784,-1.956964
'[17:34:47.092 21/01/2026]',12.6458,10.00961,7.127199,7.935348,4.610755E-10,4.610755E-10,1.321043,1.383133
'[17:34:47.100 21/01/2026]',8.022287,5.199111,4.326891,4.113706,4.610755E-10,4.610755E-10,-0.7152438,-0.8685312
'[17:34:47.108 21/01/2026]',-11.74887,-8.196609,-8.181454,-7.255715,4.610755E-10,4.610755E-10,1.987854,0.3038095
'[17:34:47.116 21/01/2026]',-11.74887,-8.196609,-8.181454,-7.255715,4.610755E-10,4.610755E-10,1.987854,0.3038095
'[17:34:47.124 21/01/2026]',-4.068334,-0.3234328,-1.545399,-2.994061,4.610755E-10,4.610755E-10,-4.96529,-0.2980691
'[17:34:47.132 21/01/2026]',-4.068334,-0.3234328,-1.545399,-2.994061,4.610755E-10,4.610755E-10,-4.96529,-0.2980691
'[17:34:47.140 21/01/2026]',8.4789,5.111259,6.91299,8.295314,4.610755E-10,4.610755E-10,4.763994,0.7488801
'[17:34:47.148 21/01/2026]',8.4789,5.111259,6.91299,8.295314,4.610755E-10,4.610755E-10,4.763994,0.7488801
'[17:34:47.156 21/01/2026]',-1.228691,3.230801,-2.328706,-2.005441,4.610755E-10,4.610755E-10,-0.9142696,-1.238846
'[17:34:47.164 21/01/2026]',-1.228691,3.230801,-2.328706,-2.005441,4.610755E-10,4.610755E-10,-0.9142696,-1.238846
'[17:34:47.172 21/01/2026]',-8.727374,-8.369769,-8.263895,-7.208625,4.610755E-10,4.610755E-10,-1.798826,0.672209
'[17:34:47.180 21/01/2026]',-8.727374,-8.369769,-8.263895,-7.208625,4.610755E-10,4.610755E-10,-1.798826,0.672209
'[17:34:47.188 21/01/2026]',-8.727374,-8.369769,-8.263895,-7.208625,4.610755E-10,4.610755E-10,-1.798826,0.672209
'[17:34:47.196 21/01/2026]',9.915759,-0.867971,12.76426,7.025817,4.610755E-10,4.610755E-10,-0.2000356,-0.3653671
'[17:34:47.204 21/01/2026]',-4.207475,5.199179,-5.78877,-0.6876938,4.610755E-10,4.610755E-10,1.401708,-1.500993
'[17:34:47.212 21/01/2026]',-4.207475,5.199179,-5.78877,-0.6876938,4.610755E-10,4.610755E-10,1.401708,-1.500993
'[17:34:47.220 21/01/2026]',-4.207475,5.199179,-5.78877,-0.6876938,4.610755E-10,4.610755E-10,1.401708,-1.500993
'[17:34:47.228 21/01/2026]',-4.207475,5.199179,-5.78877,-0.6876938,4.610755E-10,4.610755E-10,1.401708,-1.500993
'[17:34:47.236 21/01/2026]',-4.207475,5.199179,-5.78877,-0.6876938,4.610755E-10,4.610755E-10,1.401708,-1.500993
'[17:34:47.244 21/01/2026]',0.08451394,-4.138876,-0.447125,-2.646449,4.610755E-10,4.610755E-10,2.085629,4.638248
'[17:34:47.252 21/01/2026]',0.08451394,-4.138876,-0.447125,-2.646449,4.610755E-10,4.610755E-10,2.085629,4.638248
'[17:34:47.260 21/01/2026]',0.08451394,-4.138876,-0.447125,-2.646449,4.610755E-10,4.610755E-10,2.085629,4.638248
'[17:34:47.268 21/01/2026]',0.08451394,-4.138876,-0.447125,-2.646449,4.610755E-10,4.610755E-10,2.085629,4.638248
'[17:34:47.276 21/01/2026]',0.08451394,-4.138876,-0.447125,-2.646449,4.610755E-10,4.610755E-10,2.085629,4.638248
'[17:34:47.284 21/01/2026]',1.450451,2.654344,2.802812,1.127806,4.610755E-10,4.610755E-10,-5.169381,-3.51466
'[17:34:47.292 21/01/2026]',-2.051961,-4.397526,-1.582704,-0.236798,4.610755E-10,4.610755E-10,3.730912,0.7374271
'[17:34:47.300 21/01/2026]',2.224743,5.850669,2.044918,1.491843,4.610755E-10,4.610755E-10,2.227781,1.644283
'[17:34:47.308 21/01/2026]',2.224743,5.850669,2.044918,1.491843,4.610755E-10,4.610755E-10,2.227781,1.644283
'[17:34:47.316 21/01/2026]',0.9375278,-1.739735,1.242362,0.5248095,4.610755E-10,4.610755E-10,-3.486047,-1.935097
'[17:34:47.324 21/01/2026]',-1.514886,-3.972636,-2.518421,-2.310037,4.610755E-10,4.610755E-10,-1.28106,-0.9754255
'[17:34:47.332 21/01/2026]',-0.9381992,1.783074,0.3212152,1.416137,4.610755E-10,4.610755E-10,4.265209,3.343909
'[17:34:47.340 21/01/2026]',-0.9381992,1.783074,0.3212152,1.416137,4.610755E-10,4.610755E-10,4.265209,3.343909
'[17:34:47.348 21/01/2026]',1.978771,0.9635649,0.5653839,0.002986175,4.610755E-10,4.610755E-10,-2.471402,-1.469674
'[17:34:47.356 21/01/2026]',1.978771,0.9635649,0.5653839,0.002986175,4.610755E-10,4.610755E-10,-2.471402,-1.469674
'[17:34:47.364 21/01/2026]',1.978771,0.9635649,0.5653839,0.002986175,4.610755E-10,4.610755E-10,-2.471402,-1.469674
'[17:34:47.372 21/01/2026]',0.5009847,-0.5426126,1.173335,-0.3289129,4.610755E-10,4.610755E-10,0.992144,0.2797027
'[17:34:47.380 21/01/2026]',0.5009847,-0.5426126,1.173335,-0.3289129,4.610755E-10,4.610755E-10,0.992144,0.2797027
'[17:34:47.388 21/01/2026]',-3.065652,-2.073746,-3.793683,-1.147113,4.610755E-10,4.610755E-10,-1.357617,-0.967767
'[17:34:47.396 21/01/2026]',-3.065652,-2.073746,-3.793683,-1.147113,4.610755E-10,4.610755E-10,-1.357617,-0.967767
'[17:34:47.404 21/01/2026]',-3.065652,-2.073746,-3.793683,-1.147113,4.610755E-10,4.610755E-10,-1.357617,-0.967767
'[17:34:47.412 21/01/2026]',1.933649,1.25733,1.977444,0.7027218,4.610755E-10,4.610755E-10,-1.292711,-0.3355625
'[17:34:47.420 21/01/2026]',1.933649,1.25733,1.977444,0.7027218,4.610755E-10,4.610755E-10,-1.292711,-0.3355625
'[17:34:47.428 21/01/2026]',1.933649,1.25733,1.977444,0.7027218,4.610755E-10,4.610755E-10,-1.292711,-0.3355625
'[17:34:47.436 21/01/2026]',0.7956911,-0.2585905,0.40966,0.5006589,4.610755E-10,4.610755E-10,5.724605,3.817963
'[17:34:47.444 21/01/2026]',-2.368976,-1.172886,-2.405515,-0.7753751,4.610755E-10,4.610755E-10,-5.764755,-4.273099
'[17:34:47.452 21/01/2026]',0.1196813,1.066244,1.054335,-0.731279,4.610755E-10,4.610755E-10,0.2037444,-0.06326371
'[17:34:47.460 21/01/2026]',0.1196813,1.066244,1.054335,-0.731279,4.610755E-10,4.610755E-10,0.2037444,-0.06326371
'[17:34:47.468 21/01/2026]',2.37163,-0.9866084,1.817415,0.3642065,4.610755E-10,4.610755E-10,4.076251,3.849215
'[17:34:47.476 21/01/2026]',2.37163,-0.9866084,1.817415,0.3642065,4.610755E-10,4.610755E-10,4.076251,3.849215
'[17:34:47.484 21/01/2026]',2.37163,-0.9866084,1.817415,0.3642065,4.610755E-10,4.610755E-10,4.076251,3.849215
'[17:34:47.492 21/01/2026]',0.04419158,2.382678,0.675065,3.295888,4.610755E-10,4.610755E-10,-1.589046,-2.164103
'[17:34:47.500 21/01/2026]',-2.281665,-1.402038,-2.801049,-3.142828,4.610755E-10,4.610755E-10,-3.327986,-1.552802
'[17:34:47.508 21/01/2026]',-2.281665,-1.402038,-2.801049,-3.142828,4.610755E-10,4.610755E-10,-3.327986,-1.552802
'[17:34:47.516 21/01/2026]',-2.281665,-1.402038,-2.801049,-3.142828,4.610755E-10,4.610755E-10,-3.327986,-1.552802
'[17:34:47.524 21/01/2026]',-0.8185024,-1.591974,0.4067155,-0.3517912,4.610755E-10,4.610755E-10,5.278252,4.047447
'[17:34:47.532 21/01/2026]',-0.8185024,-1.591974,0.4067155,-0.3517912,4.610755E-10,4.610755E-10,5.278252,4.047447
'[17:34:47.540 21/01/2026]',2.552106,-2.485702,0.05499527,-0.9864821,4.610755E-10,4.610755E-10,-5.617625,-5.728316
'[17:34:47.548 21/01/2026]',2.552106,-2.485702,0.05499527,-0.9864821,4.610755E-10,4.610755E-10,-5.617625,-5.728316
'[17:34:47.556 21/01/2026]',-1.530579,4.925484,1.700865,2.833218,4.610755E-10,4.610755E-10,4.737927,4.905251
'[17:34:47.564 21/01/2026]',-1.530579,4.925484,1.700865,2.833218,4.610755E-10,4.610755E-10,4.737927,4.905251
'[17:34:47.572 21/01/2026]',0.04803742,-3.128967,-1.525288,-1.257703,4.610755E-10,4.610755E-10,-2.706121,-3.042555
'[17:34:47.580 21/01/2026]',0.04803742,-3.128967,-1.525288,-1.257703,4.610755E-10,4.610755E-10,-2.706121,-3.042555
'[17:34:47.588 21/01/2026]',2.711694,-0.01766103,2.360096,1.311299,4.610755E-10,4.610755E-10,0.7072061,0.5926457
'[17:34:47.596 21/01/2026]',2.711694,-0.01766103,2.360096,1.311299,4.610755E-10,4.610755E-10,0.7072061,0.5926457
'[17:34:47.604 21/01/2026]',2.711694,-0.01766103,2.360096,1.311299,4.610755E-10,4.610755E-10,0.7072061,0.5926457
'[17:34:47.612 21/01/2026]',2.711694,-0.01766103,2.360096,1.311299,4.610755E-10,4.610755E-10,0.7072061,0.5926457
'[17:34:47.620 21/01/2026]',-3.653363,0.3986331,-4.139823,-2.108796,4.610755E-10,4.610755E-10,1.410664,3.19129
'[17:34:47.628 21/01/2026]',0.4644533,2.025477,1.387803,0.5755132,4.610755E-10,4.610755E-10,-0.9554041,-2.223537
'[17:34:47.636 21/01/2026]',0.7944281,-2.206837,0.2540464,1.25947,4.610755E-10,4.610755E-10,-0.5050407,-1.709128
'[17:34:47.644 21/01/2026]',0.7944281,-2.206837,0.2540464,1.25947,4.610755E-10,4.610755E-10,-0.5050407,-1.709128
'[17:34:47.652 21/01/2026]',0.3410639,1.787337,-0.1061495,-0.4440889,4.610755E-10,4.610755E-10,-0.5274072,2.557541
'[17:34:47.660 21/01/2026]',0.3410639,1.787337,-0.1061495,-0.4440889,4.610755E-10,4.610755E-10,-0.5274072,2.557541
'[17:34:47.668 21/01/2026]',0.3410639,1.787337,-0.1061495,-0.4440889,4.610755E-10,4.610755E-10,-0.5274072,2.557541
'[17:34:47.676 21/01/2026]',-1.581254,-2.020201,-0.2791053,-1.771962,4.610755E-10,4.610755E-10,2.105945,-0.711637
'[17:34:47.684 21/01/2026]',-1.581254,-2.020201,-0.2791053,-1.771962,4.610755E-10,4.610755E-10,2.105945,-0.711637
'[17:34:47.692 21/01/2026]',-0.5939275,-1.474759,-2.277646,-0.5068225,4.610755E-10,4.610755E-10,-3.910626,-2.399168
'[17:34:47.700 21/01/2026]',-0.5939275,-1.474759,-2.277646,-0.5068225,4.610755E-10,4.610755E-10,-3.910626,-2.399168
'[17:34:47.708 21/01/2026]',1.354922,3.397699,2.134918,1.230878,4.610755E-10,4.610755E-10,2.541489,3.035644
'[17:34:47.716 21/01/2026]',1.926286,2.31122,3.672401,3.393112,4.610755E-10,4.610755E-10,3.98152,3.619012
'[17:34:47.724 21/01/2026]',1.926286,2.31122,3.672401,3.393112,4.610755E-10,4.610755E-10,3.98152,3.619012
'[17:34:47.732 21/01/2026]',1.926286,2.31122,3.672401,3.393112,4.610755E-10,4.610755E-10,3.98152,3.619012
'[17:34:47.740 21/01/2026]',1.926286,2.31122,3.672401,3.393112,4.610755E-10,4.610755E-10,3.98152,3.619012
'[17:34:47.748 21/01/2026]',0.6278736,-6.494393,-1.244225,-2.168126,4.610755E-10,4.610755E-10,-4.842906,-7.222442
'[17:34:47.756 21/01/2026]',-1.075352,4.872581,0.9444836,0.4513748,4.610755E-10,4.610755E-10,0.9871213,2.892341
'[17:34:47.764 21/01/2026]',-1.075352,4.872581,0.9444836,0.4513748,4.610755E-10,4.610755E-10,0.9871213,2.892341
'[17:34:47.772 21/01/2026]',-1.075352,4.872581,0.9444836,0.4513748,4.610755E-10,4.610755E-10,0.9871213,2.892341
'[17:34:47.780 21/01/2026]',1.075777,-0.8727779,-1.472147,-0.8957899,4.610755E-10,4.610755E-10,0.9876004,2.995166
'[17:34:47.788 21/01/2026]',1.075777,-0.8727779,-1.472147,-0.8957899,4.610755E-10,4.610755E-10,0.9876004,2.995166
'[17:34:47.796 21/01/2026]',-0.04058007,-2.28317,2.079256,1.266962,4.610755E-10,4.610755E-10,-0.8593841,-2.802692
'[17:34:47.804 21/01/2026]',0.5110866,0.8024092,-1.329469,-0.2739111,4.610755E-10,4.610755E-10,0.8324013,-0.5862924
'[17:34:47.812 21/01/2026]',0.5110866,0.8024092,-1.329469,-0.2739111,4.610755E-10,4.610755E-10,0.8324013,-0.5862924
'[17:34:47.820 21/01/2026]',0.5110866,0.8024092,-1.329469,-0.2739111,4.610755E-10,4.610755E-10,0.8324013,-0.5862924
'[17:34:47.828 21/01/2026]',-3.204589,-3.83564,-2.255939,-3.561694,4.610755E-10,4.610755E-10,-4.951359,-1.374376
'[17:34:47.836 21/01/2026]',4.837535,2.36967,6.195594,6.703345,4.610755E-10,4.610755E-10,8.84417,5.758705
'[17:34:47.844 21/01/2026]',4.837535,2.36967,6.195594,6.703345,4.610755E-10,4.610755E-10,8.84417,5.758705
'[17:34:47.852 21/01/2026]',4.837535,2.36967,6.195594,6.703345,4.610755E-10,4.610755E-10,8.84417,5.758705
'[17:34:47.860 21/01/2026]',-0.706321,4.636778,-3.078253,-2.961162,4.610755E-10,4.610755E-10,-6.176433,-5.320748
'[17:34:47.868 21/01/2026]',-2.602206,-7.781232,-2.851335,-2.818496,4.610755E-10,4.610755E-10,0.4744579,0.7912433
'[17:34:47.876 21/01/2026]',-2.27497,0.08590105,-2.136486,-1.935106,4.610755E-10,4.610755E-10,-1.348502,0.824034
'[17:34:47.884 21/01/2026]',-2.27497,0.08590105,-2.136486,-1.935106,4.610755E-10,4.610755E-10,-1.348502,0.824034
'[17:34:47.892 21/01/2026]',4.95298,3.95183,7.255439,7.445765,4.610755E-10,4.610755E-10,4.58638,1.745931
'[17:34:47.900 21/01/2026]',4.95298,3.95183,7.255439,7.445765,4.610755E-10,4.610755E-10,4.58638,1.745931
'[17:34:47.908 21/01/2026]',-2.18872,-1.559228,-4.932907,-4.975856,4.610755E-10,4.610755E-10,-3.904717,-4.807688
'[17:34:47.916 21/01/2026]',-2.18872,-1.559228,-4.932907,-4.975856,4.610755E-10,4.610755E-10,-3.904717,-4.807688
'[17:34:47.924 21/01/2026]',-2.18872,-1.559228,-4.932907,-4.975856,4.610755E-10,4.610755E-10,-3.904717,-4.807688
'[17:34:47.932 21/01/2026]',0.1935333,-1.113083,1.539771,0.5709726,4.610755E-10,4.610755E-10,2.282266,5.169879
'[17:34:47.940 21/01/2026]',0.1935333,-1.113083,1.539771,0.5709726,4.610755E-10,4.610755E-10,2.282266,5.169879
'[17:34:47.948 21/01/2026]',-1.00787,0.5201691,-0.1260531,1.428589,4.610755E-10,4.610755E-10,-1.928108,-3.058356
'[17:34:47.956 21/01/2026]',-1.889172,0.04524326,-4.526199,-2.387906,4.610755E-10,4.610755E-10,2.590179,1.321128
'[17:34:47.964 21/01/2026]',2.266703,-0.3356861,4.486934,-0.5035136,4.610755E-10,4.610755E-10,-5.550174,-3.641998
'[17:34:47.972 21/01/2026]',2.266703,-0.3356861,4.486934,-0.5035136,4.610755E-10,4.610755E-10,-5.550174,-3.641998
'[17:34:47.980 21/01/2026]',1.444608,10.2509,1.321857,5.414618,4.610755E-10,4.610755E-10,7.722584,6.845483
'[17:34:47.988 21/01/2026]',1.444608,10.2509,1.321857,5.414618,4.610755E-10,4.610755E-10,7.722584,6.845483
'[17:34:47.996 21/01/2026]',1.444608,10.2509,1.321857,5.414618,4.610755E-10,4.610755E-10,7.722584,6.845483
'[17:34:48.004 21/01/2026]',-1.27794,-14.1682,-1.840042,-4.874568,4.610755E-10,4.610755E-10,-6.694159,-8.201101
'[17:34:48.012 21/01/2026]',-1.27794,-14.1682,-1.840042,-4.874568,4.610755E-10,4.610755E-10,-6.694159,-8.201101
'[17:34:48.020 21/01/2026]',-1.27794,-14.1682,-1.840042,-4.874568,4.610755E-10,4.610755E-10,-6.694159,-8.201101
'[17:34:48.028 21/01/2026]',-0.7276219,2.235508,-0.1098558,-0.01305782,4.610755E-10,4.610755E-10,-1.706757,-0.999576
'[17:34:48.036 21/01/2026]',-0.7276219,2.235508,-0.1098558,-0.01305782,4.610755E-10,4.610755E-10,-1.706757,-0.999576
'[17:34:48.044 21/01/2026]',-0.0120734,4.29178,0.03825817,1.143188,4.610755E-10,4.610755E-10,6.346065,8.143382
'[17:34:48.052 21/01/2026]',-0.0120734,4.29178,0.03825817,1.143188,4.610755E-10,4.610755E-10,6.346065,8.143382
'[17:34:48.060 21/01/2026]',-0.447412,-1.838468,0.7391777,0.5181683,4.610755E-10,4.610755E-10,-1.237494,-2.462
'[17:34:48.068 21/01/2026]',-0.447412,-1.838468,0.7391777,0.5181683,4.610755E-10,4.610755E-10,-1.237494,-2.462
'[17:34:48.076 21/01/2026]',-1.445015,-1.690437,-2.890742,-2.75535,4.610755E-10,4.610755E-10,-0.9837309,-2.585768
'[17:34:48.084 21/01/2026]',-1.445015,-1.690437,-2.890742,-2.75535,4.610755E-10,4.610755E-10,-0.9837309,-2.585768
'[17:34:48.092 21/01/2026]',-1.445015,-1.690437,-2.890742,-2.75535,4.610755E-10,4.610755E-10,-0.9837309,-2.585768
'[17:34:48.100 21/01/2026]',-1.445015,-1.690437,-2.890742,-2.75535,4.610755E-10,4.610755E-10,-0.9837309,-2.585768
'[17:34:48.108 21/01/2026]',1.731755,0.822601,2.400039,2.143492,4.610755E-10,4.610755E-10,-2.076929,0.4782142
'[17:34:48.116 21/01/2026]',1.731755,0.822601,2.400039,2.143492,4.610755E-10,4.610755E-10,-2.076929,0.4782142
'[17:34:48.124 21/01/2026]',-2.727096,-3.965105,-0.3037845,-1.940823,4.610755E-10,4.610755E-10,-2.030744,-3.064883
'[17:34:48.132 21/01/2026]',2.264601,3.283893,0.09891411,1.266732,4.610755E-10,4.610755E-10,4.936954,3.042576
'[17:34:48.140 21/01/2026]',2.264601,3.283893,0.09891411,1.266732,4.610755E-10,4.610755E-10,4.936954,3.042576
'[17:34:48.148 21/01/2026]',2.264601,3.283893,0.09891411,1.266732,4.610755E-10,4.610755E-10,4.936954,3.042576
'[17:34:48.156 21/01/2026]',2.902959,9.934312,-1.131371,1.64776,4.610755E-10,4.610755E-10,-1.563092,0.8476217
'[17:34:48.164 21/01/2026]',2.902959,9.934312,-1.131371,1.64776,4.610755E-10,4.610755E-10,-1.563092,0.8476217
'[17:34:48.172 21/01/2026]',-4.93693,-10.72283,1.11854,-2.946484,4.610755E-10,4.610755E-10,-2.791256,-4.277467
'[17:34:48.180 21/01/2026]',0.8826396,2.149266,-1.420566,2.274074,4.610755E-10,4.610755E-10,4.091008,6.137857
'[17:34:48.188 21/01/2026]',0.8826396,2.149266,-1.420566,2.274074,4.610755E-10,4.610755E-10,4.091008,6.137857
'[17:34:48.196 21/01/2026]',2.200047,0.4545722,0.8907275,-0.1687898,4.610755E-10,4.610755E-10,0.3592776,-2.430151
'[17:34:48.204 21/01/2026]',2.200047,0.4545722,0.8907275,-0.1687898,4.610755E-10,4.610755E-10,0.3592776,-2.430151
'[17:34:48.212 21/01/2026]',2.200047,0.4545722,0.8907275,-0.1687898,4.610755E-10,4.610755E-10,0.3592776,-2.430151
'[17:34:48.220 21/01/2026]',-0.6171243,3.37494,1.778468,2.053745,4.610755E-10,4.610755E-10,-1.052924,-0.6886559
'[17:34:48.228 21/01/2026]',-0.6171243,3.37494,1.778468,2.053745,4.610755E-10,4.610755E-10,-1.052924,-0.6886559
'[17:34:48.236 21/01/2026]',-1.145379,-4.640142,-1.541185,-3.01012,4.610755E-10,4.610755E-10,0.4449878,1.619982
'[17:34:48.244 21/01/2026]',-1.145379,-4.640142,-1.541185,-3.01012,4.610755E-10,4.610755E-10,0.4449878,1.619982
'[17:34:48.252 21/01/2026]',0.7694197,-0.6617805,-2.999032,-1.036022,4.610755E-10,4.610755E-10,-4.325615,-4.480958
'[17:34:48.260 21/01/2026]',0.7694197,-0.6617805,-2.999032,-1.036022,4.610755E-10,4.610755E-10,-4.325615,-4.480958
'[17:34:48.268 21/01/2026]',0.7694197,-0.6617805,-2.999032,-1.036022,4.610755E-10,4.610755E-10,-4.325615,-4.480958
'[17:34:48.276 21/01/2026]',0.7694197,-0.6617805,-2.999032,-1.036022,4.610755E-10,4.610755E-10,-4.325615,-4.480958
'[17:34:48.284 21/01/2026]',-0.5474434,0.3218452,3.654234,2.265413,4.610755E-10,4.610755E-10,4.641203,3.146916
'[17:34:48.292 21/01/2026]',1.904604,3.79026,1.409437,1.770536,4.610755E-10,4.610755E-10,2.571106,4.528737
'[17:34:48.300 21/01/2026]',-8.373919,-4.5903,-5.598262,-4.3032,4.610755E-10,4.610755E-10,-4.441762,-5.522526
'[17:34:48.308 21/01/2026]',-8.373919,-4.5903,-5.598262,-4.3032,4.610755E-10,4.610755E-10,-4.441762,-5.522526
'[17:34:48.316 21/01/2026]',-8.373919,-4.5903,-5.598262,-4.3032,4.610755E-10,4.610755E-10,-4.441762,-5.522526
'[17:34:48.324 21/01/2026]',13.78065,3.052579,7.569201,4.902931,4.610755E-10,4.610755E-10,-1.764808,-1.620691
'[17:34:48.332 21/01/2026]',13.78065,3.052579,7.569201,4.902931,4.610755E-10,4.610755E-10,-1.764808,-1.620691
'[17:34:48.340 21/01/2026]',-0.7060023,2.282017,0.9529399,0.7526944,4.610755E-10,4.610755E-10,4.558924,3.06877
'[17:34:48.348 21/01/2026]',-0.7060023,2.282017,0.9529399,0.7526944,4.610755E-10,4.610755E-10,4.558924,3.06877
'[17:34:48.356 21/01/2026]',-10.80899,-8.02494,-8.538046,-7.036963,4.610755E-10,4.610755E-10,-2.395927,-0.2697788
'[17:34:48.364 21/01/2026]',-10.80899,-8.02494,-8.538046,-7.036963,4.610755E-10,4.610755E-10,-2.395927,-0.2697788
'[17:34:48.372 21/01/2026]',4.981546,7.669497,4.776793,6.537542,4.610755E-10,4.610755E-10,-0.02705474,-0.1670549
'[17:34:48.380 21/01/2026]',4.981546,7.669497,4.776793,6.537542,4.610755E-10,4.610755E-10,-0.02705474,-0.1670549
'[17:34:48.388 21/01/2026]',0.04713583,-5.023314,-1.259524,-3.049623,4.610755E-10,4.610755E-10,-0.2556947,-1.955969
'[17:34:48.396 21/01/2026]',0.04713583,-5.023314,-1.259524,-3.049623,4.610755E-10,4.610755E-10,-0.2556947,-1.955969
'[17:34:48.404 21/01/2026]',1.822511,1.282827,1.691526,0.04237401,4.610755E-10,4.610755E-10,-1.406632,0.9197559
'[17:34:48.412 21/01/2026]',1.822511,1.282827,1.691526,0.04237401,4.610755E-10,4.610755E-10,-1.406632,0.9197559
'[17:34:48.420 21/01/2026]',1.822511,1.282827,1.691526,0.04237401,4.610755E-10,4.610755E-10,-1.406632,0.9197559
'[17:34:48.428 21/01/2026]',-7.484732,-0.08721623,-4.782738,-1.386717,4.610755E-10,4.610755E-10,1.576782,0.4309795
'[17:34:48.436 21/01/2026]',-7.484732,-0.08721623,-4.782738,-1.386717,4.610755E-10,4.610755E-10,1.576782,0.4309795
'[17:34:48.444 21/01/2026]',7.614611,0.7275281,4.71777,2.819038,4.610755E-10,4.610755E-10,0.9780972,1.860736
'[17:34:48.452 21/01/2026]',7.614611,0.7275281,4.71777,2.819038,4.610755E-10,4.610755E-10,0.9780972,1.860736
'[17:34:48.460 21/01/2026]',-3.31781,-2.910676,-2.67636,-2.653476,4.610755E-10,4.610755E-10,-3.309711,-3.760889
'[17:34:48.468 21/01/2026]',-3.31781,-2.910676,-2.67636,-2.653476,4.610755E-10,4.610755E-10,-3.309711,-3.760889
'[17:34:48.476 21/01/2026]',-3.31781,-2.910676,-2.67636,-2.653476,4.610755E-10,4.610755E-10,-3.309711,-3.760889
'[17:34:48.484 21/01/2026]',1.355811,2.584595,1.646817,1.592294,4.610755E-10,4.610755E-10,1.419495,0.9187519
'[17:34:48.492 21/01/2026]',1.355811,2.584595,1.646817,1.592294,4.610755E-10,4.610755E-10,1.419495,0.9187519
'[17:34:48.500 21/01/2026]',0.02657017,5.419003,0.2157707,0.9776202,4.610755E-10,4.610755E-10,2.620166,3.532005
'[17:34:48.508 21/01/2026]',-1.938813,-9.007147,-2.105084,-2.51547,4.610755E-10,4.610755E-10,-3.267568,-4.563871
'[17:34:48.516 21/01/2026]',-1.938813,-9.007147,-2.105084,-2.51547,4.610755E-10,4.610755E-10,-3.267568,-4.563871
'[17:34:48.524 21/01/2026]',1.493136,2.56267,1.503279,0.7698151,4.610755E-10,4.610755E-10,-1.760146,-0.381785
'[17:34:48.532 21/01/2026]',1.493136,2.56267,1.503279,0.7698151,4.610755E-10,4.610755E-10,-1.760146,-0.381785
'[17:34:48.540 21/01/2026]',-0.122068,5.198026,1.627788,2.875127,4.610755E-10,4.610755E-10,6.352853,5.116943
'[17:34:48.548 21/01/2026]',-0.122068,5.198026,1.627788,2.875127,4.610755E-10,4.610755E-10,6.352853,5.116943
'[17:34:48.556 21/01/2026]',-0.122068,5.198026,1.627788,2.875127,4.610755E-10,4.610755E-10,6.352853,5.116943
'[17:34:48.564 21/01/2026]',-1.025441,-6.260654,-1.118001,-1.95166,4.610755E-10,4.610755E-10,0.4262872,1.319633
'[17:34:48.572 21/01/2026]',-1.025441,-6.260654,-1.118001,-1.95166,4.610755E-10,4.610755E-10,0.4262872,1.319633
'[17:34:48.580 21/01/2026]',3.413179,3.377585,1.089544,0.8954253,4.610755E-10,4.610755E-10,-4.554811,-5.318141
'[17:34:48.588 21/01/2026]',3.413179,3.377585,1.089544,0.8954253,4.610755E-10,4.610755E-10,-4.554811,-5.318141
'[17:34:48.596 21/01/2026]',-3.459493,0.6565613,-2.307098,-1.220645,4.610755E-10,4.610755E-10,1.017157,0.8368104
'[17:34:48.604 21/01/2026]',-0.8864539,-4.703766,-0.4034119,-1.532781,4.610755E-10,4.610755E-10,-0.4812978,1.034731
'[17:34:48.612 21/01/2026]',-0.8864539,-4.703766,-0.4034119,-1.532781,4.610755E-10,4.610755E-10,-0.4812978,1.034731
'[17:34:48.620 21/01/2026]',-0.8864539,-4.703766,-0.4034119,-1.532781,4.610755E-10,4.610755E-10,-0.4812978,1.034731
'[17:34:48.628 21/01/2026]',-0.8864539,-4.703766,-0.4034119,-1.532781,4.610755E-10,4.610755E-10,-0.4812978,1.034731
'[17:34:48.636 21/01/2026]',2.25899,3.640697,0.4328432,1.189033,4.610755E-10,4.610755E-10,-0.5896982,-2.116211
'[17:34:48.644 21/01/2026]',2.25899,3.640697,0.4328432,1.189033,4.610755E-10,4.610755E-10,-0.5896982,-2.116211
'[17:34:48.652 21/01/2026]',-0.2455849,-0.8696455,1.175687,1.289586,4.610755E-10,4.610755E-10,2.399557,2.199059
'[17:34:48.660 21/01/2026]',-1.081036,-1.317335,-4.082337,-3.738274,4.610755E-10,4.610755E-10,-3.011403,-2.820543
'[17:34:48.668 21/01/2026]',-1.298749,-0.516056,1.299793,1.180049,4.610755E-10,4.610755E-10,0.504726,1.58492
'[17:34:48.676 21/01/2026]',-1.298749,-0.516056,1.299793,1.180049,4.610755E-10,4.610755E-10,0.504726,1.58492
'[17:34:48.684 21/01/2026]',0.0408959,-6.211672,-0.2417508,-1.940361,4.610755E-10,4.610755E-10,-2.991281,-3.643589
'[17:34:48.692 21/01/2026]',0.0408959,-6.211672,-0.2417508,-1.940361,4.610755E-10,4.610755E-10,-2.991281,-3.643589
'[17:34:48.700 21/01/2026]',4.55598,10.31482,3.838465,5.260716,4.610755E-10,4.610755E-10,6.379773,5.718778
'[17:34:48.708 21/01/2026]',4.55598,10.31482,3.838465,5.260716,4.610755E-10,4.610755E-10,6.379773,5.718778
'[17:34:48.716 21/01/2026]',-1.112032,-0.1242807,-0.9863645,-0.2032905,4.610755E-10,4.610755E-10,-3.002162,-1.924076
'[17:34:48.724 21/01/2026]',-1.112032,-0.1242807,-0.9863645,-0.2032905,4.610755E-10,4.610755E-10,-3.002162,-1.924076
'[17:34:48.732 21/01/2026]',-2.967255,-6.562156,-2.620112,-5.493746,4.610755E-10,4.610755E-10,-1.241837,-2.12872
'[17:34:48.740 21/01/2026]',-2.967255,-6.562156,-2.620112,-5.493746,4.610755E-10,4.610755E-10,-1.241837,-2.12872
'[17:34:48.748 21/01/2026]',1.789749,2.58148,1.755436,3.057067,4.610755E-10,4.610755E-10,0.7096531,3.040085
'[17:34:48.756 21/01/2026]',1.789749,2.58148,1.755436,3.057067,4.610755E-10,4.610755E-10,0.7096531,3.040085
'[17:34:48.764 21/01/2026]',-2.844954,-1.954674,1.521505,1.89465,4.610755E-10,4.610755E-10,4.092396,0.08459338
'[17:34:48.772 21/01/2026]',-2.844954,-1.954674,1.521505,1.89465,4.610755E-10,4.610755E-10,4.092396,0.08459338
'[17:34:48.780 21/01/2026]',-2.844954,-1.954674,1.521505,1.89465,4.610755E-10,4.610755E-10,4.092396,0.08459338
'[17:34:48.788 21/01/2026]',-41.25836,-26.42425,-18.91859,-17.94113,4.610755E-10,4.610755E-10,-6.389494,-4.378752
'[17:34:48.796 21/01/2026]',28.95395,9.599974,7.724119,4.212302,4.610755E-10,4.610755E-10,-3.652146,-1.852892
'[17:34:48.804 21/01/2026]',61.93514,54.08371,29.02753,30.40854,4.610755E-10,4.610755E-10,11.92188,9.21335
'[17:34:48.812 21/01/2026]',61.93514,54.08371,29.02753,30.40854,4.610755E-10,4.610755E-10,11.92188,9.21335
'[17:34:48.820 21/01/2026]',-34.58048,-18.75866,-9.884781,-8.93136,4.610755E-10,4.610755E-10,-1.84675,-2.309596
'[17:34:48.828 21/01/2026]',-34.58048,-18.75866,-9.884781,-8.93136,4.610755E-10,4.610755E-10,-1.84675,-2.309596
'[17:34:48.836 21/01/2026]',-20.11713,-23.00182,-12.40265,-12.57212,4.610755E-10,4.610755E-10,-6.985232,-4.352148
'[17:34:48.844 21/01/2026]',13.48405,11.08361,2.580519,2.869076,4.610755E-10,4.610755E-10,1.830474,1.788666
'[17:34:48.852 21/01/2026]',13.48405,11.08361,2.580519,2.869076,4.610755E-10,4.610755E-10,1.830474,1.788666
'[17:34:48.860 21/01/2026]',5.903792,3.397241,8.864161,6.230926,4.610755E-10,4.610755E-10,3.675398,1.177761
'[17:34:48.868 21/01/2026]',5.903792,3.397241,8.864161,6.230926,4.610755E-10,4.610755E-10,3.675398,1.177761
'[17:34:48.876 21/01/2026]',-10.80866,-5.234376,-5.703783,-3.512157,4.610755E-10,4.610755E-10,1.260438,0.5438032
'[17:34:48.884 21/01/2026]',-1.882752,0.2027583,-4.071266,-2.351638,4.610755E-10,4.610755E-10,-5.243018,0.141601
'[17:34:48.892 21/01/2026]',-1.882752,0.2027583,-4.071266,-2.351638,4.610755E-10,4.610755E-10,-5.243018,0.141601
'[17:34:48.900 21/01/2026]',4.831652,-0.08516335,5.026274,1.970364,4.610755E-10,4.610755E-10,2.427168,-1.344188
'[17:34:48.908 21/01/2026]',4.831652,-0.08516335,5.026274,1.970364,4.610755E-10,4.610755E-10,2.427168,-1.344188
'[17:34:48.916 21/01/2026]',4.831652,-0.08516335,5.026274,1.970364,4.610755E-10,4.610755E-10,2.427168,-1.344188
'[17:34:48.924 21/01/2026]',4.831652,-0.08516335,5.026274,1.970364,4.610755E-10,4.610755E-10,2.427168,-1.344188
'[17:34:48.932 21/01/2026]',4.831652,-0.08516335,5.026274,1.970364,4.610755E-10,4.610755E-10,2.427168,-1.344188
'[17:34:48.940 21/01/2026]',-0.2009615,0.9398297,0.1128954,0.3675559,4.610755E-10,4.610755E-10,1.912952,0.8278888
'[17:34:48.948 21/01/2026]',-0.2009615,0.9398297,0.1128954,0.3675559,4.610755E-10,4.610755E-10,1.912952,0.8278888
'[17:34:48.956 21/01/2026]',-2.318826,0.8749072,-3.807173,-0.4825126,4.610755E-10,4.610755E-10,-1.89505,-0.4733259
'[17:34:48.964 21/01/2026]',1.059064,-1.250739,2.723388,0.4971046,4.610755E-10,4.610755E-10,0.3869296,1.139082
'[17:34:48.972 21/01/2026]',1.059064,-1.250739,2.723388,0.4971046,4.610755E-10,4.610755E-10,0.3869296,1.139082
'[17:34:48.980 21/01/2026]',-1.008944,0.7075018,-1.803768,-1.37581,4.610755E-10,4.610755E-10,-2.603463,-2.326087
'[17:34:48.988 21/01/2026]',-1.008944,0.7075018,-1.803768,-1.37581,4.610755E-10,4.610755E-10,-2.603463,-2.326087
'[17:34:48.996 21/01/2026]',0.4332207,-0.9213705,1.157899,-0.04479056,4.610755E-10,4.610755E-10,2.632452,0.4251275
'[17:34:49.004 21/01/2026]',0.4332207,-0.9213705,1.157899,-0.04479056,4.610755E-10,4.610755E-10,2.632452,0.4251275
'[17:34:49.012 21/01/2026]',1.021341,0.7370816,0.5871109,2.515254,4.610755E-10,4.610755E-10,0.833366,2.515972
'[17:34:49.020 21/01/2026]',1.021341,0.7370816,0.5871109,2.515254,4.610755E-10,4.610755E-10,0.833366,2.515972
'[17:34:49.028 21/01/2026]',3.004444,-1.662336,2.345892,-1.010819,4.610755E-10,4.610755E-10,-0.8120369,-2.407866
'[17:34:49.036 21/01/2026]',3.004444,-1.662336,2.345892,-1.010819,4.610755E-10,4.610755E-10,-0.8120369,-2.407866
'[17:34:49.044 21/01/2026]',-4.617984,-0.1572308,-3.907376,-1.61022,4.610755E-10,4.610755E-10,-0.624334,0.5979096
'[17:34:49.052 21/01/2026]',-4.617984,-0.1572308,-3.907376,-1.61022,4.610755E-10,4.610755E-10,-0.624334,0.5979096
'[17:34:49.060 21/01/2026]',-4.617984,-0.1572308,-3.907376,-1.61022,4.610755E-10,4.610755E-10,-0.624334,0.5979096
'[17:34:49.068 21/01/2026]',-4.617984,-0.1572308,-3.907376,-1.61022,4.610755E-10,4.610755E-10,-0.624334,0.5979096
'[17:34:49.076 21/01/2026]',0.1639009,1.15247,0.4021985,1.224213,4.610755E-10,4.610755E-10,-1.801096,-0.3438787
'[17:34:49.084 21/01/2026]',1.011498,-2.172332,2.003318,-0.5033029,4.610755E-10,4.610755E-10,1.958606,-0.4951558
'[17:34:49.092 21/01/2026]',1.011498,-2.172332,2.003318,-0.5033029,4.610755E-10,4.610755E-10,1.958606,-0.4951558
'[17:34:49.100 21/01/2026]',-1.498638,-0.2815288,-3.516641,-2.261474,4.610755E-10,4.610755E-10,0.3216896,3.276853
'[17:34:49.108 21/01/2026]',-1.498638,-0.2815288,-3.516641,-2.261474,4.610755E-10,4.610755E-10,0.3216896,3.276853
'[17:34:49.116 21/01/2026]',-1.498638,-0.2815288,-3.516641,-2.261474,4.610755E-10,4.610755E-10,0.3216896,3.276853
'[17:34:49.124 21/01/2026]',1.432258,-0.2515773,3.819645,2.151689,4.610755E-10,4.610755E-10,-0.7817973,-3.926168
'[17:34:49.132 21/01/2026]',1.432258,-0.2515773,3.819645,2.151689,4.610755E-10,4.610755E-10,-0.7817973,-3.926168
'[17:34:49.140 21/01/2026]',2.114831,6.395814,2.109114,3.490992,4.610755E-10,4.610755E-10,0.02614905,0.8338681
'[17:34:49.148 21/01/2026]',-4.658308,-7.013092,-7.178818,-5.548144,4.610755E-10,4.610755E-10,-0.3080991,1.438779
'[17:34:49.156 21/01/2026]',-4.658308,-7.013092,-7.178818,-5.548144,4.610755E-10,4.610755E-10,-0.3080991,1.438779
'[17:34:49.164 21/01/2026]',2.83086,-1.410229,3.775713,0.3909573,4.610755E-10,4.610755E-10,-0.7527409,-4.137259
'[17:34:49.172 21/01/2026]',2.83086,-1.410229,3.775713,0.3909573,4.610755E-10,4.610755E-10,-0.7527409,-4.137259
'[17:34:49.180 21/01/2026]',2.83086,-1.410229,3.775713,0.3909573,4.610755E-10,4.610755E-10,-0.7527409,-4.137259
'[17:34:49.188 21/01/2026]',2.83086,-1.410229,3.775713,0.3909573,4.610755E-10,4.610755E-10,-0.7527409,-4.137259
'[17:34:49.196 21/01/2026]',-2.729016,5.288156,-0.6767359,1.54539,4.610755E-10,4.610755E-10,0.610931,3.408695
'[17:34:49.204 21/01/2026]',3.872874,-4.180901,-0.1392291,-0.6393411,4.610755E-10,4.610755E-10,-1.595055,-1.501409
'[17:34:49.212 21/01/2026]',3.872874,-4.180901,-0.1392291,-0.6393411,4.610755E-10,4.610755E-10,-1.595055,-1.501409
'[17:34:49.220 21/01/2026]',0.9407779,4.03044,2.22602,1.969425,4.610755E-10,4.610755E-10,3.760002,0.9313892
'[17:34:49.228 21/01/2026]',0.9407779,4.03044,2.22602,1.969425,4.610755E-10,4.610755E-10,3.760002,0.9313892
'[17:34:49.236 21/01/2026]',0.9407779,4.03044,2.22602,1.969425,4.610755E-10,4.610755E-10,3.760002,0.9313892
'[17:34:49.244 21/01/2026]',-5.331006,-2.790569,-1.587674,-1.140336,4.610755E-10,4.610755E-10,-0.9579992,0.6973487
'[17:34:49.252 21/01/2026]',2.210399,-1.357273,-0.4314234,-1.749113,4.610755E-10,4.610755E-10,-4.095496,-2.547391
'[17:34:49.260 21/01/2026]',2.210399,-1.357273,-0.4314234,-1.749113,4.610755E-10,4.610755E-10,-4.095496,-2.547391
'[17:34:49.268 21/01/2026]',2.210399,-1.357273,-0.4314234,-1.749113,4.610755E-10,4.610755E-10,-4.095496,-2.547391
'[17:34:49.276 21/01/2026]',-0.7259313,2.652028,-1.892665,0.3359551,4.610755E-10,4.610755E-10,6.215847,1.237706
'[17:34:49.284 21/01/2026]',-0.7259313,2.652028,-1.892665,0.3359551,4.610755E-10,4.610755E-10,6.215847,1.237706
'[17:34:49.292 21/01/2026]',-0.7259313,2.652028,-1.892665,0.3359551,4.610755E-10,4.610755E-10,6.215847,1.237706
'[17:34:49.300 21/01/2026]',-0.7259313,2.652028,-1.892665,0.3359551,4.610755E-10,4.610755E-10,6.215847,1.237706
'[17:34:49.308 21/01/2026]',-0.6243088,-0.7828361,-0.06068575,-1.094577,4.610755E-10,4.610755E-10,-5.140944,1.533251
'[17:34:49.316 21/01/2026]',-1.933707,-3.194873,-2.810658,-2.199739,4.610755E-10,4.610755E-10,-1.767221,-4.767852
'[17:34:49.324 21/01/2026]',-1.933707,-3.194873,-2.810658,-2.199739,4.610755E-10,4.610755E-10,-1.767221,-4.767852
'[17:34:49.332 21/01/2026]',-1.933707,-3.194873,-2.810658,-2.199739,4.610755E-10,4.610755E-10,-1.767221,-4.767852
'[17:34:49.340 21/01/2026]',2.145368,0.9699901,4.258347,4.218583,4.610755E-10,4.610755E-10,3.416348,1.164911
'[17:34:49.348 21/01/2026]',0.1908785,2.734488,0.2676137,0.6005436,4.610755E-10,4.610755E-10,-0.7823446,1.317069
'[17:34:49.356 21/01/2026]',-6.357985,-8.921224,-4.21059,-5.009058,4.610755E-10,4.610755E-10,-1.060753,-0.2458719
'[17:34:49.364 21/01/2026]',-6.357985,-8.921224,-4.21059,-5.009058,4.610755E-10,4.610755E-10,-1.060753,-0.2458719
'[17:34:49.372 21/01/2026]',-6.357985,-8.921224,-4.21059,-5.009058,4.610755E-10,4.610755E-10,-1.060753,-0.2458719
'[17:34:49.380 21/01/2026]',10.68762,13.20764,3.521698,6.159887,4.610755E-10,4.610755E-10,2.252218,1.297672
'[17:34:49.388 21/01/2026]',10.68762,13.20764,3.521698,6.159887,4.610755E-10,4.610755E-10,2.252218,1.297672
'[17:34:49.396 21/01/2026]',-11.35963,-12.24684,-1.91889,-4.666748,4.610755E-10,4.610755E-10,-0.1832607,-1.810862
'[17:34:49.404 21/01/2026]',-11.35963,-12.24684,-1.91889,-4.666748,4.610755E-10,4.610755E-10,-0.1832607,-1.810862
'[17:34:49.412 21/01/2026]',-32.47154,-17.33136,-15.8497,-13.46611,4.610755E-10,4.610755E-10,-5.283137,-1.989376
'[17:34:49.420 21/01/2026]',-32.47154,-17.33136,-15.8497,-13.46611,4.610755E-10,4.610755E-10,-5.283137,-1.989376
'[17:34:49.428 21/01/2026]',27.94283,18.22103,10.37605,11.24272,4.610755E-10,4.610755E-10,4.040919,4.831282
'[17:34:49.436 21/01/2026]',27.94283,18.22103,10.37605,11.24272,4.610755E-10,4.610755E-10,4.040919,4.831282
'[17:34:49.444 21/01/2026]',35.63583,22.20173,17.91756,14.68785,4.610755E-10,4.610755E-10,2.599033,-1.87337
'[17:34:49.452 21/01/2026]',35.63583,22.20173,17.91756,14.68785,4.610755E-10,4.610755E-10,2.599033,-1.87337
'[17:34:49.460 21/01/2026]',35.63583,22.20173,17.91756,14.68785,4.610755E-10,4.610755E-10,2.599033,-1.87337
'[17:34:49.468 21/01/2026]',-17.99919,-4.448154,-6.828535,-5.009583,4.610755E-10,4.610755E-10,-2.153256,-0.207604
'[17:34:49.476 21/01/2026]',-17.99919,-4.448154,-6.828535,-5.009583,4.610755E-10,4.610755E-10,-2.153256,-0.207604
'[17:34:49.484 21/01/2026]',-17.99919,-4.448154,-6.828535,-5.009583,4.610755E-10,4.610755E-10,-2.153256,-0.207604
'[17:34:49.492 21/01/2026]',-10.75238,-17.08159,-8.98606,-10.09264,4.610755E-10,4.610755E-10,0.08796223,-0.9200251
'[17:34:49.500 21/01/2026]',9.44096,0.3280848,5.200969,2.174783,4.610755E-10,4.610755E-10,-3.367849,-3.083087
'[17:34:49.508 21/01/2026]',5.148733,11.89181,5.393459,7.935565,4.610755E-10,4.610755E-10,1.57917,2.959213
'[17:34:49.516 21/01/2026]',5.148733,11.89181,5.393459,7.935565,4.610755E-10,4.610755E-10,1.57917,2.959213
'[17:34:49.524 21/01/2026]',5.148733,11.89181,5.393459,7.935565,4.610755E-10,4.610755E-10,1.57917,2.959213
'[17:34:49.532 21/01/2026]',-9.929749,-10.98095,-6.332688,-5.385662,4.610755E-10,4.610755E-10,1.423365,-1.432138
'[17:34:49.540 21/01/2026]',-2.182476,-2.34485,-0.5119855,-2.858373,4.610755E-10,4.610755E-10,-1.450796,0.0006980201
'[17:34:49.548 21/01/2026]',-2.182476,-2.34485,-0.5119855,-2.858373,4.610755E-10,4.610755E-10,-1.450796,0.0006980201
'[17:34:49.556 21/01/2026]',-2.182476,-2.34485,-0.5119855,-2.858373,4.610755E-10,4.610755E-10,-1.450796,0.0006980201
'[17:34:49.564 21/01/2026]',7.140103,13.54006,3.500398,7.011104,4.610755E-10,4.610755E-10,4.666168,5.291402
'[17:34:49.572 21/01/2026]',7.140103,13.54006,3.500398,7.011104,4.610755E-10,4.610755E-10,4.666168,5.291402
'[17:34:49.580 21/01/2026]',-3.720398,-5.841267,-1.715872,-3.862424,4.610755E-10,4.610755E-10,-5.468926,-5.657762
'[17:34:49.588 21/01/2026]',-3.720398,-5.841267,-1.715872,-3.862424,4.610755E-10,4.610755E-10,-5.468926,-5.657762
'[17:34:49.596 21/01/2026]',-4.098657,-5.83824,-3.301892,-3.133763,4.610755E-10,4.610755E-10,0.8180944,0.7920457
'[17:34:49.604 21/01/2026]',-4.098657,-5.83824,-3.301892,-3.133763,4.610755E-10,4.610755E-10,0.8180944,0.7920457
'[17:34:49.612 21/01/2026]',2.23718,3.551202,3.420895,3.26679,4.610755E-10,4.610755E-10,2.81298,3.120445
'[17:34:49.620 21/01/2026]',2.23718,3.551202,3.420895,3.26679,4.610755E-10,4.610755E-10,2.81298,3.120445
'[17:34:49.628 21/01/2026]',2.23718,3.551202,3.420895,3.26679,4.610755E-10,4.610755E-10,2.81298,3.120445
'[17:34:49.636 21/01/2026]',2.23718,3.551202,3.420895,3.26679,4.610755E-10,4.610755E-10,2.81298,3.120445
'[17:34:49.644 21/01/2026]',2.271216,2.235289,3.171535,2.904885,4.610755E-10,4.610755E-10,-1.969719,-3.32123
'[17:34:49.652 21/01/2026]',2.271216,2.235289,3.171535,2.904885,4.610755E-10,4.610755E-10,-1.969719,-3.32123
'[17:34:49.660 21/01/2026]',2.271216,2.235289,3.171535,2.904885,4.610755E-10,4.610755E-10,-1.969719,-3.32123
'[17:34:49.668 21/01/2026]',-0.5981089,0.07140198,-2.990968,-1.741549,4.610755E-10,4.610755E-10,2.192768,2.32894
'[17:34:49.676 21/01/2026]',-3.461781,-6.623867,-2.027699,-3.582013,4.610755E-10,4.610755E-10,-0.6233915,0.5656177
'[17:34:49.684 21/01/2026]',0.6692485,5.198586,0.6955259,1.538087,4.610755E-10,4.610755E-10,-1.518709,-1.871004
'[17:34:49.692 21/01/2026]',2.277382,0.9963159,1.943762,3.362034,4.610755E-10,4.610755E-10,2.747663,1.785998
'[17:34:49.700 21/01/2026]',-0.2365215,-1.945546,-1.636967,-3.253184,4.610755E-10,4.610755E-10,-4.17254,-1.752985
'[17:34:49.708 21/01/2026]',-0.2365215,-1.945546,-1.636967,-3.253184,4.610755E-10,4.610755E-10,-4.17254,-1.752985
'[17:34:49.716 21/01/2026]',-4.499089,6.60524,-0.221851,3.006222,4.610755E-10,4.610755E-10,5.30812,3.078301
'[17:34:49.724 21/01/2026]',-4.499089,6.60524,-0.221851,3.006222,4.610755E-10,4.610755E-10,5.30812,3.078301
'[17:34:49.732 21/01/2026]',6.216746,5.056417,3.25687,2.84281,4.610755E-10,4.610755E-10,0.3318673,1.259838
'[17:34:49.740 21/01/2026]',6.216746,5.056417,3.25687,2.84281,4.610755E-10,4.610755E-10,0.3318673,1.259838
'[17:34:49.748 21/01/2026]',0.829469,-19.96615,-1.971246,-5.991225,4.610755E-10,4.610755E-10,-6.302994,-5.861441
'[17:34:49.756 21/01/2026]',0.829469,-19.96615,-1.971246,-5.991225,4.610755E-10,4.610755E-10,-6.302994,-5.861441
'[17:34:49.764 21/01/2026]',0.829469,-19.96615,-1.971246,-5.991225,4.610755E-10,4.610755E-10,-6.302994,-5.861441
'[17:34:49.772 21/01/2026]',-6.917608,4.372987,-2.398678,-0.8519102,4.610755E-10,4.610755E-10,2.74226,0.3080574
'[17:34:49.780 21/01/2026]',-6.917608,4.372987,-2.398678,-0.8519102,4.610755E-10,4.610755E-10,2.74226,0.3080574
'[17:34:49.788 21/01/2026]',2.843083,9.102582,0.9676534,2.472893,4.610755E-10,4.610755E-10,3.721514,5.614724
'[17:34:49.796 21/01/2026]',2.843083,9.102582,0.9676534,2.472893,4.610755E-10,4.610755E-10,3.721514,5.614724
'[17:34:49.804 21/01/2026]',0.05618395,-4.422052,0.6769449,-0.4246253,4.610755E-10,4.610755E-10,-6.715153,-2.820016
'[17:34:49.812 21/01/2026]',1.84037,-2.27162,1.300504,1.209727,4.610755E-10,4.610755E-10,2.622357,-4.40086
'[17:34:49.820 21/01/2026]',-3.338247,1.615811,-4.104845,-2.93831,4.610755E-10,4.610755E-10,1.519745,4.347968
'[17:34:49.828 21/01/2026]',-3.338247,1.615811,-4.104845,-2.93831,4.610755E-10,4.610755E-10,1.519745,4.347968
'[17:34:49.836 21/01/2026]',-0.7003231,-1.665123,1.180084,-0.02044193,4.610755E-10,4.610755E-10,-1.918769,-0.4926006
'[17:34:49.844 21/01/2026]',-0.7003231,-1.665123,1.180084,-0.02044193,4.610755E-10,4.610755E-10,-1.918769,-0.4926006
'[17:34:49.852 21/01/2026]',-0.7003231,-1.665123,1.180084,-0.02044193,4.610755E-10,4.610755E-10,-1.918769,-0.4926006
'[17:34:49.860 21/01/2026]',-0.7003231,-1.665123,1.180084,-0.02044193,4.610755E-10,4.610755E-10,-1.918769,-0.4926006
'[17:34:49.868 21/01/2026]',5.288148,3.47274,3.48477,3.967917,4.610755E-10,4.610755E-10,2.928726,1.000751
'[17:34:49.876 21/01/2026]',5.288148,3.47274,3.48477,3.967917,4.610755E-10,4.610755E-10,2.928726,1.000751
'[17:34:49.884 21/01/2026]',-1.956974,-0.9599918,-4.25748,-3.469845,4.610755E-10,4.610755E-10,-3.262698,-2.808645
'[17:34:49.892 21/01/2026]',-4.24529,-5.842095,-0.3641481,-0.7147531,4.610755E-10,4.610755E-10,1.471878,0.8657237
'[17:34:49.900 21/01/2026]',-4.24529,-5.842095,-0.3641481,-0.7147531,4.610755E-10,4.610755E-10,1.471878,0.8657237
'[17:34:49.908 21/01/2026]',-4.24529,-5.842095,-0.3641481,-0.7147531,4.610755E-10,4.610755E-10,1.471878,0.8657237
'[17:34:49.916 21/01/2026]',-4.24529,-5.842095,-0.3641481,-0.7147531,4.610755E-10,4.610755E-10,1.471878,0.8657237
'[17:34:49.924 21/01/2026]',0.7786655,1.729207,0.6112856,0.1510098,4.610755E-10,4.610755E-10,-2.293367,1.045784
'[17:34:49.932 21/01/2026]',0.7786655,1.729207,0.6112856,0.1510098,4.610755E-10,4.610755E-10,-2.293367,1.045784
'[17:34:49.940 21/01/2026]',3.108853,4.192781,-0.03836333,2.48636,4.610755E-10,4.610755E-10,2.104513,-1.242034
'[17:34:49.948 21/01/2026]',-0.5403814,-2.139537,1.362763,-1.237437,4.610755E-10,4.610755E-10,-0.4110765,0.3614162
'[17:34:49.956 21/01/2026]',-0.5403814,-2.139537,1.362763,-1.237437,4.610755E-10,4.610755E-10,-0.4110765,0.3614162
'[17:34:49.964 21/01/2026]',-0.5403814,-2.139537,1.362763,-1.237437,4.610755E-10,4.610755E-10,-0.4110765,0.3614162
'[17:34:49.972 21/01/2026]',-4.213408,-7.899191,-3.524361,-3.783536,4.610755E-10,4.610755E-10,-2.49231,-2.274274
'[17:34:49.980 21/01/2026]',-4.213408,-7.899191,-3.524361,-3.783536,4.610755E-10,4.610755E-10,-2.49231,-2.274274
'[17:34:49.988 21/01/2026]',-7.154265,-17.0361,-4.942275,-5.617069,4.610755E-10,4.610755E-10,0.5462805,-0.1997553
'[17:34:49.996 21/01/2026]',-7.154265,-17.0361,-4.942275,-5.617069,4.610755E-10,4.610755E-10,0.5462805,-0.1997553
'[17:34:50.004 21/01/2026]',21.97103,46.44357,12.60975,15.45618,4.610755E-10,4.610755E-10,1.620901,4.25287
'[17:34:50.012 21/01/2026]',21.97103,46.44357,12.60975,15.45618,4.610755E-10,4.610755E-10,1.620901,4.25287
'[17:34:50.020 21/01/2026]',21.97103,46.44357,12.60975,15.45618,4.610755E-10,4.610755E-10,1.620901,4.25287
'[17:34:50.028 21/01/2026]',-10.34568,-18.14754,-3.935784,-3.053326,4.610755E-10,4.610755E-10,1.048389,-1.130123
'[17:34:50.036 21/01/2026]',-7.016712,-15.88849,-5.49894,-7.714015,4.610755E-10,4.610755E-10,-1.867977,-1.866891
'[17:34:50.044 21/01/2026]',-7.016712,-15.88849,-5.49894,-7.714015,4.610755E-10,4.610755E-10,-1.867977,-1.866891
'[17:34:50.052 21/01/2026]',5.696849,12.87107,2.866286,4.415493,4.610755E-10,4.610755E-10,0.3096705,2.639539
'[17:34:50.060 21/01/2026]',5.696849,12.87107,2.866286,4.415493,4.610755E-10,4.610755E-10,0.3096705,2.639539
'[17:34:50.068 21/01/2026]',3.119857,3.802826,4.991004,3.197674,4.610755E-10,4.610755E-10,1.002483,-1.509106
'[17:34:50.076 21/01/2026]',3.119857,3.802826,4.991004,3.197674,4.610755E-10,4.610755E-10,1.002483,-1.509106
'[17:34:50.084 21/01/2026]',3.119857,3.802826,4.991004,3.197674,4.610755E-10,4.610755E-10,1.002483,-1.509106
'[17:34:50.092 21/01/2026]',-5.076974,-7.621424,-7.285285,-6.197569,4.610755E-10,4.610755E-10,-3.057867,-2.445032
'[17:34:50.100 21/01/2026]',-3.603155,-5.785384,-0.6652833,-1.205574,4.610755E-10,4.610755E-10,0.9615788,1.946679
'[17:34:50.108 21/01/2026]',-3.603155,-5.785384,-0.6652833,-1.205574,4.610755E-10,4.610755E-10,0.9615788,1.946679
'[17:34:50.116 21/01/2026]',-3.603155,-5.785384,-0.6652833,-1.205574,4.610755E-10,4.610755E-10,0.9615788,1.946679
'[17:34:50.124 21/01/2026]',9.275802,13.16056,7.901964,8.487483,4.610755E-10,4.610755E-10,3.858859,2.054499
'[17:34:50.132 21/01/2026]',9.275802,13.16056,7.901964,8.487483,4.610755E-10,4.610755E-10,3.858859,2.054499
'[17:34:50.140 21/01/2026]',9.275802,13.16056,7.901964,8.487483,4.610755E-10,4.610755E-10,3.858859,2.054499
'[17:34:50.148 21/01/2026]',9.275802,13.16056,7.901964,8.487483,4.610755E-10,4.610755E-10,3.858859,2.054499
'[17:34:50.156 21/01/2026]',0.8433614,0.8390991,-1.751827,-1.929799,4.610755E-10,4.610755E-10,-3.823488,-3.15459
'[17:34:50.164 21/01/2026]',-8.963109,-10.455,-5.055426,-5.741664,4.610755E-10,4.610755E-10,1.901624,2.291789
'[17:34:50.172 21/01/2026]',-8.963109,-10.455,-5.055426,-5.741664,4.610755E-10,4.610755E-10,1.901624,2.291789
'[17:34:50.180 21/01/2026]',4.227333,5.409703,3.005669,3.824785,4.610755E-10,4.610755E-10,-3.011404,-1.34406
'[17:34:50.188 21/01/2026]',0.699857,0.7427641,0.2441777,0.269281,4.610755E-10,4.610755E-10,1.617824,-0.7172601
'[17:34:50.196 21/01/2026]',0.699857,0.7427641,0.2441777,0.269281,4.610755E-10,4.610755E-10,1.617824,-0.7172601
'[17:34:50.204 21/01/2026]',0.699857,0.7427641,0.2441777,0.269281,4.610755E-10,4.610755E-10,1.617824,-0.7172601
'[17:34:50.212 21/01/2026]',0.699857,0.7427641,0.2441777,0.269281,4.610755E-10,4.610755E-10,1.617824,-0.7172601
'[17:34:50.220 21/01/2026]',0.699857,0.7427641,0.2441777,0.269281,4.610755E-10,4.610755E-10,1.617824,-0.7172601
'[17:34:50.228 21/01/2026]',-0.2106836,-1.508139,-0.2519731,-0.3631911,4.610755E-10,4.610755E-10,1.747082,0.4303758
'[17:34:50.236 21/01/2026]',-7.35733,-5.803615,-5.78037,-4.688661,4.610755E-10,4.610755E-10,-2.66428,-0.4760072
'[17:34:50.244 21/01/2026]',3.375144,2.182034,3.34464,2.21737,4.610755E-10,4.610755E-10,-1.981015,-1.32042
'[17:34:50.252 21/01/2026]',3.375144,2.182034,3.34464,2.21737,4.610755E-10,4.610755E-10,-1.981015,-1.32042
'[17:34:50.260 21/01/2026]',11.55499,12.96005,5.641773,6.793407,4.610755E-10,4.610755E-10,3.608456,2.391293
'[17:34:50.268 21/01/2026]',11.55499,12.96005,5.641773,6.793407,4.610755E-10,4.610755E-10,3.608456,2.391293
'[17:34:50.276 21/01/2026]',-8.783597,-11.97381,-5.625315,-5.610425,4.610755E-10,4.610755E-10,0.4494871,-0.8694171
'[17:34:50.284 21/01/2026]',-8.783597,-11.97381,-5.625315,-5.610425,4.610755E-10,4.610755E-10,0.4494871,-0.8694171
'[17:34:50.292 21/01/2026]',-5.303481,-4.422027,-2.594401,-2.746384,4.610755E-10,4.610755E-10,-1.717391,-0.2135047
'[17:34:50.300 21/01/2026]',-5.303481,-4.422027,-2.594401,-2.746384,4.610755E-10,4.610755E-10,-1.717391,-0.2135047
'[17:34:50.308 21/01/2026]',-5.303481,-4.422027,-2.594401,-2.746384,4.610755E-10,4.610755E-10,-1.717391,-0.2135047
'[17:34:50.316 21/01/2026]',-5.303481,-4.422027,-2.594401,-2.746384,4.610755E-10,4.610755E-10,-1.717391,-0.2135047
'[17:34:50.324 21/01/2026]',-5.303481,-4.422027,-2.594401,-2.746384,4.610755E-10,4.610755E-10,-1.717391,-0.2135047
'[17:34:50.332 21/01/2026]',2.869744,5.874636,0.3140387,0.6434252,4.610755E-10,4.610755E-10,-4.978519,-2.426462
'[17:34:50.340 21/01/2026]',-3.693228,-7.341227,-1.10687,-1.572303,4.610755E-10,4.610755E-10,5.045139,1.693586
'[17:34:50.348 21/01/2026]',12.21886,16.17076,6.923531,8.203819,4.610755E-10,4.610755E-10,0.8424523,0.4596201
'[17:34:50.356 21/01/2026]',12.21886,16.17076,6.923531,8.203819,4.610755E-10,4.610755E-10,0.8424523,0.4596201
'[17:34:50.364 21/01/2026]',12.21886,16.17076,6.923531,8.203819,4.610755E-10,4.610755E-10,0.8424523,0.4596201
'[17:34:50.372 21/01/2026]',-4.167564,-7.908056,-2.786809,-3.577262,4.610755E-10,4.610755E-10,-3.918313,-1.179248
'[17:34:50.380 21/01/2026]',-4.220974,-3.135571,-0.9735125,-1.04674,4.610755E-10,4.610755E-10,7.891614,4.315409
'[17:34:50.388 21/01/2026]',-4.220974,-3.135571,-0.9735125,-1.04674,4.610755E-10,4.610755E-10,7.891614,4.315409
'[17:34:50.396 21/01/2026]',2.337885,3.753075,0.3801844,-0.1757058,4.610755E-10,4.610755E-10,-7.226754,-3.133293
'[17:34:50.404 21/01/2026]',2.337885,3.753075,0.3801844,-0.1757058,4.610755E-10,4.610755E-10,-7.226754,-3.133293
'[17:34:50.412 21/01/2026]',3.757726,13.0376,3.657952,7.227547,4.610755E-10,4.610755E-10,5.865616,5.370877
'[17:34:50.420 21/01/2026]',3.757726,13.0376,3.657952,7.227547,4.610755E-10,4.610755E-10,5.865616,5.370877
'[17:34:50.428 21/01/2026]',-1.948895,-11.15635,-1.692021,-4.081394,4.610755E-10,4.610755E-10,1.24015,-1.622355
'[17:34:50.436 21/01/2026]',-1.948895,-11.15635,-1.692021,-4.081394,4.610755E-10,4.610755E-10,1.24015,-1.622355
'[17:34:50.444 21/01/2026]',-4.712116,-13.84676,-2.075711,-5.865278,4.610755E-10,4.610755E-10,-9.633504,-8.523552
'[17:34:50.452 21/01/2026]',-4.712116,-13.84676,-2.075711,-5.865278,4.610755E-10,4.610755E-10,-9.633504,-8.523552
'[17:34:50.460 21/01/2026]',3.342867,16.29074,-0.2145917,4.045798,4.610755E-10,4.610755E-10,6.535157,6.227673
'[17:34:50.468 21/01/2026]',3.342867,16.29074,-0.2145917,4.045798,4.610755E-10,4.610755E-10,6.535157,6.227673
'[17:34:50.476 21/01/2026]',3.342867,16.29074,-0.2145917,4.045798,4.610755E-10,4.610755E-10,6.535157,6.227673
'[17:34:50.484 21/01/2026]',3.342867,16.29074,-0.2145917,4.045798,4.610755E-10,4.610755E-10,6.535157,6.227673
'[17:34:50.492 21/01/2026]',3.342867,16.29074,-0.2145917,4.045798,4.610755E-10,4.610755E-10,6.535157,6.227673
'[17:34:50.500 21/01/2026]',-3.041707,-4.257046,-0.8639447,-1.100103,4.610755E-10,4.610755E-10,1.246096,4.344626
'[17:34:50.508 21/01/2026]',4.247841,-2.260802,4.413279,2.54983,4.610755E-10,4.610755E-10,-3.215765,-5.198912
'[17:34:50.516 21/01/2026]',4.247841,-2.260802,4.413279,2.54983,4.610755E-10,4.610755E-10,-3.215765,-5.198912
'[17:34:50.524 21/01/2026]',-2.108858,-0.1752275,-3.3097,-2.587239,4.610755E-10,4.610755E-10,1.386866,-1.283382
'[17:34:50.532 21/01/2026]',0.6740144,-3.627845,1.916648,0.5537912,4.610755E-10,4.610755E-10,0.5537302,2.410639
'[17:34:50.540 21/01/2026]',-1.164258,12.30081,-2.203761,1.02091,4.610755E-10,4.610755E-10,-3.098702,-0.4382638
'[17:34:50.548 21/01/2026]',-1.164258,12.30081,-2.203761,1.02091,4.610755E-10,4.610755E-10,-3.098702,-0.4382638
'[17:34:50.556 21/01/2026]',-1.164258,12.30081,-2.203761,1.02091,4.610755E-10,4.610755E-10,-3.098702,-0.4382638
'[17:34:50.564 21/01/2026]',-0.6222538,-7.630277,0.5575498,-0.6153813,4.610755E-10,4.610755E-10,2.384686,-1.183103
'[17:34:50.572 21/01/2026]',-0.6222538,-7.630277,0.5575498,-0.6153813,4.610755E-10,4.610755E-10,2.384686,-1.183103
'[17:34:50.580 21/01/2026]',1.446709,0.7253421,1.271415,0.2558485,4.610755E-10,4.610755E-10,1.228138,1.960844
'[17:34:50.588 21/01/2026]',1.446709,0.7253421,1.271415,0.2558485,4.610755E-10,4.610755E-10,1.228138,1.960844
'[17:34:50.596 21/01/2026]',-3.373329,0.3661969,-4.349888,-3.709339,4.610755E-10,4.610755E-10,-4.437505,-1.494129
'[17:34:50.604 21/01/2026]',-3.373329,0.3661969,-4.349888,-3.709339,4.610755E-10,4.610755E-10,-4.437505,-1.494129
'[17:34:50.612 21/01/2026]',0.3442026,-1.168286,2.4569,3.097826,4.610755E-10,4.610755E-10,4.796767,1.825796
'[17:34:50.620 21/01/2026]',0.3442026,-1.168286,2.4569,3.097826,4.610755E-10,4.610755E-10,4.796767,1.825796
'[17:34:50.628 21/01/2026]',4.930786,3.531097,4.288493,3.294786,4.610755E-10,4.610755E-10,-1.213313,-2.205979
'[17:34:50.636 21/01/2026]',-1.431082,0.05349595,-2.247227,-1.614959,4.610755E-10,4.610755E-10,-2.68943,-0.3644598
'[17:34:50.644 21/01/2026]',-1.431082,0.05349595,-2.247227,-1.614959,4.610755E-10,4.610755E-10,-2.68943,-0.3644598
'[17:34:50.652 21/01/2026]',-1.431082,0.05349595,-2.247227,-1.614959,4.610755E-10,4.610755E-10,-2.68943,-0.3644598
'[17:34:50.660 21/01/2026]',-5.248655,-4.246129,-4.845959,-4.345555,4.610755E-10,4.610755E-10,0.2925488,0.7819675
'[17:34:50.668 21/01/2026]',2.227,2.737742,2.157717,1.728283,4.610755E-10,4.610755E-10,2.412776,1.029111
'[17:34:50.676 21/01/2026]',2.227,2.737742,2.157717,1.728283,4.610755E-10,4.610755E-10,2.412776,1.029111
'[17:34:50.684 21/01/2026]',3.44881,-0.4813808,4.736736,4.003143,4.610755E-10,4.610755E-10,-0.2878108,0.4637649
'[17:34:50.692 21/01/2026]',3.44881,-0.4813808,4.736736,4.003143,4.610755E-10,4.610755E-10,-0.2878108,0.4637649
'[17:34:50.700 21/01/2026]',-1.314692,1.239203,-1.422943,-1.719479,4.610755E-10,4.610755E-10,0.06086503,-0.9031029
'[17:34:50.708 21/01/2026]',-1.314692,1.239203,-1.422943,-1.719479,4.610755E-10,4.610755E-10,0.06086503,-0.9031029
'[17:34:50.716 21/01/2026]',-1.134998,0.2288587,-4.017612,-1.829557,4.610755E-10,4.610755E-10,-3.185788,-1.616074
'[17:34:50.724 21/01/2026]',-1.134998,0.2288587,-4.017612,-1.829557,4.610755E-10,4.610755E-10,-3.185788,-1.616074
'[17:34:50.732 21/01/2026]',5.563445,11.08043,6.279192,7.686378,4.610755E-10,4.610755E-10,6.505055,6.310357
'[17:34:50.740 21/01/2026]',5.563445,11.08043,6.279192,7.686378,4.610755E-10,4.610755E-10,6.505055,6.310357
'[17:34:50.748 21/01/2026]',-5.922389,-21.65268,-4.934426,-10.45026,4.610755E-10,4.610755E-10,-9.783216,-10.43969
'[17:34:50.756 21/01/2026]',-5.922389,-21.65268,-4.934426,-10.45026,4.610755E-10,4.610755E-10,-9.783216,-10.43969
'[17:34:50.764 21/01/2026]',-0.3814405,3.586151,-0.2008937,1.557808,4.610755E-10,4.610755E-10,3.410906,2.670136
'[17:34:50.772 21/01/2026]',-0.3814405,3.586151,-0.2008937,1.557808,4.610755E-10,4.610755E-10,3.410906,2.670136
'[17:34:50.780 21/01/2026]',2.446108,9.2197,1.064613,2.433648,4.610755E-10,4.610755E-10,5.24967,6.601174
'[17:34:50.788 21/01/2026]',2.446108,9.2197,1.064613,2.433648,4.610755E-10,4.610755E-10,5.24967,6.601174
'[17:34:50.796 21/01/2026]',2.446108,9.2197,1.064613,2.433648,4.610755E-10,4.610755E-10,5.24967,6.601174
'[17:34:50.804 21/01/2026]',2.446108,9.2197,1.064613,2.433648,4.610755E-10,4.610755E-10,5.24967,6.601174
'[17:34:50.812 21/01/2026]',2.446108,9.2197,1.064613,2.433648,4.610755E-10,4.610755E-10,5.24967,6.601174
'[17:34:50.820 21/01/2026]',2.446108,9.2197,1.064613,2.433648,4.610755E-10,4.610755E-10,5.24967,6.601174
'[17:34:50.828 21/01/2026]',2.446108,9.2197,1.064613,2.433648,4.610755E-10,4.610755E-10,5.24967,6.601174
'[17:34:50.836 21/01/2026]',2.446108,9.2197,1.064613,2.433648,4.610755E-10,4.610755E-10,5.24967,6.601174
'[17:34:50.844 21/01/2026]',0.5843011,-3.481308,1.428521,0.2613522,4.610755E-10,4.610755E-10,-8.027287,-6.061412
'[17:34:50.852 21/01/2026]',0.5843011,-3.481308,1.428521,0.2613522,4.610755E-10,4.610755E-10,-8.027287,-6.061412
'[17:34:50.860 21/01/2026]',-11.66399,-23.13515,-6.434198,-8.266634,4.610755E-10,4.610755E-10,-0.9873565,-4.446144
'[17:34:50.868 21/01/2026]',17.92697,36.17501,10.2528,13.56104,4.610755E-10,4.610755E-10,8.21605,9.557159
'[17:34:50.876 21/01/2026]',-6.253678,-7.597477,-4.879545,-4.749791,4.610755E-10,4.610755E-10,-4.919424,-3.60026
'[17:34:50.884 21/01/2026]',-6.096263,-14.54246,-2.599251,-4.352921,4.610755E-10,4.610755E-10,0.08704433,-2.245413
'[17:34:50.892 21/01/2026]',-6.096263,-14.54246,-2.599251,-4.352921,4.610755E-10,4.610755E-10,0.08704433,-2.245413
'[17:34:50.900 21/01/2026]',3.317638,7.14195,1.693658,1.7537,4.610755E-10,4.610755E-10,0.3190689,3.966926
'[17:34:50.908 21/01/2026]',3.317638,7.14195,1.693658,1.7537,4.610755E-10,4.610755E-10,0.3190689,3.966926
'[17:34:50.916 21/01/2026]',-0.1639192,1.476879,0.6108114,1.414226,4.610755E-10,4.610755E-10,-1.586547,-3.152604
'[17:34:50.924 21/01/2026]',1.829934,-0.2333802,1.823945,0.1863037,4.610755E-10,4.610755E-10,2.003771,-0.9291564
'[17:34:50.932 21/01/2026]',1.829934,-0.2333802,1.823945,0.1863037,4.610755E-10,4.610755E-10,2.003771,-0.9291564
'[17:34:50.940 21/01/2026]',1.848348,-0.3614992,-0.2132877,0.1057786,4.610755E-10,4.610755E-10,-1.338309,2.967839
'[17:34:50.948 21/01/2026]',1.848348,-0.3614992,-0.2132877,0.1057786,4.610755E-10,4.610755E-10,-1.338309,2.967839
'[17:34:50.956 21/01/2026]',1.848348,-0.3614992,-0.2132877,0.1057786,4.610755E-10,4.610755E-10,-1.338309,2.967839
'[17:34:50.964 21/01/2026]',-5.559807,-3.368216,-4.1023,-2.573239,4.610755E-10,4.610755E-10,0.7780211,0.5039893
'[17:34:50.972 21/01/2026]',-5.559807,-3.368216,-4.1023,-2.573239,4.610755E-10,4.610755E-10,0.7780211,0.5039893
'[17:34:50.980 21/01/2026]',-5.559807,-3.368216,-4.1023,-2.573239,4.610755E-10,4.610755E-10,0.7780211,0.5039893
'[17:34:50.988 21/01/2026]',1.456657,1.147214,3.986976,1.416322,4.610755E-10,4.610755E-10,1.584885,-0.7109903
'[17:34:50.996 21/01/2026]',1.456657,1.147214,3.986976,1.416322,4.610755E-10,4.610755E-10,1.584885,-0.7109903
'[17:34:51.004 21/01/2026]',3.808511,2.363019,1.272496,3.122183,4.610755E-10,4.610755E-10,-0.6692778,-0.8159562
'[17:34:51.012 21/01/2026]',3.808511,2.363019,1.272496,3.122183,4.610755E-10,4.610755E-10,-0.6692778,-0.8159562
'[17:34:51.020 21/01/2026]',-4.791317,-2.066568,-4.56552,-3.707086,4.610755E-10,4.610755E-10,-1.008389,1.50253
'[17:34:51.028 21/01/2026]',-0.9138896,-2.393462,0.6762855,-0.5441135,4.610755E-10,4.610755E-10,-1.373847,-2.042464
'[17:34:51.036 21/01/2026]',-0.9138896,-2.393462,0.6762855,-0.5441135,4.610755E-10,4.610755E-10,-1.373847,-2.042464
'[17:34:51.044 21/01/2026]',-0.9138896,-2.393462,0.6762855,-0.5441135,4.610755E-10,4.610755E-10,-1.373847,-2.042464
'[17:34:51.052 21/01/2026]',4.574586,3.570096,3.992913,3.09792,4.610755E-10,4.610755E-10,0.3839036,-1.552075
'[17:34:51.060 21/01/2026]',4.574586,3.570096,3.992913,3.09792,4.610755E-10,4.610755E-10,0.3839036,-1.552075
'[17:34:51.068 21/01/2026]',-2.830375,5.040997,-1.967979,1.756163,4.610755E-10,4.610755E-10,4.220372,6.477654
'[17:34:51.076 21/01/2026]',-2.830375,5.040997,-1.967979,1.756163,4.610755E-10,4.610755E-10,4.220372,6.477654
'[17:34:51.084 21/01/2026]',0.3330226,-10.52903,-2.81341,-7.450923,4.610755E-10,4.610755E-10,-4.577432,-6.050542
'[17:34:51.092 21/01/2026]',0.3330226,-10.52903,-2.81341,-7.450923,4.610755E-10,4.610755E-10,-4.577432,-6.050542
'[17:34:51.100 21/01/2026]',0.06611337,2.339538,1.851047,2.308017,4.610755E-10,4.610755E-10,-2.513045,-0.8436498
'[17:34:51.108 21/01/2026]',0.06611337,2.339538,1.851047,2.308017,4.610755E-10,4.610755E-10,-2.513045,-0.8436498
'[17:34:51.116 21/01/2026]',0.06611337,2.339538,1.851047,2.308017,4.610755E-10,4.610755E-10,-2.513045,-0.8436498
'[17:34:51.124 21/01/2026]',4.04747,7.520518,6.21286,7.669123,4.610755E-10,4.610755E-10,10.46539,7.006576
'[17:34:51.132 21/01/2026]',4.04747,7.520518,6.21286,7.669123,4.610755E-10,4.610755E-10,10.46539,7.006576
'[17:34:51.140 21/01/2026]',-2.947145,-7.141033,-6.004576,-5.317561,4.610755E-10,4.610755E-10,-7.319448,-4.061678
'[17:34:51.148 21/01/2026]',-2.947145,-7.141033,-6.004576,-5.317561,4.610755E-10,4.610755E-10,-7.319448,-4.061678
'[17:34:51.156 21/01/2026]',-2.456897,0.5870203,-1.066572,-4.494356,4.610755E-10,4.610755E-10,-2.863562,-4.477646
'[17:34:51.164 21/01/2026]',-2.456897,0.5870203,-1.066572,-4.494356,4.610755E-10,4.610755E-10,-2.863562,-4.477646
'[17:34:51.172 21/01/2026]',-2.456897,0.5870203,-1.066572,-4.494356,4.610755E-10,4.610755E-10,-2.863562,-4.477646
'[17:34:51.180 21/01/2026]',3.02878,3.614388,3.118569,4.334314,4.610755E-10,4.610755E-10,3.326806,2.466872
'[17:34:51.188 21/01/2026]',5.046779,5.818809,3.760157,5.609375,4.610755E-10,4.610755E-10,3.336703,6.059801
'[17:34:51.196 21/01/2026]',5.046779,5.818809,3.760157,5.609375,4.610755E-10,4.610755E-10,3.336703,6.059801
'[17:34:51.204 21/01/2026]',-8.127246,-14.9026,-7.038975,-9.437946,4.610755E-10,4.610755E-10,-7.655891,-9.082464
'[17:34:51.212 21/01/2026]',-8.127246,-14.9026,-7.038975,-9.437946,4.610755E-10,4.610755E-10,-7.655891,-9.082464
'[17:34:51.220 21/01/2026]',1.661231,5.144598,3.433799,1.560193,4.610755E-10,4.610755E-10,1.348782,0.8972906
'[17:34:51.228 21/01/2026]',1.661231,5.144598,3.433799,1.560193,4.610755E-10,4.610755E-10,1.348782,0.8972906
'[17:34:51.236 21/01/2026]',1.661231,5.144598,3.433799,1.560193,4.610755E-10,4.610755E-10,1.348782,0.8972906
'[17:34:51.244 21/01/2026]',1.661231,5.144598,3.433799,1.560193,4.610755E-10,4.610755E-10,1.348782,0.8972906
'[17:34:51.252 21/01/2026]',2.761911,3.858191,0.9967393,4.978606,4.610755E-10,4.610755E-10,7.429048,7.069404
'[17:34:51.260 21/01/2026]',2.761911,3.858191,0.9967393,4.978606,4.610755E-10,4.610755E-10,7.429048,7.069404
'[17:34:51.268 21/01/2026]',0.08085976,-1.459285,-0.2860586,-1.015057,4.610755E-10,4.610755E-10,-6.466444,-3.567781
'[17:34:51.276 21/01/2026]',-5.237541,-7.679049,-4.076658,-5.784673,4.610755E-10,4.610755E-10,-2.182252,-5.476051
'[17:34:51.284 21/01/2026]',-5.237541,-7.679049,-4.076658,-5.784673,4.610755E-10,4.610755E-10,-2.182252,-5.476051
'[17:34:51.292 21/01/2026]',4.365314,9.640341,2.510268,2.365849,4.610755E-10,4.610755E-10,4.284598,5.65755
'[17:34:51.300 21/01/2026]',-0.2613216,-3.819303,2.638638,3.416092,4.610755E-10,4.610755E-10,0.06658088,-1.14646
'[17:34:51.308 21/01/2026]',-0.2613216,-3.819303,2.638638,3.416092,4.610755E-10,4.610755E-10,0.06658088,-1.14646
'[17:34:51.316 21/01/2026]',-0.2613216,-3.819303,2.638638,3.416092,4.610755E-10,4.610755E-10,0.06658088,-1.14646
'[17:34:51.324 21/01/2026]',-2.482831,-2.785326,-2.512165,-2.17295,4.610755E-10,4.610755E-10,-0.7644221,-0.982926
'[17:34:51.332 21/01/2026]',-2.482831,-2.785326,-2.512165,-2.17295,4.610755E-10,4.610755E-10,-0.7644221,-0.982926
'[17:34:51.340 21/01/2026]',-2.482831,-2.785326,-2.512165,-2.17295,4.610755E-10,4.610755E-10,-0.7644221,-0.982926
'[17:34:51.348 21/01/2026]',-2.482831,-2.785326,-2.512165,-2.17295,4.610755E-10,4.610755E-10,-0.7644221,-0.982926
'[17:34:51.356 21/01/2026]',-2.482831,-2.785326,-2.512165,-2.17295,4.610755E-10,4.610755E-10,-0.7644221,-0.982926
'[17:34:51.364 21/01/2026]',-2.482831,-2.785326,-2.512165,-2.17295,4.610755E-10,4.610755E-10,-0.7644221,-0.982926
'[17:34:51.372 21/01/2026]',3.737634,5.345424,0.7767328,0.02284575,4.610755E-10,4.610755E-10,-2.354486,0.4308446
'[17:34:51.380 21/01/2026]',0.04788944,0.4488734,2.350741,2.553092,4.610755E-10,4.610755E-10,3.10008,0.06487254
'[17:34:51.388 21/01/2026]',-1.236203,-4.133717,-1.694913,-2.41881,4.610755E-10,4.610755E-10,0.7160339,1.023434
'[17:34:51.396 21/01/2026]',-0.923246,-0.1791822,-0.442114,-0.008766857,4.610755E-10,4.610755E-10,-4.459753,-1.50697
'[17:34:51.404 21/01/2026]',3.111825,1.986373,3.018271,2.791845,4.610755E-10,4.610755E-10,4.396424,0.6619135
'[17:34:51.412 21/01/2026]',3.111825,1.986373,3.018271,2.791845,4.610755E-10,4.610755E-10,4.396424,0.6619135
'[17:34:51.420 21/01/2026]',3.111825,1.986373,3.018271,2.791845,4.610755E-10,4.610755E-10,4.396424,0.6619135
'[17:34:51.428 21/01/2026]',-0.3796329,3.304572,-1.461628,-1.262778,4.610755E-10,4.610755E-10,-1.766994,-0.5606971
'[17:34:51.436 21/01/2026]',-0.3796329,3.304572,-1.461628,-1.262778,4.610755E-10,4.610755E-10,-1.766994,-0.5606971
'[17:34:51.444 21/01/2026]',-2.763299,-5.613135,-0.9775568,-1.198918,4.610755E-10,4.610755E-10,-0.2911089,-0.09968802
'[17:34:51.452 21/01/2026]',-2.763299,-5.613135,-0.9775568,-1.198918,4.610755E-10,4.610755E-10,-0.2911089,-0.09968802
'[17:34:51.460 21/01/2026]',-1.165789,-0.8145679,-0.8343536,-1.883498,4.610755E-10,4.610755E-10,-0.3375963,1.008052
'[17:34:51.468 21/01/2026]',4.41851,2.262909,2.869348,2.483783,4.610755E-10,4.610755E-10,-2.295312,-3.995699
'[17:34:51.476 21/01/2026]',4.41851,2.262909,2.869348,2.483783,4.610755E-10,4.610755E-10,-2.295312,-3.995699
'[17:34:51.484 21/01/2026]',4.41851,2.262909,2.869348,2.483783,4.610755E-10,4.610755E-10,-2.295312,-3.995699
'[17:34:51.492 21/01/2026]',-1.921771,0.4056149,-0.9735305,0.8616453,4.610755E-10,4.610755E-10,3.803895,3.150949
'[17:34:51.500 21/01/2026]',0.5734062,-2.11609,0.3468354,-1.209706,4.610755E-10,4.610755E-10,-1.843171,0.4266044
'[17:34:51.508 21/01/2026]',0.5734062,-2.11609,0.3468354,-1.209706,4.610755E-10,4.610755E-10,-1.843171,0.4266044
'[17:34:51.516 21/01/2026]',0.5734062,-2.11609,0.3468354,-1.209706,4.610755E-10,4.610755E-10,-1.843171,0.4266044
'[17:34:51.524 21/01/2026]',-2.143964,-0.6514977,-3.094784,-2.429959,4.610755E-10,4.610755E-10,-0.3448395,-1.459544
'[17:34:51.532 21/01/2026]',0.3385406,2.644068,2.935666,1.859688,4.610755E-10,4.610755E-10,0.06798081,0.8159884
'[17:34:51.540 21/01/2026]',0.3385406,2.644068,2.935666,1.859688,4.610755E-10,4.610755E-10,0.06798081,0.8159884
'[17:34:51.548 21/01/2026]',0.3385406,2.644068,2.935666,1.859688,4.610755E-10,4.610755E-10,0.06798081,0.8159884
'[17:34:51.556 21/01/2026]',2.102692,-1.382635,-0.02788418,0.8153321,4.610755E-10,4.610755E-10,-0.8755814,-0.9137128
'[17:34:51.564 21/01/2026]',2.102692,-1.382635,-0.02788418,0.8153321,4.610755E-10,4.610755E-10,-0.8755814,-0.9137128
'[17:34:51.572 21/01/2026]',-2.048047,-1.40988,-1.634358,-1.255965,4.610755E-10,4.610755E-10,2.728719,1.292835
'[17:34:51.580 21/01/2026]',-2.048047,-1.40988,-1.634358,-1.255965,4.610755E-10,4.610755E-10,2.728719,1.292835
'[17:34:51.588 21/01/2026]',-2.048047,-1.40988,-1.634358,-1.255965,4.610755E-10,4.610755E-10,2.728719,1.292835
'[17:34:51.596 21/01/2026]',-2.390083,0.7573949,-0.7231736,-0.6189736,4.610755E-10,4.610755E-10,-2.1852,-1.032636
'[17:34:51.604 21/01/2026]',4.362023,-0.7826677,3.099781,1.258736,4.610755E-10,4.610755E-10,-1.480667,-0.8136408
'[17:34:51.612 21/01/2026]',4.362023,-0.7826677,3.099781,1.258736,4.610755E-10,4.610755E-10,-1.480667,-0.8136408
'[17:34:51.620 21/01/2026]',-2.043728,1.159859,-1.050291,1.108707,4.610755E-10,4.610755E-10,1.080664,0.2972679
'[17:34:51.628 21/01/2026]',-2.043728,1.159859,-1.050291,1.108707,4.610755E-10,4.610755E-10,1.080664,0.2972679
'[17:34:51.636 21/01/2026]',1.430579,-0.531451,0.6179462,-0.6386763,4.610755E-10,4.610755E-10,1.731721,0.1186906
'[17:34:51.644 21/01/2026]',1.430579,-0.531451,0.6179462,-0.6386763,4.610755E-10,4.610755E-10,1.731721,0.1186906
'[17:34:51.652 21/01/2026]',-1.767636,0.8226942,-1.695856,-2.254575,4.610755E-10,4.610755E-10,-3.408555,-1.934162
'[17:34:51.660 21/01/2026]',-1.599646,-0.3182556,-2.737699,-0.836588,4.610755E-10,4.610755E-10,-2.080185,-0.4240579
'[17:34:51.668 21/01/2026]',-1.599646,-0.3182556,-2.737699,-0.836588,4.610755E-10,4.610755E-10,-2.080185,-0.4240579
'[17:34:51.676 21/01/2026]',-1.599646,-0.3182556,-2.737699,-0.836588,4.610755E-10,4.610755E-10,-2.080185,-0.4240579
'[17:34:51.684 21/01/2026]',-1.689382,-8.443693,2.435827,0.7614254,4.610755E-10,4.610755E-10,4.925774,2.336176
'[17:34:51.692 21/01/2026]',-1.689382,-8.443693,2.435827,0.7614254,4.610755E-10,4.610755E-10,4.925774,2.336176
'[17:34:51.700 21/01/2026]',3.894396,9.772879,0.1569535,1.225276,4.610755E-10,4.610755E-10,-0.2254009,-0.08124216
'[17:34:51.708 21/01/2026]',3.011192,2.371709,2.651096,1.286127,4.610755E-10,4.610755E-10,-4.393694,-2.144869
'[17:34:51.716 21/01/2026]',3.011192,2.371709,2.651096,1.286127,4.610755E-10,4.610755E-10,-4.393694,-2.144869
'[17:34:51.724 21/01/2026]',3.011192,2.371709,2.651096,1.286127,4.610755E-10,4.610755E-10,-4.393694,-2.144869
'[17:34:51.732 21/01/2026]',-7.608385,-10.76107,-4.490722,-3.238078,4.610755E-10,4.610755E-10,2.096052,-0.6428887
'[17:34:51.740 21/01/2026]',-7.608385,-10.76107,-4.490722,-3.238078,4.610755E-10,4.610755E-10,2.096052,-0.6428887
'[17:34:51.748 21/01/2026]',4.121332,6.389471,3.901638,1.601704,4.610755E-10,4.610755E-10,4.310225,5.683729
'[17:34:51.756 21/01/2026]',4.121332,6.389471,3.901638,1.601704,4.610755E-10,4.610755E-10,4.310225,5.683729
'[17:34:51.764 21/01/2026]',4.121332,6.389471,3.901638,1.601704,4.610755E-10,4.610755E-10,4.310225,5.683729
'[17:34:51.772 21/01/2026]',-0.691593,-2.545681,-1.659713,-0.3062888,4.610755E-10,4.610755E-10,-4.388015,-5.545915
'[17:34:51.780 21/01/2026]',-0.691593,-2.545681,-1.659713,-0.3062888,4.610755E-10,4.610755E-10,-4.388015,-5.545915
'[17:34:51.788 21/01/2026]',-1.184142,0.9504135,-3.099244,-2.041434,4.610755E-10,4.610755E-10,-1.325214,-0.6572182
'[17:34:51.796 21/01/2026]',-1.184142,0.9504135,-3.099244,-2.041434,4.610755E-10,4.610755E-10,-1.325214,-0.6572182
'[17:34:51.804 21/01/2026]',-1.184142,0.9504135,-3.099244,-2.041434,4.610755E-10,4.610755E-10,-1.325214,-0.6572182
'[17:34:51.812 21/01/2026]',-1.782268,-0.03604575,1.196414,0.03608564,4.610755E-10,4.610755E-10,-0.5164895,2.364287
'[17:34:51.820 21/01/2026]',-1.782268,-0.03604575,1.196414,0.03608564,4.610755E-10,4.610755E-10,-0.5164895,2.364287
'[17:34:51.828 21/01/2026]',-1.782268,-0.03604575,1.196414,0.03608564,4.610755E-10,4.610755E-10,-0.5164895,2.364287
'[17:34:51.836 21/01/2026]',2.469599,-2.194108,0.7538615,1.780244,4.610755E-10,4.610755E-10,2.800957,-1.261918
'[17:34:51.844 21/01/2026]',-0.7977464,-1.423736,-1.069475,-1.722738,4.610755E-10,4.610755E-10,-2.373886,-0.9705778
'[17:34:51.852 21/01/2026]',-0.7977464,-1.423736,-1.069475,-1.722738,4.610755E-10,4.610755E-10,-2.373886,-0.9705778
'[17:34:51.860 21/01/2026]',-0.7977464,-1.423736,-1.069475,-1.722738,4.610755E-10,4.610755E-10,-2.373886,-0.9705778
'[17:34:51.868 21/01/2026]',-3.810587,-0.1096709,-4.40034,-2.718465,4.610755E-10,4.610755E-10,-0.2092668,-0.5381371
'[17:34:51.876 21/01/2026]',4.395211,1.971166,5.207713,2.131755,4.610755E-10,4.610755E-10,-0.1020958,0.2222645
'[17:34:51.884 21/01/2026]',-2.891614,-1.333739,-3.121558,-1.540057,4.610755E-10,4.610755E-10,-0.9508329,0.5124777
'[17:34:51.892 21/01/2026]',-2.891614,-1.333739,-3.121558,-1.540057,4.610755E-10,4.610755E-10,-0.9508329,0.5124777
'[17:34:51.900 21/01/2026]',-2.891614,-1.333739,-3.121558,-1.540057,4.610755E-10,4.610755E-10,-0.9508329,0.5124777
'[17:34:51.908 21/01/2026]',2.737827,-1.234226,1.47563,2.256733,4.610755E-10,4.610755E-10,1.700656,-0.6986378
'[17:34:51.916 21/01/2026]',2.737827,-1.234226,1.47563,2.256733,4.610755E-10,4.610755E-10,1.700656,-0.6986378
'[17:34:51.924 21/01/2026]',-1.731091,4.823358,0.4479307,0.02423056,4.610755E-10,4.610755E-10,-0.384654,1.696754
'[17:34:51.932 21/01/2026]',-1.731091,4.823358,0.4479307,0.02423056,4.610755E-10,4.610755E-10,-0.384654,1.696754
'[17:34:51.940 21/01/2026]',-1.731091,4.823358,0.4479307,0.02423056,4.610755E-10,4.610755E-10,-0.384654,1.696754
'[17:34:51.948 21/01/2026]',-1.706346,-7.619886,-1.975397,-3.477053,4.610755E-10,4.610755E-10,-1.488093,-3.309069
'[17:34:51.956 21/01/2026]',2.038854,5.419861,1.896819,4.103411,4.610755E-10,4.610755E-10,1.012899,1.144759
'[17:34:51.964 21/01/2026]',2.038854,5.419861,1.896819,4.103411,4.610755E-10,4.610755E-10,1.012899,1.144759
'[17:34:51.972 21/01/2026]',0.4875925,1.684901,0.5717983,-1.15062,4.610755E-10,4.610755E-10,-1.433157,-1.056021
'[17:34:51.980 21/01/2026]',0.4875925,1.684901,0.5717983,-1.15062,4.610755E-10,4.610755E-10,-1.433157,-1.056021
'[17:34:51.988 21/01/2026]',-2.039971,-6.184455,-3.786649,-3.040171,4.610755E-10,4.610755E-10,0.28897,1.513025
'[17:34:51.996 21/01/2026]',-2.039971,-6.184455,-3.786649,-3.040171,4.610755E-10,4.610755E-10,0.28897,1.513025
'[17:34:52.004 21/01/2026]',-2.039971,-6.184455,-3.786649,-3.040171,4.610755E-10,4.610755E-10,0.28897,1.513025
'[17:34:52.012 21/01/2026]',-2.039971,-6.184455,-3.786649,-3.040171,4.610755E-10,4.610755E-10,0.28897,1.513025
'[17:34:52.020 21/01/2026]',-1.49778,2.706263,0.5159292,0.89944,4.610755E-10,4.610755E-10,-1.200116,-1.063111
'[17:34:52.028 21/01/2026]',-1.49778,2.706263,0.5159292,0.89944,4.610755E-10,4.610755E-10,-1.200116,-1.063111
'[17:34:52.036 21/01/2026]',-1.49778,2.706263,0.5159292,0.89944,4.610755E-10,4.610755E-10,-1.200116,-1.063111
'[17:34:52.044 21/01/2026]',-1.49778,2.706263,0.5159292,0.89944,4.610755E-10,4.610755E-10,-1.200116,-1.063111
'[17:34:52.052 21/01/2026]',-1.49778,2.706263,0.5159292,0.89944,4.610755E-10,4.610755E-10,-1.200116,-1.063111
'[17:34:52.060 21/01/2026]',2.285147,0.218301,2.23429,0.9122849,4.610755E-10,4.610755E-10,-0.4032489,-2.062068
'[17:34:52.068 21/01/2026]',0.5545966,2.462271,1.883578,3.596709,4.610755E-10,4.610755E-10,6.612225,5.767814
'[17:34:52.076 21/01/2026]',-13.33304,-8.344908,-8.296354,-7.330847,4.610755E-10,4.610755E-10,-4.5878,-2.881252
'[17:34:52.084 21/01/2026]',12.95771,1.2307,6.081862,3.087836,4.610755E-10,4.610755E-10,-2.867626,-1.99196
'[17:34:52.092 21/01/2026]',12.95771,1.2307,6.081862,3.087836,4.610755E-10,4.610755E-10,-2.867626,-1.99196
'[17:34:52.100 21/01/2026]',10.07238,10.55497,4.704082,4.995976,4.610755E-10,4.610755E-10,4.476186,0.3009453
'[17:34:52.108 21/01/2026]',-12.20884,-5.61314,-5.583731,-4.060779,4.610755E-10,4.610755E-10,-0.6731716,2.451761
'[17:34:52.116 21/01/2026]',-12.20884,-5.61314,-5.583731,-4.060779,4.610755E-10,4.610755E-10,-0.6731716,2.451761
'[17:34:52.124 21/01/2026]',-12.20884,-5.61314,-5.583731,-4.060779,4.610755E-10,4.610755E-10,-0.6731716,2.451761
'[17:34:52.132 21/01/2026]',-12.20884,-5.61314,-5.583731,-4.060779,4.610755E-10,4.610755E-10,-0.6731716,2.451761
'[17:34:52.140 21/01/2026]',-0.4470184,-3.109933,-0.7790915,0.2421169,4.610755E-10,4.610755E-10,-1.263057,-0.3763835
'[17:34:52.148 21/01/2026]',3.915322,3.298291,1.959154,-0.6244193,4.610755E-10,4.610755E-10,-0.2985867,-2.049706
'[17:34:52.156 21/01/2026]',3.915322,3.298291,1.959154,-0.6244193,4.610755E-10,4.610755E-10,-0.2985867,-2.049706
'[17:34:52.164 21/01/2026]',3.915322,3.298291,1.959154,-0.6244193,4.610755E-10,4.610755E-10,-0.2985867,-2.049706
'[17:34:52.172 21/01/2026]',-3.03134,-3.395104,-1.271654,-0.5331357,4.610755E-10,4.610755E-10,-0.4910257,-0.6615686
'[17:34:52.180 21/01/2026]',2.864154,4.462756,0.6082308,2.468968,4.610755E-10,4.610755E-10,-0.2779644,1.426895
'[17:34:52.188 21/01/2026]',2.864154,4.462756,0.6082308,2.468968,4.610755E-10,4.610755E-10,-0.2779644,1.426895
'[17:34:52.196 21/01/2026]',2.864154,4.462756,0.6082308,2.468968,4.610755E-10,4.610755E-10,-0.2779644,1.426895
'[17:34:52.204 21/01/2026]',-2.868794,0.06338456,-0.1259352,-1.109712,4.610755E-10,4.610755E-10,0.4073233,-0.603322
'[17:34:52.212 21/01/2026]',-2.868794,0.06338456,-0.1259352,-1.109712,4.610755E-10,4.610755E-10,0.4073233,-0.603322
'[17:34:52.220 21/01/2026]',-0.6105245,-4.757058,-1.736106,-3.879819,4.610755E-10,4.610755E-10,0.7110879,0.2667229
'[17:34:52.228 21/01/2026]',-0.6105245,-4.757058,-1.736106,-3.879819,4.610755E-10,4.610755E-10,0.7110879,0.2667229
'[17:34:52.236 21/01/2026]',2.71646,6.025176,2.086407,5.153028,4.610755E-10,4.610755E-10,0.518163,1.022328
'[17:34:52.244 21/01/2026]',2.71646,6.025176,2.086407,5.153028,4.610755E-10,4.610755E-10,0.518163,1.022328
'[17:34:52.252 21/01/2026]',-1.550605,-2.854728,-1.892302,-3.835741,4.610755E-10,4.610755E-10,-1.751989,-3.292773
'[17:34:52.260 21/01/2026]',-1.550605,-2.854728,-1.892302,-3.835741,4.610755E-10,4.610755E-10,-1.751989,-3.292773
'[17:34:52.268 21/01/2026]',-1.211559,-1.352705,-0.5783161,0.7014685,4.610755E-10,4.610755E-10,-0.1922645,3.302754
'[17:34:52.276 21/01/2026]',-1.211559,-1.352705,-0.5783161,0.7014685,4.610755E-10,4.610755E-10,-0.1922645,3.302754
'[17:34:52.284 21/01/2026]',4.401879,4.533966,5.600785,4.61606,4.610755E-10,4.610755E-10,3.89921,0.9033312
'[17:34:52.292 21/01/2026]',4.401879,4.533966,5.600785,4.61606,4.610755E-10,4.610755E-10,3.89921,0.9033312
'[17:34:52.300 21/01/2026]',-5.130707,-0.7402395,-5.060893,-3.12952,4.610755E-10,4.610755E-10,-3.298169,-3.186376
'[17:34:52.308 21/01/2026]',-5.130707,-0.7402395,-5.060893,-3.12952,4.610755E-10,4.610755E-10,-3.298169,-3.186376
'[17:34:52.316 21/01/2026]',-5.130707,-0.7402395,-5.060893,-3.12952,4.610755E-10,4.610755E-10,-3.298169,-3.186376
'[17:34:52.324 21/01/2026]',1.931249,-4.680491,-1.554327,-3.453714,4.610755E-10,4.610755E-10,-0.9044992,1.340619
'[17:34:52.332 21/01/2026]',0.2462042,-0.2301006,0.1794667,0.8044314,4.610755E-10,4.610755E-10,-1.400122,-2.543916
'[17:34:52.340 21/01/2026]',-0.5312213,5.302804,3.387769,4.153241,4.610755E-10,4.610755E-10,6.641423,5.354004
'[17:34:52.348 21/01/2026]',-0.5312213,5.302804,3.387769,4.153241,4.610755E-10,4.610755E-10,6.641423,5.354004
'[17:34:52.356 21/01/2026]',-0.5312213,5.302804,3.387769,4.153241,4.610755E-10,4.610755E-10,6.641423,5.354004
'[17:34:52.364 21/01/2026]',-0.5312213,5.302804,3.387769,4.153241,4.610755E-10,4.610755E-10,6.641423,5.354004
'[17:34:52.372 21/01/2026]',-0.0595811,-4.738731,-3.369176,-3.706121,4.610755E-10,4.610755E-10,-3.906602,-1.934737
'[17:34:52.380 21/01/2026]',0.08804272,2.211777,-0.05100555,1.213025,4.610755E-10,4.610755E-10,-2.762749,-3.861378
'[17:34:52.388 21/01/2026]',0.08804272,2.211777,-0.05100555,1.213025,4.610755E-10,4.610755E-10,-2.762749,-3.861378
'[17:34:52.396 21/01/2026]',-1.030021,0.05737155,-0.1889062,-0.5126139,4.610755E-10,4.610755E-10,2.875204,2.96136
'[17:34:52.404 21/01/2026]',-1.030021,0.05737155,-0.1889062,-0.5126139,4.610755E-10,4.610755E-10,2.875204,2.96136
'[17:34:52.412 21/01/2026]',1.047087,-1.566482,3.65896,1.179873,4.610755E-10,4.610755E-10,0.5245187,0.9310051
'[17:34:52.420 21/01/2026]',1.047087,-1.566482,3.65896,1.179873,4.610755E-10,4.610755E-10,0.5245187,0.9310051
'[17:34:52.428 21/01/2026]',2.518798,3.851088,-1.371837,1.963966,4.610755E-10,4.610755E-10,0.3603178,0.9273291
'[17:34:52.436 21/01/2026]',2.518798,3.851088,-1.371837,1.963966,4.610755E-10,4.610755E-10,0.3603178,0.9273291
'[17:34:52.444 21/01/2026]',2.518798,3.851088,-1.371837,1.963966,4.610755E-10,4.610755E-10,0.3603178,0.9273291
'[17:34:52.452 21/01/2026]',-4.623834,-4.423437,-3.20729,-3.619101,4.610755E-10,4.610755E-10,-1.171417,-3.041694
'[17:34:52.460 21/01/2026]',-4.623834,-4.423437,-3.20729,-3.619101,4.610755E-10,4.610755E-10,-1.171417,-3.041694
'[17:34:52.468 21/01/2026]',0.8506305,0.5890006,1.897083,-1.007604,4.610755E-10,4.610755E-10,-2.697881,-1.94928
'[17:34:52.476 21/01/2026]',-0.645043,1.017154,-1.761943,1.05529,4.610755E-10,4.610755E-10,2.526149,5.163469
'[17:34:52.484 21/01/2026]',-0.645043,1.017154,-1.761943,1.05529,4.610755E-10,4.610755E-10,2.526149,5.163469
'[17:34:52.492 21/01/2026]',-0.645043,1.017154,-1.761943,1.05529,4.610755E-10,4.610755E-10,2.526149,5.163469
'[17:34:52.500 21/01/2026]',4.388344,0.7694654,5.597932,5.127934,4.610755E-10,4.610755E-10,3.154072,-1.34229
'[17:34:52.508 21/01/2026]',-6.677408,-2.748182,-7.272626,-7.931954,4.610755E-10,4.610755E-10,-5.84482,-3.041108
'[17:34:52.516 21/01/2026]',-6.677408,-2.748182,-7.272626,-7.931954,4.610755E-10,4.610755E-10,-5.84482,-3.041108
'[17:34:52.524 21/01/2026]',0.5560413,0.4328836,0.07890641,0.6930264,4.610755E-10,4.610755E-10,2.164224,2.131505
'[17:34:52.532 21/01/2026]',0.5560413,0.4328836,0.07890641,0.6930264,4.610755E-10,4.610755E-10,2.164224,2.131505
'[17:34:52.540 21/01/2026]',0.5560413,0.4328836,0.07890641,0.6930264,4.610755E-10,4.610755E-10,2.164224,2.131505
'[17:34:52.548 21/01/2026]',4.143184,0.5556002,5.92591,5.911363,4.610755E-10,4.610755E-10,3.528688,2.686541
'[17:34:52.556 21/01/2026]',-2.477655,0.2808784,-2.832355,-3.549139,4.610755E-10,4.610755E-10,-5.505506,-6.178487
'[17:34:52.564 21/01/2026]',0.5125882,1.363177,-1.460369,-0.1695025,4.610755E-10,4.610755E-10,2.654327,4.236686
'[17:34:52.572 21/01/2026]',0.5125882,1.363177,-1.460369,-0.1695025,4.610755E-10,4.610755E-10,2.654327,4.236686
'[17:34:52.580 21/01/2026]',0.5125882,1.363177,-1.460369,-0.1695025,4.610755E-10,4.610755E-10,2.654327,4.236686
'[17:34:52.588 21/01/2026]',3.161555,2.957962,3.163366,4.50373,4.610755E-10,4.610755E-10,3.955399,3.716213
'[17:34:52.596 21/01/2026]',3.161555,2.957962,3.163366,4.50373,4.610755E-10,4.610755E-10,3.955399,3.716213
'[17:34:52.604 21/01/2026]',-6.808057,-2.913006,-4.725028,-5.786051,4.610755E-10,4.610755E-10,-4.614191,-5.824639
'[17:34:52.612 21/01/2026]',3.717054,0.7912709,2.46764,0.9938872,4.610755E-10,4.610755E-10,1.207874,2.399466
'[17:34:52.620 21/01/2026]',3.717054,0.7912709,2.46764,0.9938872,4.610755E-10,4.610755E-10,1.207874,2.399466
'[17:34:52.628 21/01/2026]',0.80067,-2.587646,1.382075,3.018062,4.610755E-10,4.610755E-10,-0.9576101,-1.855058
'[17:34:52.636 21/01/2026]',1.865854,4.667097,1.909843,1.284205,4.610755E-10,4.610755E-10,3.980961,2.751476
'[17:34:52.644 21/01/2026]',1.865854,4.667097,1.909843,1.284205,4.610755E-10,4.610755E-10,3.980961,2.751476
'[17:34:52.652 21/01/2026]',1.865854,4.667097,1.909843,1.284205,4.610755E-10,4.610755E-10,3.980961,2.751476
'[17:34:52.660 21/01/2026]',-8.314833,-5.101064,-6.749894,-7.807404,4.610755E-10,4.610755E-10,-4.185135,0.03694579
'[17:34:52.668 21/01/2026]',-8.314833,-5.101064,-6.749894,-7.807404,4.610755E-10,4.610755E-10,-4.185135,0.03694579
'[17:34:52.676 21/01/2026]',-8.314833,-5.101064,-6.749894,-7.807404,4.610755E-10,4.610755E-10,-4.185135,0.03694579
'[17:34:52.684 21/01/2026]',4.4516,2.253866,3.538608,5.400762,4.610755E-10,4.610755E-10,0.925231,-2.588394
'[17:34:52.692 21/01/2026]',4.4516,2.253866,3.538608,5.400762,4.610755E-10,4.610755E-10,0.925231,-2.588394
'[17:34:52.700 21/01/2026]',4.4516,2.253866,3.538608,5.400762,4.610755E-10,4.610755E-10,0.925231,-2.588394
'[17:34:52.708 21/01/2026]',4.4516,2.253866,3.538608,5.400762,4.610755E-10,4.610755E-10,0.925231,-2.588394
'[17:34:52.716 21/01/2026]',4.864495,2.626218,4.388827,2.45756,4.610755E-10,4.610755E-10,2.948895,1.362115
'[17:34:52.724 21/01/2026]',-3.207817,-1.150132,-3.106869,-2.954291,4.610755E-10,4.610755E-10,-5.156372,-0.1653518
'[17:34:52.732 21/01/2026]',-3.207817,-1.150132,-3.106869,-2.954291,4.610755E-10,4.610755E-10,-5.156372,-0.1653518
'[17:34:52.740 21/01/2026]',-3.21762,-0.3821998,-1.740482,-0.1110266,4.610755E-10,4.610755E-10,2.52343,-1.076654
'[17:34:52.748 21/01/2026]',-3.21762,-0.3821998,-1.740482,-0.1110266,4.610755E-10,4.610755E-10,2.52343,-1.076654
'[17:34:52.756 21/01/2026]',4.446112,2.923566,3.167109,1.51392,4.610755E-10,4.610755E-10,2.645126,3.685927
'[17:34:52.764 21/01/2026]',4.446112,2.923566,3.167109,1.51392,4.610755E-10,4.610755E-10,2.645126,3.685927
'[17:34:52.772 21/01/2026]',4.446112,2.923566,3.167109,1.51392,4.610755E-10,4.610755E-10,2.645126,3.685927
'[17:34:52.780 21/01/2026]',1.075957,-5.277937,1.877608,0.06592889,4.610755E-10,4.610755E-10,-2.955846,-3.787959
'[17:34:52.788 21/01/2026]',-6.496015,2.048553,-4.750621,-3.736634,4.610755E-10,4.610755E-10,-2.25036,-0.8395053
'[17:34:52.796 21/01/2026]',-6.496015,2.048553,-4.750621,-3.736634,4.610755E-10,4.610755E-10,-2.25036,-0.8395053
'[17:34:52.804 21/01/2026]',4.486355,2.737436,1.854356,3.352453,4.610755E-10,4.610755E-10,4.397073,4.37846
'[17:34:52.812 21/01/2026]',4.486355,2.737436,1.854356,3.352453,4.610755E-10,4.610755E-10,4.397073,4.37846
'[17:34:52.820 21/01/2026]',-1.109033,-1.173877,1.359896,0.816336,4.610755E-10,4.610755E-10,-1.327837,-0.7925377
'[17:34:52.828 21/01/2026]',-1.109033,-1.173877,1.359896,0.816336,4.610755E-10,4.610755E-10,-1.327837,-0.7925377
'[17:34:52.836 21/01/2026]',-1.109033,-1.173877,1.359896,0.816336,4.610755E-10,4.610755E-10,-1.327837,-0.7925377
'[17:34:52.844 21/01/2026]',1.90916,-2.047884,0.5694623,0.4641119,4.610755E-10,4.610755E-10,-1.59546,-3.29914
'[17:34:52.852 21/01/2026]',1.90916,-2.047884,0.5694623,0.4641119,4.610755E-10,4.610755E-10,-1.59546,-3.29914
'[17:34:52.860 21/01/2026]',-1.802547,1.481259,-1.9997,-2.771676,4.610755E-10,4.610755E-10,0.7912703,0.7281836
'[17:34:52.868 21/01/2026]',-1.802547,1.481259,-1.9997,-2.771676,4.610755E-10,4.610755E-10,0.7912703,0.7281836
'[17:34:52.876 21/01/2026]',-1.802547,1.481259,-1.9997,-2.771676,4.610755E-10,4.610755E-10,0.7912703,0.7281836
'[17:34:52.884 21/01/2026]',-1.802547,1.481259,-1.9997,-2.771676,4.610755E-10,4.610755E-10,0.7912703,0.7281836
'[17:34:52.892 21/01/2026]',-5.229115,-3.984228,-5.282002,-2.701084,4.610755E-10,4.610755E-10,-2.353943,-0.730388
'[17:34:52.900 21/01/2026]',-5.229115,-3.984228,-5.282002,-2.701084,4.610755E-10,4.610755E-10,-2.353943,-0.730388
'[17:34:52.908 21/01/2026]',4.381151,-5.091021,4.837709,1.672669,4.610755E-10,4.610755E-10,3.237741,0.3644207
'[17:34:52.916 21/01/2026]',1.077567,6.968427,2.688656,2.77404,4.610755E-10,4.610755E-10,0.4609078,3.104542
'[17:34:52.924 21/01/2026]',1.077567,6.968427,2.688656,2.77404,4.610755E-10,4.610755E-10,0.4609078,3.104542
'[17:34:52.932 21/01/2026]',1.077567,6.968427,2.688656,2.77404,4.610755E-10,4.610755E-10,0.4609078,3.104542
'[17:34:52.940 21/01/2026]',0.9485267,6.2105,-4.482556,-0.7963287,4.610755E-10,4.610755E-10,-5.34603,-5.483848
'[17:34:52.948 21/01/2026]',0.9485267,6.2105,-4.482556,-0.7963287,4.610755E-10,4.610755E-10,-5.34603,-5.483848
'[17:34:52.956 21/01/2026]',-1.596984,-7.222088,3.578737,-0.8019586,4.610755E-10,4.610755E-10,5.752108,2.4269
'[17:34:52.964 21/01/2026]',-2.942124,-3.542463,-2.54842,-1.176758,4.610755E-10,4.610755E-10,-1.135872,4.011509
'[17:34:52.972 21/01/2026]',-2.942124,-3.542463,-2.54842,-1.176758,4.610755E-10,4.610755E-10,-1.135872,4.011509
'[17:34:52.980 21/01/2026]',5.141449,8.551843,0.7661992,2.347255,4.610755E-10,4.610755E-10,-3.021986,-4.117742
'[17:34:52.988 21/01/2026]',5.141449,8.551843,0.7661992,2.347255,4.610755E-10,4.610755E-10,-3.021986,-4.117742
'[17:34:52.996 21/01/2026]',1.394243,-0.3758342,7.112043,3.808863,4.610755E-10,4.610755E-10,3.712628,-1.226246
'[17:34:53.004 21/01/2026]',1.394243,-0.3758342,7.112043,3.808863,4.610755E-10,4.610755E-10,3.712628,-1.226246
'[17:34:53.012 21/01/2026]',-4.966225,-4.967509,-8.490808,-6.71684,4.610755E-10,4.610755E-10,-3.639025,0.2402687
'[17:34:53.020 21/01/2026]',-4.966225,-4.967509,-8.490808,-6.71684,4.610755E-10,4.610755E-10,-3.639025,0.2402687
'[17:34:53.028 21/01/2026]',-0.965735,0.4824283,-0.04869941,0.7939908,4.610755E-10,4.610755E-10,1.359392,0.6757033
'[17:34:53.036 21/01/2026]',-0.965735,0.4824283,-0.04869941,0.7939908,4.610755E-10,4.610755E-10,1.359392,0.6757033
'[17:34:53.044 21/01/2026]',-0.965735,0.4824283,-0.04869941,0.7939908,4.610755E-10,4.610755E-10,1.359392,0.6757033
'[17:34:53.052 21/01/2026]',-0.965735,0.4824283,-0.04869941,0.7939908,4.610755E-10,4.610755E-10,1.359392,0.6757033
'[17:34:53.060 21/01/2026]',3.520599,0.6741573,2.294331,1.683573,4.610755E-10,4.610755E-10,1.529394,1.996274
'[17:34:53.068 21/01/2026]',3.520599,0.6741573,2.294331,1.683573,4.610755E-10,4.610755E-10,1.529394,1.996274
'[17:34:53.076 21/01/2026]',3.520599,0.6741573,2.294331,1.683573,4.610755E-10,4.610755E-10,1.529394,1.996274
'[17:34:53.084 21/01/2026]',0.737798,1.476033,2.077104,0.5779019,4.610755E-10,4.610755E-10,-1.08815,-1.491732
'[17:34:53.092 21/01/2026]',-3.669256,-3.846836,-6.320914,-2.657977,4.610755E-10,4.610755E-10,-0.8629025,-0.9371731
'[17:34:53.100 21/01/2026]',3.644058,6.354621,6.022465,5.280864,4.610755E-10,4.610755E-10,2.538307,3.092155
'[17:34:53.108 21/01/2026]',3.644058,6.354621,6.022465,5.280864,4.610755E-10,4.610755E-10,2.538307,3.092155
'[17:34:53.116 21/01/2026]',-4.107731,-6.000256,-5.365344,-6.673523,4.610755E-10,4.610755E-10,-3.795143,-2.843868
'[17:34:53.124 21/01/2026]',-4.107731,-6.000256,-5.365344,-6.673523,4.610755E-10,4.610755E-10,-3.795143,-2.843868
'[17:34:53.132 21/01/2026]',-4.107731,-6.000256,-5.365344,-6.673523,4.610755E-10,4.610755E-10,-3.795143,-2.843868
'[17:34:53.140 21/01/2026]',1.945301,2.444519,1.970974,1.617126,4.610755E-10,4.610755E-10,-0.2710421,-0.4224512
'[17:34:53.148 21/01/2026]',1.945301,2.444519,1.970974,1.617126,4.610755E-10,4.610755E-10,-0.2710421,-0.4224512
'[17:34:53.156 21/01/2026]',-0.6815338,0.03149285,-0.5962891,1.510481,4.610755E-10,4.610755E-10,3.623695,-0.1163756
'[17:34:53.164 21/01/2026]',-0.6815338,0.03149285,-0.5962891,1.510481,4.610755E-10,4.610755E-10,3.623695,-0.1163756
'[17:34:53.172 21/01/2026]',0.9155099,2.414944,2.06417,2.167442,4.610755E-10,4.610755E-10,1.448732,4.420083
'[17:34:53.180 21/01/2026]',0.9155099,2.414944,2.06417,2.167442,4.610755E-10,4.610755E-10,1.448732,4.420083
'[17:34:53.188 21/01/2026]',-1.552379,2.665034,-3.435263,-2.399324,4.610755E-10,4.610755E-10,-3.003833,-0.2373199
'[17:34:53.196 21/01/2026]',-1.552379,2.665034,-3.435263,-2.399324,4.610755E-10,4.610755E-10,-3.003833,-0.2373199
'[17:34:53.204 21/01/2026]',0.6710246,-4.833926,2.908467,0.1102981,4.610755E-10,4.610755E-10,-0.381077,-5.081983
'[17:34:53.212 21/01/2026]',0.6710246,-4.833926,2.908467,0.1102981,4.610755E-10,4.610755E-10,-0.381077,-5.081983
'[17:34:53.220 21/01/2026]',1.91485,1.36056,-1.443356,0.8847736,4.610755E-10,4.610755E-10,0.1690772,2.582191
'[17:34:53.228 21/01/2026]',1.91485,1.36056,-1.443356,0.8847736,4.610755E-10,4.610755E-10,0.1690772,2.582191
'[17:34:53.236 21/01/2026]',1.91485,1.36056,-1.443356,0.8847736,4.610755E-10,4.610755E-10,0.1690772,2.582191
'[17:34:53.244 21/01/2026]',-0.9465729,-1.431294,1.938956,-0.8307388,4.610755E-10,4.610755E-10,1.287631,0.005005786
'[17:34:53.252 21/01/2026]',-0.9465729,-1.431294,1.938956,-0.8307388,4.610755E-10,4.610755E-10,1.287631,0.005005786
'[17:34:53.260 21/01/2026]',-2.492861,1.028282,-1.575014,0.7758284,4.610755E-10,4.610755E-10,2.410444,3.18791
'[17:34:53.268 21/01/2026]',1.864893,-0.6209029,-1.041697,-2.066261,4.610755E-10,4.610755E-10,-2.087264,-1.843383
'[17:34:53.276 21/01/2026]',1.864893,-0.6209029,-1.041697,-2.066261,4.610755E-10,4.610755E-10,-2.087264,-1.843383
'[17:34:53.284 21/01/2026]',-0.3040653,2.009931,1.652481,0.7322541,4.610755E-10,4.610755E-10,-3.212323,-4.53303
'[17:34:53.292 21/01/2026]',-0.3040653,2.009931,1.652481,0.7322541,4.610755E-10,4.610755E-10,-3.212323,-4.53303
'[17:34:53.300 21/01/2026]',-0.1835643,-4.814815,0.7925202,2.790265,4.610755E-10,4.610755E-10,4.953612,5.630795
'[17:34:53.308 21/01/2026]',-0.1835643,-4.814815,0.7925202,2.790265,4.610755E-10,4.610755E-10,4.953612,5.630795
'[17:34:53.316 21/01/2026]',-0.1835643,-4.814815,0.7925202,2.790265,4.610755E-10,4.610755E-10,4.953612,5.630795
'[17:34:53.324 21/01/2026]',3.33446,9.961638,1.537232,1.153967,4.610755E-10,4.610755E-10,-0.7236617,-0.314359
'[17:34:53.332 21/01/2026]',-4.022224,-5.969558,-2.308409,-4.012862,4.610755E-10,4.610755E-10,-1.509725,-2.719346
'[17:34:53.340 21/01/2026]',-4.022224,-5.969558,-2.308409,-4.012862,4.610755E-10,4.610755E-10,-1.509725,-2.719346
'[17:34:53.348 21/01/2026]',1.011249,0.9990542,1.056445,2.692242,4.610755E-10,4.610755E-10,1.712575,3.171192
'[17:34:53.356 21/01/2026]',1.011249,0.9990542,1.056445,2.692242,4.610755E-10,4.610755E-10,1.712575,3.171192
'[17:34:53.364 21/01/2026]',1.011249,0.9990542,1.056445,2.692242,4.610755E-10,4.610755E-10,1.712575,3.171192
'[17:34:53.372 21/01/2026]',1.403396,-3.379531,-0.31361,-1.748307,4.610755E-10,4.610755E-10,-3.252638,-2.490604
'[17:34:53.380 21/01/2026]',-0.9563673,5.223047,1.176746,1.726833,4.610755E-10,4.610755E-10,2.439461,0.4298776
'[17:34:53.388 21/01/2026]',-0.9563673,5.223047,1.176746,1.726833,4.610755E-10,4.610755E-10,2.439461,0.4298776
'[17:34:53.396 21/01/2026]',-0.9563673,5.223047,1.176746,1.726833,4.610755E-10,4.610755E-10,2.439461,0.4298776
'[17:34:53.404 21/01/2026]',4.393213,2.970414,3.9652,3.27657,4.610755E-10,4.610755E-10,4.671051,4.976073
'[17:34:53.412 21/01/2026]',-6.036794,-9.957239,-7.167231,-6.920996,4.610755E-10,4.610755E-10,-8.812057,-8.818029
'[17:34:53.420 21/01/2026]',4.091782,6.9422,5.464755,4.44944,4.610755E-10,4.610755E-10,4.308462,3.918257
'[17:34:53.428 21/01/2026]',4.091782,6.9422,5.464755,4.44944,4.610755E-10,4.610755E-10,4.308462,3.918257
'[17:34:53.436 21/01/2026]',0.3880107,-0.9676881,-0.05770089,1.17877,4.610755E-10,4.610755E-10,1.759208,3.695336
'[17:34:53.444 21/01/2026]',0.3880107,-0.9676881,-0.05770089,1.17877,4.610755E-10,4.610755E-10,1.759208,3.695336
'[17:34:53.452 21/01/2026]',-3.266392,0.5133051,-1.846933,-2.640183,4.610755E-10,4.610755E-10,-2.862056,-4.234
'[17:34:53.460 21/01/2026]',-3.266392,0.5133051,-1.846933,-2.640183,4.610755E-10,4.610755E-10,-2.862056,-4.234
'[17:34:53.468 21/01/2026]',2.319731,-2.438069,-0.09278923,-1.805941,4.610755E-10,4.610755E-10,-0.7202203,-0.331781
'[17:34:53.476 21/01/2026]',2.319731,-2.438069,-0.09278923,-1.805941,4.610755E-10,4.610755E-10,-0.7202203,-0.331781
'[17:34:53.484 21/01/2026]',2.319731,-2.438069,-0.09278923,-1.805941,4.610755E-10,4.610755E-10,-0.7202203,-0.331781
'[17:34:53.492 21/01/2026]',2.828704,4.154437,3.924284,5.713261,4.610755E-10,4.610755E-10,3.627641,3.264497
'[17:34:53.500 21/01/2026]',-4.203022,-2.71471,-2.554164,-2.022292,4.610755E-10,4.610755E-10,-0.2242618,0.3904159
'[17:34:53.508 21/01/2026]',-4.203022,-2.71471,-2.554164,-2.022292,4.610755E-10,4.610755E-10,-0.2242618,0.3904159
'[17:34:53.516 21/01/2026]',2.773169,1.653833,0.305487,-0.8871651,4.610755E-10,4.610755E-10,-3.223879,-3.837422
'[17:34:53.524 21/01/2026]',-1.423074,-0.7295767,1.346956,-0.1055169,4.610755E-10,4.610755E-10,1.547905,1.421574
'[17:34:53.532 21/01/2026]',-1.423074,-0.7295767,1.346956,-0.1055169,4.610755E-10,4.610755E-10,1.547905,1.421574
'[17:34:53.540 21/01/2026]',-1.423074,-0.7295767,1.346956,-0.1055169,4.610755E-10,4.610755E-10,1.547905,1.421574
'[17:34:53.548 21/01/2026]',0.7570657,-1.589591,-0.801707,0.8650006,4.610755E-10,4.610755E-10,1.08157,1.869308
'[17:34:53.556 21/01/2026]',0.7570657,-1.589591,-0.801707,0.8650006,4.610755E-10,4.610755E-10,1.08157,1.869308
'[17:34:53.564 21/01/2026]',0.7570657,-1.589591,-0.801707,0.8650006,4.610755E-10,4.610755E-10,1.08157,1.869308
'[17:34:53.572 21/01/2026]',0.09898128,3.415524,0.4114451,1.22274,4.610755E-10,4.610755E-10,-1.022254,-1.819302
'[17:34:53.580 21/01/2026]',-2.896521,-4.445888,-2.609142,-5.094269,4.610755E-10,4.610755E-10,-2.653565,-0.8134396
'[17:34:53.588 21/01/2026]',2.093356,1.891552,1.965117,3.727132,4.610755E-10,4.610755E-10,2.44856,-0.2156221
'[17:34:53.596 21/01/2026]',2.093356,1.891552,1.965117,3.727132,4.610755E-10,4.610755E-10,2.44856,-0.2156221
'[17:34:53.604 21/01/2026]',2.093356,1.891552,1.965117,3.727132,4.610755E-10,4.610755E-10,2.44856,-0.2156221
'[17:34:53.612 21/01/2026]',1.175686,1.786455,-0.9558626,0.2499772,4.610755E-10,4.610755E-10,-1.589429,1.425194
'[17:34:53.620 21/01/2026]',1.175686,1.786455,-0.9558626,0.2499772,4.610755E-10,4.610755E-10,-1.589429,1.425194
'[17:34:53.628 21/01/2026]',-5.678407,-2.328452,-3.170794,-4.443652,4.610755E-10,4.610755E-10,-0.3989241,-2.056822
'[17:34:53.636 21/01/2026]',-5.678407,-2.328452,-3.170794,-4.443652,4.610755E-10,4.610755E-10,-0.3989241,-2.056822
'[17:34:53.644 21/01/2026]',-5.678407,-2.328452,-3.170794,-4.443652,4.610755E-10,4.610755E-10,-0.3989241,-2.056822
'[17:34:53.652 21/01/2026]',2.830219,-3.216298,2.092375,1.994459,4.610755E-10,4.610755E-10,-0.9608317,-2.866382
'[17:34:53.660 21/01/2026]',2.830219,-3.216298,2.092375,1.994459,4.610755E-10,4.610755E-10,-0.9608317,-2.866382
'[17:34:53.668 21/01/2026]',2.04929,7.38336,-0.2214132,2.452368,4.610755E-10,4.610755E-10,3.189616,5.408247
'[17:34:53.676 21/01/2026]',2.04929,7.38336,-0.2214132,2.452368,4.610755E-10,4.610755E-10,3.189616,5.408247
'[17:34:53.684 21/01/2026]',-4.414967,-7.465592,-1.843883,-3.340635,4.610755E-10,4.610755E-10,-1.712005,-0.6743166
'[17:34:53.692 21/01/2026]',-4.414967,-7.465592,-1.843883,-3.340635,4.610755E-10,4.610755E-10,-1.712005,-0.6743166
'[17:34:53.700 21/01/2026]',2.546104,2.791518,1.447072,0.1931621,4.610755E-10,4.610755E-10,-1.835562,-3.611592
'[17:34:53.708 21/01/2026]',2.546104,2.791518,1.447072,0.1931621,4.610755E-10,4.610755E-10,-1.835562,-3.611592
'[17:34:53.716 21/01/2026]',2.546104,2.791518,1.447072,0.1931621,4.610755E-10,4.610755E-10,-1.835562,-3.611592
'[17:34:53.724 21/01/2026]',0.3298164,0.5621856,0.3794921,1.509896,4.610755E-10,4.610755E-10,2.206731,1.831509
'[17:34:53.732 21/01/2026]',0.3298164,0.5621856,0.3794921,1.509896,4.610755E-10,4.610755E-10,2.206731,1.831509
'[17:34:53.740 21/01/2026]',-1.481476,-2.351193,-0.8976054,-1.799314,4.610755E-10,4.610755E-10,-0.4465258,1.762798
'[17:34:53.748 21/01/2026]',-1.481476,-2.351193,-0.8976054,-1.799314,4.610755E-10,4.610755E-10,-0.4465258,1.762798
'[17:34:53.756 21/01/2026]',-0.2473704,1.124999,-0.7520902,0.615244,4.610755E-10,4.610755E-10,-1.569154,-3.656923
'[17:34:53.764 21/01/2026]',-0.2473704,1.124999,-0.7520902,0.615244,4.610755E-10,4.610755E-10,-1.569154,-3.656923
'[17:34:53.772 21/01/2026]',1.201755,0.8284348,0.9042032,-0.2148512,4.610755E-10,4.610755E-10,-0.6966196,-0.1616942
'[17:34:53.780 21/01/2026]',1.201755,0.8284348,0.9042032,-0.2148512,4.610755E-10,4.610755E-10,-0.6966196,-0.1616942
'[17:34:53.788 21/01/2026]',1.201755,0.8284348,0.9042032,-0.2148512,4.610755E-10,4.610755E-10,-0.6966196,-0.1616942
'[17:34:53.796 21/01/2026]',-1.826657,-2.503435,-0.7891508,-0.04576128,4.610755E-10,4.610755E-10,4.563028,4.835474
'[17:34:53.804 21/01/2026]',-0.5308203,-1.24276,-0.7665201,-0.04618125,4.610755E-10,4.610755E-10,-3.148788,-3.625785
'[17:34:53.812 21/01/2026]',-0.5308203,-1.24276,-0.7665201,-0.04618125,4.610755E-10,4.610755E-10,-3.148788,-3.625785
'[17:34:53.820 21/01/2026]',3.742689,3.751368,2.671681,0.8253316,4.610755E-10,4.610755E-10,-0.7520174,-0.6435881
'[17:34:53.828 21/01/2026]',3.742689,3.751368,2.671681,0.8253316,4.610755E-10,4.610755E-10,-0.7520174,-0.6435881
'[17:34:53.836 21/01/2026]',3.742689,3.751368,2.671681,0.8253316,4.610755E-10,4.610755E-10,-0.7520174,-0.6435881
'[17:34:53.844 21/01/2026]',-2.440574,-0.5941285,-2.743666,-0.6729611,4.610755E-10,4.610755E-10,0.5495504,1.798932
'[17:34:53.852 21/01/2026]',-3.682894,-0.9461538,-1.719977,-2.555666,4.610755E-10,4.610755E-10,-1.046152,-1.905778
'[17:34:53.860 21/01/2026]',-3.682894,-0.9461538,-1.719977,-2.555666,4.610755E-10,4.610755E-10,-1.046152,-1.905778
'[17:34:53.868 21/01/2026]',-3.682894,-0.9461538,-1.719977,-2.555666,4.610755E-10,4.610755E-10,-1.046152,-1.905778
'[17:34:53.876 21/01/2026]',-3.682894,-0.9461538,-1.719977,-2.555666,4.610755E-10,4.610755E-10,-1.046152,-1.905778
'[17:34:53.884 21/01/2026]',4.304081,-5.784976,3.119065,1.209816,4.610755E-10,4.610755E-10,-1.558165,-1.425623
'[17:34:53.892 21/01/2026]',4.304081,-5.784976,3.119065,1.209816,4.610755E-10,4.610755E-10,-1.558165,-1.425623
'[17:34:53.900 21/01/2026]',0.7778469,8.590097,0.0111271,3.686708,4.610755E-10,4.610755E-10,2.943417,1.604297
'[17:34:53.908 21/01/2026]',0.7778469,8.590097,0.0111271,3.686708,4.610755E-10,4.610755E-10,2.943417,1.604297
'[17:34:53.916 21/01/2026]',0.7778469,8.590097,0.0111271,3.686708,4.610755E-10,4.610755E-10,2.943417,1.604297
'[17:34:53.924 21/01/2026]',-3.142916,-3.464387,-1.176817,-4.578096,4.610755E-10,4.610755E-10,-0.6151346,0.3068792
'[17:34:53.932 21/01/2026]',-1.802304,-2.982394,-3.683879,-2.780312,4.610755E-10,4.610755E-10,-4.22743,-1.6568
'[17:34:53.940 21/01/2026]',6.28024,1.266708,8.857517,8.172892,4.610755E-10,4.610755E-10,6.100544,1.282598
'[17:34:53.948 21/01/2026]',6.28024,1.266708,8.857517,8.172892,4.610755E-10,4.610755E-10,6.100544,1.282598
'[17:34:53.956 21/01/2026]',1.492976,9.562475,-1.836762,-0.3078685,4.610755E-10,4.610755E-10,-1.184387,1.369854
'[17:34:53.964 21/01/2026]',1.492976,9.562475,-1.836762,-0.3078685,4.610755E-10,4.610755E-10,-1.184387,1.369854
'[17:34:53.972 21/01/2026]',1.492976,9.562475,-1.836762,-0.3078685,4.610755E-10,4.610755E-10,-1.184387,1.369854
'[17:34:53.980 21/01/2026]',-7.259425,-5.753518,-4.07041,-5.265966,4.610755E-10,4.610755E-10,-2.813723,-1.560087
'[17:34:53.988 21/01/2026]',-7.259425,-5.753518,-4.07041,-5.265966,4.610755E-10,4.610755E-10,-2.813723,-1.560087
'[17:34:53.996 21/01/2026]',2.9173,-3.983268,1.418066,2.554508,4.610755E-10,4.610755E-10,5.121392,2.785424
'[17:34:54.004 21/01/2026]',2.9173,-3.983268,1.418066,2.554508,4.610755E-10,4.610755E-10,5.121392,2.785424
'[17:34:54.012 21/01/2026]',2.340683,5.249798,2.803927,1.647801,4.610755E-10,4.610755E-10,-4.770156,-1.884
'[17:34:54.020 21/01/2026]',2.340683,5.249798,2.803927,1.647801,4.610755E-10,4.610755E-10,-4.770156,-1.884
'[17:34:54.028 21/01/2026]',-5.605613,-1.539455,-6.06291,-4.493398,4.610755E-10,4.610755E-10,-0.3726609,-3.722919
'[17:34:54.036 21/01/2026]',-5.605613,-1.539455,-6.06291,-4.493398,4.610755E-10,4.610755E-10,-0.3726609,-3.722919
'[17:34:54.044 21/01/2026]',-5.605613,-1.539455,-6.06291,-4.493398,4.610755E-10,4.610755E-10,-0.3726609,-3.722919
'[17:34:54.052 21/01/2026]',4.431436,-2.272351,4.430058,2.890867,4.610755E-10,4.610755E-10,4.389547,7.107907
'[17:34:54.060 21/01/2026]',-1.031876,3.304508,0.5017332,0.05828313,4.610755E-10,4.610755E-10,-3.647973,-4.959167
'[17:34:54.068 21/01/2026]',-1.031876,3.304508,0.5017332,0.05828313,4.610755E-10,4.610755E-10,-3.647973,-4.959167
'[17:34:54.076 21/01/2026]',-1.031876,3.304508,0.5017332,0.05828313,4.610755E-10,4.610755E-10,-3.647973,-4.959167
'[17:34:54.084 21/01/2026]',-2.071918,-4.363465,-3.431949,-2.068482,4.610755E-10,4.610755E-10,-1.46501,-0.1776396
'[17:34:54.092 21/01/2026]',-2.071918,-4.363465,-3.431949,-2.068482,4.610755E-10,4.610755E-10,-1.46501,-0.1776396
'[17:34:54.100 21/01/2026]',-2.071918,-4.363465,-3.431949,-2.068482,4.610755E-10,4.610755E-10,-1.46501,-0.1776396
'[17:34:54.108 21/01/2026]',3.43229,4.069387,5.018803,3.88832,4.610755E-10,4.610755E-10,4.014971,3.182039
'[17:34:54.116 21/01/2026]',-0.6284019,-0.03949106,-1.781819,-0.5157381,4.610755E-10,4.610755E-10,3.186648,1.477663
'[17:34:54.124 21/01/2026]',-0.6284019,-0.03949106,-1.781819,-0.5157381,4.610755E-10,4.610755E-10,3.186648,1.477663
'[17:34:54.132 21/01/2026]',-0.7212251,1.133763,-0.9164532,-2.598909,4.610755E-10,4.610755E-10,-7.014244,-4.597828
'[17:34:54.140 21/01/2026]',-0.7212251,1.133763,-0.9164532,-2.598909,4.610755E-10,4.610755E-10,-7.014244,-4.597828
'[17:34:54.148 21/01/2026]',-0.7212251,1.133763,-0.9164532,-2.598909,4.610755E-10,4.610755E-10,-7.014244,-4.597828
'[17:34:54.156 21/01/2026]',2.711909,-1.379375,3.884058,2.701625,4.610755E-10,4.610755E-10,2.5595,1.369688
'[17:34:54.164 21/01/2026]',-3.839633,-0.1444784,-5.781501,-1.676721,4.610755E-10,4.610755E-10,1.162863,1.994003
'[17:34:54.172 21/01/2026]',-3.839633,-0.1444784,-5.781501,-1.676721,4.610755E-10,4.610755E-10,1.162863,1.994003
'[17:34:54.180 21/01/2026]',1.158701,1.097396,3.080544,0.2822732,4.610755E-10,4.610755E-10,-1.532891,-2.560283
'[17:34:54.188 21/01/2026]',1.158701,1.097396,3.080544,0.2822732,4.610755E-10,4.610755E-10,-1.532891,-2.560283
'[17:34:54.196 21/01/2026]',1.925017,-1.069161,-0.0199828,0.6847677,4.610755E-10,4.610755E-10,-0.595334,-0.1831952
'[17:34:54.204 21/01/2026]',1.925017,-1.069161,-0.0199828,0.6847677,4.610755E-10,4.610755E-10,-0.595334,-0.1831952
'[17:34:54.212 21/01/2026]',-3.812466,-0.3828442,-2.960351,-1.914839,4.610755E-10,4.610755E-10,-0.0481018,0.4406932
'[17:34:54.220 21/01/2026]',-3.812466,-0.3828442,-2.960351,-1.914839,4.610755E-10,4.610755E-10,-0.0481018,0.4406932
'[17:34:54.228 21/01/2026]',1.868651,-1.244876,3.627265,0.2475651,4.610755E-10,4.610755E-10,1.587497,1.627956
'[17:34:54.236 21/01/2026]',1.868651,-1.244876,3.627265,0.2475651,4.610755E-10,4.610755E-10,1.587497,1.627956
'[17:34:54.244 21/01/2026]',1.868651,-1.244876,3.627265,0.2475651,4.610755E-10,4.610755E-10,1.587497,1.627956
'[17:34:54.252 21/01/2026]',-0.2956298,0.7395907,-3.153942,-0.8388517,4.610755E-10,4.610755E-10,-2.431659,-3.100915
'[17:34:54.260 21/01/2026]',-0.2956298,0.7395907,-3.153942,-0.8388517,4.610755E-10,4.610755E-10,-2.431659,-3.100915
'[17:34:54.268 21/01/2026]',-1.937837,0.01546048,-0.2616908,0.2216659,4.610755E-10,4.610755E-10,0.3105176,0.7032147
'[17:34:54.276 21/01/2026]',-1.937837,0.01546048,-0.2616908,0.2216659,4.610755E-10,4.610755E-10,0.3105176,0.7032147
'[17:34:54.284 21/01/2026]',2.465141,-2.635673,2.33339,-0.4702302,4.610755E-10,4.610755E-10,0.9308191,0.6356608
'[17:34:54.292 21/01/2026]',0.2281514,2.292732,-0.2610818,1.523052,4.610755E-10,4.610755E-10,0.590856,0.6360241
'[17:34:54.300 21/01/2026]',0.2281514,2.292732,-0.2610818,1.523052,4.610755E-10,4.610755E-10,0.590856,0.6360241
'[17:34:54.308 21/01/2026]',0.2281514,2.292732,-0.2610818,1.523052,4.610755E-10,4.610755E-10,0.590856,0.6360241
'[17:34:54.316 21/01/2026]',0.1911621,1.362412,0.9589871,1.420682,4.610755E-10,4.610755E-10,-1.450008,-0.01329321
'[17:34:54.324 21/01/2026]',-0.9172289,-3.124432,-2.214916,-3.143479,4.610755E-10,4.610755E-10,1.605503,0.07176975
'[17:34:54.332 21/01/2026]',-0.9172289,-3.124432,-2.214916,-3.143479,4.610755E-10,4.610755E-10,1.605503,0.07176975
'[17:34:54.340 21/01/2026]',-0.984051,-1.970646,0.1752089,-1.209639,4.610755E-10,4.610755E-10,-2.970398,-2.366591
'[17:34:54.348 21/01/2026]',-0.984051,-1.970646,0.1752089,-1.209639,4.610755E-10,4.610755E-10,-2.970398,-2.366591
'[17:34:54.356 21/01/2026]',3.220321,3.777495,1.949287,4.27069,4.610755E-10,4.610755E-10,1.831851,1.771012
'[17:34:54.364 21/01/2026]',3.220321,3.777495,1.949287,4.27069,4.610755E-10,4.610755E-10,1.831851,1.771012
'[17:34:54.372 21/01/2026]',3.220321,3.777495,1.949287,4.27069,4.610755E-10,4.610755E-10,1.831851,1.771012
'[17:34:54.380 21/01/2026]',-0.6549426,2.440513,-0.9514377,-1.759462,4.610755E-10,4.610755E-10,-0.6767315,0.09615813
'[17:34:54.388 21/01/2026]',0.2286334,-3.133058,2.475889,0.9477725,4.610755E-10,4.610755E-10,2.351033,-0.2995378
'[17:34:54.396 21/01/2026]',0.2286334,-3.133058,2.475889,0.9477725,4.610755E-10,4.610755E-10,2.351033,-0.2995378
'[17:34:54.404 21/01/2026]',0.2286334,-3.133058,2.475889,0.9477725,4.610755E-10,4.610755E-10,2.351033,-0.2995378
'[17:34:54.412 21/01/2026]',0.2286334,-3.133058,2.475889,0.9477725,4.610755E-10,4.610755E-10,2.351033,-0.2995378
'[17:34:54.420 21/01/2026]',2.869529,7.432503,1.078309,4.570558,4.610755E-10,4.610755E-10,0.9783465,4.388785
'[17:34:54.428 21/01/2026]',-9.036936,-15.79226,-9.417861,-13.3973,4.610755E-10,4.610755E-10,-10.58985,-10.73248
'[17:34:54.436 21/01/2026]',-9.036936,-15.79226,-9.417861,-13.3973,4.610755E-10,4.610755E-10,-10.58985,-10.73248
'[17:34:54.444 21/01/2026]',4.47139,10.76768,5.273587,8.90479,4.610755E-10,4.610755E-10,8.913258,5.870341
'[17:34:54.452 21/01/2026]',3.994924,4.500249,2.561549,2.401428,4.610755E-10,4.610755E-10,2.169481,4.766053
'[17:34:54.460 21/01/2026]',3.994924,4.500249,2.561549,2.401428,4.610755E-10,4.610755E-10,2.169481,4.766053
'[17:34:54.468 21/01/2026]',3.994924,4.500249,2.561549,2.401428,4.610755E-10,4.610755E-10,2.169481,4.766053
'[17:34:54.476 21/01/2026]',-4.910784,-9.576951,-2.370311,-4.533508,4.610755E-10,4.610755E-10,-6.558786,-5.327981
'[17:34:54.484 21/01/2026]',-0.5734367,1.580123,-2.799884,-2.097888,4.610755E-10,4.610755E-10,-0.09432665,-4.125758
'[17:34:54.492 21/01/2026]',4.331778,7.316428,5.231289,6.020654,4.610755E-10,4.610755E-10,4.449958,7.015532
'[17:34:54.500 21/01/2026]',4.331778,7.316428,5.231289,6.020654,4.610755E-10,4.610755E-10,4.449958,7.015532
'[17:34:54.508 21/01/2026]',4.331778,7.316428,5.231289,6.020654,4.610755E-10,4.610755E-10,4.449958,7.015532
'[17:34:54.516 21/01/2026]',-1.064492,-1.819847,0.7856586,1.09324,4.610755E-10,4.610755E-10,1.24354,0.2271136
'[17:34:54.524 21/01/2026]',-1.064492,-1.819847,0.7856586,1.09324,4.610755E-10,4.610755E-10,1.24354,0.2271136
'[17:34:54.532 21/01/2026]',1.010142,-2.863366,-2.854917,-4.081158,4.610755E-10,4.610755E-10,-5.16884,-3.54323
'[17:34:54.540 21/01/2026]',1.010142,-2.863366,-2.854917,-4.081158,4.610755E-10,4.610755E-10,-5.16884,-3.54323
'[17:34:54.548 21/01/2026]',1.010142,-2.863366,-2.854917,-4.081158,4.610755E-10,4.610755E-10,-5.16884,-3.54323
'[17:34:54.556 21/01/2026]',-4.555137,-5.679983,-1.478308,-0.9664708,4.610755E-10,4.610755E-10,-0.1553091,-2.046885
'[17:34:54.564 21/01/2026]',-4.555137,-5.679983,-1.478308,-0.9664708,4.610755E-10,4.610755E-10,-0.1553091,-2.046885
'[17:34:54.572 21/01/2026]',-4.555137,-5.679983,-1.478308,-0.9664708,4.610755E-10,4.610755E-10,-0.1553091,-2.046885
'[17:34:54.580 21/01/2026]',-4.555137,-5.679983,-1.478308,-0.9664708,4.610755E-10,4.610755E-10,-0.1553091,-2.046885
'[17:34:54.588 21/01/2026]',-4.555137,-5.679983,-1.478308,-0.9664708,4.610755E-10,4.610755E-10,-0.1553091,-2.046885
'[17:34:54.596 21/01/2026]',-1.166155,4.236524,-0.3657184,-0.2207534,4.610755E-10,4.610755E-10,2.031608,3.026189
'[17:34:54.604 21/01/2026]',6.477952,1.331167,4.72586,3.822946,4.610755E-10,4.610755E-10,2.265541,3.068885
'[17:34:54.612 21/01/2026]',-3.534734,-4.928775,-1.854043,-2.000725,4.610755E-10,4.610755E-10,-3.752901,-5.534212
'[17:34:54.620 21/01/2026]',-3.534734,-4.928775,-1.854043,-2.000725,4.610755E-10,4.610755E-10,-3.752901,-5.534212
'[17:34:54.628 21/01/2026]',-1.770132,2.944899,-3.169978,-0.8098762,4.610755E-10,4.610755E-10,-1.988324,-0.4316914
'[17:34:54.636 21/01/2026]',-1.770132,2.944899,-3.169978,-0.8098762,4.610755E-10,4.610755E-10,-1.988324,-0.4316914
'[17:34:54.644 21/01/2026]',-1.770132,2.944899,-3.169978,-0.8098762,4.610755E-10,4.610755E-10,-1.988324,-0.4316914
'[17:34:54.652 21/01/2026]',0.7348554,-2.038065,0.2740538,-1.507954,4.610755E-10,4.610755E-10,5.820977,4.998607
'[17:34:54.660 21/01/2026]',-2.340096,-5.735955,-0.6984913,-2.166913,4.610755E-10,4.610755E-10,-6.032215,-5.665056
'[17:34:54.668 21/01/2026]',-2.340096,-5.735955,-0.6984913,-2.166913,4.610755E-10,4.610755E-10,-6.032215,-5.665056
'[17:34:54.676 21/01/2026]',-2.340096,-5.735955,-0.6984913,-2.166913,4.610755E-10,4.610755E-10,-6.032215,-5.665056
'[17:34:54.684 21/01/2026]',-2.340096,-5.735955,-0.6984913,-2.166913,4.610755E-10,4.610755E-10,-6.032215,-5.665056
'[17:34:54.692 21/01/2026]',2.938671,7.792774,1.721832,5.55813,4.610755E-10,4.610755E-10,3.19873,3.402561
'[17:34:54.700 21/01/2026]',2.406229,6.509503,1.910635,-0.2052148,4.610755E-10,4.610755E-10,1.420437,1.16848
'[17:34:54.708 21/01/2026]',2.406229,6.509503,1.910635,-0.2052148,4.610755E-10,4.610755E-10,1.420437,1.16848
'[17:34:54.716 21/01/2026]',-3.487999,-12.68506,-2.49941,-4.086116,4.610755E-10,4.610755E-10,-1.530837,-2.650571
'[17:34:54.724 21/01/2026]',-3.487999,-12.68506,-2.49941,-4.086116,4.610755E-10,4.610755E-10,-1.530837,-2.650571
'[17:34:54.732 21/01/2026]',-0.7152148,-0.07921881,-0.7543411,2.060839,4.610755E-10,4.610755E-10,-4.528543,-2.599603
'[17:34:54.740 21/01/2026]',-0.7152148,-0.07921881,-0.7543411,2.060839,4.610755E-10,4.610755E-10,-4.528543,-2.599603
'[17:34:54.748 21/01/2026]',-0.7152148,-0.07921881,-0.7543411,2.060839,4.610755E-10,4.610755E-10,-4.528543,-2.599603
'[17:34:54.756 21/01/2026]',-0.7152148,-0.07921881,-0.7543411,2.060839,4.610755E-10,4.610755E-10,-4.528543,-2.599603
'[17:34:54.764 21/01/2026]',2.40247,9.022414,3.146639,2.21178,4.610755E-10,4.610755E-10,8.15351,6.185495
'[17:34:54.772 21/01/2026]',0.08687797,-5.733936,-1.233628,-2.874383,4.610755E-10,4.610755E-10,-5.247097,-2.115299
'[17:34:54.780 21/01/2026]',0.08687797,-5.733936,-1.233628,-2.874383,4.610755E-10,4.610755E-10,-5.247097,-2.115299
'[17:34:54.788 21/01/2026]',-1.26894,-0.7226624,-2.025064,-0.406257,4.610755E-10,4.610755E-10,2.038078,-0.2107453
'[17:34:54.796 21/01/2026]',-0.2831176,2.558872,1.187518,1.996882,4.610755E-10,4.610755E-10,-1.160074,-1.425755
'[17:34:54.804 21/01/2026]',-0.2831176,2.558872,1.187518,1.996882,4.610755E-10,4.610755E-10,-1.160074,-1.425755
'[17:34:54.812 21/01/2026]',5.248955,4.598784,3.253008,1.550574,4.610755E-10,4.610755E-10,0.5730623,1.898477
'[17:34:54.820 21/01/2026]',5.248955,4.598784,3.253008,1.550574,4.610755E-10,4.610755E-10,0.5730623,1.898477
'[17:34:54.828 21/01/2026]',5.248955,4.598784,3.253008,1.550574,4.610755E-10,4.610755E-10,0.5730623,1.898477
'[17:34:54.836 21/01/2026]',5.248955,4.598784,3.253008,1.550574,4.610755E-10,4.610755E-10,0.5730623,1.898477
'[17:34:54.844 21/01/2026]',-8.182574,-22.01133,-2.877178,-4.618144,4.610755E-10,4.610755E-10,-0.995384,-2.619854
'[17:34:54.852 21/01/2026]',-8.182574,-22.01133,-2.877178,-4.618144,4.610755E-10,4.610755E-10,-0.995384,-2.619854
'[17:34:54.860 21/01/2026]',6.254328,22.84605,2.254427,5.786439,4.610755E-10,4.610755E-10,3.901418,4.219806
'[17:34:54.868 21/01/2026]',6.254328,22.84605,2.254427,5.786439,4.610755E-10,4.610755E-10,3.901418,4.219806
'[17:34:54.876 21/01/2026]',-2.467923,-6.967031,-2.21192,-6.265606,4.610755E-10,4.610755E-10,-4.854734,-3.413858
'[17:34:54.884 21/01/2026]',-2.136362,-7.667094,1.63062,2.53805,4.610755E-10,4.610755E-10,2.472486,0.3199187
'[17:34:54.892 21/01/2026]',-2.136362,-7.667094,1.63062,2.53805,4.610755E-10,4.610755E-10,2.472486,0.3199187
'[17:34:54.900 21/01/2026]',4.994128,13.73143,2.467485,3.651082,4.610755E-10,4.610755E-10,2.881773,4.478828
'[17:34:54.908 21/01/2026]',4.994128,13.73143,2.467485,3.651082,4.610755E-10,4.610755E-10,2.881773,4.478828
'[17:34:54.916 21/01/2026]',4.994128,13.73143,2.467485,3.651082,4.610755E-10,4.610755E-10,2.881773,4.478828
'[17:34:54.924 21/01/2026]',-6.158142,-12.72437,-4.035093,-5.775669,4.610755E-10,4.610755E-10,-3.599055,-3.55258
'[17:34:54.932 21/01/2026]',-6.158142,-12.72437,-4.035093,-5.775669,4.610755E-10,4.610755E-10,-3.599055,-3.55258
'[17:34:54.940 21/01/2026]',-6.158142,-12.72437,-4.035093,-5.775669,4.610755E-10,4.610755E-10,-3.599055,-3.55258
'[17:34:54.948 21/01/2026]',3.901128,5.798099,0.255197,0.8453817,4.610755E-10,4.610755E-10,-2.709806,-2.426566
'[17:34:54.956 21/01/2026]',3.901128,5.798099,0.255197,0.8453817,4.610755E-10,4.610755E-10,-2.709806,-2.426566
'[17:34:54.964 21/01/2026]',0.3135337,2.813533,4.530001,4.755873,4.610755E-10,4.610755E-10,6.443218,4.071077
'[17:34:54.972 21/01/2026]',0.3135337,2.813533,4.530001,4.755873,4.610755E-10,4.610755E-10,6.443218,4.071077
'[17:34:54.980 21/01/2026]',-0.8459882,-3.934013,-3.070766,-3.507152,4.610755E-10,4.610755E-10,-0.953283,2.545554
'[17:34:54.988 21/01/2026]',-0.8459882,-3.934013,-3.070766,-3.507152,4.610755E-10,4.610755E-10,-0.953283,2.545554
'[17:34:54.996 21/01/2026]',-5.307642,-8.079111,-5.104802,-6.658648,4.610755E-10,4.610755E-10,-6.91524,-10.05161
'[17:34:55.004 21/01/2026]',-5.307642,-8.079111,-5.104802,-6.658648,4.610755E-10,4.610755E-10,-6.91524,-10.05161
'[17:34:55.012 21/01/2026]',7.842027,11.49633,8.757156,9.699459,4.610755E-10,4.610755E-10,6.893425,8.650938
'[17:34:55.020 21/01/2026]',-3.904555,-3.770043,-5.050272,-3.671736,4.610755E-10,4.610755E-10,-1.651134,-0.3121464
'[17:34:55.028 21/01/2026]',-3.904555,-3.770043,-5.050272,-3.671736,4.610755E-10,4.610755E-10,-1.651134,-0.3121464
'[17:34:55.036 21/01/2026]',-0.05060522,-2.044213,1.369599,-0.2376879,4.610755E-10,4.610755E-10,-1.033479,-2.877032
'[17:34:55.044 21/01/2026]',-0.05060522,-2.044213,1.369599,-0.2376879,4.610755E-10,4.610755E-10,-1.033479,-2.877032
'[17:34:55.052 21/01/2026]',-0.05060522,-2.044213,1.369599,-0.2376879,4.610755E-10,4.610755E-10,-1.033479,-2.877032
'[17:34:55.060 21/01/2026]',2.757608,2.339716,1.605339,1.903219,4.610755E-10,4.610755E-10,2.511535,1.21095
'[17:34:55.068 21/01/2026]',2.757608,2.339716,1.605339,1.903219,4.610755E-10,4.610755E-10,2.511535,1.21095
'[17:34:55.076 21/01/2026]',-2.530557,-3.492172,-4.506041,-4.625861,4.610755E-10,4.610755E-10,-5.468976,-2.971816
'[17:34:55.084 21/01/2026]',-2.530557,-3.492172,-4.506041,-4.625861,4.610755E-10,4.610755E-10,-5.468976,-2.971816
'[17:34:55.092 21/01/2026]',0.04261901,2.067382,3.158482,2.762065,4.610755E-10,4.610755E-10,3.093744,2.031449
'[17:34:55.100 21/01/2026]',0.04261901,2.067382,3.158482,2.762065,4.610755E-10,4.610755E-10,3.093744,2.031449
'[17:34:55.108 21/01/2026]',0.04261901,2.067382,3.158482,2.762065,4.610755E-10,4.610755E-10,3.093744,2.031449
'[17:34:55.116 21/01/2026]',0.4661127,-0.5551691,-1.937263,-0.05840626,4.610755E-10,4.610755E-10,2.120815,3.057367
'[17:34:55.124 21/01/2026]',0.4661127,-0.5551691,-1.937263,-0.05840626,4.610755E-10,4.610755E-10,2.120815,3.057367
'[17:34:55.132 21/01/2026]',0.6821018,2.239505,2.43095,1.262084,4.610755E-10,4.610755E-10,-2.894179,-3.313848
'[17:34:55.140 21/01/2026]',-3.89839,-5.236468,-5.544559,-5.268879,4.610755E-10,4.610755E-10,-2.33339,-3.803495
'[17:34:55.148 21/01/2026]',-3.89839,-5.236468,-5.544559,-5.268879,4.610755E-10,4.610755E-10,-2.33339,-3.803495
'[17:34:55.156 21/01/2026]',-3.89839,-5.236468,-5.544559,-5.268879,4.610755E-10,4.610755E-10,-2.33339,-3.803495
'[17:34:55.164 21/01/2026]',4.605803,5.145046,6.672781,6.174572,4.610755E-10,4.610755E-10,2.890404,5.308366
'[17:34:55.172 21/01/2026]',4.605803,5.145046,6.672781,6.174572,4.610755E-10,4.610755E-10,2.890404,5.308366
'[17:34:55.180 21/01/2026]',-1.694037,1.830254,-2.042861,-1.464991,4.610755E-10,4.610755E-10,1.765919,0.001285704
'[17:34:55.188 21/01/2026]',-1.694037,1.830254,-2.042861,-1.464991,4.610755E-10,4.610755E-10,1.765919,0.001285704
'[17:34:55.196 21/01/2026]',-4.349888,-5.101915,-1.276709,-1.13616,4.610755E-10,4.610755E-10,-0.497355,-2.072648
'[17:34:55.204 21/01/2026]',-4.349888,-5.101915,-1.276709,-1.13616,4.610755E-10,4.610755E-10,-0.497355,-2.072648
'[17:34:55.212 21/01/2026]',5.443462,1.368647,2.643608,0.292237,4.610755E-10,4.610755E-10,-3.455779,-1.730177
'[17:34:55.220 21/01/2026]',-1.718754,1.444849,-3.253221,-0.1690622,4.610755E-10,4.610755E-10,0.1228056,1.732445
'[17:34:55.228 21/01/2026]',-1.718754,1.444849,-3.253221,-0.1690622,4.610755E-10,4.610755E-10,0.1228056,1.732445
'[17:34:55.236 21/01/2026]',-2.150479,-2.954574,0.06596925,-1.304228,4.610755E-10,4.610755E-10,3.645598,1.458233
'[17:34:55.244 21/01/2026]',-2.150479,-2.954574,0.06596925,-1.304228,4.610755E-10,4.610755E-10,3.645598,1.458233
'[17:34:55.252 21/01/2026]',1.970852,3.446558,3.098933,2.871275,4.610755E-10,4.610755E-10,-0.08919387,-1.088698
'[17:34:55.260 21/01/2026]',1.970852,3.446558,3.098933,2.871275,4.610755E-10,4.610755E-10,-0.08919387,-1.088698
'[17:34:55.268 21/01/2026]',1.970852,3.446558,3.098933,2.871275,4.610755E-10,4.610755E-10,-0.08919387,-1.088698
'[17:34:55.276 21/01/2026]',1.970852,3.446558,3.098933,2.871275,4.610755E-10,4.610755E-10,-0.08919387,-1.088698
'[17:34:55.284 21/01/2026]',1.970852,3.446558,3.098933,2.871275,4.610755E-10,4.610755E-10,-0.08919387,-1.088698
'[17:34:55.292 21/01/2026]',-0.1117805,-1.42457,-2.401109,-0.8381681,4.610755E-10,4.610755E-10,-1.929608,-1.430723
'[17:34:55.300 21/01/2026]',0.2471856,0.5807166,-0.07789946,-1.283418,4.610755E-10,4.610755E-10,0.1117513,2.142763
'[17:34:55.308 21/01/2026]',-3.549693,-5.15436,-1.019289,-1.530601,4.610755E-10,4.610755E-10,-1.336415,-3.093926
'[17:34:55.316 21/01/2026]',4.391109,5.857914,2.197037,2.139696,4.610755E-10,4.610755E-10,1.777289,2.080974
'[17:34:55.324 21/01/2026]',4.391109,5.857914,2.197037,2.139696,4.610755E-10,4.610755E-10,1.777289,2.080974
'[17:34:55.332 21/01/2026]',-1.730412,-14.51577,-2.239558,-2.019045,4.610755E-10,4.610755E-10,-0.1124279,-0.6443313
'[17:34:55.340 21/01/2026]',-1.730412,-14.51577,-2.239558,-2.019045,4.610755E-10,4.610755E-10,-0.1124279,-0.6443313
'[17:34:55.348 21/01/2026]',-1.730412,-14.51577,-2.239558,-2.019045,4.610755E-10,4.610755E-10,-0.1124279,-0.6443313
'[17:34:55.356 21/01/2026]',0.1029913,10.50082,2.281754,2.454666,4.610755E-10,4.610755E-10,-0.5326292,-0.5358161
'[17:34:55.364 21/01/2026]',0.1029913,10.50082,2.281754,2.454666,4.610755E-10,4.610755E-10,-0.5326292,-0.5358161
'[17:34:55.372 21/01/2026]',-2.251973,9.581723,-2.216423,-0.0813745,4.610755E-10,4.610755E-10,-2.283229,0.3726874
'[17:34:55.380 21/01/2026]',-2.251973,9.581723,-2.216423,-0.0813745,4.610755E-10,4.610755E-10,-2.283229,0.3726874
'[17:34:55.388 21/01/2026]',2.613633,-11.11638,3.772555,1.464289,4.610755E-10,4.610755E-10,8.458469,2.810565
'[17:34:55.396 21/01/2026]',2.613633,-11.11638,3.772555,1.464289,4.610755E-10,4.610755E-10,8.458469,2.810565
'[17:34:55.404 21/01/2026]',-2.213174,-1.362965,-6.325649,-6.384585,4.610755E-10,4.610755E-10,-7.8307,-2.737862
'[17:34:55.412 21/01/2026]',-2.213174,-1.362965,-6.325649,-6.384585,4.610755E-10,4.610755E-10,-7.8307,-2.737862
'[17:34:55.420 21/01/2026]',-2.213174,-1.362965,-6.325649,-6.384585,4.610755E-10,4.610755E-10,-7.8307,-2.737862
'[17:34:55.428 21/01/2026]',-2.213174,-1.362965,-6.325649,-6.384585,4.610755E-10,4.610755E-10,-7.8307,-2.737862
'[17:34:55.436 21/01/2026]',-2.213174,-1.362965,-6.325649,-6.384585,4.610755E-10,4.610755E-10,-7.8307,-2.737862
'[17:34:55.444 21/01/2026]',-2.439876,2.821698,2.008717,3.580963,4.610755E-10,4.610755E-10,-0.6206368,-2.034611
'[17:34:55.452 21/01/2026]',-18.8019,-13.94836,-7.068689,-6.255274,4.610755E-10,4.610755E-10,2.869868,0.1994815
'[17:34:55.460 21/01/2026]',-12.37625,-18.94258,-7.229739,-9.053086,4.610755E-10,4.610755E-10,-5.128811,-2.2885
'[17:34:55.468 21/01/2026]',66.33533,48.11885,25.62328,23.12508,4.610755E-10,4.610755E-10,3.37048,2.094506
'[17:34:55.476 21/01/2026]',-3.130734,20.32918,2.207819,6.010858,4.610755E-10,4.610755E-10,2.771566,4.776574
'[17:34:55.484 21/01/2026]',-3.130734,20.32918,2.207819,6.010858,4.610755E-10,4.610755E-10,2.771566,4.776574
'[17:34:55.492 21/01/2026]',-43.41211,-40.53362,-18.197,-17.42253,4.610755E-10,4.610755E-10,-0.1553427,-2.89398
'[17:34:55.500 21/01/2026]',-43.41211,-40.53362,-18.197,-17.42253,4.610755E-10,4.610755E-10,-0.1553427,-2.89398
'[17:34:55.508 21/01/2026]',-43.41211,-40.53362,-18.197,-17.42253,4.610755E-10,4.610755E-10,-0.1553427,-2.89398
'[17:34:55.516 21/01/2026]',-43.41211,-40.53362,-18.197,-17.42253,4.610755E-10,4.610755E-10,-0.1553427,-2.89398
'[17:34:55.524 21/01/2026]',10.74045,-5.471331,2.254316,-0.2067974,4.610755E-10,4.610755E-10,-2.533875,-0.5064345
'[17:34:55.532 21/01/2026]',12.20156,17.26275,7.137575,7.527883,4.610755E-10,4.610755E-10,1.362495,0.0946762
'[17:34:55.540 21/01/2026]',-3.460416,0.8024989,-1.135177,0.02730932,4.610755E-10,4.610755E-10,-0.2016875,-0.1971718
'[17:34:55.548 21/01/2026]',-3.460416,0.8024989,-1.135177,0.02730932,4.610755E-10,4.610755E-10,-0.2016875,-0.1971718
'[17:34:55.556 21/01/2026]',-3.460416,0.8024989,-1.135177,0.02730932,4.610755E-10,4.610755E-10,-0.2016875,-0.1971718
'[17:34:55.564 21/01/2026]',-11.87016,-11.6004,-5.688766,-5.278482,4.610755E-10,4.610755E-10,-0.1926493,1.971017
'[17:34:55.572 21/01/2026]',-11.87016,-11.6004,-5.688766,-5.278482,4.610755E-10,4.610755E-10,-0.1926493,1.971017
'[17:34:55.580 21/01/2026]',6.277386,1.329472,2.499106,-0.2928605,4.610755E-10,4.610755E-10,-1.549198,-4.598569
'[17:34:55.588 21/01/2026]',6.277386,1.329472,2.499106,-0.2928605,4.610755E-10,4.610755E-10,-1.549198,-4.598569
'[17:34:55.596 21/01/2026]',6.277386,1.329472,2.499106,-0.2928605,4.610755E-10,4.610755E-10,-1.549198,-4.598569
'[17:34:55.604 21/01/2026]',3.785201,4.327263,1.044501,2.348178,4.610755E-10,4.610755E-10,0.3110994,2.745408
'[17:34:55.612 21/01/2026]',3.785201,4.327263,1.044501,2.348178,4.610755E-10,4.610755E-10,0.3110994,2.745408
'[17:34:55.620 21/01/2026]',3.785201,4.327263,1.044501,2.348178,4.610755E-10,4.610755E-10,0.3110994,2.745408
'[17:34:55.628 21/01/2026]',-5.214693,-2.522306,-0.3491473,-0.05333042,4.610755E-10,4.610755E-10,0.6866324,-0.2487859
'[17:34:55.636 21/01/2026]',-1.40606,5.311265,-1.453178,0.303884,4.610755E-10,4.610755E-10,2.702335,1.808004
'[17:34:55.644 21/01/2026]',-1.40606,5.311265,-1.453178,0.303884,4.610755E-10,4.610755E-10,2.702335,1.808004
'[17:34:55.652 21/01/2026]',4.827084,2.008605,4.927269,4.477611,4.610755E-10,4.610755E-10,2.524089,2.979245
'[17:34:55.660 21/01/2026]',4.827084,2.008605,4.927269,4.477611,4.610755E-10,4.610755E-10,2.524089,2.979245
'[17:34:55.668 21/01/2026]',0.9404857,-13.15142,-4.982155,-7.897283,4.610755E-10,4.610755E-10,-7.948707,-7.789481
'[17:34:55.676 21/01/2026]',0.9404857,-13.15142,-4.982155,-7.897283,4.610755E-10,4.610755E-10,-7.948707,-7.789481
'[17:34:55.684 21/01/2026]',-3.828496,10.11462,1.511879,3.058444,4.610755E-10,4.610755E-10,1.336933,0.8117195
'[17:34:55.692 21/01/2026]',-3.828496,10.11462,1.511879,3.058444,4.610755E-10,4.610755E-10,1.336933,0.8117195
'[17:34:55.700 21/01/2026]',-0.7529981,-0.2507285,-0.05020606,1.760535,4.610755E-10,4.610755E-10,4.489195,6.37366
'[17:34:55.708 21/01/2026]',-0.7529981,-0.2507285,-0.05020606,1.760535,4.610755E-10,4.610755E-10,4.489195,6.37366
'[17:34:55.716 21/01/2026]',2.864235,-3.771277,-0.3501825,-2.334593,4.610755E-10,4.610755E-10,-4.460615,-6.022274
'[17:34:55.724 21/01/2026]',2.864235,-3.771277,-0.3501825,-2.334593,4.610755E-10,4.610755E-10,-4.460615,-6.022274
'[17:34:55.732 21/01/2026]',2.385264,-10.49767,3.09558,0.06981111,4.610755E-10,4.610755E-10,0.423173,-2.620236
'[17:34:55.740 21/01/2026]',2.385264,-10.49767,3.09558,0.06981111,4.610755E-10,4.610755E-10,0.423173,-2.620236
'[17:34:55.748 21/01/2026]',2.385264,-10.49767,3.09558,0.06981111,4.610755E-10,4.610755E-10,0.423173,-2.620236
'[17:34:55.756 21/01/2026]',2.385264,-10.49767,3.09558,0.06981111,4.610755E-10,4.610755E-10,0.423173,-2.620236
'[17:34:55.764 21/01/2026]',-1.726545,19.8692,-2.062637,3.123536,4.610755E-10,4.610755E-10,2.264244,6.861558
'[17:34:55.772 21/01/2026]',-1.726545,19.8692,-2.062637,3.123536,4.610755E-10,4.610755E-10,2.264244,6.861558
'[17:34:55.780 21/01/2026]',-1.726545,19.8692,-2.062637,3.123536,4.610755E-10,4.610755E-10,2.264244,6.861558
'[17:34:55.788 21/01/2026]',-2.087094,-5.293214,-0.1476365,-1.481045,4.610755E-10,4.610755E-10,-2.30213,-3.113678
'[17:34:55.796 21/01/2026]',-0.1657845,-9.208046,-1.880357,-2.913951,4.610755E-10,4.610755E-10,2.51792,-1.239982
'[17:34:55.804 21/01/2026]',1.569881,4.755467,-0.3354809,0.445625,4.610755E-10,4.610755E-10,-4.21566,2.213725
'[17:34:55.812 21/01/2026]',1.569881,4.755467,-0.3354809,0.445625,4.610755E-10,4.610755E-10,-4.21566,2.213725
'[17:34:55.820 21/01/2026]',0.6721802,2.511495,4.460275,3.850833,4.610755E-10,4.610755E-10,3.882123,-0.7290552
'[17:34:55.828 21/01/2026]',0.6721802,2.511495,4.460275,3.850833,4.610755E-10,4.610755E-10,3.882123,-0.7290552
'[17:34:55.836 21/01/2026]',0.6721802,2.511495,4.460275,3.850833,4.610755E-10,4.610755E-10,3.882123,-0.7290552
'[17:34:55.844 21/01/2026]',-1.295478,-2.301514,-4.853122,-3.305268,4.610755E-10,4.610755E-10,-0.3467968,-0.7411256
'[17:34:55.852 21/01/2026]',-1.295478,-2.301514,-4.853122,-3.305268,4.610755E-10,4.610755E-10,-0.3467968,-0.7411256
'[17:34:55.860 21/01/2026]',0.3378022,-1.32973,3.474622,1.040332,4.610755E-10,4.610755E-10,-0.9622883,1.172352
'[17:34:55.868 21/01/2026]',0.3378022,-1.32973,3.474622,1.040332,4.610755E-10,4.610755E-10,-0.9622883,1.172352
'[17:34:55.876 21/01/2026]',-1.35281,1.540699,-4.277015,-1.994676,4.610755E-10,4.610755E-10,-2.160427,-1.694559
'[17:34:55.884 21/01/2026]',-1.35281,1.540699,-4.277015,-1.994676,4.610755E-10,4.610755E-10,-2.160427,-1.694559
'[17:34:55.892 21/01/2026]',3.596443,2.61653,4.1332,3.424329,4.610755E-10,4.610755E-10,3.600842,2.118364
'[17:34:55.900 21/01/2026]',3.596443,2.61653,4.1332,3.424329,4.610755E-10,4.610755E-10,3.600842,2.118364
'[17:34:55.908 21/01/2026]',-1.377111,-4.03715,1.150939,-0.9824598,4.610755E-10,4.610755E-10,-1.230031,-1.758815
'[17:34:55.916 21/01/2026]',-1.377111,-4.03715,1.150939,-0.9824598,4.610755E-10,4.610755E-10,-1.230031,-1.758815
'[17:34:55.924 21/01/2026]',-1.377111,-4.03715,1.150939,-0.9824598,4.610755E-10,4.610755E-10,-1.230031,-1.758815
'[17:34:55.932 21/01/2026]',-1.300148,-1.564192,-3.37011,-1.262,4.610755E-10,4.610755E-10,-1.728148,0.2637206
'[17:34:55.940 21/01/2026]',0.5389184,3.156126,1.472001,0.6617852,4.610755E-10,4.610755E-10,2.375163,1.100199
'[17:34:55.948 21/01/2026]',0.5389184,3.156126,1.472001,0.6617852,4.610755E-10,4.610755E-10,2.375163,1.100199
'[17:34:55.956 21/01/2026]',0.5389184,3.156126,1.472001,0.6617852,4.610755E-10,4.610755E-10,2.375163,1.100199
'[17:34:55.964 21/01/2026]',0.7063432,-3.419485,-0.09743711,-0.1724716,4.610755E-10,4.610755E-10,-1.323142,-1.231189
'[17:34:55.972 21/01/2026]',2.542442,4.947474,3.507188,3.405196,4.610755E-10,4.610755E-10,2.742863,2.911324
'[17:34:55.980 21/01/2026]',2.542442,4.947474,3.507188,3.405196,4.610755E-10,4.610755E-10,2.742863,2.911324
'[17:34:55.988 21/01/2026]',2.542442,4.947474,3.507188,3.405196,4.610755E-10,4.610755E-10,2.742863,2.911324
'[17:34:55.996 21/01/2026]',-4.501938,-4.699879,-4.44925,-4.789994,4.610755E-10,4.610755E-10,-2.519552,-2.479787
'[17:34:56.004 21/01/2026]',1.663478,-0.08479493,2.332733,1.839593,4.610755E-10,4.610755E-10,1.329527,0.5935205
'[17:34:56.012 21/01/2026]',1.663478,-0.08479493,2.332733,1.839593,4.610755E-10,4.610755E-10,1.329527,0.5935205
'[17:34:56.020 21/01/2026]',4.517231,0.9676518,2.203862,2.333857,4.610755E-10,4.610755E-10,0.9394972,1.59799
'[17:34:56.028 21/01/2026]',4.517231,0.9676518,2.203862,2.333857,4.610755E-10,4.610755E-10,0.9394972,1.59799
'[17:34:56.036 21/01/2026]',4.517231,0.9676518,2.203862,2.333857,4.610755E-10,4.610755E-10,0.9394972,1.59799
'[17:34:56.044 21/01/2026]',-3.17003,3.417636,-0.5753353,0.38677,4.610755E-10,4.610755E-10,0.8827771,0.213531
'[17:34:56.052 21/01/2026]',-0.7264122,-2.755431,-3.696771,-4.202142,4.610755E-10,4.610755E-10,-4.622971,-3.194171
'[17:34:56.060 21/01/2026]',-0.7264122,-2.755431,-3.696771,-4.202142,4.610755E-10,4.610755E-10,-4.622971,-3.194171
'[17:34:56.068 21/01/2026]',-0.7264122,-2.755431,-3.696771,-4.202142,4.610755E-10,4.610755E-10,-4.622971,-3.194171
'[17:34:56.076 21/01/2026]',-0.7264122,-2.755431,-3.696771,-4.202142,4.610755E-10,4.610755E-10,-4.622971,-3.194171
'[17:34:56.084 21/01/2026]',-0.03719114,-0.1766951,3.8252,3.255959,4.610755E-10,4.610755E-10,3.256038,2.785758
'[17:34:56.092 21/01/2026]',2.842044,-0.3246131,1.450685,2.148164,4.610755E-10,4.610755E-10,2.859169,2.692795
'[17:34:56.100 21/01/2026]',2.842044,-0.3246131,1.450685,2.148164,4.610755E-10,4.610755E-10,2.859169,2.692795
'[17:34:56.108 21/01/2026]',-3.188293,0.6799586,-3.954151,-4.179574,4.610755E-10,4.610755E-10,-2.811509,-4.157629
'[17:34:56.116 21/01/2026]',-3.188293,0.6799586,-3.954151,-4.179574,4.610755E-10,4.610755E-10,-2.811509,-4.157629
'[17:34:56.124 21/01/2026]',-3.188293,0.6799586,-3.954151,-4.179574,4.610755E-10,4.610755E-10,-2.811509,-4.157629
'[17:34:56.132 21/01/2026]',-1.469711,-0.7328143,-0.6424364,-0.3179161,4.610755E-10,4.610755E-10,-3.033686,0.7531162
'[17:34:56.140 21/01/2026]',3.553039,-0.2189946,2.892256,1.716945,4.610755E-10,4.610755E-10,2.34247,-0.8735627
'[17:34:56.148 21/01/2026]',-3.046265,2.454167,0.7924301,1.994992,4.610755E-10,4.610755E-10,3.714613,4.757555
'[17:34:56.156 21/01/2026]',-3.046265,2.454167,0.7924301,1.994992,4.610755E-10,4.610755E-10,3.714613,4.757555
'[17:34:56.164 21/01/2026]',-3.046265,2.454167,0.7924301,1.994992,4.610755E-10,4.610755E-10,3.714613,4.757555
'[17:34:56.172 21/01/2026]',5.011694,1.515266,1.140819,0.405375,4.610755E-10,4.610755E-10,-1.334756,-2.307331
'[17:34:56.180 21/01/2026]',-3.406225,-6.073661,-5.393901,-6.237024,4.610755E-10,4.610755E-10,-5.464557,-3.788943
'[17:34:56.188 21/01/2026]',-3.406225,-6.073661,-5.393901,-6.237024,4.610755E-10,4.610755E-10,-5.464557,-3.788943
'[17:34:56.196 21/01/2026]',1.697054,3.466337,5.687109,5.728883,4.610755E-10,4.610755E-10,4.283049,1.904086
'[17:34:56.204 21/01/2026]',-3.398361,-1.943243,-3.099921,-3.625196,4.610755E-10,4.610755E-10,0.38845,2.7248
'[17:34:56.212 21/01/2026]',-3.398361,-1.943243,-3.099921,-3.625196,4.610755E-10,4.610755E-10,0.38845,2.7248
'[17:34:56.220 21/01/2026]',2.610124,2.750763,-2.062445,-0.06870727,4.610755E-10,4.610755E-10,-1.821923,-2.589024
'[17:34:56.228 21/01/2026]',2.610124,2.750763,-2.062445,-0.06870727,4.610755E-10,4.610755E-10,-1.821923,-2.589024
'[17:34:56.236 21/01/2026]',1.615985,-3.753862,6.00179,4.700561,4.610755E-10,4.610755E-10,1.184533,0.5203292
'[17:34:56.244 21/01/2026]',1.615985,-3.753862,6.00179,4.700561,4.610755E-10,4.610755E-10,1.184533,0.5203292
'[17:34:56.252 21/01/2026]',1.538721,6.909236,-0.2901126,-0.6891626,4.610755E-10,4.610755E-10,1.18299,1.260551
'[17:34:56.260 21/01/2026]',1.538721,6.909236,-0.2901126,-0.6891626,4.610755E-10,4.610755E-10,1.18299,1.260551
'[17:34:56.268 21/01/2026]',-3.688617,-3.750368,-1.744878,-2.463036,4.610755E-10,4.610755E-10,-0.4075255,0.4089147
'[17:34:56.276 21/01/2026]',-3.688617,-3.750368,-1.744878,-2.463036,4.610755E-10,4.610755E-10,-0.4075255,0.4089147
'[17:34:56.284 21/01/2026]',1.818609,-2.302505,-1.049156,0.1233962,4.610755E-10,4.610755E-10,-0.4196187,-1.213737
'[17:34:56.292 21/01/2026]',1.807043,6.219874,5.004928,3.780808,4.610755E-10,4.610755E-10,0.5110325,1.296675
'[17:34:56.300 21/01/2026]',-2.022486,-2.431625,-2.041089,-1.550852,4.610755E-10,4.610755E-10,0.2375507,-1.525429
'[17:34:56.308 21/01/2026]',-2.022486,-2.431625,-2.041089,-1.550852,4.610755E-10,4.610755E-10,0.2375507,-1.525429
'[17:34:56.316 21/01/2026]',-1.564835,-3.25898,-3.204209,-4.235429,4.610755E-10,4.610755E-10,-1.562705,0.3778955
'[17:34:56.324 21/01/2026]',-1.564835,-3.25898,-3.204209,-4.235429,4.610755E-10,4.610755E-10,-1.562705,0.3778955
'[17:34:56.332 21/01/2026]',-1.564835,-3.25898,-3.204209,-4.235429,4.610755E-10,4.610755E-10,-1.562705,0.3778955
'[17:34:56.340 21/01/2026]',3.761577,3.627714,4.994769,5.793254,4.610755E-10,4.610755E-10,2.309685,1.61833
'[17:34:56.348 21/01/2026]',-2.693637,-0.615461,-3.151716,-3.433936,4.610755E-10,4.610755E-10,-4.938678,-4.786795
'[17:34:56.356 21/01/2026]',-2.693637,-0.615461,-3.151716,-3.433936,4.610755E-10,4.610755E-10,-4.938678,-4.786795
'[17:34:56.364 21/01/2026]',0.7990277,-1.771308,0.5104294,0.06436261,4.610755E-10,4.610755E-10,4.271674,4.50668
'[17:34:56.372 21/01/2026]',-1.753474,1.51686,-0.2970228,0.3686012,4.610755E-10,4.610755E-10,-0.6330938,-1.099738
'[17:34:56.380 21/01/2026]',-1.753474,1.51686,-0.2970228,0.3686012,4.610755E-10,4.610755E-10,-0.6330938,-1.099738
'[17:34:56.388 21/01/2026]',-1.753474,1.51686,-0.2970228,0.3686012,4.610755E-10,4.610755E-10,-0.6330938,-1.099738
'[17:34:56.396 21/01/2026]',-1.753474,1.51686,-0.2970228,0.3686012,4.610755E-10,4.610755E-10,-0.6330938,-1.099738
'[17:34:56.404 21/01/2026]',-1.753474,1.51686,-0.2970228,0.3686012,4.610755E-10,4.610755E-10,-0.6330938,-1.099738
'[17:34:56.412 21/01/2026]',-0.05458323,-3.619346,-0.4840299,0.1127976,4.610755E-10,4.610755E-10,-0.2613422,-1.788159
'[17:34:56.420 21/01/2026]',-0.05458323,-3.619346,-0.4840299,0.1127976,4.610755E-10,4.610755E-10,-0.2613422,-1.788159
'[17:34:56.428 21/01/2026]',-0.05458323,-3.619346,-0.4840299,0.1127976,4.610755E-10,4.610755E-10,-0.2613422,-1.788159
'[17:34:56.436 21/01/2026]',2.56707,4.544123,2.238321,2.147535,4.610755E-10,4.610755E-10,-0.09988032,2.584287
'[17:34:56.444 21/01/2026]',2.56707,4.544123,2.238321,2.147535,4.610755E-10,4.610755E-10,-0.09988032,2.584287
'[17:34:56.452 21/01/2026]',2.56707,4.544123,2.238321,2.147535,4.610755E-10,4.610755E-10,-0.09988032,2.584287
'[17:34:56.460 21/01/2026]',-1.302048,1.159495,-2.961282,-3.800052,4.610755E-10,4.610755E-10,-2.713289,-2.680239
'[17:34:56.468 21/01/2026]',1.632565,-4.214498,4.631999,4.137357,4.610755E-10,4.610755E-10,4.681842,3.02395
'[17:34:56.476 21/01/2026]',-3.341237,1.875654,-3.902521,-1.749684,4.610755E-10,4.610755E-10,-0.9922498,-0.6681859
'[17:34:56.484 21/01/2026]',-3.341237,1.875654,-3.902521,-1.749684,4.610755E-10,4.610755E-10,-0.9922498,-0.6681859
'[17:34:56.492 21/01/2026]',3.993175,3.752259,1.73655,0.9045925,4.610755E-10,4.610755E-10,1.685679,1.779775
'[17:34:56.500 21/01/2026]',3.993175,3.752259,1.73655,0.9045925,4.610755E-10,4.610755E-10,1.685679,1.779775
'[17:34:56.508 21/01/2026]',0.2829712,-0.7601788,2.868514,1.784115,4.610755E-10,4.610755E-10,-1.187561,-0.7398729
'[17:34:56.516 21/01/2026]',0.2829712,-0.7601788,2.868514,1.784115,4.610755E-10,4.610755E-10,-1.187561,-0.7398729
'[17:34:56.524 21/01/2026]',-2.972153,-7.608094,-5.386713,-4.59254,4.610755E-10,4.610755E-10,-4.275056,-4.344074
'[17:34:56.532 21/01/2026]',-2.972153,-7.608094,-5.386713,-4.59254,4.610755E-10,4.610755E-10,-4.275056,-4.344074
'[17:34:56.540 21/01/2026]',-2.972153,-7.608094,-5.386713,-4.59254,4.610755E-10,4.610755E-10,-4.275056,-4.344074
'[17:34:56.548 21/01/2026]',2.114032,4.625135,4.823697,3.734421,4.610755E-10,4.610755E-10,5.449644,3.165739
'[17:34:56.556 21/01/2026]',-3.857204,0.4826639,-5.887588,-3.988416,4.610755E-10,4.610755E-10,-2.329808,1.336236
'[17:34:56.564 21/01/2026]',-3.857204,0.4826639,-5.887588,-3.988416,4.610755E-10,4.610755E-10,-2.329808,1.336236
'[17:34:56.572 21/01/2026]',2.857725,-2.607682,3.426106,1.81348,4.610755E-10,4.610755E-10,-1.699467,-3.846713
'[17:34:56.580 21/01/2026]',2.857725,-2.607682,3.426106,1.81348,4.610755E-10,4.610755E-10,-1.699467,-3.846713
'[17:34:56.588 21/01/2026]',2.857725,-2.607682,3.426106,1.81348,4.610755E-10,4.610755E-10,-1.699467,-3.846713
'[17:34:56.596 21/01/2026]',2.857725,-2.607682,3.426106,1.81348,4.610755E-10,4.610755E-10,-1.699467,-3.846713
'[17:34:56.604 21/01/2026]',1.478612,4.239323,3.182583,4.263808,4.610755E-10,4.610755E-10,3.283171,3.441764
'[17:34:56.612 21/01/2026]',1.478612,4.239323,3.182583,4.263808,4.610755E-10,4.610755E-10,3.283171,3.441764
'[17:34:56.620 21/01/2026]',1.478612,4.239323,3.182583,4.263808,4.610755E-10,4.610755E-10,3.283171,3.441764
'[17:34:56.628 21/01/2026]',-9.280128,-9.295992,-8.874516,-9.351316,4.610755E-10,4.610755E-10,-3.109453,-2.470149
'[17:34:56.636 21/01/2026]',0.2349507,6.211316,2.195381,3.074222,4.610755E-10,4.610755E-10,0.7240666,0.1759131
'[17:34:56.644 21/01/2026]',0.2349507,6.211316,2.195381,3.074222,4.610755E-10,4.610755E-10,0.7240666,0.1759131
'[17:34:56.652 21/01/2026]',17.46019,5.175873,9.210648,8.94558,4.610755E-10,4.610755E-10,2.319708,-0.04990697
'[17:34:56.660 21/01/2026]',-7.419667,-2.93471,-6.496049,-6.497813,4.610755E-10,4.610755E-10,-3.077537,0.9711531
'[17:34:56.668 21/01/2026]',-7.419667,-2.93471,-6.496049,-6.497813,4.610755E-10,4.610755E-10,-3.077537,0.9711531
'[17:34:56.676 21/01/2026]',-7.419667,-2.93471,-6.496049,-6.497813,4.610755E-10,4.610755E-10,-3.077537,0.9711531
'[17:34:56.684 21/01/2026]',-6.238215,-3.872104,-0.5725303,-2.02581,4.610755E-10,4.610755E-10,-1.233033,-3.576343
'[17:34:56.692 21/01/2026]',-6.238215,-3.872104,-0.5725303,-2.02581,4.610755E-10,4.610755E-10,-1.233033,-3.576343
'[17:34:56.700 21/01/2026]',-0.201338,-0.4846756,-3.484864,-0.1490481,4.610755E-10,4.610755E-10,1.472819,3.057654
'[17:34:56.708 21/01/2026]',-0.201338,-0.4846756,-3.484864,-0.1490481,4.610755E-10,4.610755E-10,1.472819,3.057654
'[17:34:56.716 21/01/2026]',5.398711,4.022723,4.874881,2.733418,4.610755E-10,4.610755E-10,3.055743,2.168065
'[17:34:56.724 21/01/2026]',5.398711,4.022723,4.874881,2.733418,4.610755E-10,4.610755E-10,3.055743,2.168065
'[17:34:56.732 21/01/2026]',0.01304407,-0.690477,-0.906863,0.3010654,4.610755E-10,4.610755E-10,-1.568365,-2.985387
'[17:34:56.740 21/01/2026]',0.01304407,-0.690477,-0.906863,0.3010654,4.610755E-10,4.610755E-10,-1.568365,-2.985387
'[17:34:56.748 21/01/2026]',0.01304407,-0.690477,-0.906863,0.3010654,4.610755E-10,4.610755E-10,-1.568365,-2.985387
'[17:34:56.756 21/01/2026]',-2.708993,-2.583539,-1.356158,-2.110608,4.610755E-10,4.610755E-10,-3.897848,-2.454329
'[17:34:56.764 21/01/2026]',-2.708993,-2.583539,-1.356158,-2.110608,4.610755E-10,4.610755E-10,-3.897848,-2.454329
'[17:34:56.772 21/01/2026]',-0.800574,0.6751795,-0.0462862,0.5353771,4.610755E-10,4.610755E-10,1.938783,2.845627
'[17:34:56.780 21/01/2026]',-0.800574,0.6751795,-0.0462862,0.5353771,4.610755E-10,4.610755E-10,1.938783,2.845627
'[17:34:56.788 21/01/2026]',-0.800574,0.6751795,-0.0462862,0.5353771,4.610755E-10,4.610755E-10,1.938783,2.845627
'[17:34:56.796 21/01/2026]',0.9657184,-0.6136756,-0.8921787,0.418646,4.610755E-10,4.610755E-10,0.3262023,-0.2161504
'[17:34:56.804 21/01/2026]',0.9657184,-0.6136756,-0.8921787,0.418646,4.610755E-10,4.610755E-10,0.3262023,-0.2161504
'[17:34:56.812 21/01/2026]',1.656524,3.809352,3.6424,0.3620794,4.610755E-10,4.610755E-10,3.008481,2.027155
'[17:34:56.820 21/01/2026]',1.656524,3.809352,3.6424,0.3620794,4.610755E-10,4.610755E-10,3.008481,2.027155
'[17:34:56.828 21/01/2026]',-1.169296,-7.222594,-1.900527,-1.421106,4.610755E-10,4.610755E-10,-2.555146,-1.293654
'[17:34:56.836 21/01/2026]',-6.822805,-0.5936295,-3.74479,-2.247702,4.610755E-10,4.610755E-10,-3.877976,-4.754426
'[17:34:56.844 21/01/2026]',-6.822805,-0.5936295,-3.74479,-2.247702,4.610755E-10,4.610755E-10,-3.877976,-4.754426
'[17:34:56.852 21/01/2026]',9.548454,8.774212,3.443228,3.996888,4.610755E-10,4.610755E-10,3.874816,4.725725
'[17:34:56.860 21/01/2026]',9.548454,8.774212,3.443228,3.996888,4.610755E-10,4.610755E-10,3.874816,4.725725
'[17:34:56.868 21/01/2026]',3.320102,-2.586294,4.110014,2.087673,4.610755E-10,4.610755E-10,3.673839,2.25868
'[17:34:56.876 21/01/2026]',3.320102,-2.586294,4.110014,2.087673,4.610755E-10,4.610755E-10,3.673839,2.25868
'[17:34:56.884 21/01/2026]',-8.972794,-5.767884,-5.806383,-4.879939,4.610755E-10,4.610755E-10,-6.681223,-6.241322
'[17:34:56.892 21/01/2026]',-8.972794,-5.767884,-5.806383,-4.879939,4.610755E-10,4.610755E-10,-6.681223,-6.241322
'[17:34:56.900 21/01/2026]',-8.972794,-5.767884,-5.806383,-4.879939,4.610755E-10,4.610755E-10,-6.681223,-6.241322
'[17:34:56.908 21/01/2026]',0.8274826,3.235327,1.045722,2.448588,4.610755E-10,4.610755E-10,2.823688,2.382316
'[17:34:56.916 21/01/2026]',0.8274826,3.235327,1.045722,2.448588,4.610755E-10,4.610755E-10,2.823688,2.382316
'[17:34:56.924 21/01/2026]',2.689108,1.726535,-0.1872033,-0.8274254,4.610755E-10,4.610755E-10,2.726167,4.430675
'[17:34:56.932 21/01/2026]',2.689108,1.726535,-0.1872033,-0.8274254,4.610755E-10,4.610755E-10,2.726167,4.430675
'[17:34:56.940 21/01/2026]',2.664782,-0.9206346,3.300742,1.001984,4.610755E-10,4.610755E-10,-3.703031,-5.425189
'[17:34:56.948 21/01/2026]',2.664782,-0.9206346,3.300742,1.001984,4.610755E-10,4.610755E-10,-3.703031,-5.425189
'[17:34:56.956 21/01/2026]',2.664782,-0.9206346,3.300742,1.001984,4.610755E-10,4.610755E-10,-3.703031,-5.425189
'[17:34:56.964 21/01/2026]',-5.799518,-3.810343,-3.176566,-0.7085517,4.610755E-10,4.610755E-10,2.410317,2.578572
'[17:34:56.972 21/01/2026]',-5.799518,-3.810343,-3.176566,-0.7085517,4.610755E-10,4.610755E-10,2.410317,2.578572
'[17:34:56.980 21/01/2026]',-0.006115044,-1.463916,-2.893546,-4.018919,4.610755E-10,4.610755E-10,-3.344287,-1.825908
'[17:34:56.988 21/01/2026]',7.668174,6.221563,9.335831,8.195202,4.610755E-10,4.610755E-10,4.128377,2.927334
'[17:34:56.996 21/01/2026]',7.668174,6.221563,9.335831,8.195202,4.610755E-10,4.610755E-10,4.128377,2.927334
'[17:34:57.004 21/01/2026]',-5.96283,-4.902159,-6.550468,-5.629304,4.610755E-10,4.610755E-10,-2.68797,-2.657421
'[17:34:57.012 21/01/2026]',-5.96283,-4.902159,-6.550468,-5.629304,4.610755E-10,4.610755E-10,-2.68797,-2.657421
'[17:34:57.020 21/01/2026]',-2.696447,1.006649,-3.48047,-2.310751,4.610755E-10,4.610755E-10,0.3650376,2.19575
'[17:34:57.028 21/01/2026]',-2.696447,1.006649,-3.48047,-2.310751,4.610755E-10,4.610755E-10,0.3650376,2.19575
'[17:34:57.036 21/01/2026]',-2.696447,1.006649,-3.48047,-2.310751,4.610755E-10,4.610755E-10,0.3650376,2.19575
'[17:34:57.044 21/01/2026]',-2.696447,1.006649,-3.48047,-2.310751,4.610755E-10,4.610755E-10,0.3650376,2.19575
'[17:34:57.052 21/01/2026]',6.759429,2.471238,8.077623,7.655933,4.610755E-10,4.610755E-10,3.150291,-0.3331419
'[17:34:57.060 21/01/2026]',-4.921977,-7.505066,-5.915251,-7.725216,4.610755E-10,4.610755E-10,-5.515964,-3.370459
'[17:34:57.068 21/01/2026]',-4.921977,-7.505066,-5.915251,-7.725216,4.610755E-10,4.610755E-10,-5.515964,-3.370459
'[17:34:57.076 21/01/2026]',2.735821,3.312936,1.611128,2.377992,4.610755E-10,4.610755E-10,2.816746,2.449155
'[17:34:57.084 21/01/2026]',2.735821,3.312936,1.611128,2.377992,4.610755E-10,4.610755E-10,2.816746,2.449155
'[17:34:57.092 21/01/2026]',-0.6168848,3.167661,2.626164,3.549573,4.610755E-10,4.610755E-10,-2.779784,-1.711988
'[17:34:57.100 21/01/2026]',-7.846405,-11.97828,-7.493981,-8.831839,4.610755E-10,4.610755E-10,0.3158623,-0.2931393
'[17:34:57.108 21/01/2026]',-7.846405,-11.97828,-7.493981,-8.831839,4.610755E-10,4.610755E-10,0.3158623,-0.2931393
'[17:34:57.116 21/01/2026]',-7.846405,-11.97828,-7.493981,-8.831839,4.610755E-10,4.610755E-10,0.3158623,-0.2931393
'[17:34:57.124 21/01/2026]',-7.846405,-11.97828,-7.493981,-8.831839,4.610755E-10,4.610755E-10,0.3158623,-0.2931393
'[17:34:57.132 21/01/2026]',-7.846405,-11.97828,-7.493981,-8.831839,4.610755E-10,4.610755E-10,0.3158623,-0.2931393
'[17:34:57.140 21/01/2026]',12.21761,12.52346,8.206535,8.239573,4.610755E-10,4.610755E-10,3.293508,2.663456
'[17:34:57.148 21/01/2026]',-2.92893,2.829895,-1.062572,0.826917,4.610755E-10,4.610755E-10,-3.299333,-3.205545
'[17:34:57.156 21/01/2026]',-4.228772,-11.0556,-1.11721,-4.043526,4.610755E-10,4.610755E-10,3.091619,2.865708
'[17:34:57.164 21/01/2026]',1.584669,4.583293,0.4391722,0.6361843,4.610755E-10,4.610755E-10,-0.04494076,1.948981
'[17:34:57.172 21/01/2026]',1.584669,4.583293,0.4391722,0.6361843,4.610755E-10,4.610755E-10,-0.04494076,1.948981
'[17:34:57.180 21/01/2026]',0.07804649,1.594955,-2.767826,1.008493,4.610755E-10,4.610755E-10,-1.050911,-4.496356
'[17:34:57.188 21/01/2026]',0.07804649,1.594955,-2.767826,1.008493,4.610755E-10,4.610755E-10,-1.050911,-4.496356
'[17:34:57.196 21/01/2026]',-9.448047,-10.41189,-1.303498,-5.520492,4.610755E-10,4.610755E-10,-2.612981,0.02661385
'[17:34:57.204 21/01/2026]',-9.448047,-10.41189,-1.303498,-5.520492,4.610755E-10,4.610755E-10,-2.612981,0.02661385
'[17:34:57.212 21/01/2026]',-35.763,-20.48877,-14.66926,-11.19063,4.610755E-10,4.610755E-10,-0.4870635,0.1159367
'[17:34:57.220 21/01/2026]',-35.763,-20.48877,-14.66926,-11.19063,4.610755E-10,4.610755E-10,-0.4870635,0.1159367
'[17:34:57.228 21/01/2026]',45.90762,31.44502,18.77669,18.03262,4.610755E-10,4.610755E-10,6.651635,4.512164
'[17:34:57.236 21/01/2026]',45.90762,31.44502,18.77669,18.03262,4.610755E-10,4.610755E-10,6.651635,4.512164
'[17:34:57.244 21/01/2026]',42.95685,34.49788,16.39187,13.98676,4.610755E-10,4.610755E-10,-3.680074,-1.475394
'[17:34:57.252 21/01/2026]',42.95685,34.49788,16.39187,13.98676,4.610755E-10,4.610755E-10,-3.680074,-1.475394
'[17:34:57.260 21/01/2026]',-40.03076,-38.64837,-13.02966,-13.90979,4.610755E-10,4.610755E-10,0.6636472,-1.119205
'[17:34:57.268 21/01/2026]',-40.03076,-38.64837,-13.02966,-13.90979,4.610755E-10,4.610755E-10,0.6636472,-1.119205
'[17:34:57.276 21/01/2026]',-40.03076,-38.64837,-13.02966,-13.90979,4.610755E-10,4.610755E-10,0.6636472,-1.119205
'[17:34:57.284 21/01/2026]',-10.7915,-9.589959,-8.322888,-5.419894,4.610755E-10,4.610755E-10,-1.116827,-1.868054
'[17:34:57.292 21/01/2026]',-10.7915,-9.589959,-8.322888,-5.419894,4.610755E-10,4.610755E-10,-1.116827,-1.868054
'[17:34:57.300 21/01/2026]',17.61565,24.76911,9.429424,9.451473,4.610755E-10,4.610755E-10,1.934096,4.341115
'[17:34:57.308 21/01/2026]',-5.280485,-9.56007,-4.125216,-5.452039,4.610755E-10,4.610755E-10,-4.552626,-4.814187
'[17:34:57.316 21/01/2026]',-5.280485,-9.56007,-4.125216,-5.452039,4.610755E-10,4.610755E-10,-4.552626,-4.814187
'[17:34:57.324 21/01/2026]',-5.280485,-9.56007,-4.125216,-5.452039,4.610755E-10,4.610755E-10,-4.552626,-4.814187
'[17:34:57.332 21/01/2026]',-5.280485,-9.56007,-4.125216,-5.452039,4.610755E-10,4.610755E-10,-4.552626,-4.814187
'[17:34:57.340 21/01/2026]',-2.82306,-4.463522,2.648514,2.53966,4.610755E-10,4.610755E-10,6.828476,3.689136
'[17:34:57.348 21/01/2026]',-2.82306,-4.463522,2.648514,2.53966,4.610755E-10,4.610755E-10,6.828476,3.689136
'[17:34:57.356 21/01/2026]',-5.597061,-4.092879,-6.410046,-5.508732,4.610755E-10,4.610755E-10,-5.76235,-1.610562
'[17:34:57.364 21/01/2026]',3.970423,9.451858,1.021206,2.1556,4.610755E-10,4.610755E-10,-1.2361,-1.922891
'[17:34:57.372 21/01/2026]',3.970423,9.451858,1.021206,2.1556,4.610755E-10,4.610755E-10,-1.2361,-1.922891
'[17:34:57.380 21/01/2026]',4.154746,2.119339,7.014812,6.641677,4.610755E-10,4.610755E-10,6.644916,3.811372
'[17:34:57.388 21/01/2026]',4.154746,2.119339,7.014812,6.641677,4.610755E-10,4.610755E-10,6.644916,3.811372
'[17:34:57.396 21/01/2026]',-8.342052,-13.00845,-9.400624,-10.23403,4.610755E-10,4.610755E-10,-5.935293,-3.162529
'[17:34:57.404 21/01/2026]',-8.342052,-13.00845,-9.400624,-10.23403,4.610755E-10,4.610755E-10,-5.935293,-3.162529
'[17:34:57.412 21/01/2026]',-8.342052,-13.00845,-9.400624,-10.23403,4.610755E-10,4.610755E-10,-5.935293,-3.162529
'[17:34:57.420 21/01/2026]',4.442205,8.145266,3.36348,3.512784,4.610755E-10,4.610755E-10,-0.5397832,-1.267249
'[17:34:57.428 21/01/2026]',4.442205,8.145266,3.36348,3.512784,4.610755E-10,4.610755E-10,-0.5397832,-1.267249
'[17:34:57.436 21/01/2026]',-3.031048,0.05027186,-2.772812,-0.8902648,4.610755E-10,4.610755E-10,0.939619,1.158091
'[17:34:57.444 21/01/2026]',-3.031048,0.05027186,-2.772812,-0.8902648,4.610755E-10,4.610755E-10,0.939619,1.158091
'[17:34:57.452 21/01/2026]',-3.031048,0.05027186,-2.772812,-0.8902648,4.610755E-10,4.610755E-10,0.939619,1.158091
'[17:34:57.460 21/01/2026]',3.62944,-3.271817,4.406054,3.366517,4.610755E-10,4.610755E-10,2.2795,3.225158
'[17:34:57.468 21/01/2026]',3.62944,-3.271817,4.406054,3.366517,4.610755E-10,4.610755E-10,2.2795,3.225158
'[17:34:57.476 21/01/2026]',-1.994432,-0.4717756,-3.343465,-3.344341,4.610755E-10,4.610755E-10,-1.626618,-5.099433
'[17:34:57.484 21/01/2026]',-1.994432,-0.4717756,-3.343465,-3.344341,4.610755E-10,4.610755E-10,-1.626618,-5.099433
'[17:34:57.492 21/01/2026]',-1.994432,-0.4717756,-3.343465,-3.344341,4.610755E-10,4.610755E-10,-1.626618,-5.099433
'[17:34:57.500 21/01/2026]',-0.7127715,2.449901,-1.006163,-1.94087,4.610755E-10,4.610755E-10,-2.707321,0.6458687
'[17:34:57.508 21/01/2026]',2.766342,13.2746,3.622305,9.473556,4.610755E-10,4.610755E-10,8.414534,8.726856
'[17:34:57.516 21/01/2026]',2.766342,13.2746,3.622305,9.473556,4.610755E-10,4.610755E-10,8.414534,8.726856
'[17:34:57.524 21/01/2026]',-2.073764,-16.1359,-1.829943,-5.721299,4.610755E-10,4.610755E-10,-6.326463,-9.103432
'[17:34:57.532 21/01/2026]',-2.073764,-16.1359,-1.829943,-5.721299,4.610755E-10,4.610755E-10,-6.326463,-9.103432
'[17:34:57.540 21/01/2026]',1.60467,-5.250306,0.3124329,-2.954555,4.610755E-10,4.610755E-10,-2.392665,-0.6738507
'[17:34:57.548 21/01/2026]',1.60467,-5.250306,0.3124329,-2.954555,4.610755E-10,4.610755E-10,-2.392665,-0.6738507
'[17:34:57.556 21/01/2026]',1.60467,-5.250306,0.3124329,-2.954555,4.610755E-10,4.610755E-10,-2.392665,-0.6738507
'[17:34:57.564 21/01/2026]',-3.563293,8.580007,-2.920356,2.557324,4.610755E-10,4.610755E-10,6.534996,4.000355
'[17:34:57.572 21/01/2026]',0.1301512,0.1364094,0.1878269,-1.048356,4.610755E-10,4.610755E-10,-3.723916,0.6719884
'[17:34:57.580 21/01/2026]',0.1301512,0.1364094,0.1878269,-1.048356,4.610755E-10,4.610755E-10,-3.723916,0.6719884
'[17:34:57.588 21/01/2026]',4.236867,-0.2644881,2.731211,2.103924,4.610755E-10,4.610755E-10,-1.324035,-2.9582
'[17:34:57.596 21/01/2026]',4.236867,-0.2644881,2.731211,2.103924,4.610755E-10,4.610755E-10,-1.324035,-2.9582
'[17:34:57.604 21/01/2026]',-14.24794,-23.96124,-8.712158,-10.03056,4.610755E-10,4.610755E-10,0.03184585,-2.989649
'[17:34:57.612 21/01/2026]',-14.24794,-23.96124,-8.712158,-10.03056,4.610755E-10,4.610755E-10,0.03184585,-2.989649
'[17:34:57.620 21/01/2026]',-14.24794,-23.96124,-8.712158,-10.03056,4.610755E-10,4.610755E-10,0.03184585,-2.989649
'[17:34:57.628 21/01/2026]',8.314085,18.96178,5.670163,6.448543,4.610755E-10,4.610755E-10,1.855461,4.459929
'[17:34:57.636 21/01/2026]',8.314085,18.96178,5.670163,6.448543,4.610755E-10,4.610755E-10,1.855461,4.459929
'[17:34:57.644 21/01/2026]',8.314085,18.96178,5.670163,6.448543,4.610755E-10,4.610755E-10,1.855461,4.459929
'[17:34:57.652 21/01/2026]',8.314085,18.96178,5.670163,6.448543,4.610755E-10,4.610755E-10,1.855461,4.459929
'[17:34:57.660 21/01/2026]',8.314085,18.96178,5.670163,6.448543,4.610755E-10,4.610755E-10,1.855461,4.459929
'[17:34:57.668 21/01/2026]',13.60674,24.33302,8.144048,12.34472,4.610755E-10,4.610755E-10,3.785459,4.579666
'[17:34:57.676 21/01/2026]',-13.30631,-27.57303,-7.377928,-9.991059,4.610755E-10,4.610755E-10,-2.167864,-6.118809
'[17:34:57.684 21/01/2026]',-2.011483,0.3429008,-3.638154,-4.776154,4.610755E-10,4.610755E-10,-4.493749,-1.094135
'[17:34:57.692 21/01/2026]',-2.011483,0.3429008,-3.638154,-4.776154,4.610755E-10,4.610755E-10,-4.493749,-1.094135
'[17:34:57.700 21/01/2026]',6.531951,10.37854,5.75174,6.4252,4.610755E-10,4.610755E-10,4.790533,6.197602
'[17:34:57.708 21/01/2026]',-0.1923108,0.2340339,0.9234279,2.77563,4.610755E-10,4.610755E-10,-0.2149949,-4.000104
'[17:34:57.716 21/01/2026]',-0.1923108,0.2340339,0.9234279,2.77563,4.610755E-10,4.610755E-10,-0.2149949,-4.000104
'[17:34:57.724 21/01/2026]',-1.583221,-5.993825,-2.22046,-4.412581,4.610755E-10,4.610755E-10,-2.69822,-1.790932
'[17:34:57.732 21/01/2026]',-1.583221,-5.993825,-2.22046,-4.412581,4.610755E-10,4.610755E-10,-2.69822,-1.790932
'[17:34:57.740 21/01/2026]',-1.583221,-5.993825,-2.22046,-4.412581,4.610755E-10,4.610755E-10,-2.69822,-1.790932
'[17:34:57.748 21/01/2026]',-2.034397,-2.882222,-0.3777903,-1.392391,4.610755E-10,4.610755E-10,-0.08503595,1.282292
'[17:34:57.756 21/01/2026]',-2.034397,-2.882222,-0.3777903,-1.392391,4.610755E-10,4.610755E-10,-0.08503595,1.282292
'[17:34:57.764 21/01/2026]',3.709994,7.07287,1.264438,4.250157,4.610755E-10,4.610755E-10,4.40647,3.032757
'[17:34:57.772 21/01/2026]',3.709994,7.07287,1.264438,4.250157,4.610755E-10,4.610755E-10,4.40647,3.032757
'[17:34:57.780 21/01/2026]',-1.499952,2.148909,0.7829398,-1.725016,4.610755E-10,4.610755E-10,-1.84424,-1.233039
'[17:34:57.788 21/01/2026]',-1.499952,2.148909,0.7829398,-1.725016,4.610755E-10,4.610755E-10,-1.84424,-1.233039
'[17:34:57.796 21/01/2026]',-1.499952,2.148909,0.7829398,-1.725016,4.610755E-10,4.610755E-10,-1.84424,-1.233039
'[17:34:57.804 21/01/2026]',-0.2068935,-6.535855,0.5168375,0.5983319,4.610755E-10,4.610755E-10,-0.2716386,-1.301572
'[17:34:57.812 21/01/2026]',-0.2068935,-6.535855,0.5168375,0.5983319,4.610755E-10,4.610755E-10,-0.2716386,-1.301572
'[17:34:57.820 21/01/2026]',-0.2068935,-6.535855,0.5168375,0.5983319,4.610755E-10,4.610755E-10,-0.2716386,-1.301572
'[17:34:57.828 21/01/2026]',1.183208,-0.008112158,-3.059559,-1.836933,4.610755E-10,4.610755E-10,0.7037393,2.96401
'[17:34:57.836 21/01/2026]',-2.960777,4.469565,1.566736,2.358156,4.610755E-10,4.610755E-10,-2.947092,-3.998758
'[17:34:57.844 21/01/2026]',-2.960777,4.469565,1.566736,2.358156,4.610755E-10,4.610755E-10,-2.947092,-3.998758
'[17:34:57.852 21/01/2026]',2.762389,-3.287395,1.433184,-1.095357,4.610755E-10,4.610755E-10,3.547869,1.877937
'[17:34:57.860 21/01/2026]',-1.896029,2.559625,-5.728559,-0.9467854,4.610755E-10,4.610755E-10,-1.43554,-0.1008665
'[17:34:57.868 21/01/2026]',-1.896029,2.559625,-5.728559,-0.9467854,4.610755E-10,4.610755E-10,-1.43554,-0.1008665
'[17:34:57.876 21/01/2026]',-1.896029,2.559625,-5.728559,-0.9467854,4.610755E-10,4.610755E-10,-1.43554,-0.1008665
'[17:34:57.884 21/01/2026]',-1.896029,2.559625,-5.728559,-0.9467854,4.610755E-10,4.610755E-10,-1.43554,-0.1008665
'[17:34:57.892 21/01/2026]',-1.320858,-1.92568,1.990811,-0.5348051,4.610755E-10,4.610755E-10,-0.7680272,-0.03095667
'[17:34:57.900 21/01/2026]',1.385235,-2.143294,2.05372,-0.5510595,4.610755E-10,4.610755E-10,-0.5758205,-1.336595
'[17:34:57.908 21/01/2026]',-0.4020639,-7.89545,-1.097816,0.3017621,4.610755E-10,4.610755E-10,-0.6432241,-0.9503713
'[17:34:57.916 21/01/2026]',-0.4020639,-7.89545,-1.097816,0.3017621,4.610755E-10,4.610755E-10,-0.6432241,-0.9503713
'[17:34:57.924 21/01/2026]',-0.4020639,-7.89545,-1.097816,0.3017621,4.610755E-10,4.610755E-10,-0.6432241,-0.9503713
'[17:34:57.932 21/01/2026]',-1.429037,8.543176,-2.278189,-0.1857004,4.610755E-10,4.610755E-10,0.1109603,0.5526195
'[17:34:57.940 21/01/2026]',-1.429037,8.543176,-2.278189,-0.1857004,4.610755E-10,4.610755E-10,0.1109603,0.5526195
'[17:34:57.948 21/01/2026]',7.455654,10.41723,5.907857,4.15365,4.610755E-10,4.610755E-10,1.751196,0.8911262
'[17:34:57.956 21/01/2026]',-9.045123,-18.10667,-5.964819,-6.203979,4.610755E-10,4.610755E-10,-0.9915307,-2.362975
'[17:34:57.964 21/01/2026]',-9.045123,-18.10667,-5.964819,-6.203979,4.610755E-10,4.610755E-10,-0.9915307,-2.362975
'[17:34:57.972 21/01/2026]',3.383718,9.453315,0.8960567,1.989628,4.610755E-10,4.610755E-10,0.6961006,5.13479
'[17:34:57.980 21/01/2026]',3.383718,9.453315,0.8960567,1.989628,4.610755E-10,4.610755E-10,0.6961006,5.13479
'[17:34:57.988 21/01/2026]',3.383718,9.453315,0.8960567,1.989628,4.610755E-10,4.610755E-10,0.6961006,5.13479
'[17:34:57.996 21/01/2026]',-0.5890786,7.243999,0.5607562,3.376194,4.610755E-10,4.610755E-10,-0.7367581,-2.704648
'[17:34:58.004 21/01/2026]',-0.5890786,7.243999,0.5607562,3.376194,4.610755E-10,4.610755E-10,-0.7367581,-2.704648
'[17:34:58.012 21/01/2026]',2.972726,-10.92345,1.236202,-3.372545,4.610755E-10,4.610755E-10,-0.3802309,-2.640068
'[17:34:58.020 21/01/2026]',-1.08935,-1.657861,-1.960803,-0.07478961,4.610755E-10,4.610755E-10,-0.6010799,0.1349182
'[17:34:58.028 21/01/2026]',-1.08935,-1.657861,-1.960803,-0.07478961,4.610755E-10,4.610755E-10,-0.6010799,0.1349182
'[17:34:58.036 21/01/2026]',-3.645286,2.349889,-1.726281,-0.9936039,4.610755E-10,4.610755E-10,0.9770519,0.8854727
'[17:34:58.044 21/01/2026]',-3.645286,2.349889,-1.726281,-0.9936039,4.610755E-10,4.610755E-10,0.9770519,0.8854727
'[17:34:58.052 21/01/2026]',2.838602,10.81083,0.2535883,3.989227,4.610755E-10,4.610755E-10,-1.003898,3.680062
'[17:34:58.060 21/01/2026]',-3.12682,-0.6031326,0.9161177,-1.009579,4.610755E-10,4.610755E-10,3.298586,-2.05773
'[17:34:58.068 21/01/2026]',-3.12682,-0.6031326,0.9161177,-1.009579,4.610755E-10,4.610755E-10,3.298586,-2.05773
'[17:34:58.076 21/01/2026]',-7.376366,-15.45196,-3.237981,-5.562344,4.610755E-10,4.610755E-10,-2.067467,-1.607742
'[17:34:58.084 21/01/2026]',-7.376366,-15.45196,-3.237981,-5.562344,4.610755E-10,4.610755E-10,-2.067467,-1.607742
'[17:34:58.092 21/01/2026]',26.47416,17.71507,9.758331,8.14322,4.610755E-10,4.610755E-10,-2.976422,-0.8130181
'[17:34:58.100 21/01/2026]',-19.08505,-16.4067,-6.120668,-6.3126,4.610755E-10,4.610755E-10,1.082041,-1.080458
'[17:34:58.108 21/01/2026]',-19.08505,-16.4067,-6.120668,-6.3126,4.610755E-10,4.610755E-10,1.082041,-1.080458
'[17:34:58.116 21/01/2026]',2.246066,17.42658,-0.5108789,3.805647,4.610755E-10,4.610755E-10,8.034457,8.35119
'[17:34:58.124 21/01/2026]',2.246066,17.42658,-0.5108789,3.805647,4.610755E-10,4.610755E-10,8.034457,8.35119
'[17:34:58.132 21/01/2026]',2.246066,17.42658,-0.5108789,3.805647,4.610755E-10,4.610755E-10,8.034457,8.35119
'[17:34:58.140 21/01/2026]',2.246066,17.42658,-0.5108789,3.805647,4.610755E-10,4.610755E-10,8.034457,8.35119
'[17:34:58.148 21/01/2026]',2.246066,17.42658,-0.5108789,3.805647,4.610755E-10,4.610755E-10,8.034457,8.35119
'[17:34:58.156 21/01/2026]',2.78182,-7.402761,1.35472,-2.678401,4.610755E-10,4.610755E-10,-8.897924,-5.408731
'[17:34:58.164 21/01/2026]',-0.4705123,-5.777168,0.09479616,3.035158,4.610755E-10,4.610755E-10,1.782974,-2.21931
'[17:34:58.172 21/01/2026]',-2.374891,4.143813,-0.9532597,-0.9408911,4.610755E-10,4.610755E-10,0.9655866,1.707255
'[17:34:58.180 21/01/2026]',1.111662,1.720421,-0.183832,-0.5037157,4.610755E-10,4.610755E-10,-0.1639549,1.644945
'[17:34:58.188 21/01/2026]',-0.7760658,0.0149881,0.06390677,0.4789584,4.610755E-10,4.610755E-10,1.953133,0.4180615
'[17:34:58.196 21/01/2026]',-0.7760658,0.0149881,0.06390677,0.4789584,4.610755E-10,4.610755E-10,1.953133,0.4180615
'[17:34:58.204 21/01/2026]',-15.30333,-28.47136,-6.954192,-8.826763,4.610755E-10,4.610755E-10,-3.472087,-4.104711
'[17:34:58.212 21/01/2026]',-15.30333,-28.47136,-6.954192,-8.826763,4.610755E-10,4.610755E-10,-3.472087,-4.104711
'[17:34:58.220 21/01/2026]',-8.964663,-4.481113,-2.812192,-2.491211,4.610755E-10,4.610755E-10,-1.252223,-1.300773
'[17:34:58.228 21/01/2026]',-8.964663,-4.481113,-2.812192,-2.491211,4.610755E-10,4.610755E-10,-1.252223,-1.300773
'[17:34:58.236 21/01/2026]',-8.964663,-4.481113,-2.812192,-2.491211,4.610755E-10,4.610755E-10,-1.252223,-1.300773
'[17:34:58.244 21/01/2026]',-8.964663,-4.481113,-2.812192,-2.491211,4.610755E-10,4.610755E-10,-1.252223,-1.300773
'[17:34:58.252 21/01/2026]',38.73582,41.39008,14.0446,15.61346,4.610755E-10,4.610755E-10,2.189539,2.402756
'[17:34:58.260 21/01/2026]',38.73582,41.39008,14.0446,15.61346,4.610755E-10,4.610755E-10,2.189539,2.402756
'[17:34:58.268 21/01/2026]',15.42234,14.80449,7.501385,7.703676,4.610755E-10,4.610755E-10,6.071432,7.051507
'[17:34:58.276 21/01/2026]',-39.589,-35.7111,-18.08044,-18.1123,4.610755E-10,4.610755E-10,-7.94256,-8.084354
'[17:34:58.284 21/01/2026]',-39.589,-35.7111,-18.08044,-18.1123,4.610755E-10,4.610755E-10,-7.94256,-8.084354
'[17:34:58.292 21/01/2026]',-39.589,-35.7111,-18.08044,-18.1123,4.610755E-10,4.610755E-10,-7.94256,-8.084354
'[17:34:58.300 21/01/2026]',12.00206,25.20582,8.473075,13.41781,4.610755E-10,4.610755E-10,5.92109,6.777625
'[17:34:58.308 21/01/2026]',12.00206,25.20582,8.473075,13.41781,4.610755E-10,4.610755E-10,5.92109,6.777625
'[17:34:58.316 21/01/2026]',12.00206,25.20582,8.473075,13.41781,4.610755E-10,4.610755E-10,5.92109,6.777625
'[17:34:58.324 21/01/2026]',9.228647,6.381596,1.732741,-1.332667,4.610755E-10,4.610755E-10,1.689879,0.02168374
'[17:34:58.332 21/01/2026]',-8.858559,-35.38214,-6.620438,-11.23839,4.610755E-10,4.610755E-10,-10.43402,-9.843369
'[17:34:58.340 21/01/2026]',-8.858559,-35.38214,-6.620438,-11.23839,4.610755E-10,4.610755E-10,-10.43402,-9.843369
'[17:34:58.348 21/01/2026]',-0.5320241,14.16491,5.708498,8.401363,4.610755E-10,4.610755E-10,8.855808,6.723868
'[17:34:58.356 21/01/2026]',-3.162881,2.104607,-5.653849,-4.313402,4.610755E-10,4.610755E-10,-1.939481,-0.6486024
'[17:34:58.364 21/01/2026]',-3.162881,2.104607,-5.653849,-4.313402,4.610755E-10,4.610755E-10,-1.939481,-0.6486024
'[17:34:58.372 21/01/2026]',-3.162881,2.104607,-5.653849,-4.313402,4.610755E-10,4.610755E-10,-1.939481,-0.6486024
'[17:34:58.380 21/01/2026]',4.526733,0.586486,3.966311,2.037483,4.610755E-10,4.610755E-10,-3.09219,0.0574899
'[17:34:58.388 21/01/2026]',4.526733,0.586486,3.966311,2.037483,4.610755E-10,4.610755E-10,-3.09219,0.0574899
'[17:34:58.396 21/01/2026]',1.742355,-3.352564,4.539555,3.400359,4.610755E-10,4.610755E-10,5.190114,0.7884825
'[17:34:58.404 21/01/2026]',1.742355,-3.352564,4.539555,3.400359,4.610755E-10,4.610755E-10,5.190114,0.7884825
'[17:34:58.412 21/01/2026]',1.742355,-3.352564,4.539555,3.400359,4.610755E-10,4.610755E-10,5.190114,0.7884825
'[17:34:58.420 21/01/2026]',1.742355,-3.352564,4.539555,3.400359,4.610755E-10,4.610755E-10,5.190114,0.7884825
'[17:34:58.428 21/01/2026]',-5.318821,0.403876,-8.539358,-5.625285,4.610755E-10,4.610755E-10,-2.452313,-1.773542
'[17:34:58.436 21/01/2026]',1.528017,1.175272,4.516616,1.209192,4.610755E-10,4.610755E-10,-1.858081,-0.2383718
'[17:34:58.444 21/01/2026]',1.528017,1.175272,4.516616,1.209192,4.610755E-10,4.610755E-10,-1.858081,-0.2383718
'[17:34:58.452 21/01/2026]',1.913196,1.362431,1.034085,3.212097,4.610755E-10,4.610755E-10,2.636257,2.148489
'[17:34:58.460 21/01/2026]',1.913196,1.362431,1.034085,3.212097,4.610755E-10,4.610755E-10,2.636257,2.148489
'[17:34:58.468 21/01/2026]',1.913196,1.362431,1.034085,3.212097,4.610755E-10,4.610755E-10,2.636257,2.148489
'[17:34:58.476 21/01/2026]',-2.037406,-8.822103,-3.417934,-4.554621,4.610755E-10,4.610755E-10,-3.136503,-3.955924
'[17:34:58.484 21/01/2026]',-2.037406,-8.822103,-3.417934,-4.554621,4.610755E-10,4.610755E-10,-3.136503,-3.955924
'[17:34:58.492 21/01/2026]',0.8293075,9.058551,3.008923,5.625699,4.610755E-10,4.610755E-10,6.179647,6.236154
'[17:34:58.500 21/01/2026]',0.8293075,9.058551,3.008923,5.625699,4.610755E-10,4.610755E-10,6.179647,6.236154
'[17:34:58.508 21/01/2026]',0.8293075,9.058551,3.008923,5.625699,4.610755E-10,4.610755E-10,6.179647,6.236154
'[17:34:58.516 21/01/2026]',2.231284,5.697551,-1.195136,-1.401981,4.610755E-10,4.610755E-10,-5.73028,-4.406677
'[17:34:58.524 21/01/2026]',-3.269805,-12.76547,-1.950671,-4.384719,4.610755E-10,4.610755E-10,-1.300952,-1.196544
'[17:34:58.532 21/01/2026]',-3.269805,-12.76547,-1.950671,-4.384719,4.610755E-10,4.610755E-10,-1.300952,-1.196544
'[17:34:58.540 21/01/2026]',-0.5901098,0.6072911,0.4764513,1.480793,4.610755E-10,4.610755E-10,6.596984,3.339222
'[17:34:58.548 21/01/2026]',4.231189,11.2127,2.088874,3.818475,4.610755E-10,4.610755E-10,-6.299645,0.2185664
'[17:34:58.556 21/01/2026]',4.231189,11.2127,2.088874,3.818475,4.610755E-10,4.610755E-10,-6.299645,0.2185664
'[17:34:58.564 21/01/2026]',4.231189,11.2127,2.088874,3.818475,4.610755E-10,4.610755E-10,-6.299645,0.2185664
'[17:34:58.572 21/01/2026]',-14.77458,-4.646621,-4.911174,-3.917591,4.610755E-10,4.610755E-10,3.509957,-0.6459926
'[17:34:58.580 21/01/2026]',-14.77458,-4.646621,-4.911174,-3.917591,4.610755E-10,4.610755E-10,3.509957,-0.6459926
'[17:34:58.588 21/01/2026]',-14.77458,-4.646621,-4.911174,-3.917591,4.610755E-10,4.610755E-10,3.509957,-0.6459926
'[17:34:58.596 21/01/2026]',16.70654,-5.678356,3.128662,0.03381418,4.610755E-10,4.610755E-10,-4.019492,-4.715211
'[17:34:58.604 21/01/2026]',8.927351,14.5605,6.707623,9.585269,4.610755E-10,4.610755E-10,2.577505,4.98339
'[17:34:58.612 21/01/2026]',8.927351,14.5605,6.707623,9.585269,4.610755E-10,4.610755E-10,2.577505,4.98339
'[17:34:58.620 21/01/2026]',8.927351,14.5605,6.707623,9.585269,4.610755E-10,4.610755E-10,2.577505,4.98339
'[17:34:58.628 21/01/2026]',-17.67859,-12.75627,-4.568172,-8.284866,4.610755E-10,4.610755E-10,5.302465,0.2396944
'[17:34:58.636 21/01/2026]',-17.67859,-12.75627,-4.568172,-8.284866,4.610755E-10,4.610755E-10,5.302465,0.2396944
'[17:34:58.644 21/01/2026]',-17.67859,-12.75627,-4.568172,-8.284866,4.610755E-10,4.610755E-10,5.302465,0.2396944
'[17:34:58.652 21/01/2026]',2.681094,0.4722947,-4.672863,-1.153219,4.610755E-10,4.610755E-10,-6.880771,-1.22401
'[17:34:58.660 21/01/2026]',2.681094,0.4722947,-4.672863,-1.153219,4.610755E-10,4.610755E-10,-6.880771,-1.22401
'[17:34:58.668 21/01/2026]',2.681094,0.4722947,-4.672863,-1.153219,4.610755E-10,4.610755E-10,-6.880771,-1.22401
'[17:34:58.676 21/01/2026]',2.477173,0.6947837,1.206517,1.753948,4.610755E-10,4.610755E-10,-1.367239,-2.427913
'[17:34:58.684 21/01/2026]',2.904675,-1.697995,6.800476,1.058528,4.610755E-10,4.610755E-10,6.282219,2.704405
'[17:34:58.692 21/01/2026]',-4.779511,1.058267,-6.900011,-1.46251,4.610755E-10,4.610755E-10,-3.923816,-1.035372
'[17:34:58.700 21/01/2026]',-4.779511,1.058267,-6.900011,-1.46251,4.610755E-10,4.610755E-10,-3.923816,-1.035372
'[17:34:58.708 21/01/2026]',2.275546,10.21616,0.7665586,3.976367,4.610755E-10,4.610755E-10,2.970952,2.727662
'[17:34:58.716 21/01/2026]',2.275546,10.21616,0.7665586,3.976367,4.610755E-10,4.610755E-10,2.970952,2.727662
'[17:34:58.724 21/01/2026]',2.275546,10.21616,0.7665586,3.976367,4.610755E-10,4.610755E-10,2.970952,2.727662
'[17:34:58.732 21/01/2026]',-1.977743,-15.74019,0.403343,-6.956953,4.610755E-10,4.610755E-10,-3.323797,-4.478378
'[17:34:58.740 21/01/2026]',-1.977743,-15.74019,0.403343,-6.956953,4.610755E-10,4.610755E-10,-3.323797,-4.478378
'[17:34:58.748 21/01/2026]',0.3600591,7.870617,-1.57423,1.908837,4.610755E-10,4.610755E-10,-1.626315,-0.557323
'[17:34:58.756 21/01/2026]',0.3600591,7.870617,-1.57423,1.908837,4.610755E-10,4.610755E-10,-1.626315,-0.557323
'[17:34:58.764 21/01/2026]',-1.113218,-2.459187,1.08767,1.855351,4.610755E-10,4.610755E-10,6.061574,5.64324
'[17:34:58.772 21/01/2026]',-1.113218,-2.459187,1.08767,1.855351,4.610755E-10,4.610755E-10,6.061574,5.64324
'[17:34:58.780 21/01/2026]',2.970743,7.59189,2.099116,2.102332,4.610755E-10,4.610755E-10,-4.679405,-3.409187
'[17:34:58.788 21/01/2026]',-3.009619,-9.917553,-2.899181,-4.775457,4.610755E-10,4.610755E-10,-0.5982909,-3.443124
'[17:34:58.796 21/01/2026]',-3.009619,-9.917553,-2.899181,-4.775457,4.610755E-10,4.610755E-10,-0.5982909,-3.443124
'[17:34:58.804 21/01/2026]',-3.009619,-9.917553,-2.899181,-4.775457,4.610755E-10,4.610755E-10,-0.5982909,-3.443124
'[17:34:58.812 21/01/2026]',-0.3055372,3.643288,0.2548867,1.105594,4.610755E-10,4.610755E-10,2.278759,5.160306
'[17:34:58.820 21/01/2026]',-0.3055372,3.643288,0.2548867,1.105594,4.610755E-10,4.610755E-10,2.278759,5.160306
'[17:34:58.828 21/01/2026]',-0.3055372,3.643288,0.2548867,1.105594,4.610755E-10,4.610755E-10,2.278759,5.160306
'[17:34:58.836 21/01/2026]',-0.3055372,3.643288,0.2548867,1.105594,4.610755E-10,4.610755E-10,2.278759,5.160306
'[17:34:58.844 21/01/2026]',0.5829309,0.7976004,-1.41654,-0.9143063,4.610755E-10,4.610755E-10,-2.309482,-3.098035
'[17:34:58.852 21/01/2026]',0.2294104,-3.903897,3.730026,2.807889,4.610755E-10,4.610755E-10,3.153803,1.252895
'[17:34:58.860 21/01/2026]',0.4261274,2.831079,-2.490693,-2.975786,4.610755E-10,4.610755E-10,-2.704181,0.5624417
'[17:34:58.868 21/01/2026]',1.059791,-0.3484089,1.719514,1.729887,4.610755E-10,4.610755E-10,2.581648,0.1340958
'[17:34:58.876 21/01/2026]',1.059791,-0.3484089,1.719514,1.729887,4.610755E-10,4.610755E-10,2.581648,0.1340958
'[17:34:58.884 21/01/2026]',1.059791,-0.3484089,1.719514,1.729887,4.610755E-10,4.610755E-10,2.581648,0.1340958
'[17:34:58.892 21/01/2026]',-4.339397,-3.189691,-2.274099,-2.22365,4.610755E-10,4.610755E-10,-4.72613,-3.491171
'[17:34:58.900 21/01/2026]',-4.339397,-3.189691,-2.274099,-2.22365,4.610755E-10,4.610755E-10,-4.72613,-3.491171
'[17:34:58.908 21/01/2026]',3.121746,5.201907,1.020275,2.738459,4.610755E-10,4.610755E-10,4.63963,4.930782
'[17:34:58.916 21/01/2026]',0.08569465,-3.045682,0.4044639,-2.959908,4.610755E-10,4.610755E-10,-4.739188,-4.599669
'[17:34:58.924 21/01/2026]',0.08569465,-3.045682,0.4044639,-2.959908,4.610755E-10,4.610755E-10,-4.739188,-4.599669
'[17:34:58.932 21/01/2026]',0.08569465,-3.045682,0.4044639,-2.959908,4.610755E-10,4.610755E-10,-4.739188,-4.599669
'[17:34:58.940 21/01/2026]',0.08569465,-3.045682,0.4044639,-2.959908,4.610755E-10,4.610755E-10,-4.739188,-4.599669
'[17:34:58.948 21/01/2026]',7.935605,-3.028982,5.448596,4.226756,4.610755E-10,4.610755E-10,1.988199,0.07916247
'[17:34:58.956 21/01/2026]',-7.729693,7.294092,-2.253531,0.5944378,4.610755E-10,4.610755E-10,3.31542,4.289042
'[17:34:58.964 21/01/2026]',-4.211768,-2.709231,-3.146608,-4.645,4.610755E-10,4.610755E-10,-5.092174,-2.373459
'[17:34:58.972 21/01/2026]',-4.211768,-2.709231,-3.146608,-4.645,4.610755E-10,4.610755E-10,-5.092174,-2.373459
'[17:34:58.980 21/01/2026]',-4.211768,-2.709231,-3.146608,-4.645,4.610755E-10,4.610755E-10,-5.092174,-2.373459
'[17:34:58.988 21/01/2026]',10.94936,10.85085,4.225103,7.027854,4.610755E-10,4.610755E-10,4.76358,0.7599176
'[17:34:58.996 21/01/2026]',10.94936,10.85085,4.225103,7.027854,4.610755E-10,4.610755E-10,4.76358,0.7599176
'[17:34:59.004 21/01/2026]',-5.794324,-11.64127,-3.075526,-5.588042,4.610755E-10,4.610755E-10,-1.750699,0.7434194
'[17:34:59.012 21/01/2026]',0.4873042,-1.479054,1.569331,0.3137715,4.610755E-10,4.610755E-10,-0.4741844,-1.547719
'[17:34:59.020 21/01/2026]',-0.2924091,8.788007,0.6564999,4.892163,4.610755E-10,4.610755E-10,2.103349,1.088999
'[17:34:59.028 21/01/2026]',-0.2924091,8.788007,0.6564999,4.892163,4.610755E-10,4.610755E-10,2.103349,1.088999
'[17:34:59.036 21/01/2026]',-0.2924091,8.788007,0.6564999,4.892163,4.610755E-10,4.610755E-10,2.103349,1.088999
'[17:34:59.044 21/01/2026]',-1.06305,-3.337601,-4.238444,-4.803283,4.610755E-10,4.610755E-10,-4.209539,-2.234129
'[17:34:59.052 21/01/2026]',-1.06305,-3.337601,-4.238444,-4.803283,4.610755E-10,4.610755E-10,-4.209539,-2.234129
'[17:34:59.060 21/01/2026]',0.366258,-2.624136,2.148269,0.1029859,4.610755E-10,4.610755E-10,3.227219,3.693191
'[17:34:59.068 21/01/2026]',0.366258,-2.624136,2.148269,0.1029859,4.610755E-10,4.610755E-10,3.227219,3.693191
'[17:34:59.076 21/01/2026]',-1.980155,-0.7129833,-2.318305,0.04331809,4.610755E-10,4.610755E-10,-2.671948,-3.210161
'[17:34:59.084 21/01/2026]',-1.980155,-0.7129833,-2.318305,0.04331809,4.610755E-10,4.610755E-10,-2.671948,-3.210161
'[17:34:59.092 21/01/2026]',0.1990515,-7.213875,1.853852,-2.770842,4.610755E-10,4.610755E-10,0.4755866,-1.231147
'[17:34:59.100 21/01/2026]',5.054726,16.99281,3.059662,7.290597,4.610755E-10,4.610755E-10,3.179983,4.2022
'[17:34:59.108 21/01/2026]',5.054726,16.99281,3.059662,7.290597,4.610755E-10,4.610755E-10,3.179983,4.2022
'[17:34:59.116 21/01/2026]',-7.326807,-17.86763,-4.284445,-8.35076,4.610755E-10,4.610755E-10,-4.524021,-4.701116
'[17:34:59.124 21/01/2026]',-7.326807,-17.86763,-4.284445,-8.35076,4.610755E-10,4.610755E-10,-4.524021,-4.701116
'[17:34:59.132 21/01/2026]',2.61342,7.113855,-0.5718017,3.028841,4.610755E-10,4.610755E-10,2.201614,2.268093
'[17:34:59.140 21/01/2026]',-2.226373,-7.983166,0.8769885,-2.458191,4.610755E-10,4.610755E-10,-3.198797,-4.091283
'[17:34:59.148 21/01/2026]',-2.226373,-7.983166,0.8769885,-2.458191,4.610755E-10,4.610755E-10,-3.198797,-4.091283
'[17:34:59.156 21/01/2026]',-2.226373,-7.983166,0.8769885,-2.458191,4.610755E-10,4.610755E-10,-3.198797,-4.091283
'[17:34:59.164 21/01/2026]',-0.8540177,9.878778,-1.465499,1.801688,4.610755E-10,4.610755E-10,4.433427,7.15898
'[17:34:59.172 21/01/2026]',-0.8540177,9.878778,-1.465499,1.801688,4.610755E-10,4.610755E-10,4.433427,7.15898
'[17:34:59.180 21/01/2026]',4.308021,-3.30251,0.6126491,-0.4931393,4.610755E-10,4.610755E-10,-3.810239,-6.098009
'[17:34:59.188 21/01/2026]',4.308021,-3.30251,0.6126491,-0.4931393,4.610755E-10,4.610755E-10,-3.810239,-6.098009
'[17:34:59.196 21/01/2026]',4.308021,-3.30251,0.6126491,-0.4931393,4.610755E-10,4.610755E-10,-3.810239,-6.098009
'[17:34:59.204 21/01/2026]',-3.141172,-5.963623,0.03912956,-0.1290682,4.610755E-10,4.610755E-10,-2.236339,-2.584331
'[17:34:59.212 21/01/2026]',-3.141172,-5.963623,0.03912956,-0.1290682,4.610755E-10,4.610755E-10,-2.236339,-2.584331
'[17:34:59.220 21/01/2026]',-2.104379,3.480062,-1.104506,-0.3472862,4.610755E-10,4.610755E-10,5.048787,7.831117
'[17:34:59.228 21/01/2026]',-2.104379,3.480062,-1.104506,-0.3472862,4.610755E-10,4.610755E-10,5.048787,7.831117
'[17:34:59.236 21/01/2026]',2.11719,3.68192,-0.1520395,0.5694763,4.610755E-10,4.610755E-10,-3.252201,-5.229894
'[17:34:59.244 21/01/2026]',2.11719,3.68192,-0.1520395,0.5694763,4.610755E-10,4.610755E-10,-3.252201,-5.229894
'[17:34:59.252 21/01/2026]',0.3426328,-3.680778,1.213681,-0.4975172,4.610755E-10,4.610755E-10,-0.1778723,-1.500864
'[17:34:59.260 21/01/2026]',-10.17468,-6.123556,-2.284304,-0.9620321,4.610755E-10,4.610755E-10,2.79179,5.959327
'[17:34:59.268 21/01/2026]',-10.17468,-6.123556,-2.284304,-0.9620321,4.610755E-10,4.610755E-10,2.79179,5.959327
'[17:34:59.276 21/01/2026]',-10.17468,-6.123556,-2.284304,-0.9620321,4.610755E-10,4.610755E-10,2.79179,5.959327
'[17:34:59.284 21/01/2026]',-14.96573,14.91675,-6.681882,-0.2511978,4.610755E-10,4.610755E-10,3.993691,3.491122
'[17:34:59.292 21/01/2026]',-14.96573,14.91675,-6.681882,-0.2511978,4.610755E-10,4.610755E-10,3.993691,3.491122
'[17:34:59.300 21/01/2026]',-14.96573,14.91675,-6.681882,-0.2511978,4.610755E-10,4.610755E-10,3.993691,3.491122
'[17:34:59.308 21/01/2026]',-14.96573,14.91675,-6.681882,-0.2511978,4.610755E-10,4.610755E-10,3.993691,3.491122
'[17:34:59.316 21/01/2026]',42.37615,-6.711458,14.74307,3.283927,4.610755E-10,4.610755E-10,-7.675592,-10.30161
'[17:34:59.324 21/01/2026]',42.37615,-6.711458,14.74307,3.283927,4.610755E-10,4.610755E-10,-7.675592,-10.30161
'[17:34:59.332 21/01/2026]',-0.1777879,5.69311,8.57997,10.41375,4.610755E-10,4.610755E-10,1.784602,2.595097
'[17:34:59.340 21/01/2026]',-30.29136,-5.851744,-17.67486,-12.54801,4.610755E-10,4.610755E-10,2.742252,3.559891
'[17:34:59.348 21/01/2026]',8.182299,-8.162205,-0.6102393,-3.152211,4.610755E-10,4.610755E-10,-0.8786569,-2.945802
'[17:34:59.356 21/01/2026]',8.182299,-8.162205,-0.6102393,-3.152211,4.610755E-10,4.610755E-10,-0.8786569,-2.945802
'[17:34:59.364 21/01/2026]',8.182299,-8.162205,-0.6102393,-3.152211,4.610755E-10,4.610755E-10,-0.8786569,-2.945802
'[17:34:59.372 21/01/2026]',7.563836,11.11355,7.002692,5.474735,4.610755E-10,4.610755E-10,-5.504623,-0.6474221
'[17:34:59.380 21/01/2026]',7.563836,11.11355,7.002692,5.474735,4.610755E-10,4.610755E-10,-5.504623,-0.6474221
'[17:34:59.388 21/01/2026]',0.05567899,-1.785551,4.007457,4.345438,4.610755E-10,4.610755E-10,8.201547,3.607322
'[17:34:59.396 21/01/2026]',0.05567899,-1.785551,4.007457,4.345438,4.610755E-10,4.610755E-10,8.201547,3.607322
'[17:34:59.404 21/01/2026]',-6.743277,-2.846897,-7.633847,-5.252912,4.610755E-10,4.610755E-10,-3.145445,-3.195292
'[17:34:59.412 21/01/2026]',-6.743277,-2.846897,-7.633847,-5.252912,4.610755E-10,4.610755E-10,-3.145445,-3.195292
'[17:34:59.420 21/01/2026]',2.876201,-0.1927775,1.684297,0.1963508,4.610755E-10,4.610755E-10,-2.086648,0.9577115
'[17:34:59.428 21/01/2026]',2.876201,-0.1927775,1.684297,0.1963508,4.610755E-10,4.610755E-10,-2.086648,0.9577115
'[17:34:59.436 21/01/2026]',4.295189,16.46122,4.567113,6.267944,4.610755E-10,4.610755E-10,6.178919,4.102037
'[17:34:59.444 21/01/2026]',4.295189,16.46122,4.567113,6.267944,4.610755E-10,4.610755E-10,6.178919,4.102037
'[17:34:59.452 21/01/2026]',4.295189,16.46122,4.567113,6.267944,4.610755E-10,4.610755E-10,6.178919,4.102037
'[17:34:59.460 21/01/2026]',-4.686507,-24.23238,-3.941118,-8.670049,4.610755E-10,4.610755E-10,-8.281081,-9.258935
'[17:34:59.468 21/01/2026]',-4.686507,-24.23238,-3.941118,-8.670049,4.610755E-10,4.610755E-10,-8.281081,-9.258935
'[17:34:59.476 21/01/2026]',-4.686507,-24.23238,-3.941118,-8.670049,4.610755E-10,4.610755E-10,-8.281081,-9.258935
'[17:34:59.484 21/01/2026]',1.819739,8.012022,1.403332,3.614299,4.610755E-10,4.610755E-10,1.877556,4.609065
'[17:34:59.492 21/01/2026]',1.819739,8.012022,1.403332,3.614299,4.610755E-10,4.610755E-10,1.877556,4.609065
'[17:34:59.500 21/01/2026]',1.819739,8.012022,1.403332,3.614299,4.610755E-10,4.610755E-10,1.877556,4.609065
'[17:34:59.508 21/01/2026]',-0.7350129,8.553922,-1.17956,1.300579,4.610755E-10,4.610755E-10,4.97981,3.692635
'[17:34:59.516 21/01/2026]',-4.401742,-22.11724,-2.211505,-7.333382,4.610755E-10,4.610755E-10,-7.229296,-8.301719
'[17:34:59.524 21/01/2026]',8.977473,24.02551,7.79868,11.36831,4.610755E-10,4.610755E-10,6.721384,8.009866
'[17:34:59.532 21/01/2026]',8.977473,24.02551,7.79868,11.36831,4.610755E-10,4.610755E-10,6.721384,8.009866
'[17:34:59.540 21/01/2026]',-5.361018,-8.398798,-6.498062,-6.451793,4.610755E-10,4.610755E-10,-2.809987,-2.865955
'[17:34:59.548 21/01/2026]',-5.361018,-8.398798,-6.498062,-6.451793,4.610755E-10,4.610755E-10,-2.809987,-2.865955
'[17:34:59.556 21/01/2026]',-5.361018,-8.398798,-6.498062,-6.451793,4.610755E-10,4.610755E-10,-2.809987,-2.865955
'[17:34:59.564 21/01/2026]',-3.68471,-14.47317,0.7106745,-2.724987,4.610755E-10,4.610755E-10,-0.6295021,-1.440897
'[17:34:59.572 21/01/2026]',-3.68471,-14.47317,0.7106745,-2.724987,4.610755E-10,4.610755E-10,-0.6295021,-1.440897
'[17:34:59.580 21/01/2026]',0.02368999,10.73067,-0.8346964,2.482765,4.610755E-10,4.610755E-10,0.3939541,1.290565
'[17:34:59.588 21/01/2026]',0.02368999,10.73067,-0.8346964,2.482765,4.610755E-10,4.610755E-10,0.3939541,1.290565
'[17:34:59.596 21/01/2026]',0.02368999,10.73067,-0.8346964,2.482765,4.610755E-10,4.610755E-10,0.3939541,1.290565
'[17:34:59.604 21/01/2026]',-32.22642,-21.66296,-14.15535,-13.17599,4.610755E-10,4.610755E-10,-3.03286,-1.67911
'[17:34:59.612 21/01/2026]',20.16849,-5.219831,10.54958,4.338352,4.610755E-10,4.610755E-10,0.4009558,-2.581808
'[17:34:59.620 21/01/2026]',20.16849,-5.219831,10.54958,4.338352,4.610755E-10,4.610755E-10,0.4009558,-2.581808
'[17:34:59.628 21/01/2026]',20.16849,-5.219831,10.54958,4.338352,4.610755E-10,4.610755E-10,0.4009558,-2.581808
'[17:34:59.636 21/01/2026]',46.53704,34.68941,15.68629,15.45429,4.610755E-10,4.610755E-10,1.078018,1.773358
'[17:34:59.644 21/01/2026]',46.53704,34.68941,15.68629,15.45429,4.610755E-10,4.610755E-10,1.078018,1.773358
'[17:34:59.652 21/01/2026]',-8.639348,12.9549,-0.1784254,4.100677,4.610755E-10,4.610755E-10,1.754812,3.583535
'[17:34:59.660 21/01/2026]',-8.639348,12.9549,-0.1784254,4.100677,4.610755E-10,4.610755E-10,1.754812,3.583535
'[17:34:59.668 21/01/2026]',-8.639348,12.9549,-0.1784254,4.100677,4.610755E-10,4.610755E-10,1.754812,3.583535
'[17:34:59.676 21/01/2026]',-25.60497,-13.79887,-10.38731,-8.696401,4.610755E-10,4.610755E-10,2.798373,0.3716031
'[17:34:59.684 21/01/2026]',-25.60497,-13.79887,-10.38731,-8.696401,4.610755E-10,4.610755E-10,2.798373,0.3716031
'[17:34:59.692 21/01/2026]',-1.995082,-6.993175,-2.91541,-3.275084,4.610755E-10,4.610755E-10,-2.419271,2.047544
'[17:34:59.700 21/01/2026]',11.98164,1.204245,8.569766,4.747424,4.610755E-10,4.610755E-10,-4.70234,-9.322483
'[17:34:59.708 21/01/2026]',-6.401202,-1.678745,-5.37256,-2.324127,4.610755E-10,4.610755E-10,8.441814,7.848789
'[17:34:59.716 21/01/2026]',-6.401202,-1.678745,-5.37256,-2.324127,4.610755E-10,4.610755E-10,8.441814,7.848789
'[17:34:59.724 21/01/2026]',-6.401202,-1.678745,-5.37256,-2.324127,4.610755E-10,4.610755E-10,8.441814,7.848789
'[17:34:59.732 21/01/2026]',-6.401202,-1.678745,-5.37256,-2.324127,4.610755E-10,4.610755E-10,8.441814,7.848789
'[17:34:59.740 21/01/2026]',-3.453274,5.683407,-1.969111,-1.583836,4.610755E-10,4.610755E-10,-2.920557,-0.3890521
'[17:34:59.748 21/01/2026]',0.6542238,-7.102033,1.167016,-0.9743316,4.610755E-10,4.610755E-10,-7.170168,-4.999189
'[17:34:59.756 21/01/2026]',0.6542238,-7.102033,1.167016,-0.9743316,4.610755E-10,4.610755E-10,-7.170168,-4.999189
'[17:34:59.764 21/01/2026]',2.070939,6.956941,5.632322,7.200685,4.610755E-10,4.610755E-10,12.34156,7.74798
'[17:34:59.772 21/01/2026]',2.070939,6.956941,5.632322,7.200685,4.610755E-10,4.610755E-10,12.34156,7.74798
'[17:34:59.780 21/01/2026]',3.293921,18.55025,0.2963868,3.794214,4.610755E-10,4.610755E-10,2.130435,4.122488
'[17:34:59.788 21/01/2026]',3.293921,18.55025,0.2963868,3.794214,4.610755E-10,4.610755E-10,2.130435,4.122488
'[17:34:59.796 21/01/2026]',-4.669816,-41.01072,-6.81723,-17.80472,4.610755E-10,4.610755E-10,-16.66364,-16.12361
'[17:34:59.804 21/01/2026]',-4.669816,-41.01072,-6.81723,-17.80472,4.610755E-10,4.610755E-10,-16.66364,-16.12361
'[17:34:59.812 21/01/2026]',-1.129244,8.332958,2.630666,8.001196,4.610755E-10,4.610755E-10,5.578221,5.472841
'[17:34:59.820 21/01/2026]',-1.129244,8.332958,2.630666,8.001196,4.610755E-10,4.610755E-10,5.578221,5.472841
'[17:34:59.828 21/01/2026]',-1.129244,8.332958,2.630666,8.001196,4.610755E-10,4.610755E-10,5.578221,5.472841
'[17:34:59.836 21/01/2026]',-1.129244,8.332958,2.630666,8.001196,4.610755E-10,4.610755E-10,5.578221,5.472841
'[17:34:59.844 21/01/2026]',0.8450056,17.63106,-0.3106138,3.449931,4.610755E-10,4.610755E-10,7.779625,4.325389
'[17:34:59.852 21/01/2026]',-0.7956691,-12.89688,-1.70012,-5.837059,4.610755E-10,4.610755E-10,-8.808025,-3.160875
'[17:34:59.860 21/01/2026]',-0.7956691,-12.89688,-1.70012,-5.837059,4.610755E-10,4.610755E-10,-8.808025,-3.160875
'[17:34:59.868 21/01/2026]',3.110907,1.644822,2.394016,2.101527,4.610755E-10,4.610755E-10,1.658635,-1.838925
'[17:34:59.876 21/01/2026]',3.110907,1.644822,2.394016,2.101527,4.610755E-10,4.610755E-10,1.658635,-1.838925
'[17:34:59.884 21/01/2026]',3.110907,1.644822,2.394016,2.101527,4.610755E-10,4.610755E-10,1.658635,-1.838925
'[17:34:59.892 21/01/2026]',-17.6136,-38.51207,-9.64999,-14.00001,4.610755E-10,4.610755E-10,-4.493219,-4.754739
'[17:34:59.900 21/01/2026]',20.51079,50.15163,10.32674,18.60814,4.610755E-10,4.610755E-10,4.345156,5.91614
'[17:34:59.908 21/01/2026]',20.51079,50.15163,10.32674,18.60814,4.610755E-10,4.610755E-10,4.345156,5.91614
'[17:34:59.916 21/01/2026]',-1.910406,-3.467669,-2.777493,-3.681052,4.610755E-10,4.610755E-10,-3.55012,-1.457085
'[17:34:59.924 21/01/2026]',-10.58578,-27.15913,-2.447697,-7.507885,4.610755E-10,4.610755E-10,4.240935,-0.6565624
'[17:34:59.932 21/01/2026]',-10.58578,-27.15913,-2.447697,-7.507885,4.610755E-10,4.610755E-10,4.240935,-0.6565624
'[17:34:59.940 21/01/2026]',5.440335,13.22873,3.051305,3.737315,4.610755E-10,4.610755E-10,2.006894,5.694924
'[17:34:59.948 21/01/2026]',5.440335,13.22873,3.051305,3.737315,4.610755E-10,4.610755E-10,2.006894,5.694924
'[17:34:59.956 21/01/2026]',5.440335,13.22873,3.051305,3.737315,4.610755E-10,4.610755E-10,2.006894,5.694924
'[17:34:59.964 21/01/2026]',5.440335,13.22873,3.051305,3.737315,4.610755E-10,4.610755E-10,2.006894,5.694924
'[17:34:59.972 21/01/2026]',3.006254,7.230108,-0.2836494,2.250074,4.610755E-10,4.610755E-10,-6.485005,-3.865639
'[17:34:59.980 21/01/2026]',3.006254,7.230108,-0.2836494,2.250074,4.610755E-10,4.610755E-10,-6.485005,-3.865639
'[17:34:59.988 21/01/2026]',-5.199089,-11.36994,-3.523768,-2.637276,4.610755E-10,4.610755E-10,-0.3885566,-5.647847
'[17:34:59.996 21/01/2026]',-5.199089,-11.36994,-3.523768,-2.637276,4.610755E-10,4.610755E-10,-0.3885566,-5.647847
'[17:35:00.004 21/01/2026]',-5.199089,-11.36994,-3.523768,-2.637276,4.610755E-10,4.610755E-10,-0.3885566,-5.647847
'[17:35:00.012 21/01/2026]',3.205518,3.026837,4.744652,2.076756,4.610755E-10,4.610755E-10,8.821869,9.249516
'[17:35:00.020 21/01/2026]',1.735446,7.862615,1.624506,0.618164,4.610755E-10,4.610755E-10,0.1941855,2.547903
'[17:35:00.028 21/01/2026]',-3.938938,-6.407455,-4.765274,-2.794084,4.610755E-10,4.610755E-10,-8.931249,-9.642673
'[17:35:00.036 21/01/2026]',2.342202,-2.872585,2.586954,3.610554,4.610755E-10,4.610755E-10,8.355791,7.333448
'[17:35:00.044 21/01/2026]',2.342202,-2.872585,2.586954,3.610554,4.610755E-10,4.610755E-10,8.355791,7.333448
'[17:35:00.052 21/01/2026]',4.556704,16.54383,0.8564077,1.712516,4.610755E-10,4.610755E-10,-2.031501,-0.4109187
'[17:35:00.060 21/01/2026]',-7.62721,-16.98919,-3.672623,-5.034349,4.610755E-10,4.610755E-10,-2.483932,-3.622865
'[17:35:00.068 21/01/2026]',-7.62721,-16.98919,-3.672623,-5.034349,4.610755E-10,4.610755E-10,-2.483932,-3.622865
'[17:35:00.076 21/01/2026]',-7.62721,-16.98919,-3.672623,-5.034349,4.610755E-10,4.610755E-10,-2.483932,-3.622865
'[17:35:00.084 21/01/2026]',-7.62721,-16.98919,-3.672623,-5.034349,4.610755E-10,4.610755E-10,-2.483932,-3.622865
'[17:35:00.092 21/01/2026]',-0.3619121,3.411967,-0.6944469,1.951071,4.610755E-10,4.610755E-10,-0.2760668,2.000109
'[17:35:00.100 21/01/2026]',2.018145,1.280865,1.337055,-1.363418,4.610755E-10,4.610755E-10,-1.693042,-3.396162
'[17:35:00.108 21/01/2026]',2.018145,1.280865,1.337055,-1.363418,4.610755E-10,4.610755E-10,-1.693042,-3.396162
'[17:35:00.116 21/01/2026]',2.018145,1.280865,1.337055,-1.363418,4.610755E-10,4.610755E-10,-1.693042,-3.396162
'[17:35:00.124 21/01/2026]',-4.762436,-11.01092,-2.660211,-4.394886,4.610755E-10,4.610755E-10,2.146371,1.47561
'[17:35:00.132 21/01/2026]',-4.762436,-11.01092,-2.660211,-4.394886,4.610755E-10,4.610755E-10,2.146371,1.47561
'[17:35:00.140 21/01/2026]',0.2155631,32.48985,3.319794,13.93048,4.610755E-10,4.610755E-10,9.418729,11.68557
'[17:35:00.148 21/01/2026]',0.2155631,32.48985,3.319794,13.93048,4.610755E-10,4.610755E-10,9.418729,11.68557
'[17:35:00.156 21/01/2026]',0.2155631,32.48985,3.319794,13.93048,4.610755E-10,4.610755E-10,9.418729,11.68557
'[17:35:00.164 21/01/2026]',20.62569,-10.30755,7.444119,-2.695803,4.610755E-10,4.610755E-10,-9.901718,-10.94504
'[17:35:00.172 21/01/2026]',20.62569,-10.30755,7.444119,-2.695803,4.610755E-10,4.610755E-10,-9.901718,-10.94504
'[17:35:00.180 21/01/2026]',-12.47726,-23.66013,-6.954909,-9.06516,4.610755E-10,4.610755E-10,-1.848105,-2.703793
'[17:35:00.188 21/01/2026]',-12.47726,-23.66013,-6.954909,-9.06516,4.610755E-10,4.610755E-10,-1.848105,-2.703793
'[17:35:00.196 21/01/2026]',-6.187411,18.76365,-1.433863,5.857566,4.610755E-10,4.610755E-10,6.404556,6.253283
'[17:35:00.204 21/01/2026]',5.130857,-2.00305,2.635406,-1.714265,4.610755E-10,4.610755E-10,-2.190489,-2.630681
'[17:35:00.212 21/01/2026]',5.130857,-2.00305,2.635406,-1.714265,4.610755E-10,4.610755E-10,-2.190489,-2.630681
'[17:35:00.220 21/01/2026]',5.130857,-2.00305,2.635406,-1.714265,4.610755E-10,4.610755E-10,-2.190489,-2.630681
'[17:35:00.228 21/01/2026]',1.568878,-3.107343,-1.953514,-0.8344728,4.610755E-10,4.610755E-10,-6.431017,-2.762013
'[17:35:00.236 21/01/2026]',1.568878,-3.107343,-1.953514,-0.8344728,4.610755E-10,4.610755E-10,-6.431017,-2.762013
'[17:35:00.244 21/01/2026]',-0.7452467,0.6689368,4.135109,3.421262,4.610755E-10,4.610755E-10,8.648592,4.500327
'[17:35:00.252 21/01/2026]',-0.7452467,0.6689368,4.135109,3.421262,4.610755E-10,4.610755E-10,8.648592,4.500327
'[17:35:00.260 21/01/2026]',-0.7452467,0.6689368,4.135109,3.421262,4.610755E-10,4.610755E-10,8.648592,4.500327
'[17:35:00.268 21/01/2026]',-0.7452467,0.6689368,4.135109,3.421262,4.610755E-10,4.610755E-10,8.648592,4.500327
'[17:35:00.276 21/01/2026]',-5.579517,-5.591716,-6.013245,-5.778117,4.610755E-10,4.610755E-10,-3.354459,-3.681538
'[17:35:00.284 21/01/2026]',7.09148,8.298673,5.000713,6.516314,4.610755E-10,4.610755E-10,1.34539,4.053937
'[17:35:00.292 21/01/2026]',7.09148,8.298673,5.000713,6.516314,4.610755E-10,4.610755E-10,1.34539,4.053937
'[17:35:00.300 21/01/2026]',-2.454289,-2.529396,-1.681616,-3.316917,4.610755E-10,4.610755E-10,-3.022782,-3.354913
'[17:35:00.308 21/01/2026]',-2.454289,-2.529396,-1.681616,-3.316917,4.610755E-10,4.610755E-10,-3.022782,-3.354913
'[17:35:00.316 21/01/2026]',-4.862969,-6.350382,-4.378582,-4.108784,4.610755E-10,4.610755E-10,1.60672,-2.658325
'[17:35:00.324 21/01/2026]',-4.862969,-6.350382,-4.378582,-4.108784,4.610755E-10,4.610755E-10,1.60672,-2.658325
'[17:35:00.332 21/01/2026]',-4.862969,-6.350382,-4.378582,-4.108784,4.610755E-10,4.610755E-10,1.60672,-2.658325
'[17:35:00.340 21/01/2026]',4.895771,6.537162,3.288537,4.319758,4.610755E-10,4.610755E-10,-2.250256,3.468544
'[17:35:00.348 21/01/2026]',-0.9216827,-1.623232,-0.5740278,-0.2277378,4.610755E-10,4.610755E-10,2.927699,1.761555
'[17:35:00.356 21/01/2026]',-0.9216827,-1.623232,-0.5740278,-0.2277378,4.610755E-10,4.610755E-10,2.927699,1.761555
'[17:35:00.364 21/01/2026]',-2.270236,-0.839552,0.01458792,-1.20252,4.610755E-10,4.610755E-10,0.1934018,-2.249956
'[17:35:00.372 21/01/2026]',-2.270236,-0.839552,0.01458792,-1.20252,4.610755E-10,4.610755E-10,0.1934018,-2.249956
'[17:35:00.380 21/01/2026]',2.328067,2.054509,0.4231731,2.210354,4.610755E-10,4.610755E-10,-1.275761,0.3778419
'[17:35:00.388 21/01/2026]',2.328067,2.054509,0.4231731,2.210354,4.610755E-10,4.610755E-10,-1.275761,0.3778419
'[17:35:00.396 21/01/2026]',-1.6257,-4.188795,-1.835055,-3.554112,4.610755E-10,4.610755E-10,-1.543938,-1.949662
'[17:35:00.404 21/01/2026]',-1.6257,-4.188795,-1.835055,-3.554112,4.610755E-10,4.610755E-10,-1.543938,-1.949662
'[17:35:00.412 21/01/2026]',-1.6257,-4.188795,-1.835055,-3.554112,4.610755E-10,4.610755E-10,-1.543938,-1.949662
'[17:35:00.420 21/01/2026]',0.7539825,5.489505,-0.5212463,-0.361551,4.610755E-10,4.610755E-10,-0.7802368,0.1073163
'[17:35:00.428 21/01/2026]',0.7539825,5.489505,-0.5212463,-0.361551,4.610755E-10,4.610755E-10,-0.7802368,0.1073163
'[17:35:00.436 21/01/2026]',0.7539825,5.489505,-0.5212463,-0.361551,4.610755E-10,4.610755E-10,-0.7802368,0.1073163
'[17:35:00.444 21/01/2026]',-11.45869,-30.4131,-3.416544,-6.717365,4.610755E-10,4.610755E-10,-1.047455,-3.270258
'[17:35:00.452 21/01/2026]',15.15305,33.36493,4.04902,9.20879,4.610755E-10,4.610755E-10,1.153229,2.325711
'[17:35:00.460 21/01/2026]',15.15305,33.36493,4.04902,9.20879,4.610755E-10,4.610755E-10,1.153229,2.325711
'[17:35:00.468 21/01/2026]',5.166073,15.55623,4.407579,4.63162,4.610755E-10,4.610755E-10,2.966913,5.290161
'[17:35:00.476 21/01/2026]',5.166073,15.55623,4.407579,4.63162,4.610755E-10,4.610755E-10,2.966913,5.290161
'[17:35:00.484 21/01/2026]',5.166073,15.55623,4.407579,4.63162,4.610755E-10,4.610755E-10,2.966913,5.290161
'[17:35:00.492 21/01/2026]',-17.08503,-26.94805,-8.251348,-7.492171,4.610755E-10,4.610755E-10,-0.1745666,-4.73018
'[17:35:00.500 21/01/2026]',4.41691,0.6697167,0.2030765,-0.2583266,4.610755E-10,4.610755E-10,-2.334611,0.6679533
'[17:35:00.508 21/01/2026]',4.41691,0.6697167,0.2030765,-0.2583266,4.610755E-10,4.610755E-10,-2.334611,0.6679533
'[17:35:00.516 21/01/2026]',4.41691,0.6697167,0.2030765,-0.2583266,4.610755E-10,4.610755E-10,-2.334611,0.6679533
'[17:35:00.524 21/01/2026]',5.007126,8.730158,4.204218,2.424552,4.610755E-10,4.610755E-10,0.2679249,2.795185
'[17:35:00.532 21/01/2026]',5.007126,8.730158,4.204218,2.424552,4.610755E-10,4.610755E-10,0.2679249,2.795185
'[17:35:00.540 21/01/2026]',-3.583743,0.1246149,-3.1209,-0.6481493,4.610755E-10,4.610755E-10,0.6454826,-5.450116
'[17:35:00.548 21/01/2026]',-3.583743,0.1246149,-3.1209,-0.6481493,4.610755E-10,4.610755E-10,0.6454826,-5.450116
'[17:35:00.556 21/01/2026]',-2.697219,-4.78247,-0.1699117,-0.9934872,4.610755E-10,4.610755E-10,0.7029777,3.336691
'[17:35:00.564 21/01/2026]',-2.697219,-4.78247,-0.1699117,-0.9934872,4.610755E-10,4.610755E-10,0.7029777,3.336691
'[17:35:00.572 21/01/2026]',1.16744,0.4219024,1.220992,0.2199125,4.610755E-10,4.610755E-10,-0.8039602,1.477971
'[17:35:00.580 21/01/2026]',1.16744,0.4219024,1.220992,0.2199125,4.610755E-10,4.610755E-10,-0.8039602,1.477971
'[17:35:00.588 21/01/2026]',1.16744,0.4219024,1.220992,0.2199125,4.610755E-10,4.610755E-10,-0.8039602,1.477971
'[17:35:00.596 21/01/2026]',-0.5742813,-11.36547,1.299983,-1.167612,4.610755E-10,4.610755E-10,0.281133,-3.047481
'[17:35:00.604 21/01/2026]',-0.5742813,-11.36547,1.299983,-1.167612,4.610755E-10,4.610755E-10,0.281133,-3.047481
'[17:35:00.612 21/01/2026]',14.28221,7.736552,5.604088,3.467767,4.610755E-10,4.610755E-10,0.2310949,-0.5498078
'[17:35:00.620 21/01/2026]',-6.855318,4.732082,-3.706393,-1.716101,4.610755E-10,4.610755E-10,-2.195775,0.3313327
'[17:35:00.628 21/01/2026]',-6.855318,4.732082,-3.706393,-1.716101,4.610755E-10,4.610755E-10,-2.195775,0.3313327
'[17:35:00.636 21/01/2026]',-6.855318,4.732082,-3.706393,-1.716101,4.610755E-10,4.610755E-10,-2.195775,0.3313327
'[17:35:00.644 21/01/2026]',-4.144464,2.343006,3.1353,6.552673,4.610755E-10,4.610755E-10,6.999262,6.124184
'[17:35:00.652 21/01/2026]',-4.144464,2.343006,3.1353,6.552673,4.610755E-10,4.610755E-10,6.999262,6.124184
'[17:35:00.660 21/01/2026]',1.806678,5.294554,-2.595448,-3.606955,4.610755E-10,4.610755E-10,-4.119029,-2.381638
'[17:35:00.668 21/01/2026]',1.806678,5.294554,-2.595448,-3.606955,4.610755E-10,4.610755E-10,-4.119029,-2.381638
'[17:35:00.676 21/01/2026]',-0.8185764,0.9538479,-1.253705,1.758999,4.610755E-10,4.610755E-10,2.017677,1.741099
'[17:35:00.684 21/01/2026]',-0.8185764,0.9538479,-1.253705,1.758999,4.610755E-10,4.610755E-10,2.017677,1.741099
'[17:35:00.692 21/01/2026]',-0.8185764,0.9538479,-1.253705,1.758999,4.610755E-10,4.610755E-10,2.017677,1.741099
'[17:35:00.700 21/01/2026]',3.958933,4.186929,1.056723,3.558736,4.610755E-10,4.610755E-10,3.195079,1.085584
'[17:35:00.708 21/01/2026]',-4.302197,-17.88374,-1.000996,-6.286693,4.610755E-10,4.610755E-10,-7.335281,-6.088252
'[17:35:00.716 21/01/2026]',-4.302197,-17.88374,-1.000996,-6.286693,4.610755E-10,4.610755E-10,-7.335281,-6.088252
'[17:35:00.724 21/01/2026]',1.295396,5.198637,4.496568,3.158603,4.610755E-10,4.610755E-10,3.926125,3.107954
'[17:35:00.732 21/01/2026]',5.898965,16.48221,2.006053,5.092167,4.610755E-10,4.610755E-10,6.936285,6.52587
'[17:35:00.740 21/01/2026]',5.898965,16.48221,2.006053,5.092167,4.610755E-10,4.610755E-10,6.936285,6.52587
'[17:35:00.748 21/01/2026]',5.898965,16.48221,2.006053,5.092167,4.610755E-10,4.610755E-10,6.936285,6.52587
