phase,mode,window_idx,start_s,theta_fz,alpha_pz,ratio
baseline_eyes_open,real,0,0.0,4.279412589433559,1.642625755832963,2.60522676832344
baseline_eyes_open,real,1,0.4998548661500439,2.7497161903911613,4.475692790862822,0.6143666062167489
baseline_eyes_open,real,2,0.9997097323000878,2.3253321672699254,3.874738846513591,0.6001261657575221
baseline_eyes_open,real,3,1.4995645984501316,2.673776148824831,2.5862325602888205,1.033849851664629
baseline_eyes_open,real,4,1.9994194646001755,12.260966409171417,7.46104489515588,1.6433310054375774
baseline_eyes_open,real,5,2.4992743307502194,1.3906499155145133,2.10928279661181,0.6592998898717358
baseline_eyes_open,real,6,2.999129196900263,1.486813090099215,2.938103353870805,0.5060451968581747
baseline_eyes_open,real,7,3.4989840630503073,1.222190570501993,1.3270687976367634,0.9209700150274523
baseline_eyes_open,real,8,3.998838929200351,1.3609854895251212,3.174280695896072,0.4287539823698316
baseline_eyes_open,real,9,4.498693795350395,0.46945334141772704,1.9674281335582613,0.2386127012266927
baseline_eyes_open,real,10,4.998548661500439,1.5273917549231084,3.396052000661418,0.4497551140635162
baseline_eyes_open,real,11,5.498403527650483,0.613892081330274,0.7422810961724979,0.8270345082149475
baseline_eyes_open,real,12,5.998258393800526,0.3005381213055438,0.14406566600486156,2.086118987541431
baseline_eyes_open,real,13,6.49811325995057,1.010899729328586,1.4110642647385971,0.7164094184724162
baseline_eyes_open,real,14,6.997968126100615,1.3966305502855283,0.5552790712989217,2.5151867276728037
baseline_eyes_open,real,15,7.497822992250659,1.160289313170697,1.043299515336066,1.112134431306571
baseline_eyes_open,real,16,7.997677858400702,0.2281418623377332,1.4331249457066415,0.15919188555136177
baseline_eyes_open,real,17,8.497532724550746,2.175948488968505,5.907821639271928,0.36831655080850845
baseline_eyes_open,real,18,8.99738759070079,1.0005066275283199,3.1118263897280434,0.32151749558745746
baseline_eyes_open,real,19,9.497242456850834,0.5094626987756128,3.2613626344887257,0.15621160719389912
baseline_eyes_open,real,20,9.997097323000878,0.8631873663858343,11.61432239167833,0.07432094075538222
baseline_eyes_open,real,21,10.496952189150921,0.6077929595049515,5.688016978984266,0.10685498333612353
baseline_eyes_open,real,22,10.996807055300966,0.19029445783551846,1.8430687609849217,0.1032487023076809
baseline_eyes_open,real,23,11.49666192145101,0.5047954054086695,8.18043890556549,0.06170761877644931
baseline_eyes_open,real,24,11.996516787601053,0.6821303204171683,12.73979659695324,0.053543266191573395
baseline_eyes_open,real,25,12.496371653751098,4.657312696372459,5.114977319350046,0.9105246036485376
baseline_eyes_open,real,26,12.99622651990114,1.2140846813017805,1.0970749877668715,1.1066560580084737
baseline_eyes_open,real,27,13.496081386051186,1.6196139413204311,3.654913535175406,0.44313331238428405
baseline_eyes_open,real,28,13.99593625220123,2.974213553109148,1.4844367588661327,2.0035973478459006
baseline_eyes_open,real,29,14.495791118351272,3.6279288553097366,0.40380951652796726,8.984257940484847
baseline_eyes_open,real,30,14.995645984501317,2.2133605304055015,2.590937610151424,0.8542700996478818
baseline_eyes_open,real,31,15.49550085065136,0.4207211651082572,1.0089473444883479,0.41699021005066533
baseline_eyes_open,real,32,15.995355716801404,6.146618593395711,2.229977347284277,2.7563592073620025
baseline_eyes_open,real,33,16.495210582951447,6.4622039038217824,2.259182700405984,2.860416690806148
baseline_eyes_open,real,34,16.995065449101492,1.249382364631758,1.3418316223408464,0.9311021918325272
baseline_eyes_open,real,35,17.494920315251537,0.21463142425837972,3.779966369677833,0.056781305246552435
baseline_eyes_open,real,36,17.99477518140158,1.2214451498763506,4.87561232370179,0.2505213845527761
baseline_eyes_open,real,37,18.494630047551624,2.105274766206618,0.6689546235654291,3.147111466224443
baseline_eyes_open,real,38,18.99448491370167,3.4425095975512328,4.169748226340117,0.8255917169782699
baseline_eyes_open,real,39,19.49433977985171,7.602414455415521,3.7282311239596533,2.0391478432112873
baseline_eyes_open,real,40,19.994194646001755,1.8483599259872543,0.4911518699196392,3.7633164794622025
baseline_eyes_open,real,41,20.4940495121518,0.47077272879057763,1.8385934934132306,0.25605047036069856
baseline_eyes_open,real,42,20.993904378301842,2.2455052311661654,0.6698754313081638,3.3521235833071805
baseline_eyes_open,real,43,21.493759244451887,0.7256117190744904,0.5413911853971964,1.3402725028523301
baseline_eyes_open,real,44,21.993614110601932,2.290744686690398,2.2463882616926045,1.0197456627396957
baseline_eyes_open,real,45,22.493468976751974,0.17670275679451317,1.0445792275100496,0.16916166063891325
baseline_eyes_open,real,46,22.99332384290202,0.8581427272138642,3.1389760649912803,0.2733830107163458
baseline_eyes_open,real,47,23.493178709052064,3.5447033259593237,8.132777892118035,0.43585394473820677
baseline_eyes_open,real,48,23.993033575202105,3.553563372912852,13.712241985462102,0.2591526153549789
baseline_eyes_open,real,49,24.49288844135215,1.9043415606421328,4.047171772348692,0.4705363813943058
baseline_eyes_open,real,50,24.992743307502195,11.49341779271614,4.9288776307944255,2.3318529396851058
baseline_eyes_open,real,51,25.492598173652237,11.592699878739879,4.547374958815199,2.549316910026771
baseline_eyes_open,real,52,25.99245303980228,1.0359559144543289,13.397060848936544,0.07732710376817933
baseline_eyes_open,real,53,26.492307905952327,0.7772756256927257,7.339571270578198,0.10590204754990999
baseline_eyes_open,real,54,26.992162772102372,0.3723066478858562,2.898699359310767,0.12843920729136282
baseline_eyes_open,real,55,27.492017638252413,0.4739883159629758,4.417131536886622,0.10730681484234507
baseline_eyes_open,real,56,27.99187250440246,4.705041334011914,2.8830028569873303,1.6319932956738623
baseline_eyes_open,real,57,28.491727370552503,1.7628231969222101,9.919464279673967,0.17771354855669186
baseline_eyes_open,real,58,28.991582236702545,0.6379302452516634,8.646470769041109,0.0737792635043407
baseline_eyes_open,real,59,29.49143710285259,0.5816984644078775,0.7242252889238985,0.8032009835947642
baseline_eyes_open,real,60,29.991291969002635,0.33449196977510653,2.163737109501539,0.15458993068347548
baseline_eyes_open,real,61,30.491146835152676,2.029311781678835,0.7154786636081709,2.836299508143236
baseline_eyes_open,real,62,30.99100170130272,0.5936447133911351,7.4245240243247395,0.07995727557028508
baseline_eyes_open,real,63,31.490856567452767,0.30518244948645123,4.183751410441044,0.0729446899557255
baseline_eyes_open,real,64,31.990711433602808,1.7953861222348393,6.574052117660784,0.2731018997266002
baseline_eyes_open,real,65,32.49056629975285,0.9581358193553334,0.929565164246788,1.0307355053819123
baseline_eyes_open,real,66,32.990421165902895,1.1361776036934403,3.6215467041320335,0.3137271714312311
baseline_eyes_open,real,67,33.49027603205294,0.34517324501548446,6.217407681947513,0.05551722883119093
baseline_eyes_open,real,68,33.990130898202985,1.061171664433533,1.2267752849024802,0.8650090016427813
baseline_eyes_open,real,69,34.48998576435303,1.5110768601605038,4.406986676092527,0.34288210317447715
baseline_eyes_open,real,70,34.989840630503075,0.8695957016499092,3.809659443032979,0.228260744734075
baseline_eyes_open,real,71,35.48969549665312,0.5657471262709766,2.3945709794841497,0.2362624165740339
baseline_eyes_open,real,72,35.98955036280316,2.4734894488880217,3.26901762587815,0.7566461034983172
baseline_eyes_open,real,73,36.4894052289532,0.7930165774679558,0.7617561078321553,1.0410373731360858
baseline_eyes_open,real,74,36.98926009510325,0.6828277210735408,1.7521777054593621,0.38970232239915775
baseline_eyes_open,real,75,37.48911496125329,7.081896652291445,7.413513873946624,0.9552685504750205
baseline_eyes_open,real,76,37.98896982740334,4.006424848761787,1.305979507921271,3.0677547576062794
baseline_eyes_open,real,77,38.48882469355338,2.98490934439061,6.019399786203437,0.495881558030432
baseline_eyes_open,real,78,38.98867955970342,0.8185947178131684,1.17944196941079,0.6940525596372589
baseline_eyes_open,real,79,39.488534425853466,0.773887445774452,1.21695036235211,0.6359235920507799
baseline_eyes_open,real,80,39.98838929200351,1.8733364192500703,5.836902260929142,0.3209470255806314
baseline_eyes_open,real,81,40.488244158153556,2.2411465335057326,1.925015725576278,1.1642224547723197
baseline_eyes_open,real,82,40.9880990243036,0.6243599112426871,2.544402519463203,0.24538566774191428
baseline_eyes_open,real,83,41.487953890453646,2.6973065467646125,4.01068516998118,0.6725301120499741
baseline_eyes_open,real,84,41.987808756603684,0.7688696342034822,2.4506901728328643,0.3137359600682247
baseline_eyes_open,real,85,42.48766362275373,4.261509240725165,1.5469182708385305,2.7548380034422566
baseline_eyes_open,real,86,42.987518488903774,3.4043265544797743,3.2576954113661882,1.0450106976244575
baseline_eyes_open,real,87,43.48737335505382,3.5030334943986805,3.498603491949619,1.0012662202102225
baseline_eyes_open,real,88,43.987228221203864,0.8717671546189582,4.455895038964,0.19564355690515656
baseline_eyes_open,real,89,44.48708308735391,2.0587366063329626,1.4361364899900364,1.4335243346871895
baseline_eyes_open,real,90,44.98693795350395,0.709954105735985,3.438479435419869,0.20647327374499574
baseline_eyes_open,real,91,45.48679281965399,0.3574123954607218,10.16998140503972,0.035143859288042215
baseline_eyes_open,real,92,45.98664768580404,0.4989063814250038,2.281058187695207,0.21871707794052433
baseline_eyes_open,real,93,46.48650255195408,0.6606220162605145,4.0179965430930835,0.16441577516937403
baseline_eyes_open,real,94,46.98635741810413,1.5284044038713573,2.0280885619911464,0.7536181765015199
baseline_eyes_open,real,95,47.48621228425417,11.41890981782706,5.111167030332081,2.234110086808326
baseline_eyes_open,real,96,47.98606715040421,1.7234686635834326,0.6552904674941169,2.6300835264308278
baseline_eyes_open,real,97,48.485922016554255,1.3662828264503803,2.614993393656876,0.5224804122888181
baseline_eyes_open,real,98,48.9857768827043,2.36998027600683,3.315463308495307,0.714826271771478
baseline_eyes_open,real,99,49.485631748854345,0.45500745275468146,3.0434514652519296,0.1495037650344186
baseline_eyes_open,real,100,49.98548661500439,0.8558796086522216,2.7224674430505003,0.31437643481723926
baseline_eyes_open,real,101,50.485341481154435,1.8558018880207414,4.881152819336309,0.38019745677068867
baseline_eyes_open,real,102,50.98519634730447,0.34665773434010433,1.7824334672236242,0.194485651618778
baseline_eyes_open,real,103,51.48505121345452,1.0009818564326238,4.275679182895406,0.23411060877462248
baseline_eyes_open,real,104,51.98490607960456,0.9623626477540259,1.422949863467268,0.6763152184498334
baseline_eyes_open,real,105,52.48476094575461,0.5122190104557443,1.5899708379712185,0.3221562296760919
baseline_eyes_open,real,106,52.98461581190465,1.4942221461367688,1.440117161502794,1.03756984923193
baseline_eyes_open,real,107,53.4844706780547,0.5108178938051052,2.5853873393278546,0.19757886411631728
baseline_eyes_open,real,108,53.984325544204744,1.7370449469814295,0.7831890071129031,2.2179128297328368
baseline_eyes_open,real,109,54.48418041035478,2.822214740291403,0.3967677504867393,7.113014444417973
baseline_eyes_open,real,110,54.98403527650483,1.320943360444373,1.533609843600201,0.8613294743488433
baseline_eyes_open,real,111,55.48389014265487,1.1286730097851334,3.0641335665062197,0.3683498076332445
baseline_eyes_open,real,112,55.98374500880492,0.4304298777973552,2.6960040898161783,0.15965475698766585
baseline_eyes_open,real,113,56.48359987495496,1.0789218228385304,0.5073261821832007,2.1266827156358366
baseline_eyes_open,real,114,56.98345474110501,0.25000911390661545,0.686559911070426,0.36414755635356344
baseline_eyes_open,real,115,57.483309607255045,1.2075496896533289,1.1532599618727597,1.0470750130719955
baseline_eyes_open,real,116,57.98316447340509,0.9564118195583752,1.9789582533879477,0.48329054840899854
baseline_eyes_open,real,117,58.483019339555135,0.23720158629313176,1.5950474858018928,0.14871130070079464
baseline_eyes_open,real,118,58.98287420570518,1.1187043846622597,2.1321916191331685,0.524673474289831
baseline_eyes_open,real,119,59.482729071855225,0.9613243360470686,19.479840631994364,0.04934970230034409
baseline_eyes_open,real,120,59.98258393800527,4.260527373320771,4.484458779362931,0.9500650096121586
baseline_eyes_open,real,121,60.48243880415531,1.3794414280912253,3.2206414652991966,0.42831263366444783
baseline_eyes_open,real,122,60.98229367030535,0.8063255717873437,2.991065417908561,0.269578046324092
baseline_eyes_open,real,123,61.4821485364554,0.22281499947105793,1.6903686518692465,0.13181444132004239
baseline_eyes_open,real,124,61.98200340260544,0.7341411959271946,0.7751962968334887,0.9470390905194008
baseline_eyes_open,real,125,62.48185826875549,3.1557041388345812,8.924169268244407,0.3536132096982717
baseline_eyes_open,real,126,62.98171313490553,1.042309936646909,5.497376071951464,0.1896013521732576
baseline_eyes_open,real,127,63.48156800105557,0.44313736688175276,1.2790978640185091,0.3464452403114484
baseline_eyes_open,real,128,63.981422867205616,6.9526981698024315,2.337014894903393,2.9750337428165343
baseline_eyes_open,real,129,64.48127773335567,2.9622198467897416,4.016043651370337,0.7375965263173835
baseline_eyes_open,real,130,64.9811325995057,1.7889253280698465,2.378865475899613,0.752007772693969
baseline_eyes_open,real,131,65.48098746565574,1.2550638954427766,4.278967500524039,0.2933099854787565
baseline_eyes_open,real,132,65.98084233180579,0.8072483284110539,2.012343277497841,0.4011484210660077
baseline_eyes_open,real,133,66.48069719795583,2.1139793273034986,1.598954281473644,1.3221011706195829
baseline_eyes_open,real,134,66.98055206410588,0.8700025023598378,4.191089572976858,0.20758384835518803
baseline_eyes_open,real,135,67.48040693025592,1.6909221189876746,1.649002406443756,1.0254212561365041
baseline_eyes_open,real,136,67.98026179640597,0.23370790442760267,0.9973960252283409,0.23431806275155173
baseline_eyes_open,real,137,68.48011666255601,1.7265065073674406,2.990167834859749,0.5773945151973119
baseline_eyes_open,real,138,68.97997152870606,1.0490066531271331,0.6978895249409992,1.5031127644677258
baseline_eyes_open,real,139,69.4798263948561,0.8947394964913649,1.9888689433258404,0.44987353213689246
baseline_eyes_open,real,140,69.97968126100615,1.57781646219381,1.8233879639046513,0.8653213103452937
baseline_eyes_open,real,141,70.4795361271562,0.8526576095538703,3.41579634025433,0.24962191085736216
baseline_eyes_open,real,142,70.97939099330624,1.5042984166289353,0.7967548815658849,1.8880316285888266
baseline_eyes_open,real,143,71.47924585945627,0.8929763426456815,1.9164795186355823,0.46594619663946457
baseline_eyes_open,real,144,71.97910072560632,5.726273623916009,3.6440749519775997,1.571392932192139
baseline_eyes_open,real,145,72.47895559175636,0.8970047184849186,2.5192740110633185,0.3560568300811061
baseline_eyes_open,real,146,72.9788104579064,1.2790289592235569,1.1153193550695542,1.1467827160085404
baseline_eyes_open,real,147,73.47866532405645,0.7116408560007084,1.3382678770252172,0.5317626375241007
baseline_eyes_open,real,148,73.9785201902065,1.8490654957246275,1.6874000577192017,1.095807415239717
baseline_eyes_open,real,149,74.47837505635654,1.2552973983453535,1.2287623717436083,1.0215949212084776
baseline_eyes_open,real,150,74.97822992250659,1.710382674729416,4.506924980896439,0.3795010305206403
baseline_eyes_open,real,151,75.47808478865663,0.8272762146630024,1.505323367270032,0.5495671113930178
baseline_eyes_open,real,152,75.97793965480668,2.488989383153979,6.898985253201792,0.3607761564642929
baseline_eyes_open,real,153,76.47779452095672,0.7123921556041732,1.8483178510210063,0.3854272982380436
baseline_eyes_open,real,154,76.97764938710677,1.2280111090682138,6.689376258669,0.18357632484445624
baseline_eyes_open,real,155,77.4775042532568,3.3254784489527767,4.551042832130016,0.7307069108370398
baseline_eyes_open,real,156,77.97735911940684,0.39828426413668416,2.348164860825472,0.16961511978195246
baseline_eyes_open,real,157,78.47721398555689,0.7743644267517155,3.2022769628186376,0.24181681838978772
baseline_eyes_open,real,158,78.97706885170693,0.9049030568003296,8.936954068531278,0.1012540793945295
baseline_eyes_open,real,159,79.47692371785698,1.1498184063227235,1.876276989386461,0.6128191161682967
baseline_eyes_open,real,160,79.97677858400702,1.6131710043623317,14.631708032012416,0.11025172186547925
baseline_eyes_open,real,161,80.47663345015707,1.268646737911331,12.403568900355234,0.10228078290233043
baseline_eyes_open,real,162,80.97648831630711,2.9156216586464323,1.3666989364521867,2.1333313291478033
baseline_eyes_open,real,163,81.47634318245716,0.37597987847690495,2.7959978884184293,0.13447073048026512
baseline_eyes_open,real,164,81.9761980486072,0.2928065390615965,8.607830346929891,0.034016299957169836
baseline_eyes_open,real,165,82.47605291475725,0.25606043692453995,6.898330477772095,0.03711918959951568
baseline_eyes_open,real,166,82.97590778090729,0.5404467667446986,6.045576400683289,0.08939540763782519
baseline_eyes_open,real,167,83.47576264705732,0.5697444389304537,10.8776906236168,0.05237733436667785
baseline_eyes_open,real,168,83.97561751320737,1.3969428785534135,7.7498339186889265,0.1802545568343922
baseline_eyes_open,real,169,84.47547237935741,2.8014884553801,8.971370336873242,0.3122698484383927
baseline_eyes_open,real,170,84.97532724550746,1.1783840596531239,4.429882800836134,0.26600795385166975
baseline_eyes_open,real,171,85.4751821116575,0.7615031948980729,2.1159622818685873,0.359885051554698
baseline_eyes_open,real,172,85.97503697780755,0.6055290368653565,3.367972123914254,0.17979039451241396
baseline_eyes_open,real,173,86.4748918439576,0.5981007016449299,5.194946708260224,0.11513124873714682
baseline_eyes_open,real,174,86.97474671010764,0.4321480921414572,4.607591233214361,0.09379045802202832
baseline_eyes_open,real,175,87.47460157625768,0.7886529675427619,8.161368458843366,0.09663244240470553
baseline_eyes_open,real,176,87.97445644240773,0.33114071642318244,3.7241060364468552,0.0889181761159308
baseline_eyes_open,real,177,88.47431130855777,1.3704174119720458,2.5519939735511894,0.5369986865858707
baseline_eyes_open,real,178,88.97416617470782,0.7111800937856547,5.792660631397575,0.1227726150451301
baseline_eyes_open,step4,0,0.0,8.435436393647255,8.527827206009107,0.9891659610203231
baseline_eyes_open,step4,1,0.5,0.5161707274498234,1.649200130228086,0.312982468282025
baseline_eyes_open,step4,2,1.0,0.4123852556837595,2.383529388008857,0.17301454631035879
baseline_eyes_open,step4,3,1.5,2.2797234042873633,2.4744577348004517,0.9213022199674821
baseline_eyes_open,step4,4,2.0,4.181433864373258,1.6740550809794486,2.4977875052515017
baseline_eyes_open,step4,5,2.5,2.838471508562805,7.3288617024172815,0.38730045999184165
baseline_eyes_open,step4,6,3.0,8.448003116996324,0.4718934637772838,17.902352470352223
baseline_eyes_open,step4,7,3.5,0.6964618644293293,1.0024421968805592,0.6947651112419329
baseline_eyes_open,step4,8,4.0,0.729713581902476,1.1945574049396077,0.6108652283138855
baseline_eyes_open,step4,9,4.5,0.8456821951293264,5.486001318125866,0.1541527509909949
baseline_eyes_open,step4,10,5.0,20.990707432111464,3.1063558369017774,6.757341571353014
baseline_eyes_open,step4,11,5.5,2.585709213338495,1.2898073052246575,2.0047252041948376
baseline_eyes_open,step4,12,6.0,0.7528753429097546,3.639660911660442,0.20685315505566887
baseline_eyes_open,step4,13,6.5,0.31977850165246946,2.0893556261468222,0.15305125544482015
baseline_eyes_open,step4,14,7.0,6.918173956617239,11.55755508941176,0.5985845538348501
baseline_eyes_open,step4,15,7.5,5.827320252301555,4.8937104913416505,1.1907774811386416
baseline_eyes_open,step4,16,8.0,5.458153512913421,2.2358875630202713,2.4411574191774044
baseline_eyes_open,step4,17,8.5,3.4880984589949113,8.07512173524588,0.4319561454745923
baseline_eyes_open,step4,18,9.0,4.238065496250398,3.7188924230769027,1.1396042192433053
baseline_eyes_open,step4,19,9.5,2.8275505576515676,14.054635378804479,0.20118277574925503
baseline_eyes_open,step4,20,10.0,0.09701525934199687,0.9826859929038847,0.09872457737523263
baseline_eyes_open,step4,21,10.5,0.6681390422903694,0.46017161905889575,1.451934484044868
baseline_eyes_open,step4,22,11.0,0.8969082175805132,1.7730873474622362,0.5058454784329884
baseline_eyes_open,step4,23,11.5,0.5020371217578802,1.8161412457428745,0.2764306591982756
baseline_eyes_open,step4,24,12.0,1.2220663135615264,0.5829118755506741,2.0964855320661395
baseline_eyes_open,step4,25,12.5,13.518930308059549,1.789610301947715,7.554119627801805
baseline_eyes_open,step4,26,13.0,0.46222980269775527,1.7390497006254353,0.26579447529965244
baseline_eyes_open,step4,27,13.5,0.793982168544668,1.0940806051969836,0.7257071963191556
baseline_eyes_open,step4,28,14.0,1.6851862982656782,3.241081563928693,0.5199456616645498
baseline_eyes_open,step4,29,14.5,2.0730995558299403,0.9026871845608064,2.2965868922118204
baseline_eyes_open,step4,30,15.0,0.6457753078812954,1.0715349560972047,0.602663780781701
baseline_eyes_open,step4,31,15.5,0.16094672182733227,1.0349507008193033,0.1555114863924641
baseline_eyes_open,step4,32,16.0,0.7516592329744226,4.136143859494997,0.1817294703734499
baseline_eyes_open,step4,33,16.5,0.1533963389714052,0.8691604378562194,0.1764879443313787
baseline_eyes_open,step4,34,17.0,0.46020970271650347,0.6415555554923629,0.7173341400859895
baseline_eyes_closed,real,0,0.0,2.2251018673030365,1.6928837993644068,1.3143854694211445
baseline_eyes_closed,real,1,0.4800307043821268,3.976825737834889,6.889794959872574,0.577205237746065
baseline_eyes_closed,real,2,0.9600614087642536,8.69385395963874,2.6265691485910536,3.3099657643897573
baseline_eyes_closed,real,3,1.4400921131463804,2.2524301009832426,1.303402220260331,1.7281159000430124
baseline_eyes_closed,real,4,1.9201228175285072,1.103410653416734,4.423930287871478,0.24941863492781824
baseline_eyes_closed,real,5,2.400153521910634,2.6901982023834368,11.853008678454055,0.22696332006181485
baseline_eyes_closed,real,6,2.880184226292761,1.1224877479683966,5.197170894239801,0.21598053456592844
baseline_eyes_closed,real,7,3.3602149306748874,0.26654291903063304,1.7253387045494648,0.15448730056759202
baseline_eyes_closed,real,8,3.8402456350570144,3.5640873605379517,9.014714203541565,0.39536332268168267
baseline_eyes_closed,real,9,4.3202763394391415,0.6210990304062665,6.49178874676606,0.09567455976069342
baseline_eyes_closed,real,10,5.280337748203395,0.2836345864007915,3.2149011651404984,0.0882249785704986
baseline_eyes_closed,real,11,5.760368452585522,1.2250539180724094,15.692441355726652,0.07806649649357139
baseline_eyes_closed,real,12,6.240399156967648,0.4688834319338459,3.315284222838538,0.14143083983682977
baseline_eyes_closed,real,13,6.720429861349775,5.680775101453314,6.522352772337584,0.8709702311022572
baseline_eyes_closed,real,14,7.200460565731902,0.652464443499027,4.488012111404611,0.14537938563958677
baseline_eyes_closed,real,15,7.680491270114029,0.7282341945367499,25.210521819808058,0.02888612142746573
baseline_eyes_closed,real,16,8.160521974496156,1.420781256829628,8.327841023579648,0.1706061934668054
baseline_eyes_closed,real,17,8.640552678878283,0.8745478791050303,1.8258219567902099,0.4789885869498925
baseline_eyes_closed,real,18,9.120583383260408,1.4848420407545548,4.9824910873987465,0.29801198129784506
baseline_eyes_closed,real,19,9.600614087642535,1.2686433294278852,5.56521357266646,0.22795950467360776
baseline_eyes_closed,real,20,10.080644792024662,2.8563201421489257,16.24559354435356,0.175821224035344
baseline_eyes_closed,real,21,10.56067549640679,0.47238401972187577,45.398606915030335,0.01040525363709963
baseline_eyes_closed,real,22,11.040706200788916,1.5292015191284622,21.775774074113745,0.07022489827107097
baseline_eyes_closed,real,23,11.520736905171043,2.806765280408474,15.77334890915412,0.17794352338072975
baseline_eyes_closed,real,24,12.00076760955317,3.4416588345968178,8.809138649600976,0.390691868012852
baseline_eyes_closed,real,25,12.480798313935296,0.4253419917302328,2.264571743108802,0.18782447190051205
baseline_eyes_closed,real,26,12.960829018317423,0.28675999898212157,10.818214918742488,0.026507145692337072
baseline_eyes_closed,real,27,13.44085972269955,0.8238037315075744,7.549533587476828,0.10911981806056212
baseline_eyes_closed,real,28,13.920890427081677,3.6899028531847406,16.881888859286846,0.21857168258484885
baseline_eyes_closed,real,29,14.400921131463804,0.8027384441084435,13.342529680172579,0.060163886710429305
baseline_eyes_closed,real,30,14.88095183584593,1.303140215770856,8.557667446378725,0.15227750130934276
baseline_eyes_closed,real,31,15.360982540228058,1.4415074237508736,8.913814782100296,0.16171610685085627
baseline_eyes_closed,real,32,15.841013244610185,0.5913933290805319,7.032475035940093,0.08409462188748106
baseline_eyes_closed,real,33,16.321043948992312,3.171131979993829,6.838857173012146,0.46369326040437214
baseline_eyes_closed,real,34,16.80107465337444,3.5894281675886694,6.731368589105124,0.5332389870015798
baseline_eyes_closed,real,35,17.281105357756566,0.6150774451123862,12.611395632007689,0.048771560504479075
baseline_eyes_closed,real,36,17.76113606213869,0.12185608031728194,5.6614024931562605,0.021524009371279757
baseline_eyes_closed,real,37,18.241166766520816,0.8911573038575202,13.105121361181077,0.06800069066870558
baseline_eyes_closed,real,38,18.721197470902943,1.328604226723414,22.846801545060288,0.05815274510539405
baseline_eyes_closed,real,39,19.681258879667197,0.3490523770843281,10.764485539883006,0.03242629439103894
baseline_eyes_closed,real,40,20.161289584049324,0.3472776470006771,5.399478959413519,0.06431688124188889
baseline_eyes_closed,real,41,20.64132028843145,2.3724103754822297,23.230507903953466,0.10212477425336373
baseline_eyes_closed,real,42,21.12135099281358,2.12274834354789,14.699264340644245,0.14441187629222904
baseline_eyes_closed,real,43,21.601381697195706,2.9729537554354066,11.98330600164689,0.24809128257484434
baseline_eyes_closed,real,44,22.081412401577833,4.5963854641236175,16.568048866096298,0.2774246684852156
baseline_eyes_closed,real,45,22.56144310595996,4.583252149140378,4.8963218499494,0.9360602283911836
baseline_eyes_closed,real,46,23.041473810342087,1.6341374839353895,9.30319463301765,0.17565336944964346
baseline_eyes_closed,real,47,23.521504514724214,1.7286661423099698,9.483756406537548,0.18227652295226904
baseline_eyes_closed,real,48,24.00153521910634,1.4261306229968453,12.065886675883831,0.11819526084620555
baseline_eyes_closed,real,49,24.481565923488468,0.8145813871382359,9.61134327472957,0.08475208551545105
baseline_eyes_closed,real,50,24.96159662787059,1.8188966507946447,6.4391148266839515,0.2824761942832676
baseline_eyes_closed,real,51,25.441627332252718,0.3446854117630669,9.394223861298283,0.03669120694292581
baseline_eyes_closed,real,52,25.921658036634845,1.026380568666195,1.7419798325622247,0.58920347381779
baseline_eyes_closed,real,53,26.401688741016972,1.0202454698498686,5.156274772576969,0.19786483747451206
baseline_eyes_closed,real,54,26.8817194453991,1.8301373525742486,8.094432631082725,0.2260982870555371
baseline_eyes_closed,real,55,27.361750149781226,2.874924749599041,8.699360103212728,0.3304754275590125
baseline_eyes_closed,real,56,27.841780854163353,2.993521942917295,23.398088244141192,0.12793874062197638
baseline_eyes_closed,real,57,28.32181155854548,2.068596386196318,4.8581029667957285,0.42580332288854456
baseline_eyes_closed,real,58,28.801842262927607,2.107058607360307,6.969683210861023,0.3023177013378208
baseline_eyes_closed,real,59,29.281872967309734,1.0184797359354856,10.249203747098804,0.09937159618119427
baseline_eyes_closed,real,60,29.76190367169186,1.5055561691327908,26.22377729117939,0.05741187291272484
baseline_eyes_closed,real,61,30.24193437607399,0.9792502419409569,3.740414901065969,0.26180257213227426
baseline_eyes_closed,real,62,30.721965080456116,0.790110527584531,14.930949006473192,0.05291763619593001
baseline_eyes_closed,real,63,31.201995784838243,4.192908436260055,18.706392949577626,0.22414307491358065
baseline_eyes_closed,real,64,31.68202648922037,2.703353952887416,4.5140805472181285,0.5988714478197336
baseline_eyes_closed,real,65,32.16205719360249,1.8478817808520112,6.040482026185565,0.3059162783435859
baseline_eyes_closed,real,66,32.642087897984624,0.9438442177576223,9.947225272827573,0.09488517570179925
baseline_eyes_closed,real,67,33.12211860236675,2.7005421965164618,16.001450852969313,0.16876858363223576
baseline_eyes_closed,real,68,33.60214930674888,1.3480855188274847,18.11126803488468,0.07443352482172397
baseline_eyes_closed,real,69,34.082180011131,1.4947923070339957,18.702968651286756,0.07992272964277009
baseline_eyes_closed,real,70,34.56221071551313,0.4042950250263173,29.15593841020958,0.013866644226575287
baseline_eyes_closed,real,71,35.042241419895255,2.202667447355987,20.911785346017723,0.10533139140965052
baseline_eyes_closed,real,72,35.52227212427738,7.172033297677217,14.09860801488471,0.5087050643655947
baseline_eyes_closed,real,73,36.00230282865951,1.668256726249779,24.76742257882459,0.06735689678408802
baseline_eyes_closed,real,74,36.48233353304163,0.609499228236883,16.42171975722352,0.03711543232058743
baseline_eyes_closed,real,75,36.96236423742376,2.476593917086763,5.395947001364448,0.45897298777406786
baseline_eyes_closed,real,76,37.44239494180589,1.247757444582922,6.546020649533816,0.19061312381771708
baseline_eyes_closed,real,77,37.92242564618802,0.9915959403836929,11.927096893516815,0.0831380803926136
baseline_eyes_closed,real,78,38.40245635057014,0.40571066410081796,4.8588193121758625,0.08349984595725454
baseline_eyes_closed,real,79,38.88248705495227,0.5259433609945218,16.667765695300822,0.031554520900350914
baseline_eyes_closed,real,80,39.362517759334395,1.4958783884383746,12.158034249260965,0.12303620451877759
baseline_eyes_closed,real,81,39.842548463716525,1.3407375291206427,5.683350847868818,0.2359061696188265
baseline_eyes_closed,real,82,40.32257916809865,0.656276455757463,9.322816550538597,0.07039465511305686
baseline_eyes_closed,real,83,40.80260987248078,0.874233529731276,5.179683939459579,0.16878124996609134
baseline_eyes_closed,real,84,41.2826405768629,1.3654719531146244,12.901297307036266,0.10583989506000352
baseline_eyes_closed,real,85,41.762671281245034,0.32637230209399226,6.601208935425234,0.04944129253999565
baseline_eyes_closed,real,86,42.24270198562716,1.1256719906289168,4.61325718199936,0.24400807200197253
baseline_eyes_closed,real,87,42.72273269000928,0.8566871985536191,16.516754040649474,0.0518677699289595
baseline_eyes_closed,real,88,43.20276339439141,2.3990974082934016,11.836848813150672,0.2026804131880115
baseline_eyes_closed,real,89,43.682794098773535,3.309273446394255,8.206717604057559,0.40323959054690595
baseline_eyes_closed,real,90,44.162824803155665,0.32502365862308097,25.34577239170908,0.012823584683077179
baseline_eyes_closed,real,91,44.64285550753779,0.538263716310212,11.975116196982555,0.044948517196504674
baseline_eyes_closed,real,92,45.12288621191992,0.4623621387222045,10.094975457919505,0.0458012147379201
baseline_eyes_closed,real,93,45.60291691630204,2.514019857170863,8.111289244360368,0.30994084681652984
baseline_eyes_closed,real,94,46.08294762068417,4.120800649712244,11.553519677697818,0.35667058737665686
baseline_eyes_closed,real,95,46.5629783250663,3.2635976560374047,14.144842646846243,0.23072703864719638
baseline_eyes_closed,real,96,47.04300902944843,1.351322647324853,10.338017046174084,0.1307139116998219
baseline_eyes_closed,real,97,47.52303973383055,2.0878968632192496,4.07107148119673,0.5128617546664871
baseline_eyes_closed,real,98,48.00307043821268,1.29278267898556,12.384405568605084,0.10438794755420566
baseline_eyes_closed,real,99,48.483101142594805,1.2183710234956004,12.396538452406896,0.09828316414079635
baseline_eyes_closed,real,100,48.963131846976935,1.110248346433285,9.531462310215288,0.11648247774566375
baseline_eyes_closed,real,101,49.44316255135906,2.219704628118038,9.436266281874467,0.2352312410239768
baseline_eyes_closed,real,102,49.92319325574118,2.21102314050487,7.179373290710801,0.30796882276140364
baseline_eyes_closed,real,103,50.40322396012331,0.8599506386724431,9.253312614749955,0.09293435491433258
baseline_eyes_closed,real,104,50.883254664505436,1.4584302216769278,10.897322596804877,0.13383381181213663
baseline_eyes_closed,real,105,51.36328536888757,0.6005896620123001,2.542321260416233,0.23623673033122913
baseline_eyes_closed,real,106,51.84331607326969,3.3316391330796886,5.770536748363321,0.5773534210703416
baseline_eyes_closed,real,107,52.32334677765182,5.422149865609201,1.8180399783144248,2.982415090033546
baseline_eyes_closed,real,108,52.803377482033945,0.38911164784093016,4.722103878522461,0.08240217874298068
baseline_eyes_closed,real,109,53.283408186416075,1.9675443762981726,1.2347460872612877,1.5934809566088672
baseline_eyes_closed,real,110,53.7634388907982,2.6883534145954027,6.499498796815936,0.41362472686546387
baseline_eyes_closed,real,111,54.24346959518033,1.1278214893731286,1.9944057919229405,0.5654924860029213
baseline_eyes_closed,real,112,54.72350029956245,0.6610056768909185,4.351821220951029,0.15189173528283523
baseline_eyes_closed,real,113,55.20353100394458,1.2275435705535513,13.448728740805961,0.09127580711989187
baseline_eyes_closed,real,114,55.68356170832671,1.638307046574378,4.108998301274089,0.39871202820073776
baseline_eyes_closed,real,115,56.16359241270884,2.4541496861229697,2.214910914685932,1.10801281886814
baseline_eyes_closed,real,116,56.64362311709096,2.2052590122211413,4.556357330629705,0.48399606356518277
baseline_eyes_closed,real,117,57.123653821473084,2.338996310927117,2.8336036931683894,0.825449344439473
baseline_eyes_closed,real,118,57.603684525855215,2.903937649541192,7.134202063691708,0.40704449125716274
baseline_eyes_closed,real,119,58.08371523023734,2.6203820511078226,16.826187187708015,0.15573237251408226
baseline_eyes_closed,real,120,58.56374593461947,1.8546834103653047,26.94594786727855,0.0688297706022624
baseline_eyes_closed,real,121,59.04377663900159,1.1968480509002912,7.175749402310213,0.16679067004694578
baseline_eyes_closed,real,122,59.52380734338372,0.9101938747247296,7.949707798244333,0.11449400378284884
baseline_eyes_closed,real,123,60.003838047765846,1.5810411150131922,5.852227140918836,0.27016058620803274
baseline_eyes_closed,real,124,60.48386875214798,0.28441811894748015,9.72444208609936,0.029247756984849823
baseline_eyes_closed,real,125,60.9638994565301,0.44216408403213664,6.554129891471215,0.0674634301354811
baseline_eyes_closed,real,126,61.44393016091223,2.549027810310759,8.14311061508154,0.31302875900884897
baseline_eyes_closed,real,127,61.923960865294355,2.049966784648617,7.237556272316363,0.2832401859851143
baseline_eyes_closed,real,128,62.403991569676485,1.9852079831327372,6.401748245863524,0.3101040382860221
baseline_eyes_closed,real,129,62.88402227405861,0.8198695324299733,6.328332711471701,0.1295553773498275
baseline_eyes_closed,real,130,63.36405297844074,2.1858413716182485,4.8428458445063,0.45135472856272224
baseline_eyes_closed,real,131,63.84408368282286,1.091873691164833,1.9779794992216768,0.5520146652654786
baseline_eyes_closed,real,132,64.32411438720499,2.7485722006700417,24.3101159083854,0.11306289986556436
baseline_eyes_closed,real,133,64.80414509158712,1.8163595282079354,8.69623195081165,0.2088674196458626
baseline_eyes_closed,real,134,65.28417579596925,0.5900742463071559,6.790201368366089,0.08690084642499256
baseline_eyes_closed,real,135,65.76420650035136,1.8864017064343248,2.0076888098022376,0.9395886938375375
baseline_eyes_closed,real,136,66.2442372047335,2.1512883965658443,3.621380433712551,0.5940520295903835
baseline_eyes_closed,real,137,66.72426790911562,1.6714849664228215,8.13583226778643,0.20544732381480052
baseline_eyes_closed,real,138,67.20429861349776,0.4081260438183497,2.511048287531229,0.16253213681510056
baseline_eyes_closed,real,139,67.68432931787987,1.5412371857302434,3.855597101507195,0.3997402075874984
baseline_eyes_closed,real,140,68.164360022262,1.835267688152709,7.03641361225813,0.26082430472186724
baseline_eyes_closed,real,141,68.64439072664413,1.2043086379359393,14.49582721465778,0.0830796766615827
baseline_eyes_closed,real,142,69.12442143102626,1.3697786725028993,3.2263545795684365,0.4245592475102732
baseline_eyes_closed,real,143,69.60445213540838,0.5743598520442184,4.839297995959562,0.11868660547950637
baseline_eyes_closed,real,144,70.08448283979051,0.1943754012671068,1.8420929353594815,0.10551878112988625
baseline_eyes_closed,real,145,70.56451354417264,0.6821965883594934,11.975230177740183,0.05696730486463426
baseline_eyes_closed,real,146,71.04454424855476,0.6115034283003353,10.822964956523759,0.056500545900016005
baseline_eyes_closed,real,147,71.52457495293689,0.5420441492307372,9.416684501320889,0.05756210151828959
baseline_eyes_closed,real,148,72.00460565731902,2.2892803847809713,4.700053215904546,0.48707541800468507
baseline_eyes_closed,real,149,72.48463636170115,0.17891587046459723,6.598888925588636,0.027113029554234773
baseline_eyes_closed,real,150,72.96466706608327,0.9288887038178069,7.060278851817099,0.13156544143844112
baseline_eyes_closed,real,151,73.4446977704654,0.30621345664280714,2.373046919549532,0.12903809617929285
baseline_eyes_closed,real,152,73.92472847484753,2.916538335002069,3.6165480780629222,0.8064425723227799
baseline_eyes_closed,real,153,74.40475917922966,2.7854159415465576,14.23713186101395,0.19564445765751193
baseline_eyes_closed,real,154,74.88478988361177,0.1463562993001018,10.5961784660769,0.013812177642029501
baseline_eyes_closed,real,155,75.3648205879939,1.010235264194995,1.9368335408243658,0.5215911656326506
baseline_eyes_closed,real,156,75.84485129237603,0.3732211341651751,5.697035367903006,0.06551146518554127
baseline_eyes_closed,real,157,76.32488199675817,2.137535728268578,4.5108625160994045,0.473864082675907
baseline_eyes_closed,real,158,76.80491270114028,0.602995207295208,3.367518537457981,0.17906217904605432
baseline_eyes_closed,real,159,77.28494340552241,4.385385029191512,3.091093023952822,1.4187166142232683
baseline_eyes_closed,real,160,77.76497410990454,0.49146493623763593,3.665645691857888,0.1340732240787142
baseline_eyes_closed,real,161,78.24500481428666,0.7295002165362267,13.6594904766762,0.05340610748123145
baseline_eyes_closed,real,162,78.72503551866879,3.8975673736202565,6.107844721313619,0.6381248298633898
baseline_eyes_closed,real,163,79.20506622305092,0.80647697009775,28.377240236271852,0.028419852085084345
baseline_eyes_closed,real,164,79.68509692743305,0.5343885172046283,16.11567592621079,0.03315954724154575
baseline_eyes_closed,real,165,80.16512763181517,1.1806760658895366,3.997702029086719,0.2953386864001126
baseline_eyes_closed,real,166,80.6451583361973,2.2929951604962437,39.35127142827773,0.0582699129474252
baseline_eyes_closed,real,167,81.12518904057943,1.236616987367583,1.0456640429758335,1.182614048627244
baseline_eyes_closed,real,168,81.60521974496156,4.947225588309925,27.34171372769852,0.18094058176383213
baseline_eyes_closed,real,169,82.08525044934368,0.650449370262218,23.12952935914666,0.028122032236898735
baseline_eyes_closed,real,170,82.5652811537258,3.1967141938693535,9.665517284703874,0.33073389656322905
baseline_eyes_closed,real,171,83.04531185810794,1.0252902304651408,13.067155047682313,0.07846315641957534
baseline_eyes_closed,real,172,83.52534256249007,0.7444951785088733,23.08947595624399,0.032243918394672035
baseline_eyes_closed,real,173,84.00537326687218,1.2827840793049616,9.049123601132075,0.14175782493947603
baseline_eyes_closed,real,174,84.48540397125431,0.41056695343487426,13.030239310079597,0.03150878074183015
baseline_eyes_closed,real,175,84.96543467563644,2.734431051211754,3.4273722717502677,0.7978214312317328
baseline_eyes_closed,real,176,85.44546538001856,0.45597218290556357,3.249283375895728,0.1403300759447815
baseline_eyes_closed,real,177,85.92549608440069,0.459503167808314,11.028075273804864,0.04166666951392489
baseline_eyes_closed,real,178,86.40552678878282,2.0178909144490396,19.79208818818376,0.10195442215408869
baseline_eyes_closed,real,179,86.88555749316495,1.4747448266787293,3.1285452007234085,0.47138357673008097
baseline_eyes_closed,real,180,87.36558819754707,0.595490509456368,10.301350006998675,0.057807035878966864
baseline_eyes_closed,real,181,87.8456189019292,0.6577150400264045,3.0698180737901506,0.21425212316062647
baseline_eyes_closed,real,182,88.32564960631133,2.470722747632548,1.5770624469981824,1.566661328050376
baseline_eyes_closed,real,183,88.80568031069346,1.1392310625030821,17.77326551658946,0.06409801628404924
baseline_eyes_closed,real,184,89.28571101507558,0.4884054901571403,11.049896752078055,0.04420000486115766
baseline_eyes_closed,step4,0,0.0,17.86758049897515,8.994692110252643,1.986458266715845
baseline_eyes_closed,step4,1,0.5,1.1433168150464337,1.5078260542423059,0.758255112935397
baseline_eyes_closed,step4,2,1.0,3.1780975108856184,1.2252641612290616,2.593805981966918
baseline_eyes_closed,step4,3,1.5,1.458448813598729,1.8997223993178205,0.7677168064778568
baseline_eyes_closed,step4,4,2.0,1.192680334356989,1.2796603991110622,0.9320287907522219
baseline_eyes_closed,step4,5,2.5,1.1003402496867682,2.5172880166449767,0.43711337058414707
baseline_eyes_closed,step4,6,3.0,0.9824099355330718,1.3859960894844692,0.7088114771654846
baseline_eyes_closed,step4,7,3.5,0.26887247826539445,0.8543643138494906,0.3147047154321575
baseline_eyes_closed,step4,8,4.0,6.309556693780719,1.8258775863655743,3.4556296330576837
baseline_eyes_closed,step4,9,4.5,1.3928082067592935,1.2365070416430373,1.1264053983134357
baseline_eyes_closed,step4,10,5.0,1.217088093167847,0.5407711928483959,2.25065260365867
baseline_eyes_closed,step4,11,5.5,3.912680750912633,1.1221169138716194,3.4868744090246198
baseline_eyes_closed,step4,12,6.0,4.1364981483904355,1.0487210848308886,3.9443262924931717
baseline_eyes_closed,step4,13,6.5,1.1778880863733616,0.7653644433110011,1.5389898193829918
baseline_eyes_closed,step4,14,7.0,1.7045017499170079,1.130625634545485,1.507573946527599
baseline_eyes_closed,step4,15,7.5,1.1459646621459285,2.189412689220668,0.5234119030130588
baseline_eyes_closed,step4,16,8.0,0.7583508353247741,1.4375896762881513,0.5275154989167923
baseline_eyes_closed,step4,17,8.5,1.3044450368771798,1.0225527280474316,1.2756750836389852
baseline_eyes_closed,step4,18,9.0,4.853680036595181,8.828333008390109,0.549784430648734
baseline_eyes_closed,step4,19,9.5,2.890853356927908,1.1237596063498991,2.572483777306904
baseline_eyes_closed,step4,20,10.0,8.114082983010645,2.86413614643456,2.832994860635909
baseline_eyes_closed,step4,21,10.5,3.2742665453994197,2.88248360471783,1.1359185322131058
baseline_eyes_closed,step4,22,11.0,3.5666874098350614,0.6115147137286375,5.832545529587691
baseline_eyes_closed,step4,23,11.5,3.310243822830204,3.8050933431699288,0.8699507539734943
baseline_eyes_closed,step4,24,12.0,0.3216815433397924,1.3663889909071147,0.23542457197802455
baseline_eyes_closed,step4,25,12.5,5.426912868983068,1.420052713094506,3.821627759970275
baseline_eyes_closed,step4,26,13.0,0.8877506650850657,1.0167406440418203,0.8731338422314029
baseline_eyes_closed,step4,27,13.5,0.7847440592062176,1.4344041837944477,0.5470871237494053
baseline_eyes_closed,step4,28,14.0,1.571904385119352,1.2030572488634406,1.306591508096868
baseline_eyes_closed,step4,29,14.5,0.6285135145053017,3.444906320294717,0.1824472006111131
baseline_eyes_closed,step4,30,15.0,0.6001846344012076,2.9391727892244006,0.20420188857273222
baseline_eyes_closed,step4,31,15.5,0.2542549952597621,0.9697713496648669,0.26218035349015767
baseline_eyes_closed,step4,32,16.0,0.7273204136315039,2.042671686017397,0.3560632962263077
baseline_eyes_closed,step4,33,16.5,1.057638210352649,1.783674629588578,0.5929546750331945
baseline_eyes_closed,step4,34,17.0,0.38449610844659543,1.5493836055514174,0.24816069246437863
low_cognitive_load,real,0,0.0,0.9012143700958706,2.132276677701954,0.42265357939718584
low_cognitive_load,real,1,0.4998922590726123,1.4331125716186695,0.9139843579658936,1.56798369592245
low_cognitive_load,real,2,0.9997845181452246,4.708071902966449,11.137659240268455,0.4227164614575664
low_cognitive_load,real,3,1.499676777217837,2.647074502269266,0.6973069655313107,3.7961394810567204
low_cognitive_load,real,4,1.9995690362904492,1.1321533005260096,0.32454814214609684,3.4883986487784777
low_cognitive_load,real,5,2.4994612953630617,0.2987725878749918,3.100942823472529,0.09634895091049026
low_cognitive_load,real,6,2.999353554435674,0.46080140013010806,1.2686962020733852,0.36320862266083614
low_cognitive_load,real,7,3.4992458135082862,0.4392139350721594,2.205174231264564,0.19917425518812218
low_cognitive_load,real,8,3.9991380725808985,0.1627232265871283,2.1912372430181395,0.0742608894156064
low_cognitive_load,real,9,4.499030331653511,0.24613061432186567,3.769023116862016,0.06530355656899955
low_cognitive_load,real,10,4.998922590726123,0.6098733666980025,1.604317436716117,0.380145071505521
low_cognitive_load,real,11,5.498814849798736,4.082904123016969,2.0520339703582477,1.989686419423246
low_cognitive_load,real,12,5.998707108871348,1.6998579129273446,0.5565819021585588,3.0541020222448587
low_cognitive_load,real,13,6.49859936794396,0.24223436417574695,1.5540717106249642,0.1558707764381949
low_cognitive_load,real,14,6.9984916270165725,2.18841699368735,2.1230774811388877,1.0307758492701886
low_cognitive_load,real,15,7.498383886089185,0.31885670614843753,0.43184937594888295,0.7383516658969999
low_cognitive_load,real,16,7.998276145161797,1.7146436393755369,4.245752347772166,0.40384918830116073
low_cognitive_load,real,17,8.49816840423441,0.3549604439470082,0.891503336309354,0.3981594117375642
low_cognitive_load,real,18,8.998060663307022,0.85970937650837,0.7341211383955721,1.1710729081950588
low_cognitive_load,real,19,9.497952922379634,2.140136044706402,1.6807264407925508,1.2733399039627267
low_cognitive_load,real,20,9.997845181452247,3.0854041090280635,0.7582316633582158,4.0692103193933855
low_cognitive_load,real,21,10.497737440524858,1.1479087477988543,0.581796299949555,1.9730423653405573
low_cognitive_load,real,22,10.997629699597471,0.5390854109579696,1.0457379187433347,0.5155071852092631
low_cognitive_load,real,23,11.497521958670083,2.0915748220216432,1.8641357887810852,1.1220077607057128
low_cognitive_load,real,24,11.997414217742696,2.4720658085194165,4.515422996826359,0.5474715902047039
low_cognitive_load,real,25,12.497306476815309,0.3558552794926695,0.4954844660484343,0.7181966416236429
low_cognitive_load,real,26,12.99719873588792,1.4475187709604564,2.7876456119587885,0.5192621202460996
low_cognitive_load,real,27,13.497090994960534,0.405766639587426,4.177545323391183,0.09713039791942678
low_cognitive_load,real,28,13.996983254033145,3.3607559213473843,0.9580810133994841,3.5077993137789845
low_cognitive_load,real,29,14.496875513105758,0.3998786827870322,0.6691405586635466,0.5976004258144169
low_cognitive_load,real,30,14.99676777217837,3.744674658917054,4.031192287035843,0.928924842151485
low_cognitive_load,real,31,15.496660031250983,1.2815469232896455,1.5475578302094133,0.8281092300868836
low_cognitive_load,real,32,15.996552290323594,4.15386813898359,4.977875769837837,0.8344660114165343
low_cognitive_load,real,33,16.496444549396205,12.067138085626436,2.673648788103925,4.513359473135626
low_cognitive_load,real,34,16.99633680846882,0.8909398293730157,2.9156012944154712,0.30557670250713553
low_cognitive_load,real,35,17.49622906754143,0.2960110759063328,2.3609800092451505,0.12537635843895734
low_cognitive_load,real,36,17.996121326614045,0.6675013603031441,1.6299592405597085,0.4095202773745018
low_cognitive_load,real,37,18.496013585686654,1.0333306360477221,2.2868646287233636,0.4518547460435279
low_cognitive_load,real,38,18.995905844759267,1.4470494651906218,1.0718473871670968,1.350051772776335
low_cognitive_load,real,39,19.49579810383188,0.37150838459674074,1.3333856640482484,0.27862035314585304
low_cognitive_load,real,40,19.995690362904494,1.0296269068673147,1.814668769811305,0.5673910985828993
low_cognitive_load,real,41,20.495582621977107,3.9590245337132917,3.1498338189255746,1.2568994941656118
low_cognitive_load,real,42,20.995474881049716,1.6712622684558878,10.876446374622613,0.1536588524313739
low_cognitive_load,real,43,21.49536714012233,1.6091383601076068,1.5778877609509652,1.0198053371919227
low_cognitive_load,real,44,21.995259399194943,0.889407824668206,1.3045922546259767,0.6817515752637954
low_cognitive_load,real,45,22.495151658267556,0.712026780700622,0.9249418367097644,0.7698070867174401
low_cognitive_load,real,46,22.995043917340166,0.7835190764362105,1.1804398939829164,0.6637517762912457
low_cognitive_load,real,47,23.49493617641278,2.077623103000913,1.1557432595716066,1.7976510663544902
low_cognitive_load,real,48,23.994828435485392,2.037182413442164,0.40029832962243606,5.089160415342346
low_cognitive_load,real,49,24.494720694558005,1.5155048758450138,0.8450374457279011,1.793417420147084
low_cognitive_load,real,50,24.994612953630618,2.4861699627321086,1.7773959376925983,1.398771039141473
low_cognitive_load,real,51,25.494505212703228,0.22948066255362135,4.447153128607076,0.05160170021523378
low_cognitive_load,real,52,25.99439747177584,0.40108005377043154,4.198477168933,0.09552988801231518
low_cognitive_load,real,53,26.494289730848454,2.6379761737777128,2.8428209921664562,0.9279431174339839
low_cognitive_load,real,54,26.994181989921067,9.180769586582066,9.037104271080716,1.0158972731963587
low_cognitive_load,real,55,27.494074248993677,0.6951968704040551,1.1785385490541223,0.5898804676028713
low_cognitive_load,real,56,27.99396650806629,1.0853312619352224,3.792607867691511,0.28617017624757585
low_cognitive_load,real,57,28.493858767138903,1.0577568377463424,4.707080001160877,0.2247161377086165
low_cognitive_load,real,58,28.993751026211516,1.446015852980708,1.5388999070199332,0.9396425630961961
low_cognitive_load,real,59,29.493643285284126,4.050908499763959,0.809467761239153,5.004409926792797
low_cognitive_load,real,60,29.99353554435674,1.2034182308116084,3.255134044867733,0.36969851754922345
low_cognitive_load,real,61,30.493427803429352,0.4845016355887208,1.182478794606802,0.4097338893504871
low_cognitive_load,real,62,30.993320062501965,1.3046614737553461,1.6642924014783402,0.7839136155380239
low_cognitive_load,real,63,31.49321232157458,1.3568998929481668,3.425687087838834,0.39609569063244343
low_cognitive_load,real,64,31.993104580647188,0.5756334602793063,0.7165304367668223,0.8033621891579638
low_cognitive_load,real,65,32.4929968397198,0.23213853874481663,3.1184518962639443,0.07444031412603472
low_cognitive_load,real,66,32.99288909879241,0.8903599768100257,2.8543441327620407,0.3119315455310772
low_cognitive_load,real,67,33.49278135786503,1.4988132910970968,6.161888159956453,0.2432392883787247
low_cognitive_load,real,68,33.99267361693764,1.2011744475988708,7.344241407898286,0.1635532359144786
low_cognitive_load,real,69,34.492565876010254,1.8346599017568175,3.808384160388966,0.48174234123729687
low_cognitive_load,real,70,34.99245813508286,2.926017182945073,2.4416773637040623,1.1983635620499262
low_cognitive_load,real,71,35.49235039415547,7.195429369965197,6.358252775449761,1.1316677118827219
low_cognitive_load,real,72,35.99224265322809,1.4164056161147216,2.683522508249163,0.5278158136407214
low_cognitive_load,real,73,36.4921349123007,1.2442356417948348,17.244448543034004,0.07215282290354545
low_cognitive_load,real,74,36.99202717137331,1.1403897662829274,1.991276600164238,0.5726927972682798
low_cognitive_load,real,75,37.491919430445925,0.571813226507818,4.657449327365564,0.12277390183249895
low_cognitive_load,real,76,37.991811689518535,1.998501582962311,1.69975027348335,1.1757618834599277
low_cognitive_load,real,77,38.49170394859115,1.6074390898636632,1.237268709941838,1.2991834974467482
low_cognitive_load,real,78,38.99159620766376,2.7502090526352383,8.848111451326705,0.31082441352192347
low_cognitive_load,real,79,39.49148846673637,0.993249732267244,9.606470584394717,0.103393824354257
low_cognitive_load,real,80,39.99138072580899,3.946263141767452,9.255892395797632,0.42635144975962963
low_cognitive_load,real,81,40.4912729848816,0.32805965897142475,4.0255964992024,0.08149342812585016
low_cognitive_load,real,82,40.991165243954214,2.82602823053682,4.431992847674832,0.6376427777900062
low_cognitive_load,real,83,41.49105750302682,1.6026950823845831,5.783243933166418,0.2771273529019348
low_cognitive_load,real,84,41.99094976209943,1.3735867405084483,1.5072536561105028,0.9113175708281348
low_cognitive_load,real,85,42.49084202117205,0.8525962736133267,4.384532360434443,0.19445546378151188
low_cognitive_load,real,86,42.99073428024466,1.0837230405102747,5.145460142492201,0.2106173229407961
low_cognitive_load,real,87,43.490626539317276,0.31691952480066127,0.698326363585432,0.4538272379886885
low_cognitive_load,real,88,43.990518798389886,3.3791012255258277,3.1260717628637344,1.080941667964237
low_cognitive_load,real,89,44.490411057462495,1.0892236153224042,2.158750994090512,0.504561951936146
low_cognitive_load,real,90,44.99030331653511,3.040954224705784,4.811213821131209,0.632055514005569
low_cognitive_load,real,91,45.49019557560772,8.419873865284243,4.223178545097481,1.9937290776063774
low_cognitive_load,real,92,45.99008783468033,1.0628708575116963,3.132182534687496,0.3393387344897321
low_cognitive_load,real,93,46.48998009375295,0.4901400042255065,2.343267418452096,0.2091694701022561
low_cognitive_load,real,94,46.98987235282556,1.0941465778915114,6.546158170629681,0.16714331511275787
low_cognitive_load,real,95,47.489764611898174,0.924002950570261,10.925644788404567,0.08457193771766307
low_cognitive_load,real,96,47.989656870970784,1.161803370072816,1.2195683001317001,0.9526349364339446
low_cognitive_load,real,97,48.48954913004339,1.2856374327804796,0.4741780795406996,2.711296637807001
low_cognitive_load,real,98,48.98944138911601,0.856325465968742,2.995072998183214,0.2859113839589826
low_cognitive_load,real,99,49.48933364818862,0.28998425169847686,1.1949275117005238,0.2426793666218253
low_cognitive_load,real,100,49.989225907261236,0.5606646517013187,2.45248975570151,0.22861039496613358
low_cognitive_load,real,101,50.489118166333846,1.1460993150291698,6.852901793139159,0.16724292126535317
low_cognitive_load,real,102,50.989010425406455,1.1526043579735061,2.2798778831397786,0.5055553047368372
low_cognitive_load,real,103,51.48890268447907,0.33879266296501254,1.5897260482690796,0.2131138653316373
low_cognitive_load,real,104,51.98879494355168,0.25292606636634807,7.855847577221159,0.032195897881182586
low_cognitive_load,real,105,52.48868720262429,0.5941704766152203,14.042705204089769,0.042311681971517516
low_cognitive_load,real,106,52.98857946169691,4.923165811376417,2.364096684449946,2.082472279479504
low_cognitive_load,real,107,53.48847172076952,1.3519489674649763,2.074370590034683,0.6517393632361381
low_cognitive_load,real,108,53.988363979842134,1.8375112094073405,1.4746436710719382,1.246071336048002
low_cognitive_load,real,109,54.488256238914744,0.7590155648633937,5.777394786363472,0.1313767871039239
low_cognitive_load,real,110,54.98814849798735,0.14289707373624624,4.029920031149597,0.03545903457927492
low_cognitive_load,real,111,55.48804075705997,0.7483151842650433,5.134149684456695,0.1457525063070364
low_cognitive_load,real,112,55.98793301613258,0.6492061167131367,1.7123022855764471,0.37914223567982985
low_cognitive_load,real,113,56.487825275205196,0.3157781484068718,3.76707483439485,0.08382582302950162
low_cognitive_load,real,114,56.987717534277806,0.8508059473535355,16.869322261925557,0.0504350995341303
low_cognitive_load,real,115,57.487609793350416,1.3863789996574503,6.519608387262581,0.21264758821496574
low_cognitive_load,real,116,57.98750205242303,1.2767651537691265,3.7892003504542178,0.33694844180410743
low_cognitive_load,real,117,58.48739431149564,5.481409186470355,9.237265542393962,0.5934017119366879
low_cognitive_load,real,118,58.98728657056825,0.217830097076408,9.463777518344497,0.023017246195207803
low_cognitive_load,real,119,59.48717882964087,0.41244705622839695,10.33671412602834,0.03990117664082782
low_cognitive_load,real,120,59.98707108871348,0.22865705407495296,1.4762987383071828,0.1548853549364579
low_cognitive_load,real,121,60.486963347786094,7.094963925056887,1.5407660516952455,4.604828823461272
low_cognitive_load,real,122,60.986855606858704,2.897365967628609,2.714049210866224,1.0675436377603031
low_cognitive_load,real,123,61.486747865931314,0.8299499301787541,1.9478507471274669,0.4260849715527215
low_cognitive_load,real,124,61.98664012500393,0.21125899244768365,1.9535758554929668,0.10813964139333325
low_cognitive_load,real,125,62.48653238407654,2.1794407824633657,4.130297827484835,0.5276715804754804
low_cognitive_load,real,126,62.98642464314916,0.5158285561577095,1.3303578584443554,0.38773669271280886
low_cognitive_load,real,127,63.486316902221766,0.9468028745289692,3.125030282190294,0.3029739839402027
low_cognitive_load,real,128,63.986209161294376,5.395101442180049,5.377150278504459,1.003338415842189
low_cognitive_load,real,129,64.48610142036699,0.7080604917866473,8.723593969254125,0.08116614485751761
low_cognitive_load,real,130,64.9859936794396,0.923041096633775,2.7403431637697646,0.33683412677556396
low_cognitive_load,real,131,65.48588593851221,1.0946359944801274,4.4043469803217725,0.24853536730209105
low_cognitive_load,real,132,65.98577819758482,5.780207106176332,6.009670934007025,0.9618175719851443
low_cognitive_load,real,133,66.48567045665745,1.522549912661298,7.421041360281116,0.20516661190035768
low_cognitive_load,real,134,66.98556271573005,0.7304587249582504,0.5731764511235484,1.274404633209189
low_cognitive_load,real,135,67.48545497480266,3.7674073224262763,6.549249834876166,0.5752425724186029
low_cognitive_load,real,136,67.98534723387527,0.8660201540041106,3.3292072357428424,0.26012804030533004
low_cognitive_load,real,137,68.48523949294788,0.7911907513315549,2.751713028073957,0.2875266218750084
low_cognitive_load,real,138,68.98513175202051,5.349204744657309,4.714902206763997,1.134531430362085
low_cognitive_load,real,139,69.48502401109312,1.922876171952812,0.7741453171997479,2.4838697970921966
low_cognitive_load,real,140,69.98491627016573,0.3160784930519557,8.165059890513056,0.03871110528156759
low_cognitive_load,real,141,70.48480852923834,2.739430200316442,10.360104176130429,0.26442110559351906
low_cognitive_load,real,142,70.98470078831095,2.212979168032079,1.3739360199724402,1.610685749454672
low_cognitive_load,real,143,71.48459304738357,1.8837475130974755,11.08633142674258,0.16991621850249555
low_cognitive_load,real,144,71.98448530645618,0.26494042528518125,0.6581701200369717,0.4025409498539657
low_cognitive_load,real,145,72.48437756552879,1.024664881230125,3.694002894739527,0.27738605259062105
low_cognitive_load,real,146,72.9842698246014,1.4311164233157845,3.5196809488527716,0.40660402011217867
low_cognitive_load,real,147,73.48416208367401,3.8187040625368738,1.987270457423922,1.921582464163947
low_cognitive_load,real,148,73.98405434274662,4.998583805088553,3.5673000665816827,1.401223253382881
low_cognitive_load,real,149,74.48394660181924,1.8501303324574445,3.9988791611169607,0.4626622255673935
low_cognitive_load,real,150,74.98383886089185,1.700522559078979,0.5535833027959827,3.071845827882003
low_cognitive_load,real,151,75.48373111996446,0.7631778236838163,0.3397664044640257,2.246183888862447
low_cognitive_load,real,152,75.98362337903707,0.6465233655700757,0.7447112353922113,0.8681530972600088
low_cognitive_load,real,153,76.48351563810968,0.6369029105852659,1.963033950406369,0.32444824016080837
low_cognitive_load,real,154,76.9834078971823,2.75603763707332,3.527051242651353,0.7813999421799024
low_cognitive_load,real,155,77.48330015625491,1.1542794894005821,0.8840309682678755,1.305700287470944
low_cognitive_load,real,156,77.98319241532752,0.20253792275134724,1.8930735674330623,0.10698893388806921
low_cognitive_load,real,157,78.48308467440013,1.2815612277767259,1.6264628767055809,0.7879437312289247
low_cognitive_load,real,158,78.98297693347274,1.0362540786923038,1.6813423712481437,0.6163254411551177
low_cognitive_load,real,159,79.48286919254537,0.15903266348344508,0.3834744761632956,0.41471512022021495
low_cognitive_load,real,160,79.98276145161798,1.338464898705995,1.3963521063792346,0.9585439751128804
low_cognitive_load,real,161,80.48265371069058,3.0696487202258576,3.8513629168750008,0.7970292040711067
low_cognitive_load,real,162,80.9825459697632,2.702114540672496,8.561393262945474,0.3156162154549663
low_cognitive_load,real,163,81.4824382288358,4.263558847618028,3.357561018238413,1.2698380831973557
low_cognitive_load,real,164,81.98233048790843,1.1884558023133258,0.7982356953749948,1.4888532412159463
low_cognitive_load,real,165,82.48222274698104,1.4739316369758293,0.7370476294656838,1.9997780035522847
low_cognitive_load,real,166,82.98211500605365,0.4153536452927606,2.756736349623953,0.15066861412025095
low_cognitive_load,real,167,83.48200726512626,1.2463562885279933,5.608287287675949,0.222234743799025
low_cognitive_load,real,168,83.98189952419887,1.0092041112311625,7.7135459058634375,0.13083530240793897
low_cognitive_load,real,169,84.48179178327149,0.4074409486377816,4.607648186415985,0.08842709602677057
low_cognitive_load,real,170,84.9816840423441,0.10078355242260383,1.338391863319095,0.07530197633798327
low_cognitive_load,real,171,85.48157630141671,0.2806688544050791,0.19163011531289642,1.4646385509229536
low_cognitive_load,real,172,85.98146856048932,13.233845507679725,6.627020739624526,1.996952481007254
low_cognitive_load,real,173,86.48136081956193,20.993829361026428,1.0421097165214157,20.145507740878067
low_cognitive_load,real,174,86.98125307863455,6.668918370313909,1.4409684491681527,4.628080770376177
low_cognitive_load,real,175,87.48114533770716,1.0764648845533116,1.473679913699594,0.7304604443246462
low_cognitive_load,real,176,87.98103759677977,0.5896493228081787,1.206266981185918,0.4888215726741326
low_cognitive_load,real,177,88.48092985585238,0.545099266822775,1.181223554907301,0.461470027886087
low_cognitive_load,real,178,88.98082211492499,0.16802563496870054,3.6631844379934986,0.04586873465228418
low_cognitive_load,real,179,89.4807143739976,5.499049990691487,1.5018983524810057,3.6613995758151905
low_cognitive_load,real,180,89.98060663307022,1.0709353612400627,1.0858392974431186,0.9862742707524484
low_cognitive_load,real,181,90.48049889214283,1.0839184034550802,1.8884422211213332,0.5739748832831449
low_cognitive_load,real,182,90.98039115121544,1.4689484889056965,1.6915100230725586,0.8684243479902128
low_cognitive_load,real,183,91.48028341028805,0.41678529152237975,4.470744976090048,0.09322502038281887
low_cognitive_load,real,184,91.98017566936066,0.9653924723050927,1.6088981834768485,0.6000332912421269
low_cognitive_load,real,185,92.48006792843329,1.3380325600560903,0.18061041288774102,7.408391015017217
low_cognitive_load,real,186,92.9799601875059,0.5002574457287614,3.1958388180927346,0.15653400381040283
low_cognitive_load,real,187,93.4798524465785,4.88442861676767,7.2723818573067325,0.671640834131966
low_cognitive_load,real,188,93.97974470565111,2.0923945261447003,3.362522741449256,0.6222692564579869
low_cognitive_load,real,189,94.47963696472372,0.6148749753488756,2.1452487309679045,0.286621763934783
low_cognitive_load,real,190,94.97952922379635,0.8034661692261076,4.8425748707367955,0.16591713926435597
low_cognitive_load,real,191,95.47942148286896,0.6829115897878933,1.244647436534098,0.5486787420617361
low_cognitive_load,real,192,95.97931374194157,0.44977351801730375,0.6122912869401855,0.7345744217020712
low_cognitive_load,real,193,96.47920600101418,0.6147179550091588,3.8912158211385024,0.15797580583163412
low_cognitive_load,real,194,96.97909826008679,4.397392251539351,2.2352595499519357,1.967284851387351
low_cognitive_load,real,195,97.47899051915941,0.8417943534864086,0.8010398687606787,1.0508769741870438
low_cognitive_load,real,196,97.97888277823202,0.44452892210718686,0.3527184979010736,1.2602937604703204
low_cognitive_load,real,197,98.47877503730463,0.16363365142924816,2.3239057127697866,0.07041320589303023
low_cognitive_load,real,198,98.97866729637724,0.4467146165193872,7.731129349955594,0.057781288644711784
low_cognitive_load,real,199,99.47855955544985,8.214696202526985,1.4943051374676712,5.497335180449186
low_cognitive_load,real,200,99.97845181452247,3.5204010249291526,2.3014174541951435,1.5296664316645303
low_cognitive_load,real,201,100.47834407359508,2.3591044527464526,1.0520199096887397,2.242452287280798
low_cognitive_load,real,202,100.97823633266769,0.23198458308801695,3.8344654992406606,0.060499848840459475
low_cognitive_load,real,203,101.4781285917403,2.4661616013843926,4.1949700375532375,0.5878853911487788
low_cognitive_load,real,204,101.97802085081291,1.8366646608730879,2.417716873822565,0.7596690417969427
low_cognitive_load,real,205,102.47791310988552,0.23195667373314022,4.544919754097294,0.05103647287150203
low_cognitive_load,real,206,102.97780536895814,2.0863768726544016,1.6372791643889424,1.2742951342894964
low_cognitive_load,real,207,103.47769762803075,3.8694764179547154,6.41715727555586,0.6029891822496337
low_cognitive_load,real,208,103.97758988710336,3.662725350980807,1.2667808465073525,2.8913646437576985
low_cognitive_load,real,209,104.47748214617597,0.2630595842389149,1.9896750897053517,0.1322123323551641
low_cognitive_load,real,210,104.97737440524858,0.9777883194326007,2.220943516332805,0.44025807601226746
low_cognitive_load,real,211,105.4772666643212,0.34597227494317356,6.1801359741122255,0.05598133704378121
low_cognitive_load,real,212,105.97715892339382,0.27879733823551933,1.3628997702015226,0.2045618792600541
low_cognitive_load,real,213,106.47705118246643,1.0483976169428773,3.127909310274223,0.33517519625623815
low_cognitive_load,real,214,106.97694344153904,0.6818244843657383,9.918078153134527,0.0687456252953858
low_cognitive_load,real,215,107.47683570061164,0.7238317928362531,5.020589041092752,0.14417268310785863
low_cognitive_load,real,216,107.97672795968427,0.3258834015493028,4.46786982615071,0.07293932326360264
low_cognitive_load,real,217,108.47662021875688,0.6339838686682668,9.019000601121054,0.0702942484103464
low_cognitive_load,real,218,108.97651247782949,1.2198079034655096,4.721570871951968,0.25834789661035473
low_cognitive_load,real,219,109.4764047369021,0.7522938686459625,1.9644365382496987,0.3829565648968492
low_cognitive_load,real,220,109.9762969959747,0.7450649449156195,1.829583237996636,0.40723205670131385
low_cognitive_load,real,221,110.47618925504733,0.9148858039828016,0.867367800909793,1.0547841446537056
low_cognitive_load,real,222,110.97608151411994,6.567485376556295,3.194181199802949,2.056077900953599
low_cognitive_load,real,223,111.47597377319255,0.876977702405677,2.7776030139009684,0.31573183713320396
low_cognitive_load,real,224,111.97586603226516,0.6813584765680403,5.534468130663322,0.12311182583074654
low_cognitive_load,real,225,112.47575829133777,3.1674198791719315,3.787142158493042,0.8363614954534194
low_cognitive_load,real,226,112.97565055041039,0.5887257476247891,5.3434817118152775,0.11017643165560462
low_cognitive_load,real,227,113.475542809483,4.0522297111495345,2.27029313698161,1.784892728230257
low_cognitive_load,real,228,113.97543506855561,1.3344791802751839,4.042106527900273,0.33014448557059606
low_cognitive_load,real,229,114.47532732762822,12.260214204971536,1.6173615062974847,7.580379622758556
low_cognitive_load,real,230,114.97521958670083,1.3027238638244902,3.9861691865025852,0.326810981389248
low_cognitive_load,real,231,115.47511184577344,0.6990394524065304,3.535904862179444,0.19769747197769902
low_cognitive_load,real,232,115.97500410484606,1.231240601375217,4.447976926767404,0.2768091250576763
low_cognitive_load,real,233,116.47489636391867,1.852425765877578,7.436153482190948,0.2491107493025802
low_cognitive_load,real,234,116.97478862299128,1.4115197609596177,3.9358367811976347,0.3586326972964836
low_cognitive_load,real,235,117.4746808820639,0.40032032583822785,3.6239980094674142,0.110463726743895
low_cognitive_load,real,236,117.9745731411365,1.2349843207046407,2.8321153564328925,0.43606427185230506
low_cognitive_load,real,237,118.47446540020913,0.6280116895712399,14.957024092385803,0.04198774339682603
low_cognitive_load,real,238,118.97435765928174,0.12759748558911,3.8370548129382787,0.03325401689828883
low_cognitive_load,real,239,119.47424991835435,1.4562862489444284,6.420847618468057,0.22680591963524624
low_cognitive_load,real,240,119.97414217742696,0.6420337860748554,2.605772835788107,0.24638900876433248
low_cognitive_load,real,241,120.47403443649957,1.0959768892749842,8.507783618398136,0.1288204940831978
low_cognitive_load,real,242,120.97392669557219,2.2138540543823897,5.367109981128069,0.41248531559196366
low_cognitive_load,real,243,121.4738189546448,3.8632705168745236,2.9993153777675654,1.2880507816920583
low_cognitive_load,real,244,121.97371121371741,2.1394389693216755,3.574980190817112,0.5984477829603516
low_cognitive_load,real,245,122.47360347279002,4.968472805809796,3.8755821558700827,1.2819939317463276
low_cognitive_load,real,246,122.97349573186263,1.3153971709404546,18.83603355602269,0.06983408513412132
low_cognitive_load,real,247,123.47338799093525,4.7294069509191745,2.19249570829418,2.157088350516672
low_cognitive_load,real,248,123.97328025000786,1.9557285934778093,1.3229586777869193,1.4782990779042353
low_cognitive_load,real,249,124.47317250908047,0.8223521314372697,0.7906733491899487,1.0400655748417171
low_cognitive_load,real,250,124.97306476815308,1.6117366685051395,6.898837182702376,0.23362439579619104
low_cognitive_load,real,251,125.47295702722569,0.17039127744717786,3.613477106617621,0.04715438133954911
low_cognitive_load,real,252,125.97284928629831,0.47735950878542305,8.826182855135679,0.054084479850501
low_cognitive_load,real,253,126.47274154537092,0.9187515377362235,13.001030772646423,0.07066759196272614
low_cognitive_load,real,254,126.97263380444353,2.0079821813850725,6.032709185768028,0.33284915939958987
low_cognitive_load,real,255,127.47252606351614,0.5995313152026891,5.851763471655467,0.10245310120729835
low_cognitive_load,real,256,127.97241832258875,1.7874302416363541,8.075140755535275,0.22134973194258226
low_cognitive_load,real,257,128.47231058166136,3.512682012374903,1.4946457116323402,2.3501770252554466
low_cognitive_load,real,258,128.97220284073398,1.2028815745593457,5.310135228252668,0.22652560111075762
low_cognitive_load,real,259,129.47209509980658,0.4507328465974809,1.5841151773215023,0.28453287554482093
low_cognitive_load,real,260,129.9719873588792,2.654242340762652,10.500180152099043,0.2527806477903195
low_cognitive_load,real,261,130.47187961795183,0.7707261357585915,1.2481762998752748,0.6174817899006791
low_cognitive_load,real,262,130.97177187702442,0.6016407795863787,4.15319797718047,0.14486205157858176
low_cognitive_load,real,263,131.47166413609705,0.6620294698833071,7.711229249307742,0.08585265052815533
low_cognitive_load,real,264,131.97155639516964,1.1333851891842792,4.790390966136953,0.23659555080078545
low_cognitive_load,real,265,132.47144865424227,2.0504005011886672,2.097239392786733,0.9776664067253533
low_cognitive_load,real,266,132.9713409133149,0.9518659145001896,5.068298853514466,0.1878077718010148
low_cognitive_load,real,267,133.47123317238749,2.0431295656444295,7.699282528500878,0.2653662283571565
low_cognitive_load,real,268,133.9711254314601,0.6276396116242626,6.658298708371811,0.09426426165517326
low_cognitive_load,real,269,134.4710176905327,1.7124464752462019,1.3454067197381296,1.2728095156084198
low_cognitive_load,real,270,134.97090994960533,1.699764103036567,7.614108784892368,0.22323874678664637
low_cognitive_load,real,271,135.47080220867795,2.7883019699027534,3.417855124057921,0.8158046109901471
low_cognitive_load,real,272,135.97069446775055,0.20314028778537202,2.0185318824965197,0.10063764141992554
low_cognitive_load,real,273,136.47058672682317,1.034893180119321,1.149903007926873,0.8999830185548433
low_cognitive_load,real,274,136.97047898589577,0.4393687284173528,3.034142440683217,0.14480820759305466
low_cognitive_load,real,275,137.4703712449684,0.7941412212442106,1.1565335865802402,0.6866564278452221
low_cognitive_load,real,276,137.97026350404101,0.7917421808270761,1.7874750476744918,0.4429388717102004
low_cognitive_load,real,277,138.4701557631136,1.5069950751222032,5.379813600525997,0.2801203140151288
low_cognitive_load,real,278,138.97004802218623,0.6966806444682384,5.254765138148077,0.13258073884416607
low_cognitive_load,real,279,139.46994028125883,0.6614782694401324,3.98499841531014,0.1659921035096953
low_cognitive_load,real,280,139.96983254033145,1.1548132372241278,1.222200412582437,0.9448640544835653
low_cognitive_load,real,281,140.46972479940408,1.181542748187108,4.649707975009865,0.2541111731182647
low_cognitive_load,real,282,140.96961705847667,0.4237322676248715,1.3142104950769955,0.3224234391767251
low_cognitive_load,real,283,141.4695093175493,0.10370641877472461,2.1454084901984816,0.04833877522556567
low_cognitive_load,real,284,141.9694015766219,0.4202969543120131,4.567537469034881,0.09201828275331514
low_cognitive_load,real,285,142.46929383569451,5.936422727125226,6.663484767076677,0.8908886167874562
low_cognitive_load,real,286,142.96918609476714,3.2575634781512735,10.625424942214652,0.30658194809781425
low_cognitive_load,real,287,143.46907835383973,1.459748107362051,3.8493371613733136,0.37922064141590084
low_cognitive_load,real,288,143.96897061291236,1.540002882311474,6.896093495200974,0.22331525571443742
low_cognitive_load,real,289,144.46886287198495,2.2314273346152977,0.9192887701673637,2.4273410129975255
low_cognitive_load,real,290,144.96875513105758,3.58595632740493,1.1632385797201068,3.0827350381275753
low_cognitive_load,real,291,145.4686473901302,0.5727079262240639,1.3556978358207243,0.4224451135730794
low_cognitive_load,real,292,145.9685396492028,1.2610735477168618,6.151571315141,0.20500023215417387
low_cognitive_load,real,293,146.46843190827542,1.1609430900081512,3.228693547764311,0.3595705423365556
low_cognitive_load,real,294,146.96832416734802,1.3153782290857503,2.506009666201496,0.5248895272936218
low_cognitive_load,real,295,147.46821642642064,0.41511017842539094,0.4190463282872515,0.9906068861694872
low_cognitive_load,real,296,147.96810868549323,1.1759068315122643,1.5217387714904882,0.7727389572656456
low_cognitive_load,real,297,148.46800094456586,0.5973590479517938,3.6417305289452546,0.16403164462715078
low_cognitive_load,real,298,148.96789320363848,0.8344298015051639,2.2694549980486984,0.36767849647717865
low_cognitive_load,real,299,149.46778546271108,1.2555034991819725,2.349901718972766,0.5342791526323076
low_cognitive_load,real,300,149.9676777217837,0.3911327467721269,1.0407824191429889,0.3758064505876235
low_cognitive_load,real,301,150.4675699808563,2.3995265248307396,3.154724922555758,0.7606135507012115
low_cognitive_load,real,302,150.96746223992892,0.6788311069795043,2.616294088847467,0.25946284474408754
low_cognitive_load,real,303,151.46735449900154,1.095386662131718,0.8632685313810896,1.2688828821076996
low_cognitive_load,real,304,151.96724675807414,1.7022794948079523,3.586481427641844,0.4746377554580624
low_cognitive_load,real,305,152.46713901714676,3.3626231425731934,1.441302164487705,2.333045231891677
low_cognitive_load,real,306,152.96703127621936,0.5317651136629196,1.7966525870529346,0.2959754810111501
low_cognitive_load,real,307,153.46692353529198,2.0648830101292965,1.8488762523781095,1.1168313766123337
low_cognitive_load,real,308,153.9668157943646,2.9141164631202,3.489106747752875,0.8352041579114792
low_cognitive_load,real,309,154.4667080534372,1.1313040660142013,12.704302252800735,0.08904889410709659
low_cognitive_load,real,310,154.96660031250983,6.856913253304285,19.708165214141818,0.34792245644379055
low_cognitive_load,real,311,155.46649257158242,0.17044662135346478,0.9606422726617203,0.17742985729869676
low_cognitive_load,real,312,155.96638483065504,0.12785321053756726,0.518770569461566,0.2464542479159267
low_cognitive_load,real,313,156.46627708972767,1.152394568755756,2.2356879166154324,0.5154541294387569
low_cognitive_load,real,314,156.96616934880026,1.4995995230823218,0.26941233296487965,5.5661873626171685
low_cognitive_load,real,315,157.4660616078729,0.4777385611653858,0.6467627273962799,0.7386612445782906
low_cognitive_load,real,316,157.96595386694548,1.5773618258413662,2.696387218806409,0.5849908406477338
low_cognitive_load,real,317,158.4658461260181,1.5978202798313559,4.38236976183499,0.3646018858897737
low_cognitive_load,real,318,158.96573838509073,0.8534515325501284,3.39017125599629,0.2517428967756732
low_cognitive_load,real,319,159.46563064416333,0.6464975372571234,1.8266598965331786,0.35392332118535713
low_cognitive_load,real,320,159.96552290323595,1.1780129612101908,0.3958933940660419,2.975581252092521
low_cognitive_load,real,321,160.46541516230855,0.7861195952284357,8.75703149580794,0.08977010024512956
low_cognitive_load,real,322,160.96530742138117,2.6124681845791677,6.837890406493528,0.38205762732000875
low_cognitive_load,real,323,161.4651996804538,0.6647421600629522,6.945381240185173,0.0957099599107434
low_cognitive_load,real,324,161.9650919395264,0.40109470028667804,3.5731043135780416,0.11225384570007953
low_cognitive_load,real,325,162.464984198599,1.911891120997192,0.9933120129425961,1.9247639171637412
low_cognitive_load,real,326,162.9648764576716,3.2960344086605096,3.3879745503220677,0.9728628003853164
low_cognitive_load,real,327,163.46476871674423,1.289292910782395,0.6569596923909113,1.9625144825707599
low_cognitive_load,real,328,163.96466097581686,1.1108960288880478,0.5491773088841292,2.02283672489177
low_cognitive_load,real,329,164.46455323488945,0.5792551068388943,2.8666041271010196,0.20207014333182155
low_cognitive_load,real,330,164.96444549396207,3.518375275883078,2.5600454970015756,1.3743409169891454
low_cognitive_load,real,331,165.46433775303467,1.3245112514453639,4.332569293682136,0.30571034452392953
low_cognitive_load,real,332,165.9642300121073,3.3649609091526616,5.119955641697657,0.6572246215861588
low_cognitive_load,real,333,166.46412227117992,2.419974863251964,15.965258415168957,0.15157755673736484
low_cognitive_load,real,334,166.9640145302525,0.9837339547076722,5.229703001074416,0.18810512843761282
low_cognitive_load,real,335,167.46390678932514,2.800923147413092,3.922949886793934,0.7139839223646498
low_cognitive_load,real,336,167.96379904839773,0.6485732235621826,2.2851353133532375,0.28382267770850633
low_cognitive_load,real,337,168.46369130747036,0.2637066106870939,1.0824366635120604,0.24362313249024173
low_cognitive_load,real,338,168.96358356654298,0.41556342648191913,5.834302677946411,0.07122760840858386
low_cognitive_load,real,339,169.46347582561557,0.5546594597314501,2.801723158193311,0.19797083024045883
low_cognitive_load,real,340,169.9633680846882,0.34699953306080145,2.7339442601759725,0.12692268021531153
low_cognitive_load,real,341,170.4632603437608,6.672978646912799,4.473445762977172,1.4916864986134966
low_cognitive_load,real,342,170.96315260283342,3.161575385695702,3.12191920393521,1.012702500984172
low_cognitive_load,real,343,171.46304486190604,1.07473440714335,16.3788050091799,0.06561738823687009
low_cognitive_load,real,344,171.96293712097864,1.143317585765109,5.363570985633619,0.21316350409596463
low_cognitive_load,real,345,172.46282938005126,3.0548634313439735,1.99057038961262,1.5346673733745597
low_cognitive_load,real,346,172.96272163912386,0.8137316484379574,8.06848960757522,0.1008530329733552
low_cognitive_load,real,347,173.46261389819648,3.4969075192774968,4.284083471960812,0.8162556920668432
low_cognitive_load,real,348,173.9625061572691,0.6298153740325987,9.951803264785875,0.06328655795087705
low_cognitive_load,real,349,174.4623984163417,8.050912999849992,6.7029502801176415,1.2010999132323406
low_cognitive_load,real,350,174.96229067541432,1.4206492458127107,3.0672149088188476,0.463172385387168
low_cognitive_load,real,351,175.46218293448692,2.22622858898061,4.745667654148374,0.4691075631970512
low_cognitive_load,real,352,175.96207519355954,1.001525291283613,3.9932385190487962,0.2508052765959445
low_cognitive_load,real,353,176.46196745263214,0.7165442554199173,1.50416523272111,0.47637336632469096
low_cognitive_load,real,354,176.96185971170476,0.5449653623369916,1.789639342113666,0.30451127750318474
low_cognitive_load,real,355,177.46175197077739,0.5016828264097446,0.3915483343410381,1.2812794294069951
low_cognitive_load,real,356,177.96164422984998,0.5519756344051553,2.3950287374703905,0.23046722812526557
low_cognitive_load,real,357,178.4615364889226,0.8442583869162117,2.2688049427230657,0.3721158972365935
low_cognitive_load,real,358,178.9614287479952,1.2228033302686878,2.340511964534878,0.5224512195611405
low_cognitive_load,real,359,179.46132100706782,0.7459743406855528,3.812299224269222,0.19567570560481076
low_cognitive_load,step4,0,0.0,3.5867237169480073,13.796001482872889,0.2599828451309434
low_cognitive_load,step4,1,0.5,0.19598939760516934,1.8643345218409872,0.1051256602874222
low_cognitive_load,step4,2,1.0,0.14673009341784315,0.9078407740731755,0.16162536163639654
low_cognitive_load,step4,3,1.5,0.8702869657924459,0.578127255757177,1.5053553644562656
low_cognitive_load,step4,4,2.0,3.964064915088722,4.697112316775852,0.8439365822552224
low_cognitive_load,step4,5,2.5,0.20738825261570223,1.2578405521877303,0.16487642432500454
low_cognitive_load,step4,6,3.0,5.594661136019479,18.88018936756397,0.29632441852681135
low_cognitive_load,step4,7,3.5,0.6447689770858629,1.0324101136066828,0.6245279551101923
low_cognitive_load,step4,8,4.0,1.4086508056507128,1.4151296971599527,0.9954216977268991
low_cognitive_load,step4,9,4.5,6.647773892173416,1.146132926603215,5.800177045672504
low_cognitive_load,step4,10,5.0,3.8280583158915453,9.016895728716117,0.4245428172913572
low_cognitive_load,step4,11,5.5,2.179769251868632,1.090195022554098,1.9994305668006909
low_cognitive_load,step4,12,6.0,0.9501127027409404,0.2774229493394006,3.4247804841068423
low_cognitive_load,step4,13,6.5,0.6908200656401808,1.8602919453247007,0.371350350344931
low_cognitive_load,step4,14,7.0,0.7566945980168853,1.373680728272412,0.5508518700473657
low_cognitive_load,step4,15,7.5,0.5843048258212382,2.3220022370375974,0.2516383561140287
low_cognitive_load,step4,16,8.0,0.3978915095994711,1.0126114412542937,0.3929360200657164
low_cognitive_load,step4,17,8.5,1.9367343774468684,1.7863154912091994,1.084206226155407
low_cognitive_load,step4,18,9.0,5.6265566381068846,2.288248429564899,2.4588923848520903
low_cognitive_load,step4,19,9.5,0.8928666011863815,2.5497635138733328,0.35017624039573475
low_cognitive_load,step4,20,10.0,0.254736388075582,0.8855256504352621,0.2876668653814506
low_cognitive_load,step4,21,10.5,0.351907543949446,0.40543077774735625,0.86798428551652
low_cognitive_load,step4,22,11.0,2.2145665964679946,7.851263460038559,0.2820649960022
low_cognitive_load,step4,23,11.5,5.729768866035207,8.825543015140806,0.6492256460826725
low_cognitive_load,step4,24,12.0,1.0326232674674674,1.4658537213015612,0.7044517829177254
low_cognitive_load,step4,25,12.5,0.7505478107717407,0.67651343823547,1.1094351839179608
low_cognitive_load,step4,26,13.0,0.560982165160449,2.600825203620908,0.21569391298555593
low_cognitive_load,step4,27,13.5,8.04055432841277,1.1552542585658399,6.95998674646264
low_cognitive_load,step4,28,14.0,1.7971413522066377,3.032653807223492,0.5925969353725831
low_cognitive_load,step4,29,14.5,5.300342926506841,16.134375985996527,0.32851242162121147
low_cognitive_load,step4,30,15.0,0.2913798576777121,0.4222023652425431,0.6901426464305161
low_cognitive_load,step4,31,15.5,0.6801306570553527,0.2754869824805471,2.4688304722470096
low_cognitive_load,step4,32,16.0,2.6734656637515766,8.007170416331487,0.3338839471055537
low_cognitive_load,step4,33,16.5,2.305444946972164,2.061650446592569,1.1182521027182522
low_cognitive_load,step4,34,17.0,8.28013075327476,4.584864211662927,1.8059707705654302
low_cognitive_load,step4,35,17.5,7.330780260770409,0.5536621264753168,13.240530479191497
low_cognitive_load,step4,36,18.0,1.6279769888844262,0.6003361730246937,2.7117756051282664
low_cognitive_load,step4,37,18.5,0.8725307832342036,3.25514103727962,0.2680469980383379
low_cognitive_load,step4,38,19.0,0.6293934979937178,0.5545298476927429,1.1350038246137037
low_cognitive_load,step4,39,19.5,6.891267027490155,0.7103163135550704,9.701687679112947
low_cognitive_load,step4,40,20.0,5.116457209124807,1.9990729523742479,2.5594149543407716
low_cognitive_load,step4,41,20.5,0.24619771074425179,1.7782280409633298,0.13845114635065459
low_cognitive_load,step4,42,21.0,0.7892439767149568,0.21803946712848638,3.6197298916066
low_cognitive_load,step4,43,21.5,3.538505759932542,2.69324332004746,1.3138455532752187
low_cognitive_load,step4,44,22.0,8.950825304770003,6.666907634374754,1.3425752681227063
low_cognitive_load,step4,45,22.5,1.9033730058691294,5.116003654425677,0.3720429332028697
low_cognitive_load,step4,46,23.0,0.5934495983527088,1.7788081966602571,0.33362202820232145
low_cognitive_load,step4,47,23.5,0.43605962078321,0.18437498597622548,2.3650693095615387
low_cognitive_load,step4,48,24.0,6.384965124460491,1.0092145735506355,6.32666758070764
low_cognitive_load,step4,49,24.5,0.5787287853001155,1.6840807041633004,0.343646705213955
low_cognitive_load,step4,50,25.0,0.3751582820999217,1.3874726526913652,0.2703896767782805
low_cognitive_load,step4,51,25.5,2.100040063248706,0.5423205643538236,3.872322388790308
low_cognitive_load,step4,52,26.0,1.8876577309108684,0.5931637254258875,3.1823553093297186
low_cognitive_load,step4,53,26.5,0.34242537517162586,3.710164780249067,0.09229384554414279
low_cognitive_load,step4,54,27.0,0.7275057701878496,0.504162519150755,1.4429985224076332
low_cognitive_load,step4,55,27.5,1.5744302731185718,1.3334535805496928,1.180716221459723
low_cognitive_load,step4,56,28.0,0.9833457998354839,2.061288806022145,0.477053868901144
low_cognitive_load,step4,57,28.5,5.541129100389986,4.075561184790241,1.3595990464010599
low_cognitive_load,step4,58,29.0,1.043480420555372,0.7081111911198925,1.473610971894239
low_cognitive_load,step4,59,29.5,1.6322809091403514,0.8335344371356765,1.9582645136407975
low_cognitive_load,step4,60,30.0,0.47838010040208623,0.8283376244432858,0.5775182561864177
low_cognitive_load,step4,61,30.5,2.048751008718745,1.81531077375853,1.128595190605786
low_cognitive_load,step4,62,31.0,9.875995176791456,0.686355258977527,14.389042769926267
low_cognitive_load,step4,63,31.5,0.6970550557317501,0.735567094123545,0.9476430651949114
low_cognitive_load,step4,64,32.0,1.3348837928839783,1.0195086315396387,1.3093403543509654
low_cognitive_load,step4,65,32.5,1.154230533529478,0.8231196498620225,1.4022633692719628
low_cognitive_load,step4,66,33.0,1.2394871276949655,0.2854864927356761,4.341666450897807
low_cognitive_load,step4,67,33.5,1.34151594688116,1.6677887176011121,0.8043680429801376
low_cognitive_load,step4,68,34.0,0.397790689244962,2.365323953231778,0.16817598650766402
low_cognitive_load,step4,69,34.5,3.8726709836498308,0.7074692883547721,5.473977524389464
low_cognitive_load,step4,70,35.0,0.7593030791110718,0.795730728307534,0.9542211354914728
high_cognitive_load,real,0,0.0,0.6428368476530089,2.2264796304107493,0.2887234353607879
high_cognitive_load,real,1,0.4998385892184632,0.14014555279688787,3.4125116158713316,0.0410681540672511
high_cognitive_load,real,2,0.9996771784369264,0.18734614770528818,1.3202702616820463,0.14189984667730535
high_cognitive_load,real,3,1.4995157676553896,0.5003454945496967,2.2752772338749936,0.21990528762842895
high_cognitive_load,real,4,1.9993543568738528,0.6847950293177976,3.0539012174139932,0.22423614274520437
high_cognitive_load,real,5,2.499192946092316,2.7668331405519586,4.107059902511686,0.6736773278762972
high_cognitive_load,real,6,2.9990315353107793,1.444317359745942,2.5008326167775916,0.5775345979000364
high_cognitive_load,real,7,3.4988701245292426,5.460243001185285,1.3807615538555362,3.9545155251017143
high_cognitive_load,real,8,3.9987087137477055,0.84976220403154,0.85662426663463,0.9919894137133792
high_cognitive_load,real,9,4.498547302966169,0.5748828102154584,2.247200068032227,0.2558218195137639
high_cognitive_load,real,10,4.998385892184632,0.33388972776617915,0.5062831926601965,0.659492024635068
high_cognitive_load,real,11,5.498224481403096,0.3670865870292056,0.9227950287468003,0.3977986178877954
high_cognitive_load,real,12,5.9980630706215585,2.6773132772633232,1.1487921742131826,2.330546235742803
high_cognitive_load,real,13,6.497901659840021,1.1026476154874083,0.667717417029143,1.6513686589057215
high_cognitive_load,real,14,6.997740249058485,0.3515677836073676,2.643067185926963,0.1330150763776622
high_cognitive_load,real,15,7.497578838276948,1.1298158144380832,1.9433553587731782,0.5813737612823037
high_cognitive_load,real,16,7.997417427495411,0.7870535209499687,2.287289130434748,0.34409883318965123
high_cognitive_load,real,17,8.497256016713875,0.7702020177338209,2.7265810824959513,0.28247904405937085
high_cognitive_load,real,18,8.997094605932338,1.3052918741450261,2.5426058010696715,0.5133677715971117
high_cognitive_load,real,19,9.4969331951508,1.0600908507271498,3.955477544064901,0.2680057815819965
high_cognitive_load,real,20,9.996771784369264,0.3701293472783421,0.8731426060557532,0.42390480628396693
high_cognitive_load,real,21,10.496610373587727,1.2154830961991565,4.118237067273342,0.29514646105692016
high_cognitive_load,real,22,10.996448962806191,0.8330019762563343,4.280693090317093,0.19459511781878985
high_cognitive_load,real,23,11.496287552024654,1.0030242180840867,13.857900436018243,0.07237923397667903
high_cognitive_load,real,24,11.996126141243117,0.7373223449509447,2.327221085315551,0.31682522541727925
high_cognitive_load,real,25,12.49596473046158,2.257765008004659,0.4363950301581432,5.173672594727942
high_cognitive_load,real,26,12.995803319680043,0.8496858492971281,4.250483791889059,0.19990332651509743
high_cognitive_load,real,27,13.495641908898506,0.7847930477076548,6.379786583179874,0.12301242956570668
high_cognitive_load,real,28,13.99548049811697,0.7615931122985363,2.1795853005087973,0.34942110874061766
high_cognitive_load,real,29,14.495319087335433,2.509115691702653,11.981319244242634,0.20941898304799403
high_cognitive_load,real,30,14.995157676553896,1.556978733068127,2.402277012371866,0.6481262256807172
high_cognitive_load,real,31,15.49499626577236,0.44482309610709236,1.3570177002822186,0.32779461610160476
high_cognitive_load,real,32,15.994834854990822,0.43468654378545873,0.9765079004330199,0.4451439088129267
high_cognitive_load,real,33,16.494673444209287,0.5842500396292356,1.021447843229366,0.5719822539172392
high_cognitive_load,real,34,16.99451203342775,0.35439198953326845,5.55372337347939,0.06381160272144469
high_cognitive_load,real,35,17.494350622646213,0.988991409174973,1.9604457398037403,0.5044727273471903
high_cognitive_load,real,36,17.994189211864676,0.6030485379467039,7.208268299308814,0.08366066757039677
high_cognitive_load,real,37,18.49402780108314,0.6975636423210392,4.217909804699508,0.16538135584213495
high_cognitive_load,real,38,18.9938663903016,2.638725431528327,1.9303223355296353,1.3669869445945784
high_cognitive_load,real,39,19.493704979520064,0.3984053734471541,0.798884248652902,0.49870225144500585
high_cognitive_load,real,40,19.993543568738527,1.7043701723013012,1.7430893027109318,0.9777870644094867
high_cognitive_load,real,41,20.49338215795699,2.2601415861303087,3.3385370980147018,0.6769856136911964
high_cognitive_load,real,42,20.993220747175453,0.30905878907349194,1.6622661271549917,0.1859261787415794
high_cognitive_load,real,43,21.493059336393916,1.172265012808077,2.6424259804781474,0.44363210983717144
high_cognitive_load,real,44,21.992897925612382,2.749943937402905,1.5902540169168575,1.7292482258491155
high_cognitive_load,real,45,22.492736514830845,1.23545057904721,2.6655006372062626,0.4634966361674172
high_cognitive_load,real,46,22.99257510404931,1.088134381773759,0.6935696283438029,1.5688898955569175
high_cognitive_load,real,47,23.49241369326777,0.4989473951784467,1.4061874565963386,0.35482281742588107
high_cognitive_load,real,48,23.992252282486234,0.7929933830107428,1.9011618524261646,0.41710987520539905
high_cognitive_load,real,49,24.492090871704697,0.9840071886951938,4.361187906101521,0.22562824851424498
high_cognitive_load,real,50,24.99192946092316,6.431849087641724,2.387686358193932,2.693757940848996
high_cognitive_load,real,51,25.491768050141623,0.16562609945107432,1.2105961705704535,0.13681366542984227
high_cognitive_load,real,52,25.991606639360086,0.2913909627056853,1.0132851334536903,0.28757054957720113
high_cognitive_load,real,53,26.49144522857855,0.7609028330981956,0.4485235503846894,1.696461272647969
high_cognitive_load,real,54,26.99128381779701,0.6456031815780434,2.37503278775784,0.27182916585649664
high_cognitive_load,real,55,27.491122407015474,0.5063580841186952,1.4414216233410229,0.35129075068613497
high_cognitive_load,real,56,27.99096099623394,0.2730869274511548,0.7215794124438231,0.3784572047673483
high_cognitive_load,real,57,28.490799585452404,1.6144436034451592,2.133025898178224,0.7568795131948581
high_cognitive_load,real,58,28.990638174670867,1.4472099504724611,12.363521819620496,0.1170548304590515
high_cognitive_load,real,59,29.49047676388933,3.017479808663423,0.4923311749705587,6.128963514942696
high_cognitive_load,real,60,29.990315353107793,1.330384444437601,2.5064615161769908,0.530781915401911
high_cognitive_load,real,61,30.490153942326256,5.480984036733901,2.6145171482558855,2.0963656866393867
high_cognitive_load,real,62,30.98999253154472,0.6257159754324051,2.236999965633387,0.27971210775376076
high_cognitive_load,real,63,31.48983112076318,0.6306872092508867,1.0300780899162538,0.612271259261676
high_cognitive_load,real,64,31.989669709981644,1.1259006715176658,0.5542476178479945,2.031403717871189
high_cognitive_load,real,65,32.48950829920011,0.38930510411485153,4.842122897485517,0.08039967434883058
high_cognitive_load,real,66,32.989346888418574,1.195869514039921,1.8732812687582232,0.6383822514985426
high_cognitive_load,real,67,33.48918547763704,0.6784994563516422,3.363151742979924,0.20174512130411845
high_cognitive_load,real,68,33.9890240668555,1.5951422251898126,1.819374421384306,0.8767531336271718
high_cognitive_load,real,69,34.48886265607396,2.1012337873225677,2.1275340815666204,0.9876381325817887
high_cognitive_load,real,70,34.988701245292425,1.357666350395544,0.94715886359873,1.433409328227253
high_cognitive_load,real,71,35.48853983451089,0.4738887140521706,0.7349195894220508,0.6448170941052777
high_cognitive_load,real,72,35.98837842372935,0.11557520274824325,2.2668359562626064,0.05098525212154972
high_cognitive_load,real,73,36.488217012947814,0.7740325006551176,0.41586814732891897,1.8612449778292803
high_cognitive_load,real,74,36.98805560216628,0.25274031976149147,2.659331056589653,0.09503905846367532
high_cognitive_load,real,75,37.48789419138474,1.1867073080001393,1.0048592687154285,1.1809686639176629
high_cognitive_load,real,76,37.9877327806032,0.7088460494542114,4.7032081966369095,0.15071543079064223
high_cognitive_load,real,77,38.487571369821666,0.49915991482388716,4.011067176307808,0.12444566318217698
high_cognitive_load,real,78,38.98740995904013,0.5337800906535954,5.480959955607171,0.09738806613748818
high_cognitive_load,real,79,39.48724854825859,3.468377558907991,1.4631117211558808,2.370548679746697
high_cognitive_load,real,80,39.987087137477054,0.573952613371352,1.3351213123119468,0.42988798701555725
high_cognitive_load,real,81,40.48692572669552,0.28766908775299416,3.387071607476787,0.08493150458289084
high_cognitive_load,real,82,40.98676431591398,0.28002921056521773,0.5258327238576564,0.5325442823543671
high_cognitive_load,real,83,41.48660290513244,0.581079271873571,0.3032034527425727,1.9164665396040914
high_cognitive_load,real,84,41.986441494350906,3.5876115401349082,0.8393458696562861,4.274294626128372
high_cognitive_load,real,85,42.48628008356937,0.1155713606533823,1.7210177376097708,0.06715291663053581
high_cognitive_load,real,86,42.98611867278783,0.9669636745322218,3.241698784294249,0.29828918072742516
high_cognitive_load,real,87,43.485957262006295,1.7536942620148852,8.212935801139661,0.21352830516117455
high_cognitive_load,real,88,43.985795851224765,1.2313879213683938,5.856934083748087,0.21024445618830992
high_cognitive_load,real,89,44.48563444044323,4.788574798485803,3.629238659060091,1.3194433456536474
high_cognitive_load,real,90,44.98547302966169,2.7823349016236376,1.298904131269874,2.1420633244914598
high_cognitive_load,real,91,45.485311618880154,4.652089445871926,1.7665843176089897,2.633380925835664
high_cognitive_load,real,92,45.98515020809862,3.559499705075422,1.0835133160064974,3.2851462483125378
high_cognitive_load,real,93,46.48498879731708,3.472159617204826,3.4653878869120094,1.0019541045660116
high_cognitive_load,real,94,46.98482738653554,0.3008659675292457,4.87969514381816,0.061656713926155335
high_cognitive_load,real,95,47.484665975754005,1.363339696869216,2.4735611131740924,0.5511647517452148
high_cognitive_load,real,96,47.98450456497247,0.43340764651516417,5.807827577012646,0.07462474406619604
high_cognitive_load,real,97,48.48434315419093,1.3606121613614206,0.7779047339994467,1.7490729929950373
high_cognitive_load,real,98,48.984181743409394,0.21172268625111315,3.995378729514078,0.052991894031748796
high_cognitive_load,real,99,49.48402033262786,1.696073491620037,0.5897332242881352,2.876001252375362
high_cognitive_load,real,100,49.98385892184632,0.7252487773172647,3.9602262326112294,0.18313316833898702
high_cognitive_load,real,101,50.48369751106478,0.08705835461206558,2.9788601944256485,0.029225391233525556
high_cognitive_load,real,102,50.983536100283246,1.660588056701346,3.6265452761190833,0.4578980628303117
high_cognitive_load,real,103,51.48337468950171,0.5169756313931029,3.66020374711598,0.14124230974858942
high_cognitive_load,real,104,51.98321327872017,0.45338913916555745,1.6624710686781747,0.27272001763377796
high_cognitive_load,real,105,52.483051867938634,1.53047841023106,2.5168878801053443,0.6080836664710714
high_cognitive_load,real,106,52.9828904571571,0.8531487795062537,2.2880882432106384,0.3728653307134335
high_cognitive_load,real,107,53.48272904637556,2.7907047983217614,0.841597759904168,3.3159603450459953
high_cognitive_load,real,108,53.98256763559402,0.9988385793902157,1.6263775645457161,0.6141492610107505
high_cognitive_load,real,109,54.482406224812486,1.799934583119036,3.160185521587814,0.5695661127561495
high_cognitive_load,real,110,54.98224481403095,1.549275913526544,2.51155697531475,0.6168587568404207
high_cognitive_load,real,111,55.48208340324941,1.361253496908673,1.7718547027632623,0.7682647424677407
high_cognitive_load,real,112,55.98192199246788,1.1843113296055612,5.213517354312081,0.22716167399462506
high_cognitive_load,real,113,56.481760581686345,1.791773687576527,13.403033667708709,0.13368418911707744
high_cognitive_load,real,114,56.98159917090481,0.6432166793407028,8.983585722439898,0.07159910298779988
high_cognitive_load,real,115,57.48143776012327,0.8497372989156172,1.263409538391445,0.6725747060588846
high_cognitive_load,real,116,57.981276349341734,0.5183797073342189,5.5079128775234265,0.09411545150788636
high_cognitive_load,real,117,58.4811149385602,0.9824393167718297,6.817436014467015,0.1441068628568033
high_cognitive_load,real,118,58.98095352777866,2.0125130971356655,4.979471262375003,0.40416200658536977
high_cognitive_load,real,119,59.48079211699712,0.5200385831728541,1.333619782553296,0.38994516276386415
high_cognitive_load,real,120,59.980630706215585,3.0918472303958318,11.095124089193229,0.27866720602136613
high_cognitive_load,real,121,60.48046929543405,1.5684422125327762,4.148318836124782,0.3780910471187315
high_cognitive_load,real,122,60.98030788465251,0.8775637438175774,0.5615090015649156,1.5628667418898414
high_cognitive_load,real,123,61.480146473870974,0.9356738185861433,9.684119366671949,0.09661940163669189
high_cognitive_load,real,124,61.97998506308944,1.481135402837543,6.844876661353927,0.2163859885452738
high_cognitive_load,real,125,62.4798236523079,1.0917207142097043,0.8969889387697892,1.217094957388201
high_cognitive_load,real,126,62.97966224152636,1.8900499055551023,2.374684533332988,0.7959162065633717
high_cognitive_load,real,127,63.479500830744826,1.9994717378713172,1.3256939606970986,1.508245339535168
high_cognitive_load,real,128,63.97933941996329,0.6618322939125207,3.006123586260139,0.2201613722527934
high_cognitive_load,real,129,64.47917800918175,1.3261107835948607,8.43086480935507,0.1572923790835051
high_cognitive_load,real,130,64.97901659840022,1.3302670606070937,5.396964494958522,0.24648430832734566
high_cognitive_load,real,131,65.47885518761868,0.6793158230059317,1.8691766051999041,0.36343051861238146
high_cognitive_load,real,132,65.97869377683715,0.808638622902169,6.156696217875742,0.13134294665283572
high_cognitive_load,real,133,66.4785323660556,1.2129507156987007,5.416679005792845,0.22392885278996885
high_cognitive_load,real,134,66.97837095527407,1.9715384882835627,1.3325930802679022,1.479475255782664
high_cognitive_load,real,135,67.47820954449253,0.6390535064485368,1.353847986133506,0.47202751933297055
high_cognitive_load,real,136,67.978048133711,1.096893655718681,0.5135683857914402,2.135827839223984
high_cognitive_load,real,137,68.47788672292945,1.3032425365400218,1.8461761377400663,0.7059145169839222
high_cognitive_load,real,138,68.97772531214792,0.2946089391895702,1.7198572855637677,0.1712984802067444
high_cognitive_load,real,139,69.47756390136638,1.5148233111300025,7.632963509629095,0.19845808370746576
high_cognitive_load,real,140,69.97740249058485,0.814433255614966,7.226814801711897,0.11269601864185617
high_cognitive_load,real,141,70.4772410798033,0.9497533615155401,6.09277350742232,0.15588194118139045
high_cognitive_load,real,142,70.97707966902178,0.8016440834615697,2.152196937147906,0.37247710449951177
high_cognitive_load,real,143,71.47691825824023,0.7175005446847595,2.7464133118038614,0.26125002438671574
high_cognitive_load,real,144,71.9767568474587,0.7602843990785719,0.9515259424738671,0.7990159439078588
high_cognitive_load,real,145,72.47659543667716,1.4177145844915808,2.9678691853802643,0.4776876930678915
high_cognitive_load,real,146,72.97643402589563,0.9463356684884904,1.002620529392329,0.9438622497207874
high_cognitive_load,real,147,73.47627261511408,3.1607734046174345,1.6035634259579472,1.9710934743533646
high_cognitive_load,real,148,73.97611120433255,2.243395028043751,4.0304325045271545,0.5566139677376741
high_cognitive_load,real,149,74.47594979355101,3.3735339610478046,1.1038298121063341,3.0562084155078293
high_cognitive_load,real,150,74.97578838276948,1.0824121493955556,0.9839808406735895,1.1000337655503378
high_cognitive_load,real,151,75.47562697198795,0.5399913725825065,1.048361093851975,0.5150814693040788
high_cognitive_load,real,152,75.9754655612064,0.8019334024626452,0.8823544943903793,0.908856256256396
high_cognitive_load,real,153,76.47530415042488,1.6774664417798784,1.968802367941101,0.8520237831357899
high_cognitive_load,real,154,76.97514273964333,2.731779824837609,2.089343776641975,1.3074822130172215
high_cognitive_load,real,155,77.4749813288618,2.3541503524532272,13.22079864005867,0.17806415607300863
high_cognitive_load,real,156,77.97481991808026,3.3247075771099963,1.4398355252081783,2.309088447188643
high_cognitive_load,real,157,78.47465850729873,2.845524042526713,3.9784550089053043,0.7152334351293006
high_cognitive_load,real,158,78.97449709651718,0.4072192906811293,7.105847427558294,0.057307632176540786
high_cognitive_load,real,159,79.47433568573565,0.3711841392582846,3.4096282693597955,0.10886352116266901
high_cognitive_load,real,160,79.97417427495411,1.9133369896991415,0.981946489623013,1.9485145167469422
high_cognitive_load,real,161,80.47401286417258,1.1163549469381617,1.9945643613818886,0.5596986332217029
high_cognitive_load,real,162,80.97385145339103,0.6608425422036677,4.870952980624191,0.13567007212600596
high_cognitive_load,real,163,81.4736900426095,3.5955251145200497,10.411128386047402,0.34535402707535867
high_cognitive_load,real,164,81.97352863182796,0.9903279411684239,2.1954972173189944,0.4510722825591878
high_cognitive_load,real,165,82.47336722104643,3.0140811543513584,1.4699647888505953,2.050444457726194
high_cognitive_load,real,166,82.97320581026489,0.9585342106170041,1.6445843367826352,0.5828428431297249
high_cognitive_load,real,167,83.47304439948336,1.2338941230576492,5.342159618873361,0.23097290442210192
high_cognitive_load,real,168,83.97288298870181,0.39848133204556774,1.3194864203796568,0.30199729674437453
high_cognitive_load,real,169,84.47272157792028,0.8545762137390844,1.529800384235989,0.5586194267861135
high_cognitive_load,real,170,84.97256016713874,0.4044342373197489,1.9267970114576853,0.20989976365687898
high_cognitive_load,real,171,85.47239875635721,1.3934521176959476,1.225873088697453,1.1367017765081662
high_cognitive_load,real,172,85.97223734557566,1.009708722340686,2.286976739998261,0.441503713037962
high_cognitive_load,real,173,86.47207593479413,0.7119500846836888,6.750235292958674,0.10547041010945801
high_cognitive_load,real,174,86.97191452401259,2.253397433952988,9.642427403841921,0.23369607460618744
high_cognitive_load,real,175,87.47175311323106,6.152284476361645,5.033011668323013,1.2223862930982576
high_cognitive_load,real,176,87.97159170244953,0.5800542757887563,1.716156130120671,0.3379962146847152
high_cognitive_load,real,177,88.47143029166799,0.8963010452531541,1.0437075740633501,0.8587664471607553
high_cognitive_load,real,178,88.97126888088646,0.26092723987598754,4.070617251593951,0.0641001655888465
high_cognitive_load,real,179,89.47110747010491,1.4490332925307556,3.1082032041962533,0.46619644770151364
high_cognitive_load,real,180,89.97094605932338,3.0725043625456716,3.598987884922673,0.85371344966661
high_cognitive_load,real,181,90.47078464854184,3.254767034828374,4.247268671216616,0.7663200251224176
high_cognitive_load,real,182,90.97062323776031,1.9046581768343667,2.4550865312886683,0.7758008333150753
high_cognitive_load,real,183,91.47046182697876,4.65725243372372,5.113807951343387,0.9107210278595365
high_cognitive_load,real,184,91.97030041619723,0.684507273424482,6.396156797022002,0.10701852614732381
high_cognitive_load,real,185,92.47013900541569,0.18780025589340751,2.544487288934486,0.07380671804104379
high_cognitive_load,real,186,92.96997759463416,2.0686172094366664,1.0450475144879623,1.9794479971087424
high_cognitive_load,real,187,93.46981618385261,0.6488809660109024,1.9760456706701564,0.3283734660802859
high_cognitive_load,real,188,93.96965477307108,0.5876765491463984,0.9593796024947296,0.6125589366484648
high_cognitive_load,real,189,94.46949336228954,1.904434596287492,2.531751269648816,0.7522202592009205
high_cognitive_load,real,190,94.96933195150801,1.450024107536307,1.0213171949016142,1.4197588318054226
high_cognitive_load,real,191,95.46917054072647,0.37340272426968746,1.8943567832412962,0.19711319830195093
high_cognitive_load,real,192,95.96900912994494,1.4050263676202972,9.333336658004537,0.15053848576385662
high_cognitive_load,real,193,96.46884771916339,4.49008260037418,0.8022002029010077,5.597209504730405
high_cognitive_load,real,194,96.96868630838186,0.316685053294379,1.922161304290229,0.16475467099849725
high_cognitive_load,real,195,97.46852489760032,3.9700275041030997,2.5105298712110224,1.581350435072915
high_cognitive_load,real,196,97.96836348681879,0.40115283436987814,1.8959187994690652,0.2115875608608435
high_cognitive_load,real,197,98.46820207603724,0.9703894066991942,1.8101228195876387,0.536090367017337
high_cognitive_load,real,198,98.96804066525571,0.3265709758797416,1.5005072581762793,0.21764038401030922
high_cognitive_load,real,199,99.46787925447417,2.4087670063842483,0.9349487962080425,2.5763624876075624
high_cognitive_load,real,200,99.96771784369264,1.9837708005454875,1.2648193305713884,1.5684222660079912
high_cognitive_load,real,201,100.46755643291111,0.5581556730220036,0.4374350869126463,1.275973715234838
high_cognitive_load,real,202,100.96739502212957,0.5792698071721144,1.2479089605687204,0.46419236136273817
high_cognitive_load,real,203,101.46723361134804,0.3867357846715225,1.4578916039410046,0.2652706028528389
high_cognitive_load,real,204,101.96707220056649,0.36705074872768895,2.5552797727614465,0.1436440551991
high_cognitive_load,real,205,102.46691078978496,0.791937310207462,1.392436811535827,0.5687420094373782
high_cognitive_load,real,206,102.96674937900342,2.2497624433482133,4.281691889639035,0.5254377244640734
high_cognitive_load,real,207,103.46658796822189,0.29890532210708703,0.6650112769479158,0.449474065280396
high_cognitive_load,real,208,103.96642655744034,0.9416500291063039,0.43711321857893587,2.154247433119565
high_cognitive_load,real,209,104.46626514665881,0.764979681833678,1.083702344988519,0.7058946447530132
high_cognitive_load,real,210,104.96610373587727,0.4423638216131063,0.4811786979001894,0.9193337600844199
high_cognitive_load,real,211,105.46594232509574,0.8314503041806949,2.4503172931807002,0.3393235261795049
high_cognitive_load,real,212,105.9657809143142,1.179757212064111,1.233064564600448,0.9567684012121375
high_cognitive_load,real,213,106.46561950353266,0.1550758878967378,0.8332870381069963,0.18610140420404045
high_cognitive_load,real,214,106.96545809275112,0.8752562901329412,2.2190637115412986,0.3944259399046335
high_cognitive_load,real,215,107.46529668196959,2.03248408367448,1.5179793329250955,1.3389405505000855
high_cognitive_load,real,216,107.96513527118805,0.5400588542346089,1.2835718287395061,0.4207468893774007
high_cognitive_load,real,217,108.46497386040652,0.6359887275242712,1.9189623495559016,0.33142324427128844
high_cognitive_load,real,218,108.96481244962497,1.9209696362826452,1.6720169095450605,1.148893665677892
high_cognitive_load,real,219,109.46465103884344,0.5563828001293187,9.570737683274107,0.05813374251199649
high_cognitive_load,real,220,109.9644896280619,0.2808309652044066,2.8666371797471473,0.09796529787183511
high_cognitive_load,real,221,110.46432821728037,1.575686563491555,2.8512894403309885,0.5526224525661075
high_cognitive_load,real,222,110.96416680649882,0.6213743955551858,1.3717276259979074,0.452986718192795
high_cognitive_load,real,223,111.4640053957173,2.649715991363872,3.103694496920192,0.8537296418810535
high_cognitive_load,real,224,111.96384398493576,2.2561251525171016,9.37215999112834,0.24072627384218187
high_cognitive_load,real,225,112.46368257415422,3.6124323274964043,1.4551472133131578,2.482520183831726
high_cognitive_load,real,226,112.96352116337269,2.8206517242932714,3.2416608076050184,0.8701254979163615
high_cognitive_load,real,227,113.46335975259115,0.23715511006352796,0.5781467676654439,0.41019879955596755
high_cognitive_load,real,228,113.96319834180962,1.1915414411927265,7.424858610972606,0.16048001768435596
high_cognitive_load,real,229,114.46303693102807,0.9281808887366059,4.9341148543602955,0.188114974242314
high_cognitive_load,real,230,114.96287552024654,2.049105935691601,0.47699366184230263,4.295876653323434
high_cognitive_load,real,231,115.462714109465,0.2982827007632158,2.252983924570007,0.13239450912644415
high_cognitive_load,real,232,115.96255269868347,0.11972177700556427,1.8608169395370715,0.0643382884483781
high_cognitive_load,real,233,116.46239128790192,2.6848877518498053,2.7385831426074345,0.980393003256967
high_cognitive_load,real,234,116.9622298771204,1.9122888160151974,1.46960013524606,1.301230702251546
high_cognitive_load,real,235,117.46206846633885,1.6655378651797903,5.0855771262541865,0.3275022330467639
high_cognitive_load,real,236,117.96190705555732,1.0788739060739712,0.4970200206635511,2.170685005070039
high_cognitive_load,real,237,118.46174564477577,0.9042618794471887,5.741241503418555,0.15750284653741817
high_cognitive_load,real,238,118.96158423399424,0.13678374007859917,2.6923508400597322,0.05080457496229002
high_cognitive_load,real,239,119.4614228232127,1.9093167761571008,4.731469885990439,0.4035356500546391
high_cognitive_load,real,240,119.96126141243117,2.2913844298667287,0.222821071792651,10.283517673763843
high_cognitive_load,real,241,120.46110000164963,4.213860117495501,3.589338163682662,1.1739936237080764
high_cognitive_load,real,242,120.9609385908681,4.815005071007123,2.0950661109940034,2.298259250980221
high_cognitive_load,real,243,121.46077718008655,0.49416141206214476,4.826092114478419,0.10239369666808595
high_cognitive_load,real,244,121.96061576930502,1.2098359210989544,4.329054222502832,0.2794688767837818
high_cognitive_load,real,245,122.46045435852348,0.2278237502414145,2.701498317901619,0.08433236797954992
high_cognitive_load,real,246,122.96029294774195,1.0641418614900995,1.1533434904033193,0.9226582283114751
high_cognitive_load,real,247,123.4601315369604,1.2222447969366046,0.49504401063020576,2.468961891652119
high_cognitive_load,real,248,123.95997012617887,0.0704278190256732,3.9974116630324366,0.01761835531651165
high_cognitive_load,real,249,124.45980871539734,0.5536051033192788,5.447999021761557,0.101616226638065
high_cognitive_load,real,250,124.9596473046158,4.076363118351642,12.762799539381358,0.31939411927402506
high_cognitive_load,real,251,125.45948589383427,0.5588084449353483,1.499275086030575,0.3727190894733193
high_cognitive_load,real,252,125.95932448305273,0.10398648436996762,0.7305222065330503,0.142345411871149
high_cognitive_load,real,253,126.4591630722712,0.3689749651359143,3.0645405142411657,0.12040139897686392
high_cognitive_load,real,254,126.95900166148965,4.014877579927739,8.708210219398822,0.46104509178981545
high_cognitive_load,real,255,127.45884025070812,2.438607396545842,5.752196349436722,0.4239436987898788
high_cognitive_load,real,256,127.95867883992658,2.507735342450119,9.069488067289345,0.27650241379055274
high_cognitive_load,real,257,128.45851742914505,0.8049750522938683,1.8181030853096458,0.44275545143622647
high_cognitive_load,real,258,128.9583560183635,0.596713978739545,5.545300488960881,0.10760714950027202
high_cognitive_load,real,259,129.45819460758196,1.5966445199928216,7.30752937454935,0.2184930690191424
high_cognitive_load,real,260,129.95803319680044,0.64966860344184,2.0386633221713133,0.31867380767408876
high_cognitive_load,real,261,130.4578717860189,0.2748034791386169,0.21380591637879165,1.2852940825629833
high_cognitive_load,real,262,130.95771037523735,0.6364502189885048,0.8656959088666458,0.7351891264240056
high_cognitive_load,real,263,131.4575489644558,0.4934502268741694,1.3222981845543909,0.3731762114159297
high_cognitive_load,real,264,131.9573875536743,1.0264754171374224,1.902433750869007,0.5395590867059322
high_cognitive_load,real,265,132.45722614289275,0.3869390120474894,0.5746102370992426,0.6733938712975975
high_cognitive_load,real,266,132.9570647321112,1.1778058472506587,2.2157311863136497,0.5315653155607719
high_cognitive_load,real,267,133.45690332132966,1.8648944544982502,3.9054103866092515,0.47751561804939674
high_cognitive_load,real,268,133.95674191054815,0.9402253675999619,2.9544464674993307,0.31824078653751237
high_cognitive_load,real,269,134.4565804997666,0.8086643679211298,1.33962492270569,0.6036498382605786
high_cognitive_load,real,270,134.95641908898506,0.46157646508787104,1.0629348204418834,0.43424719579323257
high_cognitive_load,real,271,135.4562576782035,1.3829890093714479,0.6125707579409425,2.2576804253930463
high_cognitive_load,real,272,135.956096267422,0.7347986569434635,0.6032230969410005,1.2181208920376136
high_cognitive_load,real,273,136.45593485664045,2.3501911791290735,2.198339063294857,1.0690758392868756
high_cognitive_load,real,274,136.9557734458589,0.8236413641404684,2.2198258329341147,0.3710387328233757
high_cognitive_load,real,275,137.4556120350774,0.16256691522913952,0.9352910773807319,0.1738142479498528
high_cognitive_load,real,276,137.95545062429585,0.32042692062278527,0.6600014273980055,0.4854942842866852
high_cognitive_load,real,277,138.4552892135143,0.5270880451286868,3.5196663551390155,0.14975511652094323
high_cognitive_load,real,278,138.95512780273276,0.5361436665113575,5.139757027026599,0.10431303730743123
high_cognitive_load,real,279,139.45496639195125,1.7053624994737002,1.2760687587820987,1.3364189725178497
high_cognitive_load,real,280,139.9548049811697,1.5516030259382134,1.689459221472676,0.9184021763992057
high_cognitive_load,real,281,140.45464357038816,1.035125136712904,1.591401362993059,0.6504488187480701
high_cognitive_load,real,282,140.9544821596066,2.2373347155077026,2.9086437675238197,0.7692020385887219
high_cognitive_load,real,283,141.4543207488251,0.9759476263642644,7.885891082371929,0.12375869970432277
high_cognitive_load,real,284,141.95415933804355,4.332122901299122,5.0425826617075415,0.8591079595375753
high_cognitive_load,real,285,142.453997927262,3.198148744054404,3.796952048121936,0.8422936880744347
high_cognitive_load,real,286,142.95383651648046,1.7999369905181886,5.101391411691865,0.35283255983709033
high_cognitive_load,real,287,143.45367510569895,8.756406779937654,7.437264123907592,1.177369343625916
high_cognitive_load,real,288,143.9535136949174,0.9909828988471098,1.7945585823703016,0.5522154075004856
high_cognitive_load,real,289,144.45335228413586,4.471465655574978,4.324000294211425,1.0341039202890356
high_cognitive_load,real,290,144.95319087335432,3.859970474318482,1.1089549958396705,3.4807277922002755
high_cognitive_load,real,291,145.4530294625728,4.749727164931603,3.9143358584553685,1.2134184026829744
high_cognitive_load,real,292,145.95286805179126,1.0377310231607588,0.7978388395543168,1.300677494894143
high_cognitive_load,real,293,146.4527066410097,1.896944562236273,1.380007497949786,1.3745900403109959
high_cognitive_load,real,294,146.95254523022817,0.46006767306390267,3.3600448033532793,0.1369230769199153
high_cognitive_load,real,295,147.45238381944665,2.207019496839972,3.910809604873199,0.5643382623612869
high_cognitive_load,real,296,147.9522224086651,3.4487200979974624,5.475277290533819,0.6298713133597704
high_cognitive_load,real,297,148.45206099788356,1.0344585654915797,3.8178640429503954,0.27095217479042644
high_cognitive_load,real,298,148.95189958710202,0.36122038242254206,12.139406302202293,0.02975601717499237
high_cognitive_load,real,299,149.4517381763205,0.5109007085069384,1.5093715523801108,0.33848571460175253
high_cognitive_load,real,300,149.95157676553896,0.7978956332087457,0.6568607093666929,1.2147105494832084
high_cognitive_load,real,301,150.45141535475742,1.8344260473355696,0.9640954680607943,1.902743149519601
high_cognitive_load,real,302,150.9512539439759,0.6851417969867031,4.65579883919133,0.1471588057498004
high_cognitive_load,real,303,151.45109253319436,0.1982154192559784,2.077276617803272,0.09542081086224904
high_cognitive_load,real,304,151.9509311224128,1.1641470444710451,5.400131941373097,0.21557751868096695
high_cognitive_load,real,305,152.45076971163127,0.24420879733914305,6.531982002537639,0.03738663046595494
high_cognitive_load,real,306,152.95060830084975,1.257558058939052,3.79984346710526,0.3309499640776166
high_cognitive_load,real,307,153.4504468900682,3.2499789206520484,2.931614358585425,1.108597012814551
high_cognitive_load,real,308,153.95028547928666,0.3447145945238579,1.86608564805812,0.18472603059917087
high_cognitive_load,real,309,154.45012406850512,0.11681198194208231,2.219441502366474,0.05263125061756835
high_cognitive_load,real,310,154.9499626577236,0.9498246142398494,2.0710462974944095,0.45862065729238644
high_cognitive_load,real,311,155.44980124694206,0.4946801783219258,3.881982494709142,0.1274297807875586
high_cognitive_load,real,312,155.94963983616051,1.087910759019612,2.5714317157559243,0.42307588895075854
high_cognitive_load,real,313,156.44947842537897,0.21069832384922138,0.5065291375496592,0.4159648640717433
high_cognitive_load,real,314,156.94931701459745,0.4746006519267674,1.4804309552495623,0.3205827669597479
high_cognitive_load,real,315,157.4491556038159,0.2958351102942975,0.8166776215120657,0.3622422146777617
high_cognitive_load,real,316,157.94899419303437,0.49788588487725377,0.4578743332978317,1.087385443274882
high_cognitive_load,real,317,158.44883278225282,1.6573025781451762,5.828217407290089,0.2843584002326643
high_cognitive_load,real,318,158.9486713714713,1.0801066245874478,7.863095587017464,0.1373640460852061
high_cognitive_load,real,319,159.44850996068976,8.18068553678103,10.751590611782838,0.7608814204491462
high_cognitive_load,real,320,159.94834854990822,0.8326497980252034,3.907458331216716,0.21309243181767482
high_cognitive_load,real,321,160.44818713912667,1.6951213356334223,7.421518455670384,0.22840626830729915
high_cognitive_load,real,322,160.94802572834516,0.6259271325019589,2.8218022526696953,0.22181821277864947
high_cognitive_load,real,323,161.4478643175636,1.6910113709802204,3.6070553020158407,0.46880661076506946
high_cognitive_load,real,324,161.94770290678207,0.7113087647774899,3.2417528301979113,0.21942103609856772
high_cognitive_load,real,325,162.44754149600055,0.5678847887985802,4.6858675067137145,0.12119096154232673
high_cognitive_load,real,326,162.947380085219,0.7971165017111944,2.200956227664774,0.36216826654337386
high_cognitive_load,real,327,163.44721867443747,0.46634865766316824,8.6499415342225,0.053913504018277277
high_cognitive_load,real,328,163.94705726365592,0.4874339159716734,17.34095383803779,0.028108829567522153
high_cognitive_load,real,329,164.4468958528744,1.2891939183542063,0.7743078002323102,1.6649631037778754
high_cognitive_load,real,330,164.94673444209286,0.4125412930122052,5.174701282940446,0.0797227260967197
high_cognitive_load,real,331,165.44657303131132,1.4433961124196362,3.3580209260018097,0.42983535368798303
high_cognitive_load,real,332,165.94641162052977,0.6469025562534073,2.4578057887089075,0.26320328450085845
high_cognitive_load,real,333,166.44625020974826,1.0929480358822936,5.627189598894569,0.19422626813516242
high_cognitive_load,real,334,166.9460887989667,0.9164529974745916,7.7040855031929265,0.1189567531532161
high_cognitive_load,real,335,167.44592738818517,1.249132197051714,1.6153826398411977,0.7732732581393295
high_cognitive_load,real,336,167.94576597740362,0.8661401171894292,2.473609337735459,0.35015234781671856
high_cognitive_load,real,337,168.4456045666221,0.1172608408598354,2.058998369326762,0.056950429202222534
high_cognitive_load,real,338,168.94544315584056,0.8538357726716549,2.118498822399568,0.4030381153124916
high_cognitive_load,real,339,169.44528174505902,0.3100972944516071,3.4098799975668554,0.09094082333480336
high_cognitive_load,real,340,169.94512033427748,0.5022903532612224,0.5384332971001191,0.9328738693658908
high_cognitive_load,real,341,170.44495892349596,0.13666408254799647,4.039533301490942,0.0338316514181367
high_cognitive_load,real,342,170.94479751271442,0.6200496954730419,2.489316570707887,0.2490843080262461
high_cognitive_load,real,343,171.44463610193287,4.946971010643717,7.80419859247268,0.6338858438860305
high_cognitive_load,real,344,171.94447469115133,1.13551897107631,1.383498220040192,0.8207592569532342
high_cognitive_load,real,345,172.4443132803698,0.39001451022060935,9.686394332765259,0.04026415783026134
high_cognitive_load,real,346,172.94415186958827,1.805644884715316,2.4308579576443003,0.7428014783986527
high_cognitive_load,real,347,173.44399045880672,0.9657971964793338,4.72663452520289,0.20433083863996807
high_cognitive_load,real,348,173.94382904802518,0.5679705074331944,3.344894258011302,0.16980223098917327
high_cognitive_load,real,349,174.44366763724366,0.11973935636124095,2.0097354584666443,0.05957966052536972
high_cognitive_load,real,350,174.94350622646212,3.1228679295949204,5.056624407923218,0.6175795704149398
high_cognitive_load,real,351,175.44334481568058,0.42515897413960363,6.529507960923176,0.06511347817998409
high_cognitive_load,real,352,175.94318340489906,0.607859218650811,1.8967803638514495,0.3204689537256391
high_cognitive_load,real,353,176.44302199411752,1.991690078042443,2.136147958097105,0.9323745906705142
high_cognitive_load,real,354,176.94286058333597,1.9243979519238956,14.459140912704578,0.1330921362162683
high_cognitive_load,real,355,177.44269917255443,0.6430535354861209,3.5041084620389458,0.18351416414546295
high_cognitive_load,real,356,177.9425377617729,0.5512185617317649,1.302442759636087,0.4232190302825897
high_cognitive_load,real,357,178.44237635099137,0.7446621424435536,1.5089128395883302,0.49350905029525516
high_cognitive_load,real,358,178.94221494020982,0.15819353749049248,1.314719371529554,0.12032494608065976
high_cognitive_load,real,359,179.44205352942828,0.8794567040551912,5.537754002015339,0.15881108184566037
high_cognitive_load,step4,0,0.0,0.865077351628917,2.05380582762972,0.4212069807140899
high_cognitive_load,step4,1,0.5,2.0512618416117023,1.1824787905709866,1.7347134324677436
high_cognitive_load,step4,2,1.0,0.9999384748017025,2.983816271577326,0.33512065884442277
high_cognitive_load,step4,3,1.5,0.6263725280255421,3.773858214681853,0.165976698750551
high_cognitive_load,step4,4,2.0,2.4430220699119793,1.382200225616663,1.7674878245820247
high_cognitive_load,step4,5,2.5,0.7741592605536074,2.5210511391458024,0.3070779678098528
high_cognitive_load,step4,6,3.0,0.47608572328470533,1.5495579250069489,0.3072397072749445
high_cognitive_load,step4,7,3.5,0.739028216683832,1.4222397716303072,0.5196228030078832
high_cognitive_load,step4,8,4.0,0.25643634416430855,2.2967264524576176,0.11165297630020686
high_cognitive_load,step4,9,4.5,2.2737709031925357,2.5175605072119556,0.9031643516328424
high_cognitive_load,step4,10,5.0,1.203036773626104,1.3317240295496406,0.9033679252847485
high_cognitive_load,step4,11,5.5,0.7218624858897973,1.8997686872934014,0.3799738835143315
high_cognitive_load,step4,12,6.0,1.1701582912374122,1.7809472936307404,0.6570426286180884
high_cognitive_load,step4,13,6.5,0.8012173616532683,0.9646537947722569,0.8305750373815987
high_cognitive_load,step4,14,7.0,0.45434232713336015,0.9519164958556033,0.47729220904506686
high_cognitive_load,step4,15,7.5,2.5265691187624473,1.2947027221406338,1.9514665996724498
high_cognitive_load,step4,16,8.0,2.494236539892129,4.949200377767855,0.5039675805199583
high_cognitive_load,step4,17,8.5,2.086188294515045,3.456654067439815,0.6035282252181483
high_cognitive_load,step4,18,9.0,1.0122591215552206,6.518035310219542,0.15530126385908233
high_cognitive_load,step4,19,9.5,0.8929799233317253,1.5805403121536454,0.5649839592607101
high_cognitive_load,step4,20,10.0,1.4260905041459924,4.878150908607726,0.2923424327914064
high_cognitive_load,step4,21,10.5,0.26108498959701,1.8170791687153627,0.14368388240430474
high_cognitive_load,step4,22,11.0,1.920665787394861,2.3001183306109407,0.8350291208212351
high_cognitive_load,step4,23,11.5,1.8295459642115597,1.2787522937493279,1.4307274154303125
high_cognitive_load,step4,24,12.0,0.3934070140163774,1.1697251086090183,0.3363243304952207
high_cognitive_load,step4,25,12.5,0.20782919589305268,1.269179238034877,0.163750863286137
high_cognitive_load,step4,26,13.0,1.9706993636103005,3.0749912466799496,0.6408796661577666
high_cognitive_load,step4,27,13.5,0.8819825596922765,0.41623853502330976,2.118935383152078
high_cognitive_load,step4,28,14.0,0.9045920036827091,1.6800606075760784,0.5384281969373812
high_cognitive_load,step4,29,14.5,1.069917094372407,0.9847521704034763,1.086483611337497
high_cognitive_load,step4,30,15.0,0.977101061724609,3.6032186419559604,0.2711745133495986
high_cognitive_load,step4,31,15.5,1.3376136387166926,0.7666094411395958,1.7448436804121221
high_cognitive_load,step4,32,16.0,2.823214120047232,2.565109284544193,1.1006213797822273
high_cognitive_load,step4,33,16.5,1.289125239272717,1.485657525096975,0.8677135998678905
high_cognitive_load,step4,34,17.0,1.9278285203867846,5.300810285102177,0.36368562855473413
high_cognitive_load,step4,35,17.5,1.051219374059355,1.4590217794327156,0.7204960123817213
high_cognitive_load,step4,36,18.0,1.6024638974692813,1.3785067183448314,1.1624636109088786
high_cognitive_load,step4,37,18.5,0.2658602765700321,1.470595890936735,0.18078404693534494
high_cognitive_load,step4,38,19.0,0.19034324528881386,4.700444268742662,0.04049473505186977
high_cognitive_load,step4,39,19.5,1.8339378937062696,0.49964856020609727,3.6704556757849933
high_cognitive_load,step4,40,20.0,5.225720676277205,2.4795111636281484,2.1075608583389727
high_cognitive_load,step4,41,20.5,2.140901384431684,1.0516760421314777,2.035704246045794
high_cognitive_load,step4,42,21.0,1.3838862811450134,1.7113615401690612,0.8086463606096365
high_cognitive_load,step4,43,21.5,1.8908852143914063,1.5199166908277215,1.2440716164263328
high_cognitive_load,step4,44,22.0,1.0856156120676725,1.0451718494857778,1.0386958016538552
high_cognitive_load,step4,45,22.5,0.5209615766116826,2.0533508615559874,0.2537128877316703
high_cognitive_load,step4,46,23.0,1.005092372806524,0.7700845390853434,1.3051714737713183
high_cognitive_load,step4,47,23.5,2.4145310877455874,2.2458465418126634,1.0751095601557779
high_cognitive_load,step4,48,24.0,0.3245104939105693,0.8756380006716453,0.37059891606081313
high_cognitive_load,step4,49,24.5,0.5006085992848976,1.3420371359436538,0.37302142085129003
high_cognitive_load,step4,50,25.0,0.9238360496147968,2.748592833339729,0.3361123693582045
high_cognitive_load,step4,51,25.5,0.7445716505160331,2.3774938154070653,0.3131750104630874
high_cognitive_load,step4,52,26.0,0.5199852591683849,2.1803248876719263,0.23848980585806492
high_cognitive_load,step4,53,26.5,3.1139655470695162,0.9745383355509594,3.1953238097186016
high_cognitive_load,step4,54,27.0,2.86608202140898,1.706522092483078,1.6794872061917947
high_cognitive_load,step4,55,27.5,0.7595573903105763,2.3058302386068488,0.329407333459852
high_cognitive_load,step4,56,28.0,1.8547857917747166,21.526142953169025,0.08616433495818905
high_cognitive_load,step4,57,28.5,7.875570653016892,2.632227532900727,2.991979437407516
high_cognitive_load,step4,58,29.0,0.2699606457262598,1.107444034270117,0.24376910920305123
high_cognitive_load,step4,59,29.5,0.1731825990088629,0.7306955177201158,0.23701062181032626
high_cognitive_load,step4,60,30.0,2.6216448320084726,2.9104646660597444,0.9007650436649063
high_cognitive_load,step4,61,30.5,1.475494338243149,1.1900375485158563,1.2398720864592023
high_cognitive_load,step4,62,31.0,1.0901718368848257,2.3770466859269126,0.45862449540393474
high_cognitive_load,step4,63,31.5,1.4163242470513038,1.134926209134079,1.2479439065310902
high_cognitive_load,step4,64,32.0,1.400435569177592,5.1966595707987535,0.26948764876709785
high_cognitive_load,step4,65,32.5,2.4565730481511787,2.286207476354464,1.0745188586594843
high_cognitive_load,step4,66,33.0,0.553820549312374,1.6271847267242276,0.34035505632313773
high_cognitive_load,step4,67,33.5,0.42925332221327567,0.660556951309224,0.6498354477422356
high_cognitive_load,step4,68,34.0,2.4902082586363017,1.473248549570482,1.690283869183044
high_cognitive_load,step4,69,34.5,1.1203456492542543,0.5153639927707997,2.1738919772621967
high_cognitive_load,step4,70,35.0,6.161127967002212,2.0435458595352234,3.0149203347966345
