timestamp,phase_label,channel_0,channel_1,channel_2,channel_3,channel_4,channel_5,channel_6,channel_7
8173.1836797,baseline_start,-113884.7734375,-173132.1875,-105380.46875,-6663.54638671875,-375000.03125,-375000.03125,-124325.625,-98368.6796875
8173.2678214,baseline_start,-114045.6171875,-173121.265625,-104685.015625,-6109.357421875,-375000.03125,-375000.03125,-124326.75,-98431.046875
8173.350499699999,baseline_start,-114250.3125,-173146.578125,-103966.3671875,-5229.05615234375,-375000.03125,-375000.03125,-124372.7890625,-98370.3359375
8173.4327679,baseline_start,-114238.640625,-173246.53125,-104211.25,-5296.87158203125,-375000.03125,-375000.03125,-124337.203125,-98240.203125
8173.5118844,baseline_start,-113969.484375,-173167.546875,-104861.7265625,-6015.2119140625,-375000.03125,-375000.03125,-124207.96875,-98198.2265625
8173.6125961,baseline_start,-113841.546875,-173106.828125,-105046.4921875,-6386.87646484375,-375000.03125,-375000.03125,-124130.5,-98205.46875
8173.672951999999,baseline_start,-114056.4765625,-173201.15625,-104652.1640625,-6089.5537109375,-375000.03125,-375000.03125,-124242.5234375,-98356.5234375
8173.7520865999995,baseline_start,-114240.96875,-173240.3125,-103922.6015625,-5241.2158203125,-375000.03125,-375000.03125,-124310.609375,-98307.84375
8173.8265037,baseline_start,-113968.7265625,-173255.46875,-104950.015625,-6204.2626953125,-375000.03125,-375000.03125,-124232.78125,-98220.0859375
8173.9080846,baseline_start,-114005.9609375,-173333.34375,-105142.78125,-6594.61376953125,-375000.03125,-375000.03125,-124301.7578125,-98358.7109375
8173.994958099999,baseline_start,-114306.90625,-173463.34375,-104642.1484375,-6134.525390625,-375000.03125,-375000.03125,-124371.453125,-98455.8125
8174.075319699999,baseline_start,-114615.09375,-173715.0625,-104162.75,-5440.50390625,-375000.03125,-375000.03125,-124494.0234375,-98443.828125
8174.1577873,baseline_start,-114443.5625,-173597.40625,-104214.515625,-5368.888671875,-375000.03125,-375000.03125,-124457.234375,-98349.0546875
8174.2351534,baseline_start,-114119.78125,-173566.25,-104881.625,-6024.3759765625,-375000.03125,-375000.03125,-124365.015625,-98274.625
8174.323089199999,baseline_start,-113972.3046875,-173530.75,-105318.6875,-6618.9326171875,-375000.03125,-375000.03125,-124295.40625,-98258.7578125
8174.4113406999995,baseline_start,-114072.6171875,-173511.265625,-105001.1640625,-6432.33984375,-375000.03125,-375000.03125,-124312.21875,-98400.9609375
8174.500288899999,baseline_start,-114353.84375,-173548.640625,-104054.25,-5419.35888671875,-375000.03125,-375000.03125,-124399.75,-98446.1953125
8174.591126,baseline_start,-114012.53125,-173432.71875,-104896.8203125,-5988.30029296875,-375000.03125,-375000.03125,-124253.34375,-98183.2109375
8174.6796942,baseline_start,-113983.7421875,-173460.796875,-105125.8359375,-6476.06005859375,-375000.03125,-375000.03125,-124318.5234375,-98366.9375
8174.775145199999,baseline_start,-114177.578125,-173493.703125,-104717.0234375,-6104.43994140625,-375000.03125,-375000.03125,-124343.0625,-98440.7890625
8174.862400499999,baseline_start,-114376.015625,-173493.515625,-103962.0703125,-5151.80859375,-375000.03125,-375000.03125,-124396.8828125,-98401.046875
8174.950274999999,baseline_start,-114455.59375,-173503.71875,-103599.75,-4959.00244140625,-375000.03125,-375000.03125,-124436.1796875,-98404.53125
8175.0282141,baseline_start,-113968.234375,-173372.421875,-104910.6796875,-6286.0703125,-375000.03125,-375000.03125,-124222.09375,-98305.875
8175.049680499999,baseline_start,-114376.1953125,-173289.9375,-103436.5390625,-5512.4765625,-375000.03125,-375000.03125,-124329.7890625,-98550.359375
8175.091724299999,baseline_start,-114119.953125,-174999.21875,-104450.4609375,-4943.7138671875,-375000.03125,-375000.03125,-124252.4453125,-98148.1171875
8175.149054899999,baseline_start,-114077.84375,-176052.921875,-105205.8984375,-4725.56103515625,-375000.03125,-375000.03125,-124144.671875,-97900.28125
8175.230989999999,baseline_start,-113867.203125,-176322.71875,-105875.15625,-5525.75341796875,-375000.03125,-375000.03125,-124097.328125,-97898.5390625
8175.3045796999995,baseline_start,-114119.2421875,-176480.109375,-105622.8046875,-5372.15234375,-375000.03125,-375000.03125,-124282.3984375,-98200.0625
8175.3834404,baseline_start,-114747.1015625,-176939.171875,-104220.1875,-4332.93017578125,-375000.03125,-375000.03125,-124524.3359375,-98477.359375
8175.4722598,baseline_start,-114984.4765625,-177217.859375,-104624.4453125,-4960.83544921875,-375000.03125,-375000.03125,-124699.53125,-98677.3125
8175.546650699999,baseline_start,-114764.1328125,-177444.40625,-107156.71875,-6735.38525390625,-375000.03125,-375000.03125,-124840.390625,-98637.9296875
8175.628491699999,baseline_start,-114794.484375,-177824.65625,-107098.46875,-6685.2724609375,-375000.03125,-375000.03125,-124868.953125,-98792.4296875
8175.6979423,baseline_start,-115420.6484375,-178045.234375,-104887.34375,-4949.525390625,-375000.03125,-375000.03125,-125174.859375,-99006.2890625
8175.7916636,baseline_start,-116041.3125,-177763.90625,-104480.5859375,-5412.6982421875,-375000.03125,-375000.03125,-125507.5859375,-99539.8671875
8175.8623657,baseline_start,-116530.1875,-177815.234375,-104549.5234375,-6328.046875,-375000.03125,-375000.03125,-125889.1328125,-100156.78125
8175.9366021999995,baseline_start,-116602.203125,-178533.703125,-105927.640625,-7580.28076171875,-375000.03125,-375000.03125,-126280.3359375,-100521.9140625
8176.06518,baseline_start,-115967.953125,-178066.109375,-106632.2109375,-7182.55419921875,-375000.03125,-375000.03125,-125957.3046875,-99898.9296875
8176.1145102,baseline_start,-114981.078125,-176968.71875,-105807.703125,-5389.9443359375,-375000.03125,-375000.03125,-125003.6015625,-98621.796875
8176.1954011,baseline_start,-113986.609375,-176021.90625,-106459.703125,-4995.43603515625,-375000.03125,-375000.03125,-124232.109375,-97619.5390625
8176.2776668999995,baseline_start,-114064.390625,-175936.34375,-106681.4765625,-5583.86767578125,-375000.03125,-375000.03125,-124238.28125,-97803.1875
8176.359480499999,baseline_start,-114201.71875,-175874.609375,-107396.7734375,-6611.9140625,-375000.03125,-375000.03125,-124511.1484375,-98210.390625
8176.4425519,baseline_start,-114652.4609375,-175700.625,-105595.0,-4881.21826171875,-375000.03125,-375000.03125,-124640.0703125,-98154.5546875
8176.5274436,baseline_start,-114877.546875,-175697.09375,-105039.515625,-4899.14453125,-375000.03125,-375000.03125,-124566.984375,-98273.5546875
8176.612227799999,baseline_start,-114924.3515625,-175661.328125,-104770.4453125,-5343.45263671875,-375000.03125,-375000.03125,-124422.4140625,-98484.78125
8176.705320799999,baseline_start,-115262.0390625,-175729.453125,-103611.90625,-5074.8291015625,-375000.03125,-375000.03125,-124252.625,-98803.2890625
8176.791635299999,baseline_start,-115128.6015625,-175564.28125,-104175.3046875,-5287.84130859375,-375000.03125,-375000.03125,-124390.984375,-98656.390625
8176.8765738,baseline_start,-114816.9296875,-175397.265625,-106373.15625,-5773.41064453125,-375000.03125,-375000.03125,-124742.0,-98336.359375
8176.96487,baseline_start,-114612.453125,-175382.0625,-108271.3125,-7395.25341796875,-375000.03125,-375000.03125,-125182.3671875,-98569.265625
8177.041298099999,baseline_start,-114680.1328125,-175315.234375,-107446.84375,-7178.6201171875,-375000.03125,-375000.03125,-125014.6015625,-98664.53125
8177.066478,baseline_start,-115176.8828125,-175480.671875,-105834.8828125,-6094.47119140625,-375000.03125,-375000.03125,-124953.4921875,-98708.6953125
8177.1334670999995,baseline_start,-115097.3125,-175231.234375,-104699.1015625,-4801.46728515625,-375000.03125,-375000.03125,-124835.4296875,-98411.9140625
8177.1867326,baseline_start,-114882.109375,-175101.90625,-105187.5703125,-5220.11572265625,-375000.03125,-375000.03125,-124694.7421875,-98348.8828125
8177.254523199999,baseline_start,-114660.5078125,-175032.21875,-106008.7734375,-6117.359375,-375000.03125,-375000.03125,-124551.109375,-98347.2265625
8177.345233699999,baseline_start,-114666.4140625,-174996.0,-105881.90625,-6333.634765625,-375000.03125,-375000.03125,-124466.3125,-98436.3671875
8177.410829099999,baseline_start,-114878.9296875,-174906.8125,-104726.859375,-5479.8427734375,-375000.03125,-375000.03125,-124540.4296875,-98464.078125
8177.4915636999995,baseline_start,-114840.0390625,-174778.4375,-104517.46875,-4792.92919921875,-375000.03125,-375000.03125,-124506.1875,-98207.6640625
8177.5445251,baseline_start,-114595.15625,-174739.1875,-105484.8515625,-5816.95166015625,-375000.03125,-375000.03125,-124463.5390625,-98207.171875
8177.6200923999995,baseline_start,-114592.875,-174729.25,-105693.125,-6250.79931640625,-375000.03125,-375000.03125,-124470.828125,-98416.0234375
8177.693224999999,baseline_start,-114739.140625,-174670.109375,-104863.828125,-5593.30029296875,-375000.03125,-375000.03125,-124543.109375,-98493.453125
8177.795766499999,baseline_start,-114938.078125,-174601.71875,-103836.90625,-4489.9736328125,-375000.03125,-375000.03125,-124649.8203125,-98353.21875
8177.8623332,baseline_start,-114811.8359375,-174548.828125,-104335.75,-4686.35595703125,-375000.03125,-375000.03125,-124556.5234375,-98192.4609375
8177.9348897,baseline_start,-114629.7109375,-174566.453125,-105314.9765625,-5696.65478515625,-375000.03125,-375000.03125,-124501.265625,-98242.21875
8178.017670699999,baseline_start,-114610.3984375,-174600.6875,-105662.234375,-6242.439453125,-375000.03125,-375000.03125,-124528.5859375,-98424.5625
8178.116957299999,baseline_start,-114844.5546875,-174646.828125,-104850.8671875,-5636.08154296875,-375000.03125,-375000.03125,-124553.4375,-98510.3046875
8178.2003106,baseline_start,-115012.0625,-174573.875,-103711.9140625,-4376.96337890625,-375000.03125,-375000.03125,-124559.203125,-98332.6484375
8178.2605617,baseline_start,-114876.609375,-174523.390625,-104070.4375,-4484.921875,-375000.03125,-375000.03125,-124447.7578125,-98146.7265625
8178.348630199999,baseline_start,-114757.828125,-174626.0,-105156.640625,-5559.10205078125,-375000.03125,-375000.03125,-124403.9921875,-98199.3046875
8178.426131099999,baseline_start,-114803.828125,-174795.234375,-105635.90625,-6329.56689453125,-375000.03125,-375000.03125,-124564.65625,-98448.5234375
8178.510640199999,baseline_start,-114811.296875,-174657.375,-104922.5234375,-5797.7294921875,-375000.03125,-375000.03125,-124588.21875,-98464.75
8178.6138513999995,baseline_start,-114804.3671875,-174511.109375,-104387.0234375,-4841.0302734375,-375000.03125,-375000.03125,-124553.703125,-98180.34375
8178.6889953,baseline_start,-114673.7421875,-174575.796875,-105412.2109375,-5959.1982421875,-375000.03125,-375000.03125,-124656.8359375,-98348.390625
8178.775677799999,baseline_start,-114682.8203125,-174610.65625,-105664.203125,-6399.7958984375,-375000.03125,-375000.03125,-124662.515625,-98521.390625
8178.863585799999,baseline_start,-114843.9765625,-174599.171875,-104730.1640625,-5620.52490234375,-375000.03125,-375000.03125,-124638.5078125,-98506.546875
8178.950829799999,baseline_start,-115016.75,-174515.671875,-103656.75,-4380.62890625,-375000.03125,-375000.03125,-124614.859375,-98274.5390625
8179.0258782,baseline_start,-114603.734375,-174487.953125,-105382.6171875,-5927.10107421875,-375000.03125,-375000.03125,-124431.484375,-98215.8828125
8179.066854799999,baseline_start,-114564.3984375,-174459.375,-105405.90625,-6129.7421875,-375000.03125,-375000.03125,-124375.25,-98299.390625
8179.134832199999,baseline_start,-114804.6328125,-174426.53125,-104308.34375,-5163.96826171875,-375000.03125,-375000.03125,-124502.4296875,-98329.078125
8179.213090699999,baseline_start,-114897.3984375,-174321.296875,-103414.3203125,-4100.20361328125,-375000.03125,-375000.03125,-124528.0,-98141.765625
8179.2990496,baseline_start,-114832.3515625,-174289.234375,-103752.1875,-4325.2412109375,-375000.03125,-375000.03125,-124521.3828125,-98122.90625
8179.3533361,baseline_start,-114658.765625,-174311.375,-104762.3515625,-5403.80224609375,-375000.03125,-375000.03125,-124518.9296875,-98192.1484375
8179.421064499999,baseline_start,-114444.9921875,-174257.40625,-105245.2421875,-6039.30712890625,-375000.03125,-375000.03125,-124336.046875,-98160.765625
8179.517193399999,baseline_start,-114496.40625,-174221.96875,-104704.0625,-5582.92919921875,-375000.03125,-375000.03125,-124296.4375,-98171.140625
8179.585759099999,baseline_start,-114947.2421875,-174421.703125,-103397.5546875,-4198.41748046875,-375000.03125,-375000.03125,-124349.9921875,-98053.4765625
8179.6777715,baseline_start,-114540.125,-174277.65625,-104707.90625,-5372.86767578125,-375000.03125,-375000.03125,-124327.0625,-98007.8828125
8179.7519038,baseline_start,-114528.3203125,-174266.125,-104869.6015625,-5894.8701171875,-375000.03125,-375000.03125,-124484.859375,-98290.09375
8179.827391899999,baseline_start,-114621.3984375,-174227.6875,-104128.4609375,-5256.10205078125,-375000.03125,-375000.03125,-124456.6953125,-98326.171875
8179.907935699999,baseline_start,-114731.9921875,-174135.8125,-103167.3359375,-4022.77734375,-375000.03125,-375000.03125,-124321.6953125,-97993.21875
8179.983405399999,baseline_start,-114481.65625,-174071.765625,-103899.9375,-4288.2265625,-375000.03125,-375000.03125,-124128.21875,-97692.2734375
8180.0612688,baseline_start,-114289.0234375,-174157.546875,-105207.78125,-5853.74267578125,-375000.03125,-375000.03125,-124171.984375,-98002.9609375
8180.1506812,baseline_start,-114826.984375,-174317.71875,-103937.6640625,-5059.40673828125,-375000.03125,-375000.03125,-124669.265625,-98477.2265625
8180.224047899999,baseline_start,-114845.71875,-174233.140625,-103305.421875,-4032.656982421875,-375000.03125,-375000.03125,-124535.46875,-98123.125
8180.308760399999,baseline_start,-114797.796875,-174339.75,-104220.234375,-4729.271484375,-375000.03125,-375000.03125,-124554.8203125,-98122.59375
8180.392339899999,baseline_start,-114611.15625,-174399.65625,-105411.2265625,-5900.59228515625,-375000.03125,-375000.03125,-124515.125,-98177.9765625
8180.4841512,baseline_start,-115027.9765625,-174471.984375,-104141.828125,-5021.36376953125,-375000.03125,-375000.03125,-124674.359375,-98450.3125
8180.5711615,baseline_start,-115331.375,-174548.125,-103413.9609375,-4203.82666015625,-375000.03125,-375000.03125,-124827.109375,-98430.4609375
8180.6584035,baseline_start,-115358.6484375,-174710.890625,-104336.5546875,-5170.94189453125,-375000.03125,-375000.03125,-125045.6640625,-98701.453125
8180.746900799999,baseline_start,-115324.3125,-174865.109375,-105216.1875,-6253.9287109375,-375000.03125,-375000.03125,-125162.2109375,-98925.78125
8180.8357682999995,baseline_start,-115649.3046875,-175210.140625,-105417.796875,-6666.2734375,-375000.03125,-375000.03125,-125362.2578125,-99245.046875
8180.9256754,baseline_start,-115905.7265625,-175150.1875,-103914.7734375,-4864.9912109375,-375000.03125,-375000.03125,-125444.0625,-99036.0625
8181.0141925,baseline_start,-115668.9296875,-175203.0625,-105085.203125,-5989.32861328125,-375000.03125,-375000.03125,-125517.46875,-99151.6171875
8181.054657399999,baseline_start,-115623.9609375,-175363.015625,-105886.2890625,-6891.802734375,-375000.03125,-375000.03125,-125689.171875,-99419.84375
8181.083407599999,baseline_start,-116001.6171875,-175589.484375,-105685.8359375,-7091.80615234375,-375000.03125,-375000.03125,-125968.703125,-99806.6171875
8181.187828099999,baseline_start,-116087.4453125,-175565.609375,-105004.9609375,-6062.86572265625,-375000.03125,-375000.03125,-125848.1875,-99555.875
8181.2455598,baseline_start,-116458.0390625,-175665.296875,-104393.8671875,-5371.5263671875,-375000.03125,-375000.03125,-126061.78125,-99672.640625
8181.3285,baseline_start,-116358.796875,-175804.953125,-105615.7421875,-6525.45751953125,-375000.03125,-375000.03125,-126174.5625,-99811.6640625
8181.4192127999995,baseline_start,-116321.875,-175953.78125,-106533.640625,-7639.87060546875,-375000.03125,-375000.03125,-126278.90625,-100017.6171875
8181.4794919999995,baseline_start,-116422.8125,-176042.921875,-106419.515625,-7653.5947265625,-375000.03125,-375000.03125,-126328.390625,-100174.65625
8181.5675984,baseline_start,-116723.265625,-176070.140625,-105322.0390625,-6492.42138671875,-375000.03125,-375000.03125,-126409.34375,-100150.34375
8181.6409219,baseline_start,-116794.34375,-176073.765625,-104967.9921875,-5971.5810546875,-375000.03125,-375000.03125,-126455.078125,-100007.15625
8181.717763,baseline_start,-116649.1484375,-176161.0625,-106072.03125,-6952.64404296875,-375000.03125,-375000.03125,-126455.9296875,-100045.8203125
8181.8203601,baseline_start,-116556.609375,-176258.203125,-106802.4453125,-7857.35302734375,-375000.03125,-375000.03125,-126533.0859375,-100251.859375
8181.919564999999,baseline_start,-116660.3203125,-176301.75,-106649.6484375,-7883.236328125,-375000.03125,-375000.03125,-126562.7734375,-100397.1953125
8181.9803014,baseline_start,-116897.7890625,-176253.0625,-105458.1171875,-6725.2373046875,-375000.03125,-375000.03125,-126585.75,-100324.859375
8182.057169,baseline_start,-116926.9765625,-176188.296875,-105069.9609375,-6042.3916015625,-375000.03125,-375000.03125,-126550.96875,-100092.8984375
8182.133853199999,baseline_start,-116732.9609375,-176226.640625,-106092.1953125,-6952.912109375,-375000.03125,-375000.03125,-126522.4921875,-100100.09375
8182.207436799999,baseline_start,-116702.296875,-176406.671875,-106858.546875,-7866.517578125,-375000.03125,-375000.03125,-126506.8046875,-100207.78125
8182.3068969999995,baseline_start,-116903.5078125,-176295.0,-105369.46875,-6249.4580078125,-375000.03125,-375000.03125,-126499.203125,-100021.015625
8182.3745638,baseline_start,-116544.9453125,-176214.984375,-106338.5546875,-7223.05517578125,-375000.03125,-375000.03125,-126393.296875,-100007.2421875
8182.457669099999,baseline_start,-116407.609375,-176164.59375,-106615.8984375,-7739.1572265625,-375000.03125,-375000.03125,-126325.4375,-100064.6875
8182.543358999999,baseline_start,-116511.1015625,-176105.90625,-105960.9921875,-7218.763671875,-375000.03125,-375000.03125,-126307.6484375,-100103.5390625
8182.6354949999995,baseline_start,-116670.9140625,-176010.234375,-104744.6953125,-5899.474609375,-375000.03125,-375000.03125,-126302.375,-99934.2890625
8182.719723699999,baseline_start,-116568.6796875,-175945.640625,-104967.0078125,-5838.0517578125,-375000.03125,-375000.03125,-126204.921875,-99730.125
8182.8083568,baseline_start,-116312.3046875,-176028.03125,-106425.4609375,-7586.36083984375,-375000.03125,-375000.03125,-126204.609375,-99973.4453125
8182.8968076,baseline_start,-116500.90625,-176048.375,-105600.3671875,-6927.5205078125,-375000.03125,-375000.03125,-126270.0078125,-100041.9765625
8182.9889078999995,baseline_start,-116656.5703125,-175953.421875,-104584.4375,-5698.08544921875,-375000.03125,-375000.03125,-126275.4609375,-99845.0625
8183.0757852,baseline_start,-116490.7578125,-175905.671875,-105071.125,-5929.56005859375,-375000.03125,-375000.03125,-126190.03125,-99687.4375
8183.115388799999,baseline_start,-116265.9921875,-175919.4375,-106077.6640625,-6979.9580078125,-375000.03125,-375000.03125,-126125.5234375,-99752.34375
8183.148079799999,baseline_start,-116258.75,-175956.546875,-106333.1015625,-7484.79443359375,-375000.03125,-375000.03125,-126142.2421875,-99886.140625
8183.2310327,baseline_start,-116456.1171875,-175992.484375,-105583.8671875,-6884.29248046875,-375000.03125,-375000.03125,-126205.7265625,-99968.0859375
8183.363077,baseline_start,-116535.4609375,-175952.4375,-105030.890625,-5942.3896484375,-375000.03125,-375000.03125,-126208.40625,-99697.2734375
8183.3828477,baseline_start,-116382.4921875,-176027.671875,-106105.9609375,-7045.80615234375,-375000.03125,-375000.03125,-126229.1484375,-99819.8046875
8183.4600328999995,baseline_start,-116426.5703125,-176151.1875,-106476.640625,-7638.57421875,-375000.03125,-375000.03125,-126314.796875,-100038.984375
8183.535419599999,baseline_start,-116659.3828125,-176189.9375,-105750.6171875,-7063.01708984375,-375000.03125,-375000.03125,-126412.1171875,-100167.28125
8183.629584599999,baseline_start,-116864.84375,-176183.640625,-104743.671875,-5872.697265625,-375000.03125,-375000.03125,-126478.4609375,-100061.421875
8183.714898499999,baseline_start,-116582.984375,-176238.8125,-106385.1796875,-7349.78955078125,-375000.03125,-375000.03125,-126439.7421875,-100042.46875
8183.7830742999995,baseline_start,-116638.4609375,-176318.015625,-106586.125,-7761.59814453125,-375000.03125,-375000.03125,-126515.1640625,-100268.671875
8183.8523717,baseline_start,-116854.15625,-176357.453125,-105689.5078125,-6975.44287109375,-375000.03125,-375000.03125,-126575.78125,-100332.5078125
8183.949066499999,baseline_start,-117017.7265625,-176297.953125,-104792.0390625,-5866.4833984375,-375000.03125,-375000.03125,-126600.0546875,-100148.8203125
8184.009638999999,baseline_start,-116932.390625,-176332.6875,-105491.5546875,-6343.0673828125,-375000.03125,-375000.03125,-126576.8046875,-100077.296875
8184.1001258999995,baseline_start,-116924.875,-176437.640625,-105778.6015625,-7072.7177734375,-375000.03125,-375000.03125,-126651.28125,-100380.0234375
8184.1698418999995,baseline_start,-117111.78125,-176366.390625,-104824.71875,-5913.82421875,-375000.03125,-375000.03125,-126690.0859375,-100241.0
8184.251981099999,baseline_start,-116989.875,-176377.5625,-105489.3203125,-6327.10791015625,-375000.03125,-375000.03125,-126649.765625,-100134.78125
8184.3386144,baseline_start,-117070.1171875,-176795.234375,-106577.1796875,-7499.72509765625,-375000.03125,-375000.03125,-126663.6640625,-100253.203125
8184.431731699999,baseline_start,-116925.1015625,-176686.203125,-106738.46875,-7910.99755859375,-375000.03125,-375000.03125,-126697.5546875,-100403.140625
8184.519731599999,baseline_start,-117201.3203125,-176554.28125,-104934.8671875,-5890.66796875,-375000.03125,-375000.03125,-126755.9375,-100248.109375
8184.6092696,baseline_start,-117039.359375,-176565.90625,-105756.9140625,-6564.1708984375,-375000.03125,-375000.03125,-126739.2578125,-100203.4921875
8184.700669899999,baseline_start,-116912.765625,-176652.0,-106668.78125,-7583.14208984375,-375000.03125,-375000.03125,-126770.1015625,-100369.4296875
8184.7897287999995,baseline_start,-117000.9140625,-176711.0,-106758.9921875,-7891.5068359375,-375000.03125,-375000.03125,-126833.71875,-100537.6484375
8184.879832999999,baseline_start,-117257.2890625,-176726.03125,-105780.96875,-7008.12109375,-375000.03125,-375000.03125,-126925.453125,-100604.703125
8184.9688341,baseline_start,-117156.9765625,-176694.828125,-106046.2421875,-6840.70654296875,-375000.03125,-375000.03125,-126884.6796875,-100366.03125
8185.0588848,baseline_start,-117009.453125,-176736.84375,-106799.984375,-7752.83642578125,-375000.03125,-375000.03125,-126890.359375,-100488.4765625
8185.099681899999,baseline_start,-117111.9140625,-176809.75,-106725.1953125,-7881.35888671875,-375000.03125,-375000.03125,-126940.875,-100665.640625
8185.132527999999,baseline_start,-117359.21875,-176798.984375,-105614.1796875,-6823.80859375,-375000.03125,-375000.03125,-127026.96875,-100665.7265625
8185.174213699999,baseline_start,-117460.78125,-176744.53125,-105085.828125,-6043.73291015625,-375000.03125,-375000.03125,-127045.65625,-100508.234375
8185.2404516999995,baseline_start,-117257.5625,-176759.46875,-106092.8671875,-6798.68505859375,-375000.03125,-375000.03125,-126965.9921875,-100419.4140625
8185.328283299999,baseline_start,-117159.125,-176870.953125,-106854.1640625,-7756.099609375,-375000.03125,-375000.03125,-127011.859375,-100601.9375
8185.4051377999995,baseline_start,-117217.328125,-176910.65625,-106803.515625,-7948.50341796875,-375000.03125,-375000.03125,-127067.875,-100776.28125
8185.4794569,baseline_start,-117523.8125,-176958.390625,-105791.3828125,-6983.4892578125,-375000.03125,-375000.03125,-127179.3671875,-100799.2109375
8185.5564451,baseline_start,-117652.9140625,-177067.828125,-105937.96875,-6666.67578125,-375000.03125,-375000.03125,-127155.5859375,-100561.5234375
8185.5994418,baseline_start,-117556.7578125,-177275.875,-106939.1015625,-7773.5341796875,-375000.03125,-375000.03125,-127191.7890625,-100718.390625
8185.698819099999,baseline_start,-117394.1328125,-177167.15625,-107045.8984375,-8125.26123046875,-375000.03125,-375000.03125,-127187.7265625,-100847.7109375
8185.7741166999995,baseline_start,-117536.953125,-177172.609375,-106176.4609375,-7439.2861328125,-375000.03125,-375000.03125,-127287.1015625,-100921.1171875
8185.845772999999,baseline_start,-117688.8125,-177095.1875,-105226.015625,-6328.58349609375,-375000.03125,-375000.03125,-127307.75,-100760.8984375
8185.9201267,baseline_start,-117346.875,-177193.84375,-107039.859375,-8230.0458984375,-375000.03125,-375000.03125,-127269.171875,-100901.984375
8185.9723004,baseline_start,-117558.1015625,-177192.59375,-106235.2421875,-7550.91064453125,-375000.03125,-375000.03125,-127320.40625,-100950.53125
8186.0475147,baseline_start,-117733.609375,-177163.671875,-105312.4296875,-6418.12451171875,-375000.03125,-375000.03125,-127346.46875,-100794.25
8186.1268181,baseline_start,-117646.34375,-177145.796875,-105842.9296875,-6653.845703125,-375000.03125,-375000.03125,-127292.8203125,-100684.1015625
8186.197257999999,baseline_start,-117428.7265625,-177171.140625,-106797.03125,-7676.88525390625,-375000.03125,-375000.03125,-127258.4921875,-100753.03125
8186.2768098999995,baseline_start,-117781.4375,-177182.765625,-105322.1328125,-6393.31396484375,-375000.03125,-375000.03125,-127383.75,-100837.2578125
8186.3354595,baseline_start,-117698.109375,-177178.921875,-105886.734375,-6677.94091796875,-375000.03125,-375000.03125,-127365.1953125,-100730.4609375
8186.4166011,baseline_start,-117559.625,-177290.859375,-106914.3359375,-7759.5419921875,-375000.03125,-375000.03125,-127392.15625,-100877.53125
8186.4998976,baseline_start,-117573.390625,-177375.390625,-107236.9609375,-8330.986328125,-375000.03125,-375000.03125,-127472.84375,-101074.40625
8186.583564999999,baseline_start,-117798.3828125,-177433.109375,-106538.203125,-7796.24365234375,-375000.03125,-375000.03125,-127553.7109375,-101177.8984375
8186.6678998,baseline_start,-117868.96875,-177401.140625,-106132.6953125,-6964.26708984375,-375000.03125,-375000.03125,-127578.8828125,-100967.1171875
8186.7536893,baseline_start,-117699.8984375,-177414.328125,-107036.734375,-7951.0068359375,-375000.03125,-375000.03125,-127522.328125,-101016.515625
8186.8396207,baseline_start,-117692.03125,-177453.890625,-107200.125,-8340.642578125,-375000.03125,-375000.03125,-127573.7421875,-101199.7109375
8186.929221299999,baseline_start,-117923.8203125,-177480.984375,-106351.515625,-7549.16748046875,-375000.03125,-375000.03125,-127617.28125,-101231.2734375
8187.017141899999,baseline_start,-118293.96875,-177715.40625,-105526.921875,-6516.5615234375,-375000.03125,-375000.03125,-127642.1796875,-101063.140625
8187.0927012,baseline_start,-117765.5703125,-177569.5,-107208.9765625,-8079.08251953125,-375000.03125,-375000.03125,-127572.0859375,-101081.6015625
8187.1193619,baseline_start,-117765.6171875,-177591.078125,-107154.3515625,-8274.9287109375,-375000.03125,-375000.03125,-127610.171875,-101248.171875
8187.196106799999,baseline_start,-117986.5859375,-177571.28125,-106184.4609375,-7356.763671875,-375000.03125,-375000.03125,-127692.78125,-101293.046875
8187.276765899999,baseline_start,-118101.5625,-177503.90625,-105473.5,-6434.44091796875,-375000.03125,-375000.03125,-127701.9453125,-101118.9765625
8187.3564758,baseline_start,-118023.6015625,-177469.3125,-105859.421875,-6654.650390625,-375000.03125,-375000.03125,-127660.28125,-101035.15625
8187.4256238,baseline_start,-117844.0703125,-177542.21875,-106914.2421875,-7688.86572265625,-375000.03125,-375000.03125,-127632.65625,-101082.765625
8187.501310899999,baseline_start,-117776.8828125,-177597.5625,-107341.2109375,-8341.1787109375,-375000.03125,-375000.03125,-127657.109375,-101259.34375
8187.5841488999995,baseline_start,-117939.828125,-177637.578125,-106771.953125,-7937.8193359375,-375000.03125,-375000.03125,-127721.125,-101347.09375
8187.663263999999,baseline_start,-118152.703125,-177574.59375,-105607.828125,-6663.59130859375,-375000.03125,-375000.03125,-127739.9453125,-101211.375
8187.7388234,baseline_start,-117788.0546875,-177557.0625,-106979.109375,-7804.42431640625,-375000.03125,-375000.03125,-127622.5078125,-101087.640625
8187.799672599999,baseline_start,-117984.8828125,-177840.796875,-107313.7578125,-8383.111328125,-375000.03125,-375000.03125,-127649.5546875,-101251.296875
8187.896083799999,baseline_start,-118078.9453125,-177805.625,-106550.40625,-7748.45556640625,-375000.03125,-375000.03125,-127688.71875,-101297.5234375
8187.9665171999995,baseline_start,-118089.71875,-177563.40625,-105458.8359375,-6484.5537109375,-375000.03125,-375000.03125,-127676.0625,-101070.203125
8188.054609899999,baseline_start,-117975.5,-177525.640625,-105920.3984375,-6628.8564453125,-375000.03125,-375000.03125,-127626.1796875,-100958.890625
8188.1562579,baseline_start,-117725.5625,-177592.25,-107131.859375,-8187.533203125,-375000.03125,-375000.03125,-127611.3828125,-101210.3515625
8188.220519199999,baseline_start,-117911.2109375,-177604.765625,-106186.515625,-7423.3271484375,-375000.03125,-375000.03125,-127669.8515625,-101266.8984375
8188.299805899999,baseline_start,-118110.28125,-177566.859375,-105344.171875,-6388.70947265625,-375000.03125,-375000.03125,-127712.453125,-101110.078125
8188.386421499999,baseline_start,-117979.7421875,-177568.234375,-106013.2890625,-6835.431640625,-375000.03125,-375000.03125,-127654.7421875,-101010.390625
8188.474889299999,baseline_start,-117799.4140625,-177623.453125,-106918.5390625,-7832.05078125,-375000.03125,-375000.03125,-127652.6875,-101119.828125
8188.5638486,baseline_start,-118097.671875,-177704.859375,-106065.640625,-7313.40087890625,-375000.03125,-375000.03125,-127788.9453125,-101366.1875
8188.652169999999,baseline_start,-118218.4140625,-177639.71875,-105409.796875,-6389.06689453125,-375000.03125,-375000.03125,-127799.046875,-101183.9296875
8188.7398637,baseline_start,-118072.328125,-177652.59375,-106256.4765625,-7057.65234375,-375000.03125,-375000.03125,-127779.6015625,-101150.671875
8188.829045699999,baseline_start,-117932.09375,-177737.21875,-107108.6640625,-8052.52880859375,-375000.03125,-375000.03125,-127785.6328125,-101269.8046875
8188.919129499999,baseline_start,-117958.5078125,-177801.59375,-107211.65625,-8366.525390625,-375000.03125,-375000.03125,-127839.6328125,-101464.0859375
8189.0095093,baseline_start,-118273.9375,-177680.765625,-105466.125,-6409.4072265625,-375000.03125,-375000.03125,-127861.984375,-101231.5859375
8189.103789299999,baseline_start,-118101.0234375,-177710.984375,-106438.3359375,-7221.7587890625,-375000.03125,-375000.03125,-127822.5625,-101211.0625
8189.142037899999,baseline_start,-117966.0234375,-177784.828125,-107199.0546875,-8185.25341796875,-375000.03125,-375000.03125,-127846.203125,-101362.4296875
8189.1825880999995,baseline_start,-118094.5,-177876.109375,-107168.203125,-8334.7412109375,-375000.03125,-375000.03125,-127905.0390625,-101538.3359375
8189.274905599999,baseline_start,-118337.90625,-177869.453125,-106077.3984375,-7305.533203125,-375000.03125,-375000.03125,-127975.984375,-101528.5078125
8189.3129257,baseline_start,-118416.140625,-177780.671875,-105532.8671875,-6480.21728515625,-375000.03125,-375000.03125,-127972.1796875,-101338.6484375
8189.4084857,baseline_start,-118348.640625,-177918.359375,-106543.1640625,-7324.9794921875,-375000.03125,-375000.03125,-127970.0390625,-101353.984375
8189.491489099999,baseline_start,-118379.125,-178180.015625,-107470.2265625,-8405.5068359375,-375000.03125,-375000.03125,-128046.2578125,-101540.171875
8189.5531028,baseline_start,-118331.203125,-178156.453125,-107383.765625,-8580.56640625,-375000.03125,-375000.03125,-128109.109375,-101728.8671875
8189.641361,baseline_start,-118491.9140625,-178117.296875,-106304.265625,-7582.73974609375,-375000.03125,-375000.03125,-128206.875,-101771.15625
8189.7070831,baseline_start,-118622.9375,-178052.25,-105724.0625,-6701.99169921875,-375000.03125,-375000.03125,-128233.25,-101601.0546875
8189.802645999999,baseline_start,-118468.890625,-178090.953125,-106587.6875,-7409.20068359375,-375000.03125,-375000.03125,-128171.6953125,-101537.890625
8189.872782899999,baseline_start,-118291.90625,-178159.484375,-107434.375,-8407.4296875,-375000.03125,-375000.03125,-128182.6484375,-101667.53125
8189.9588525,baseline_start,-118294.7734375,-178204.46875,-107562.265625,-8684.1884765625,-375000.03125,-375000.03125,-128194.4921875,-101756.9375
8190.0019188999995,baseline_start,-118485.65625,-178227.0,-106939.546875,-8192.62890625,-375000.03125,-375000.03125,-128263.3359375,-101867.890625
8190.0798569,baseline_start,-118672.46875,-178116.3125,-105792.6796875,-6914.60107421875,-375000.03125,-375000.03125,-128287.3828125,-101701.4609375
8190.16524,baseline_start,-118339.828125,-178212.0625,-107542.109375,-8697.9130859375,-375000.03125,-375000.03125,-128233.5625,-101816.484375
8190.246284299999,baseline_start,-118514.890625,-178202.0,-106682.328125,-7944.74853515625,-375000.03125,-375000.03125,-128262.84375,-101844.828125
8190.331368699999,baseline_start,-118675.2421875,-178115.09375,-105697.640625,-6745.17529296875,-375000.03125,-375000.03125,-128268.03125,-101660.46875
8190.421222099999,baseline_start,-118555.2578125,-178089.484375,-106304.8515625,-7103.11572265625,-375000.03125,-375000.03125,-128217.5625,-101552.5078125
8190.510337599999,baseline_start,-118596.828125,-178409.46875,-107364.5,-8218.9150390625,-375000.03125,-375000.03125,-128206.15625,-101640.796875
8190.6021399,baseline_start,-118682.0390625,-178360.609375,-106511.828125,-7754.1328125,-375000.03125,-375000.03125,-128316.265625,-101865.703125
8190.693549,baseline_start,-118703.1796875,-178165.484375,-105682.21875,-6680.0419921875,-375000.03125,-375000.03125,-128296.546875,-101650.0078125
8190.784368899999,baseline_start,-118548.90625,-178155.421875,-106489.203125,-7260.9638671875,-375000.03125,-375000.03125,-128252.3828125,-101596.0078125
8190.876252699999,baseline_start,-118390.34375,-178219.703125,-107399.7734375,-8282.5283203125,-375000.03125,-375000.03125,-128250.0546875,-101707.3203125
8190.968911599999,baseline_start,-118456.421875,-178301.375,-107536.1640625,-8652.3603515625,-375000.03125,-375000.03125,-128308.9296875,-101895.65625
8191.073922,baseline_start,-118802.6015625,-178207.40625,-105809.0859375,-6719.0234375,-375000.03125,-375000.03125,-128393.1953125,-101737.71875
8191.1542472,baseline_start,-118615.6484375,-178226.8125,-106758.3671875,-7510.4541015625,-375000.03125,-375000.03125,-128341.078125,-101690.375
8191.1743627,baseline_start,-118498.3984375,-178309.515625,-107534.015625,-8466.4384765625,-375000.03125,-375000.03125,-128346.796875,-101810.71875
8191.216456799999,baseline_start,-118590.171875,-178389.796875,-107488.28125,-8667.6484375,-375000.03125,-375000.03125,-128414.1640625,-101983.359375
8191.258226499999,baseline_start,-118798.671875,-178352.46875,-106479.0546875,-7672.951171875,-375000.03125,-375000.03125,-128498.921875,-101975.765625
8191.3339109,baseline_start,-118648.78125,-178336.15625,-107121.8046875,-7798.16552734375,-375000.03125,-375000.03125,-128442.953125,-101759.265625
8191.428173599999,baseline_start,-118572.6953125,-178413.625,-107945.78125,-8653.9248046875,-375000.03125,-375000.03125,-128502.6328125,-101930.4296875
8191.4773085,baseline_start,-118656.5078125,-178477.734375,-107802.0546875,-8608.2822265625,-375000.03125,-375000.03125,-128563.4765625,-102078.1796875
8191.560487999999,baseline_start,-118889.0625,-178436.828125,-106600.25,-7415.458984375,-375000.03125,-375000.03125,-128582.875,-101993.109375
8191.639805999999,baseline_start,-118906.1328125,-178384.890625,-106261.84375,-6840.84033203125,-375000.03125,-375000.03125,-128521.3671875,-101787.25
8191.7364296,baseline_start,-118570.28125,-178473.578125,-107954.40625,-8691.8779296875,-375000.03125,-375000.03125,-128459.625,-101929.71875
8191.8131164999995,baseline_start,-118970.6015625,-178832.09375,-107630.578125,-8572.2958984375,-375000.03125,-375000.03125,-128487.296875,-102038.6171875
8191.877377999999,baseline_start,-119024.640625,-178570.9375,-106375.7890625,-7264.85302734375,-375000.03125,-375000.03125,-128522.65625,-101942.7734375
8191.9629822,baseline_start,-118903.1875,-178444.515625,-106316.6015625,-6929.66650390625,-375000.03125,-375000.03125,-128483.8984375,-101762.03125
8192.029749100006,baseline_start,-118661.1640625,-178431.78125,-107358.0625,-7914.6181640625,-375000.03125,-375000.03125,-128410.1875,-101765.609375
8192.1439532,baseline_start,-118719.9921875,-178509.875,-107258.6875,-8322.5380859375,-375000.03125,-375000.03125,-128473.0859375,-102035.53125
8192.204349500002,baseline_start,-118915.75,-178409.109375,-106171.3671875,-7042.6767578125,-375000.03125,-375000.03125,-128499.546875,-101880.5859375
8192.296572900004,baseline_start,-118826.4765625,-178376.34375,-106420.40625,-7013.61962890625,-375000.03125,-375000.03125,-128439.5546875,-101714.9609375
8192.388091900006,baseline_start,-118588.0234375,-178355.15625,-107408.4453125,-8040.1904296875,-375000.03125,-375000.03125,-128389.625,-101751.578125
8192.484565700008,baseline_start,-118508.09375,-178389.890625,-107830.7109375,-8684.814453125,-375000.03125,-375000.03125,-128407.3671875,-101915.0546875
8192.591063900001,baseline_start,-118909.6640625,-178365.171875,-105998.046875,-6859.794921875,-375000.03125,-375000.03125,-128462.265625,-101797.84375
8192.690736700002,baseline_start,-118762.953125,-178332.09375,-106516.0703125,-7109.50830078125,-375000.03125,-375000.03125,-128408.7109375,-101676.7890625
8192.790127400003,baseline_start,-118577.7421875,-178368.4375,-107513.765625,-8174.79248046875,-375000.03125,-375000.03125,-128378.890625,-101755.8671875
8192.889905700005,baseline_start,-118540.7265625,-178416.171875,-107775.6796875,-8673.1474609375,-375000.03125,-375000.03125,-128407.4609375,-101915.1015625
8192.993377800007,baseline_start,-118764.109375,-178456.671875,-107034.9921875,-8109.5703125,-375000.03125,-375000.03125,-128465.2578125,-101968.8359375
8193.104097500001,baseline_start,-118790.84375,-178358.0625,-106762.1640625,-7356.40576171875,-375000.03125,-375000.03125,-128444.5625,-101689.2109375
8193.158706100003,baseline_start,-118634.296875,-178529.6875,-107718.5078125,-8404.7470703125,-375000.03125,-375000.03125,-128454.0859375,-101771.375
8193.191663900005,baseline_start,-118671.484375,-178599.546875,-107850.203125,-8713.4697265625,-375000.03125,-375000.03125,-128527.484375,-101917.15625
8193.232916500006,baseline_start,-118857.0546875,-178623.5625,-106901.7734375,-7876.84375,-375000.03125,-375000.03125,-128615.8671875,-101932.7109375
8193.274658300008,baseline_start,-119039.125,-178603.625,-106144.40625,-6893.724609375,-375000.03125,-375000.03125,-128659.8515625,-101744.3359375
8193.320253100002,baseline_start,-118930.765625,-178653.515625,-106926.984375,-7394.04638671875,-375000.03125,-375000.03125,-128665.625,-101706.421875
8193.385864800002,baseline_start,-118794.46875,-178684.71875,-107901.8359375,-8401.439453125,-375000.03125,-375000.03125,-128665.9375,-101801.1953125
8193.466375000005,baseline_start,-118805.2421875,-178720.03125,-108068.3984375,-8793.4892578125,-375000.03125,-375000.03125,-128710.953125,-101975.71875
8193.548225300006,baseline_start,-119013.515625,-178733.125,-107161.546875,-8054.9423828125,-375000.03125,-375000.03125,-128777.6015625,-102031.2421875
8193.6574724,baseline_start,-119110.7421875,-178595.125,-106329.65625,-6977.4990234375,-375000.03125,-375000.03125,-128753.734375,-101777.1875
8193.709430700002,baseline_start,-118942.2109375,-178585.5625,-106943.75,-7329.7177734375,-375000.03125,-375000.03125,-128685.828125,-101649.3828125
8193.787518800003,baseline_start,-118789.90625,-178628.15625,-107861.0625,-8310.958984375,-375000.03125,-375000.03125,-128686.0078125,-101752.6953125
8193.861930300005,baseline_start,-118774.078125,-178636.4375,-107971.484375,-8742.03515625,-375000.03125,-375000.03125,-128729.859375,-101950.28125
8193.953459600007,baseline_start,-118978.0625,-178598.125,-107125.515625,-8115.20263671875,-375000.03125,-375000.03125,-128758.4296875,-101931.28125
8194.0388375,baseline_start,-118971.046875,-178588.375,-107039.859375,-7675.63330078125,-375000.03125,-375000.03125,-128708.578125,-101686.6171875
8194.104476700002,baseline_start,-118806.4921875,-178613.453125,-107888.46875,-8626.923828125,-375000.03125,-375000.03125,-128701.65625,-101824.6171875
8194.181200800003,baseline_start,-118895.359375,-178675.546875,-107892.8046875,-8973.8671875,-375000.03125,-375000.03125,-128787.7109375,-102074.8671875
8194.271424000006,baseline_start,-119127.640625,-178649.4375,-106899.625,-8124.0986328125,-375000.03125,-375000.03125,-128824.40625,-102048.6328125
8194.346600500006,baseline_start,-119254.2890625,-178609.5625,-106237.4765625,-7302.44873046875,-375000.03125,-375000.03125,-128830.8046875,-101886.265625
8194.4304138,baseline_start,-118948.875,-178689.859375,-108039.1640625,-9055.40625,-375000.03125,-375000.03125,-128802.9921875,-101964.8125
8194.516800800002,baseline_start,-119087.6328125,-178752.703125,-107852.5703125,-9183.9287109375,-375000.03125,-375000.03125,-128901.703125,-102183.0546875
8194.609348800004,baseline_start,-119524.6953125,-178988.421875,-106888.1875,-8245.7373046875,-375000.03125,-375000.03125,-128985.1171875,-102179.2109375
8194.707582000006,baseline_start,-119546.15625,-178904.390625,-106489.6953125,-7631.1533203125,-375000.03125,-375000.03125,-129045.1953125,-102030.65625
8194.810088600007,baseline_start,-119329.5703125,-178948.0625,-107467.09375,-8435.7265625,-375000.03125,-375000.03125,-129064.2890625,-102073.53125
8194.8833859,baseline_start,-119506.328125,-178998.578125,-106921.9375,-8368.716796875,-375000.03125,-375000.03125,-129196.1640625,-102335.9375
8194.9906708,baseline_start,-119326.484375,-179102.515625,-108403.3671875,-9675.48828125,-375000.03125,-375000.03125,-129262.953125,-102426.734375
8195.096129700001,baseline_start,-119646.3828125,-179167.59375,-107510.7265625,-8621.1572265625,-375000.03125,-375000.03125,-129394.109375,-102350.734375
8195.191088700003,baseline_start,-119692.109375,-179396.171875,-108596.0390625,-9765.07421875,-375000.03125,-375000.03125,-129571.1328125,-102630.3125
8195.208947800003,baseline_start,-119827.921875,-179518.390625,-108799.078125,-10137.9912109375,-375000.03125,-375000.03125,-129728.671875,-102918.78125
8195.250571500006,baseline_start,-120091.671875,-179535.640625,-107803.625,-9266.630859375,-375000.03125,-375000.03125,-129799.9765625,-102934.5625
8195.292179500007,baseline_start,-120193.015625,-179454.546875,-106920.328125,-8265.048828125,-375000.03125,-375000.03125,-129743.9609375,-102715.3359375
8195.335917200002,baseline_start,-119988.5859375,-179458.21875,-107731.203125,-8879.23046875,-375000.03125,-375000.03125,-129654.8671875,-102617.484375
8195.401107000003,baseline_start,-119740.34375,-179446.6875,-108590.2265625,-9910.0927734375,-375000.03125,-375000.03125,-129588.75,-102672.46875
8195.497702100001,baseline_start,-119902.3046875,-179394.515625,-107614.9296875,-9343.431640625,-375000.03125,-375000.03125,-129601.4921875,-102767.234375
8195.541310800003,baseline_start,-119967.3515625,-179307.703125,-106685.8125,-8244.3955078125,-375000.03125,-375000.03125,-129508.5546875,-102490.921875
8195.631320200004,baseline_start,-120050.6328125,-179535.328125,-107565.265625,-8831.173828125,-375000.03125,-375000.03125,-129469.4375,-102407.1953125
8195.695300800005,baseline_start,-119704.8046875,-179420.578125,-108464.5625,-9805.576171875,-375000.03125,-375000.03125,-129489.734375,-102551.2265625
8195.794669800007,baseline_start,-119687.1484375,-179454.59375,-108580.125,-10170.04296875,-375000.03125,-375000.03125,-129566.6640625,-102762.234375
8195.9017122,baseline_start,-120026.4921875,-179339.625,-106700.296875,-8202.77734375,-375000.03125,-375000.03125,-129609.4453125,-102533.125
8195.955814500003,baseline_start,-119942.6328125,-179476.546875,-107798.03125,-9091.3486328125,-375000.03125,-375000.03125,-129694.6484375,-102627.984375
8196.018615500005,baseline_start,-119882.0546875,-179609.84375,-108727.9140625,-10149.6142578125,-375000.03125,-375000.03125,-129786.921875,-102842.65625
8196.098082400005,baseline_start,-120016.9296875,-179690.140625,-108736.453125,-10384.888671875,-375000.03125,-375000.03125,-129955.0078125,-103095.09375
8196.170937600007,baseline_start,-120307.1015625,-179678.6875,-107545.5078125,-9285.40625,-375000.03125,-375000.03125,-130005.34375,-103063.484375
8196.253187900002,baseline_start,-120081.8828125,-179787.765625,-108907.3984375,-10297.5380859375,-375000.03125,-375000.03125,-130023.4921875,-102997.4609375
8196.342036100003,baseline_start,-120267.984375,-179941.640625,-108955.453125,-10606.70703125,-375000.03125,-375000.03125,-130192.3828125,-103255.984375
8196.433615700003,baseline_start,-120489.6640625,-179876.375,-107660.125,-9469.4951171875,-375000.03125,-375000.03125,-130199.3984375,-103207.7421875
8196.525649700006,baseline_start,-120613.046875,-179841.09375,-107026.5,-8606.583984375,-375000.03125,-375000.03125,-130223.671875,-103064.78125
8196.619854100007,baseline_start,-120452.515625,-179930.15625,-108131.8828125,-9497.166015625,-375000.03125,-375000.03125,-130203.2421875,-103049.984375
8196.719674700002,baseline_start,-120339.8671875,-179963.546875,-108824.203125,-10622.8447265625,-375000.03125,-375000.03125,-130201.234375,-103334.5234375
8196.820661900003,baseline_start,-120411.125,-179727.515625,-107270.0859375,-9106.5029296875,-375000.03125,-375000.03125,-130064.2578125,-103091.0703125
8196.919359600004,baseline_start,-120279.203125,-179539.21875,-106827.921875,-8351.2373046875,-375000.03125,-375000.03125,-129896.890625,-102740.0546875
8197.019924200005,baseline_start,-120113.7109375,-179632.65625,-107966.609375,-9353.4443359375,-375000.03125,-375000.03125,-129785.3515625,-102662.9453125
8197.120059700008,baseline_start,-120095.7421875,-179836.765625,-108725.71875,-10332.9423828125,-375000.03125,-375000.03125,-129793.21875,-102821.2421875
8197.174956900002,baseline_start,-119927.5234375,-179563.5,-108331.5234375,-10160.119140625,-375000.03125,-375000.03125,-129750.484375,-102886.28125
8197.213091700003,baseline_start,-119982.640625,-179343.640625,-106846.5625,-8728.9814453125,-375000.03125,-375000.03125,-129622.6328125,-102648.015625
8197.245853100005,baseline_start,-119970.1640625,-179216.5,-106445.7109375,-8000.44921875,-375000.03125,-375000.03125,-129551.2421875,-102405.765625
8197.287158400006,baseline_start,-119728.1015625,-179138.140625,-107542.4609375,-8951.068359375,-375000.03125,-375000.03125,-129486.3359375,-102364.7265625
8197.333855800001,baseline_start,-119696.4453125,-179434.03125,-108383.3359375,-9976.8349609375,-375000.03125,-375000.03125,-129582.1796875,-102588.0234375
8197.415623200002,baseline_start,-119785.3671875,-179380.390625,-108126.3828125,-9920.28515625,-375000.03125,-375000.03125,-129580.703125,-102724.546875
8197.493667100003,baseline_start,-119953.8984375,-179234.125,-106727.34375,-8640.513671875,-375000.03125,-375000.03125,-129574.6640625,-102617.390625
8197.597936700005,baseline_start,-119951.5703125,-179186.28125,-106305.828125,-7945.95556640625,-375000.03125,-375000.03125,-129483.921875,-102336.609375
8197.647322300007,baseline_start,-120092.7421875,-179583.65625,-107619.265625,-9103.865234375,-375000.03125,-375000.03125,-129478.328125,-102356.59375
8197.727557100001,baseline_start,-120018.984375,-179608.234375,-107971.9296875,-9924.8447265625,-375000.03125,-375000.03125,-129552.984375,-102706.578125
8197.821863700003,baseline_start,-119981.296875,-179365.140625,-106520.5390625,-8495.31640625,-375000.03125,-375000.03125,-129501.171875,-102501.34375
8197.883779100004,baseline_start,-119890.6875,-179233.984375,-106436.3671875,-8120.03076171875,-375000.03125,-375000.03125,-129421.9140625,-102276.53125
8197.976669000005,baseline_start,-119695.6875,-179301.03125,-107619.625,-9188.98046875,-375000.03125,-375000.03125,-129417.578125,-102349.125
8198.062179800007,baseline_start,-119581.9140625,-179300.453125,-108255.3515625,-10001.6904296875,-375000.03125,-375000.03125,-129423.5703125,-102504.6484375
8198.132875400002,baseline_start,-119681.5625,-179301.703125,-107768.53125,-9742.0078125,-375000.03125,-375000.03125,-129428.4453125,-102586.9453125
8198.207201000003,baseline_start,-119806.0625,-179127.8125,-106392.2421875,-8322.26953125,-375000.03125,-375000.03125,-129394.203125,-102420.0703125
8198.308144000004,baseline_start,-119761.8515625,-179043.5,-106252.234375,-7868.61865234375,-375000.03125,-375000.03125,-129309.171875,-102180.28125
8198.388229000006,baseline_start,-119543.4765625,-179102.6875,-107499.28125,-8927.7333984375,-375000.03125,-375000.03125,-129240.328125,-102168.5234375
8198.4851899,baseline_start,-119548.03125,-179238.453125,-108173.3203125,-9789.03515625,-375000.03125,-375000.03125,-129377.65625,-102440.9453125
8198.558910900003,baseline_start,-119663.9453125,-179198.71875,-107734.640625,-9561.673828125,-375000.03125,-375000.03125,-129387.8046875,-102536.65625
8198.646183800003,baseline_start,-120069.71875,-179347.671875,-106385.671875,-8220.5244140625,-375000.03125,-375000.03125,-129338.3203125,-102333.703125
8198.736256800006,baseline_start,-119777.2734375,-179069.421875,-106182.5859375,-7684.126953125,-375000.03125,-375000.03125,-129195.71875,-102059.625
8198.824959500007,baseline_start,-119552.859375,-179125.265625,-107309.0234375,-8772.9248046875,-375000.03125,-375000.03125,-129223.609375,-102147.5546875
8198.918053000001,baseline_start,-119564.796875,-179135.453125,-107333.6953125,-9275.03515625,-375000.03125,-375000.03125,-129261.4296875,-102412.9609375
8199.009802600003,baseline_start,-119696.8984375,-178988.5625,-105982.3125,-7822.126953125,-375000.03125,-375000.03125,-129180.609375,-102158.15625
8199.101187900003,baseline_start,-119616.609375,-178990.84375,-106279.6796875,-7782.83251953125,-375000.03125,-375000.03125,-129134.15625,-102025.4765625
8199.186995000005,baseline_start,-119464.03125,-179091.953125,-107472.4140625,-8940.787109375,-375000.03125,-375000.03125,-129156.734375,-102142.1484375
8199.206489400007,baseline_start,-119368.3671875,-179134.78125,-107966.7421875,-9643.0341796875,-375000.03125,-375000.03125,-129175.8671875,-102298.921875
8199.241701600002,baseline_start,-119530.6015625,-179120.03125,-107304.421875,-9209.767578125,-375000.03125,-375000.03125,-129218.3828125,-102398.75
8199.334524200003,baseline_start,-119716.1171875,-179016.546875,-106003.6796875,-7796.466796875,-375000.03125,-375000.03125,-129195.4921875,-102190.6953125
8199.401312000005,baseline_start,-119626.625,-178961.78125,-106154.78125,-7620.55859375,-375000.03125,-375000.03125,-129117.484375,-102004.7265625
8199.486438900001,baseline_start,-119741.015625,-178976.796875,-105777.9296875,-7462.80029296875,-375000.03125,-375000.03125,-129152.3515625,-102101.78125
8199.565696500002,baseline_start,-119542.265625,-178987.796875,-106654.875,-8003.8466796875,-375000.03125,-375000.03125,-129096.609375,-102010.765625
8199.614964100005,baseline_start,-119364.078125,-179025.125,-107697.8515625,-9136.0068359375,-375000.03125,-375000.03125,-129093.75,-102119.796875
8199.702983200006,baseline_start,-119427.2421875,-179097.328125,-107864.640625,-9501.234375,-375000.03125,-375000.03125,-129112.7890625,-102269.109375
8199.774739400007,baseline_start,-119885.9453125,-179346.0625,-106863.28125,-8650.4375,-375000.03125,-375000.03125,-129157.453125,-102299.234375
8199.8877319,baseline_start,-119719.9140625,-179223.484375,-106997.9765625,-8294.732421875,-375000.03125,-375000.03125,-129133.0,-102054.890625
8199.934478900002,baseline_start,-119525.859375,-179246.71875,-107945.78125,-9308.919921875,-375000.03125,-375000.03125,-129200.40625,-102247.875
8200.026328500004,baseline_start,-119539.765625,-179189.0625,-107749.53125,-9450.138671875,-375000.03125,-375000.03125,-129234.5625,-102397.5390625
8200.094343500006,baseline_start,-119751.34375,-179161.34375,-106564.171875,-8329.9140625,-375000.03125,-375000.03125,-129291.46875,-102395.21875
8200.167056100006,baseline_start,-119855.9921875,-179086.28125,-105918.7421875,-7401.19873046875,-375000.03125,-375000.03125,-129259.640625,-102178.5859375
8200.2488056,baseline_start,-119612.4921875,-179284.59375,-107845.109375,-9513.0810546875,-375000.03125,-375000.03125,-129306.5390625,-102468.3046875
8200.331885100002,baseline_start,-119816.2109375,-179213.953125,-106625.59375,-8357.00390625,-375000.03125,-375000.03125,-129315.1640625,-102427.984375
8200.415710300003,baseline_start,-119903.203125,-179114.578125,-105945.1640625,-7432.1337890625,-375000.03125,-375000.03125,-129314.5390625,-102212.46875
8200.501955600006,baseline_start,-119762.7421875,-179189.40625,-106938.4296875,-8212.5673828125,-375000.03125,-375000.03125,-129265.5390625,-102169.4140625
8200.588447000007,baseline_start,-119605.1640625,-179256.921875,-107868.796875,-9213.5224609375,-375000.03125,-375000.03125,-129288.65625,-102330.21875
8200.6752842,baseline_start,-119904.0078125,-179202.375,-106403.8203125,-8083.3740234375,-375000.03125,-375000.03125,-129359.1953125,-102434.1484375
8200.763979100002,baseline_start,-120008.96875,-179242.609375,-106085.7578125,-7468.65625,-375000.03125,-375000.03125,-129377.2109375,-102268.8828125
8200.851120300003,baseline_start,-119833.421875,-179279.625,-107217.25,-8422.2265625,-375000.03125,-375000.03125,-129352.1796875,-102283.6328125
8200.940107800006,baseline_start,-119725.28125,-179368.8125,-108020.390625,-9424.2998046875,-375000.03125,-375000.03125,-129411.859375,-102473.1328125
8201.028030600008,baseline_start,-119806.28125,-179398.40625,-107767.546875,-9478.6591796875,-375000.03125,-375000.03125,-129460.453125,-102609.2109375
8201.122004300001,baseline_start,-119947.90625,-179187.9375,-106233.6328125,-7537.6337890625,-375000.03125,-375000.03125,-129364.921875,-102176.796875
8201.206551600002,baseline_start,-119726.84375,-179259.328125,-107408.9765625,-8585.796875,-375000.03125,-375000.03125,-129360.3125,-102243.984375
8201.223672200003,baseline_start,-119592.734375,-179259.640625,-107964.421875,-9309.9931640625,-375000.03125,-375000.03125,-129343.953125,-102375.5
8201.265436000005,baseline_start,-119665.421875,-179205.421875,-107470.71875,-9033.9931640625,-375000.03125,-375000.03125,-129293.703125,-102389.8984375
8201.320583900007,baseline_start,-119843.96875,-179113.28125,-106151.9609375,-7755.78662109375,-375000.03125,-375000.03125,-129264.3359375,-102243.5390625
8201.406371500001,baseline_start,-119598.953125,-179175.28125,-107429.859375,-8662.5078125,-375000.03125,-375000.03125,-129207.6953125,-102124.7578125
8201.485641800002,baseline_start,-119535.25,-179238.546875,-107871.3515625,-9364.486328125,-375000.03125,-375000.03125,-129231.1171875,-102298.4296875
8201.569824800004,baseline_start,-119691.7109375,-179230.671875,-107219.703125,-8934.259765625,-375000.03125,-375000.03125,-129272.6484375,-102381.578125
8201.662151600005,baseline_start,-119849.515625,-179102.640625,-105933.359375,-7523.19482421875,-375000.03125,-375000.03125,-129241.8515625,-102151.265625
8201.753266300007,baseline_start,-119768.5078125,-179060.84375,-106161.9296875,-7429.36181640625,-375000.03125,-375000.03125,-129164.78125,-101977.1015625
8201.802995700002,baseline_start,-119559.296875,-179126.96875,-107313.1796875,-8549.9443359375,-375000.03125,-375000.03125,-129147.65625,-102053.9453125
8201.903253400003,baseline_start,-119498.5,-179221.59375,-107810.6875,-9258.091796875,-375000.03125,-375000.03125,-129168.8046875,-102228.78125
8201.957598700004,baseline_start,-119620.09375,-179194.78125,-107191.5390625,-8858.9794921875,-375000.03125,-375000.03125,-129181.9453125,-102292.578125
8202.045593300007,baseline_start,-119770.5234375,-179033.21875,-105857.0078125,-7438.03466796875,-375000.03125,-375000.03125,-129130.5859375,-102058.9140625
8202.1351902,baseline_start,-119723.2734375,-179007.609375,-106009.8046875,-7293.7314453125,-375000.03125,-375000.03125,-129103.9375,-101923.1015625
8202.223341900002,baseline_start,-119571.5,-179108.671875,-107214.7890625,-8445.830078125,-375000.03125,-375000.03125,-129144.6171875,-102061.859375
8202.301963800004,baseline_start,-119556.2109375,-179247.578125,-107758.5625,-9213.5673828125,-375000.03125,-375000.03125,-129179.3984375,-102218.546875
8202.382736900006,baseline_start,-119762.609375,-179329.421875,-107222.96875,-8901.1796875,-375000.03125,-375000.03125,-129184.0,-102276.3046875
8202.465847500007,baseline_start,-119827.7890625,-179136.078125,-105907.1640625,-7532.71630859375,-375000.03125,-375000.03125,-129196.25,-102133.4765625
8202.548798400001,baseline_start,-119576.421875,-179169.609375,-107327.3046875,-8595.9892578125,-375000.03125,-375000.03125,-129162.1875,-102082.78125
8202.635707900003,baseline_start,-119535.7421875,-179213.546875,-107688.6875,-9195.8203125,-375000.03125,-375000.03125,-129205.1953125,-102253.953125
8202.724424400005,baseline_start,-119685.359375,-179180.46875,-106955.8203125,-8675.203125,-375000.03125,-375000.03125,-129236.3046875,-102317.7421875
8202.813284200005,baseline_start,-119832.171875,-179055.609375,-105706.625,-7294.5361328125,-375000.03125,-375000.03125,-129185.65625,-102086.71875
8202.902077300007,baseline_start,-119718.21875,-179021.015625,-106052.5,-7309.51171875,-375000.03125,-375000.03125,-129125.4453125,-101928.6484375
8202.9909504,baseline_start,-119492.5078125,-179141.359375,-107648.0078125,-9119.109375,-375000.03125,-375000.03125,-129147.125,-102202.2734375
8203.088468400003,baseline_start,-119726.890625,-179165.71875,-106720.8125,-8432.0166015625,-375000.03125,-375000.03125,-129234.7890625,-102285.203125
8203.177106800003,baseline_start,-119877.2265625,-179081.09375,-105667.734375,-7186.13037109375,-375000.03125,-375000.03125,-129229.375,-102066.375
8203.217261000005,baseline_start,-119798.4140625,-179115.75,-106351.3828125,-7570.75927734375,-375000.03125,-375000.03125,-129207.921875,-101999.9921875
8203.257185100007,baseline_start,-119664.265625,-179231.875,-107421.671875,-8726.12109375,-375000.03125,-375000.03125,-129245.6484375,-102155.5625
8203.3128632,baseline_start,-119700.0703125,-179324.640625,-107725.8828125,-9295.0615234375,-375000.03125,-375000.03125,-129307.875,-102345.1484375
8203.393427100003,baseline_start,-119823.1796875,-179262.1875,-106833.15625,-8533.9404296875,-375000.03125,-375000.03125,-129290.9765625,-102344.390625
8203.472728100005,baseline_start,-119984.9609375,-179169.5625,-105782.171875,-7301.06298828125,-375000.03125,-375000.03125,-129333.890625,-102191.3671875
8203.5528188,baseline_start,-119892.4765625,-179207.390625,-106305.7890625,-7980.55615234375,-375000.03125,-375000.03125,-129320.390625,-102308.265625
8203.615941000002,baseline_start,-119957.0234375,-179146.625,-105742.4765625,-7153.13916015625,-375000.03125,-375000.03125,-129303.71875,-102103.125
8203.680996600004,baseline_start,-119774.5,-179203.671875,-106683.265625,-7930.93505859375,-375000.03125,-375000.03125,-129243.859375,-102040.9375
8203.767896700007,baseline_start,-119642.7578125,-179290.09375,-107570.9375,-8886.9638671875,-375000.03125,-375000.03125,-129313.6015625,-102228.6484375
8203.849679200008,baseline_start,-119711.2890625,-179321.953125,-107526.4140625,-9079.099609375,-375000.03125,-375000.03125,-129366.5703125,-102396.8671875
8203.937660900001,baseline_start,-119799.359375,-179212.484375,-106701.140625,-7874.60888671875,-375000.03125,-375000.03125,-129329.0625,-102108.484375
8203.968180400003,baseline_start,-119681.921875,-179284.71875,-107547.7421875,-8860.3203125,-375000.03125,-375000.03125,-129349.8984375,-102263.875
8204.040129700004,baseline_start,-119719.7421875,-179327.09375,-107535.4921875,-9099.484375,-375000.03125,-375000.03125,-129359.6875,-102398.96875
8204.119282600006,baseline_start,-119901.5,-179281.640625,-106420.8515625,-8050.2041015625,-375000.03125,-375000.03125,-129360.984375,-102326.90625
8204.197092,baseline_start,-120034.671875,-179238.09375,-105790.0,-7325.87353515625,-375000.03125,-375000.03125,-129387.9375,-102236.7890625
8204.278977700002,baseline_start,-119955.015625,-179232.859375,-106149.1875,-7360.9208984375,-375000.03125,-375000.03125,-129334.7421875,-102086.359375
8204.366038600005,baseline_start,-119782.3203125,-179308.328125,-107269.7734375,-8468.896484375,-375000.03125,-375000.03125,-129338.453125,-102201.0703125
8204.455294100006,baseline_start,-119716.3828125,-179367.953125,-107686.71875,-9125.814453125,-375000.03125,-375000.03125,-129365.6328125,-102355.96875
8204.544821000007,baseline_start,-119906.328125,-179375.0625,-107099.453125,-8717.4033203125,-375000.03125,-375000.03125,-129424.421875,-102451.8515625
8204.634858700001,baseline_start,-120015.8515625,-179294.15625,-106380.53125,-7590.205078125,-375000.03125,-375000.03125,-129409.84375,-102175.046875
8204.723781100003,baseline_start,-119891.578125,-179414.265625,-107489.7109375,-8715.212890625,-375000.03125,-375000.03125,-129469.125,-102345.015625
8204.815902700004,baseline_start,-119920.7734375,-179512.03125,-107849.1328125,-9279.5048828125,-375000.03125,-375000.03125,-129543.2890625,-102546.7578125
8204.905469500005,baseline_start,-120097.6171875,-179515.96875,-107054.5234375,-8679.9423828125,-375000.03125,-375000.03125,-129610.4765625,-102623.203125
8204.997752300007,baseline_start,-120309.6015625,-179449.640625,-106013.25,-7455.55810546875,-375000.03125,-375000.03125,-129654.640625,-102477.9140625
8205.095782100001,baseline_start,-120100.5703125,-179614.140625,-107746.984375,-8982.271484375,-375000.03125,-375000.03125,-129669.796875,-102552.5234375
8205.186019400002,baseline_start,-120388.7734375,-179977.21875,-108024.6796875,-9513.70703125,-375000.03125,-375000.03125,-129765.8671875,-102775.0625
8205.226188800005,baseline_start,-120367.09375,-179776.546875,-107020.640625,-8651.197265625,-375000.03125,-375000.03125,-129792.640625,-102782.4375
8205.266064600006,baseline_start,-120441.078125,-179667.203125,-106079.9921875,-7469.14794921875,-375000.03125,-375000.03125,-129789.6015625,-102584.0859375
8205.307397300006,baseline_start,-120394.984375,-179704.671875,-106823.453125,-7981.27099609375,-375000.03125,-375000.03125,-129805.2890625,-102554.2265625
8205.4127657,baseline_start,-120288.6328125,-179888.171875,-107977.3828125,-9501.0556640625,-375000.03125,-375000.03125,-129909.5,-102920.65625
8205.449615500002,baseline_start,-120486.5390625,-179850.046875,-106930.1171875,-8536.2646484375,-375000.03125,-375000.03125,-129934.890625,-102895.0859375
8205.524375600004,baseline_start,-120575.5390625,-179752.984375,-106187.7265625,-7540.0029296875,-375000.03125,-375000.03125,-129920.4453125,-102681.3203125
8205.594754900005,baseline_start,-120454.484375,-179802.4375,-107074.953125,-8192.2265625,-375000.03125,-375000.03125,-129915.3515625,-102671.6640625
8205.673964100008,baseline_start,-120335.84375,-179901.765625,-107978.0546875,-9255.365234375,-375000.03125,-375000.03125,-129932.7890625,-102810.2890625
8205.784038000002,baseline_start,-120614.8828125,-179879.453125,-106754.296875,-8345.9619140625,-375000.03125,-375000.03125,-129985.71875,-102910.734375
8205.857120500003,baseline_start,-120623.640625,-179790.671875,-106263.40625,-7568.07666015625,-375000.03125,-375000.03125,-129967.7890625,-102705.7734375
8205.928778700005,baseline_start,-120467.9375,-179837.609375,-107242.3671875,-8375.9580078125,-375000.03125,-375000.03125,-129930.1484375,-102706.75
8205.997721200005,baseline_start,-120352.6953125,-179910.03125,-108042.7421875,-9329.39453125,-375000.03125,-375000.03125,-129943.15625,-102832.953125
8206.075794600007,baseline_start,-120399.0546875,-179921.390625,-107933.3515625,-9434.849609375,-375000.03125,-375000.03125,-129980.578125,-102981.6796875
8206.162568900001,baseline_start,-120431.421875,-179809.046875,-107164.09375,-8285.12109375,-375000.03125,-375000.03125,-129915.3515625,-102667.0546875
8206.218242800003,baseline_start,-120343.1328125,-179907.703125,-107999.6953125,-9250.08984375,-375000.03125,-375000.03125,-129945.84375,-102827.6796875
8206.300041400003,baseline_start,-120410.046875,-179951.75,-107965.09375,-9444.7744140625,-375000.03125,-375000.03125,-130004.0,-102995.0
8206.383796900005,baseline_start,-120605.8046875,-179894.828125,-106826.0,-8403.00390625,-375000.03125,-375000.03125,-130018.6640625,-102946.8125
8206.468569800007,baseline_start,-120878.71875,-180002.484375,-106211.0625,-7555.42578125,-375000.03125,-375000.03125,-129990.1875,-102718.78125
8206.5544857,baseline_start,-120510.1875,-180106.59375,-108134.828125,-9432.525390625,-375000.03125,-375000.03125,-130017.234375,-102904.390625
8206.640843100002,baseline_start,-120481.9296875,-180013.703125,-107860.0859375,-9377.5400390625,-375000.03125,-375000.03125,-130016.78125,-103002.515625
8206.727483300005,baseline_start,-120640.8125,-179901.671875,-106639.140625,-8184.26953125,-375000.03125,-375000.03125,-130029.2109375,-102905.4140625
8206.815008500005,baseline_start,-120657.9296875,-179811.640625,-106215.0859375,-7476.8369140625,-375000.03125,-375000.03125,-129992.1953125,-102692.8046875
8206.906038800007,baseline_start,-120465.4375,-179817.859375,-107230.5234375,-8345.6943359375,-375000.03125,-375000.03125,-129932.34375,-102681.8125
8206.9956397,baseline_start,-120463.3828125,-179954.46875,-107672.7265625,-9203.822265625,-375000.03125,-375000.03125,-130022.375,-102985.9296875
8207.092542100003,baseline_start,-120652.2109375,-179842.359375,-106404.578125,-7936.2548828125,-375000.03125,-375000.03125,-130020.9453125,-102833.9375
8207.182483600003,baseline_start,-120629.453125,-179795.734375,-106285.625,-7503.837890625,-375000.03125,-375000.03125,-129978.0234375,-102639.7890625
8207.223358800005,baseline_start,-120471.6484375,-179861.890625,-107356.8515625,-8498.22265625,-375000.03125,-375000.03125,-129968.1953125,-102707.828125
8207.264511900008,baseline_start,-120388.1484375,-179929.703125,-108004.921875,-9354.0703125,-375000.03125,-375000.03125,-130003.8203125,-102876.1796875
8207.310546400002,baseline_start,-120496.6875,-179956.390625,-107711.4453125,-9253.353515625,-375000.03125,-375000.03125,-130061.0390625,-103010.9140625
8207.408627100003,baseline_start,-120659.984375,-179877.765625,-106478.5234375,-8015.201171875,-375000.03125,-375000.03125,-130047.984375,-102881.5859375
8207.480189600004,baseline_start,-120683.3203125,-179797.515625,-106216.109375,-7472.94775390625,-375000.03125,-375000.03125,-130024.609375,-102686.328125
8207.554377500006,baseline_start,-120492.9296875,-179859.34375,-107304.1015625,-8457.9443359375,-375000.03125,-375000.03125,-129987.1484375,-102716.0546875
8207.6452785,baseline_start,-120378.84375,-179915.0,-107941.7578125,-9263.5458984375,-375000.03125,-375000.03125,-129997.609375,-102842.25
8207.713099100003,baseline_start,-120446.6640625,-179929.703125,-107656.90625,-9195.373046875,-375000.03125,-375000.03125,-130019.2890625,-102961.828125
8207.797288500004,baseline_start,-120627.0390625,-179834.984375,-106439.671875,-7978.09716796875,-375000.03125,-375000.03125,-130025.7734375,-102845.46875
8207.867925800005,baseline_start,-120634.90625,-179762.609375,-106080.8359375,-7344.42529296875,-375000.03125,-375000.03125,-129977.671875,-102624.9921875
8207.944713100007,baseline_start,-120483.765625,-179884.234375,-107188.0546875,-8295.7158203125,-375000.03125,-375000.03125,-129991.078125,-102669.203125
8208.0363269,baseline_start,-120510.5859375,-180024.703125,-107540.5,-9091.794921875,-375000.03125,-375000.03125,-130090.5,-102992.5
8208.129165300003,baseline_start,-120697.671875,-179920.71875,-106305.1640625,-7770.44970703125,-375000.03125,-375000.03125,-130076.1953125,-102840.7734375
8208.186266900004,baseline_start,-120683.765625,-179859.390625,-106250.171875,-7451.892578125,-375000.03125,-375000.03125,-130027.2890625,-102648.640625
8208.258028300006,baseline_start,-120509.0234375,-179968.5,-107360.7421875,-8498.177734375,-375000.03125,-375000.03125,-130030.375,-102713.6796875
8208.334476400001,baseline_start,-120459.8515625,-180027.96875,-107818.1953125,-9071.6787109375,-375000.03125,-375000.03125,-130067.5234375,-102815.4296875
8208.409575000001,baseline_start,-120500.53125,-180101.28125,-107880.0234375,-9359.5693359375,-375000.03125,-375000.03125,-130147.8125,-103001.796875
8208.491212000004,baseline_start,-120667.5390625,-180078.078125,-106852.734375,-8410.201171875,-375000.03125,-375000.03125,-130139.671875,-102949.2265625
8208.574479900006,baseline_start,-120770.71875,-179982.359375,-106027.2421875,-7332.08740234375,-375000.03125,-375000.03125,-130108.5625,-102730.046875
8208.658112900008,baseline_start,-120615.0625,-180008.25,-106834.4921875,-7932.2314453125,-375000.03125,-375000.03125,-130060.0546875,-102667.015625
8208.7415794,baseline_start,-120541.296875,-180162.515625,-107787.53125,-9284.51171875,-375000.03125,-375000.03125,-130140.9296875,-103016.5078125
8208.827557700002,baseline_start,-120728.609375,-180079.8125,-106608.7421875,-8138.9404296875,-375000.03125,-375000.03125,-130144.859375,-102939.4375
8208.914501200004,baseline_start,-120766.3828125,-179980.890625,-106064.8828125,-7305.130859375,-375000.03125,-375000.03125,-130096.671875,-102698.484375
8209.011690400006,baseline_start,-120600.578125,-180023.53125,-107014.9609375,-8086.81591796875,-375000.03125,-375000.03125,-130070.4296875,-102707.109375
8209.102692000008,baseline_start,-120512.6484375,-180112.984375,-107875.3671875,-9092.33203125,-375000.03125,-375000.03125,-130136.859375,-102897.4609375
8209.1897922,baseline_start,-120780.0625,-180076.234375,-106431.2734375,-7916.853515625,-375000.03125,-375000.03125,-130157.2890625,-102912.2109375
8209.229351700002,baseline_start,-120769.9609375,-180009.140625,-106160.2734375,-7371.78369140625,-375000.03125,-375000.03125,-130147.0078125,-102739.703125
8209.274798700004,baseline_start,-120599.1875,-180074.140625,-107211.6171875,-8309.529296875,-375000.03125,-375000.03125,-130097.8359375,-102749.359375
8209.346492800005,baseline_start,-120523.4609375,-180178.25,-107930.4921875,-9211.33203125,-375000.03125,-375000.03125,-130148.8359375,-102933.3125
8209.4340584,baseline_start,-120560.5703125,-180206.953125,-107926.828125,-9380.7138671875,-375000.03125,-375000.03125,-130171.7265625,-103033.1328125
8209.485777600003,baseline_start,-120757.3515625,-180231.546875,-107016.2109375,-8586.2880859375,-375000.03125,-375000.03125,-130201.765625,-103036.578125
8209.552583000004,baseline_start,-120884.3515625,-180114.421875,-106027.1015625,-7426.724609375,-375000.03125,-375000.03125,-130168.2421875,-102807.6953125
8209.657855700005,baseline_start,-120790.078125,-180174.234375,-106763.5078125,-7871.61376953125,-375000.03125,-375000.03125,-130186.9296875,-102789.6328125
8209.703941300008,baseline_start,-120659.140625,-180272.21875,-107776.3515625,-8935.958984375,-375000.03125,-375000.03125,-130206.015625,-102931.75
8209.7738513,baseline_start,-120961.2421875,-180161.3125,-106119.328125,-7452.33935546875,-375000.03125,-375000.03125,-130235.828125,-102870.1875
8209.848979500002,baseline_start,-120813.5859375,-180177.0,-106759.3046875,-7844.16552734375,-375000.03125,-375000.03125,-130204.984375,-102803.7578125
8209.913600800004,baseline_start,-120678.09375,-180277.71875,-107768.3046875,-8940.5634765625,-375000.03125,-375000.03125,-130248.8828125,-102958.5703125
8210.006810800005,baseline_start,-120689.671875,-180344.5,-108029.8203125,-9409.279296875,-375000.03125,-375000.03125,-130293.859375,-103121.828125
8210.083497000007,baseline_start,-120853.0625,-180304.09375,-107161.0078125,-8714.6318359375,-375000.03125,-375000.03125,-130329.53125,-103157.71875
8210.190246,baseline_start,-120842.1953125,-180197.796875,-106950.8125,-8015.9609375,-375000.03125,-375000.03125,-130253.9375,-102860.0
8210.260309000003,baseline_start,-120677.1953125,-180297.03125,-107850.3359375,-9043.0234375,-375000.03125,-375000.03125,-130278.2578125,-103004.03125
8210.341431700004,baseline_start,-120736.4296875,-180330.515625,-107930.1328125,-9351.1650390625,-375000.03125,-375000.03125,-130327.6953125,-103151.6875
8210.423244100006,baseline_start,-120924.140625,-180287.953125,-106927.921875,-8450.12109375,-375000.03125,-375000.03125,-130365.6953125,-103145.96875
8210.508289700007,baseline_start,-121004.828125,-180155.234375,-106109.8515625,-7392.34765625,-375000.03125,-375000.03125,-130318.53125,-102911.046875
8210.6012219,baseline_start,-120726.4140625,-180318.9375,-107958.65625,-9204.8505859375,-375000.03125,-375000.03125,-130333.9140625,-103074.0390625
8210.681048000002,baseline_start,-120822.7109375,-180383.71875,-107865.1328125,-9329.4833984375,-375000.03125,-375000.03125,-130394.6640625,-103225.40625
8210.771493400003,baseline_start,-121037.375,-180337.265625,-106763.1484375,-8271.396484375,-375000.03125,-375000.03125,-130429.3984375,-103169.9296875
8210.870798500006,baseline_start,-121126.9609375,-180267.34375,-106223.9765625,-7500.8427734375,-375000.03125,-375000.03125,-130425.6015625,-102977.2109375
8210.963093900007,baseline_start,-120978.0078125,-180339.40625,-107179.828125,-8290.57421875,-375000.03125,-375000.03125,-130393.90625,-102984.8515625
8211.055359200001,baseline_start,-120925.5234375,-180458.546875,-107804.9609375,-9305.5673828125,-375000.03125,-375000.03125,-130471.28125,-103285.6640625
8211.144363800002,baseline_start,-121363.3046875,-180671.921875,-106695.109375,-8184.80615234375,-375000.03125,-375000.03125,-130523.6328125,-103219.7734375
8211.222347800003,baseline_start,-121262.1015625,-180516.125,-106385.0,-7610.9921875,-375000.03125,-375000.03125,-130514.6953125,-103048.5546875
8211.248589300005,baseline_start,-121018.1953125,-180520.453125,-107421.8984375,-8536.7119140625,-375000.03125,-375000.03125,-130517.375,-103108.640625
8211.297096600007,baseline_start,-120916.2734375,-180573.515625,-108108.9453125,-9392.91796875,-375000.03125,-375000.03125,-130557.7421875,-103278.5078125
8211.345326100001,baseline_start,-121027.40625,-180607.859375,-107884.5390625,-9378.6572265625,-375000.03125,-375000.03125,-130609.1484375,-103406.8125
8211.428483200003,baseline_start,-121204.7421875,-180499.8125,-106683.7109375,-8173.98779296875,-375000.03125,-375000.03125,-130607.8515625,-103297.5546875
8211.505144400006,baseline_start,-121224.8125,-180402.3125,-106343.7421875,-7532.671875,-375000.03125,-375000.03125,-130559.7109375,-103072.4296875
8211.590688100006,baseline_start,-121066.4296875,-180475.0,-107376.4765625,-8457.05078125,-375000.03125,-375000.03125,-130555.6875,-103118.515625
8211.6676958,baseline_start,-121004.9609375,-180578.21875,-108031.65625,-9475.171875,-375000.03125,-375000.03125,-130618.0,-103403.6796875
8211.706935800003,baseline_start,-121196.296875,-180528.0625,-106960.3359375,-8476.7646484375,-375000.03125,-375000.03125,-130641.6015625,-103351.78125
8211.812816900005,baseline_start,-121286.8671875,-180411.25,-106237.03125,-7520.95947265625,-375000.03125,-375000.03125,-130622.875,-103144.7109375
8211.865444800005,baseline_start,-121143.859375,-180451.34375,-107149.609375,-8219.2275390625,-375000.03125,-375000.03125,-130594.21875,-103116.8203125
8211.937318600007,baseline_start,-121019.265625,-180546.96875,-108045.2421875,-9242.7138671875,-375000.03125,-375000.03125,-130637.3125,-103269.171875
8212.0174563,baseline_start,-121304.4765625,-180408.875,-106253.796875,-7521.853515625,-375000.03125,-375000.03125,-130636.015625,-103137.828125
8212.073132800002,baseline_start,-121127.671875,-180445.359375,-107129.0,-8177.65380859375,-375000.03125,-375000.03125,-130604.1015625,-103099.6953125
8212.143625800005,baseline_start,-120997.9921875,-180519.15625,-107979.265625,-9179.5478515625,-375000.03125,-375000.03125,-130607.765625,-103237.7421875
8212.239121000006,baseline_start,-121044.03125,-180576.46875,-108049.984375,-9463.99609375,-375000.03125,-375000.03125,-130641.515625,-103382.9375
8212.308546000007,baseline_start,-121216.0078125,-180517.515625,-106976.296875,-8470.505859375,-375000.03125,-375000.03125,-130654.8359375,-103336.8046875
8212.379074,baseline_start,-121017.2109375,-180514.609375,-107980.9140625,-9163.41015625,-375000.03125,-375000.03125,-130607.9453125,-103232.2890625
8212.457216500003,baseline_start,-121029.640625,-180564.84375,-108024.3671875,-9445.8466796875,-375000.03125,-375000.03125,-130638.65625,-103364.7421875
8212.538550900004,baseline_start,-121217.21875,-180478.265625,-106991.1796875,-8464.91796875,-375000.03125,-375000.03125,-130656.71875,-103322.9921875
8212.620226900006,baseline_start,-121305.546875,-180350.71875,-106200.8671875,-7457.8828125,-375000.03125,-375000.03125,-130643.75,-103122.5
8212.703273700008,baseline_start,-121165.71875,-180416.65625,-107053.5390625,-8092.49365234375,-375000.03125,-375000.03125,-130620.5078125,-103083.9609375
8212.7937168,baseline_start,-121139.078125,-180586.3125,-107944.84375,-9385.67578125,-375000.03125,-375000.03125,-130722.34375,-103429.5234375
8212.883550200002,baseline_start,-121327.5859375,-180502.71875,-106772.8046875,-8252.666015625,-375000.03125,-375000.03125,-130723.7265625,-103335.9140625
8212.969631200003,baseline_start,-121367.0625,-180412.140625,-106289.9140625,-7471.20458984375,-375000.03125,-375000.03125,-130694.625,-103130.1875
8213.056347800006,baseline_start,-121209.84375,-180497.265625,-107282.0234375,-8331.478515625,-375000.03125,-375000.03125,-130680.1875,-103152.046875
8213.143937200008,baseline_start,-121112.1171875,-180619.5625,-108071.171875,-9300.7841796875,-375000.03125,-375000.03125,-130731.4609375,-103335.5546875
8213.2179023,baseline_start,-121429.0234375,-180552.25,-106566.8515625,-8024.90185546875,-375000.03125,-375000.03125,-130789.53125,-103356.515625
8213.249421700002,baseline_start,-121427.9453125,-180514.875,-106416.15625,-7590.16064453125,-375000.03125,-375000.03125,-130778.6640625,-103188.1640625
8213.307306700004,baseline_start,-121266.7890625,-180605.359375,-107530.390625,-8609.8916015625,-375000.03125,-375000.03125,-130784.921875,-103268.3203125
8213.396561500005,baseline_start,-121181.09375,-180685.859375,-108174.078125,-9436.50390625,-375000.03125,-375000.03125,-130812.1015625,-103423.578125
8213.483543000008,baseline_start,-121279.0390625,-180726.5,-107860.3046875,-9355.814453125,-375000.03125,-375000.03125,-130856.4921875,-103533.90625
8213.536415800001,baseline_start,-121494.421875,-180638.96875,-106621.703125,-8104.787109375,-375000.03125,-375000.03125,-130891.6328125,-103437.703125
8213.618378100004,baseline_start,-121492.0546875,-180553.3125,-106453.171875,-7607.416015625,-375000.03125,-375000.03125,-130843.6171875,-103242.34375
8213.696442700006,baseline_start,-121318.9140625,-180631.421875,-107495.078125,-8581.728515625,-375000.03125,-375000.03125,-130845.3671875,-103287.8515625
8213.786836300007,baseline_start,-121203.8984375,-180699.90625,-108139.7890625,-9415.4033203125,-375000.03125,-375000.03125,-130862.265625,-103453.078125
8213.857955000001,baseline_start,-121280.0703125,-180748.984375,-107880.2890625,-9340.212890625,-375000.03125,-375000.03125,-130894.265625,-103552.5859375
8213.939313900002,baseline_start,-121538.453125,-180681.96875,-106630.2890625,-8129.3291015625,-375000.03125,-375000.03125,-130920.6875,-103453.3046875
8214.026209600004,baseline_start,-121548.734375,-180622.65625,-106425.9921875,-7620.11181640625,-375000.03125,-375000.03125,-130920.0625,-103284.6328125
8214.095313800006,baseline_start,-121374.84375,-180708.96875,-107547.3828125,-8607.5673828125,-375000.03125,-375000.03125,-130909.8671875,-103335.7734375
8214.178496300006,baseline_start,-121301.171875,-180810.765625,-108217.796875,-9460.8671875,-375000.03125,-375000.03125,-130964.0546875,-103508.5546875
8214.2722666,baseline_start,-121589.28125,-180672.765625,-106472.0859375,-7633.29931640625,-375000.03125,-375000.03125,-130964.140625,-103324.828125
8214.349943800002,baseline_start,-121439.9296875,-180750.859375,-107539.734375,-8605.6005859375,-375000.03125,-375000.03125,-130959.3125,-103371.71875
8214.431543100003,baseline_start,-121368.5859375,-180872.640625,-108247.8828125,-9509.1474609375,-375000.03125,-375000.03125,-131014.296875,-103565.5546875
8214.514115900005,baseline_start,-121467.5078125,-180924.671875,-108001.125,-9464.2646484375,-375000.03125,-375000.03125,-131073.390625,-103692.9140625
8214.596540200007,baseline_start,-121666.6640625,-180824.09375,-106767.6171875,-8236.70703125,-375000.03125,-375000.03125,-131098.515625,-103575.4765625
8214.685428600002,baseline_start,-121477.65625,-180844.203125,-107797.046875,-8853.7939453125,-375000.03125,-375000.03125,-131044.875,-103469.9765625
8214.770038100003,baseline_start,-121425.7109375,-180927.390625,-108294.78125,-9572.5810546875,-375000.03125,-375000.03125,-131086.453125,-103627.5546875
8214.856113300004,baseline_start,-121566.9296875,-180949.65625,-107819.359375,-9303.8681640625,-375000.03125,-375000.03125,-131142.78125,-103733.640625
8214.942622200006,baseline_start,-121727.4140625,-180837.28125,-106610.21875,-7994.1904296875,-375000.03125,-375000.03125,-131130.265625,-103564.4375
8215.032016900008,baseline_start,-121718.1640625,-180808.703125,-106682.1484375,-7799.37255859375,-375000.03125,-375000.03125,-131112.25,-103415.6640625
8215.1230151,baseline_start,-121488.25,-181071.03125,-108317.0859375,-9660.9150390625,-375000.03125,-375000.03125,-131168.609375,-103708.6953125
8215.212319300002,baseline_start,-121659.9140625,-181095.53125,-107643.2734375,-9134.978515625,-375000.03125,-375000.03125,-131200.890625,-103766.453125
8215.252443000005,baseline_start,-121791.8359375,-180936.25,-106481.609375,-7831.291015625,-375000.03125,-375000.03125,-131185.78125,-103558.8046875
8215.282325500006,baseline_start,-121721.203125,-180920.515625,-106885.234375,-7938.2666015625,-375000.03125,-375000.03125,-131129.8125,-103424.6484375
8215.353355600007,baseline_start,-121540.6875,-181020.609375,-107947.4296875,-9029.970703125,-375000.03125,-375000.03125,-131155.0625,-103561.3984375
8215.402824800001,baseline_start,-121512.9765625,-181089.84375,-108301.484375,-9632.3046875,-375000.03125,-375000.03125,-131188.28125,-103710.03125
8215.494723500004,baseline_start,-121663.3984375,-181091.859375,-107639.203125,-9125.099609375,-375000.03125,-375000.03125,-131224.984375,-103769.265625
8215.571543300004,baseline_start,-121809.09375,-180965.9375,-106497.4296875,-7855.78857421875,-375000.03125,-375000.03125,-131209.46875,-103572.5703125
8215.640664500006,baseline_start,-121744.984375,-180922.296875,-106822.421875,-7921.77099609375,-375000.03125,-375000.03125,-131187.703125,-103464.96875
8215.721355700001,baseline_start,-121523.7890625,-181098.703125,-108285.75,-9563.7294921875,-375000.03125,-375000.03125,-131202.046875,-103675.609375
8215.773138800003,baseline_start,-121608.953125,-181104.78125,-107894.6796875,-9356.529296875,-375000.03125,-375000.03125,-131257.125,-103790.8125
8215.860921100004,baseline_start,-121822.234375,-181010.140625,-106681.609375,-8072.6005859375,-375000.03125,-375000.03125,-131263.296875,-103650.265625
8215.931589500005,baseline_start,-121805.515625,-180913.0,-106623.453125,-7722.3935546875,-375000.03125,-375000.03125,-131217.296875,-103456.4765625
8216.019671800008,baseline_start,-121612.53125,-180998.609375,-107705.8515625,-8740.6494140625,-375000.03125,-375000.03125,-131202.671875,-103527.375
8216.091242100001,baseline_start,-121690.8046875,-181120.25,-107662.5390625,-9141.2373046875,-375000.03125,-375000.03125,-131277.328125,-103791.171875
8216.171712600002,baseline_start,-121871.1796875,-180980.421875,-106513.7890625,-7852.927734375,-375000.03125,-375000.03125,-131273.890625,-103614.0078125
8216.251305600004,baseline_start,-121771.40625,-180934.0625,-106801.1484375,-7861.60009765625,-375000.03125,-375000.03125,-131244.703125,-103475.4296875
8216.340479800007,baseline_start,-121600.1875,-181045.328125,-107883.7734375,-8949.951171875,-375000.03125,-375000.03125,-131252.484375,-103583.921875
8216.443358100007,baseline_start,-121566.171875,-181121.671875,-108273.453125,-9605.3486328125,-375000.03125,-375000.03125,-131296.328125,-103752.5
8216.517237400001,baseline_start,-121886.7421875,-180968.4375,-106432.25,-7707.64111328125,-375000.03125,-375000.03125,-131290.65625,-103569.7578125
8216.620508500002,baseline_start,-121798.8515625,-180964.09375,-107002.671875,-8031.96484375,-375000.03125,-375000.03125,-131256.09375,-103480.2578125
8216.716467300004,baseline_start,-121640.875,-181073.75,-108015.7421875,-9114.28125,-375000.03125,-375000.03125,-131273.40625,-103602.8828125
8216.816215600005,baseline_start,-121642.6171875,-181171.921875,-108284.453125,-9630.5615234375,-375000.03125,-375000.03125,-131340.953125,-103798.6328125
8216.916305100007,baseline_start,-121795.140625,-181161.234375,-107491.0546875,-8971.2744140625,-375000.03125,-375000.03125,-131368.484375,-103816.609375
8217.023511200001,baseline_start,-121796.53125,-181013.40625,-107227.3515625,-8226.73828125,-375000.03125,-375000.03125,-131307.78125,-103535.515625
8217.122334400003,baseline_start,-121661.5703125,-181133.203125,-108135.3671875,-9268.552734375,-375000.03125,-375000.03125,-131338.359375,-103687.6796875
8217.218246800005,baseline_start,-121688.96875,-181195.484375,-108239.8359375,-9619.4755859375,-375000.03125,-375000.03125,-131386.765625,-103843.25
8217.261024700005,baseline_start,-121887.8125,-181176.84375,-107268.5625,-8747.3994140625,-375000.03125,-375000.03125,-131415.609375,-103828.3671875
8217.290802700007,baseline_start,-122007.84375,-181040.265625,-106436.234375,-7661.06005859375,-375000.03125,-375000.03125,-131391.953125,-103602.1640625
8217.312278600002,baseline_start,-121898.9921875,-181108.0,-107236.6953125,-8260.623046875,-375000.03125,-375000.03125,-131402.640625,-103607.53125
8217.356121400004,baseline_start,-121728.53125,-181207.90625,-108156.015625,-9285.853515625,-375000.03125,-375000.03125,-131400.984375,-103721.5703125
8217.442535500004,baseline_start,-121757.953125,-181286.453125,-108310.828125,-9677.6787109375,-375000.03125,-375000.03125,-131474.25,-103909.28125
8217.5340132,baseline_start,-121721.25,-181271.390625,-108327.9453125,-9543.9267578125,-375000.03125,-375000.03125,-131442.15625,-103812.2265625
8217.586623200003,baseline_start,-121927.8671875,-181438.453125,-108085.8828125,-9535.4326171875,-375000.03125,-375000.03125,-131493.03125,-103941.640625
8217.653724600004,baseline_start,-122178.1640625,-181473.40625,-106899.046875,-8325.9794921875,-375000.03125,-375000.03125,-131530.0,-103839.5859375
8217.732862200006,baseline_start,-122067.390625,-181243.578125,-106617.859375,-7724.62841796875,-375000.03125,-375000.03125,-131464.953125,-103617.6796875
8217.814636100007,baseline_start,-121876.1875,-181314.078125,-107651.0078125,-8711.189453125,-375000.03125,-375000.03125,-131485.734375,-103706.7734375
8217.9039481,baseline_start,-121915.3984375,-181432.765625,-107890.5703125,-9369.359375,-375000.03125,-375000.03125,-131569.46875,-103990.4609375
8217.968226900002,baseline_start,-122100.421875,-181303.84375,-106683.3984375,-8054.49560546875,-375000.03125,-375000.03125,-131549.84375,-103808.921875
8218.056275800003,baseline_start,-122062.46875,-181235.3125,-106789.609375,-7845.14892578125,-375000.03125,-375000.03125,-131517.4375,-103661.6171875
8218.124177700005,baseline_start,-121893.625,-181338.21875,-107869.3359375,-8916.423828125,-375000.03125,-375000.03125,-131518.375,-103745.6640625
8218.224335600007,baseline_start,-121825.671875,-181445.734375,-108400.5,-9675.3544921875,-375000.03125,-375000.03125,-131572.0625,-103935.609375
8218.2977843,baseline_start,-121947.3125,-181456.328125,-107927.8984375,-9381.2060546875,-375000.03125,-375000.03125,-131600.765625,-103998.1953125
8218.377878000003,baseline_start,-122152.90625,-181344.84375,-106739.234375,-8117.88525390625,-375000.03125,-375000.03125,-131625.65625,-103862.7421875
8218.462130500006,baseline_start,-122129.5703125,-181276.171875,-106744.2421875,-7865.4443359375,-375000.03125,-375000.03125,-131599.6875,-103706.953125
8218.545549200006,baseline_start,-121952.859375,-181368.0,-107860.484375,-8927.912109375,-375000.03125,-375000.03125,-131593.296875,-103798.7265625
8218.642618,baseline_start,-121868.90625,-181461.46875,-108382.484375,-9676.78515625,-375000.03125,-375000.03125,-131634.5625,-103967.078125
8218.728178200003,baseline_start,-122001.4921875,-181477.875,-107940.328125,-9414.7783203125,-375000.03125,-375000.03125,-131660.578125,-104046.5625
8218.813915400004,baseline_start,-122196.671875,-181359.328125,-106734.671875,-8132.32421875,-375000.03125,-375000.03125,-131666.171875,-103893.0078125
8218.900123300005,baseline_start,-122152.1484375,-181274.421875,-106736.953125,-7817.65625,-375000.03125,-375000.03125,-131627.046875,-103721.96875
8218.990389700008,baseline_start,-121971.6796875,-181359.015625,-107813.4140625,-8870.826171875,-375000.03125,-375000.03125,-131601.296875,-103777.625
8219.076389400001,baseline_start,-122059.609375,-181481.9375,-107753.375,-9225.7265625,-375000.03125,-375000.03125,-131698.34375,-104054.5625
8219.166008000002,baseline_start,-122213.390625,-181326.640625,-106558.765625,-7914.39501953125,-375000.03125,-375000.03125,-131674.4375,-103850.4453125
8219.253394300003,baseline_start,-122130.328125,-181301.109375,-106923.234375,-7994.1904296875,-375000.03125,-375000.03125,-131644.890625,-103736.5
8219.294414300006,baseline_start,-121984.5546875,-181405.59375,-107973.6328125,-9049.5947265625,-375000.03125,-375000.03125,-131648.46875,-103840.078125
8219.329497000008,baseline_start,-121972.171875,-181536.4375,-108400.640625,-9719.07421875,-375000.03125,-375000.03125,-131733.0,-104059.171875
8219.398377900001,baseline_start,-122138.015625,-181556.953125,-107818.109375,-9289.4736328125,-375000.03125,-375000.03125,-131766.796875,-104116.65625
8219.488432000004,baseline_start,-122291.890625,-181414.65625,-106664.265625,-7987.9765625,-375000.03125,-375000.03125,-131760.0,-103909.90625
8219.583802500005,baseline_start,-122214.015625,-181363.5625,-106910.2265625,-7990.30126953125,-375000.03125,-375000.03125,-131728.703125,-103791.3984375
8219.643056100007,baseline_start,-122035.734375,-181475.8125,-107984.9375,-9069.9794921875,-375000.03125,-375000.03125,-131720.4375,-103881.25
8219.7374354,baseline_start,-121995.4609375,-181560.9375,-108425.2265625,-9718.806640625,-375000.03125,-375000.03125,-131766.125,-104049.3359375
8219.804252200003,baseline_start,-122134.9375,-181582.25,-107821.0546875,-9303.1083984375,-375000.03125,-375000.03125,-131813.734375,-104144.59375
8219.882185100005,baseline_start,-122331.046875,-181428.703125,-106639.09375,-7985.4287109375,-375000.03125,-375000.03125,-131786.734375,-103929.21875
8219.972804100005,baseline_start,-122246.2890625,-181386.234375,-106880.453125,-7943.5859375,-375000.03125,-375000.03125,-131749.40625,-103806.234375
8220.064630600007,baseline_start,-122072.5703125,-181504.078125,-107985.7890625,-9038.1953125,-375000.03125,-375000.03125,-131759.59375,-103921.6171875
8220.132724900002,baseline_start,-122036.09375,-181589.09375,-108418.65625,-9710.9384765625,-375000.03125,-375000.03125,-131809.796875,-104109.8203125
8220.213239600003,baseline_start,-122193.2265625,-181616.5,-107886.8125,-9345.755859375,-375000.03125,-375000.03125,-131867.109375,-104196.1875
8220.298768800005,baseline_start,-122382.234375,-181495.890625,-106711.7421875,-8054.71923828125,-375000.03125,-375000.03125,-131856.5625,-104014.6875
8220.368000100007,baseline_start,-122330.828125,-181450.296875,-106936.8671875,-7987.216796875,-375000.03125,-375000.03125,-131834.03125,-103885.5859375
8220.4949856,baseline_start,-122119.6875,-181659.6875,-108447.7109375,-9696.0078125,-375000.03125,-375000.03125,-131867.203125,-104136.28125
8220.576260600003,baseline_start,-122253.171875,-181733.75,-108155.5703125,-9619.6982421875,-375000.03125,-375000.03125,-131955.3125,-104297.6640625
8220.673818500003,baseline_start,-122467.2578125,-181646.265625,-107001.734375,-8427.009765625,-375000.03125,-375000.03125,-131995.578125,-104185.5
8220.769687700005,baseline_start,-122470.078125,-181574.078125,-106836.0625,-7949.666015625,-375000.03125,-375000.03125,-131970.59375,-104021.8828125
8220.865961100008,baseline_start,-122311.734375,-181650.46875,-107927.2265625,-8950.30859375,-375000.03125,-375000.03125,-131962.546875,-104084.9140625
8220.964203900001,baseline_start,-122338.734375,-181795.625,-108018.8671875,-9490.6845703125,-375000.03125,-375000.03125,-132027.453125,-104351.0859375
8221.057817300003,baseline_start,-122548.6171875,-181664.953125,-106843.4375,-8186.37060546875,-375000.03125,-375000.03125,-132037.34375,-104185.1875
8221.151380000005,baseline_start,-122501.4140625,-181619.359375,-107041.875,-8101.03173828125,-375000.03125,-375000.03125,-132023.75,-104067.21875
8221.244332300006,baseline_start,-122338.203125,-181729.953125,-108160.4921875,-9187.2822265625,-375000.03125,-375000.03125,-132027.453125,-104170.8828125
8221.284790600008,baseline_start,-122300.7421875,-181828.703125,-108626.96875,-9892.0322265625,-375000.03125,-375000.03125,-132091.609375,-104356.265625
8221.295128000002,baseline_start,-122420.859375,-181852.9375,-108099.9609375,-9566.6806640625,-375000.03125,-375000.03125,-132133.765625,-104432.1328125
8221.336783100003,baseline_start,-122602.0390625,-181716.09375,-106904.859375,-8263.9755859375,-375000.03125,-375000.03125,-132121.0625,-104250.5
8221.395054300005,baseline_start,-122542.046875,-181641.9375,-107063.2421875,-8110.5087890625,-375000.03125,-375000.03125,-132075.515625,-104093.6328125
8221.459739900007,baseline_start,-122373.78125,-181723.5625,-108120.03125,-9185.6279296875,-375000.03125,-375000.03125,-132067.515625,-104197.6171875
8221.5449315,baseline_start,-122298.328125,-181833.9375,-108637.34375,-9872.4072265625,-375000.03125,-375000.03125,-132115.171875,-104361.5
8221.617964500003,baseline_start,-122442.046875,-181873.5,-108125.4453125,-9569.720703125,-375000.03125,-375000.03125,-132171.09375,-104462.9296875
8221.691094400005,baseline_start,-122626.359375,-181755.578125,-106946.1171875,-8305.2822265625,-375000.03125,-375000.03125,-132165.015625,-104292.7890625
8221.778484100005,baseline_start,-122622.9609375,-181693.21875,-107088.5,-8122.26611328125,-375000.03125,-375000.03125,-132156.296875,-104166.1015625
8221.842130400008,baseline_start,-122465.515625,-181834.03125,-108183.15625,-9196.669921875,-375000.03125,-375000.03125,-132159.015625,-104264.71875
8221.938698400001,baseline_start,-122583.3515625,-181940.46875,-107980.15625,-9447.1435546875,-375000.03125,-375000.03125,-132264.34375,-104526.1875
8221.999261200002,baseline_start,-122762.6171875,-181832.0625,-106888.453125,-8179.44189453125,-375000.03125,-375000.03125,-132276.015625,-104341.6015625
8222.076137300004,baseline_start,-122698.375,-181819.3125,-107355.2421875,-8358.703125,-375000.03125,-375000.03125,-132269.96875,-104258.1015625
8222.172913600005,baseline_start,-122562.390625,-181959.328125,-108405.015625,-9464.130859375,-375000.03125,-375000.03125,-132287.40625,-104398.8671875
8222.247135800008,baseline_start,-122499.890625,-182055.171875,-108782.984375,-10058.3291015625,-375000.03125,-375000.03125,-132340.703125,-104570.3515625
8222.3412153,baseline_start,-122812.4609375,-181877.078125,-106883.984375,-8113.951171875,-375000.03125,-375000.03125,-132346.5,-104366.3671875
8222.421428300002,baseline_start,-122715.8125,-181920.53125,-107628.7421875,-8610.427734375,-375000.03125,-375000.03125,-132336.046875,-104332.578125
8222.513274900004,baseline_start,-122590.59375,-182044.265625,-108577.8828125,-9678.4833984375,-375000.03125,-375000.03125,-132367.515625,-104482.9609375
8222.599082100005,baseline_start,-122633.109375,-182152.453125,-108744.8984375,-10120.466796875,-375000.03125,-375000.03125,-132442.53125,-104669.3671875
8222.684885400007,baseline_start,-122819.4765625,-182139.703125,-107930.265625,-9369.0908203125,-375000.03125,-375000.03125,-132496.078125,-104698.9609375
8222.7700674,baseline_start,-122794.3125,-182040.6875,-107924.453125,-8896.306640625,-375000.03125,-375000.03125,-132447.09375,-104442.3671875
8222.859947500003,baseline_start,-122673.4765625,-182186.328125,-108791.34375,-9926.8564453125,-375000.03125,-375000.03125,-132491.25,-104609.46875
8222.950038300003,baseline_start,-122759.6171875,-182269.796875,-108787.4140625,-10162.98046875,-375000.03125,-375000.03125,-132541.375,-104758.9140625
8223.036760300005,baseline_start,-122959.9375,-182224.109375,-107739.921875,-9164.6171875,-375000.03125,-375000.03125,-132580.65625,-104727.3515625
8223.126215600007,baseline_start,-123071.203125,-182120.9375,-107084.25,-8250.654296875,-375000.03125,-375000.03125,-132598.859375,-104556.453125
8223.212685800001,baseline_start,-122780.8125,-182300.46875,-108925.1875,-10096.908203125,-375000.03125,-375000.03125,-132616.0625,-104744.15625
8223.288972000002,baseline_start,-122869.28125,-182376.421875,-108764.2109375,-10158.2861328125,-375000.03125,-375000.03125,-132676.953125,-104880.4609375
8223.306563600005,baseline_start,-123103.5234375,-182283.65625,-107590.5234375,-8969.576171875,-375000.03125,-375000.03125,-132697.921875,-104789.265625
8223.360215000006,baseline_start,-123147.515625,-182185.0,-107245.9921875,-8331.880859375,-375000.03125,-375000.03125,-132669.171875,-104585.015625
8223.463234100007,baseline_start,-122997.484375,-182288.9375,-108309.9375,-9275.4375,-375000.03125,-375000.03125,-132679.1875,-104656.8515625
8223.5214446,baseline_start,-122881.5234375,-182397.109375,-109027.515625,-10175.36328125,-375000.03125,-375000.03125,-132716.46875,-104814.7890625
8223.598226500004,baseline_start,-122992.75,-182475.125,-108820.5390625,-10220.55859375,-375000.03125,-375000.03125,-132786.53125,-104963.296875
8223.666289200004,baseline_start,-123206.03125,-182395.765625,-107678.5,-9060.369140625,-375000.03125,-375000.03125,-132820.140625,-104871.1171875
8223.768080500007,baseline_start,-123237.6328125,-182276.6875,-107312.328125,-8400.7236328125,-375000.03125,-375000.03125,-132786.203125,-104670.3515625
8223.8256399,baseline_start,-123059.2265625,-182367.203125,-108371.53125,-9311.2451171875,-375000.03125,-375000.03125,-132799.71875,-104741.65625
8223.912941700002,baseline_start,-122971.5625,-182467.75,-109043.296875,-10206.3427734375,-375000.03125,-375000.03125,-132815.046875,-104890.96875
8224.007275500004,baseline_start,-123053.1875,-182529.078125,-108909.5390625,-10277.8232421875,-375000.03125,-375000.03125,-132877.578125,-105035.1796875
8224.076523200005,baseline_start,-123270.046875,-182446.546875,-107759.2734375,-9130.4638671875,-375000.03125,-375000.03125,-132905.078125,-104938.0390625
8224.169525300007,baseline_start,-123314.2578125,-182350.84375,-107360.4296875,-8443.86328125,-375000.03125,-375000.03125,-132880.984375,-104742.90625
8224.227713200002,baseline_start,-123173.3984375,-182454.25,-108383.4296875,-9341.330078125,-375000.03125,-375000.03125,-132882.953125,-104797.671875
8224.308266400003,baseline_start,-123074.9609375,-182583.65625,-109150.1796875,-10290.2060546875,-375000.03125,-375000.03125,-132951.84375,-104991.6796875
8224.394246700005,baseline_start,-123200.3046875,-182672.890625,-109039.71875,-10403.0380859375,-375000.03125,-375000.03125,-133046.109375,-105166.0234375
8224.471791000007,baseline_start,-123416.1328125,-182616.390625,-107880.6875,-9280.220703125,-375000.03125,-375000.03125,-133076.65625,-105092.8046875
8224.575889700001,baseline_start,-123503.171875,-182518.578125,-107519.7578125,-8593.619140625,-375000.03125,-375000.03125,-133084.78125,-104914.8828125
8224.661641500003,baseline_start,-123382.921875,-182620.546875,-108519.953125,-9488.5830078125,-375000.03125,-375000.03125,-133096.234375,-104976.5703125
8224.745878300004,baseline_start,-123286.1796875,-182778.03125,-109325.6875,-10454.447265625,-375000.03125,-375000.03125,-133156.125,-105171.96875
8224.831568800006,baseline_start,-123378.0078125,-182848.484375,-109212.40625,-10564.1494140625,-375000.03125,-375000.03125,-133225.203125,-105328.65625
8224.917860800007,baseline_start,-123546.671875,-182745.265625,-108065.1796875,-9423.5400390625,-375000.03125,-375000.03125,-133234.0,-105223.875
8225.0074516,baseline_start,-123387.2578125,-182696.09375,-108789.15625,-9741.60546875,-375000.03125,-375000.03125,-133159.34375,-105051.359375
8225.095908200003,baseline_start,-123305.140625,-182786.484375,-109396.3203125,-10550.3359375,-375000.03125,-375000.03125,-133177.953125,-105185.6484375
8225.182257600003,baseline_start,-123400.21875,-182801.453125,-109036.2734375,-10392.1298828125,-375000.03125,-375000.03125,-133225.515625,-105302.7265625
8225.276448900006,baseline_start,-123565.7578125,-182673.734375,-107815.0234375,-9117.5888671875,-375000.03125,-375000.03125,-133193.640625,-105121.859375
8225.316616600006,baseline_start,-123546.8515625,-182549.46875,-107657.890625,-8685.0830078125,-375000.03125,-375000.03125,-133145.140625,-104933.125
8225.344159900002,baseline_start,-123417.34375,-182660.28125,-108743.421875,-9688.408203125,-375000.03125,-375000.03125,-133160.5625,-105008.625
8225.422236700004,baseline_start,-123317.609375,-182777.671875,-109363.859375,-10513.3212890625,-375000.03125,-375000.03125,-133212.0625,-105199.78125
8225.510140600005,baseline_start,-123413.1875,-182818.078125,-109029.2578125,-10393.60546875,-375000.03125,-375000.03125,-133243.390625,-105290.9765625
8225.606752200007,baseline_start,-123620.1171875,-182694.84375,-107857.1796875,-9147.361328125,-375000.03125,-375000.03125,-133254.921875,-105154.40625
8225.6638581,baseline_start,-123706.9296875,-182726.9375,-107739.9609375,-8731.9765625,-375000.03125,-375000.03125,-133216.484375,-104980.015625
8225.736914200003,baseline_start,-123534.6875,-182896.234375,-108782.1328125,-9730.02734375,-375000.03125,-375000.03125,-133196.359375,-105034.953125
8225.828478900004,baseline_start,-123338.125,-182862.78125,-109347.7265625,-10494.859375,-375000.03125,-375000.03125,-133217.234375,-105190.34375
8225.922774700006,baseline_start,-123412.6484375,-182870.4375,-109021.7890625,-10369.15234375,-375000.03125,-375000.03125,-133261.0,-105297.8984375
8226.0026225,baseline_start,-123516.8515625,-182802.65625,-108305.5078125,-9669.4091796875,-375000.03125,-375000.03125,-133254.21875,-105224.0546875
8226.044235700003,baseline_start,-123624.8984375,-182648.125,-107490.1171875,-8609.1318359375,-375000.03125,-375000.03125,-133233.875,-105007.421875
8226.120057000004,baseline_start,-123461.6015625,-182645.796875,-108266.125,-9163.857421875,-375000.03125,-375000.03125,-133193.546875,-104958.9609375
8226.187745000007,baseline_start,-123313.2734375,-182763.28125,-109151.65625,-10170.53515625,-375000.03125,-375000.03125,-133187.328125,-105081.046875
8226.292111100007,baseline_start,-123351.5859375,-182831.578125,-109280.3125,-10536.65625,-375000.03125,-375000.03125,-133245.40625,-105252.171875
8226.361501200001,baseline_start,-123532.5859375,-182773.609375,-108295.625,-9645.7158203125,-375000.03125,-375000.03125,-133269.953125,-105211.046875
8226.434716700003,baseline_start,-123617.8359375,-182623.0,-107453.1015625,-8544.22265625,-375000.03125,-375000.03125,-133232.578125,-104978.4921875
8226.518925100005,baseline_start,-123486.5,-182640.875,-108237.203125,-9107.6201171875,-375000.03125,-375000.03125,-133193.453125,-104933.5234375
8226.603789100007,baseline_start,-123322.8828125,-182739.984375,-109165.9609375,-10138.2587890625,-375000.03125,-375000.03125,-133193.234375,-105059.6796875
8226.708725400002,baseline_start,-123347.9609375,-182816.078125,-109262.1171875,-10499.59765625,-375000.03125,-375000.03125,-133247.328125,-105229.375
8226.779422700003,baseline_start,-123531.828125,-182752.734375,-108296.34375,-9634.8974609375,-375000.03125,-375000.03125,-133260.78125,-105189.8984375
8226.870454400005,baseline_start,-123635.9453125,-182632.796875,-107473.0390625,-8551.77734375,-375000.03125,-375000.03125,-133249.34375,-104982.515625
8226.963209200007,baseline_start,-123524.1875,-182662.78125,-108209.2578125,-9090.1416015625,-375000.03125,-375000.03125,-133230.96875,-104959.1875
8227.052855900007,baseline_start,-123391.4609375,-182793.71875,-109183.6640625,-10155.24609375,-375000.03125,-375000.03125,-133295.5625,-105144.2109375
8227.1567323,baseline_start,-123696.0703125,-182882.328125,-108140.90625,-9450.853515625,-375000.03125,-375000.03125,-133385.375,-105272.015625
8227.248844300002,baseline_start,-123976.453125,-183010.0,-107688.8671875,-8692.2353515625,-375000.03125,-375000.03125,-133371.328125,-105061.421875
8227.291351600004,baseline_start,-123642.15625,-182883.125,-108570.0625,-9427.5634765625,-375000.03125,-375000.03125,-133351.359375,-105082.703125
8227.332192400007,baseline_start,-123532.0078125,-182998.59375,-109417.6875,-10422.3046875,-375000.03125,-375000.03125,-133445.5,-105302.2421875
8227.394509100008,baseline_start,-123611.265625,-183086.578125,-109389.078125,-10625.974609375,-375000.03125,-375000.03125,-133509.296875,-105480.0703125
8227.476186400001,baseline_start,-123884.8046875,-182897.96875,-107828.5234375,-8794.47265625,-375000.03125,-375000.03125,-133524.890625,-105197.2265625
8227.548051800002,baseline_start,-123730.0,-183005.21875,-108936.3203125,-9790.376953125,-375000.03125,-375000.03125,-133549.484375,-105289.9453125
8227.624804500005,baseline_start,-123678.9921875,-183141.203125,-109603.6953125,-10666.341796875,-375000.03125,-375000.03125,-133606.5625,-105472.6015625
8227.714054200005,baseline_start,-123773.046875,-183199.453125,-109366.765625,-10625.2138671875,-375000.03125,-375000.03125,-133669.640625,-105607.4765625
8227.787058200007,baseline_start,-124008.6328125,-183112.859375,-108194.4609375,-9415.716796875,-375000.03125,-375000.03125,-133687.5625,-105479.84375
8227.8761722,baseline_start,-123818.0625,-183127.65625,-109221.171875,-10084.2578125,-375000.03125,-375000.03125,-133641.65625,-105378.90625
8227.949279400002,baseline_start,-123749.8046875,-183242.328125,-109754.2109375,-10813.416015625,-375000.03125,-375000.03125,-133725.875,-105586.6875
8228.035999700003,baseline_start,-123866.96875,-183243.078125,-109225.7734375,-10483.3251953125,-375000.03125,-375000.03125,-133732.71875,-105635.546875
8228.101628500006,baseline_start,-124026.7890625,-183094.265625,-108035.453125,-9183.9736328125,-375000.03125,-375000.03125,-133714.4375,-105453.15625
8228.198360300008,baseline_start,-124009.125,-183016.34375,-108137.5546875,-8994.5205078125,-375000.03125,-375000.03125,-133689.53125,-105319.71875
8228.256580300002,baseline_start,-123797.9921875,-183113.796875,-109196.71875,-10038.7490234375,-375000.03125,-375000.03125,-133657.796875,-105376.671875
8228.342044500003,baseline_start,-123758.5625,-183219.796875,-109667.3984375,-10752.8876953125,-375000.03125,-375000.03125,-133711.125,-105560.8046875
8228.433831200005,baseline_start,-123882.84375,-183250.859375,-109230.2890625,-10480.1513671875,-375000.03125,-375000.03125,-133746.625,-105641.3125
8228.509303800007,baseline_start,-124070.28125,-183115.046875,-108056.109375,-9195.6865234375,-375000.03125,-375000.03125,-133736.921875,-105463.3046875
8228.596187300001,baseline_start,-123886.1953125,-183133.609375,-109059.7421875,-9845.3623046875,-375000.03125,-375000.03125,-133704.28125,-105394.375
8228.684472600002,baseline_start,-123795.625,-183253.40625,-109710.4921875,-10714.173828125,-375000.03125,-375000.03125,-133738.703125,-105554.4140625
8228.773201900003,baseline_start,-123893.5703125,-183291.046875,-109458.90625,-10671.6611328125,-375000.03125,-375000.03125,-133785.640625,-105669.1640625
8228.860109100006,baseline_start,-124098.3984375,-183188.625,-108288.34375,-9464.935546875,-375000.03125,-375000.03125,-133818.328125,-105564.15625
8228.948871600007,baseline_start,-124116.4140625,-183073.875,-108023.4765625,-8890.1826171875,-375000.03125,-375000.03125,-133770.9375,-105357.4453125
8229.046932700001,baseline_start,-123823.34375,-183294.0,-109762.3046875,-10794.193359375,-375000.03125,-375000.03125,-133795.578125,-105618.3359375
8229.139414500003,baseline_start,-123943.0546875,-183323.8125,-109252.640625,-10489.2705078125,-375000.03125,-375000.03125,-133817.515625,-105681.59375
8229.234772800004,baseline_start,-124122.453125,-183166.1875,-108076.0,-9198.7705078125,-375000.03125,-375000.03125,-133814.609375,-105503.3125
8229.312561600005,baseline_start,-124075.2421875,-183086.21875,-108149.7578125,-8982.31640625,-375000.03125,-375000.03125,-133764.59375,-105343.5859375
8229.340010300008,baseline_start,-123904.4765625,-183203.703125,-109226.1328125,-10018.140625,-375000.03125,-375000.03125,-133749.84375,-105422.7578125
8229.361930900002,baseline_start,-123848.375,-183306.78125,-109773.4375,-10780.6484375,-375000.03125,-375000.03125,-133810.140625,-105614.0859375
8229.439606700003,baseline_start,-123970.9921875,-183343.34375,-109289.96875,-10505.587890625,-375000.03125,-375000.03125,-133844.875,-105696.8828125
8229.512657800005,baseline_start,-124131.8828125,-183193.953125,-108109.125,-9210.572265625,-375000.03125,-375000.03125,-133832.046875,-105512.1640625
8229.578197600007,baseline_start,-124099.1640625,-183126.1875,-108189.1015625,-9002.208984375,-375000.03125,-375000.03125,-133798.921875,-105367.90625
8229.668695800001,baseline_start,-123933.578125,-183222.390625,-109257.0234375,-10042.548828125,-375000.03125,-375000.03125,-133802.765625,-105465.765625
8229.739261500003,baseline_start,-123877.875,-183351.625,-109809.0625,-10793.74609375,-375000.03125,-375000.03125,-133859.453125,-105646.7265625
8229.823221000004,baseline_start,-124033.2265625,-183408.21875,-109368.515625,-10549.3525390625,-375000.03125,-375000.03125,-133938.75,-105767.515625
8229.894020000005,baseline_start,-124211.7265625,-183270.0,-108181.859375,-9257.734375,-375000.03125,-375000.03125,-133937.765625,-105600.546875
8229.975912400007,baseline_start,-124171.625,-183212.953125,-108279.265625,-9046.0185546875,-375000.03125,-375000.03125,-133915.78125,-105459.953125
8230.0614208,baseline_start,-123988.296875,-183467.40625,-109878.3125,-10915.9208984375,-375000.03125,-375000.03125,-134002.375,-105791.1171875
8230.136927900003,baseline_start,-124153.3828125,-183497.53125,-109199.9375,-10395.0810546875,-375000.03125,-375000.03125,-134052.171875,-105848.15625
8230.218611800005,baseline_start,-124329.7890625,-183368.25,-108132.1015625,-9124.0712890625,-375000.03125,-375000.03125,-134046.265625,-105657.9921875
8230.318280800006,baseline_start,-124263.21875,-183351.046875,-108580.125,-9292.15625,-375000.03125,-375000.03125,-134007.90625,-105549.046875
8230.397380300008,baseline_start,-124109.171875,-183471.25,-109616.390625,-10390.2978515625,-375000.03125,-375000.03125,-134021.59375,-105674.171875
8230.4782684,baseline_start,-124258.6640625,-183548.140625,-109018.7109375,-10177.375,-375000.03125,-375000.03125,-134111.984375,-105874.890625
8230.564966600003,baseline_start,-124400.8203125,-183394.9375,-108144.84375,-9063.5869140625,-375000.03125,-375000.03125,-134108.8125,-105670.5078125
8230.651727400003,baseline_start,-124262.4609375,-183417.109375,-108874.1796875,-9547.3681640625,-375000.03125,-375000.03125,-134056.6875,-105596.921875
8230.743441400005,baseline_start,-124117.265625,-183535.4375,-109803.96875,-10579.52734375,-375000.03125,-375000.03125,-134066.390625,-105737.6953125
8230.840356900007,baseline_start,-124136.0859375,-183625.875,-109949.296875,-11010.55859375,-375000.03125,-375000.03125,-134125.96875,-105902.203125
8230.93905,baseline_start,-124400.953125,-183395.390625,-108181.3203125,-9014.0556640625,-375000.03125,-375000.03125,-134088.515625,-105602.6484375
8231.035018500002,baseline_start,-124238.0078125,-183453.1875,-109085.3125,-9762.794921875,-375000.03125,-375000.03125,-134064.0625,-105616.1015625
8231.129321700004,baseline_start,-124068.625,-183545.40625,-109879.4765625,-10720.9248046875,-375000.03125,-375000.03125,-134068.75,-105752.890625
8231.231164600005,baseline_start,-124121.0234375,-183616.671875,-109855.734375,-10902.107421875,-375000.03125,-375000.03125,-134093.828125,-105874.3515625
8231.309286000007,baseline_start,-124300.90625,-183525.03125,-108748.65625,-9852.73828125,-375000.03125,-375000.03125,-134113.40625,-105797.9140625
8231.311821500001,baseline_start,-124361.8359375,-183375.890625,-108133.3515625,-8958.802734375,-375000.03125,-375000.03125,-134078.8125,-105582.6171875
8231.353065400002,baseline_start,-124191.3359375,-183441.703125,-109049.421875,-9721.220703125,-375000.03125,-375000.03125,-134042.515625,-105579.3125
8231.410022900005,baseline_start,-124048.9609375,-183518.453125,-109854.796875,-10674.4326171875,-375000.03125,-375000.03125,-134071.34375,-105735.953125
8231.513070500007,baseline_start,-124088.4765625,-183590.515625,-109816.3046875,-10869.6083984375,-375000.03125,-375000.03125,-134099.234375,-105860.71875
8231.5645428,baseline_start,-124286.6015625,-183518.453125,-108730.3671875,-9830.9228515625,-375000.03125,-375000.03125,-134133.53125,-105807.5234375
8231.650502200002,baseline_start,-124344.8515625,-183354.4375,-108116.90625,-8923.12890625,-375000.03125,-375000.03125,-134091.90625,-105573.40625
8231.732286300004,baseline_start,-124172.203125,-183397.265625,-109057.46875,-9681.880859375,-375000.03125,-375000.03125,-134061.203125,-105568.3125
8231.804062900006,baseline_start,-124054.4609375,-183519.265625,-109864.3671875,-10639.7880859375,-375000.03125,-375000.03125,-134087.84375,-105720.0390625
8231.883820800002,baseline_start,-124053.1171875,-183576.609375,-109981.0859375,-10910.869140625,-375000.03125,-375000.03125,-134138.484375,-105849.453125
8231.933204800003,baseline_start,-124230.453125,-183578.40625,-109269.1328125,-10334.2392578125,-375000.03125,-375000.03125,-134153.015625,-105864.296875
8232.016133100004,baseline_start,-124376.8125,-183433.609375,-108208.5,-9082.630859375,-375000.03125,-375000.03125,-134146.84375,-105658.3046875
8232.107700500006,baseline_start,-124293.53125,-183405.84375,-108632.46875,-9242.0439453125,-375000.03125,-375000.03125,-134093.03125,-105541.0
8232.185881600008,baseline_start,-124142.96875,-183538.484375,-109667.6640625,-10331.2890625,-375000.03125,-375000.03125,-134121.375,-105688.03125
8232.266722100001,baseline_start,-124330.9921875,-183634.1875,-109071.0078125,-10097.5791015625,-375000.03125,-375000.03125,-134212.203125,-105873.5078125
8232.351226600002,baseline_start,-124449.7265625,-183468.4375,-108188.296875,-8989.6923828125,-375000.03125,-375000.03125,-134201.171875,-105672.1171875
8232.433215900004,baseline_start,-124300.015625,-183488.140625,-108909.2265625,-9496.541015625,-375000.03125,-375000.03125,-134160.84375,-105610.6953125
8232.515119600006,baseline_start,-124174.53125,-183616.71875,-109875.0,-10574.1181640625,-375000.03125,-375000.03125,-134208.140625,-105784.8125
8232.597179600007,baseline_start,-124216.015625,-183724.578125,-110065.8828125,-10981.724609375,-375000.03125,-375000.03125,-134273.140625,-105955.578125
8232.679080400001,baseline_start,-124538.59375,-183545.046875,-108292.2734375,-9012.4912109375,-375000.03125,-375000.03125,-134249.796875,-105677.8828125
8232.762721800002,baseline_start,-124596.4453125,-183888.875,-109297.2109375,-9865.03125,-375000.03125,-375000.03125,-134242.65625,-105697.7734375
8232.846188200005,baseline_start,-124428.890625,-184003.3125,-110109.296875,-10817.2158203125,-375000.03125,-375000.03125,-134270.328125,-105856.296875
8232.931771700005,baseline_start,-124318.4765625,-183905.71875,-109998.828125,-10951.5947265625,-375000.03125,-375000.03125,-134285.125,-105962.1484375
8233.019687200007,baseline_start,-124465.546875,-183788.859375,-108868.3671875,-9880.23046875,-375000.03125,-375000.03125,-134303.765625,-105894.515625
8233.107979100001,baseline_start,-124301.21875,-183683.8125,-109423.0078125,-9991.1845703125,-375000.03125,-375000.03125,-134245.59375,-105710.15625
8233.205891600002,baseline_start,-124202.9609375,-183789.9375,-110067.8984375,-10826.603515625,-375000.03125,-375000.03125,-134274.796875,-105867.3828125
8233.294700000004,baseline_start,-124274.625,-183825.84375,-109817.3359375,-10779.5302734375,-375000.03125,-375000.03125,-134316.140625,-105971.359375
8233.334433100006,baseline_start,-124451.421875,-183688.953125,-108606.5,-9539.9033203125,-375000.03125,-375000.03125,-134311.265625,-105839.125
8233.374504800007,baseline_start,-124475.25,-183572.5,-108393.484375,-9011.59765625,-375000.03125,-375000.03125,-134287.4375,-105660.359375
8233.445022900001,baseline_start,-124196.703125,-183777.640625,-110115.8671875,-10885.1650390625,-375000.03125,-375000.03125,-134290.390625,-105888.1640625
8233.519271700003,baseline_start,-124332.203125,-183823.375,-109632.0859375,-10603.0859375,-375000.03125,-375000.03125,-134349.046875,-105988.125
8233.596096200004,baseline_start,-124491.703125,-183666.109375,-108451.8671875,-9302.9296875,-375000.03125,-375000.03125,-134360.40625,-105816.8203125
8233.696293100002,baseline_start,-124227.546875,-183815.828125,-110128.4296875,-10945.9619140625,-375000.03125,-375000.03125,-134335.90625,-105949.0078125
8233.745522200003,baseline_start,-124396.6640625,-183827.625,-109436.7734375,-10394.09765625,-375000.03125,-375000.03125,-134403.453125,-106006.453125
8233.813538600005,baseline_start,-124582.765625,-183695.296875,-108371.0859375,-9163.09765625,-375000.03125,-375000.03125,-134409.53125,-105817.0859375
8233.888145900006,baseline_start,-124551.6953125,-183699.0625,-108840.875,-9373.6953125,-375000.03125,-375000.03125,-134391.875,-105739.078125
8233.983254800007,baseline_start,-124415.0390625,-183860.125,-109929.765625,-10500.9833984375,-375000.03125,-375000.03125,-134434.03125,-105900.4140625
8234.058890400001,baseline_start,-124694.8828125,-183793.25,-108483.3359375,-9251.9677734375,-375000.03125,-375000.03125,-134506.09375,-105894.9609375
8234.114234000002,baseline_start,-124628.09375,-183785.734375,-108951.0703125,-9457.603515625,-375000.03125,-375000.03125,-134484.140625,-105822.5
8234.171108200004,baseline_start,-124468.2734375,-183909.796875,-109971.15625,-10552.5712890625,-375000.03125,-375000.03125,-134510.203125,-105949.6796875
8234.264697600005,baseline_start,-124501.7578125,-184042.515625,-110355.5234375,-11143.685546875,-375000.03125,-375000.03125,-134576.453125,-106141.3671875
8234.339674900008,baseline_start,-124667.875,-184052.703125,-109643.703125,-10578.365234375,-375000.03125,-375000.03125,-134616.109375,-106182.71875
8234.4254839,baseline_start,-124695.234375,-183890.34375,-109271.234375,-9748.5341796875,-375000.03125,-375000.03125,-134573.09375,-105909.21875
8234.498604700002,baseline_start,-124574.1328125,-184053.328125,-110230.3515625,-10810.689453125,-375000.03125,-375000.03125,-134633.984375,-106083.4296875
8234.581277800004,baseline_start,-124602.8359375,-184189.1875,-110432.2734375,-11256.740234375,-375000.03125,-375000.03125,-134735.953125,-106293.8984375
8234.666088000005,baseline_start,-124848.078125,-184173.765625,-109496.6796875,-10428.474609375,-375000.03125,-375000.03125,-134782.75,-106284.015625
8234.751052600008,baseline_start,-124970.2109375,-184030.046875,-108688.3046875,-9346.560546875,-375000.03125,-375000.03125,-134775.25,-106081.421875
8234.8327719,baseline_start,-124668.6796875,-184192.09375,-110448.7734375,-11075.7802734375,-375000.03125,-375000.03125,-134770.546875,-106226.9765625
8234.918075000003,baseline_start,-124711.5546875,-184256.234375,-110400.9375,-11232.1083984375,-375000.03125,-375000.03125,-134812.3125,-106354.828125
8235.005972500005,baseline_start,-124923.09375,-184162.234375,-109307.2265625,-10167.2265625,-375000.03125,-375000.03125,-134828.671875,-106273.1953125
8235.101427900006,baseline_start,-124984.46875,-184020.65625,-108709.5859375,-9309.0986328125,-375000.03125,-375000.03125,-134793.4375,-106061.8828125
8235.187639100008,baseline_start,-124816.828125,-184069.296875,-109616.5703125,-10066.64453125,-375000.03125,-375000.03125,-134741.859375,-106036.5390625
8235.274478700001,baseline_start,-124761.890625,-184255.171875,-110204.46875,-11080.384765625,-375000.03125,-375000.03125,-134826.5625,-106346.1953125
8235.314767100002,baseline_start,-124947.09375,-184119.3125,-109027.6015625,-9852.603515625,-375000.03125,-375000.03125,-134822.0,-106198.5859375
8235.387325900005,baseline_start,-124954.4296875,-183989.0,-108814.8125,-9310.88671875,-375000.03125,-375000.03125,-134771.265625,-106004.4375
8235.442670700006,baseline_start,-124753.171875,-184093.75,-109847.6875,-10266.2451171875,-375000.03125,-375000.03125,-134756.515625,-106057.28125
8235.550727300008,baseline_start,-124675.296875,-184219.890625,-110504.3359375,-11116.3271484375,-375000.03125,-375000.03125,-134801.75,-106234.4375
8235.6236914,baseline_start,-124964.84375,-184094.953125,-108815.171875,-9590.10546875,-375000.03125,-375000.03125,-134828.75,-106140.1171875
8235.685549900003,baseline_start,-124924.96875,-184022.625,-108996.3125,-9467.974609375,-375000.03125,-375000.03125,-134802.203125,-106016.46875
8235.759786600003,baseline_start,-124752.3203125,-184128.84375,-110061.234375,-10502.7265625,-375000.03125,-375000.03125,-134781.1875,-106087.09375
8235.850295800006,baseline_start,-124695.59375,-184220.03125,-110514.3515625,-11190.1318359375,-375000.03125,-375000.03125,-134820.671875,-106258.625
8235.949524100008,baseline_start,-124803.9140625,-184238.21875,-109989.3515625,-10838.271484375,-375000.03125,-375000.03125,-134842.609375,-106317.453125
8236.0040547,baseline_start,-124985.09375,-184080.203125,-108825.234375,-9567.708984375,-375000.03125,-375000.03125,-134859.875,-106157.234375
8236.098929500004,baseline_start,-124907.1328125,-183992.21875,-108971.9453125,-9408.1171875,-375000.03125,-375000.03125,-134792.375,-105988.3046875
8236.161246600004,baseline_start,-124750.265625,-184099.953125,-110050.7734375,-10468.4833984375,-375000.03125,-375000.03125,-134794.421875,-106086.6953125
8236.2475615,baseline_start,-124853.9765625,-184027.578125,-109393.140625,-9773.92578125,-375000.03125,-375000.03125,-134773.734375,-105993.21875
8236.323083500003,baseline_start,-124695.640625,-184164.515625,-110303.125,-10820.0322265625,-375000.03125,-375000.03125,-134806.984375,-106143.3828125
8236.381085100003,baseline_start,-124723.4453125,-184239.125,-110424.2734375,-11156.470703125,-375000.03125,-375000.03125,-134811.59375,-106262.6953125
8236.452610600005,baseline_start,-124881.2890625,-184169.6875,-109440.6640625,-10265.4853515625,-375000.03125,-375000.03125,-134837.828125,-106243.6484375
8236.534762200008,baseline_start,-124982.1015625,-184006.96875,-108617.9375,-9188.220703125,-375000.03125,-375000.03125,-134804.4375,-106021.0703125
8236.6251745,baseline_start,-124638.640625,-184152.265625,-110363.5703125,-10905.6396484375,-375000.03125,-375000.03125,-134768.671875,-106124.2421875
8236.703039200002,baseline_start,-124722.4609375,-184224.046875,-110264.90625,-11063.353515625,-375000.03125,-375000.03125,-134825.53125,-106266.8984375
8236.788123800005,baseline_start,-124905.296875,-184124.359375,-109136.3203125,-9926.72265625,-375000.03125,-375000.03125,-134822.859375,-106153.9765625
8236.875615400006,baseline_start,-124938.2890625,-183964.421875,-108605.8671875,-9119.109375,-375000.03125,-375000.03125,-134784.09375,-105944.0
8236.970505500007,baseline_start,-124779.546875,-184043.984375,-109614.203125,-9973.2138671875,-375000.03125,-375000.03125,-134763.171875,-105970.15625
8237.060733900002,baseline_start,-124719.734375,-184212.828125,-110087.609375,-10865.6748046875,-375000.03125,-375000.03125,-134820.3125,-106250.0
8237.149468800002,baseline_start,-124911.3359375,-184084.53125,-108884.90625,-9603.4267578125,-375000.03125,-375000.03125,-134818.46875,-106098.9921875
8237.236372200005,baseline_start,-124898.4140625,-183957.125,-108736.046875,-9158.8955078125,-375000.03125,-375000.03125,-134781.859375,-105920.171875
8237.325165500006,baseline_start,-124717.40625,-184044.96875,-109798.5625,-10118.3662109375,-375000.03125,-375000.03125,-134745.4375,-105955.7578125
8237.366878300007,baseline_start,-124628.1796875,-184147.171875,-110380.953125,-10949.404296875,-375000.03125,-375000.03125,-134768.90625,-106105.0234375
8237.4065143,baseline_start,-124717.5,-184204.609375,-110033.65625,-10804.8330078125,-375000.03125,-375000.03125,-134819.6875,-106219.9140625
8237.489667300004,baseline_start,-124910.078125,-184065.53125,-108824.9140625,-9539.9033203125,-375000.03125,-375000.03125,-134808.375,-106051.9609375
8237.561197300005,baseline_start,-124901.453125,-183953.515625,-108722.9921875,-9113.9677734375,-375000.03125,-375000.03125,-134776.640625,-105893.3515625
8237.641889300006,baseline_start,-124708.3359375,-184045.515625,-109771.734375,-10121.4951171875,-375000.03125,-375000.03125,-134743.859375,-105946.859375
8237.762529900001,baseline_start,-124601.984375,-184138.171875,-110350.6484375,-10927.0517578125,-375000.03125,-375000.03125,-134763.625,-106087.234375
8237.806855400002,baseline_start,-124721.7890625,-184189.640625,-109971.9609375,-10760.7548828125,-375000.03125,-375000.03125,-134806.09375,-106188.890625
8237.888484500005,baseline_start,-124913.2578125,-184036.796875,-108767.7421875,-9470.076171875,-375000.03125,-375000.03125,-134810.296875,-106040.3359375
8237.968546300006,baseline_start,-124875.34375,-183932.09375,-108708.1484375,-9111.419921875,-375000.03125,-375000.03125,-134764.25,-105865.7265625
8238.062107300007,baseline_start,-124677.0,-184007.5625,-109788.28125,-10113.359375,-375000.03125,-375000.03125,-134743.6875,-105927.7734375
8238.133810000001,baseline_start,-124897.7421875,-184031.421875,-108755.1796875,-9453.1787109375,-375000.03125,-375000.03125,-134817.171875,-106029.4765625
8238.175416300002,baseline_start,-124887.1953125,-183943.265625,-108709.4453125,-9100.69140625,-375000.03125,-375000.03125,-134798.671875,-105891.7890625
8238.262578800004,baseline_start,-124711.5078125,-184050.25,-109792.5234375,-10140.3154296875,-375000.03125,-375000.03125,-134773.734375,-105957.5
8238.323978300006,baseline_start,-124630.90625,-184152.84375,-110366.6953125,-10933.8916015625,-375000.03125,-375000.03125,-134807.609375,-106112.625
8238.404476500007,baseline_start,-124758.4921875,-184200.046875,-109958.5546875,-10743.1865234375,-375000.03125,-375000.03125,-134864.125,-106215.3046875
8238.4901848,baseline_start,-124867.03125,-183973.484375,-108941.4609375,-9274.4541015625,-375000.03125,-375000.03125,-134833.1875,-105906.5859375
8238.576098100002,baseline_start,-124689.15625,-184117.84375,-109978.0859375,-10386.2744140625,-375000.03125,-375000.03125,-134827.140625,-106016.421875
8238.662516300004,baseline_start,-124679.7734375,-184212.703125,-110387.125,-11007.384765625,-375000.03125,-375000.03125,-134859.0625,-106170.5625
8238.748475800006,baseline_start,-124847.9453125,-184223.828125,-109737.0,-10524.2734375,-375000.03125,-375000.03125,-134920.84375,-106242.6640625
8238.833748700008,baseline_start,-125004.09375,-184052.75,-108589.953125,-9219.5126953125,-375000.03125,-375000.03125,-134926.390625,-106066.0
8238.927388600001,baseline_start,-124714.7734375,-184162.71875,-110188.328125,-10587.037109375,-375000.03125,-375000.03125,-134871.40625,-106078.0703125
8239.015895500002,baseline_start,-124757.8671875,-184265.0,-110378.140625,-11041.5830078125,-375000.03125,-375000.03125,-134928.890625,-106247.4921875
8239.106408200005,baseline_start,-124953.265625,-184269.703125,-109499.2734375,-10286.40625,-375000.03125,-375000.03125,-134989.78125,-106272.5703125
8239.195801100006,baseline_start,-125094.078125,-184103.53125,-108589.328125,-9125.904296875,-375000.03125,-375000.03125,-134985.171875,-106070.9140625
8239.287316900007,baseline_start,-124960.0625,-184110.5,-109259.8828125,-9576.873046875,-375000.03125,-375000.03125,-134932.875,-106009.0
8239.331458700002,baseline_start,-124793.671875,-184254.0,-110238.6171875,-10652.5732421875,-375000.03125,-375000.03125,-134948.921875,-106148.0703125
8239.369189400004,baseline_start,-124816.1171875,-184357.0,-110423.421875,-11103.0947265625,-375000.03125,-375000.03125,-135000.78125,-106311.015625
8239.446345900005,baseline_start,-125004.359375,-184312.171875,-109474.4140625,-10254.130859375,-375000.03125,-375000.03125,-135040.109375,-106304.3984375
8239.514391800007,baseline_start,-125113.390625,-184137.15625,-108575.921875,-9110.615234375,-375000.03125,-375000.03125,-135027.0625,-106098.5390625
8239.595145500001,baseline_start,-124840.921875,-184263.65625,-110135.578125,-10494.5908203125,-375000.03125,-375000.03125,-134971.546875,-106121.4765625
8239.651805800002,baseline_start,-124814.7734375,-184352.75,-110453.5546875,-11065.4990234375,-375000.03125,-375000.03125,-135014.5,-106288.3046875
8239.726019300004,baseline_start,-124975.703125,-184354.0,-109731.0546875,-10488.5107421875,-375000.03125,-375000.03125,-135055.3125,-106331.5390625
8239.801614700005,baseline_start,-125133.734375,-184187.484375,-108607.1640625,-9211.6455078125,-375000.03125,-375000.03125,-135048.5625,-106132.4296875
8239.889462800007,baseline_start,-125036.5,-184147.25,-109103.8203125,-9423.5849609375,-375000.03125,-375000.03125,-135004.359375,-106034.2578125
8239.959925300001,baseline_start,-124853.0859375,-184369.296875,-110362.5859375,-11056.9609375,-375000.03125,-375000.03125,-135031.3125,-106316.46875
8240.047971500002,baseline_start,-125032.703125,-184345.6875,-109428.7265625,-10198.7431640625,-375000.03125,-375000.03125,-135071.546875,-106311.109375
8240.113496800004,baseline_start,-125142.0,-184175.1875,-108577.5703125,-9096.4443359375,-375000.03125,-375000.03125,-135066.3125,-106111.6875
8240.201632900005,baseline_start,-124990.4140625,-184177.203125,-109335.2109375,-9644.419921875,-375000.03125,-375000.03125,-135021.46875,-106055.9375
8240.307121200007,baseline_start,-124817.90625,-184298.484375,-110254.359375,-10673.494140625,-375000.03125,-375000.03125,-134998.265625,-106156.390625
8240.377697200001,baseline_start,-124866.4921875,-184412.96875,-110357.53125,-11048.51171875,-375000.03125,-375000.03125,-135057.140625,-106325.3203125
8240.461289500003,baseline_start,-125057.109375,-184358.03125,-109378.9765625,-10165.8408203125,-375000.03125,-375000.03125,-135103.90625,-106301.1796875
8240.548014800004,baseline_start,-125180.5859375,-184200.234375,-108576.0078125,-9097.7412109375,-375000.03125,-375000.03125,-135092.375,-106100.4609375
8240.634803600007,baseline_start,-125019.7421875,-184219.8125,-109369.359375,-9693.3701171875,-375000.03125,-375000.03125,-135043.46875,-106055.40625
8240.725327400001,baseline_start,-124860.90625,-184338.1875,-110279.5703125,-10722.7568359375,-375000.03125,-375000.03125,-135035.0625,-106176.546875
8240.824347100002,baseline_start,-124878.390625,-184427.328125,-110337.5078125,-11040.95703125,-375000.03125,-375000.03125,-135066.40625,-106315.578125
8240.912307600003,baseline_start,-125056.890625,-184379.9375,-109328.0078125,-10118.142578125,-375000.03125,-375000.03125,-135131.75,-106322.015625
8241.001387700006,baseline_start,-125198.8203125,-184222.40625,-108547.7578125,-9082.36328125,-375000.03125,-375000.03125,-135120.9375,-106121.7890625
8241.091558200007,baseline_start,-125172.9375,-184464.875,-109452.6015625,-9775.9375,-375000.03125,-375000.03125,-135087.765625,-106103.90625
8241.185825100001,baseline_start,-125096.984375,-184747.4375,-110311.7578125,-11054.501953125,-375000.03125,-375000.03125,-135166.9375,-106408.875
8241.277405500003,baseline_start,-125187.515625,-184526.875,-109060.953125,-9842.9921875,-375000.03125,-375000.03125,-135184.234375,-106311.0625
8241.357232100005,baseline_start,-125193.546875,-184348.546875,-108641.140625,-9123.7138671875,-375000.03125,-375000.03125,-135139.484375,-106105.5625
8241.381555100006,baseline_start,-125012.3203125,-184405.546875,-109629.4453125,-9990.8720703125,-375000.03125,-375000.03125,-135092.46875,-106111.8203125
8241.422751700007,baseline_start,-124864.75,-184507.703125,-110361.015625,-10893.748046875,-375000.03125,-375000.03125,-135108.109375,-106264.5234375
8241.472945600002,baseline_start,-124939.71875,-184576.40625,-110200.7578125,-10983.6025390625,-375000.03125,-375000.03125,-135193.09375,-106415.1796875
8241.554568400003,baseline_start,-125142.0,-184489.765625,-109012.3125,-9781.16796875,-375000.03125,-375000.03125,-135207.578125,-106315.0859375
8241.643739200004,baseline_start,-125197.3046875,-184321.46875,-108644.40625,-9103.373046875,-375000.03125,-375000.03125,-135178.5625,-106112.9375
8241.727981400007,baseline_start,-125025.1015625,-184413.15625,-109674.6875,-10029.451171875,-375000.03125,-375000.03125,-135143.875,-106150.3515625
8241.802689400001,baseline_start,-124926.484375,-184534.609375,-110382.1171875,-10948.0625,-375000.03125,-375000.03125,-135190.8125,-106317.234375
8241.864298700002,baseline_start,-125007.671875,-184610.828125,-110160.7890625,-10968.6708984375,-375000.03125,-375000.03125,-135232.25,-106428.6796875
8241.9550304,baseline_start,-125187.0234375,-184524.109375,-109235.0703125,-10054.484375,-375000.03125,-375000.03125,-135269.265625,-106378.6953125
8242.015395200002,baseline_start,-125238.3359375,-184386.109375,-108585.6171875,-9109.1845703125,-375000.03125,-375000.03125,-135251.5625,-106174.671875
8242.104670600003,baseline_start,-125115.8046875,-184454.59375,-109533.828125,-9885.2373046875,-375000.03125,-375000.03125,-135223.40625,-106181.734375
8242.185211900005,baseline_start,-124983.75,-184578.734375,-110358.515625,-10871.708984375,-375000.03125,-375000.03125,-135217.1875,-106302.609375
8242.263273100007,baseline_start,-125028.1015625,-184660.09375,-110331.515625,-11098.04296875,-375000.03125,-375000.03125,-135270.515625,-106438.15625
8242.336284500001,baseline_start,-125251.75,-184409.96875,-108719.5546875,-9190.5009765625,-375000.03125,-375000.03125,-135272.9375,-106157.4140625
8242.412819500003,baseline_start,-125098.640625,-184521.15625,-109789.9296875,-10164.857421875,-375000.03125,-375000.03125,-135256.34375,-106205.3828125
8242.504734800004,baseline_start,-124990.9921875,-184649.9375,-110449.0859375,-11044.17578125,-375000.03125,-375000.03125,-135287.6875,-106367.1640625
8242.576662700005,baseline_start,-125113.171875,-184714.3125,-110220.5625,-11017.5771484375,-375000.03125,-375000.03125,-135365.828125,-106511.15625
8242.664623100007,baseline_start,-125429.2265625,-184752.859375,-109035.3828125,-9802.4462890625,-375000.03125,-375000.03125,-135379.765625,-106381.2890625
8242.753778900002,baseline_start,-125221.84375,-184776.1875,-110092.578125,-10510.68359375,-375000.03125,-375000.03125,-135330.28125,-106293.5390625
8242.842595400003,baseline_start,-125101.6796875,-184802.203125,-110548.59375,-11194.2900390625,-375000.03125,-375000.03125,-135368.421875,-106460.28125
8242.932669900005,baseline_start,-125211.609375,-184823.265625,-110011.078125,-10850.6982421875,-375000.03125,-375000.03125,-135433.953125,-106560.640625
8243.020722000005,baseline_start,-125385.234375,-184644.625,-108807.5703125,-9552.0625,-375000.03125,-375000.03125,-135444.0625,-106381.421875
8243.110747100007,baseline_start,-125343.5703125,-184561.203125,-108971.1015625,-9413.302734375,-375000.03125,-375000.03125,-135381.109375,-106231.4453125
8243.2020147,baseline_start,-125103.9140625,-184810.203125,-110532.59375,-11251.912109375,-375000.03125,-375000.03125,-135436.953125,-106535.609375
8243.291937300002,baseline_start,-125271.6875,-184807.75,-109736.0234375,-10600.9404296875,-375000.03125,-375000.03125,-135476.78125,-106550.5859375
8243.369124600003,baseline_start,-125431.6796875,-184641.578125,-108691.1171875,-9358.6748046875,-375000.03125,-375000.03125,-135476.6875,-106349.7734375
8243.398004100005,baseline_start,-125335.9296875,-184621.921875,-109251.296875,-9653.271484375,-375000.03125,-375000.03125,-135447.359375,-106274.140625
8243.439276600007,baseline_start,-125178.34375,-184757.375,-110286.1875,-10738.26953125,-375000.03125,-375000.03125,-135450.8125,-106395.90625
8243.5188849,baseline_start,-125399.4921875,-184831.703125,-109490.28125,-10337.7705078125,-375000.03125,-375000.03125,-135547.28125,-106557.421875
8243.618508700003,baseline_start,-125518.5390625,-184704.84375,-108724.0234375,-9313.79296875,-375000.03125,-375000.03125,-135553.359375,-106381.3359375
8243.687223200004,baseline_start,-125352.78125,-184723.34375,-109580.046875,-9947.375,-375000.03125,-375000.03125,-135520.453125,-106358.40625
8243.769026900005,baseline_start,-125243.9296875,-184875.875,-110483.328125,-10994.8671875,-375000.03125,-375000.03125,-135520.90625,-106485.8984375
8243.844890800006,baseline_start,-125266.3203125,-184966.984375,-110530.578125,-11308.8642578125,-375000.03125,-375000.03125,-135606.90625,-106669.09375
8243.918891000001,baseline_start,-125544.9140625,-184720.265625,-108850.171875,-9370.833984375,-375000.03125,-375000.03125,-135602.484375,-106387.859375
8244.019248900002,baseline_start,-125387.421875,-184808.421875,-109842.1484375,-10203.0791015625,-375000.03125,-375000.03125,-135575.65625,-106414.59375
8244.091023600004,baseline_start,-125293.1484375,-184953.921875,-110588.9609375,-11159.689453125,-375000.03125,-375000.03125,-135623.984375,-106608.875
8244.168920700005,baseline_start,-125367.7109375,-185040.4375,-110429.28125,-11250.1240234375,-375000.03125,-375000.03125,-135669.234375,-106722.203125
8244.241997500007,baseline_start,-125654.6640625,-185052.8125,-109326.5390625,-10135.5771484375,-375000.03125,-375000.03125,-135739.71875,-106671.375
8244.353748200001,baseline_start,-125608.75,-185123.21875,-110144.296875,-10564.8642578125,-375000.03125,-375000.03125,-135660.328125,-106514.7734375
8244.434693300002,baseline_start,-125366.1953125,-185081.828125,-110687.4453125,-11308.8203125,-375000.03125,-375000.03125,-135677.046875,-106653.21875
8244.517979100005,baseline_start,-125425.9140625,-185073.234375,-110249.6171875,-11074.08203125,-375000.03125,-375000.03125,-135702.625,-106735.2109375
8244.608107000005,baseline_start,-125584.7890625,-184905.515625,-108999.7109375,-9787.6943359375,-375000.03125,-375000.03125,-135704.453125,-106582.453125
8244.690595700007,baseline_start,-125547.734375,-184778.328125,-108987.90625,-9438.962890625,-375000.03125,-375000.03125,-135630.609375,-106392.78125
8244.774085000001,baseline_start,-125283.8515625,-185000.734375,-110639.8359375,-11315.123046875,-375000.03125,-375000.03125,-135666.859375,-106671.1484375
8244.861049500003,baseline_start,-125439.1484375,-185030.953125,-109967.1328125,-10833.48828125,-375000.03125,-375000.03125,-135700.65625,-106712.40625
8244.947097700004,baseline_start,-125593.640625,-184840.734375,-108837.8828125,-9526.134765625,-375000.03125,-375000.03125,-135680.453125,-106500.109375
8245.034268200006,baseline_start,-125484.7890625,-184758.9375,-109158.5859375,-9574.771484375,-375000.03125,-375000.03125,-135621.96875,-106357.6015625
8245.125911900008,baseline_start,-125322.46875,-184882.3125,-110177.6484375,-10625.52734375,-375000.03125,-375000.03125,-135620.1875,-106476.953125
8245.216868500002,baseline_start,-125461.9921875,-184976.453125,-109665.8828125,-10515.869140625,-375000.03125,-375000.03125,-135666.09375,-106635.8359375
8245.306142800002,baseline_start,-125563.109375,-184772.828125,-108705.6015625,-9304.2705078125,-375000.03125,-375000.03125,-135639.640625,-106414.90625
8245.383104600003,baseline_start,-125406.3359375,-184750.078125,-109354.609375,-9729.7138671875,-375000.03125,-375000.03125,-135598.28125,-106357.1484375
8245.414560600006,baseline_start,-125239.546875,-184873.78125,-110262.5390625,-10759.9501953125,-375000.03125,-375000.03125,-135582.40625,-106467.65625
8245.455825600007,baseline_start,-125235.75,-184955.046875,-110432.765625,-11178.509765625,-375000.03125,-375000.03125,-135612.140625,-106610.7578125
8245.509087100001,baseline_start,-125418.453125,-184928.21875,-109563.953125,-10405.228515625,-375000.03125,-375000.03125,-135656.890625,-106615.359375
8245.591357900003,baseline_start,-125545.140625,-184732.375,-108645.078125,-9257.01953125,-375000.03125,-375000.03125,-135633.640625,-106396.4453125
8245.656217800004,baseline_start,-125403.7890625,-184734.203125,-109327.0703125,-9698.376953125,-375000.03125,-375000.03125,-135584.203125,-106331.3984375
8245.751615600006,baseline_start,-125244.4609375,-184879.140625,-110243.9375,-10738.0908203125,-375000.03125,-375000.03125,-135571.78125,-106461.3125
8245.8627283,baseline_start,-125242.5390625,-184963.0,-110443.09375,-11171.22265625,-375000.03125,-375000.03125,-135631.671875,-106631.5
8245.921767500002,baseline_start,-125463.5078125,-184936.140625,-109553.765625,-10405.4521484375,-375000.03125,-375000.03125,-135678.34375,-106636.9921875
8245.982417300003,baseline_start,-125859.140625,-185085.046875,-108783.609375,-9367.4814453125,-375000.03125,-375000.03125,-135690.78125,-106445.6171875
8246.081542300006,baseline_start,-125534.5,-184911.640625,-109381.875,-9751.6630859375,-375000.03125,-375000.03125,-135618.046875,-106362.7421875
8246.143306800008,baseline_start,-125298.15625,-184948.390625,-110257.6640625,-10755.345703125,-375000.03125,-375000.03125,-135598.5,-106482.453125
8246.2263007,baseline_start,-125488.3671875,-184942.265625,-109253.8046875,-10084.525390625,-375000.03125,-375000.03125,-135695.515625,-106614.328125
8246.294318500002,baseline_start,-125569.7734375,-184784.859375,-108634.5703125,-9184.5546875,-375000.03125,-375000.03125,-135684.109375,-106425.1015625
8246.398788,baseline_start,-125452.875,-184811.28125,-109304.5,-9717.912109375,-375000.03125,-375000.03125,-135638.46875,-106394.609375
8246.483690600002,baseline_start,-125297.8828125,-184963.578125,-110255.0703125,-10775.5078125,-375000.03125,-375000.03125,-135646.65625,-106540.96875
8246.565879600004,baseline_start,-125377.6796875,-185113.125,-110490.5234375,-11278.421875,-375000.03125,-375000.03125,-135748.078125,-106754.03125
8246.653141800005,baseline_start,-125664.3671875,-185163.8125,-109672.453125,-10562.271484375,-375000.03125,-375000.03125,-135900.65625,-106859.3046875
8246.740842700006,baseline_start,-125870.359375,-185055.765625,-108829.34375,-9456.6201171875,-375000.03125,-375000.03125,-135964.453125,-106713.484375
8246.826789,baseline_start,-125587.1640625,-185270.296875,-110662.765625,-11223.212890625,-375000.03125,-375000.03125,-135954.53125,-106865.0703125
8246.913834900002,baseline_start,-125715.015625,-185431.71875,-110708.9921875,-11520.0439453125,-375000.03125,-375000.03125,-136081.796875,-107083.09375
8247.002110600004,baseline_start,-125983.90625,-185432.65625,-109647.59375,-10509.3427734375,-375000.03125,-375000.03125,-136179.921875,-107086.7109375
8247.090484300006,baseline_start,-126385.0703125,-185622.109375,-109180.4921875,-9736.240234375,-375000.03125,-375000.03125,-136220.109375,-106945.1796875
8247.183725300007,baseline_start,-126229.1953125,-185773.125,-110188.5546875,-10589.8984375,-375000.03125,-375000.03125,-136184.65625,-106944.640625
8247.277178100001,baseline_start,-126035.1796875,-185791.8125,-110671.5703125,-11537.8359375,-375000.03125,-375000.03125,-136235.359375,-107225.3828125
8247.364402000003,baseline_start,-126134.640625,-185516.875,-109412.7265625,-10249.34765625,-375000.03125,-375000.03125,-136235.078125,-107087.0234375
8247.380279400004,baseline_start,-126042.6484375,-185276.90625,-109126.3515625,-9651.9296875,-375000.03125,-375000.03125,-136158.15625,-106857.6953125
8247.414913600005,baseline_start,-125797.890625,-185304.40625,-110139.828125,-10560.349609375,-375000.03125,-375000.03125,-136066.234375,-106848.890625
8247.478219600007,baseline_start,-125669.328125,-185396.71875,-110745.421875,-11391.3876953125,-375000.03125,-375000.03125,-136072.765625,-106980.3203125
8247.552670300001,baseline_start,-125963.0703125,-185252.640625,-109018.6171875,-9830.1181640625,-375000.03125,-375000.03125,-136112.328125,-106911.609375
8247.657141400003,baseline_start,-125876.9296875,-185153.4375,-109207.265625,-9664.1787109375,-375000.03125,-375000.03125,-136062.171875,-106763.8203125
8247.737128800003,baseline_start,-125722.8359375,-185276.546875,-110255.296875,-10740.326171875,-375000.03125,-375000.03125,-136044.15625,-106845.578125
8247.796527100005,baseline_start,-125690.6015625,-185408.46875,-110765.765625,-11449.501953125,-375000.03125,-375000.03125,-136088.859375,-107019.75
8247.880754300008,baseline_start,-125816.1328125,-185421.84375,-110220.6015625,-11131.212890625,-375000.03125,-375000.03125,-136116.9375,-107077.7734375
8247.9470818,baseline_start,-125992.53125,-185261.578125,-109038.375,-9833.2470703125,-375000.03125,-375000.03125,-136125.34375,-106914.515625
8248.0436974,baseline_start,-125964.6796875,-185349.875,-109461.8046875,-10339.693359375,-375000.03125,-375000.03125,-136134.765625,-106997.8828125
8248.103055200003,baseline_start,-126004.5546875,-185178.078125,-108957.640625,-9537.7568359375,-375000.03125,-375000.03125,-136106.5625,-106794.578125
8248.174743800004,baseline_start,-125828.46875,-185242.71875,-109891.765625,-10335.625,-375000.03125,-375000.03125,-136068.65625,-106803.515625
8248.2696723,baseline_start,-125985.6484375,-185295.90625,-109221.75,-10081.5751953125,-375000.03125,-375000.03125,-136157.875,-106976.4296875
8248.311922900002,baseline_start,-125978.140625,-185189.96875,-109062.921875,-9596.318359375,-375000.03125,-375000.03125,-136121.046875,-106796.5
8248.4125466,baseline_start,-126051.046875,-185532.609375,-109985.6015625,-10421.0087890625,-375000.03125,-375000.03125,-136111.4375,-106856.0390625
8248.485364000002,baseline_start,-126036.0703125,-185923.0625,-110779.6640625,-11411.59375,-375000.03125,-375000.03125,-136156.1875,-107035.6171875
8248.572797600003,baseline_start,-125916.7578125,-185773.484375,-110567.4140625,-11471.6298828125,-375000.03125,-375000.03125,-136172.40625,-107129.71875
8248.660603300006,baseline_start,-125963.3828125,-185439.90625,-109410.984375,-10288.1943359375,-375000.03125,-375000.03125,-136153.8125,-106995.515625
8248.749364200008,baseline_start,-125973.8046875,-185232.65625,-108896.890625,-9505.705078125,-375000.03125,-375000.03125,-136119.84375,-106801.28125
8248.838718300001,baseline_start,-125696.28125,-185443.390625,-110673.40625,-11354.5068359375,-375000.03125,-375000.03125,-136127.171875,-107013.0390625
8248.926585000003,baseline_start,-125776.1640625,-185484.5625,-110314.3515625,-11223.66015625,-375000.03125,-375000.03125,-136168.125,-107106.875
8249.020368300004,baseline_start,-125984.0859375,-185335.25,-109124.703125,-9949.5654296875,-375000.03125,-375000.03125,-136187.15625,-106967.21875
8249.109460100006,baseline_start,-125947.15625,-185213.515625,-109015.578125,-9557.9189453125,-375000.03125,-375000.03125,-136125.875,-106789.2109375
8249.201087600008,baseline_start,-125799.7734375,-185361.984375,-110065.484375,-10571.615234375,-375000.03125,-375000.03125,-136114.390625,-106858.4140625
8249.3002617,baseline_start,-126058.0234375,-185782.0625,-110189.625,-11073.0087890625,-375000.03125,-375000.03125,-136220.421875,-107127.8359375
8249.376265500003,baseline_start,-126252.4375,-185672.140625,-109034.53125,-9783.537109375,-375000.03125,-375000.03125,-136206.703125,-106921.4453125
8249.406586700004,baseline_start,-125992.9375,-185404.5,-109283.9296875,-9763.107421875,-375000.03125,-375000.03125,-136145.90625,-106782.59375
8249.447846700006,baseline_start,-125758.6875,-185450.765625,-110294.0546875,-10792.271484375,-375000.03125,-375000.03125,-136139.46875,-106887.2421875
8249.525527500007,baseline_start,-125695.34375,-185553.09375,-110672.2421875,-11425.8984375,-375000.03125,-375000.03125,-136196.140625,-107071.515625
8249.582784700002,baseline_start,-125869.015625,-185547.953125,-110034.6796875,-10986.0166015625,-375000.03125,-375000.03125,-136244.5625,-107122.4765625
8249.651921300003,baseline_start,-126030.796875,-185357.953125,-108905.875,-9668.3359375,-375000.03125,-375000.03125,-136218.328125,-106913.9296875
8249.730021000005,baseline_start,-125936.25,-185265.640625,-109246.0703125,-9729.22265625,-375000.03125,-375000.03125,-136166.6875,-106790.5078125
8249.818091800007,baseline_start,-125760.4765625,-185402.03125,-110274.828125,-10804.654296875,-375000.03125,-375000.03125,-136184.4375,-106915.046875
8249.901211600001,baseline_start,-125759.2265625,-185521.625,-110649.578125,-11415.83984375,-375000.03125,-375000.03125,-136214.25,-107064.4921875
8249.965611600002,baseline_start,-125912.828125,-185557.421875,-110006.0703125,-10941.8046875,-375000.03125,-375000.03125,-136275.9375,-107118.8515625
8250.050945600004,baseline_start,-126098.8359375,-185389.46875,-108906.59375,-9686.9326171875,-375000.03125,-375000.03125,-136271.25,-106925.46875
8250.125424200005,baseline_start,-126011.890625,-185354.109375,-109338.6484375,-9812.1025390625,-375000.03125,-375000.03125,-136247.734375,-106839.59375
8250.203923800002,baseline_start,-125925.5625,-185434.890625,-110031.8203125,-10500.2236328125,-375000.03125,-375000.03125,-136260.34375,-106919.0703125
8250.279982200002,baseline_start,-125870.5390625,-185603.828125,-110719.0078125,-11380.703125,-375000.03125,-375000.03125,-136318.953125,-107104.546875
8250.345958700003,baseline_start,-125988.1484375,-185703.03125,-110497.71875,-11396.1259765625,-375000.03125,-375000.03125,-136408.171875,-107263.0234375
8250.430147300005,baseline_start,-126172.640625,-185577.671875,-109315.40625,-10173.75390625,-375000.03125,-375000.03125,-136415.0625,-107126.9453125
8250.498287300008,baseline_start,-126215.3359375,-185464.171875,-109107.1328125,-9658.1435546875,-375000.03125,-375000.03125,-136381.984375,-106944.6875
8250.6087804,baseline_start,-125996.0625,-185760.375,-110852.671875,-11598.587890625,-375000.03125,-375000.03125,-136462.625,-107258.6875
8250.684245000002,baseline_start,-126147.921875,-185813.796875,-110344.8359375,-11274.6669921875,-375000.03125,-375000.03125,-136531.25,-107359.1796875
8250.770780800003,baseline_start,-126362.765625,-185682.015625,-109224.4296875,-10024.0419921875,-375000.03125,-375000.03125,-136545.1875,-107195.65625
8250.856541800005,baseline_start,-126340.3671875,-185627.390625,-109450.71875,-9955.5556640625,-375000.03125,-375000.03125,-136547.515625,-107099.046875
8250.944771200007,baseline_start,-126194.4609375,-185778.265625,-110545.46875,-11057.720703125,-375000.03125,-375000.03125,-136593.25,-107251.671875
8251.0351346,baseline_start,-126340.953125,-185923.8125,-110212.828125,-11152.89453125,-375000.03125,-375000.03125,-136705.765625,-107490.1640625
8251.125914300002,baseline_start,-126499.0703125,-185771.6875,-109237.21875,-9953.455078125,-375000.03125,-375000.03125,-136694.90625,-107289.4453125
8251.225056300003,baseline_start,-126411.1328125,-185768.109375,-109805.3515625,-10264.546875,-375000.03125,-375000.03125,-136673.796875,-107225.1171875
8251.312125500006,baseline_start,-126253.375,-185902.265625,-110796.7421875,-11339.3076171875,-375000.03125,-375000.03125,-136681.21875,-107364.6328125
8251.388261200007,baseline_start,-126262.8984375,-186027.65625,-111054.6796875,-11861.1318359375,-375000.03125,-375000.03125,-136742.515625,-107544.1171875
8251.395050500001,baseline_start,-126419.671875,-186005.40625,-110186.40625,-11158.482421875,-375000.03125,-375000.03125,-136770.359375,-107544.921875
8251.473310500003,baseline_start,-126544.0390625,-185821.171875,-109254.0703125,-9962.171875,-375000.03125,-375000.03125,-136752.75,-107327.3515625
8251.531380200006,baseline_start,-126441.671875,-185806.25,-109858.953125,-10319.8447265625,-375000.03125,-375000.03125,-136709.5625,-107261.859375
8251.618126900006,baseline_start,-126291.7734375,-185949.46875,-110837.2890625,-11378.736328125,-375000.03125,-375000.03125,-136723.25,-107399.6328125
8251.695137800001,baseline_start,-126408.9453125,-186038.5625,-110465.7578125,-11368.1416015625,-375000.03125,-375000.03125,-136794.1875,-107580.4609375
8251.749195700002,baseline_start,-126561.7421875,-185857.4375,-109333.375,-10078.8037109375,-375000.03125,-375000.03125,-136771.609375,-107370.4921875
8251.817231200004,baseline_start,-126482.2578125,-185795.5625,-109673.9296875,-10156.6767578125,-375000.03125,-375000.03125,-136737.546875,-107269.6796875
8251.902834400005,baseline_start,-126328.609375,-185942.453125,-110731.1640625,-11233.13671875,-375000.03125,-375000.03125,-136737.0625,-107383.0078125
8251.993413900007,baseline_start,-126276.578125,-186063.0625,-111079.40625,-11842.7138671875,-375000.03125,-375000.03125,-136784.484375,-107551.5390625
8252.0711893,baseline_start,-126587.9375,-185838.75,-109238.515625,-9915.0546875,-375000.03125,-375000.03125,-136796.46875,-107353.5
8252.126812300003,baseline_start,-126487.1328125,-185841.828125,-109949.609375,-10389.134765625,-375000.03125,-375000.03125,-136771.65625,-107313.2265625
8252.213425000004,baseline_start,-126320.96875,-185983.765625,-110884.1875,-11447.087890625,-375000.03125,-375000.03125,-136780.921875,-107448.3671875
8252.312274600006,baseline_start,-126331.65625,-186110.40625,-111040.734375,-11862.7412109375,-375000.03125,-375000.03125,-136846.3125,-107626.5078125
8252.368460500007,baseline_start,-126535.1875,-186072.328125,-110125.25,-11068.896484375,-375000.03125,-375000.03125,-136876.984375,-107603.84375
8252.464907500002,baseline_start,-126450.515625,-185921.796875,-110196.5078125,-10672.4208984375,-375000.03125,-375000.03125,-136804.921875,-107365.796875
8252.523095100003,baseline_start,-126366.7890625,-186066.828125,-111000.0546875,-11629.880859375,-375000.03125,-375000.03125,-136840.640625,-107521.765625
8252.607078200004,baseline_start,-126395.1796875,-186150.640625,-110909.6171875,-11806.2802734375,-375000.03125,-375000.03125,-136897.546875,-107661.2890625
8252.707824100005,baseline_start,-126592.5390625,-186056.09375,-109820.1484375,-10695.6669921875,-375000.03125,-375000.03125,-136898.625,-107566.9609375
8252.773909100008,baseline_start,-126667.15625,-185893.28125,-109297.2578125,-9905.3095703125,-375000.03125,-375000.03125,-136872.515625,-107372.9921875
8252.865346300001,baseline_start,-126400.8515625,-186131.0625,-111084.1015625,-11794.5234375,-375000.03125,-375000.03125,-136894.953125,-107599.0625
8252.955273000003,baseline_start,-126521.1953125,-186204.546875,-110787.359375,-11701.6298828125,-375000.03125,-375000.03125,-136964.6875,-107721.1015625
8253.043951800004,baseline_start,-126679.625,-186053.015625,-109551.390625,-10424.9873046875,-375000.03125,-375000.03125,-136938.578125,-107545.4609375
8253.146274200006,baseline_start,-126660.4921875,-185909.5625,-109465.203125,-9994.0458984375,-375000.03125,-375000.03125,-136894.953125,-107374.109375
8253.242078900008,baseline_start,-126500.2265625,-186039.828125,-110550.0234375,-11037.603515625,-375000.03125,-375000.03125,-136901.84375,-107473.0859375
8253.3409241,baseline_start,-126551.1484375,-186204.375,-110511.7578125,-11455.044921875,-375000.03125,-375000.03125,-136986.78125,-107713.453125
8253.384504600002,baseline_start,-126720.6171875,-186025.15625,-109350.5859375,-10162.533203125,-375000.03125,-375000.03125,-136951.765625,-107495.390625
8253.423374900003,baseline_start,-126660.0859375,-185972.3125,-109690.8671875,-10192.6181640625,-375000.03125,-375000.03125,-136925.265625,-107400.9765625
8253.506543500005,baseline_start,-126492.359375,-186111.890625,-110746.3203125,-11289.1953125,-375000.03125,-375000.03125,-136938.359375,-107522.125
8253.573280400007,baseline_start,-126462.3671875,-186258.515625,-111145.34375,-11941.3740234375,-375000.03125,-375000.03125,-136992.765625,-107700.9375
8253.645324000001,baseline_start,-126597.015625,-186261.234375,-110478.8984375,-11443.01953125,-375000.03125,-375000.03125,-137032.1875,-107740.8125
8253.712285000003,baseline_start,-126765.5,-186075.53125,-109355.640625,-10161.416015625,-375000.03125,-375000.03125,-137021.828125,-107552.5234375
8253.801153100005,baseline_start,-126695.671875,-186021.8125,-109762.21875,-10277.734375,-375000.03125,-375000.03125,-136967.328125,-107443.0859375
8253.905605200007,baseline_start,-126532.0546875,-186175.234375,-110800.234375,-11371.6279296875,-375000.03125,-375000.03125,-136984.53125,-107575.9921875
8253.9600374,baseline_start,-126737.921875,-186534.203125,-111218.7421875,-12039.6328125,-375000.03125,-375000.03125,-137058.203125,-107761.109375
8254.046703400003,baseline_start,-126774.125,-186417.515625,-110508.1796875,-11449.1884765625,-375000.03125,-375000.03125,-137087.796875,-107781.3125
8254.137251000004,baseline_start,-126836.1328125,-186154.4375,-109358.2734375,-10165.3046875,-375000.03125,-375000.03125,-137067.328125,-107569.8203125
8254.224364300006,baseline_start,-126741.2734375,-186107.953125,-109839.4609375,-10367.6328125,-375000.03125,-375000.03125,-137025.4375,-107485.6875
8254.298245000007,baseline_start,-126564.734375,-186236.46875,-110852.1328125,-11429.83203125,-375000.03125,-375000.03125,-137041.625,-107623.0625
8254.357640400001,baseline_start,-126523.7421875,-186325.921875,-111141.046875,-11981.8759765625,-375000.03125,-375000.03125,-137090.3125,-107785.46875
8254.445750000003,baseline_start,-126689.90625,-186324.140625,-110370.09375,-11368.6328125,-375000.03125,-375000.03125,-137112.078125,-107788.6484375
8254.531334200004,baseline_start,-126830.09375,-186116.078125,-109331.046875,-10112.4208984375,-375000.03125,-375000.03125,-137090.84375,-107560.390625
8254.624645900007,baseline_start,-126744.625,-186091.765625,-109856.09375,-10381.177734375,-375000.03125,-375000.03125,-137038.234375,-107466.2890625
8254.727761,baseline_start,-126557.71875,-186227.53125,-110849.671875,-11451.513671875,-375000.03125,-375000.03125,-137047.75,-107592.4453125
8254.825314500002,baseline_start,-126572.3359375,-186343.09375,-111107.5703125,-11969.537109375,-375000.03125,-375000.03125,-137110.828125,-107783.1015625
8254.925930300004,baseline_start,-126725.984375,-186338.75,-110309.03125,-11306.40625,-375000.03125,-375000.03125,-137133.796875,-107785.515625
8255.025640900005,baseline_start,-126835.28125,-186129.625,-109293.0078125,-10075.00390625,-375000.03125,-375000.03125,-137106.4375,-107553.546875
8255.127424900007,baseline_start,-126726.96875,-186097.984375,-109869.28125,-10409.0283203125,-375000.03125,-375000.03125,-137060.0,-107478.671875
8255.240281100001,baseline_start,-126589.859375,-186360.96875,-111014.671875,-11928.41015625,-375000.03125,-375000.03125,-137120.796875,-107799.0625
8255.340768300002,baseline_start,-126872.5625,-186408.890625,-110037.5,-11010.3349609375,-375000.03125,-375000.03125,-137153.734375,-107751.6796875
8255.428811100004,baseline_start,-127083.703125,-186434.0625,-109381.4296875,-10079.384765625,-375000.03125,-375000.03125,-137117.390625,-107530.6171875
8255.447985300005,baseline_start,-126742.8359375,-186272.328125,-110126.859375,-10685.7431640625,-375000.03125,-375000.03125,-137068.625,-107505.984375
8255.489374600007,baseline_start,-126568.71875,-186349.921875,-110974.2578125,-11650.7119140625,-375000.03125,-375000.03125,-137078.953125,-107651.453125
8255.511513800002,baseline_start,-126579.6640625,-186411.3125,-110945.515625,-11884.154296875,-375000.03125,-375000.03125,-137115.078125,-107786.7265625
8255.557193000002,baseline_start,-126750.03125,-186320.5625,-109904.015625,-10888.25,-375000.03125,-375000.03125,-137124.375,-107713.140625
8255.635082000004,baseline_start,-126833.1328125,-186153.0625,-109240.5234375,-9963.826171875,-375000.03125,-375000.03125,-137103.765625,-107517.296875
8255.713287200006,baseline_start,-126696.03125,-186205.625,-110139.6484375,-10680.5576171875,-375000.03125,-375000.03125,-137082.078125,-107512.2890625
8255.8087844,baseline_start,-126564.2421875,-186348.359375,-110962.7265625,-11656.8369140625,-375000.03125,-375000.03125,-137116.0625,-107683.90625
8255.869413100003,baseline_start,-126614.9375,-186430.03125,-110954.546875,-11897.654296875,-375000.03125,-375000.03125,-137163.3125,-107828.7890625
8255.959942900005,baseline_start,-126806.2265625,-186362.625,-109869.9921875,-10881.767578125,-375000.03125,-375000.03125,-137187.171875,-107750.6484375
8256.055535800006,baseline_start,-126896.75,-186195.84375,-109268.8203125,-9984.3896484375,-375000.03125,-375000.03125,-137152.484375,-107535.0
8256.148206100008,baseline_start,-126746.7265625,-186250.734375,-110180.1953125,-10736.4814453125,-375000.03125,-375000.03125,-137113.28125,-107540.359375
8256.199114000001,baseline_start,-126619.140625,-186387.96875,-110983.0703125,-11710.7939453125,-375000.03125,-375000.03125,-137145.6875,-107705.3203125
8256.274648800003,baseline_start,-126660.1328125,-186489.265625,-110916.328125,-11909.724609375,-375000.03125,-375000.03125,-137209.578125,-107854.71875
8256.365650600004,baseline_start,-126868.0078125,-186416.3125,-109868.7421875,-10890.08203125,-375000.03125,-375000.03125,-137244.578125,-107790.65625
8256.441768000006,baseline_start,-126932.828125,-186258.234375,-109318.3984375,-10043.1748046875,-375000.03125,-375000.03125,-137226.96875,-107600.8046875
8256.5212919,baseline_start,-126815.03125,-186354.84375,-110257.796875,-10844.4404296875,-375000.03125,-375000.03125,-137210.65625,-107630.484375
8256.610203000002,baseline_start,-126727.90625,-186514.96875,-111063.984375,-11818.529296875,-375000.03125,-375000.03125,-137275.953125,-107828.7421875
8256.701358700004,baseline_start,-126771.4921875,-186601.5625,-111003.3203125,-12011.9609375,-375000.03125,-375000.03125,-137326.96875,-107971.9296875
8256.797949100006,baseline_start,-126965.90625,-186513.09375,-109915.546875,-10948.8671875,-375000.03125,-375000.03125,-137349.1875,-107895.21875
8256.897023100008,baseline_start,-127040.4296875,-186351.09375,-109362.34375,-10106.2958984375,-375000.03125,-375000.03125,-137304.96875,-107683.5
8257.0101328,baseline_start,-126756.0234375,-186591.546875,-111141.6328125,-11968.5537109375,-375000.03125,-375000.03125,-137312.078125,-107888.421875
8257.114709600002,baseline_start,-126864.515625,-186654.453125,-110829.78125,-11907.98046875,-375000.03125,-375000.03125,-137378.15625,-108016.5
8257.214363800002,baseline_start,-127000.4140625,-186548.140625,-109869.3671875,-10930.4052734375,-375000.03125,-375000.03125,-137372.4375,-107908.453125
8257.3162751,baseline_start,-126768.1796875,-186609.34375,-111159.734375,-12038.6044921875,-375000.03125,-375000.03125,-137318.875,-107916.5
8257.411329400002,baseline_start,-126914.5,-186651.359375,-110619.71875,-11698.947265625,-375000.03125,-375000.03125,-137374.578125,-107989.8125
8257.440516400004,baseline_start,-127060.6796875,-186444.65625,-109424.796875,-10389.314453125,-375000.03125,-375000.03125,-137347.078125,-107787.125
8257.482116800005,baseline_start,-127022.3671875,-186386.234375,-109652.78125,-10310.76953125,-375000.03125,-375000.03125,-137337.421875,-107698.8359375
8257.523542600007,baseline_start,-126848.9609375,-186523.921875,-110694.5546875,-11376.634765625,-375000.03125,-375000.03125,-137323.5625,-107790.34375
8257.556678400002,baseline_start,-126800.5,-186643.09375,-111144.8046875,-12050.0927734375,-375000.03125,-375000.03125,-137366.390625,-107959.546875
8257.607049500004,baseline_start,-126936.9375,-186672.859375,-110577.875,-11671.4990234375,-375000.03125,-375000.03125,-137403.1875,-108015.1171875
8257.712666400004,baseline_start,-127112.7109375,-186477.375,-109413.8828125,-10378.763671875,-375000.03125,-375000.03125,-137397.15625,-107833.078125
8257.770450300006,baseline_start,-127033.5,-186398.25,-109668.7890625,-10310.3232421875,-375000.03125,-375000.03125,-137345.203125,-107698.7890625
8257.852697600001,baseline_start,-126856.828125,-186530.9375,-110685.4765625,-11368.677734375,-375000.03125,-375000.03125,-137330.859375,-107803.0859375
8257.9588471,baseline_start,-127128.625,-186408.3125,-109300.515625,-10121.048828125,-375000.03125,-375000.03125,-137410.65625,-107773.359375
8258.015026800002,baseline_start,-127018.296875,-186462.671875,-110124.1328125,-10748.595703125,-375000.03125,-375000.03125,-137385.484375,-107773.4453125
8258.091677600005,baseline_start,-126900.7734375,-186646.53125,-111043.015625,-11812.896484375,-375000.03125,-375000.03125,-137447.265625,-107965.09375
8258.158213600005,baseline_start,-126972.390625,-186771.578125,-111124.8671875,-12136.9970703125,-375000.03125,-375000.03125,-137515.796875,-108131.7421875
8258.254530000007,baseline_start,-127231.3125,-186775.15625,-110188.0625,-11275.0244140625,-375000.03125,-375000.03125,-137619.28125,-108159.0625
8258.327346300002,baseline_start,-127353.9765625,-186622.4375,-109475.84375,-10305.986328125,-375000.03125,-375000.03125,-137616.328125,-107979.0859375
8258.400721500004,baseline_start,-127242.265625,-186716.9375,-110376.6640625,-11010.2900390625,-375000.03125,-375000.03125,-137626.890625,-108003.578125
8258.491281900006,baseline_start,-127125.2734375,-186881.984375,-111208.8203125,-12041.7783203125,-375000.03125,-375000.03125,-137679.453125,-108189.6796875
8258.564310800006,baseline_start,-127205.296875,-187016.640625,-111318.703125,-12352.0654296875,-375000.03125,-375000.03125,-137768.375,-108377.125
8258.681257100001,baseline_start,-127404.984375,-186945.515625,-110328.3828125,-11434.34765625,-375000.03125,-375000.03125,-137816.515625,-108339.3046875
8258.751517200002,baseline_start,-127493.453125,-186777.296875,-109628.1953125,-10462.001953125,-375000.03125,-375000.03125,-137792.46875,-108137.5546875
8258.846847400004,baseline_start,-127342.53125,-186832.6875,-110489.40625,-11144.5791015625,-375000.03125,-375000.03125,-137777.796875,-108140.4609375
8258.947491600005,baseline_start,-127224.15625,-187009.3125,-111363.046875,-12174.81640625,-375000.03125,-375000.03125,-137826.578125,-108321.2421875
8259.049481700007,baseline_start,-127295.546875,-187119.765625,-111417.453125,-12447.865234375,-375000.03125,-375000.03125,-137874.984375,-108473.9921875
8259.1615789,baseline_start,-127544.3671875,-186858.078125,-109794.3984375,-10574.69921875,-375000.03125,-375000.03125,-137868.59375,-108179.9375
8259.267697500001,baseline_start,-127452.1484375,-187150.96875,-110911.09375,-12051.3896484375,-375000.03125,-375000.03125,-137960.421875,-108518.921875
8259.372127900002,baseline_start,-127626.3984375,-186973.90625,-109804.7265625,-10786.236328125,-375000.03125,-375000.03125,-137976.375,-108344.21875
8259.416839400004,baseline_start,-127560.328125,-186928.296875,-110168.9296875,-10857.8955078125,-375000.03125,-375000.03125,-137944.28125,-108251.6875
8259.448166800006,baseline_start,-127637.7578125,-187388.34375,-111312.21875,-12035.609375,-375000.03125,-375000.03125,-137967.921875,-108391.0234375
8259.489614200007,baseline_start,-127562.25,-187469.171875,-111657.734375,-12643.0849609375,-375000.03125,-375000.03125,-138033.46875,-108571.671875
8259.511619,baseline_start,-127558.765625,-187314.265625,-110959.6875,-12096.361328125,-375000.03125,-375000.03125,-138027.65625,-108561.125
8259.585834200003,baseline_start,-127661.625,-187068.3125,-109838.8828125,-10792.583984375,-375000.03125,-375000.03125,-138008.203125,-108355.7578125
8259.667635800004,baseline_start,-127570.4296875,-186984.671875,-110182.6484375,-10861.2041015625,-375000.03125,-375000.03125,-137950.625,-108241.09375
8259.770507800007,baseline_start,-127415.1796875,-187121.875,-111198.453125,-11944.2353515625,-375000.03125,-375000.03125,-137955.28125,-108358.3046875
8259.8238153,baseline_start,-127378.7890625,-187239.078125,-111570.7421875,-12560.16015625,-375000.03125,-375000.03125,-138015.625,-108531.125
8259.916924400002,baseline_start,-127510.6171875,-187241.671875,-110910.875,-12057.9609375,-375000.03125,-375000.03125,-138051.296875,-108564.25
8259.989814800005,baseline_start,-127644.640625,-187030.859375,-109782.421875,-10768.712890625,-375000.03125,-375000.03125,-138008.421875,-108333.046875
8260.079126400005,baseline_start,-127557.15625,-186947.078125,-110153.28125,-10857.4931640625,-375000.03125,-375000.03125,-137961.484375,-108227.5859375
8260.185884700008,baseline_start,-127401.671875,-187105.6875,-111168.8125,-11918.798828125,-375000.03125,-375000.03125,-137961.84375,-108345.1171875
8260.228982000002,baseline_start,-127367.4765625,-187233.578125,-111541.0546875,-12534.6787109375,-375000.03125,-375000.03125,-138033.140625,-108525.71875
8260.325767900003,baseline_start,-127514.328125,-187229.0625,-110849.9375,-12031.138671875,-375000.03125,-375000.03125,-138055.984375,-108548.203125
8260.380644600005,baseline_start,-127645.7578125,-187016.09375,-109769.5,-10734.15625,-375000.03125,-375000.03125,-138022.859375,-108325.8046875
8260.470445200006,baseline_start,-127550.0,-186967.46875,-110159.40625,-10871.9326171875,-375000.03125,-375000.03125,-137975.125,-108224.328125
8260.5449516,baseline_start,-127354.8671875,-187203.984375,-111520.1328125,-12476.6982421875,-375000.03125,-375000.03125,-138009.8125,-108471.5390625
8260.595554300002,baseline_start,-127484.6484375,-187258.34375,-111075.875,-12223.3193359375,-375000.03125,-375000.03125,-138067.171875,-108555.984375
8260.675292200003,baseline_start,-127664.7578125,-187084.5,-109887.25,-10940.3740234375,-375000.03125,-375000.03125,-138051.703125,-108374.7109375
8260.760469000006,baseline_start,-127645.625,-187004.828125,-109995.7890625,-10731.5634765625,-375000.03125,-375000.03125,-138010.9375,-108230.3203125
8260.846652900007,baseline_start,-127474.1875,-187131.484375,-111030.8984375,-11775.9716796875,-375000.03125,-375000.03125,-138004.984375,-108324.4609375
8260.9350587,baseline_start,-127589.875,-187276.28125,-110847.9296875,-12042.716796875,-375000.03125,-375000.03125,-138103.328125,-108557.3671875
8261.022095000002,baseline_start,-127758.3203125,-187089.59375,-109771.3359375,-10791.466796875,-375000.03125,-375000.03125,-138093.9375,-108363.4453125
8261.113255500004,baseline_start,-127670.296875,-187063.625,-110208.4921875,-10932.2822265625,-375000.03125,-375000.03125,-138084.015625,-108297.375
8261.210558800005,baseline_start,-127501.140625,-187223.34375,-111228.8046875,-12017.548828125,-375000.03125,-375000.03125,-138094.296875,-108413.0625
8261.298409200008,baseline_start,-127503.640625,-187348.78125,-111585.0,-12604.3271484375,-375000.03125,-375000.03125,-138144.765625,-108581.015625
8261.387826600001,baseline_start,-128050.546875,-187431.3125,-109859.1328125,-10774.8818359375,-375000.03125,-375000.03125,-138169.625,-108381.328125
8261.428128800002,baseline_start,-127803.0703125,-187342.53125,-110534.5546875,-11226.833984375,-375000.03125,-375000.03125,-138131.40625,-108339.171875
8261.456472600004,baseline_start,-127569.5390625,-187355.265625,-111398.6796875,-12219.7880859375,-375000.03125,-375000.03125,-138124.921875,-108455.1328125
8261.542819000006,baseline_start,-127538.203125,-187415.296875,-111526.796875,-12595.1630859375,-375000.03125,-375000.03125,-138177.71875,-108613.3359375
8261.648293600007,baseline_start,-127686.4375,-187360.453125,-110615.6015625,-11799.8876953125,-375000.03125,-375000.03125,-138200.828125,-108582.265625
8261.705388600001,baseline_start,-127816.1640625,-187166.078125,-109744.78125,-10679.88671875,-375000.03125,-375000.03125,-138183.125,-108380.296875
8261.811371300004,baseline_start,-127699.7578125,-187183.375,-110456.4140625,-11165.8583984375,-375000.03125,-375000.03125,-138160.546875,-108346.140625
8261.867429700005,baseline_start,-127536.546875,-187321.875,-111377.578125,-12208.791015625,-375000.03125,-375000.03125,-138152.90625,-108474.4453125
8261.947886900007,baseline_start,-127539.453125,-187421.109375,-111557.8671875,-12624.2646484375,-375000.03125,-375000.03125,-138215.09375,-108632.109375
8262.0276916,baseline_start,-127722.9140625,-187392.28125,-110629.59375,-11812.7626953125,-375000.03125,-375000.03125,-138238.421875,-108597.46875
8262.114912100002,baseline_start,-127824.484375,-187191.828125,-109775.1328125,-10697.947265625,-375000.03125,-375000.03125,-138216.296875,-108377.65625
8262.186871200003,baseline_start,-127679.7734375,-187205.203125,-110429.1953125,-11158.6611328125,-375000.03125,-375000.03125,-138152.0625,-108317.3984375
8262.265184200005,baseline_start,-127542.2265625,-187351.515625,-111338.375,-12180.76171875,-375000.03125,-375000.03125,-138170.96875,-108461.921875
8262.350020900001,baseline_start,-127514.328125,-187416.546875,-111562.0703125,-12545.4521484375,-375000.03125,-375000.03125,-138193.546875,-108552.4921875
8262.426282000002,baseline_start,-127634.4453125,-187459.109375,-111091.96875,-12275.7119140625,-375000.03125,-375000.03125,-138232.21875,-108626.8828125
8262.508252000003,baseline_start,-127804.40625,-187267.015625,-109925.1171875,-10997.37109375,-375000.03125,-375000.03125,-138210.390625,-108429.15625
8262.591075800006,baseline_start,-127757.828125,-187172.921875,-109987.609375,-10756.4189453125,-375000.03125,-375000.03125,-138156.53125,-108280.4296875
8262.673712100008,baseline_start,-127569.4453125,-187300.421875,-111043.953125,-11801.8994140625,-375000.03125,-375000.03125,-138144.0625,-108362.546875
8262.759309500001,baseline_start,-127631.6328125,-187419.234375,-110828.390625,-12022.376953125,-375000.03125,-375000.03125,-138214.734375,-108577.3515625
8262.844182500003,baseline_start,-127786.75,-187234.203125,-109725.6953125,-10772.646484375,-375000.03125,-375000.03125,-138192.96875,-108374.125
8262.930985200004,baseline_start,-127691.3515625,-187172.109375,-110140.8125,-10875.5537109375,-375000.03125,-375000.03125,-138142.140625,-108261.296875
8263.018214500005,baseline_start,-127509.546875,-187311.859375,-111151.0625,-11941.8662109375,-375000.03125,-375000.03125,-138138.421875,-108371.1796875
8263.113464400007,baseline_start,-127483.703125,-187441.359375,-111491.484375,-12531.4599609375,-375000.03125,-375000.03125,-138182.59375,-108536.8046875
8263.207253,baseline_start,-127784.0234375,-187204.890625,-109672.140625,-10625.6611328125,-375000.03125,-375000.03125,-138181.96875,-108308.90625
8263.298723100002,baseline_start,-127655.0546875,-187200.953125,-110319.1328125,-11050.6572265625,-375000.03125,-375000.03125,-138118.3125,-108240.7734375
8263.392047400004,baseline_start,-127468.6875,-187339.484375,-111244.9375,-12088.9853515625,-375000.03125,-375000.03125,-138121.890625,-108371.359375
8263.432642500005,baseline_start,-127490.8125,-187453.296875,-111436.40625,-12540.580078125,-375000.03125,-375000.03125,-138177.09375,-108528.7578125
8263.473422000006,baseline_start,-127664.0390625,-187404.03125,-110542.2890625,-11756.435546875,-375000.03125,-375000.03125,-138205.703125,-108510.4296875
8263.517763400001,baseline_start,-127782.015625,-187204.390625,-109642.9453125,-10611.7587890625,-375000.03125,-375000.03125,-138187.59375,-108297.59375
8263.589338900003,baseline_start,-127658.0078125,-187222.40625,-110300.0,-11047.0361328125,-375000.03125,-375000.03125,-138167.609375,-108269.65625
8263.678718800005,baseline_start,-127497.875,-187354.8125,-111217.2734375,-12065.560546875,-375000.03125,-375000.03125,-138149.15625,-108374.3984375
8263.759317700007,baseline_start,-127476.421875,-187444.8125,-111379.5859375,-12491.31640625,-375000.03125,-375000.03125,-138174.953125,-108509.1328125
8263.8549249,baseline_start,-127645.890625,-187424.25,-110521.015625,-11744.5,-375000.03125,-375000.03125,-138232.171875,-108513.734375
8263.906697600003,baseline_start,-127766.4140625,-187218.515625,-109597.6171875,-10581.5390625,-375000.03125,-375000.03125,-138193.546875,-108293.6171875
8263.990951400005,baseline_start,-127645.265625,-187212.890625,-110255.4296875,-10999.5615234375,-375000.03125,-375000.03125,-138158.671875,-108237.828125
8264.071946300006,baseline_start,-127495.9140625,-187381.421875,-111208.90625,-12053.580078125,-375000.03125,-375000.03125,-138162.4375,-108376.140625
8264.154481300007,baseline_start,-127470.1171875,-187471.890625,-111392.7734375,-12496.234375,-375000.03125,-375000.03125,-138203.15625,-108519.546875
8264.226250700001,baseline_start,-127759.6171875,-187207.875,-109602.984375,-10528.251953125,-375000.03125,-375000.03125,-138211.828125,-108267.6015625
8264.306774100003,baseline_start,-127604.5390625,-187244.359375,-110448.546875,-11199.69921875,-375000.03125,-375000.03125,-138162.34375,-108245.6484375
8264.379771400005,baseline_start,-127484.421875,-187404.265625,-111298.8125,-12182.68359375,-375000.03125,-375000.03125,-138177.40625,-108390.1328125
8264.454021200007,baseline_start,-127501.765625,-187479.234375,-111293.4453125,-12428.3740234375,-375000.03125,-375000.03125,-138209.09375,-108518.65625
8264.554646000008,baseline_start,-127715.1796875,-187414.71875,-110288.1953125,-11487.7236328125,-375000.03125,-375000.03125,-138259.96875,-108473.640625
8264.6256407,baseline_start,-127585.046875,-187299.25,-110668.359375,-11412.5322265625,-375000.03125,-375000.03125,-138171.328125,-108266.6640625
8264.708003300002,baseline_start,-127508.203125,-187446.546875,-111382.71875,-12321.935546875,-375000.03125,-375000.03125,-138207.359375,-108435.953125
8264.795396700005,baseline_start,-127568.8671875,-187528.71875,-111163.1796875,-12371.779296875,-375000.03125,-375000.03125,-138254.46875,-108548.609375
8264.879256300006,baseline_start,-127759.078125,-187391.515625,-110042.4140625,-11225.58203125,-375000.03125,-375000.03125,-138274.28125,-108442.9296875
8264.974020200007,baseline_start,-127787.6875,-187227.1875,-109634.8125,-10527.0009765625,-375000.03125,-375000.03125,-138225.6875,-108243.7265625
8265.058840000002,baseline_start,-127508.15625,-187478.875,-111407.484375,-12390.7333984375,-375000.03125,-375000.03125,-138244.0625,-108473.015625
8265.144442200002,baseline_start,-127626.265625,-187552.671875,-111023.8359375,-12242.228515625,-375000.03125,-375000.03125,-138302.390625,-108573.90625
8265.235993400003,baseline_eyes_closed,-127831.7265625,-187382.671875,-109849.5234375,-10987.40234375,-375000.03125,-375000.03125,-138300.125,-108417.8046875
8265.327637900005,baseline_eyes_closed,-127775.84375,-187246.90625,-109800.3515625,-10630.220703125,-375000.03125,-375000.03125,-138262.96875,-108264.78125
8265.420494400007,baseline_eyes_closed,-127620.6796875,-187370.0625,-110834.7890625,-11627.466796875,-375000.03125,-375000.03125,-138228.28125,-108319.5
8265.444406900002,baseline_eyes_closed,-127551.1640625,-187525.546875,-111374.578125,-12405.75390625,-375000.03125,-375000.03125,-138269.40625,-108496.171875
8265.504519700004,baseline_eyes_closed,-127663.5,-187546.421875,-111051.015625,-12261.80859375,-375000.03125,-375000.03125,-138333.375,-108594.3359375
8265.565284400005,baseline_eyes_closed,-127841.0625,-187391.921875,-109876.2578125,-11005.8642578125,-375000.03125,-375000.03125,-138331.453125,-108441.2265625
8265.671179,baseline_eyes_closed,-127735.8359375,-187533.3125,-110587.890625,-11847.720703125,-375000.03125,-375000.03125,-138343.96875,-108562.953125
8265.748092200003,baseline_eyes_closed,-127887.375,-187338.71875,-109605.6171875,-10633.6181640625,-375000.03125,-375000.03125,-138311.515625,-108344.4453125
8265.794694600005,baseline_eyes_closed,-127752.6875,-187294.109375,-110150.328125,-10912.880859375,-375000.03125,-375000.03125,-138241.59375,-108247.9765625
8265.865252400006,baseline_eyes_closed,-127574.0078125,-187433.5,-111116.640625,-11952.5498046875,-375000.03125,-375000.03125,-138254.15625,-108383.25
8265.956715600007,baseline_eyes_closed,-127575.125,-187530.0625,-111366.671875,-12468.0712890625,-375000.03125,-375000.03125,-138285.1875,-108517.9375
8266.0411987,baseline_eyes_closed,-127951.5703125,-187391.390625,-109614.6015625,-10567.904296875,-375000.03125,-375000.03125,-138291.578125,-108286.4609375
8266.110519100002,baseline_eyes_closed,-127830.6953125,-187457.6875,-110385.0703125,-11140.421875,-375000.03125,-375000.03125,-138256.671875,-108268.5390625
8266.174738300004,baseline_eyes_closed,-127599.6640625,-187508.15625,-111193.9375,-12101.94921875,-375000.03125,-375000.03125,-138250.625,-108394.828125
8266.256559900006,baseline_eyes_closed,-127586.4765625,-187573.421875,-111282.3125,-12431.861328125,-375000.03125,-375000.03125,-138291.984375,-108535.328125
8266.340947000008,baseline_eyes_closed,-127770.34375,-187527.203125,-110324.9453125,-11578.6953125,-375000.03125,-375000.03125,-138329.390625,-108496.65625
8266.4363109,baseline_eyes_closed,-127689.1640625,-187344.53125,-110499.46875,-11295.7216796875,-375000.03125,-375000.03125,-138272.140625,-108294.375
8266.520013100002,baseline_eyes_closed,-127551.96875,-187486.609375,-111262.8203125,-12211.6064453125,-375000.03125,-375000.03125,-138274.640625,-108432.46875
8266.604349500005,baseline_eyes_closed,-127605.1640625,-187561.96875,-111181.7265625,-12357.1171875,-375000.03125,-375000.03125,-138318.796875,-108549.3203125
8266.689115900006,baseline_eyes_closed,-127767.53125,-187430.40625,-110081.171875,-11280.0751953125,-375000.03125,-375000.03125,-138314.875,-108441.140625
8266.777862100007,baseline_eyes_closed,-127849.203125,-187268.984375,-109546.078125,-10470.9423828125,-375000.03125,-375000.03125,-138288.3125,-108253.3828125
8266.8750323,baseline_eyes_closed,-127614.7734375,-187602.609375,-111338.90625,-12312.32421875,-375000.03125,-375000.03125,-138282.59375,-108454.640625
8266.962017100002,baseline_eyes_closed,-127668.421875,-187614.8125,-111038.9453125,-12255.55078125,-375000.03125,-375000.03125,-138314.109375,-108539.6640625
8267.051240000004,baseline_eyes_closed,-127864.21875,-187466.125,-109900.5703125,-11069.208984375,-375000.03125,-375000.03125,-138346.078125,-108433.2265625
8267.139786300006,baseline_eyes_closed,-127850.0078125,-187291.25,-109633.3828125,-10491.908203125,-375000.03125,-375000.03125,-138304.359375,-108247.3046875
8267.227957100007,baseline_eyes_closed,-127695.6875,-187415.578125,-110677.921875,-11481.5546875,-375000.03125,-375000.03125,-138318.53125,-108337.7421875
8267.319039,baseline_eyes_closed,-127959.6171875,-187919.109375,-110966.21875,-12211.875,-375000.03125,-375000.03125,-138407.5,-108620.21875
8267.410235000003,baseline_eyes_closed,-128205.8046875,-187876.234375,-109847.6015625,-10977.2099609375,-375000.03125,-375000.03125,-138423.546875,-108463.0
8267.450669900005,baseline_eyes_closed,-128150.90625,-187735.78125,-109898.78125,-10719.94140625,-375000.03125,-375000.03125,-138338.609375,-108275.2421875
8267.480898400006,baseline_eyes_closed,-128027.5234375,-187923.171875,-110945.15625,-11757.5537109375,-375000.03125,-375000.03125,-138306.28125,-108346.3671875
8267.540709300007,baseline_eyes_closed,-127950.90625,-188039.671875,-111439.046875,-12500.8388671875,-375000.03125,-375000.03125,-138336.953125,-108498.984375
8267.609007500001,baseline_eyes_closed,-128056.3125,-188071.59375,-111030.5859375,-12274.8623046875,-375000.03125,-375000.03125,-138418.40625,-108623.125
8267.690673800003,baseline_eyes_closed,-128319.9765625,-188029.890625,-109868.609375,-11045.1591796875,-375000.03125,-375000.03125,-138430.15625,-108456.0234375
8267.775000000005,baseline_eyes_closed,-128262.3515625,-187910.703125,-109884.8359375,-10752.26171875,-375000.03125,-375000.03125,-138370.390625,-108296.2578125
8267.881676400006,baseline_eyes_closed,-128111.96875,-188032.34375,-110943.953125,-11772.08203125,-375000.03125,-375000.03125,-138371.546875,-108393.75
8267.938644400001,baseline_eyes_closed,-127998.375,-188140.4375,-111487.7734375,-12536.19921875,-375000.03125,-375000.03125,-138428.375,-108569.4375
8268.020482000002,baseline_eyes_closed,-127909.5078125,-187943.65625,-111007.296875,-12284.294921875,-375000.03125,-375000.03125,-138439.28125,-108616.734375
8268.103458100004,baseline_eyes_closed,-127959.7109375,-187618.21875,-109755.9609375,-10952.0859375,-375000.03125,-375000.03125,-138416.5625,-108438.234375
8268.166630100006,baseline_eyes_closed,-127880.8515625,-187441.546875,-109705.3984375,-10608.673828125,-375000.03125,-375000.03125,-138391.53125,-108296.078125
8268.2513118,baseline_eyes_closed,-127675.8828125,-187623.21875,-111062.28125,-11972.6669921875,-375000.03125,-375000.03125,-138368.953125,-108429.6953125
8268.281089800003,baseline_eyes_closed,-127665.4296875,-187700.203125,-111295.453125,-12468.0712890625,-375000.03125,-375000.03125,-138434.671875,-108613.421875
8268.367361200004,baseline_eyes_closed,-127792.609375,-187662.828125,-110462.8125,-11792.466796875,-375000.03125,-375000.03125,-138462.171875,-108605.9140625
8268.413974700006,baseline_eyes_closed,-127942.6796875,-187466.40625,-109517.2890625,-10605.142578125,-375000.03125,-375000.03125,-138425.25,-108378.4609375
8268.509541000007,baseline_eyes_closed,-127838.828125,-187442.4375,-110088.7265625,-10930.62890625,-375000.03125,-375000.03125,-138401.953125,-108323.7890625
8268.605500200001,baseline_eyes_closed,-127800.0703125,-187823.0,-111308.375,-12510.181640625,-375000.03125,-375000.03125,-138501.5,-108665.1015625
8268.673702300002,baseline_eyes_closed,-128203.078125,-188073.46875,-110392.890625,-11685.044921875,-375000.03125,-375000.03125,-138530.078125,-108618.390625
8268.760525000003,baseline_eyes_closed,-128292.3515625,-187876.953125,-109634.5859375,-10645.3310546875,-375000.03125,-375000.03125,-138480.765625,-108387.8984375
8268.856003600005,baseline_eyes_closed,-128129.0,-187915.3125,-110403.3515625,-11207.119140625,-375000.03125,-375000.03125,-138438.15625,-108358.9765625
8268.945136300008,baseline_eyes_closed,-127987.515625,-188075.34375,-111264.65625,-12208.791015625,-375000.03125,-375000.03125,-138453.9375,-108501.84375
8269.033905600001,baseline_eyes_closed,-128228.1953125,-188075.4375,-110156.2734375,-11417.896484375,-375000.03125,-375000.03125,-138516.96875,-108564.5234375
8269.122302300002,baseline_eyes_closed,-128298.828125,-187896.671875,-109677.28125,-10625.3935546875,-375000.03125,-375000.03125,-138487.015625,-108358.8828125
8269.211708500005,baseline_eyes_closed,-128118.71875,-187964.484375,-110575.640625,-11390.8955078125,-375000.03125,-375000.03125,-138429.75,-108360.1796875
8269.300647300006,baseline_eyes_closed,-128018.671875,-188111.828125,-111356.875,-12339.3251953125,-375000.03125,-375000.03125,-138466.953125,-108520.1328125
8269.389948600006,baseline_eyes_closed,-128089.75,-188226.8125,-111301.4453125,-12537.763671875,-375000.03125,-375000.03125,-138523.453125,-108655.2265625
8269.434860500001,baseline_eyes_closed,-128284.75,-188122.109375,-110243.8984375,-11494.0263671875,-375000.03125,-375000.03125,-138549.78125,-108570.0625
8269.478461800003,baseline_eyes_closed,-128352.3828125,-187922.59375,-109683.359375,-10643.7216796875,-375000.03125,-375000.03125,-138521.171875,-108368.046875
8269.529390900005,baseline_eyes_closed,-128182.6015625,-187997.296875,-110579.75,-11396.5283203125,-375000.03125,-375000.03125,-138502.484375,-108394.2890625
8269.617908100006,baseline_eyes_closed,-128081.5703125,-188164.078125,-111380.125,-12359.2177734375,-375000.03125,-375000.03125,-138527.484375,-108557.28125
8269.728656500001,baseline_eyes_closed,-128274.9609375,-188215.3125,-110551.765625,-11850.6259765625,-375000.03125,-375000.03125,-138611.078125,-108662.375
8269.752973600001,baseline_eyes_closed,-128401.5546875,-187992.296875,-109663.15625,-10712.162109375,-375000.03125,-375000.03125,-138589.265625,-108454.4609375
8269.814726800005,baseline_eyes_closed,-128251.0859375,-187980.359375,-110329.953125,-11158.75,-375000.03125,-375000.03125,-138543.171875,-108401.3046875
8269.892943000006,baseline_eyes_closed,-128128.2421875,-188149.921875,-111263.671875,-12201.50390625,-375000.03125,-375000.03125,-138556.578125,-108537.921875
8269.973220900007,baseline_eyes_closed,-128136.6875,-188267.890625,-111476.90625,-12653.27734375,-375000.03125,-375000.03125,-138609.515625,-108687.5
8270.073600400001,baseline_eyes_closed,-128413.8515625,-188005.4375,-109692.296875,-10687.53125,-375000.03125,-375000.03125,-138590.28125,-108415.609375
8270.138195600002,baseline_eyes_closed,-128270.53125,-188062.515625,-110556.328125,-11365.146484375,-375000.03125,-375000.03125,-138561.1875,-108413.5078125
8270.207298200005,baseline_eyes_closed,-128144.203125,-188240.3125,-111379.0078125,-12347.9970703125,-375000.03125,-375000.03125,-138593.15625,-108574.21875
8270.299089700005,baseline_eyes_closed,-128182.6484375,-188356.625,-111413.6953125,-12642.9951171875,-375000.03125,-375000.03125,-138648.359375,-108727.5078125
8270.377039600007,baseline_eyes_closed,-128371.609375,-188306.15625,-110425.9296875,-11705.1162109375,-375000.03125,-375000.03125,-138670.703125,-108663.9375
8270.460039500002,baseline_eyes_closed,-128269.5078125,-188170.796875,-110738.6328125,-11580.169921875,-375000.03125,-375000.03125,-138599.3125,-108480.2109375
8270.552087200002,baseline_eyes_closed,-128164.09375,-188332.65625,-111472.2109375,-12496.234375,-375000.03125,-375000.03125,-138647.375,-108648.296875
8270.644604500005,baseline_eyes_closed,-128225.203125,-188428.375,-111338.1015625,-12591.9443359375,-375000.03125,-375000.03125,-138693.375,-108776.28125
8270.750063500005,baseline_eyes_closed,-128409.46875,-188308.703125,-110233.390625,-11487.947265625,-375000.03125,-375000.03125,-138715.640625,-108673.4609375
8270.845488300007,baseline_eyes_closed,-128445.8125,-188124.96875,-109764.0078125,-10726.3779296875,-375000.03125,-375000.03125,-138668.78125,-108465.8125
8270.9455006,baseline_eyes_closed,-128173.8828125,-188391.40625,-111516.6953125,-12575.716796875,-375000.03125,-375000.03125,-138688.90625,-108691.8828125
8271.042850900003,baseline_eyes_closed,-128278.84375,-188465.609375,-111220.9765625,-12508.6171875,-375000.03125,-375000.03125,-138754.578125,-108801.671875
8271.136058400005,baseline_eyes_closed,-128467.4921875,-188330.515625,-110064.546875,-11288.4794921875,-375000.03125,-375000.03125,-138749.203125,-108654.328125
8271.231990800006,baseline_eyes_closed,-128467.2265625,-188177.9375,-109892.03125,-10819.6748046875,-375000.03125,-375000.03125,-138715.1875,-108490.0859375
8271.327051800008,baseline_eyes_closed,-128295.1640625,-188307.984375,-110917.484375,-11782.498046875,-375000.03125,-375000.03125,-138708.703125,-108559.9140625
8271.4227988,baseline_eyes_closed,-128339.0625,-188527.390625,-111080.03125,-12421.712890625,-375000.03125,-375000.03125,-138801.328125,-108822.015625
8271.464259900002,baseline_eyes_closed,-128514.7890625,-188351.796875,-109936.421875,-11155.3525390625,-375000.03125,-375000.03125,-138788.546875,-108650.796875
8271.506170600003,baseline_eyes_closed,-128482.1171875,-188252.46875,-110050.015625,-10981.5908203125,-375000.03125,-375000.03125,-138761.40625,-108533.1796875
8271.547385200005,baseline_eyes_closed,-128310.3203125,-188400.25,-111086.9140625,-12023.271484375,-375000.03125,-375000.03125,-138757.203125,-108636.71875
8271.597076900007,baseline_eyes_closed,-128230.8359375,-188527.21875,-111568.234375,-12732.537109375,-375000.03125,-375000.03125,-138805.21875,-108793.4921875
8271.645185800002,baseline_eyes_closed,-128366.328125,-188589.078125,-111148.4296875,-12513.400390625,-375000.03125,-375000.03125,-138861.5,-108884.90625
8271.720700900003,baseline_eyes_closed,-128536.1171875,-188392.609375,-109991.3671875,-11267.6484375,-375000.03125,-375000.03125,-138871.96875,-108723.171875
8271.798762500004,baseline_eyes_closed,-128520.109375,-188284.5625,-110009.875,-10983.2890625,-375000.03125,-375000.03125,-138829.671875,-108578.0234375
8271.884254400007,baseline_eyes_closed,-128347.0234375,-188425.203125,-111042.75,-11977.31640625,-375000.03125,-375000.03125,-138808.625,-108651.9140625
8271.975046500002,baseline_eyes_closed,-128276.609375,-188570.625,-111581.9609375,-12754.1728515625,-375000.03125,-375000.03125,-138845.765625,-108813.0234375
8272.044113500002,baseline_eyes_closed,-128383.5390625,-188627.890625,-111217.984375,-12613.22265625,-375000.03125,-375000.03125,-138911.96875,-108922.1015625
8272.122291200005,baseline_eyes_closed,-128545.9921875,-188448.53125,-110038.9296875,-11356.5634765625,-375000.03125,-375000.03125,-138882.328125,-108726.796875
8272.208292700006,baseline_eyes_closed,-128537.546875,-188281.609375,-109956.9453125,-10951.9072265625,-375000.03125,-375000.03125,-138824.046875,-108548.5625
8272.2901585,baseline_eyes_closed,-128395.609375,-188310.53125,-110541.3046875,-11466.8017578125,-375000.03125,-375000.03125,-138774.421875,-108540.828125
8272.330392400003,baseline_eyes_closed,-128256.046875,-188471.734375,-111387.3671875,-12439.326171875,-375000.03125,-375000.03125,-138791.859375,-108682.359375
8272.404939100004,baseline_eyes_closed,-128295.296875,-188599.453125,-111492.328125,-12801.8271484375,-375000.03125,-375000.03125,-138875.234375,-108865.1484375
8272.480275800006,baseline_eyes_closed,-128494.9921875,-188555.828125,-110529.953125,-11938.46875,-375000.03125,-375000.03125,-138890.203125,-108815.0859375
8272.569530200008,baseline_eyes_closed,-128597.1328125,-188338.921875,-109756.3125,-10894.5078125,-375000.03125,-375000.03125,-138864.1875,-108591.5234375
8272.653671200002,baseline_eyes_closed,-128324.21875,-188619.484375,-111517.859375,-12821.138671875,-375000.03125,-375000.03125,-138894.9375,-108881.734375
8272.725573100002,baseline_eyes_closed,-128496.7734375,-188553.984375,-110586.90625,-11979.9091796875,-375000.03125,-375000.03125,-138917.34375,-108837.390625
8272.812167700004,baseline_eyes_closed,-128610.1875,-188349.25,-109763.203125,-10909.0810546875,-375000.03125,-375000.03125,-138879.390625,-108607.75
8272.901379900006,baseline_eyes_closed,-128496.8203125,-188370.703125,-110489.9921875,-11407.2568359375,-375000.03125,-375000.03125,-138859.046875,-108585.53125
8272.990829600007,baseline_eyes_closed,-128332.1328125,-188520.328125,-111382.5390625,-12421.802734375,-375000.03125,-375000.03125,-138881.3125,-108740.6953125
8273.080169800001,baseline_eyes_closed,-128544.0703125,-188542.640625,-110392.265625,-11773.9150390625,-375000.03125,-375000.03125,-138956.046875,-108837.390625
8273.167476800003,baseline_eyes_closed,-128616.9375,-188336.734375,-109785.375,-10873.720703125,-375000.03125,-375000.03125,-138909.6875,-108612.3046875
8273.258642000004,baseline_eyes_closed,-128460.2578125,-188387.25,-110649.890625,-11574.4033203125,-375000.03125,-375000.03125,-138882.96875,-108623.484375
8273.349447500006,baseline_eyes_closed,-128337.546875,-188557.25,-111450.0390625,-12531.9970703125,-375000.03125,-375000.03125,-138903.078125,-108760.5
8273.439229900006,baseline_eyes_closed,-128384.703125,-188649.25,-111473.9140625,-12799.4580078125,-375000.03125,-375000.03125,-138938.703125,-108892.1953125
8273.460482400002,baseline_eyes_closed,-128548.765625,-188567.890625,-110446.1796875,-11827.5595703125,-375000.03125,-375000.03125,-138943.453125,-108814.3671875
8273.502227700003,baseline_eyes_closed,-128641.2109375,-188361.3125,-109757.1640625,-10875.330078125,-375000.03125,-375000.03125,-138938.265625,-108630.1875
8273.568745900006,baseline_eyes_closed,-128488.8203125,-188403.25,-110565.4453125,-11503.4140625,-375000.03125,-375000.03125,-138889.171875,-108613.109375
8273.650439200006,baseline_eyes_closed,-128342.90625,-188548.578125,-111400.2890625,-12469.6796875,-375000.03125,-375000.03125,-138890.34375,-108733.7265625
8273.7462601,baseline_eyes_closed,-128354.7109375,-188645.859375,-111446.640625,-12775.8544921875,-375000.03125,-375000.03125,-138930.796875,-108869.484375
8273.818109400003,baseline_eyes_closed,-128516.625,-188562.265625,-110477.15625,-11877.626953125,-375000.03125,-375000.03125,-138957.078125,-108830.375
8273.876561400004,baseline_eyes_closed,-128613.71875,-188337.09375,-109698.6015625,-10839.5673828125,-375000.03125,-375000.03125,-138915.5,-108617.8046875
8273.961296700001,baseline_eyes_closed,-128361.234375,-188624.265625,-111324.9609375,-12687.5205078125,-375000.03125,-375000.03125,-138930.921875,-108863.046875
8274.027998800002,baseline_eyes_closed,-128550.734375,-188528.203125,-110245.1015625,-11628.8076171875,-375000.03125,-375000.03125,-138953.328125,-108780.0390625
8274.125901100004,baseline_eyes_closed,-128592.0859375,-188323.09375,-109728.1484375,-10834.0244140625,-375000.03125,-375000.03125,-138927.796875,-108602.0703125
8274.210492400005,baseline_eyes_closed,-128440.2265625,-188395.15625,-110634.0703125,-11583.076171875,-375000.03125,-375000.03125,-138880.234375,-108605.9140625
8274.261597100007,baseline_eyes_closed,-128313.4453125,-188543.625,-111398.9453125,-12513.66796875,-375000.03125,-375000.03125,-138899.1875,-108748.03125
8274.3450188,baseline_eyes_closed,-128593.109375,-188503.03125,-110054.21875,-11414.0966796875,-375000.03125,-375000.03125,-138963.515625,-108745.5703125
8274.423107200002,baseline_eyes_closed,-128599.859375,-188321.4375,-109813.046875,-10844.126953125,-375000.03125,-375000.03125,-138922.171875,-108585.4375
8274.519028300005,baseline_eyes_closed,-128421.8515625,-188423.09375,-110804.8359375,-11763.275390625,-375000.03125,-375000.03125,-138906.296875,-108648.7890625
8274.609044200006,baseline_eyes_closed,-128335.53125,-188579.421875,-111456.34375,-12612.2841796875,-375000.03125,-375000.03125,-138927.53125,-108798.765625
8274.693568800007,baseline_eyes_closed,-128418.765625,-188658.8125,-111245.1640625,-12647.734375,-375000.03125,-375000.03125,-139008.890625,-108931.0859375
8274.779001100002,baseline_eyes_closed,-128603.2578125,-188332.625,-109939.2421875,-10959.5966796875,-375000.03125,-375000.03125,-138945.1875,-108589.1484375
8274.865594800003,baseline_eyes_closed,-128427.3984375,-188467.625,-110958.5234375,-11942.1787109375,-375000.03125,-375000.03125,-138932.09375,-108685.9765625
8274.954767500005,baseline_eyes_closed,-128350.8203125,-188609.875,-111488.3515625,-12690.7392578125,-375000.03125,-375000.03125,-138956.5,-108838.0625
8275.045134200005,baseline_eyes_closed,-128465.75,-188681.4375,-111097.375,-12517.736328125,-375000.03125,-375000.03125,-139029.40625,-108942.265625
8275.135052700007,baseline_eyes_closed,-128654.4453125,-188504.453125,-109947.828125,-11293.7548828125,-375000.03125,-375000.03125,-139018.375,-108746.59375
8275.2238261,baseline_eyes_closed,-128408.171875,-188492.125,-111075.5625,-12092.1142578125,-375000.03125,-375000.03125,-138944.515625,-108704.9765625
8275.312260900002,baseline_eyes_closed,-128356.6328125,-188611.703125,-111478.3359375,-12732.9833984375,-375000.03125,-375000.03125,-138985.78125,-108871.9453125
8275.402422500005,baseline_eyes_closed,-128502.5859375,-188657.484375,-110904.4765625,-12331.7255859375,-375000.03125,-375000.03125,-139025.65625,-108929.9296875
8275.479933400005,baseline_eyes_closed,-128683.1484375,-188480.453125,-109801.6015625,-11087.26953125,-375000.03125,-375000.03125,-139035.359375,-108746.5078125
8275.513669600008,baseline_eyes_closed,-128626.7265625,-188388.046875,-110039.15625,-11040.419921875,-375000.03125,-375000.03125,-138980.5,-108606.140625
8275.5515544,baseline_eyes_closed,-128444.5625,-188519.84375,-111036.84375,-12043.7900390625,-375000.03125,-375000.03125,-138951.71875,-108698.046875
8275.626989100003,baseline_eyes_closed,-128388.0546875,-188659.171875,-111480.484375,-12720.779296875,-375000.03125,-375000.03125,-139003.75,-108870.6484375
8275.688687600004,baseline_eyes_closed,-128506.1640625,-188692.703125,-110951.953125,-12394.8017578125,-375000.03125,-375000.03125,-139062.140625,-108958.1796875
8275.771726200006,baseline_eyes_closed,-128681.265625,-188485.859375,-109820.78125,-11131.2578125,-375000.03125,-375000.03125,-139052.390625,-108764.8828125
8275.8639635,baseline_eyes_closed,-128644.390625,-188388.046875,-109977.953125,-10975.287109375,-375000.03125,-375000.03125,-139004.328125,-108613.78125
8275.944194200003,baseline_eyes_closed,-128460.609375,-188526.3125,-110991.6953125,-11987.0166015625,-375000.03125,-375000.03125,-138997.265625,-108725.3203125
8276.010976800004,baseline_eyes_closed,-128412.015625,-188681.65625,-111474.7578125,-12710.095703125,-375000.03125,-375000.03125,-139047.734375,-108904.4453125
8276.088946300006,baseline_eyes_closed,-128540.09375,-188718.8125,-110997.1484375,-12415.41015625,-375000.03125,-375000.03125,-139070.046875,-108960.4609375
8276.175646500007,baseline_eyes_closed,-128723.109375,-188551.671875,-109870.484375,-11180.431640625,-375000.03125,-375000.03125,-139079.4375,-108780.078125
8276.252463600002,baseline_eyes_closed,-128481.0390625,-188593.90625,-111124.9140625,-12144.373046875,-375000.03125,-375000.03125,-139018.375,-108759.4296875
8276.335488400002,baseline_eyes_closed,-128461.328125,-188744.03125,-111494.7890625,-12763.4716796875,-375000.03125,-375000.03125,-139086.140625,-108948.34375
8276.403488000004,baseline_eyes_closed,-128618.7265625,-188765.75,-110851.28125,-12293.50390625,-375000.03125,-375000.03125,-139121.09375,-108975.65625
8276.481540400006,baseline_eyes_closed,-128767.1875,-188541.609375,-109762.21875,-11032.2392578125,-375000.03125,-375000.03125,-139107.59375,-108779.3671875
8276.5625165,baseline_eyes_closed,-128764.6875,-188475.984375,-109809.3359375,-10883.466796875,-375000.03125,-375000.03125,-139091.59375,-108692.546875
8276.641477800002,baseline_eyes_closed,-128579.8359375,-188580.8125,-110769.03125,-11746.3779296875,-375000.03125,-375000.03125,-139052.125,-108737.03125
8276.724493100004,baseline_eyes_closed,-128471.0703125,-188726.453125,-111445.34375,-12613.1787109375,-375000.03125,-375000.03125,-139092.984375,-108891.078125
8276.809618400006,baseline_eyes_closed,-128542.7734375,-188797.171875,-111232.6015625,-12633.205078125,-375000.03125,-375000.03125,-139126.6875,-108971.90625
8276.895210300007,baseline_eyes_closed,-128735.2265625,-188659.125,-110108.3515625,-11498.9443359375,-375000.03125,-375000.03125,-139145.0625,-108876.1484375
8276.984272000002,baseline_eyes_closed,-128550.0625,-188587.5625,-110934.65625,-11924.521484375,-375000.03125,-375000.03125,-139073.9375,-108763.984375
8277.070668200002,baseline_eyes_closed,-128494.8984375,-188765.796875,-111487.9921875,-12705.3125,-375000.03125,-375000.03125,-139119.890625,-108929.125
8277.161900600004,baseline_eyes_closed,-128603.7109375,-188826.90625,-111097.0625,-12538.076171875,-375000.03125,-375000.03125,-139180.828125,-109014.1484375
8277.252475600006,baseline_eyes_closed,-128779.390625,-188647.6875,-109936.515625,-11289.6865234375,-375000.03125,-375000.03125,-139154.171875,-108847.625
8277.343362700007,baseline_eyes_closed,-128756.0546875,-188486.671875,-109898.828125,-10937.5126953125,-375000.03125,-375000.03125,-139115.015625,-108703.328125
8277.442955,baseline_eyes_closed,-128507.8203125,-188790.03125,-111497.6015625,-12781.3525390625,-375000.03125,-375000.03125,-139154.53125,-108977.578125
8277.483033600003,baseline_eyes_closed,-128650.2421875,-188825.75,-110904.03125,-12370.3935546875,-375000.03125,-375000.03125,-139208.578125,-109016.3359375
8277.522820600005,baseline_eyes_closed,-128792.53125,-188591.890625,-109783.671875,-11095.1376953125,-375000.03125,-375000.03125,-139197.578125,-108829.1640625
8277.565260000005,baseline_eyes_closed,-128718.7265625,-188474.90625,-110033.390625,-11047.5283203125,-375000.03125,-375000.03125,-139130.53125,-108709.2734375
8277.651988100008,baseline_eyes_closed,-128550.6875,-188632.359375,-111057.546875,-12081.20703125,-375000.03125,-375000.03125,-139119.578125,-108807.3515625
8277.7299703,baseline_eyes_closed,-128692.4453125,-188779.078125,-110665.046875,-12125.552734375,-375000.03125,-375000.03125,-139209.75,-108976.953125
8277.831707300002,baseline_eyes_closed,-128830.7109375,-188557.203125,-109700.6171875,-10939.1220703125,-375000.03125,-375000.03125,-139186.40625,-108774.40625
8277.888626600004,baseline_eyes_closed,-128726.9140625,-188536.953125,-110267.765625,-11255.0419921875,-375000.03125,-375000.03125,-139147.03125,-108725.6328125
8277.956439400006,baseline_eyes_closed,-128584.484375,-188720.203125,-111223.84375,-12304.0537109375,-375000.03125,-375000.03125,-139159.0,-108872.3046875
8278.043401300007,baseline_eyes_closed,-128555.875,-188832.984375,-111473.734375,-12812.1083984375,-375000.03125,-375000.03125,-139217.25,-109034.4453125
8278.1312877,baseline_eyes_closed,-128855.2109375,-188552.328125,-109702.890625,-10892.3173828125,-375000.03125,-375000.03125,-139227.21875,-108781.1953125
8278.199292900003,baseline_eyes_closed,-128732.8125,-188594.796875,-110512.875,-11499.7490234375,-375000.03125,-375000.03125,-139213.046875,-108782.71875
8278.293012000004,baseline_eyes_closed,-128603.484375,-188795.96875,-111370.3359375,-12489.6630859375,-375000.03125,-375000.03125,-139230.671875,-108934.3046875
8278.364095100005,baseline_eyes_closed,-128653.7734375,-188923.109375,-111465.734375,-12845.7255859375,-375000.03125,-375000.03125,-139297.0,-109103.640625
8278.463359300007,baseline_eyes_closed,-128860.75,-188878.578125,-110506.6171875,-11959.9267578125,-375000.03125,-375000.03125,-139340.6875,-109058.671875
8278.5640182,baseline_eyes_closed,-128774.4296875,-188721.1875,-110759.5078125,-11773.021484375,-375000.03125,-375000.03125,-139264.59375,-108856.65625
8278.643662200002,baseline_eyes_closed,-128673.7109375,-188903.171875,-111495.90625,-12679.5634765625,-375000.03125,-375000.03125,-139312.96875,-109032.5234375
8278.724850300005,baseline_eyes_closed,-128736.078125,-189004.828125,-111378.9140625,-12814.6123046875,-375000.03125,-375000.03125,-139376.265625,-109165.203125
8278.809045900005,baseline_eyes_closed,-128940.59375,-188897.671875,-110302.90625,-11745.70703125,-375000.03125,-375000.03125,-139407.640625,-109079.0546875
8278.894080000007,baseline_eyes_closed,-128993.7890625,-188712.234375,-109848.40625,-11005.5966796875,-375000.03125,-375000.03125,-139379.84375,-108884.640625
8278.9813077,baseline_eyes_closed,-128723.3359375,-188999.375,-111582.140625,-12839.154296875,-375000.03125,-375000.03125,-139394.375,-109114.2421875
8279.070061600003,baseline_eyes_closed,-128840.1875,-189080.859375,-111261.484375,-12727.708984375,-375000.03125,-375000.03125,-139444.21875,-109211.109375
8279.157599400003,baseline_eyes_closed,-129030.3125,-188911.9375,-110105.625,-11507.2138671875,-375000.03125,-375000.03125,-139462.359375,-109069.046875
8279.247690500006,baseline_eyes_closed,-129015.515625,-188752.734375,-110016.1796875,-11108.146484375,-375000.03125,-375000.03125,-139421.953125,-108916.515625
8279.336896600007,baseline_eyes_closed,-128830.7109375,-188882.34375,-111028.1328125,-12072.9814453125,-375000.03125,-375000.03125,-139394.734375,-108982.40625
8279.4340635,baseline_eyes_closed,-128902.7734375,-189090.296875,-111079.09375,-12568.876953125,-375000.03125,-375000.03125,-139490.03125,-109235.5625
8279.512394700003,baseline_eyes_closed,-129057.5859375,-188873.984375,-109940.8046875,-11287.541015625,-375000.03125,-375000.03125,-139471.75,-109036.234375
8279.538905000005,baseline_eyes_closed,-128986.0546875,-188771.828125,-110196.1953125,-11246.2353515625,-375000.03125,-375000.03125,-139437.734375,-108924.0703125
8279.580188600006,baseline_eyes_closed,-128787.84375,-188915.1875,-111196.9765625,-12265.51953125,-375000.03125,-375000.03125,-139405.015625,-109010.6640625
8279.640798900007,baseline_eyes_closed,-128737.59375,-189047.203125,-111583.65625,-12894.5419921875,-375000.03125,-375000.03125,-139433.3125,-109155.6328125
8279.718831900002,baseline_eyes_closed,-129063.84375,-188832.890625,-109805.84375,-11070.7294921875,-375000.03125,-375000.03125,-139464.109375,-108971.5
8279.781556500002,baseline_eyes_closed,-128953.5546875,-188830.796875,-110393.203125,-11418.611328125,-375000.03125,-375000.03125,-139421.015625,-108913.3828125
8279.873628700005,baseline_eyes_closed,-128775.8125,-188991.5,-111337.65625,-12455.017578125,-375000.03125,-375000.03125,-139428.203125,-109045.21875
8279.960190300006,baseline_eyes_closed,-128781.2265625,-189138.75,-111569.890625,-12943.939453125,-375000.03125,-375000.03125,-139477.96875,-109210.21875
8280.052161300007,baseline_eyes_closed,-128956.640625,-189113.71875,-110759.0625,-12255.3271484375,-375000.03125,-375000.03125,-139514.078125,-109207.53125
8280.105144800002,baseline_eyes_closed,-129094.015625,-188903.703125,-109824.9765625,-11095.4951171875,-375000.03125,-375000.03125,-139500.9375,-109005.6953125
8280.183332400004,baseline_eyes_closed,-128980.203125,-188887.296875,-110442.9140625,-11479.6767578125,-375000.03125,-375000.03125,-139478.375,-108969.53125
8280.263752800005,baseline_eyes_closed,-128836.8359375,-189073.9375,-111382.4921875,-12513.9365234375,-375000.03125,-375000.03125,-139465.84375,-109077.71875
8280.377061300002,baseline_eyes_closed,-128918.5546875,-188967.40625,-110909.9765625,-11946.828125,-375000.03125,-375000.03125,-139463.84375,-109007.7109375
8280.470636100003,baseline_eyes_closed,-128829.90625,-189138.53125,-111579.28125,-12812.01953125,-375000.03125,-375000.03125,-139508.359375,-109180.3984375
8280.564667400004,baseline_eyes_closed,-128915.109375,-189235.625,-111387.7265625,-12863.16015625,-375000.03125,-375000.03125,-139572.875,-109290.640625
8280.661770500006,baseline_eyes_closed,-129113.1015625,-189096.015625,-110247.3359375,-11696.98046875,-375000.03125,-375000.03125,-139594.640625,-109183.890625
8280.758575900007,baseline_eyes_closed,-129118.46875,-188887.078125,-109943.265625,-11084.9892578125,-375000.03125,-375000.03125,-139537.546875,-108993.8984375
8280.8597398,baseline_eyes_closed,-128845.375,-189177.6875,-111633.0546875,-12945.548828125,-375000.03125,-375000.03125,-139566.921875,-109258.046875
8280.955509100002,baseline_eyes_closed,-128992.765625,-189261.640625,-111186.9140625,-12716.755859375,-375000.03125,-375000.03125,-139632.765625,-109359.796875
8281.048742800003,baseline_eyes_closed,-129182.9765625,-189063.34375,-110051.671875,-11450.5751953125,-375000.03125,-375000.03125,-139632.1875,-109172.4453125
8281.142729100005,baseline_eyes_closed,-129121.8671875,-188928.921875,-110150.421875,-11241.4521484375,-375000.03125,-375000.03125,-139573.234375,-109025.8125
8281.237637300008,baseline_eyes_closed,-128958.7890625,-189086.3125,-111203.3203125,-12291.2236328125,-375000.03125,-375000.03125,-139571.21875,-109143.203125
8281.3318409,baseline_eyes_closed,-129060.9765625,-189248.765625,-110922.2734375,-12447.5966796875,-375000.03125,-375000.03125,-139641.21875,-109335.03125
8281.432828600002,baseline_eyes_closed,-129214.3984375,-189018.375,-109910.5,-11229.158203125,-375000.03125,-375000.03125,-139635.765625,-109123.2265625
8281.514003600005,baseline_eyes_closed,-129100.40625,-188959.578125,-110394.6328125,-11460.5439453125,-375000.03125,-375000.03125,-139583.546875,-109048.65625
8281.529790800005,baseline_eyes_closed,-128937.8671875,-189124.140625,-111372.078125,-12509.5107421875,-375000.03125,-375000.03125,-139574.75,-109176.15625
8281.571850100006,baseline_eyes_closed,-128917.078125,-189258.109375,-111643.0234375,-13036.1630859375,-375000.03125,-375000.03125,-139625.125,-109329.3984375
8281.594300800001,baseline_eyes_closed,-129088.4296875,-189262.625,-110869.875,-12410.0009765625,-375000.03125,-375000.03125,-139686.8125,-109371.953125
8281.635026000004,baseline_eyes_closed,-129239.75,-189034.6875,-109897.7109375,-11209.8916015625,-375000.03125,-375000.03125,-139660.578125,-109148.484375
8281.676382700005,baseline_eyes_closed,-129123.296875,-188999.015625,-110481.8515625,-11543.87109375,-375000.03125,-375000.03125,-139623.34375,-109091.21875
8281.741924700007,baseline_eyes_closed,-128981.5859375,-189187.796875,-111440.7890625,-12581.662109375,-375000.03125,-375000.03125,-139626.65625,-109225.1484375
8281.8225684,baseline_eyes_closed,-129110.734375,-189332.6875,-111102.3359375,-12640.6708984375,-375000.03125,-375000.03125,-139713.6875,-109409.4140625
8281.870435200002,baseline_eyes_closed,-129293.8828125,-189126.6875,-110009.109375,-11371.0029296875,-375000.03125,-375000.03125,-139724.421875,-109226.21875
8281.943551200004,baseline_eyes_closed,-129221.8671875,-189053.328125,-110357.3125,-11435.017578125,-375000.03125,-375000.03125,-139677.65625,-109128.234375
8282.035069100006,baseline_eyes_closed,-129058.5625,-189225.703125,-111367.0234375,-12486.7119140625,-375000.03125,-375000.03125,-139672.328125,-109242.2265625
8282.103174200007,baseline_eyes_closed,-129019.625,-189370.046875,-111723.9375,-13101.7431640625,-375000.03125,-375000.03125,-139718.5625,-109400.25
8282.1891297,baseline_eyes_closed,-129220.9765625,-189066.828125,-110394.9453125,-11479.095703125,-375000.03125,-375000.03125,-139680.609375,-109130.5546875
8282.234178200002,baseline_eyes_closed,-129075.328125,-189256.6875,-111413.921875,-12544.06640625,-375000.03125,-375000.03125,-139708.859375,-109269.984375
8282.304978700004,baseline_eyes_closed,-129029.5078125,-189377.703125,-111721.796875,-13112.8291015625,-375000.03125,-375000.03125,-139748.109375,-109437.625
8282.387742200006,baseline_eyes_closed,-129200.3203125,-189371.296875,-110994.0234375,-12527.8837890625,-375000.03125,-375000.03125,-139767.734375,-109431.5
8282.4658223,baseline_eyes_closed,-129318.1171875,-189244.25,-110268.171875,-11723.0869140625,-375000.03125,-375000.03125,-139786.109375,-109335.296875
8282.520447900002,baseline_eyes_closed,-129323.078125,-189076.796875,-110113.1796875,-11262.2392578125,-375000.03125,-375000.03125,-139728.96875,-109158.0
8282.603400100004,baseline_eyes_closed,-129146.046875,-189192.046875,-111139.125,-12217.59765625,-375000.03125,-375000.03125,-139715.828125,-109237.0859375
8282.683395700005,baseline_eyes_closed,-129046.765625,-189333.625,-111698.1875,-13001.96484375,-375000.03125,-375000.03125,-139719.28125,-109368.46875
8282.770732300007,baseline_eyes_closed,-129142.3828125,-189393.75,-111346.0625,-12881.8017578125,-375000.03125,-375000.03125,-139779.84375,-109477.140625
8282.8510791,baseline_eyes_closed,-129270.3671875,-189062.265625,-110311.625,-11427.41796875,-375000.03125,-375000.03125,-139727.546875,-109174.0546875
8282.9524595,baseline_eyes_closed,-129271.171875,-189300.578125,-110613.90625,-12153.3134765625,-375000.03125,-375000.03125,-139824.5,-109438.3359375
8283.016180300003,baseline_eyes_closed,-129338.8125,-189048.859375,-109911.65625,-11159.15234375,-375000.03125,-375000.03125,-139759.15625,-109189.4765625
8283.103651700005,baseline_eyes_closed,-129171.125,-189083.59375,-110774.2109375,-11843.294921875,-375000.03125,-375000.03125,-139700.453125,-109184.2890625
8283.192466100005,baseline_eyes_closed,-129036.75,-189242.78125,-111571.9453125,-12803.5703125,-375000.03125,-375000.03125,-139714.765625,-109343.921875
8283.282282400007,baseline_eyes_closed,-129098.3515625,-189360.796875,-111564.5234375,-13047.0703125,-375000.03125,-375000.03125,-139781.453125,-109460.6015625
8283.381205000002,baseline_eyes_closed,-129313.015625,-189015.46875,-110038.8828125,-11202.873046875,-375000.03125,-375000.03125,-139739.609375,-109153.9765625
8283.471566300002,baseline_eyes_closed,-129118.734375,-189132.90625,-111030.2265625,-12123.4072265625,-375000.03125,-375000.03125,-139712.53125,-109231.9453125
8283.512694800003,baseline_eyes_closed,-129040.859375,-189276.4375,-111666.140625,-12969.3759765625,-375000.03125,-375000.03125,-139760.265625,-109400.5234375
8283.546955000005,baseline_eyes_closed,-129152.0390625,-189364.78125,-111364.8828125,-12887.7021484375,-375000.03125,-375000.03125,-139805.734375,-109499.0
8283.629673100007,baseline_eyes_closed,-129338.8984375,-189188.375,-110189.0859375,-11628.0927734375,-375000.03125,-375000.03125,-139781.90625,-109310.625
8283.708720800001,baseline_eyes_closed,-129092.8515625,-189174.078125,-111283.3828125,-12395.0703125,-375000.03125,-375000.03125,-139730.890625,-109274.2734375
8283.798690000003,baseline_eyes_closed,-129051.234375,-189329.640625,-111680.484375,-13036.4755859375,-375000.03125,-375000.03125,-139772.0625,-109444.4609375
8283.857329300004,baseline_eyes_closed,-129218.0234375,-189374.609375,-111086.734375,-12610.2724609375,-375000.03125,-375000.03125,-139847.3125,-109521.7109375
8283.932035800006,baseline_eyes_closed,-129378.5078125,-189137.953125,-110000.3046875,-11347.98046875,-375000.03125,-375000.03125,-139830.546875,-109298.953125
8284.0211105,baseline_eyes_closed,-129355.6640625,-189045.328125,-110024.5390625,-11176.6318359375,-375000.03125,-375000.03125,-139794.109375,-109205.078125
8284.071679000002,baseline_eyes_closed,-129186.8671875,-189162.8125,-111034.5234375,-12089.4326171875,-375000.03125,-375000.03125,-139779.171875,-109282.9921875
8284.163478000004,baseline_eyes_closed,-129082.9765625,-189337.28125,-111688.84375,-12952.25390625,-375000.03125,-375000.03125,-139799.0625,-109422.828125
8284.228876100005,baseline_eyes_closed,-129173.140625,-189405.8125,-111411.4609375,-12898.0732421875,-375000.03125,-375000.03125,-139853.25,-109546.65625
8284.302105400007,baseline_eyes_closed,-129352.3984375,-189249.890625,-110228.7890625,-11659.5185546875,-375000.03125,-375000.03125,-139858.296875,-109410.3125
8284.404851300002,baseline_eyes_closed,-129152.0390625,-189250.875,-111271.984375,-12362.3916015625,-375000.03125,-375000.03125,-139772.375,-109318.890625
8284.456659200003,baseline_eyes_closed,-129104.1640625,-189418.328125,-111719.0234375,-13055.6083984375,-375000.03125,-375000.03125,-139830.984375,-109485.0546875
8284.535992900004,baseline_eyes_closed,-129237.203125,-189452.53125,-111126.65625,-12645.677734375,-375000.03125,-375000.03125,-139868.765625,-109539.7734375
8284.631458400007,baseline_eyes_closed,-129389.859375,-189211.4375,-110014.4296875,-11364.8330078125,-375000.03125,-375000.03125,-139853.03125,-109338.515625
8284.703194800008,baseline_eyes_closed,-129309.53125,-189121.8125,-110327.1796875,-11400.0146484375,-375000.03125,-375000.03125,-139799.03125,-109230.78125
8284.7853128,baseline_eyes_closed,-129137.1953125,-189457.265625,-111680.0390625,-13105.7216796875,-375000.03125,-375000.03125,-139867.90625,-109548.84375
8284.871306200002,baseline_eyes_closed,-129297.375,-189401.703125,-110793.34375,-12310.4912109375,-375000.03125,-375000.03125,-139898.171875,-109515.046875
8284.957171500004,baseline_eyes_closed,-129398.0859375,-189147.828125,-109911.078125,-11172.6982421875,-375000.03125,-375000.03125,-139853.15625,-109289.921875
8285.045183600005,baseline_eyes_closed,-129240.953125,-189141.578125,-110614.890625,-11654.109375,-375000.03125,-375000.03125,-139794.78125,-109242.09375
8285.133049600006,baseline_eyes_closed,-129092.5390625,-189324.671875,-111499.484375,-12671.4716796875,-375000.03125,-375000.03125,-139816.234375,-109388.2734375
8285.227613800002,baseline_eyes_closed,-129331.2578125,-189336.75,-110424.765625,-11914.150390625,-375000.03125,-375000.03125,-139897.0625,-109451.9296875
8285.316775500003,baseline_eyes_closed,-129387.2734375,-189131.828125,-109971.296875,-11154.81640625,-375000.03125,-375000.03125,-139864.5625,-109266.140625
8285.407674600005,baseline_eyes_closed,-129239.390625,-189246.0,-110948.2890625,-11997.4775390625,-375000.03125,-375000.03125,-139849.046875,-109337.6640625
8285.498369000006,baseline_eyes_closed,-129160.9375,-189444.34375,-111682.09375,-12940.2294921875,-375000.03125,-375000.03125,-139920.0,-109535.5703125
8285.545743500008,baseline_eyes_closed,-129255.9765625,-189549.0,-111530.734375,-13025.7919921875,-375000.03125,-375000.03125,-139983.46875,-109652.0703125
8285.577228900002,baseline_eyes_closed,-129463.9375,-189410.421875,-110392.625,-11862.6513671875,-375000.03125,-375000.03125,-140014.5,-109543.171875
8285.660701600003,baseline_eyes_closed,-129476.09375,-189203.21875,-110104.9609375,-11271.58203125,-375000.03125,-375000.03125,-139960.359375,-109358.09375
8285.718382600005,baseline_eyes_closed,-129292.2734375,-189326.6875,-111102.2890625,-12175.7548828125,-375000.03125,-375000.03125,-139913.25,-109396.453125
8285.820427100007,baseline_eyes_closed,-129198.3515625,-189492.625,-111722.328125,-13025.2099609375,-375000.03125,-375000.03125,-139946.140625,-109559.3984375
8285.905079,baseline_eyes_closed,-129287.1328125,-189561.65625,-111419.109375,-12933.568359375,-375000.03125,-375000.03125,-139987.265625,-109637.1328125
8285.969223800003,baseline_eyes_closed,-129473.9921875,-189364.59375,-110251.8515625,-11707.8876953125,-375000.03125,-375000.03125,-139999.03125,-109499.046875
8286.062130800005,baseline_eyes_closed,-129479.8984375,-189234.515625,-110157.3046875,-11312.84375,-375000.03125,-375000.03125,-139953.34375,-109339.859375
8286.148945600005,baseline_eyes_closed,-129276.40625,-189356.546875,-111193.7578125,-12291.40234375,-375000.03125,-375000.03125,-139937.03125,-109428.0546875
8286.216917900007,baseline_eyes_closed,-129230.0,-189539.96875,-111762.828125,-13090.4775390625,-375000.03125,-375000.03125,-140002.609375,-109593.546875
8286.302433100002,baseline_eyes_closed,-129535.28125,-189357.578125,-110053.4140625,-11445.7021484375,-375000.03125,-375000.03125,-140020.890625,-109458.3671875
8286.366622800002,baseline_eyes_closed,-129432.734375,-189261.640625,-110427.046875,-11527.509765625,-375000.03125,-375000.03125,-139955.078125,-109343.1640625
8286.445834300004,baseline_eyes_closed,-129262.4609375,-189420.171875,-111407.6171875,-12564.7197265625,-375000.03125,-375000.03125,-139963.796875,-109481.296875
8286.543967300006,baseline_eyes_closed,-129229.78125,-189563.9375,-111719.3359375,-13132.0068359375,-375000.03125,-375000.03125,-140001.3125,-109606.734375
8286.648315400007,baseline_eyes_closed,-129385.703125,-189548.90625,-110976.1875,-12547.017578125,-375000.03125,-375000.03125,-140021.25,-109613.7109375
8286.723730200001,baseline_eyes_closed,-129384.6328125,-189299.421875,-110702.5546875,-11800.55859375,-375000.03125,-375000.03125,-139942.53125,-109356.578125
8286.828588000002,baseline_eyes_closed,-129230.046875,-189474.25,-111552.234375,-12808.48828125,-375000.03125,-375000.03125,-139980.5625,-109520.4140625
8286.935828400005,baseline_eyes_closed,-129271.1328125,-189607.78125,-111635.3828125,-13128.5205078125,-375000.03125,-375000.03125,-140037.296875,-109652.2890625
8287.037334800005,baseline_eyes_closed,-129447.3046875,-189513.59375,-110606.890625,-12172.0,-375000.03125,-375000.03125,-140065.8125,-109586.53125
8287.137041400007,baseline_eyes_closed,-129535.90625,-189278.546875,-109940.5859375,-11217.4462890625,-375000.03125,-375000.03125,-140024.328125,-109383.4453125
8287.2547376,baseline_eyes_closed,-129235.140625,-189528.75,-111661.7578125,-12982.0712890625,-375000.03125,-375000.03125,-140007.484375,-109560.0234375
8287.355860600002,baseline_eyes_closed,-129329.2421875,-189637.515625,-111436.5859375,-13004.6025390625,-375000.03125,-375000.03125,-140073.765625,-109675.671875
8287.457099600004,baseline_eyes_closed,-129525.7578125,-189483.109375,-110285.7421875,-11811.64453125,-375000.03125,-375000.03125,-140086.78125,-109547.953125
8287.545726700006,baseline_eyes_closed,-129523.03125,-189308.890625,-110071.7890625,-11295.8564453125,-375000.03125,-375000.03125,-140032.0625,-109377.2734375
8287.571828400007,baseline_eyes_closed,-129364.6953125,-189456.46875,-111124.2421875,-12271.912109375,-375000.03125,-375000.03125,-140031.703125,-109464.890625
8287.593972700002,baseline_eyes_closed,-129285.078125,-189621.859375,-111714.8671875,-13074.25,-375000.03125,-375000.03125,-140069.171875,-109603.7421875
8287.635486900002,baseline_eyes_closed,-129389.5078125,-189707.5625,-111355.4453125,-12952.5673828125,-375000.03125,-375000.03125,-140118.25,-109704.7734375
8287.676752000005,baseline_eyes_closed,-129576.5859375,-189511.8125,-110175.140625,-11692.509765625,-375000.03125,-375000.03125,-140112.0,-109548.0
8287.731070200007,baseline_eyes_closed,-129560.5,-189390.578125,-110171.7890625,-11407.2119140625,-375000.03125,-375000.03125,-140111.09375,-109434.453125
8287.8061755,baseline_eyes_closed,-129389.375,-189536.578125,-111221.515625,-12413.7109375,-375000.03125,-375000.03125,-140096.65625,-109503.25
8287.884860400003,baseline_eyes_closed,-129308.8125,-189672.6875,-111723.0,-13141.5732421875,-375000.03125,-375000.03125,-140127.0625,-109659.4453125
8287.955778600004,baseline_eyes_closed,-129439.7109375,-189721.203125,-111242.6171875,-12871.162109375,-375000.03125,-375000.03125,-140161.078125,-109733.828125
8288.047477900005,baseline_eyes_closed,-129631.75,-189520.796875,-110101.3359375,-11605.6513671875,-375000.03125,-375000.03125,-140158.703125,-109546.7421875
8288.135545200008,baseline_eyes_closed,-129588.6171875,-189417.484375,-110285.9140625,-11484.8173828125,-375000.03125,-375000.03125,-140128.484375,-109421.578125
8288.201587800002,baseline_eyes_closed,-129400.1484375,-189558.5625,-111305.734375,-12506.7392578125,-375000.03125,-375000.03125,-140097.25,-109510.8515625
8288.283108700003,baseline_eyes_closed,-129362.7734375,-189735.234375,-111744.0546875,-13190.4345703125,-375000.03125,-375000.03125,-140148.5625,-109689.125
8288.361125000005,baseline_eyes_closed,-129500.1484375,-189770.46875,-111149.8984375,-12796.10546875,-375000.03125,-375000.03125,-140190.453125,-109734.9453125
8288.4498179,baseline_eyes_closed,-129406.046875,-189782.578125,-111637.2109375,-13200.1796875,-375000.03125,-375000.03125,-140179.09375,-109742.28125
8288.506717100003,baseline_eyes_closed,-129609.890625,-189716.5,-110622.9375,-12249.6943359375,-375000.03125,-375000.03125,-140207.171875,-109681.9765625
8288.585988200004,baseline_eyes_closed,-129683.7421875,-189483.546875,-109988.4609375,-11329.47265625,-375000.03125,-375000.03125,-140197.203125,-109481.4296875
8288.658389800006,baseline_eyes_closed,-129548.7421875,-189565.046875,-110881.0546875,-12057.603515625,-375000.03125,-375000.03125,-140179.59375,-109498.5546875
8288.752671700007,baseline_eyes_closed,-129408.953125,-189725.625,-111654.6953125,-12983.099609375,-375000.03125,-375000.03125,-140174.21875,-109633.6953125
8288.852442000001,baseline_eyes_closed,-129685.3515625,-189690.796875,-110329.4140625,-11916.2509765625,-375000.03125,-375000.03125,-140258.578125,-109659.9375
8288.953092100002,baseline_eyes_closed,-129711.8203125,-189530.84375,-110144.25,-11415.974609375,-375000.03125,-375000.03125,-140238.59375,-109497.5703125
8289.051350800004,baseline_eyes_closed,-129531.5703125,-189657.3125,-111169.8359375,-12374.193359375,-375000.03125,-375000.03125,-140199.03125,-109550.9453125
8289.148498400005,baseline_eyes_closed,-129443.59375,-189816.109375,-111764.125,-13198.7490234375,-375000.03125,-375000.03125,-140262.5625,-109745.9453125
8289.244782000007,baseline_eyes_closed,-129556.9609375,-189901.21875,-111415.171875,-13055.564453125,-375000.03125,-375000.03125,-140287.28125,-109812.90625
8289.3518279,baseline_eyes_closed,-129684.546875,-189556.90625,-110380.6015625,-11595.1455078125,-375000.03125,-375000.03125,-140262.421875,-109515.2265625
8289.448926000003,baseline_eyes_closed,-129509.671875,-189735.453125,-111396.796875,-12649.1201171875,-375000.03125,-375000.03125,-140259.109375,-109631.1484375
8289.543298700004,baseline_eyes_closed,-129444.671875,-189854.421875,-111760.015625,-13251.1865234375,-375000.03125,-375000.03125,-140267.828125,-109764.71875
8289.584686800006,baseline_eyes_closed,-129604.3515625,-189880.921875,-111123.078125,-12791.0537109375,-375000.03125,-375000.03125,-140321.390625,-109820.375
8289.621802600008,baseline_eyes_closed,-129771.140625,-189656.375,-110052.5234375,-11552.54296875,-375000.03125,-375000.03125,-140317.8125,-109635.796875
8289.643817700002,baseline_eyes_closed,-129679.9453125,-189585.96875,-110475.1953125,-11683.0771484375,-375000.03125,-375000.03125,-140278.828125,-109524.2578125
8289.692138400003,baseline_eyes_closed,-129502.3828125,-189762.640625,-111458.0390625,-12727.306640625,-375000.03125,-375000.03125,-140269.75,-109660.15625
8289.768775500004,baseline_eyes_closed,-129501.171875,-189920.578125,-111769.3125,-13303.6240234375,-375000.03125,-375000.03125,-140332.96875,-109827.703125
8289.849130900007,baseline_eyes_closed,-129667.1171875,-189913.46875,-111041.1796875,-12714.6103515625,-375000.03125,-375000.03125,-140374.140625,-109832.0859375
8289.9349703,baseline_eyes_closed,-129721.0703125,-189591.6875,-110344.7890625,-11569.6650390625,-375000.03125,-375000.03125,-140300.828125,-109541.0703125
8289.981026200003,baseline_eyes_closed,-129560.984375,-189765.09375,-111378.9140625,-12630.478515625,-375000.03125,-375000.03125,-140311.734375,-109669.3671875
8290.044909000004,baseline_eyes_closed,-129523.796875,-189920.671875,-111801.5,-13295.9794921875,-375000.03125,-375000.03125,-140365.328125,-109822.2109375
8290.141975200006,baseline_eyes_closed,-129661.796875,-189941.8125,-111195.3203125,-12854.1298828125,-375000.03125,-375000.03125,-140410.171875,-109876.1640625
8290.209614900008,baseline_eyes_closed,-129833.3203125,-189726.78125,-110103.796875,-11608.7802734375,-375000.03125,-375000.03125,-140394.515625,-109685.546875
8290.317571200001,baseline_eyes_closed,-129568.0078125,-189847.75,-111592.6484375,-12905.091796875,-375000.03125,-375000.03125,-140378.5625,-109750.6796875
8290.369256900003,baseline_eyes_closed,-129577.8828125,-189981.953125,-111791.3046875,-13361.73828125,-375000.03125,-375000.03125,-140440.5625,-109917.15625
8290.438531100004,baseline_eyes_closed,-129754.8671875,-189938.90625,-110888.1640625,-12573.5263671875,-375000.03125,-375000.03125,-140471.59375,-109902.9453125
8290.522788700006,baseline_eyes_closed,-129870.46875,-189688.921875,-110040.9453125,-11475.7431640625,-375000.03125,-375000.03125,-140435.15625,-109674.1484375
8290.6020958,baseline_eyes_closed,-129803.328125,-189665.8125,-110346.8515625,-11619.017578125,-375000.03125,-375000.03125,-140429.171875,-109635.8359375
8290.692919700003,baseline_eyes_closed,-129633.140625,-189831.078125,-111378.7421875,-12630.076171875,-375000.03125,-375000.03125,-140388.9375,-109723.0078125
8290.785268600004,baseline_eyes_closed,-129561.7890625,-189974.046875,-111827.515625,-13329.5068359375,-375000.03125,-375000.03125,-140441.6875,-109889.6640625
8290.875438500005,baseline_eyes_closed,-129703.859375,-190008.5,-111279.8984375,-12966.0234375,-375000.03125,-375000.03125,-140506.140625,-109959.265625
8290.968444400007,baseline_eyes_closed,-129862.2421875,-189776.546875,-110138.3984375,-11681.333984375,-375000.03125,-375000.03125,-140500.640625,-109777.5078125
8291.0729014,baseline_eyes_closed,-129590.8046875,-189866.53125,-111562.6015625,-12879.2978515625,-375000.03125,-375000.03125,-140441.90625,-109795.7421875
8291.173693500003,baseline_eyes_closed,-129585.3046875,-189995.953125,-111797.2109375,-13366.029296875,-375000.03125,-375000.03125,-140492.828125,-109953.1875
8291.266492100001,baseline_eyes_closed,-129717.765625,-189999.515625,-111204.53125,-12892.5751953125,-375000.03125,-375000.03125,-140532.609375,-109966.375
8291.366146100003,baseline_eyes_closed,-129881.3359375,-189760.890625,-110112.9140625,-11633.0986328125,-375000.03125,-375000.03125,-140529.96875,-109789.3515625
8291.466305600004,baseline_eyes_closed,-129789.734375,-189683.203125,-110493.5234375,-11744.544921875,-375000.03125,-375000.03125,-140452.328125,-109667.0390625
8291.566385400005,baseline_eyes_closed,-129619.546875,-189862.375,-111485.0859375,-12783.4990234375,-375000.03125,-375000.03125,-140447.40625,-109783.3125
8291.609119200008,baseline_eyes_closed,-129617.359375,-190026.921875,-111835.296875,-13380.916015625,-375000.03125,-375000.03125,-140522.546875,-109958.5078125
8291.627412100002,baseline_eyes_closed,-129768.7265625,-190023.703125,-111109.9375,-12815.505859375,-375000.03125,-375000.03125,-140583.171875,-110004.421875
8291.668515500003,baseline_eyes_closed,-129905.25,-189780.96875,-110097.0859375,-11613.384765625,-375000.03125,-375000.03125,-140553.75,-109800.8828125
8291.709284300005,baseline_eyes_closed,-129822.1015625,-189745.15625,-110636.6171875,-11874.498046875,-375000.03125,-375000.03125,-140539.140625,-109740.0390625
8291.790429000006,baseline_eyes_closed,-129662.640625,-189933.3125,-111587.6796875,-12907.193359375,-375000.03125,-375000.03125,-140533.28125,-109861.9921875
8291.8788341,baseline_eyes_closed,-129641.8125,-190058.75,-111826.8046875,-13404.876953125,-375000.03125,-375000.03125,-140589.65625,-110032.0
8291.916898300002,baseline_eyes_closed,-129827.1953125,-190068.765625,-111011.546875,-12725.3837890625,-375000.03125,-375000.03125,-140631.140625,-110034.234375
8291.986098700005,baseline_eyes_closed,-129947.984375,-189817.09375,-110077.421875,-11567.6533203125,-375000.03125,-375000.03125,-140588.671875,-109805.265625
8292.078813200005,baseline_eyes_closed,-129832.4296875,-189794.109375,-110718.8671875,-11968.6884765625,-375000.03125,-375000.03125,-140558.09375,-109749.7890625
8292.1549605,baseline_eyes_closed,-129719.328125,-189910.15625,-111335.015625,-12618.6767578125,-375000.03125,-375000.03125,-140537.96875,-109834.8125
8292.220451600002,baseline_eyes_closed,-129674.4921875,-190084.234375,-111868.5078125,-13373.8974609375,-375000.03125,-375000.03125,-140615.625,-110020.375
8292.277065100005,baseline_eyes_closed,-129781.5546875,-190128.71875,-111370.421875,-13089.806640625,-375000.03125,-375000.03125,-140637.890625,-110057.390625
8292.371283800006,baseline_eyes_closed,-129958.4921875,-189916.328125,-110222.2578125,-11818.2158203125,-375000.03125,-375000.03125,-140638.734375,-109898.203125
8292.446941500008,baseline_eyes_closed,-129912.578125,-189790.046875,-110381.4453125,-11677.310546875,-375000.03125,-375000.03125,-140588.796875,-109755.2890625
8292.5328026,baseline_eyes_closed,-129693.578125,-190134.078125,-111847.8125,-13448.015625,-375000.03125,-375000.03125,-140652.453125,-110053.015625
8292.624003600002,baseline_eyes_closed,-129860.3671875,-190135.46875,-111078.15625,-12817.4287109375,-375000.03125,-375000.03125,-140693.546875,-110074.0234375
8292.693902600004,baseline_eyes_closed,-130002.078125,-189901.9375,-110094.71875,-11627.064453125,-375000.03125,-375000.03125,-140672.578125,-109875.3125
8292.776560600005,baseline_eyes_closed,-129906.1015625,-189887.046875,-110684.046875,-11966.05078125,-375000.03125,-375000.03125,-140632.796875,-109823.0546875
8292.8538152,baseline_eyes_closed,-129780.9765625,-189996.703125,-111314.9921875,-12627.751953125,-375000.03125,-375000.03125,-140620.71875,-109883.9453125
8292.914254700003,baseline_eyes_closed,-129722.453125,-190180.125,-111877.0,-13411.314453125,-375000.03125,-375000.03125,-140689.203125,-110074.734375
8293.000231700003,baseline_eyes_closed,-129872.6640625,-190273.375,-111497.1171875,-13250.560546875,-375000.03125,-375000.03125,-140776.734375,-110175.6328125
8293.086947300006,baseline_eyes_closed,-130064.9765625,-190091.15625,-110353.640625,-12000.3828125,-375000.03125,-375000.03125,-140794.796875,-110027.21875
8293.175034900007,baseline_eyes_closed,-130051.875,-189975.03125,-110443.140625,-11793.0478515625,-375000.03125,-375000.03125,-140748.4375,-109906.296875
8293.2752674,baseline_eyes_closed,-129839.0859375,-190327.90625,-111966.9453125,-13586.9990234375,-375000.03125,-375000.03125,-140801.546875,-110207.015625
8293.365310600002,baseline_eyes_closed,-130013.703125,-190347.3125,-111261.9296875,-13037.6826171875,-375000.03125,-375000.03125,-140854.390625,-110236.34375
8293.457280300005,baseline_eyes_closed,-130191.6171875,-190127.59375,-110265.4453125,-11839.673828125,-375000.03125,-375000.03125,-140860.875,-110055.6953125
8293.549667100006,baseline_eyes_closed,-130097.7421875,-190103.328125,-110769.921875,-12091.130859375,-375000.03125,-375000.03125,-140812.140625,-109984.6171875
8293.591151200008,baseline_eyes_closed,-129952.1875,-190304.578125,-111752.7265625,-13146.4462890625,-375000.03125,-375000.03125,-140835.203125,-110127.6640625
8293.615133600002,baseline_eyes_closed,-129951.0703125,-190442.4375,-112010.265625,-13675.958984375,-375000.03125,-375000.03125,-140904.765625,-110307.5546875
8293.681943300004,baseline_eyes_closed,-130122.2421875,-190433.328125,-111216.640625,-13010.5927734375,-375000.03125,-375000.03125,-140955.375,-110319.671875
8293.767497300005,baseline_eyes_closed,-130262.7421875,-190195.546875,-110288.6875,-11848.16796875,-375000.03125,-375000.03125,-140926.9375,-110104.2890625
8293.874231500007,baseline_eyes_closed,-130153.484375,-190186.25,-110924.7265625,-12254.74609375,-375000.03125,-375000.03125,-140913.265625,-110073.125
8293.957415500001,baseline_eyes_closed,-129987.7734375,-190354.640625,-111833.6875,-13246.0458984375,-375000.03125,-375000.03125,-140885.640625,-110180.5078125
8293.997139400002,baseline_eyes_closed,-129991.84375,-190488.796875,-112017.59375,-13696.8798828125,-375000.03125,-375000.03125,-140940.625,-110344.609375
8294.077092400004,baseline_eyes_closed,-130173.46875,-190454.25,-111143.5546875,-12936.787109375,-375000.03125,-375000.03125,-141004.09375,-110342.109375
8294.160120200006,baseline_eyes_closed,-130285.6796875,-190203.453125,-110307.734375,-11854.515625,-375000.03125,-375000.03125,-140989.53125,-110132.2265625
8294.252781800007,baseline_eyes_closed,-130150.625,-190235.0625,-111029.78125,-12369.6337890625,-375000.03125,-375000.03125,-140939.234375,-110099.1484375
8294.359973,baseline_eyes_closed,-130014.015625,-190515.578125,-111872.7578125,-13638.2294921875,-375000.03125,-375000.03125,-140981.296875,-110377.46875
8294.397962300003,baseline_eyes_closed,-130208.1640625,-190396.84375,-110788.3359375,-12567.267578125,-375000.03125,-375000.03125,-141007.859375,-110294.9453125
8294.474876600005,baseline_eyes_closed,-130257.0625,-190179.984375,-110342.3359375,-11820.7197265625,-375000.03125,-375000.03125,-140987.328125,-110101.3359375
8294.550208800005,baseline_eyes_closed,-130077.8515625,-190265.59375,-111277.9765625,-12625.5615234375,-375000.03125,-375000.03125,-140936.109375,-110115.640625
8294.637424000008,baseline_eyes_closed,-129956.65625,-190428.140625,-111971.28125,-13491.333984375,-375000.03125,-375000.03125,-140932.296875,-110254.890625
8294.719344000001,baseline_eyes_closed,-130240.75,-190322.140625,-110509.9296875,-12229.041015625,-375000.03125,-375000.03125,-141004.015625,-110224.140625
8294.802518600003,baseline_eyes_closed,-130222.46875,-190166.53125,-110503.21875,-11898.81640625,-375000.03125,-375000.03125,-140963.6875,-110066.515625
8294.889101000004,baseline_eyes_closed,-130039.453125,-190324.5625,-111517.0078125,-12880.7734375,-375000.03125,-375000.03125,-140936.546875,-110145.4140625
8294.977087000005,baseline_eyes_closed,-129968.1953125,-190485.625,-112018.265625,-13613.955078125,-375000.03125,-375000.03125,-140968.6875,-110309.609375
8295.064187800008,baseline_eyes_closed,-130081.0703125,-190538.5625,-111564.3046875,-13369.9638671875,-375000.03125,-375000.03125,-141016.96875,-110380.46875
8295.1373101,baseline_eyes_closed,-130023.1796875,-190334.0,-111544.8125,-12919.3974609375,-375000.03125,-375000.03125,-140935.921875,-110145.90625
8295.210818200003,baseline_eyes_closed,-129951.3359375,-190483.296875,-112002.0859375,-13606.5791015625,-375000.03125,-375000.03125,-140964.71875,-110299.2421875
8295.298621900003,baseline_eyes_closed,-130072.9296875,-190523.484375,-111493.71875,-13305.0986328125,-375000.03125,-375000.03125,-141019.65625,-110365.578125
8295.388270000005,baseline_eyes_closed,-130240.8828125,-190294.609375,-110366.15625,-12033.8212890625,-375000.03125,-375000.03125,-141000.25,-110166.2421875
8295.477548200008,baseline_eyes_closed,-130158.09375,-190161.578125,-110553.3359375,-11923.626953125,-375000.03125,-375000.03125,-140916.65625,-110005.890625
8295.5563041,baseline_eyes_closed,-129927.6015625,-190485.1875,-111910.796875,-13586.8203125,-375000.03125,-375000.03125,-140937.359375,-110279.8828125
8295.580435000002,baseline_eyes_closed,-130090.140625,-190480.484375,-111135.375,-12945.3251953125,-375000.03125,-375000.03125,-140979.15625,-110271.8359375
8295.643444900004,baseline_eyes_closed,-130199.0390625,-190235.515625,-110221.5859375,-11814.416015625,-375000.03125,-375000.03125,-140956.125,-110055.9140625
8295.702818000005,baseline_eyes_closed,-130080.0390625,-190212.21875,-110812.34375,-12139.4111328125,-375000.03125,-375000.03125,-140892.703125,-109980.6796875
8295.7906461,baseline_eyes_closed,-129973.6484375,-190325.28125,-111389.78125,-12758.1962890625,-375000.03125,-375000.03125,-140865.15625,-110038.53125
8295.847328700002,baseline_eyes_closed,-129921.1640625,-190487.0625,-111853.21875,-13497.681640625,-375000.03125,-375000.03125,-140934.40625,-110218.59375
8295.914596600003,baseline_eyes_closed,-130064.2578125,-190584.78125,-111442.0859375,-13332.234375,-375000.03125,-375000.03125,-141016.703125,-110322.3984375
8295.998989000005,baseline_eyes_closed,-130261.3125,-190446.328125,-110531.5625,-12305.5732421875,-375000.03125,-375000.03125,-141068.609375,-110224.140625
8296.0887942,baseline_eyes_closed,-130319.3359375,-190402.96875,-110486.1875,-12074.412109375,-375000.03125,-375000.03125,-141088.859375,-110145.5
8296.154401400003,baseline_eyes_closed,-130317.59375,-190604.53125,-111407.0390625,-12898.7890625,-375000.03125,-375000.03125,-141211.796875,-110330.21875
8296.209814100004,baseline_eyes_closed,-130365.3359375,-190910.4375,-112256.0,-13966.4423828125,-375000.03125,-375000.03125,-141366.234375,-110610.328125
8296.290252400006,baseline_eyes_closed,-130560.6484375,-191160.5625,-112346.2109375,-14315.353515625,-375000.03125,-375000.03125,-141552.296875,-110869.390625
8296.384564000007,baseline_eyes_closed,-130846.8359375,-191202.453125,-111522.4140625,-13545.693359375,-375000.03125,-375000.03125,-141683.953125,-110877.8359375
8296.453720500002,baseline_eyes_closed,-130706.7421875,-191156.84375,-112237.2265625,-13850.8837890625,-375000.03125,-375000.03125,-141657.796875,-110785.078125
8296.557969000003,baseline_eyes_closed,-130789.9296875,-191387.515625,-112682.6953125,-14578.8349609375,-375000.03125,-375000.03125,-141805.3125,-111074.21875
8296.639310200004,baseline_eyes_closed,-131003.703125,-191508.984375,-112294.7578125,-14372.2607421875,-375000.03125,-375000.03125,-141945.6875,-111246.375
8296.723487000005,baseline_eyes_closed,-131189.671875,-191335.265625,-111248.203125,-13198.3916015625,-375000.03125,-375000.03125,-141971.296875,-111083.0703125
8296.806603000008,baseline_eyes_closed,-131170.40625,-191239.015625,-111317.5390625,-12956.6796875,-375000.03125,-375000.03125,-141961.515625,-110959.5078125
8296.8937674,baseline_eyes_closed,-130950.2421875,-191511.609375,-112772.9921875,-14510.796875,-375000.03125,-375000.03125,-141975.734375,-111257.3671875
8296.981636600003,baseline_eyes_closed,-131218.453125,-191551.5,-111977.6796875,-14391.3046875,-375000.03125,-375000.03125,-142101.484375,-111375.921875
8297.077543200005,baseline_eyes_closed,-130843.171875,-191178.390625,-111462.515625,-13198.302734375,-375000.03125,-375000.03125,-141759.9375,-110800.8984375
8297.164715000006,baseline_eyes_closed,-130463.8203125,-190923.765625,-111764.6640625,-12957.529296875,-375000.03125,-375000.03125,-141429.0,-110402.4609375
8297.253462000008,baseline_eyes_closed,-130412.546875,-191114.609375,-112544.78125,-13946.28125,-375000.03125,-375000.03125,-141492.4375,-110647.1640625
8297.3457347,baseline_eyes_closed,-130694.1328125,-191246.96875,-111694.078125,-13647.169921875,-375000.03125,-375000.03125,-141643.3125,-110875.9140625
8297.436999100002,baseline_eyes_closed,-130939.640625,-191054.703125,-110874.75,-12562.3056640625,-375000.03125,-375000.03125,-141703.53125,-110735.3203125
8297.528249300003,baseline_eyes_closed,-130716.125,-190969.1875,-111491.34375,-12940.765625,-375000.03125,-375000.03125,-141573.53125,-110603.1796875
8297.606118600006,baseline_eyes_closed,-130480.09375,-191022.734375,-112264.5859375,-14037.6552734375,-375000.03125,-375000.03125,-141505.265625,-110665.09375
8297.621292700007,baseline_eyes_closed,-130454.4296875,-191124.484375,-112338.34375,-14232.919921875,-375000.03125,-375000.03125,-141529.59375,-110794.7734375
8297.671319300001,baseline_eyes_closed,-130667.890625,-191107.3125,-111377.4453125,-13621.8232421875,-375000.03125,-375000.03125,-141567.71875,-110771.3515625
8297.719353300003,baseline_eyes_closed,-130771.9140625,-190871.421875,-111173.6875,-12479.0234375,-375000.03125,-375000.03125,-141536.03125,-110524.546875
8297.790025100005,baseline_eyes_closed,-130627.75,-190906.421875,-111639.09375,-13490.6630859375,-375000.03125,-375000.03125,-141468.171875,-110504.15625
8297.875577800007,baseline_eyes_closed,-130537.4921875,-191089.078125,-112376.1640625,-14154.599609375,-375000.03125,-375000.03125,-141553.0625,-110716.9453125
8297.9722714,baseline_eyes_closed,-130594.484375,-191237.359375,-112379.9140625,-14298.8125,-375000.03125,-375000.03125,-141649.078125,-110893.390625
8298.056832200002,baseline_eyes_closed,-130853.3203125,-191201.328125,-111397.6953125,-13375.73046875,-375000.03125,-375000.03125,-141736.078125,-110865.09375
8298.124275300004,baseline_eyes_closed,-130970.6640625,-191010.21875,-110956.6953125,-12625.650390625,-375000.03125,-375000.03125,-141749.796875,-110722.625
8298.193922300006,baseline_eyes_closed,-130792.7890625,-191069.8125,-111818.9375,-13359.234375,-375000.03125,-375000.03125,-141700.265625,-110738.765625
8298.274470200007,baseline_eyes_closed,-130698.78125,-191263.921875,-112569.859375,-14282.5849609375,-375000.03125,-375000.03125,-141739.15625,-110919.0546875
8298.372425700001,baseline_eyes_closed,-130950.0625,-191195.390625,-111229.828125,-13099.865234375,-375000.03125,-375000.03125,-141798.96875,-110883.0234375
8298.419310100002,baseline_eyes_closed,-130960.921875,-191048.3125,-111137.1640625,-12742.505859375,-375000.03125,-375000.03125,-141775.8125,-110731.609375
8298.513500300003,baseline_eyes_closed,-130738.1171875,-191111.96875,-112036.1484375,-13612.79296875,-375000.03125,-375000.03125,-141704.515625,-110754.0546875
8298.582833600005,baseline_eyes_closed,-130636.328125,-191232.4375,-112517.9140625,-14292.912109375,-375000.03125,-375000.03125,-141682.421875,-110871.0
8298.667510900008,baseline_eyes_closed,-130705.796875,-191275.9375,-112144.328125,-14098.7646484375,-375000.03125,-375000.03125,-141698.75,-110918.3828125
8298.7423744,baseline_eyes_closed,-130663.2890625,-191053.1875,-112001.7265625,-13521.9111328125,-375000.03125,-375000.03125,-141591.234375,-110659.5078125
8298.824394000003,baseline_eyes_closed,-130619.8828125,-191241.875,-112517.4296875,-14292.1962890625,-375000.03125,-375000.03125,-141666.78125,-110844.84375
8298.912634400003,baseline_eyes_closed,-130743.9296875,-191303.125,-112110.1796875,-14091.9697265625,-375000.03125,-375000.03125,-141735.625,-110937.875
8299.009813300006,baseline_eyes_closed,-130917.3828125,-191114.203125,-111027.4609375,-12891.546875,-375000.03125,-375000.03125,-141714.484375,-110741.53125
8299.094723800008,baseline_eyes_closed,-130850.640625,-190953.359375,-111104.0390625,-12664.9892578125,-375000.03125,-375000.03125,-141673.578125,-110618.2890625
8299.1802,baseline_eyes_closed,-130591.3125,-191221.3125,-112451.890625,-14307.8876953125,-375000.03125,-375000.03125,-141651.359375,-110840.375
8299.269416300003,baseline_eyes_closed,-130723.90625,-191229.1875,-111765.6015625,-13742.5673828125,-375000.03125,-375000.03125,-141666.203125,-110816.234375
8299.358259000004,baseline_eyes_closed,-130880.90625,-191029.578125,-110865.3671875,-12678.4453125,-375000.03125,-375000.03125,-141697.046875,-110665.09375
8299.454019100005,baseline_eyes_closed,-130767.359375,-190961.765625,-111310.7890625,-12895.0341796875,-375000.03125,-375000.03125,-141622.390625,-110568.0859375
8299.543002000008,baseline_eyes_closed,-130571.6875,-191078.390625,-112150.6796875,-13840.6015625,-375000.03125,-375000.03125,-141569.421875,-110639.078125
8299.587468900001,baseline_eyes_closed,-130565.6953125,-191213.671875,-112395.65625,-14343.4716796875,-375000.03125,-375000.03125,-141628.0625,-110798.53125
8299.618254200002,baseline_eyes_closed,-130732.0859375,-191211.921875,-111646.3359375,-13713.197265625,-375000.03125,-375000.03125,-141674.0625,-110807.25
8299.659222600005,baseline_eyes_closed,-130865.1640625,-190986.484375,-110766.2578125,-12603.5673828125,-375000.03125,-375000.03125,-141640.359375,-110596.15625
8299.736862800006,baseline_eyes_closed,-130750.5,-190970.578125,-111329.03125,-12936.02734375,-375000.03125,-375000.03125,-141571.46875,-110515.9140625
8299.8661321,baseline_eyes_closed,-130577.6328125,-191115.984375,-112180.765625,-13918.7880859375,-375000.03125,-375000.03125,-141587.609375,-110652.3984375
8299.923006100002,baseline_eyes_closed,-130577.7265625,-191240.453125,-112348.3984375,-14322.908203125,-375000.03125,-375000.03125,-141648.546875,-110795.8046875
8299.992264000004,baseline_eyes_closed,-130734.546875,-191202.265625,-111525.3203125,-13588.6083984375,-375000.03125,-375000.03125,-141657.84375,-110760.671875
8300.065040100006,baseline_eyes_closed,-130848.2734375,-190971.15625,-110717.6171875,-12516.484375,-375000.03125,-375000.03125,-141617.828125,-110551.1875
8300.148034500007,baseline_eyes_closed,-130715.7265625,-190942.765625,-111367.3828125,-12960.2119140625,-375000.03125,-375000.03125,-141580.6875,-110505.9921875
8300.231045,baseline_eyes_closed,-130743.125,-191180.40625,-111455.71875,-13524.1015625,-375000.03125,-375000.03125,-141666.78125,-110760.9375
8300.284231800002,baseline_eyes_closed,-130841.3828125,-190953.0,-110701.96875,-12495.9208984375,-375000.03125,-375000.03125,-141626.859375,-110547.7890625
8300.340822200003,baseline_eyes_closed,-130688.3671875,-190938.703125,-111378.9609375,-12964.279296875,-375000.03125,-375000.03125,-141557.171875,-110480.5078125
8300.415206400006,baseline_eyes_closed,-130523.9453125,-191068.46875,-112141.78125,-13864.0712890625,-375000.03125,-375000.03125,-141524.0,-110558.828125
8300.505724400007,baseline_eyes_closed,-130525.1953125,-191166.46875,-112224.9765625,-14187.9482421875,-375000.03125,-375000.03125,-141568.203125,-110722.0859375
8300.599928900001,baseline_eyes_closed,-130814.7421875,-190902.84375,-110748.734375,-12443.3046875,-375000.03125,-375000.03125,-141588.859375,-110474.875
8300.683062800003,baseline_eyes_closed,-130647.375,-190983.484375,-111651.921875,-13230.3994140625,-375000.03125,-375000.03125,-141551.171875,-110498.9296875
8300.767440900005,baseline_eyes_closed,-130515.8125,-191111.921875,-112261.6796875,-14045.478515625,-375000.03125,-375000.03125,-141547.0625,-110614.796875
8300.853390500006,baseline_eyes_closed,-130557.5625,-191165.171875,-112055.953125,-14060.9453125,-375000.03125,-375000.03125,-141588.28125,-110726.46875
8300.949118700008,baseline_eyes_closed,-130766.640625,-191059.75,-111032.015625,-13014.1240234375,-375000.03125,-375000.03125,-141615.59375,-110621.4140625
8301.0341714,baseline_eyes_closed,-130577.59375,-190986.796875,-111836.0078125,-13448.015625,-375000.03125,-375000.03125,-141527.4375,-110497.2734375
8301.122894900001,baseline_eyes_closed,-130497.390625,-191120.1875,-112280.046875,-14112.6669921875,-375000.03125,-375000.03125,-141548.046875,-110627.3203125
8301.213373700004,baseline_eyes_closed,-130608.125,-191181.796875,-111838.6015625,-13871.08984375,-375000.03125,-375000.03125,-141604.203125,-110726.3828125
8301.304468100006,baseline_eyes_closed,-130811.2109375,-191027.203125,-110796.703125,-12690.158203125,-375000.03125,-375000.03125,-141621.0,-110571.5703125
8301.393988500007,baseline_eyes_closed,-130764.71875,-190910.984375,-110954.4609375,-12569.81640625,-375000.03125,-375000.03125,-141586.5,-110459.453125
8301.4940571,baseline_eyes_closed,-130525.9140625,-191192.96875,-112267.84375,-14164.3896484375,-375000.03125,-375000.03125,-141576.25,-110669.5625
8301.588861200002,baseline_eyes_closed,-130704.234375,-191207.59375,-111567.5625,-13606.802734375,-375000.03125,-375000.03125,-141632.890625,-110718.3359375
8301.630765500004,baseline_eyes_closed,-130840.4453125,-190976.46875,-110657.578125,-12465.8798828125,-375000.03125,-375000.03125,-141607.859375,-110513.953125
8301.663352200005,baseline_eyes_closed,-130727.390625,-190940.84375,-111193.0390625,-12773.0830078125,-375000.03125,-375000.03125,-141564.859375,-110428.25
8301.714465000006,baseline_eyes_closed,-130525.375,-191057.390625,-112035.34375,-13710.8720703125,-375000.03125,-375000.03125,-141543.046875,-110539.96875
8301.767697600002,baseline_eyes_closed,-130529.8046875,-191198.015625,-112233.203125,-14164.92578125,-375000.03125,-375000.03125,-141571.78125,-110684.8984375
8301.861967700002,baseline_eyes_closed,-130696.859375,-191157.34375,-111431.3125,-13477.8330078125,-375000.03125,-375000.03125,-141633.25,-110698.4375
8301.937372300004,baseline_eyes_closed,-130829.9375,-190958.1875,-110621.1015625,-12418.7177734375,-375000.03125,-375000.03125,-141627.171875,-110503.7109375
8302.027855800006,baseline_eyes_closed,-130690.9140625,-190932.03125,-111225.4921875,-12814.478515625,-375000.03125,-375000.03125,-141556.90625,-110436.5703125
8302.085081000001,baseline_eyes_closed,-130525.6015625,-191093.015625,-112070.4375,-13787.986328125,-375000.03125,-375000.03125,-141558.234375,-110552.3515625
8302.174172200002,baseline_eyes_closed,-130546.1171875,-191207.953125,-112185.1484375,-14153.9736328125,-375000.03125,-375000.03125,-141615.5,-110710.5078125
8302.262061700005,baseline_eyes_closed,-130752.46875,-191191.359375,-111341.2734375,-13403.9833984375,-375000.03125,-375000.03125,-141693.6875,-110719.3203125
8302.331421100005,baseline_eyes_closed,-130842.8125,-190959.21875,-110599.5546875,-12380.4072265625,-375000.03125,-375000.03125,-141661.640625,-110506.75
8302.4273226,baseline_eyes_closed,-130787.0234375,-190953.453125,-110930.8984375,-12571.0673828125,-375000.03125,-375000.03125,-141622.078125,-110455.8828125
8302.463246200003,baseline_eyes_closed,-130588.6796875,-191066.140625,-111856.6171875,-13531.0751953125,-375000.03125,-375000.03125,-141607.8125,-110539.65625
8302.543548000003,baseline_eyes_closed,-130529.3125,-191201.78125,-112221.4921875,-14143.9150390625,-375000.03125,-375000.03125,-141629.765625,-110687.0390625
8302.620297400006,baseline_eyes_closed,-130675.7109375,-191244.953125,-111682.0546875,-13773.2333984375,-375000.03125,-375000.03125,-141664.0625,-110760.890625
8302.713198000007,baseline_eyes_closed,-130875.625,-191064.140625,-110700.09375,-12613.8046875,-375000.03125,-375000.03125,-141699.109375,-110593.7421875
8302.803692000001,baseline_eyes_closed,-130565.4296875,-191122.109375,-112020.1875,-13739.4384765625,-375000.03125,-375000.03125,-141600.578125,-110562.140625
8302.885605200003,baseline_eyes_closed,-130549.46875,-191230.296875,-112184.5625,-14164.7919921875,-375000.03125,-375000.03125,-141643.140625,-110718.8671875
8302.973178600005,baseline_eyes_closed,-130710.1796875,-191196.59375,-111341.8125,-13426.7822265625,-375000.03125,-375000.03125,-141666.203125,-110713.7265625
8303.064564500006,baseline_eyes_closed,-130851.0859375,-190998.28125,-110562.09375,-12397.484375,-375000.03125,-375000.03125,-141664.90625,-110532.140625
8303.153052800008,baseline_eyes_closed,-130713.84375,-190986.03125,-111211.1015625,-12836.427734375,-375000.03125,-375000.03125,-141599.28125,-110432.6796875
8303.2415879,baseline_eyes_closed,-130580.359375,-191232.796875,-112060.6015625,-14096.88671875,-375000.03125,-375000.03125,-141660.515625,-110735.765625
8303.331476300002,baseline_eyes_closed,-130809.5078125,-191175.171875,-111062.7265625,-13110.19140625,-375000.03125,-375000.03125,-141736.46875,-110699.3828125
8303.426939400004,baseline_eyes_closed,-130856.8984375,-190974.28125,-110625.6640625,-12375.04296875,-375000.03125,-375000.03125,-141699.1875,-110514.0390625
8303.523736000006,baseline_eyes_closed,-130676.515625,-191044.46875,-111496.171875,-13122.306640625,-375000.03125,-375000.03125,-141630.265625,-110491.5078125
8303.617186700007,baseline_eyes_closed,-130550.3203125,-191182.78125,-112142.140625,-13942.7490234375,-375000.03125,-375000.03125,-141627.890625,-110625.53125
8303.625837200001,baseline_eyes_closed,-130634.3671875,-191275.3125,-112012.3203125,-14051.1552734375,-375000.03125,-375000.03125,-141689.890625,-110763.3515625
8303.667712800003,baseline_eyes_closed,-130845.6796875,-191158.765625,-110976.8515625,-13005.2724609375,-375000.03125,-375000.03125,-141759.5,-110696.203125
8303.729898200005,baseline_eyes_closed,-130862.3515625,-190983.625,-110657.1796875,-12367.3984375,-375000.03125,-375000.03125,-141692.125,-110485.296875
8303.817953900007,baseline_eyes_closed,-130675.9375,-191070.75,-111584.8203125,-13202.7724609375,-375000.03125,-375000.03125,-141632.3125,-110514.0390625
8303.893647,baseline_eyes_closed,-130578.9296875,-191246.171875,-112198.0625,-14032.9609375,-375000.03125,-375000.03125,-141692.4375,-110683.2421875
8303.976929700002,baseline_eyes_closed,-130666.7265625,-191329.9375,-111971.7265625,-14033.2744140625,-375000.03125,-375000.03125,-141746.890625,-110787.625
8304.064104600004,baseline_eyes_closed,-130850.59375,-191186.75,-110876.2265625,-12892.6650390625,-375000.03125,-375000.03125,-141787.703125,-110693.296875
8304.127701500005,baseline_eyes_closed,-130862.84375,-191028.78125,-110721.5078125,-12420.953125,-375000.03125,-375000.03125,-141721.3125,-110513.1875
8304.214407800007,baseline_eyes_closed,-130661.765625,-191119.703125,-111659.4296875,-13313.4140625,-375000.03125,-375000.03125,-141691.6875,-110557.1796875
8304.288678300001,baseline_eyes_closed,-130855.46875,-191179.46875,-110839.5703125,-12853.19140625,-375000.03125,-375000.03125,-141771.34375,-110676.890625
8304.333074500002,baseline_eyes_closed,-130850.640625,-191019.4375,-110744.7109375,-12439.86328125,-375000.03125,-375000.03125,-141718.90625,-110498.9296875
8304.412133300004,baseline_eyes_closed,-130661.0546875,-191125.46875,-111699.53125,-13337.5986328125,-375000.03125,-375000.03125,-141681.984375,-110534.15625
8304.486301800005,baseline_eyes_closed,-130555.015625,-191259.75,-112191.7578125,-14060.900390625,-375000.03125,-375000.03125,-141713.265625,-110676.8515625
8304.576904300007,baseline_eyes_closed,-130650.3671875,-191310.90625,-111815.578125,-13886.6015625,-375000.03125,-375000.03125,-141746.75,-110775.1484375
8304.6776131,baseline_eyes_closed,-130767.359375,-191003.421875,-110911.046875,-12578.98046875,-375000.03125,-375000.03125,-141710.71875,-110486.59375
8304.770815500002,baseline_eyes_closed,-130598.15625,-191157.4375,-111862.5234375,-13566.345703125,-375000.03125,-375000.03125,-141703.171875,-110572.46875
8304.856790700003,baseline_eyes_closed,-130557.296875,-191281.484375,-112181.078125,-14122.7705078125,-375000.03125,-375000.03125,-141733.4375,-110706.3984375
8304.944988000005,baseline_eyes_closed,-130713.9375,-191299.5,-111529.2109375,-13644.5771484375,-375000.03125,-375000.03125,-141769.6875,-110752.7109375
8305.035028900007,baseline_eyes_closed,-130882.9140625,-191089.609375,-110560.7109375,-12474.4189453125,-375000.03125,-375000.03125,-141782.34375,-110580.3359375
8305.1251462,baseline_eyes_closed,-130590.109375,-191194.71875,-112008.390625,-13767.8251953125,-375000.03125,-375000.03125,-141693.65625,-110583.2421875
8305.216133100002,baseline_eyes_closed,-130599.5390625,-191288.8125,-112118.5390625,-14122.904296875,-375000.03125,-375000.03125,-141742.734375,-110735.8125
8305.307395400005,baseline_eyes_closed,-130784.921875,-191249.609375,-111220.0390625,-13316.900390625,-375000.03125,-375000.03125,-141796.328125,-110731.296875
8305.399906300006,baseline_eyes_closed,-130921.4921875,-191070.484375,-110540.953125,-12376.5625,-375000.03125,-375000.03125,-141827.53125,-110579.125
8305.495195900008,baseline_eyes_closed,-130741.1171875,-191050.953125,-111250.0390625,-12880.28125,-375000.03125,-375000.03125,-141704.5625,-110487.3984375
8305.5888627,baseline_eyes_closed,-130650.59375,-191321.578125,-111974.8125,-14025.1376953125,-375000.03125,-375000.03125,-141771.25,-110767.5078125
8305.628984500003,baseline_eyes_closed,-130861.7265625,-191212.953125,-110932.2421875,-12983.3232421875,-375000.03125,-375000.03125,-141815.375,-110694.1953125
8305.671770000004,baseline_eyes_closed,-130889.53125,-191019.609375,-110592.9375,-12346.65625,-375000.03125,-375000.03125,-141779.796875,-110513.1015625
8305.712971200006,baseline_eyes_closed,-130698.2890625,-191092.515625,-111503.546875,-13154.8505859375,-375000.03125,-375000.03125,-141724.53125,-110523.0703125
8305.788203000007,baseline_eyes_closed,-130587.203125,-191235.578125,-112123.859375,-13969.6162109375,-375000.03125,-375000.03125,-141739.65625,-110657.578125
8305.8340031,baseline_eyes_closed,-130659.4453125,-191316.890625,-111900.921875,-13980.4794921875,-375000.03125,-375000.03125,-141785.96875,-110784.5859375
8305.916994100004,baseline_eyes_closed,-130874.328125,-191187.703125,-110817.578125,-12841.166015625,-375000.03125,-375000.03125,-141797.9375,-110651.3671875
8305.999930500006,baseline_eyes_closed,-130895.4296875,-191033.5625,-110634.515625,-12357.6982421875,-375000.03125,-375000.03125,-141764.453125,-110487.21875
8306.090445500007,baseline_eyes_closed,-130724.3515625,-191135.4375,-111589.46875,-13235.2275390625,-375000.03125,-375000.03125,-141734.828125,-110525.9296875
8306.185065700001,baseline_eyes_closed,-130617.78125,-191263.828125,-112128.6875,-13991.6103515625,-375000.03125,-375000.03125,-141747.5625,-110673.1796875
8306.236807700003,baseline_eyes_closed,-130731.6796875,-191349.5625,-111841.734375,-13925.404296875,-375000.03125,-375000.03125,-141810.375,-110780.1171875
8306.314790900004,baseline_eyes_closed,-130963.0703125,-191226.8125,-110787.7109375,-12805.626953125,-375000.03125,-375000.03125,-141869.953125,-110689.0078125
8306.395039900006,baseline_eyes_closed,-130944.515625,-191077.640625,-110750.0703125,-12453.4970703125,-375000.03125,-375000.03125,-141829.859375,-110523.0703125
8306.494405300007,baseline_eyes_closed,-130727.4375,-191163.6875,-111681.15625,-13359.681640625,-375000.03125,-375000.03125,-141761.78125,-110557.7109375
8306.560374700002,baseline_eyes_closed,-130655.953125,-191313.484375,-112173.8828125,-14058.083984375,-375000.03125,-375000.03125,-141786.40625,-110715.5625
8306.645822900004,baseline_eyes_closed,-130776.5234375,-191381.703125,-111782.2734375,-13885.037109375,-375000.03125,-375000.03125,-141872.5,-110830.71875
8306.721746400004,baseline_eyes_closed,-130968.703125,-191203.03125,-110698.7109375,-12693.8681640625,-375000.03125,-375000.03125,-141873.40625,-110643.0546875
8306.827794600007,baseline_eyes_closed,-130928.6484375,-191079.609375,-110802.6015625,-12499.6318359375,-375000.03125,-375000.03125,-141822.96875,-110512.5625
8306.8883447,baseline_eyes_closed,-130731.3671875,-191194.3125,-111752.7734375,-13444.3056640625,-375000.03125,-375000.03125,-141767.09375,-110582.125
8306.975217400002,baseline_eyes_closed,-130677.0078125,-191337.546875,-112195.46875,-14109.8955078125,-375000.03125,-375000.03125,-141813.1875,-110729.6015625
8307.061305000005,baseline_eyes_closed,-130807.0078125,-191389.359375,-111706.8203125,-13810.3828125,-375000.03125,-375000.03125,-141871.875,-110793.484375
8307.151776000006,baseline_eyes_closed,-130980.1484375,-191201.78125,-110637.9609375,-12604.103515625,-375000.03125,-375000.03125,-141871.296875,-110625.75
8307.242403300008,baseline_eyes_closed,-130919.3515625,-191105.890625,-110864.6953125,-12546.4365234375,-375000.03125,-375000.03125,-141833.65625,-110522.9765625
8307.333925500001,baseline_eyes_closed,-130700.65625,-191400.75,-112160.421875,-14154.2861328125,-375000.03125,-375000.03125,-141849.53125,-110780.4296875
8307.424459000002,baseline_eyes_closed,-130865.6171875,-191376.390625,-111393.0,-13504.2978515625,-375000.03125,-375000.03125,-141896.109375,-110777.1640625
8307.515438800005,baseline_eyes_closed,-131006.2109375,-191177.546875,-110521.7265625,-12413.755859375,-375000.03125,-375000.03125,-141884.390625,-110596.7421875
8307.612694200006,baseline_eyes_closed,-130881.5703125,-191151.265625,-111103.9453125,-12756.408203125,-375000.03125,-375000.03125,-141843.0,-110545.0625
8307.653392700007,baseline_eyes_closed,-130708.3515625,-191302.9375,-111960.1953125,-13720.1708984375,-375000.03125,-375000.03125,-141829.375,-110644.6171875
8307.680202700001,baseline_eyes_closed,-130699.140625,-191415.59375,-112115.5,-14123.798828125,-375000.03125,-375000.03125,-141870.9375,-110784.046875
8307.753287800004,baseline_eyes_closed,-130877.1953125,-191377.59375,-111286.3359375,-13389.5439453125,-375000.03125,-375000.03125,-141906.75,-110780.78125
8307.841216900004,baseline_eyes_closed,-130998.3828125,-191164.671875,-110497.0546875,-12354.568359375,-375000.03125,-375000.03125,-141892.671875,-110584.1796875
8307.932375400002,baseline_eyes_closed,-130961.8203125,-191295.203125,-110817.4453125,-12854.9794921875,-375000.03125,-375000.03125,-141909.96875,-110688.15625
8307.985826700002,baseline_eyes_closed,-130957.8359375,-191121.0,-110632.328125,-12371.376953125,-375000.03125,-375000.03125,-141860.390625,-110526.734375
8308.057220600003,baseline_eyes_closed,-130777.1875,-191235.65625,-111584.6875,-13259.9931640625,-375000.03125,-375000.03125,-141821.28125,-110575.7734375
8308.128758100005,baseline_eyes_closed,-130687.0234375,-191388.1875,-112144.6015625,-14025.2724609375,-375000.03125,-375000.03125,-141836.515625,-110708.3671875
8308.210514700007,baseline_eyes_closed,-130801.1484375,-191471.78125,-111829.8828125,-13946.4150390625,-375000.03125,-375000.03125,-141929.328125,-110835.859375
8308.2999316,baseline_eyes_closed,-130955.8671875,-191180.09375,-110877.7890625,-12566.59765625,-375000.03125,-375000.03125,-141887.390625,-110551.453125
8308.361805800003,baseline_eyes_closed,-130765.390625,-191321.5,-111807.265625,-13526.9619140625,-375000.03125,-375000.03125,-141860.484375,-110637.2890625
8308.452234900004,baseline_eyes_closed,-130740.578125,-191479.296875,-112184.1171875,-14148.474609375,-375000.03125,-375000.03125,-141913.765625,-110793.34375
8308.536319500006,baseline_eyes_closed,-130889.171875,-191502.1875,-111594.96875,-13716.728515625,-375000.03125,-375000.03125,-141961.6875,-110854.6328125
8308.606846900007,baseline_eyes_closed,-131046.796875,-191284.171875,-110577.3828125,-12517.5576171875,-375000.03125,-375000.03125,-141943.71875,-110660.7578125
8308.687296600001,baseline_eyes_closed,-130757.25,-191379.03125,-111981.8359375,-13739.974609375,-375000.03125,-375000.03125,-141869.015625,-110666.34375
8308.784069900003,baseline_eyes_closed,-130765.96875,-191492.890625,-112143.484375,-14154.46484375,-375000.03125,-375000.03125,-141934.25,-110827.8984375
8308.846593700004,baseline_eyes_closed,-130950.953125,-191467.09375,-111288.2578125,-13402.91015625,-375000.03125,-375000.03125,-141980.5625,-110825.890625
8308.934894300006,baseline_eyes_closed,-131087.484375,-191269.765625,-110543.40625,-12404.0556640625,-375000.03125,-375000.03125,-141957.09375,-110630.9375
8309.012401900001,baseline_eyes_closed,-131017.9609375,-191236.15625,-110839.65625,-12526.4091796875,-375000.03125,-375000.03125,-141942.203125,-110587.21875
8309.077908200003,baseline_eyes_closed,-130826.8125,-191365.4375,-111784.6484375,-13475.1953125,-375000.03125,-375000.03125,-141919.453125,-110689.546875
8309.166435100004,baseline_eyes_closed,-130768.296875,-191499.71875,-112191.3125,-14111.9521484375,-375000.03125,-375000.03125,-141924.671875,-110818.46875
8309.256769000005,baseline_eyes_closed,-130926.859375,-191559.890625,-111689.15625,-13795.6748046875,-375000.03125,-375000.03125,-142017.921875,-110893.4375
8309.347246000007,baseline_eyes_closed,-131128.734375,-191395.4375,-110687.6640625,-12648.2255859375,-375000.03125,-375000.03125,-142058.78125,-110756.2421875
8309.442069300001,baseline_eyes_closed,-130852.875,-191475.625,-112004.140625,-13739.52734375,-375000.03125,-375000.03125,-141972.734375,-110770.0078125
8309.542483300002,baseline_eyes_closed,-130875.1328125,-191621.8125,-112239.9921875,-14219.375,-375000.03125,-375000.03125,-142065.71875,-110948.6015625
8309.631886700005,baseline_eyes_closed,-131066.3359375,-191626.0625,-111480.3515625,-13589.234375,-375000.03125,-375000.03125,-142122.3125,-110969.2578125
8309.672538800005,baseline_eyes_closed,-131230.125,-191428.78125,-110653.3359375,-12536.3779296875,-375000.03125,-375000.03125,-142121.859375,-110786.953125
8309.704238900007,baseline_eyes_closed,-131131.59375,-191437.59375,-111307.65625,-12956.5908203125,-375000.03125,-375000.03125,-142114.265625,-110777.8828125
8309.7938102,baseline_eyes_closed,-130987.921875,-191723.28125,-112216.9296875,-14260.9931640625,-375000.03125,-375000.03125,-142187.40625,-111077.2578125
8309.842989200002,baseline_eyes_closed,-131212.609375,-191660.796875,-111258.796875,-13327.40625,-375000.03125,-375000.03125,-142253.96875,-111040.0234375
8309.915245900003,baseline_eyes_closed,-131271.703125,-191459.5,-110736.21875,-12531.28125,-375000.03125,-375000.03125,-142182.890625,-110830.6328125
8310.003870700006,baseline_eyes_closed,-131091.90625,-191532.40625,-111577.625,-13228.3876953125,-375000.03125,-375000.03125,-142143.234375,-110840.2421875
8310.084500100007,baseline_eyes_closed,-130950.59375,-191691.109375,-112266.7265625,-14097.5126953125,-375000.03125,-375000.03125,-142167.453125,-110976.3203125
8310.1550074,baseline_eyes_closed,-131234.28125,-191660.03125,-110992.1015625,-13043.6728515625,-375000.03125,-375000.03125,-142263.703125,-111001.9765625
8310.235382500003,baseline_eyes_closed,-131211.3125,-191502.453125,-110859.4609375,-12616.0390625,-375000.03125,-375000.03125,-142199.109375,-110843.234375
8310.335763900004,baseline_eyes_closed,-131015.7265625,-191594.3125,-111791.3046875,-13490.037109375,-375000.03125,-375000.03125,-142152.125,-110884.453125
8310.398893800006,baseline_eyes_closed,-130930.703125,-191749.03125,-112308.9765625,-14222.056640625,-375000.03125,-375000.03125,-142164.203125,-111017.21875
8310.501927800007,baseline_eyes_closed,-131022.296875,-191819.625,-111954.921875,-14084.90625,-375000.03125,-375000.03125,-142234.34375,-111126.03125
8310.560133500001,baseline_eyes_closed,-131214.34375,-191681.9375,-110897.1953125,-12955.607421875,-375000.03125,-375000.03125,-142266.390625,-111011.5
8310.631754100003,baseline_eyes_closed,-131191.859375,-191556.5,-110885.2109375,-12659.8486328125,-375000.03125,-375000.03125,-142231.5625,-110876.5390625
8310.729888700005,baseline_eyes_closed,-131014.7890625,-191677.953125,-111845.265625,-13580.427734375,-375000.03125,-375000.03125,-142189.09375,-110917.890625
8310.802861300006,baseline_eyes_closed,-130931.1953125,-191809.078125,-112308.9296875,-14266.7158203125,-375000.03125,-375000.03125,-142216.859375,-111066.3984375
8310.899875300001,baseline_eyes_closed,-131048.140625,-191863.96875,-111914.0625,-14076.4130859375,-375000.03125,-375000.03125,-142271.265625,-111167.6953125
8310.974056800002,baseline_eyes_closed,-131276.75,-191721.046875,-110891.3359375,-12949.21484375,-375000.03125,-375000.03125,-142318.0625,-111043.953125
8311.058497600005,baseline_eyes_closed,-131240.234375,-191590.15625,-110988.65625,-12740.3154296875,-375000.03125,-375000.03125,-142268.71875,-110903.8515625
8311.144206800005,baseline_eyes_closed,-131037.5,-191702.359375,-111919.3828125,-13654.859375,-375000.03125,-375000.03125,-142224.453125,-110957.453125
8311.231606600008,baseline_eyes_closed,-130969.328125,-191843.71875,-112352.6484375,-14333.8154296875,-375000.03125,-375000.03125,-142249.765625,-111115.96875
8311.3206487,baseline_eyes_closed,-131304.296875,-191676.96875,-110756.2890625,-12723.4169921875,-375000.03125,-375000.03125,-142303.8125,-110988.03125
8311.411041900003,baseline_eyes_closed,-131190.875,-191619.171875,-111217.7578125,-12924.8505859375,-375000.03125,-375000.03125,-142240.46875,-110896.8359375
8311.508976900004,baseline_eyes_closed,-131010.8125,-191750.640625,-112085.3203125,-13855.578125,-375000.03125,-375000.03125,-142194.375,-110973.9453125
8311.601663000005,baseline_eyes_closed,-130990.9609375,-191869.0625,-112323.234375,-14344.6787109375,-375000.03125,-375000.03125,-142249.484375,-111142.96875
8311.679567500007,baseline_eyes_closed,-131163.203125,-191875.328125,-111601.3203125,-13766.3046875,-375000.03125,-375000.03125,-142303.984375,-111165.546875
8311.676033000002,baseline_eyes_closed,-131337.375,-191688.859375,-110733.265625,-12679.33984375,-375000.03125,-375000.03125,-142312.484375,-110990.53125
8311.751890600002,baseline_eyes_closed,-131218.90625,-191655.078125,-111287.546875,-12990.4755859375,-375000.03125,-375000.03125,-142259.140625,-110921.46875
8311.837464800004,baseline_eyes_closed,-131051.1328125,-191803.84375,-112158.3671875,-13954.9091796875,-375000.03125,-375000.03125,-142252.265625,-111045.875
8311.927842600007,baseline_eyes_closed,-131051.8046875,-191943.90625,-112361.0546875,-14400.37890625,-375000.03125,-375000.03125,-142316.453125,-111221.2890625
8312.009916,baseline_eyes_closed,-131237.1875,-191938.765625,-111587.4609375,-13751.865234375,-375000.03125,-375000.03125,-142370.640625,-111225.671875
8312.065391600003,baseline_eyes_closed,-131379.703125,-191732.984375,-110759.8671875,-12693.287109375,-375000.03125,-375000.03125,-142357.578125,-111025.7578125
8312.145265600004,baseline_eyes_closed,-131230.96875,-191699.375,-111364.078125,-13065.3095703125,-375000.03125,-375000.03125,-142278.8125,-110963.265625
8312.231388000006,baseline_eyes_closed,-131057.9296875,-191832.546875,-112205.3515625,-14014.185546875,-375000.03125,-375000.03125,-142266.65625,-111073.0546875
8312.3073332,baseline_eyes_closed,-131046.84375,-191910.328125,-112394.359375,-14336.2294921875,-375000.03125,-375000.03125,-142293.609375,-111160.359375
8312.379934600003,baseline_eyes_closed,-131163.46875,-191956.28125,-111970.7890625,-14112.3994140625,-375000.03125,-375000.03125,-142354.765625,-111258.578125
8312.463345600005,baseline_eyes_closed,-131350.921875,-191778.625,-110911.71875,-12941.48046875,-375000.03125,-375000.03125,-142359.546875,-111104.703125
8312.535215100006,baseline_eyes_closed,-131300.71875,-191652.609375,-111034.03125,-12753.279296875,-375000.03125,-375000.03125,-142324.140625,-110984.8984375
8312.605671100007,baseline_eyes_closed,-131108.4375,-191739.109375,-111985.859375,-13688.2080078125,-375000.03125,-375000.03125,-142268.71875,-111023.2109375
8312.6899094,baseline_eyes_closed,-131207.1875,-191894.640625,-111711.0234375,-13837.115234375,-375000.03125,-375000.03125,-142352.53125,-111228.046875
8312.779564900002,baseline_eyes_closed,-131376.484375,-191695.125,-110781.546875,-12701.7802734375,-375000.03125,-375000.03125,-142346.765625,-111044.7578125
8312.869042200004,baseline_eyes_closed,-131256.09375,-191636.5625,-111253.5234375,-12913.7646484375,-375000.03125,-375000.03125,-142299.421875,-110973.9921875
8312.957124900006,baseline_eyes_closed,-131097.40625,-191795.34375,-112148.0859375,-13880.5673828125,-375000.03125,-375000.03125,-142285.203125,-111062.8203125
8313.044280000007,baseline_eyes_closed,-131078.265625,-191928.296875,-112396.7734375,-14381.4248046875,-375000.03125,-375000.03125,-142334.078125,-111229.5625
8313.1307637,baseline_eyes_closed,-131409.203125,-191691.375,-110776.7578125,-12607.9482421875,-375000.03125,-375000.03125,-142359.640625,-111033.2734375
8313.218732100002,baseline_eyes_closed,-131240.59375,-191695.609375,-111507.21875,-13155.87890625,-375000.03125,-375000.03125,-142290.84375,-110983.203125
8313.305806600005,baseline_eyes_closed,-131073.4375,-191835.265625,-112273.75,-14060.23046875,-375000.03125,-375000.03125,-142289.71875,-111091.7890625
8313.392874600006,baseline_eyes_closed,-131082.96875,-191925.21875,-112276.921875,-14303.73046875,-375000.03125,-375000.03125,-142323.46875,-111231.9296875
8313.491237300008,baseline_eyes_closed,-131286.359375,-191875.90625,-111357.953125,-13455.8837890625,-375000.03125,-375000.03125,-142371.625,-111200.015625
8313.584534700001,baseline_eyes_closed,-131148.765625,-191693.03125,-111716.1171875,-13356.4189453125,-375000.03125,-375000.03125,-142280.375,-111009.4453125
8313.663192400003,baseline_eyes_closed,-131053.8125,-191848.40625,-112347.734375,-14179.23046875,-375000.03125,-375000.03125,-142290.265625,-111118.96875
8313.688007100003,baseline_eyes_closed,-131126.140625,-191930.796875,-112148.84375,-14197.3359375,-375000.03125,-375000.03125,-142334.078125,-111231.84375
8313.729547500006,baseline_eyes_closed,-131328.515625,-191814.296875,-111093.125,-13116.271484375,-375000.03125,-375000.03125,-142374.890625,-111146.3671875
8313.800724400007,baseline_eyes_closed,-131345.6875,-191636.78125,-110839.03125,-12556.44921875,-375000.03125,-375000.03125,-142313.328125,-110956.3828125
8313.864452800002,baseline_eyes_closed,-131178.1875,-191739.296875,-111774.546875,-13407.5146484375,-375000.03125,-375000.03125,-142300.859375,-111004.4375
8313.950635100004,baseline_eyes_closed,-131056.2265625,-191880.15625,-112349.5234375,-14182.0029296875,-375000.03125,-375000.03125,-142310.921875,-111147.3515625
8314.035219900004,baseline_eyes_closed,-131152.5625,-191967.453125,-112130.296875,-14180.482421875,-375000.03125,-375000.03125,-142356.0625,-111255.578125
8314.102748700006,baseline_eyes_closed,-131385.609375,-191861.375,-111085.0390625,-13091.5947265625,-375000.03125,-375000.03125,-142426.15625,-111179.359375
8314.183634300001,baseline_eyes_closed,-131244.4375,-191757.75,-111660.59375,-13271.6611328125,-375000.03125,-375000.03125,-142342.125,-111037.9609375
8314.249250500003,baseline_eyes_closed,-131122.75,-191921.328125,-112367.625,-14130.7724609375,-375000.03125,-375000.03125,-142341.21875,-111172.390625
8314.318419400004,baseline_eyes_closed,-131185.421875,-192035.0,-112299.6328125,-14314.6376953125,-375000.03125,-375000.03125,-142437.78125,-111329.6953125
8314.388997100006,baseline_eyes_closed,-131399.46875,-191949.625,-111282.8046875,-13319.1806640625,-375000.03125,-375000.03125,-142468.40625,-111238.7265625
8314.474982300007,baseline_eyes_closed,-131445.734375,-191738.265625,-110823.921875,-12555.4658203125,-375000.03125,-375000.03125,-142413.015625,-111050.34375
8314.545040100002,baseline_eyes_closed,-131199.421875,-192046.359375,-112283.7578125,-14301.4951171875,-375000.03125,-375000.03125,-142440.328125,-111330.4140625
8314.587911100003,baseline_eyes_closed,-131401.65625,-191942.5625,-111243.109375,-13259.859375,-375000.03125,-375000.03125,-142458.21875,-111231.7109375
8314.675712600005,baseline_eyes_closed,-131425.484375,-191722.4375,-110827.3671875,-12548.447265625,-375000.03125,-375000.03125,-142406.09375,-111047.3046875
8314.756392500005,baseline_eyes_closed,-131240.359375,-191788.46875,-111703.5546875,-13306.619140625,-375000.03125,-375000.03125,-142357.546875,-111067.0625
8314.846967300007,baseline_eyes_closed,-131103.65625,-191920.828125,-112358.8203125,-14144.3623046875,-375000.03125,-375000.03125,-142357.546875,-111193.7109375
8314.941973300001,baseline_eyes_closed,-131419.40625,-191856.453125,-110987.71875,-12953.2822265625,-375000.03125,-375000.03125,-142442.796875,-111160.3203125
8315.030006500003,baseline_eyes_closed,-131392.765625,-191707.1875,-110949.5390625,-12620.2861328125,-375000.03125,-375000.03125,-142394.203125,-111026.875
8315.118883000005,baseline_eyes_closed,-131179.5625,-191805.40625,-111899.0390625,-13519.98828125,-375000.03125,-375000.03125,-142324.375,-111059.2890625
8315.207971800006,baseline_eyes_closed,-131089.125,-191929.546875,-112383.625,-14206.3662109375,-375000.03125,-375000.03125,-142351.1875,-111182.890625
8315.299548100007,baseline_eyes_closed,-131209.734375,-191995.75,-111987.8671875,-14035.732421875,-375000.03125,-375000.03125,-142402.921875,-111272.390625
8315.4000218,baseline_eyes_closed,-131323.421875,-191686.9375,-111127.4609375,-12728.87109375,-375000.03125,-375000.03125,-142330.9375,-110972.6953125
8315.490364500003,baseline_eyes_closed,-131145.953125,-191840.5,-112063.5546875,-13711.54296875,-375000.03125,-375000.03125,-142310.421875,-111067.9609375
8315.583397300004,baseline_eyes_closed,-131123.421875,-191982.96875,-112390.734375,-14278.025390625,-375000.03125,-375000.03125,-142366.171875,-111213.2890625
8315.677074700006,baseline_eyes_closed,-131275.765625,-191994.765625,-111735.5625,-13791.875,-375000.03125,-375000.03125,-142420.890625,-111258.53125
8315.717470600008,baseline_eyes_closed,-131430.671875,-191787.125,-110757.625,-12616.486328125,-375000.03125,-375000.03125,-142396.34375,-111074.171875
8315.743284900002,baseline_eyes_closed,-131354.09375,-191744.078125,-111185.9296875,-12784.03515625,-375000.03125,-375000.03125,-142343.234375,-110978.6875
8315.784174400003,baseline_eyes_closed,-131158.28125,-191886.328125,-112080.625,-13746.0986328125,-375000.03125,-375000.03125,-142319.3125,-111078.8203125
8315.862657200005,baseline_eyes_closed,-131124.0,-192014.671875,-112361.1875,-14271.1416015625,-375000.03125,-375000.03125,-142361.78125,-111212.265625
8315.941686700007,baseline_eyes_closed,-131272.640625,-192005.28125,-111663.9921875,-13725.4462890625,-375000.03125,-375000.03125,-142401.21875,-111255.5390625
8316.069480400001,baseline_eyes_closed,-131430.53125,-191801.203125,-110724.7734375,-12588.3681640625,-375000.03125,-375000.03125,-142411.40625,-111081.4609375
8316.110470900003,baseline_eyes_closed,-131318.953125,-191745.90625,-111203.453125,-12816.6240234375,-375000.03125,-375000.03125,-142365.359375,-110991.25
8316.207158300003,baseline_eyes_closed,-131136.203125,-191894.765625,-112083.1328125,-13768.0478515625,-375000.03125,-375000.03125,-142350.4375,-111110.4765625
8316.258278700006,baseline_eyes_closed,-131121.546875,-192014.265625,-112335.703125,-14267.7880859375,-375000.03125,-375000.03125,-142370.953125,-111240.3359375
8316.344296900008,baseline_eyes_closed,-131306.125,-192042.109375,-111616.9609375,-13698.7578125,-375000.03125,-375000.03125,-142434.65625,-111269.0390625
8316.414954900001,baseline_eyes_closed,-131285.375,-191784.984375,-111422.1015625,-13016.26953125,-375000.03125,-375000.03125,-142344.078125,-110994.15625
8316.509173000002,baseline_eyes_closed,-131127.4375,-191938.9375,-112204.59375,-13942.7490234375,-375000.03125,-375000.03125,-142338.359375,-111133.046875
8316.588327700005,baseline_eyes_closed,-131153.234375,-192057.53125,-112255.015625,-14243.1572265625,-375000.03125,-375000.03125,-142388.125,-111272.296875
8316.662757300006,baseline_eyes_closed,-131367.765625,-192014.359375,-111336.5390625,-13395.4443359375,-375000.03125,-375000.03125,-142446.453125,-111250.3515625
8316.742547900001,baseline_eyes_closed,-131441.703125,-191857.796875,-110764.6015625,-12678.3115234375,-375000.03125,-375000.03125,-142427.859375,-111125.8984375
8316.805239500003,baseline_eyes_closed,-131380.953125,-191773.671875,-111077.9765625,-12697.66796875,-375000.03125,-375000.03125,-142400.90625,-111036.84375
8316.889047400004,baseline_eyes_closed,-131187.03125,-191923.015625,-112021.171875,-13669.7001953125,-375000.03125,-375000.03125,-142361.828125,-111111.5
8316.974502400006,baseline_eyes_closed,-131134.734375,-192034.875,-112347.7734375,-14245.705078125,-375000.03125,-375000.03125,-142389.953125,-111242.078125
8317.063857000006,baseline_eyes_closed,-131282.203125,-192062.0,-111746.734375,-13808.1025390625,-375000.03125,-375000.03125,-142453.46875,-111316.2421875
8317.1542129,baseline_eyes_closed,-131312.6875,-191781.453125,-111299.75,-12887.2109375,-375000.03125,-375000.03125,-142378.28125,-111039.84375
8317.243765800002,baseline_eyes_closed,-131153.421875,-191945.109375,-112152.6484375,-13846.234375,-375000.03125,-375000.03125,-142363.9375,-111153.609375
8317.343296500005,baseline_eyes_closed,-131162.71875,-192066.703125,-112307.0078125,-14242.396484375,-375000.03125,-375000.03125,-142403.3125,-111282.8515625
8317.430434000005,baseline_eyes_closed,-131338.21875,-192038.625,-111460.6796875,-13513.73046875,-375000.03125,-375000.03125,-142440.375,-111275.7421875
8317.521113700008,baseline_eyes_closed,-131456.140625,-191807.953125,-110667.90625,-12462.9296875,-375000.03125,-375000.03125,-142417.9375,-111076.9453125
8317.6162888,baseline_eyes_closed,-131134.734375,-192001.203125,-112249.96875,-13996.0361328125,-375000.03125,-375000.03125,-142362.6875,-111169.9765625
8317.696289300002,baseline_eyes_closed,-131200.125,-192118.78125,-112197.796875,-14175.4755859375,-375000.03125,-375000.03125,-142428.65625,-111320.0
8317.721322500003,baseline_eyes_closed,-131408.625,-192038.984375,-111192.328125,-13219.5361328125,-375000.03125,-375000.03125,-142473.40625,-111276.859375
8317.762718600006,baseline_eyes_closed,-131455.34375,-191823.921875,-110717.125,-12447.6416015625,-375000.03125,-375000.03125,-142438.984375,-111082.9765625
8317.821768800008,baseline_eyes_closed,-131297.5,-191909.34375,-111597.3359375,-13187.841796875,-375000.03125,-375000.03125,-142417.984375,-111113.6015625
8317.907494800002,baseline_eyes_closed,-131248.671875,-192156.546875,-112046.5625,-14082.58203125,-375000.03125,-375000.03125,-142471.890625,-111356.7421875
8317.970379900002,baseline_eyes_closed,-131462.1875,-192017.609375,-110980.875,-12948.365234375,-375000.03125,-375000.03125,-142524.734375,-111274.984375
8318.058379600005,baseline_eyes_closed,-131457.359375,-191859.765625,-110870.1953125,-12533.78515625,-375000.03125,-375000.03125,-142477.484375,-111116.28125
8318.143818200006,baseline_eyes_closed,-131265.9375,-191977.296875,-111822.375,-13432.458984375,-375000.03125,-375000.03125,-142424.8125,-111153.390625
8318.244757200007,baseline_eyes_closed,-131170.71875,-192115.375,-112360.828125,-14171.2734375,-375000.03125,-375000.03125,-142453.34375,-111290.5859375
8318.3063364,baseline_eyes_closed,-131266.828125,-192174.21875,-112016.703125,-14048.3388671875,-375000.03125,-375000.03125,-142497.46875,-111388.2578125
8318.383026400003,baseline_eyes_closed,-131454.21875,-192000.765625,-110926.6484375,-12875.7666015625,-375000.03125,-375000.03125,-142512.578125,-111258.796875
8318.463708500005,baseline_eyes_closed,-131439.703125,-191848.953125,-110881.6328125,-12537.5849609375,-375000.03125,-375000.03125,-142476.09375,-111117.9375
8318.530365100007,baseline_eyes_closed,-131272.328125,-191987.0,-111859.703125,-13462.142578125,-375000.03125,-375000.03125,-142445.5625,-111167.15625
8318.624863300001,baseline_eyes_closed,-131195.609375,-192146.140625,-112375.9375,-14195.9951171875,-375000.03125,-375000.03125,-142489.59375,-111335.9140625
8318.695323300002,baseline_eyes_closed,-131330.53125,-192228.890625,-112011.4296875,-14044.13671875,-375000.03125,-375000.03125,-142536.078125,-111436.09375
8318.778374200005,baseline_eyes_closed,-131554.578125,-192088.15625,-110947.125,-12879.3427734375,-375000.03125,-375000.03125,-142573.375,-111325.8125
8318.857585000005,baseline_eyes_closed,-131532.71875,-191960.390625,-110991.3359375,-12618.3642578125,-375000.03125,-375000.03125,-142529.0625,-111156.9609375
8318.962019300006,baseline_eyes_closed,-131323.828125,-192079.3125,-111926.0,-13532.818359375,-375000.03125,-375000.03125,-142492.953125,-111236.625
8319.044653,baseline_eyes_closed,-131423.96875,-192271.984375,-111796.5390625,-13832.8681640625,-375000.03125,-375000.03125,-142588.484375,-111462.78125
8319.136478900002,baseline_eyes_closed,-131617.078125,-192091.828125,-110816.640625,-12667.5380859375,-375000.03125,-375000.03125,-142628.125,-111323.796875
8319.242587300005,baseline_eyes_closed,-131521.453125,-192030.484375,-111219.015625,-12807.99609375,-375000.03125,-375000.03125,-142565.546875,-111201.9375
8319.340482200005,baseline_eyes_closed,-131336.5625,-192186.8125,-112136.5546875,-13776.5869140625,-375000.03125,-375000.03125,-142546.765625,-111318.03125
8319.440489700008,baseline_eyes_closed,-131295.9375,-192317.390625,-112434.28125,-14314.458984375,-375000.03125,-375000.03125,-142580.46875,-111465.1953125
8319.5485301,baseline_eyes_closed,-131630.359375,-192079.9375,-110765.5,-12544.06640625,-375000.03125,-375000.03125,-142603.859375,-111268.3671875
8319.653430300003,baseline_eyes_closed,-131484.765625,-192084.5,-111457.234375,-13010.369140625,-375000.03125,-375000.03125,-142559.90625,-111230.7734375
8319.742545800003,baseline_eyes_closed,-131314.296875,-192242.46875,-112267.7578125,-13949.90234375,-375000.03125,-375000.03125,-142547.65625,-111351.203125
8319.762682700006,baseline_eyes_closed,-131342.828125,-192365.1875,-112393.015625,-14324.2939453125,-375000.03125,-375000.03125,-142610.78125,-111520.2734375
8319.804992100007,baseline_eyes_closed,-131546.3125,-192332.8125,-111520.5859375,-13549.0908203125,-375000.03125,-375000.03125,-142664.203125,-111505.0234375
8319.826931700001,baseline_eyes_closed,-131658.4375,-192102.6875,-110800.234375,-12565.2119140625,-375000.03125,-375000.03125,-142653.96875,-111308.1953125
8319.889499000003,baseline_eyes_closed,-131506.65625,-192142.609375,-111517.1875,-13067.455078125,-375000.03125,-375000.03125,-142601.3125,-111290.359375
8319.973684600005,baseline_eyes_closed,-131367.546875,-192322.53125,-112333.5625,-14010.8330078125,-375000.03125,-375000.03125,-142600.28125,-111415.3515625
8320.082349600001,baseline_eyes_closed,-131446.09375,-192239.921875,-111931.359375,-13507.8740234375,-375000.03125,-375000.03125,-142615.171875,-111339.3515625
8320.113741200003,baseline_eyes_closed,-131341.84375,-192364.65625,-112453.2734375,-14244.498046875,-375000.03125,-375000.03125,-142639.484375,-111499.9296875
8320.193440800003,baseline_eyes_closed,-131446.484375,-192432.59375,-112143.5234375,-14147.40234375,-375000.03125,-375000.03125,-142708.328125,-111608.5625
8320.277703600006,baseline_eyes_closed,-131637.203125,-192255.84375,-111049.09375,-12980.5068359375,-375000.03125,-375000.03125,-142718.296875,-111475.4765625
8320.354391900008,baseline_eyes_closed,-131612.96875,-192087.796875,-110983.2890625,-12613.625,-375000.03125,-375000.03125,-142677.703125,-111312.3125
8320.4272738,baseline_eyes_closed,-131340.234375,-192377.921875,-112476.2578125,-14315.576171875,-375000.03125,-375000.03125,-142660.09375,-111529.703125
8320.492938500003,baseline_eyes_closed,-131470.140625,-192397.375,-111892.875,-13914.4072265625,-375000.03125,-375000.03125,-142694.5625,-111576.0625
8320.589752300004,baseline_eyes_closed,-131614.125,-192153.96875,-110857.8984375,-12722.880859375,-375000.03125,-375000.03125,-142699.171875,-111413.1640625
8320.656345100006,baseline_eyes_closed,-131524.90625,-192046.546875,-111156.296875,-12738.482421875,-375000.03125,-375000.03125,-142655.09375,-111304.578125
8320.742274800008,baseline_eyes_closed,-131342.78125,-192191.421875,-112078.9296875,-13683.2900390625,-375000.03125,-375000.03125,-142618.78125,-111377.3046875
8320.8443606,baseline_eyes_closed,-131517.4375,-192354.765625,-111638.2890625,-13651.7744140625,-375000.03125,-375000.03125,-142719.734375,-111578.96875
8320.943550700002,baseline_eyes_closed,-131663.890625,-192148.421875,-110807.296875,-12603.298828125,-375000.03125,-375000.03125,-142714.09375,-111393.4453125
8321.042734200004,baseline_eyes_closed,-131549.359375,-192136.65625,-111422.4609375,-12965.6650390625,-375000.03125,-375000.03125,-142671.1875,-111340.7890625
8321.144263000006,baseline_eyes_closed,-131367.71875,-192282.0,-112266.1484375,-13906.2265625,-375000.03125,-375000.03125,-142657.8125,-111446.421875
8321.243659100008,baseline_eyes_closed,-131381.140625,-192416.5,-112447.78125,-14342.3984375,-375000.03125,-375000.03125,-142718.390625,-111612.9375
8321.329535300005,baseline_eyes_closed,-131519.265625,-192190.4375,-111647.3203125,-13186.7236328125,-375000.03125,-375000.03125,-142672.515625,-111368.453125
8321.4147776,baseline_eyes_closed,-131631.78125,-192301.390625,-111175.7421875,-13115.01953125,-375000.03125,-375000.03125,-142774.3125,-111535.2421875
8321.521457700002,baseline_eyes_closed,-131655.25,-192121.8125,-110904.5234375,-12540.982421875,-375000.03125,-375000.03125,-142723.890625,-111360.6796875
8321.625309700004,baseline_eyes_closed,-131470.3125,-192212.875,-111825.640625,-13376.2666015625,-375000.03125,-375000.03125,-142668.90625,-111378.0703125
8321.713483900006,baseline_eyes_closed,-131352.96875,-192357.59375,-112422.1640625,-14170.15625,-375000.03125,-375000.03125,-142685.4375,-111511.6875
8321.737937600008,baseline_eyes_closed,-131421.546875,-192419.28125,-112174.1953125,-14139.1318359375,-375000.03125,-375000.03125,-142719.015625,-111612.046875
8321.759850100001,baseline_eyes_closed,-131633.796875,-192290.796875,-111122.6796875,-13072.1494140625,-375000.03125,-375000.03125,-142755.984375,-111516.828125
8321.801025200004,baseline_eyes_closed,-131663.890625,-192135.90625,-110911.6796875,-12560.517578125,-375000.03125,-375000.03125,-142733.625,-111372.03125
8321.842373200005,baseline_eyes_closed,-131485.65625,-192226.15625,-111837.484375,-13382.7041015625,-375000.03125,-375000.03125,-142654.734375,-111356.7890625
8321.896788200007,baseline_eyes_closed,-131382.34375,-192364.0625,-112436.9140625,-14171.2734375,-375000.03125,-375000.03125,-142681.6875,-111512.578125
8321.978686800001,baseline_eyes_closed,-131466.78125,-192452.453125,-112185.28125,-14157.9072265625,-375000.03125,-375000.03125,-142737.296875,-111619.9609375
8322.041577900003,baseline_eyes_closed,-131683.015625,-192319.453125,-111120.6640625,-13049.037109375,-375000.03125,-375000.03125,-142768.1875,-111517.6796875
8322.140951800004,baseline_eyes_closed,-131682.65625,-192136.75,-110923.96875,-12538.3896484375,-375000.03125,-375000.03125,-142727.6875,-111346.2421875
8322.206507400006,baseline_eyes_closed,-131462.265625,-192199.609375,-111828.140625,-13371.1259765625,-375000.03125,-375000.03125,-142671.3125,-111382.40625
8322.299364200007,baseline_eyes_closed,-131359.046875,-192349.140625,-112406.15625,-14141.5009765625,-375000.03125,-375000.03125,-142685.9375,-111520.2265625
8322.367799100002,baseline_eyes_closed,-131476.9375,-192455.9375,-112166.7734375,-14126.16796875,-375000.03125,-375000.03125,-142764.34375,-111653.265625
8322.453236500003,baseline_eyes_closed,-131690.484375,-192325.53125,-111111.4140625,-13027.3115234375,-375000.03125,-375000.03125,-142786.921875,-111516.109375
8322.513743000005,baseline_eyes_closed,-131664.25,-192122.0,-110914.625,-12535.0810546875,-375000.03125,-375000.03125,-142720.3125,-111341.140625
8322.6212551,baseline_eyes_closed,-131702.015625,-192209.625,-110810.78125,-12609.69140625,-375000.03125,-375000.03125,-142749.015625,-111422.0546875
8322.691295800003,baseline_eyes_closed,-131607.921875,-192159.5,-111275.96875,-12804.1513671875,-375000.03125,-375000.03125,-142702.296875,-111342.3984375
8322.781287300004,baseline_eyes_closed,-131404.203125,-192291.46875,-112161.671875,-13757.900390625,-375000.03125,-375000.03125,-142681.640625,-111441.7265625
8322.880249600006,baseline_eyes_closed,-131395.34375,-192427.59375,-112432.3515625,-14246.2861328125,-375000.03125,-375000.03125,-142711.5,-111580.3984375
8322.982619400007,baseline_eyes_closed,-131572.59375,-192442.125,-111752.640625,-13731.3466796875,-375000.03125,-375000.03125,-142780.53125,-111618.484375
8323.1002931,baseline_eyes_closed,-131593.75,-192200.28125,-111482.984375,-12995.9296875,-375000.03125,-375000.03125,-142696.578125,-111347.4453125
8323.207113400002,baseline_eyes_closed,-131719.453125,-192344.671875,-111077.703125,-12979.8359375,-375000.03125,-375000.03125,-142786.328125,-111525.0078125
8323.3160091,baseline_eyes_closed,-131414.03125,-192447.578125,-112430.34375,-14260.14453125,-375000.03125,-375000.03125,-142721.296875,-111588.0390625
8323.4362158,baseline_eyes_closed,-131557.53125,-192244.53125,-111693.3203125,-13208.0478515625,-375000.03125,-375000.03125,-142706.140625,-111374.671875
8323.543068,baseline_eyes_closed,-131726.6875,-192282.265625,-110893.8828125,-12734.50390625,-375000.03125,-375000.03125,-142787.140625,-111486.4765625
8323.6469467,baseline_eyes_closed,-131447.4375,-192477.609375,-112388.0546875,-14261.708984375,-375000.03125,-375000.03125,-142769.609375,-111641.59375
8323.742991400002,baseline_eyes_closed,-131662.671875,-192453.5625,-111507.2578125,-13478.3701171875,-375000.03125,-375000.03125,-142815.171875,-111605.7890625
8323.772019900003,baseline_eyes_closed,-131746.265625,-192205.28125,-110779.9765625,-12502.939453125,-375000.03125,-375000.03125,-142802.03125,-111426.75
8323.813346300005,baseline_eyes_closed,-131596.375,-192222.625,-111499.125,-13013.3642578125,-375000.03125,-375000.03125,-142725.1875,-111383.8359375
8323.854651300007,baseline_eyes_closed,-131443.5,-192375.59375,-112275.890625,-13908.9091796875,-375000.03125,-375000.03125,-142719.640625,-111503.640625
8323.876781800001,baseline_eyes_closed,-131475.421875,-192509.484375,-112390.8671875,-14283.0771484375,-375000.03125,-375000.03125,-142778.203125,-111632.4765625
8323.918133900002,baseline_eyes_closed,-131661.109375,-192463.171875,-111487.1015625,-13466.43359375,-375000.03125,-375000.03125,-142831.3125,-111617.09375
8323.962541000004,baseline_eyes_closed,-131785.609375,-192250.125,-110787.359375,-12508.3037109375,-375000.03125,-375000.03125,-142795.09375,-111430.4609375
8324.000528900007,baseline_eyes_closed,-131640.953125,-192269.78125,-111526.125,-13026.998046875,-375000.03125,-375000.03125,-142746.015625,-111395.6328125
8324.0686026,baseline_eyes_closed,-131484.671875,-192440.203125,-112338.03125,-13964.9228515625,-375000.03125,-375000.03125,-142740.34375,-111503.1015625
8324.147133600003,baseline_eyes_closed,-131504.828125,-192552.40625,-112405.53125,-14284.41796875,-375000.03125,-375000.03125,-142811.59375,-111680.484375
8324.227121700003,baseline_eyes_closed,-131699.6875,-192500.6875,-111501.9453125,-13479.8447265625,-375000.03125,-375000.03125,-142856.65625,-111660.28125
8324.290173600006,baseline_eyes_closed,-131813.109375,-192276.8125,-110790.84375,-12496.189453125,-375000.03125,-375000.03125,-142830.375,-111448.25
8324.385765200008,baseline_eyes_closed,-131662.359375,-192298.578125,-111526.078125,-13027.6689453125,-375000.03125,-375000.03125,-142781.6875,-111425.2265625
8324.469873900001,baseline_eyes_closed,-131541.53125,-192561.84375,-112286.796875,-14200.8671875,-375000.03125,-375000.03125,-142817.984375,-111688.0
8324.531183000003,baseline_eyes_closed,-131752.484375,-192440.203125,-111244.8046875,-13181.001953125,-375000.03125,-375000.03125,-142875.96875,-111635.7421875
8324.614708800003,baseline_eyes_closed,-131837.5625,-192259.8125,-110862.953125,-12506.873046875,-375000.03125,-375000.03125,-142880.21875,-111468.640625
8324.685148400005,baseline_eyes_closed,-131656.546875,-192332.375,-111742.2265625,-13252.572265625,-375000.03125,-375000.03125,-142827.109375,-111476.8203125
8324.772044000007,baseline_eyes_closed,-131526.15625,-192476.71875,-112419.6171875,-14074.4462890625,-375000.03125,-375000.03125,-142811.140625,-111605.921875
8324.869998,baseline_eyes_closed,-131838.5,-192412.171875,-111082.0859375,-12947.4267578125,-375000.03125,-375000.03125,-142904.625,-111624.65625
8324.965193100003,baseline_eyes_closed,-131833.171875,-192254.234375,-110988.1171875,-12565.5693359375,-375000.03125,-375000.03125,-142865.6875,-111465.734375
8325.061889400004,baseline_eyes_closed,-131650.65625,-192383.109375,-111957.6484375,-13448.3291015625,-375000.03125,-375000.03125,-142835.203125,-111529.8828125
8325.160670500005,baseline_eyes_closed,-131565.671875,-192533.359375,-112495.25,-14194.966796875,-375000.03125,-375000.03125,-142839.265625,-111654.203125
8325.259194200007,baseline_eyes_closed,-131679.125,-192622.5,-112194.7578125,-14119.41796875,-375000.03125,-375000.03125,-142922.375,-111770.5234375
8325.362141000001,baseline_eyes_closed,-131835.90625,-192296.828125,-111177.6171875,-12696.1923828125,-375000.03125,-375000.03125,-142870.515625,-111472.703125
8325.468262400002,baseline_eyes_closed,-131629.015625,-192432.28125,-112104.6796875,-13632.9541015625,-375000.03125,-375000.03125,-142815.609375,-111546.015625
8325.563583500005,baseline_eyes_closed,-131566.609375,-192569.890625,-112510.671875,-14260.7705078125,-375000.03125,-375000.03125,-142861.703125,-111697.609375
8325.655657700006,baseline_eyes_closed,-131708.40625,-192602.828125,-111982.7734375,-13925.13671875,-375000.03125,-375000.03125,-142928.5,-111775.8828125
8325.747888200007,baseline_eyes_closed,-131895.671875,-192413.78125,-110931.5234375,-12737.990234375,-375000.03125,-375000.03125,-142939.671875,-111602.4375
8325.758874400002,baseline_eyes_closed,-131826.34375,-192301.84375,-111157.453125,-12654.7080078125,-375000.03125,-375000.03125,-142878.6875,-111485.578125
8325.800617400004,baseline_eyes_closed,-131634.0625,-192460.453125,-112105.5703125,-13619.3193359375,-375000.03125,-375000.03125,-142832.203125,-111559.1640625
8325.842231700004,baseline_eyes_closed,-131587.0,-192607.84375,-112504.328125,-14266.8046875,-375000.03125,-375000.03125,-142894.296875,-111731.765625
8325.886594800006,baseline_eyes_closed,-131725.671875,-192634.75,-111973.4765625,-13910.65234375,-375000.03125,-375000.03125,-142935.640625,-111760.8203125
8325.971670100002,baseline_eyes_closed,-131906.53125,-192421.5625,-110932.5546875,-12726.3671875,-375000.03125,-375000.03125,-142943.296875,-111615.3125
8326.037851500003,baseline_eyes_closed,-131855.96875,-192329.5625,-111180.921875,-12685.732421875,-375000.03125,-375000.03125,-142895.859375,-111510.2578125
8326.123501700004,baseline_eyes_closed,-131661.25,-192478.734375,-112124.4375,-13629.109375,-375000.03125,-375000.03125,-142870.515625,-111589.15625
8326.208825600006,baseline_eyes_closed,-131624.328125,-192628.71875,-112535.6171875,-14271.3203125,-375000.03125,-375000.03125,-142901.984375,-111726.84375
8326.305571500006,baseline_eyes_closed,-131758.125,-192653.875,-111998.28125,-13925.5830078125,-375000.03125,-375000.03125,-142960.234375,-111802.6640625
8326.361262400002,baseline_eyes_closed,-131948.0625,-192452.171875,-110958.703125,-12740.5390625,-375000.03125,-375000.03125,-142970.734375,-111643.6953125
8326.461200500004,baseline_eyes_closed,-131888.921875,-192358.4375,-111194.5625,-12693.0185546875,-375000.03125,-375000.03125,-142928.140625,-111534.125
8326.519873300005,baseline_eyes_closed,-131685.609375,-192495.1875,-112144.5546875,-13635.099609375,-375000.03125,-375000.03125,-142892.234375,-111601.6328125
8326.597865300006,baseline_eyes_closed,-131630.71875,-192634.75,-112535.6171875,-14252.9912109375,-375000.03125,-375000.03125,-142906.5,-111743.65625
8326.703152700007,baseline_eyes_closed,-131963.390625,-192432.859375,-110882.484375,-12594.6259765625,-375000.03125,-375000.03125,-142972.703125,-111615.53125
8326.757636400002,baseline_eyes_closed,-131852.671875,-192409.4375,-111392.59375,-12864.0986328125,-375000.03125,-375000.03125,-142922.1875,-111534.9765625
8326.843672700003,baseline_eyes_closed,-131681.859375,-192562.234375,-112290.421875,-13819.009765625,-375000.03125,-375000.03125,-142940.03125,-111662.6953125
8326.917423300005,baseline_eyes_closed,-131665.140625,-192689.546875,-112521.0,-14292.912109375,-375000.03125,-375000.03125,-142955.8125,-111805.4296875
8326.999260800007,baseline_eyes_closed,-131842.96875,-192677.890625,-111797.2109375,-13716.0576171875,-375000.03125,-375000.03125,-143027.375,-111834.9375
8327.085565200001,baseline_eyes_closed,-131978.28125,-192425.21875,-110876.2734375,-12594.89453125,-375000.03125,-375000.03125,-142979.234375,-111602.2578125
8327.171486600002,baseline_eyes_closed,-131871.265625,-192400.640625,-111402.8359375,-12860.388671875,-375000.03125,-375000.03125,-142944.71875,-111552.9921875
8327.259632800004,baseline_eyes_closed,-131693.078125,-192551.90625,-112272.3203125,-13802.6044921875,-375000.03125,-375000.03125,-142911.734375,-111647.5859375
8327.347606900006,baseline_eyes_closed,-131685.203125,-192697.59375,-112518.0078125,-14298.6787109375,-375000.03125,-375000.03125,-143002.609375,-111833.015625
8327.445774200007,baseline_eyes_closed,-131842.96875,-192684.28125,-111784.0234375,-13703.6748046875,-375000.03125,-375000.03125,-143026.296875,-111826.1328125
8327.5380434,baseline_eyes_closed,-131819.90625,-192430.5,-111588.171875,-13028.5185546875,-375000.03125,-375000.03125,-142911.859375,-111559.03125
8327.629451800003,baseline_eyes_closed,-131684.140625,-192608.375,-112380.3203125,-13942.705078125,-375000.03125,-375000.03125,-142929.96875,-111694.390625
8327.720221900005,baseline_eyes_closed,-131732.59375,-192749.90625,-112480.140625,-14293.0908203125,-375000.03125,-375000.03125,-143006.71875,-111840.078125
8327.761139500006,baseline_eyes_closed,-131909.625,-192676.140625,-111548.2109375,-13457.1357421875,-375000.03125,-375000.03125,-143030.546875,-111793.2734375
8327.810547000006,baseline_eyes_closed,-132001.9375,-192462.1875,-110863.0390625,-12516.619140625,-375000.03125,-375000.03125,-143002.515625,-111617.7265625
8327.865652100001,baseline_eyes_closed,-131839.53125,-192486.203125,-111592.375,-13062.0458984375,-375000.03125,-375000.03125,-142958.71875,-111626.21875
8327.947128800004,baseline_eyes_closed,-131707.109375,-192660.0,-112389.796875,-13973.1923828125,-375000.03125,-375000.03125,-142957.5,-111705.4765625
8328.036331200004,baseline_eyes_closed,-131726.15625,-192766.09375,-112447.1953125,-14275.9248046875,-375000.03125,-375000.03125,-143011.828125,-111840.8359375
8328.111584100006,baseline_eyes_closed,-131914.265625,-192716.828125,-111538.2890625,-13452.486328125,-375000.03125,-375000.03125,-143076.8125,-111847.1875
8328.192487600001,baseline_eyes_closed,-132026.203125,-192528.671875,-110864.0703125,-12548.2685546875,-375000.03125,-375000.03125,-143070.203125,-111682.9921875
8328.269756700003,baseline_eyes_closed,-131871.484375,-192552.265625,-111610.796875,-13067.052734375,-375000.03125,-375000.03125,-142989.953125,-111622.328125
8328.368287000005,baseline_eyes_closed,-131723.390625,-192696.484375,-112394.359375,-13979.451171875,-375000.03125,-375000.03125,-142998.3125,-111753.1328125
8328.438789500005,baseline_eyes_closed,-131767.1875,-192836.71875,-112477.5078125,-14312.9833984375,-375000.03125,-375000.03125,-143068.859375,-111919.609375
8328.5198375,baseline_eyes_closed,-131870.140625,-192829.34375,-112030.7421875,-13952.71875,-375000.03125,-375000.03125,-143098.765625,-111936.59375
8328.576734400003,baseline_eyes_closed,-132058.84375,-192635.828125,-110997.7734375,-12782.380859375,-375000.03125,-375000.03125,-143098.140625,-111761.0
8328.658495500003,baseline_eyes_closed,-131981.8125,-192535.328125,-111232.6015625,-12725.96484375,-375000.03125,-375000.03125,-143048.515625,-111645.3984375
8328.713887500006,baseline_eyes_closed,-131816.765625,-192702.078125,-112199.8515625,-13712.83984375,-375000.03125,-375000.03125,-143052.015625,-111748.75
8328.805634000008,baseline_eyes_closed,-131750.078125,-192831.4375,-112551.265625,-14287.4580078125,-375000.03125,-375000.03125,-143068.109375,-111895.6015625
8328.9035748,baseline_eyes_closed,-132071.3125,-192620.484375,-110915.65625,-12640.0,-375000.03125,-375000.03125,-143118.171875,-111760.4609375
8328.962953100003,baseline_eyes_closed,-131963.078125,-192578.59375,-111443.6953125,-12918.0556640625,-375000.03125,-375000.03125,-143059.390625,-111663.6796875
8329.047281000005,baseline_eyes_closed,-131779.046875,-192733.90625,-112304.59375,-13856.4716796875,-375000.03125,-375000.03125,-143047.625,-111773.9609375
8329.132370600006,baseline_eyes_closed,-131767.421875,-192873.109375,-112543.3125,-14328.6748046875,-375000.03125,-375000.03125,-143096.625,-111942.8046875
8329.218484700008,baseline_eyes_closed,-131934.828125,-192856.078125,-111798.59375,-13724.2392578125,-375000.03125,-375000.03125,-143124.921875,-111951.5703125
8329.314111700001,baseline_eyes_closed,-131928.125,-192623.125,-111649.28125,-13098.0322265625,-375000.03125,-375000.03125,-143071.859375,-111705.03125
8329.402552600002,baseline_eyes_closed,-131789.71875,-192810.203125,-112456.6328125,-14045.6123046875,-375000.03125,-375000.03125,-143109.453125,-111862.6953125
8329.492324400004,baseline_eyes_closed,-131823.703125,-192931.984375,-112516.7109375,-14350.892578125,-375000.03125,-375000.03125,-143146.78125,-111996.5859375
8329.582924600005,baseline_eyes_closed,-132025.453125,-192877.046875,-111595.90625,-13527.587890625,-375000.03125,-375000.03125,-143209.546875,-111988.2265625
8329.673997000007,baseline_eyes_closed,-132144.578125,-192682.359375,-110928.53125,-12613.9384765625,-375000.03125,-375000.03125,-143175.25,-111794.75
8329.756146700001,baseline_eyes_closed,-131830.546875,-192894.34375,-112551.1328125,-14192.1953125,-375000.03125,-375000.03125,-143120.1875,-111903.78125
8329.779569400001,baseline_eyes_closed,-131889.734375,-192987.1875,-112434.140625,-14315.5322265625,-375000.03125,-375000.03125,-143192.25,-112047.90625
8329.831002900004,baseline_eyes_closed,-132079.21875,-192857.59375,-111377.1328125,-13274.65625,-375000.03125,-375000.03125,-143217.09375,-111965.78125
8329.916377500005,baseline_eyes_closed,-132144.484375,-192670.515625,-110998.0,-12610.451171875,-375000.03125,-375000.03125,-143181.46875,-111772.890625
8330.005655500006,baseline_eyes_closed,-131958.921875,-192751.375,-111877.0,-13352.171875,-375000.03125,-375000.03125,-143124.515625,-111795.9140625
8330.0695656,baseline_eyes_closed,-131831.078125,-192902.34375,-112550.1953125,-14180.03515625,-375000.03125,-375000.03125,-143126.484375,-111920.6328125
8330.156833700003,baseline_eyes_closed,-131896.796875,-193001.9375,-112426.6796875,-14306.3671875,-375000.03125,-375000.03125,-143200.5625,-112045.4453125
8330.224711700004,baseline_eyes_closed,-132126.390625,-192904.578125,-111409.4921875,-13298.974609375,-375000.03125,-375000.03125,-143247.90625,-111970.078125
8330.304198400006,baseline_eyes_closed,-132165.0625,-192684.375,-111003.71875,-12595.296875,-375000.03125,-375000.03125,-143203.328125,-111803.6484375
8330.3850301,baseline_eyes_closed,-131989.6875,-192769.34375,-111899.9375,-13348.7294921875,-375000.03125,-375000.03125,-143142.75,-111810.84375
8330.475318700002,baseline_eyes_closed,-131878.6875,-192942.671875,-112581.7578125,-14203.7734375,-375000.03125,-375000.03125,-143184.015625,-111960.015625
8330.553501800005,baseline_eyes_closed,-131941.046875,-193036.234375,-112476.2109375,-14336.005859375,-375000.03125,-375000.03125,-143265.109375,-112078.078125
8330.622624100006,baseline_eyes_closed,-132152.625,-192931.046875,-111456.03125,-13337.1513671875,-375000.03125,-375000.03125,-143307.890625,-112017.328125
8330.728138200007,baseline_eyes_closed,-132223.96875,-192747.890625,-111059.9140625,-12642.3701171875,-375000.03125,-375000.03125,-143251.65625,-111840.34375
8330.8072181,baseline_eyes_closed,-131904.609375,-192987.015625,-112651.4453125,-14305.0712890625,-375000.03125,-375000.03125,-143182.90625,-111988.5859375
8330.867812400002,baseline_eyes_closed,-132022.625,-193071.234375,-112349.1171875,-14238.6865234375,-375000.03125,-375000.03125,-143274.625,-112089.703125
8330.954721200003,baseline_eyes_closed,-132217.53125,-192911.28125,-111257.4140625,-13092.17578125,-375000.03125,-375000.03125,-143313.703125,-111997.078125
8331.043571400005,baseline_eyes_closed,-132200.6875,-192733.671875,-111166.890625,-12678.9814453125,-375000.03125,-375000.03125,-143242.84375,-111830.6875
8331.138209300007,baseline_eyes_closed,-132013.6875,-192864.25,-112123.40625,-13582.6630859375,-375000.03125,-375000.03125,-143189.78125,-111878.390625
8331.2283052,baseline_eyes_closed,-132057.953125,-193063.640625,-112143.2578125,-14042.169921875,-375000.03125,-375000.03125,-143272.984375,-112091.1328125
8331.318877700003,baseline_eyes_closed,-132257.015625,-192871.59375,-111106.0,-12867.2734375,-375000.03125,-375000.03125,-143308.25,-111958.453125
8331.410196100003,baseline_eyes_closed,-132188.484375,-192759.296875,-111342.8828125,-12808.755859375,-375000.03125,-375000.03125,-143247.5,-111837.6640625
8331.504034800006,baseline_eyes_closed,-131998.71875,-192911.59375,-112279.6015625,-13743.4609375,-375000.03125,-375000.03125,-143201.625,-111899.1328125
8331.594885000008,baseline_eyes_closed,-131936.703125,-193051.921875,-112672.1875,-14351.96484375,-375000.03125,-375000.03125,-143223.796875,-112029.84375
8331.692314700002,baseline_eyes_closed,-132269.890625,-192845.609375,-111024.28125,-12716.80078125,-375000.03125,-375000.03125,-143315.484375,-111925.375
8331.785166700003,baseline_eyes_closed,-132161.65625,-192806.09375,-111514.234375,-12951.986328125,-375000.03125,-375000.03125,-143267.703125,-111873.203125
8331.826752700004,baseline_eyes_closed,-131982.984375,-192976.015625,-112420.2890625,-13929.7412109375,-375000.03125,-375000.03125,-143246.375,-111962.296875
8331.862855500005,baseline_eyes_closed,-131946.765625,-193085.3125,-112648.8125,-14392.2880859375,-375000.03125,-375000.03125,-143251.03125,-112073.1640625
8331.904097200008,baseline_eyes_closed,-132121.109375,-193094.96875,-111940.703125,-13839.7080078125,-375000.03125,-375000.03125,-143319.46875,-112120.953125
8331.9749044,baseline_eyes_closed,-132131.703125,-192859.5625,-111728.3671875,-13162.2265625,-375000.03125,-375000.03125,-143254.609375,-111870.5234375
8332.047715300003,baseline_eyes_closed,-131979.84375,-193015.484375,-112527.796875,-14079.5419921875,-375000.03125,-375000.03125,-143251.828125,-111978.8828125
8332.134556500005,baseline_eyes_closed,-131981.8125,-193114.453125,-112586.2265625,-14371.6796875,-375000.03125,-375000.03125,-143280.484375,-112135.8828125
8332.231281500006,baseline_eyes_closed,-132177.578125,-193071.953125,-111705.0703125,-13584.6298828125,-375000.03125,-375000.03125,-143332.078125,-112108.1171875
8332.295669800007,baseline_eyes_closed,-132293.984375,-192853.265625,-111007.65625,-12646.52734375,-375000.03125,-375000.03125,-143342.359375,-111927.828125
8332.381099600001,baseline_eyes_closed,-131985.4375,-193070.34375,-112607.0546875,-14196.3525390625,-375000.03125,-375000.03125,-143279.5,-112033.015625
8332.442778300003,baseline_eyes_closed,-132029.5625,-193155.625,-112511.796875,-14337.5263671875,-375000.03125,-375000.03125,-143307.796875,-112151.2578125
8332.543282300005,baseline_eyes_closed,-132254.953125,-193072.390625,-111511.5546875,-13374.2109375,-375000.03125,-375000.03125,-143382.015625,-112111.96875
8332.618887400005,baseline_eyes_closed,-132321.109375,-192856.15625,-111069.4375,-12642.458984375,-375000.03125,-375000.03125,-143343.125,-111891.171875
8332.683176700008,baseline_eyes_closed,-132122.3125,-192912.359375,-111895.5546875,-13318.64453125,-375000.03125,-375000.03125,-143261.09375,-111888.8984375
8332.762245400001,baseline_eyes_closed,-132091.78125,-193193.765625,-112376.703125,-14230.193359375,-375000.03125,-375000.03125,-143357.328125,-112184.1640625
8332.844089200002,baseline_eyes_closed,-132294.25,-193043.203125,-111320.4453125,-13142.646484375,-375000.03125,-375000.03125,-143407.890625,-112089.1640625
8332.930020500004,baseline_eyes_closed,-132300.953125,-192874.171875,-111160.3203125,-12684.390625,-375000.03125,-375000.03125,-143347.59375,-111919.1171875
8333.028927400006,baseline_eyes_closed,-132121.46875,-192992.15625,-112099.359375,-13542.4296875,-375000.03125,-375000.03125,-143287.8125,-111956.125
8333.098986700008,baseline_eyes_closed,-132035.6875,-193143.609375,-112688.28125,-14313.0283203125,-375000.03125,-375000.03125,-143336.546875,-112117.28125
8333.1921492,baseline_eyes_closed,-132357.6875,-193029.53125,-111185.7109375,-12955.115234375,-375000.03125,-375000.03125,-143417.546875,-112056.625
8333.280306300003,baseline_eyes_closed,-132290.625,-192888.65625,-111312.4453125,-12779.8330078125,-375000.03125,-375000.03125,-143343.03125,-111937.796875
8333.368562000003,baseline_eyes_closed,-132109.75,-193038.953125,-112258.8125,-13712.4814453125,-375000.03125,-375000.03125,-143312.359375,-112009.3671875
8333.458769000006,baseline_eyes_closed,-132049.140625,-193198.765625,-112709.828125,-14391.6171875,-375000.03125,-375000.03125,-143371.5,-112156.9375
8333.551437200007,baseline_eyes_closed,-132181.109375,-193254.5625,-112270.8828125,-14144.18359375,-375000.03125,-375000.03125,-143437.4375,-112244.734375
8333.644988400001,baseline_eyes_closed,-132287.984375,-192953.171875,-111505.6484375,-12951.181640625,-375000.03125,-375000.03125,-143393.71875,-111980.7578125
8333.735717700003,baseline_eyes_closed,-132105.953125,-193113.5625,-112403.8359375,-13906.4951171875,-375000.03125,-375000.03125,-143374.546875,-112087.3359375
8333.814464700004,baseline_eyes_closed,-132075.15625,-193237.125,-112708.0859375,-14425.3232421875,-375000.03125,-375000.03125,-143396.359375,-112197.796875
8333.845696800006,baseline_eyes_closed,-132227.28125,-193241.6875,-112049.828125,-13941.3193359375,-375000.03125,-375000.03125,-143450.1875,-112236.9140625
8333.887951200008,baseline_eyes_closed,-132377.171875,-193014.734375,-111068.671875,-12791.1875,-375000.03125,-375000.03125,-143442.625,-112057.6484375
8333.954061600001,baseline_eyes_closed,-132295.1875,-192945.53125,-111460.4140625,-12893.603515625,-375000.03125,-375000.03125,-143381.921875,-111964.3125
8334.051708100002,baseline_eyes_closed,-132369.9375,-192931.53125,-111146.328125,-12666.3759765625,-375000.03125,-375000.03125,-143399.75,-111975.171875
8334.137580500003,baseline_eyes_closed,-132188.703125,-193023.578125,-112068.46875,-13472.37890625,-375000.03125,-375000.03125,-143353.359375,-112016.4765625
8334.200860600004,baseline_eyes_closed,-132083.34375,-193170.96875,-112661.234375,-14246.3759765625,-375000.03125,-375000.03125,-143361.9375,-112133.9140625
8334.267624100006,baseline_eyes_closed,-132180.65625,-193277.359375,-112484.8359375,-14314.1904296875,-375000.03125,-375000.03125,-143447.046875,-112256.0
8334.338143400008,baseline_eyes_closed,-132393.171875,-193144.015625,-111436.8046875,-13243.05078125,-375000.03125,-375000.03125,-143476.921875,-112177.3671875
8334.417738200002,baseline_eyes_closed,-132199.65625,-193088.984375,-112257.0703125,-13672.6513671875,-375000.03125,-375000.03125,-143376.515625,-112054.2109375
8334.512855100002,baseline_eyes_closed,-132128.71875,-193246.78125,-112742.8671875,-14370.6513671875,-375000.03125,-375000.03125,-143420.8125,-112205.125
8334.588735800004,baseline_eyes_closed,-132247.625,-193302.96875,-112345.40625,-14183.1650390625,-375000.03125,-375000.03125,-143473.65625,-112285.8203125
8334.662618800006,baseline_eyes_closed,-132413.390625,-193103.515625,-111282.890625,-13036.20703125,-375000.03125,-375000.03125,-143471.109375,-112131.8125
8334.758123200007,baseline_eyes_closed,-132373.953125,-192943.421875,-111284.546875,-12738.884765625,-375000.03125,-375000.03125,-143416.875,-111986.6171875
8334.836665100001,baseline_eyes_closed,-132132.375,-193256.34375,-112723.328125,-14392.6904296875,-375000.03125,-375000.03125,-143434.71875,-112234.5859375
8334.919642500003,baseline_eyes_closed,-132273.640625,-193280.984375,-112147.4609375,-14000.1044921875,-375000.03125,-375000.03125,-143475.21875,-112276.0703125
8335.006376900004,baseline_eyes_closed,-132447.0,-193072.03125,-111136.984375,-12851.3134765625,-375000.03125,-375000.03125,-143471.46875,-112112.0546875
8335.093562200005,baseline_eyes_closed,-132368.28125,-192976.859375,-111458.1796875,-12886.00390625,-375000.03125,-375000.03125,-143423.9375,-112011.6484375
8335.188139900007,baseline_eyes_closed,-132196.703125,-193142.984375,-112376.609375,-13818.1162109375,-375000.03125,-375000.03125,-143398.90625,-112107.453125
8335.275897000001,baseline_eyes_closed,-132354.515625,-193293.40625,-111969.984375,-13821.87109375,-375000.03125,-375000.03125,-143520.6875,-112294.4453125
8335.364621600002,baseline_eyes_closed,-132494.15625,-193081.15625,-111113.828125,-12753.7705078125,-375000.03125,-375000.03125,-143495.328125,-112105.8828125
8335.455136100005,baseline_eyes_closed,-132369.21875,-193042.890625,-111633.6796875,-13046.8017578125,-375000.03125,-375000.03125,-143444.859375,-112046.7890625
8335.546107400005,baseline_eyes_closed,-132193.84375,-193205.125,-112500.6640625,-13970.7783203125,-375000.03125,-375000.03125,-143420.765625,-112139.5
8335.633881200007,baseline_eyes_closed,-132177.078125,-193330.109375,-112719.796875,-14431.984375,-375000.03125,-375000.03125,-143469.984375,-112274.1953125
8335.7250678,baseline_eyes_closed,-132470.609375,-193030.15625,-111061.390625,-12660.2509765625,-375000.03125,-375000.03125,-143487.109375,-112074.90625
8335.809586000003,baseline_eyes_closed,-132306.5,-193051.875,-111792.6953125,-13171.435546875,-375000.03125,-375000.03125,-143426.765625,-112039.765625
8335.838608100004,baseline_eyes_closed,-132176.09375,-193232.25,-112588.234375,-14090.583984375,-375000.03125,-375000.03125,-143437.53125,-112180.8125
8335.890244900005,baseline_eyes_closed,-132192.140625,-193342.9375,-112655.15625,-14402.2119140625,-375000.03125,-375000.03125,-143479.0625,-112299.2265625
8335.939306000007,baseline_eyes_closed,-132377.578125,-193292.328125,-111765.734375,-13603.4501953125,-375000.03125,-375000.03125,-143555.375,-112301.7734375
8336.0364111,baseline_eyes_closed,-132309.359375,-193145.703125,-111990.28125,-13374.7021484375,-375000.03125,-375000.03125,-143466.671875,-112104.3203125
8336.079119400003,baseline_eyes_closed,-132176.046875,-193298.453125,-112660.921875,-14214.3681640625,-375000.03125,-375000.03125,-143474.328125,-112232.3984375
8336.164509500004,baseline_eyes_closed,-132232.875,-193404.265625,-112572.9453125,-14360.9501953125,-375000.03125,-375000.03125,-143519.34375,-112349.65625
8336.262647500005,baseline_eyes_closed,-132423.625,-193289.875,-111561.265625,-13383.8212890625,-375000.03125,-375000.03125,-143562.921875,-112296.59375
8336.340627600008,baseline_eyes_closed,-132498.234375,-193098.015625,-111119.5,-12664.005859375,-375000.03125,-375000.03125,-143531.0,-112110.7578125
8336.401290500002,baseline_eyes_closed,-132338.1875,-193185.890625,-111972.578125,-13358.072265625,-375000.03125,-375000.03125,-143495.59375,-112128.1015625
8336.478478900002,baseline_eyes_closed,-132205.46875,-193344.1875,-112662.21875,-14208.51171875,-375000.03125,-375000.03125,-143514.015625,-112275.3984375
8336.584756900005,baseline_eyes_closed,-132248.421875,-193441.015625,-112607.640625,-14388.80078125,-375000.03125,-375000.03125,-143548.21875,-112396.9921875
8336.656776500007,baseline_eyes_closed,-132456.296875,-193358.765625,-111630.28125,-13471.708984375,-375000.03125,-375000.03125,-143613.125,-112346.4375
8336.746075000001,baseline_eyes_closed,-132528.40625,-193144.28125,-111143.9140625,-12700.126953125,-375000.03125,-375000.03125,-143609.546875,-112194.1328125
8336.815207200003,baseline_eyes_closed,-132363.21875,-193197.65625,-111962.5625,-13349.4892578125,-375000.03125,-375000.03125,-143528.453125,-112156.53125
8336.903233200004,baseline_eyes_closed,-132212.0,-193359.96875,-112674.0703125,-14208.2431640625,-375000.03125,-375000.03125,-143551.65625,-112309.328125
8336.992185400006,baseline_eyes_closed,-132264.078125,-193477.546875,-112648.671875,-14415.3994140625,-375000.03125,-375000.03125,-143583.21875,-112439.421875
8337.090147400007,baseline_eyes_closed,-132485.984375,-193409.234375,-111708.203125,-13534.7412109375,-375000.03125,-375000.03125,-143647.453125,-112396.1484375
8337.1820169,baseline_eyes_closed,-132360.28125,-193275.578125,-112154.65625,-13543.546875,-375000.03125,-375000.03125,-143564.4375,-112205.3046875
8337.275193800002,baseline_eyes_closed,-132255.3125,-193455.953125,-112757.484375,-14327.646484375,-375000.03125,-375000.03125,-143594.796875,-112383.09375
8337.368651500004,baseline_eyes_closed,-132341.328125,-193550.1875,-112576.2109375,-14383.3916015625,-375000.03125,-375000.03125,-143661.71875,-112517.5625
8337.462638600005,baseline_eyes_closed,-132550.0,-193426.0,-111531.671875,-13340.50390625,-375000.03125,-375000.03125,-143669.765625,-112382.46875
8337.553632800007,baseline_eyes_closed,-132587.140625,-193266.40625,-111238.859375,-12752.6533203125,-375000.03125,-375000.03125,-143679.0625,-112250.5
8337.6488167,baseline_eyes_closed,-132284.859375,-193553.625,-112819.0859375,-14448.1220703125,-375000.03125,-375000.03125,-143644.46875,-112463.9609375
8337.740513100003,baseline_eyes_closed,-132404.625,-193626.71875,-112456.0,-14299.349609375,-375000.03125,-375000.03125,-143707.625,-112553.8125
8337.819638800003,baseline_eyes_closed,-132606.6875,-193479.78125,-111390.671875,-13176.0400390625,-375000.03125,-375000.03125,-143739.09375,-112429.453125
8337.845536400006,baseline_eyes_closed,-132578.421875,-193326.0,-111357.015625,-12833.3427734375,-375000.03125,-375000.03125,-143698.6875,-112285.59375
8337.886712900006,baseline_eyes_closed,-132368.953125,-193442.546875,-112292.03125,-13722.1376953125,-375000.03125,-375000.03125,-143625.828125,-112330.4296875
8337.916553800002,baseline_eyes_closed,-132285.265625,-193600.828125,-112808.984375,-14438.1533203125,-375000.03125,-375000.03125,-143654.34375,-112462.9765625
8337.996992100003,baseline_eyes_closed,-132384.546875,-193669.546875,-112486.359375,-14331.7587890625,-375000.03125,-375000.03125,-143722.203125,-112567.0
8338.096024600005,baseline_eyes_closed,-132592.640625,-193511.65625,-111435.0234375,-13212.3837890625,-375000.03125,-375000.03125,-143732.625,-112436.6875
8338.151038300006,baseline_eyes_closed,-132589.609375,-193356.625,-111344.71875,-12825.8330078125,-375000.03125,-375000.03125,-143695.609375,-112289.2109375
8338.2437537,baseline_eyes_closed,-132400.109375,-193469.984375,-112278.9296875,-13684.67578125,-375000.03125,-375000.03125,-143664.984375,-112334.6328125
8338.315456800003,baseline_eyes_closed,-132297.734375,-193612.28125,-112809.296875,-14412.6279296875,-375000.03125,-375000.03125,-143687.328125,-112473.484375
8338.419605600004,baseline_eyes_closed,-132368.546875,-193669.765625,-112514.1640625,-14322.9521484375,-375000.03125,-375000.03125,-143713.578125,-112571.25
8338.490095600006,baseline_eyes_closed,-132578.203125,-193519.203125,-111467.5625,-13236.568359375,-375000.03125,-375000.03125,-143757.296875,-112471.46875
8338.556716300007,baseline_eyes_closed,-132599.4375,-193344.1875,-111310.96875,-12780.32421875,-375000.03125,-375000.03125,-143715.140625,-112292.2109375
8338.627013500001,baseline_eyes_closed,-132332.296875,-193646.96875,-112837.6796875,-14447.228515625,-375000.03125,-375000.03125,-143700.4375,-112497.484375
8338.717819500001,baseline_eyes_closed,-132461.0,-193700.078125,-112403.1640625,-14212.6240234375,-375000.03125,-375000.03125,-143766.28125,-112593.5078125
8338.818314600005,baseline_eyes_closed,-132648.75,-193511.921875,-111355.0,-13076.4404296875,-375000.03125,-375000.03125,-143788.8125,-112461.859375
8338.885053300006,baseline_eyes_closed,-132619.78125,-193384.921875,-111451.1171875,-12861.4619140625,-375000.03125,-375000.03125,-143722.5625,-112293.5546875
8338.969236600007,baseline_eyes_closed,-132415.703125,-193499.453125,-112378.7109375,-13750.435546875,-375000.03125,-375000.03125,-143668.5625,-112345.2734375
8339.064214900001,baseline_eyes_closed,-132505.203125,-193679.953125,-112241.4296875,-14054.0615234375,-375000.03125,-375000.03125,-143786.125,-112596.234375
8339.152075800002,baseline_eyes_closed,-132671.40625,-193455.234375,-111270.1953125,-12920.783203125,-375000.03125,-375000.03125,-143782.234375,-112425.15625
8339.243152800003,baseline_eyes_closed,-132593.046875,-193362.75,-111605.6953125,-12973.6669921875,-375000.03125,-375000.03125,-143719.65625,-112301.2421875
8339.334294900005,baseline_eyes_closed,-132404.4375,-193502.53125,-112518.09375,-13907.7021484375,-375000.03125,-375000.03125,-143677.984375,-112381.84375
8339.427277200008,baseline_eyes_closed,-132366.890625,-193646.65625,-112882.34375,-14498.9501953125,-375000.03125,-375000.03125,-143723.953125,-112535.9765625
8339.521693600002,baseline_eyes_closed,-132698.328125,-193411.109375,-111233.9921875,-12821.8994140625,-375000.03125,-375000.03125,-143788.28125,-112393.0625
8339.612769700003,baseline_eyes_closed,-132577.671875,-193370.171875,-111776.1953125,-13125.2119140625,-375000.03125,-375000.03125,-143726.453125,-112311.1171875
8339.703764900005,baseline_eyes_closed,-132399.96875,-193527.390625,-112621.6328125,-14041.5888671875,-375000.03125,-375000.03125,-143701.90625,-112414.5625
8339.793012200005,baseline_eyes_closed,-132385.75,-193655.78125,-112850.109375,-14503.15234375,-375000.03125,-375000.03125,-143741.875,-112559.984375
8339.833242200008,baseline_eyes_closed,-132570.609375,-193659.625,-112148.9765625,-13948.1142578125,-375000.03125,-375000.03125,-143805.578125,-112580.234375
8339.842291400002,baseline_eyes_closed,-132713.078125,-193440.890625,-111245.96875,-12858.1533203125,-375000.03125,-375000.03125,-143806.6875,-112397.890625
8339.947407000003,baseline_eyes_closed,-132603.59375,-193407.8125,-111728.9453125,-13090.208984375,-375000.03125,-375000.03125,-143781.75,-112346.703125
8339.992459200004,baseline_eyes_closed,-132429.03125,-193558.59375,-112610.140625,-14016.15234375,-375000.03125,-375000.03125,-143741.921875,-112443.3984375
8340.070698100006,baseline_eyes_closed,-132430.546875,-193704.40625,-112893.3359375,-14528.0966796875,-375000.03125,-375000.03125,-143802.84375,-112605.890625
8340.163677,baseline_eyes_closed,-132599.703125,-193721.53125,-112238.25,-14035.017578125,-375000.03125,-375000.03125,-143858.328125,-112618.859375
8340.246605300003,baseline_eyes_closed,-132757.46875,-193500.703125,-111296.0390625,-12912.0654296875,-375000.03125,-375000.03125,-143880.953125,-112463.5546875
8340.321153700004,baseline_eyes_closed,-132664.53125,-193432.609375,-111697.96875,-13045.6396484375,-375000.03125,-375000.03125,-143815.546875,-112386.21875
8340.382891700006,baseline_eyes_closed,-132487.90625,-193592.46875,-112602.8984375,-13990.626953125,-375000.03125,-375000.03125,-143789.265625,-112483.8515625
8340.458126200007,baseline_eyes_closed,-132457.859375,-193736.203125,-112914.6640625,-14544.1904296875,-375000.03125,-375000.03125,-143838.5625,-112625.609375
8340.553995800006,baseline_eyes_closed,-132451.25,-193686.484375,-112877.375,-14392.779296875,-375000.03125,-375000.03125,-143813.21875,-112557.5703125
8340.6612556,baseline_eyes_closed,-132532.390625,-193782.953125,-112695.5703125,-14441.640625,-375000.03125,-375000.03125,-143873.796875,-112678.671875
8340.696127900002,baseline_eyes_closed,-132746.640625,-193658.953125,-111657.5546875,-13403.9833984375,-375000.03125,-375000.03125,-143919.96875,-112603.5234375
8340.779658500003,baseline_eyes_closed,-132782.546875,-193474.5,-111357.640625,-12817.0712890625,-375000.03125,-375000.03125,-143873.296875,-112438.8359375
8340.856282200006,baseline_eyes_closed,-132606.5,-193567.9375,-112249.828125,-13585.92578125,-375000.03125,-375000.03125,-143825.921875,-112455.828125
8340.939278600008,baseline_eyes_closed,-132483.078125,-193726.09375,-112873.578125,-14383.5703125,-375000.03125,-375000.03125,-143854.75,-112615.0546875
8341.0288094,baseline_eyes_closed,-132793.09375,-193659.703125,-111532.5625,-13257.400390625,-375000.03125,-375000.03125,-143949.03125,-112603.65625
8341.096419700003,baseline_eyes_closed,-132791.125,-193518.984375,-111468.640625,-12883.947265625,-375000.03125,-375000.03125,-143907.359375,-112462.171875
8341.185208700004,baseline_eyes_closed,-132584.46875,-193608.484375,-112381.6171875,-13715.521484375,-375000.03125,-375000.03125,-143846.609375,-112483.2265625
8341.273510200006,baseline_eyes_closed,-132512.453125,-193783.578125,-112918.953125,-14449.91015625,-375000.03125,-375000.03125,-143885.953125,-112644.25
8341.361868700007,baseline_eyes_closed,-132610.390625,-193857.515625,-112641.2109375,-14396.35546875,-375000.03125,-375000.03125,-143938.84375,-112736.0234375
8341.4542669,baseline_eyes_closed,-132789.34375,-193532.390625,-111600.203125,-12981.3115234375,-375000.03125,-375000.03125,-143919.703125,-112458.0625
8341.544667000002,baseline_eyes_closed,-132599.078125,-193681.296875,-112531.4609375,-13875.3369140625,-375000.03125,-375000.03125,-143891.671875,-112553.7265625
8341.635805700003,baseline_eyes_closed,-132530.5,-193813.71875,-112948.7265625,-14506.5947265625,-375000.03125,-375000.03125,-143882.953125,-112667.71875
8341.726011600005,baseline_eyes_closed,-132653.703125,-193862.578125,-112503.390625,-14274.1806640625,-375000.03125,-375000.03125,-143967.453125,-112765.0859375
8341.816042700008,baseline_eyes_closed,-132825.640625,-193666.546875,-111455.1796875,-13131.91796875,-375000.03125,-375000.03125,-143983.890625,-112606.296875
8341.870137800002,baseline_eyes_closed,-132758.984375,-193500.15625,-111517.71875,-12869.6865234375,-375000.03125,-375000.03125,-143899.5,-112435.796875
8341.909437900003,baseline_eyes_closed,-132569.578125,-193641.5625,-112442.953125,-13783.068359375,-375000.03125,-375000.03125,-143849.609375,-112508.578125
8341.965047800004,baseline_eyes_closed,-132490.9375,-193787.46875,-112909.96875,-14443.16015625,-375000.03125,-375000.03125,-143877.640625,-112651.0
8342.036679200006,baseline_eyes_closed,-132613.078125,-193843.796875,-112541.921875,-14300.7353515625,-375000.03125,-375000.03125,-143950.015625,-112735.3984375
8342.118651100001,baseline_eyes_closed,-132813.484375,-193671.421875,-111476.90625,-13160.7509765625,-375000.03125,-375000.03125,-143966.546875,-112601.3359375
8342.214149800002,baseline_eyes_closed,-132792.25,-193526.8125,-111462.828125,-12844.6083984375,-375000.03125,-375000.03125,-143898.46875,-112454.703125
8342.284716800004,baseline_eyes_closed,-132596.3125,-193642.625,-112387.875,-13704.0771484375,-375000.03125,-375000.03125,-143838.796875,-112491.140625
8342.355301300006,baseline_eyes_closed,-132519.421875,-193791.890625,-112901.203125,-14404.5361328125,-375000.03125,-375000.03125,-143899.234375,-112647.6015625
8342.463158000008,baseline_eyes_closed,-132625.59375,-193879.875,-112606.7890625,-14334.5751953125,-375000.03125,-375000.03125,-143973.21875,-112750.1953125
8342.525087400001,baseline_eyes_closed,-132804.40625,-193704.71875,-111531.0859375,-13223.1123046875,-375000.03125,-375000.03125,-143968.15625,-112621.2265625
8342.604394800002,baseline_eyes_closed,-132811.0625,-193536.640625,-111430.90625,-12809.158203125,-375000.03125,-375000.03125,-143944.875,-112472.5
8342.684959300004,baseline_eyes_closed,-132643.5625,-193656.453125,-112351.0859375,-13630.361328125,-375000.03125,-375000.03125,-143896.0625,-112514.1640625
8342.766589300007,baseline_eyes_closed,-132555.046875,-193813.484375,-112904.0234375,-14374.09375,-375000.03125,-375000.03125,-143938.65625,-112660.7890625
8342.848526000002,baseline_eyes_closed,-132810.125,-193806.875,-111818.21875,-13550.1630859375,-375000.03125,-375000.03125,-144013.09375,-112701.828125
8342.904644200002,baseline_eyes_closed,-132865.96875,-193593.09375,-111342.5703125,-12772.6357421875,-375000.03125,-375000.03125,-143980.1875,-112508.171875
8342.988236700005,baseline_eyes_closed,-132647.578125,-193632.890625,-112187.15625,-13422.6240234375,-375000.03125,-375000.03125,-143890.0625,-112465.125
8343.071736400005,baseline_eyes_closed,-132452.453125,-193786.625,-112942.9140625,-14299.1259765625,-375000.03125,-375000.03125,-143843.390625,-112538.9296875
8343.155600300008,baseline_eyes_closed,-132531.625,-193882.6875,-112849.75,-14480.1748046875,-375000.03125,-375000.03125,-143918.765625,-112696.015625
8343.241650700002,baseline_eyes_closed,-132818.078125,-193543.125,-111350.0390625,-12728.46875,-375000.03125,-375000.03125,-143960.390625,-112459.0859375
8343.329259900001,baseline_eyes_closed,-132629.75,-193616.03125,-112242.9921875,-13489.4111328125,-375000.03125,-375000.03125,-143880.59375,-112459.578125
8343.418160300003,baseline_eyes_closed,-132501.8125,-193786.4375,-112869.46875,-14307.0830078125,-375000.03125,-375000.03125,-143902.84375,-112609.3359375
8343.507396600005,baseline_eyes_closed,-132626.625,-193932.578125,-112772.1015625,-14455.140625,-375000.03125,-375000.03125,-143990.296875,-112776.171875
8343.599063000007,baseline_eyes_closed,-132810.96875,-193825.875,-111770.875,-13478.1904296875,-375000.03125,-375000.03125,-144034.1875,-112687.03125
8343.6966811,baseline_eyes_closed,-132559.5625,-193647.109375,-112386.4453125,-13587.625,-375000.03125,-375000.03125,-143843.53125,-112441.3828125
8343.799367200003,baseline_eyes_closed,-132519.515625,-193833.0625,-112899.59375,-14354.3349609375,-375000.03125,-375000.03125,-143904.140625,-112619.3046875
8343.878547400003,baseline_eyes_closed,-132658.53125,-193899.765625,-112608.9765625,-14321.25390625,-375000.03125,-375000.03125,-143998.921875,-112732.2265625
8343.894777900006,baseline_eyes_closed,-132869.09375,-193744.734375,-111507.53125,-13155.833984375,-375000.03125,-375000.03125,-144009.421875,-112602.765625
8343.936730700007,baseline_eyes_closed,-132889.203125,-193552.28125,-111257.859375,-12615.1455078125,-375000.03125,-375000.03125,-143961.71875,-112464.5390625
8344.002780300001,baseline_eyes_closed,-132508.515625,-193486.9375,-112280.2265625,-13432.2353515625,-375000.03125,-375000.03125,-143741.03125,-112291.359375
8344.090743400004,baseline_eyes_closed,-132558.171875,-193737.765625,-112762.046875,-14212.3115234375,-375000.03125,-375000.03125,-143914.5625,-112598.96875
8344.156056400005,baseline_eyes_closed,-132680.4375,-193889.53125,-112595.96875,-14358.6259765625,-375000.03125,-375000.03125,-144057.75,-112831.9140625
8344.251481500007,baseline_eyes_closed,-132689.828125,-193613.078125,-111642.625,-13240.501953125,-375000.03125,-375000.03125,-143903.203125,-112518.2734375
8344.3573295,baseline_eyes_closed,-132567.390625,-193449.828125,-112035.296875,-13176.7109375,-375000.03125,-375000.03125,-143787.65625,-112300.3046875
8344.396056900003,baseline_eyes_closed,-132417.765625,-193607.71875,-112770.09375,-14068.947265625,-375000.03125,-375000.03125,-143785.6875,-112433.7421875
8344.465167600005,baseline_eyes_closed,-132455.359375,-193740.625,-112797.40625,-14365.0185546875,-375000.03125,-375000.03125,-143846.65625,-112567.046875
8344.530246200005,baseline_eyes_closed,-132639.71875,-193662.4375,-111866.71875,-13527.0068359375,-375000.03125,-375000.03125,-143904.328125,-112534.5
8344.627040400008,baseline_eyes_closed,-132732.4375,-193513.03125,-111275.875,-12643.666015625,-375000.03125,-375000.03125,-143869.5,-112317.421875
8344.706195,baseline_eyes_closed,-132363.40625,-193813.890625,-112960.3046875,-14220.134765625,-375000.03125,-375000.03125,-143732.65625,-112369.1015625
8344.754231900002,baseline_eyes_closed,-132524.875,-194053.5,-112849.078125,-14435.248046875,-375000.03125,-375000.03125,-143885.140625,-112667.671875
8344.838431200003,baseline_eyes_closed,-132719.609375,-193951.625,-111868.0625,-13540.5517578125,-375000.03125,-375000.03125,-143990.25,-112686.3125
8344.929546600006,baseline_eyes_closed,-132693.234375,-193686.84375,-111456.5703125,-12789.98046875,-375000.03125,-375000.03125,-143913.4375,-112471.5625
8345.024147300008,baseline_eyes_closed,-132496.9375,-193714.609375,-112246.1171875,-13394.595703125,-375000.03125,-375000.03125,-143824.125,-112460.828125
8345.1084238,baseline_eyes_closed,-132500.203125,-193992.96875,-112723.2890625,-14348.5673828125,-375000.03125,-375000.03125,-143900.75,-112730.484375
8345.198619500003,baseline_eyes_closed,-132726.078125,-193817.109375,-111610.6171875,-13232.0087890625,-375000.03125,-375000.03125,-143970.0,-112652.203125
8345.290871300003,baseline_eyes_closed,-132787.953125,-193621.125,-111320.21875,-12664.453125,-375000.03125,-375000.03125,-143965.125,-112526.453125
8345.385892900005,baseline_eyes_closed,-132653.890625,-193762.296875,-112226.8046875,-13492.943359375,-375000.03125,-375000.03125,-143966.546875,-112622.1640625
8345.477248500007,baseline_eyes_closed,-132582.765625,-193954.53125,-112881.359375,-14315.4873046875,-375000.03125,-375000.03125,-144009.609375,-112790.25
8345.572996500001,baseline_eyes_closed,-132881.703125,-193883.9375,-111507.9296875,-13145.10546875,-375000.03125,-375000.03125,-144091.0,-112761.6875
8345.664280700003,baseline_eyes_closed,-132895.109375,-193761.59375,-111475.25,-12835.130859375,-375000.03125,-375000.03125,-144097.484375,-112683.234375
8345.767210100004,baseline_eyes_closed,-132687.375,-193876.96875,-112413.8046875,-13697.86328125,-375000.03125,-375000.03125,-144016.984375,-112706.65625
8345.863166700006,baseline_eyes_closed,-132563.140625,-194016.3125,-112970.8515625,-14410.75,-375000.03125,-375000.03125,-144007.140625,-112804.9140625
8345.904421900008,baseline_eyes_closed,-132653.984375,-194064.28125,-112620.2421875,-14274.5830078125,-375000.03125,-375000.03125,-144022.4375,-112832.046875
8345.925467500001,baseline_eyes_closed,-132864.984375,-193893.15625,-111532.1171875,-13166.0712890625,-375000.03125,-375000.03125,-144072.8125,-112738.9296875
8345.966983300003,baseline_eyes_closed,-132885.671875,-193733.828125,-111382.8046875,-12732.5810546875,-375000.03125,-375000.03125,-144037.59375,-112600.75
8346.034961100006,baseline_eyes_closed,-132696.359375,-193842.015625,-112299.453125,-13541.625,-375000.03125,-375000.03125,-143990.921875,-112636.2890625
8346.120471600007,baseline_eyes_closed,-132628.3125,-194016.21875,-112886.765625,-14306.45703125,-375000.03125,-375000.03125,-144041.296875,-112779.65625
8346.1998507,baseline_eyes_closed,-132712.3125,-194105.53125,-112656.546875,-14310.435546875,-375000.03125,-375000.03125,-144081.0,-112891.953125
8346.287765800002,baseline_eyes_closed,-132910.578125,-193956.09375,-111604.0859375,-13253.376953125,-375000.03125,-375000.03125,-144117.734375,-112810.3671875
8346.349475900004,baseline_eyes_closed,-132943.125,-193763.78125,-111343.109375,-12704.10546875,-375000.03125,-375000.03125,-144077.78125,-112655.421875
8346.436182700005,baseline_eyes_closed,-132793.984375,-193877.015625,-112263.6015625,-13507.248046875,-375000.03125,-375000.03125,-144055.5625,-112678.09375
8346.51488,baseline_eyes_closed,-132686.25,-193966.953125,-112686.71875,-14010.162109375,-375000.03125,-375000.03125,-144057.03125,-112769.1953125
8346.559266700002,baseline_eyes_closed,-132701.140625,-194118.765625,-112915.734375,-14460.5498046875,-375000.03125,-375000.03125,-144102.984375,-112913.9453125
8346.637081500005,baseline_eyes_closed,-132859.96875,-194084.125,-112164.625,-13854.59375,-375000.03125,-375000.03125,-144134.375,-112894.453125
8346.721390300007,baseline_eyes_closed,-133002.125,-193851.046875,-111287.859375,-12780.6826171875,-375000.03125,-375000.03125,-144139.875,-112732.625
8346.790865700008,baseline_eyes_closed,-132899.484375,-193812.78125,-111806.5078125,-13043.13671875,-375000.03125,-375000.03125,-144100.390625,-112692.53125
8346.863300100002,baseline_eyes_closed,-132862.78125,-194093.640625,-112210.0859375,-13896.0341796875,-375000.03125,-375000.03125,-144137.3125,-112914.171875
8346.949646300003,baseline_eyes_closed,-133012.1875,-193862.265625,-111303.234375,-12800.486328125,-375000.03125,-375000.03125,-144158.0625,-112758.421875
8347.027453600003,baseline_eyes_closed,-132912.140625,-193814.921875,-111779.015625,-13024.9873046875,-375000.03125,-375000.03125,-144117.34375,-112673.6640625
8347.113644200006,baseline_eyes_closed,-132725.859375,-193961.0625,-112639.421875,-13899.1630859375,-375000.03125,-375000.03125,-144072.046875,-112762.3984375
8347.198819400008,baseline_eyes_closed,-132705.609375,-194100.9375,-112931.109375,-14427.3349609375,-375000.03125,-375000.03125,-144102.3125,-112921.9921875
8347.285956400001,baseline_eyes_closed,-133025.421875,-193829.71875,-111297.6484375,-12740.5390625,-375000.03125,-375000.03125,-144140.40625,-112734.328125
8347.374242400003,baseline_eyes_closed,-132911.328125,-193845.359375,-111952.5546875,-13169.333984375,-375000.03125,-375000.03125,-144110.0,-112696.9140625
8347.463964100005,baseline_eyes_closed,-132752.0625,-194015.234375,-112781.3984375,-14079.9892578125,-375000.03125,-375000.03125,-144116.71875,-112832.453125
8347.553495400005,baseline_eyes_closed,-132761.484375,-194146.390625,-112956.7734375,-14483.7509765625,-375000.03125,-375000.03125,-144181.21875,-112997.09375
8347.642811000007,baseline_eyes_closed,-132944.453125,-194126.328125,-112191.40625,-13854.236328125,-375000.03125,-375000.03125,-144229.59375,-112993.875
8347.7410877,baseline_eyes_closed,-132922.421875,-193906.5625,-112126.4921875,-13326.3779296875,-375000.03125,-375000.03125,-144140.890625,-112760.34375
8347.835375700002,baseline_eyes_closed,-132782.59375,-194078.21875,-112884.0859375,-14201.224609375,-375000.03125,-375000.03125,-144168.171875,-112898.390625
8347.877084100004,baseline_eyes_closed,-132812.09375,-194193.734375,-112944.4296875,-14498.369140625,-375000.03125,-375000.03125,-144227.265625,-113048.0078125
8347.911921400006,baseline_eyes_closed,-133005.296875,-194133.203125,-112043.078125,-13703.2724609375,-375000.03125,-375000.03125,-144278.765625,-113019.5390625
8347.953561000008,baseline_eyes_closed,-133123.0,-193920.6875,-111389.0625,-12802.900390625,-375000.03125,-375000.03125,-144264.375,-112826.28125
8348.0386727,baseline_eyes_closed,-132816.03125,-194150.6875,-112972.8203125,-14327.0654296875,-375000.03125,-375000.03125,-144226.140625,-112973.1796875
8348.099107800002,baseline_eyes_closed,-132886.875,-194267.40625,-112904.0625,-14488.6689453125,-375000.03125,-375000.03125,-144272.953125,-113089.9453125
8348.1935629,baseline_eyes_closed,-133031.59375,-194194.9375,-112149.0234375,-13811.09765625,-375000.03125,-375000.03125,-144311.796875,-113047.8359375
8348.251438900003,baseline_eyes_closed,-133140.9375,-193957.125,-111394.1171875,-12825.0732421875,-375000.03125,-375000.03125,-144305.578125,-112874.609375
8348.356969300004,baseline_eyes_closed,-132988.21875,-193956.453125,-112042.140625,-13249.80078125,-375000.03125,-375000.03125,-144222.390625,-112838.265625
8348.417591000005,baseline_eyes_closed,-132837.84375,-194125.4375,-112855.4765625,-14169.1728515625,-375000.03125,-375000.03125,-144219.4375,-112960.8359375
8348.484277600008,baseline_eyes_closed,-132848.21875,-194265.0,-113017.390625,-14565.916015625,-375000.03125,-375000.03125,-144281.484375,-113102.1484375
8348.574791000001,baseline_eyes_closed,-133114.109375,-193930.828125,-111393.3125,-12787.701171875,-375000.03125,-375000.03125,-144289.21875,-112854.3984375
8348.578791000002,baseline_eyes_closed,-133004.28125,-194210.546875,-112198.109375,-13880.34375,-375000.03125,-375000.03125,-144315.6875,-113067.7265625
8348.745156700003,baseline_eyes_closed,-133122.96875,-193965.03125,-111374.9375,-12836.5615234375,-375000.03125,-375000.03125,-144306.171875,-112907.328125
8348.9045827,baseline_eyes_closed,-132843.15625,-194139.328125,-112834.5546875,-14123.6201171875,-375000.03125,-375000.03125,-144230.171875,-112965.578125
8349.0616862,baseline_eyes_closed,-133117.234375,-193947.109375,-111468.234375,-12805.0009765625,-375000.03125,-375000.03125,-144301.609375,-112857.3984375
8349.221768700001,baseline_eyes_closed,-132990.453125,-194295.171875,-112507.90625,-14177.353515625,-375000.03125,-375000.03125,-144336.03125,-113144.75
8349.379939400002,baseline_eyes_closed,-132872.484375,-194218.71875,-112954.1328125,-14275.0751953125,-375000.03125,-375000.03125,-144277.5625,-113022.796875
8349.5373908,baseline_eyes_closed,-133116.078125,-193972.5,-111585.1796875,-12876.302734375,-375000.03125,-375000.03125,-144310.953125,-112878.5390625
8349.695995900001,baseline_eyes_closed,-133033.90625,-194287.078125,-112313.4921875,-13984.0107421875,-375000.03125,-375000.03125,-144349.609375,-113145.5078125
8349.851668500001,baseline_eyes_closed,-132861.3125,-194240.40625,-113004.5625,-14358.9384765625,-375000.03125,-375000.03125,-144286.265625,-113063.03125
8349.994086,baseline_eyes_closed,-133098.421875,-193985.640625,-111726.53125,-12968.1240234375,-375000.03125,-375000.03125,-144314.078125,-112882.296875
8350.150198700001,baseline_eyes_closed,-133105.890625,-194306.796875,-112142.0078125,-13798.71484375,-375000.03125,-375000.03125,-144379.171875,-113134.421875
8350.305775800001,baseline_eyes_closed,-132901.359375,-194332.1875,-113074.875,-14491.484375,-375000.03125,-375000.03125,-144309.34375,-113095.7578125
8350.4635347,baseline_eyes_closed,-133114.640625,-194063.34375,-111913.8359375,-13139.3388671875,-375000.03125,-375000.03125,-144310.5,-112899.015625
8350.618270800001,baseline_eyes_closed,-133154.078125,-194289.625,-111964.3984375,-13608.2333984375,-375000.03125,-375000.03125,-144405.234375,-113127.5859375
8350.7766498,baseline_eyes_closed,-132936.59375,-194371.828125,-113112.4765625,-14563.8154296875,-375000.03125,-375000.03125,-144359.265625,-113154.453125
8350.944908700001,baseline_eyes_closed,-133098.953125,-194094.40625,-112084.6484375,-13276.890625,-375000.03125,-375000.03125,-144329.71875,-112932.6328125
8351.104085500001,baseline_eyes_closed,-133201.734375,-194258.921875,-111778.34375,-13401.0322265625,-375000.03125,-375000.03125,-144411.484375,-113111.984375
8351.2583436,baseline_eyes_closed,-132948.96875,-194407.234375,-113118.2421875,-14614.9560546875,-375000.03125,-375000.03125,-144380.0625,-113198.21875
8351.4234978,baseline_eyes_closed,-133084.515625,-194172.328125,-112275.0,-13478.81640625,-375000.03125,-375000.03125,-144356.453125,-112977.78125
8351.569023200002,baseline_eyes_closed,-133236.203125,-194243.765625,-111642.9375,-13225.392578125,-375000.03125,-375000.03125,-144419.84375,-113097.40625
8351.7246727,baseline_eyes_closed,-132963.453125,-194436.65625,-113086.9453125,-14627.0703125,-375000.03125,-375000.03125,-144391.421875,-113216.71875
8351.8842172,baseline_eyes_closed,-133056.21875,-194200.4375,-112437.5859375,-13650.6572265625,-375000.03125,-375000.03125,-144342.828125,-112990.65625
8352.0262672,baseline_eyes_closed,-133254.34375,-194202.90625,-111528.09375,-13066.8291015625,-375000.03125,-375000.03125,-144421.40625,-113063.9296875
8352.1833231,baseline_eyes_closed,-132994.078125,-194455.203125,-113018.7734375,-14578.298828125,-375000.03125,-375000.03125,-144404.734375,-113249.4453125
8352.3396615,baseline_eyes_closed,-133046.96875,-194234.5,-112585.421875,-13802.5595703125,-375000.03125,-375000.03125,-144343.625,-113014.5703125
8352.4981733,baseline_eyes_closed,-133270.4375,-194159.359375,-111475.1640625,-12954.5341796875,-375000.03125,-375000.03125,-144412.921875,-113033.0390625
8352.654790600001,baseline_eyes_closed,-133025.46875,-194456.375,-112932.9453125,-14529.2587890625,-375000.03125,-375000.03125,-144421.140625,-113271.7109375
8352.8108448,baseline_eyes_closed,-133037.578125,-194286.859375,-112737.0078125,-13981.5078125,-375000.03125,-375000.03125,-144356.546875,-113055.7890625
8352.977123800001,baseline_eyes_closed,-133279.375,-194135.21875,-111465.28125,-12897.0458984375,-375000.03125,-375000.03125,-144421.359375,-113019.046875
8353.136600000002,baseline_eyes_closed,-133084.609375,-194473.40625,-112829.6328125,-14456.83984375,-375000.03125,-375000.03125,-144444.296875,-113280.78125
8353.293685800001,baseline_eyes_closed,-133026.265625,-194312.015625,-112855.5625,-14129.1181640625,-375000.03125,-375000.03125,-144380.734375,-113098.3515625
8353.450515,baseline_eyes_closed,-133299.984375,-194140.40625,-111522.546875,-12887.478515625,-375000.03125,-375000.03125,-144421.09375,-113013.0546875
8353.616373800001,baseline_eyes_closed,-133116.296875,-194468.578125,-112691.6328125,-14348.076171875,-375000.03125,-375000.03125,-144435.453125,-113261.6484375
8353.9336901,baseline_eyes_closed,-133276.34375,-194241.53125,-111637.84375,-13197.453125,-375000.03125,-375000.03125,-144445.734375,-113097.765625
8354.180788700001,baseline_eyes_closed,-132999.09375,-194438.84375,-113081.71875,-14617.7724609375,-375000.03125,-375000.03125,-144404.734375,-113240.59375
8354.3656477,baseline_eyes_closed,-133083.578125,-194219.046875,-112482.0625,-13700.322265625,-375000.03125,-375000.03125,-144361.46875,-113034.9140625
8354.712785000002,baseline_eyes_closed,-132981.34375,-194372.375,-113077.2890625,-14441.3271484375,-375000.03125,-375000.03125,-144389.140625,-113155.1640625
8354.9761149,baseline_eyes_closed,-133218.046875,-194375.6875,-112089.390625,-13740.689453125,-375000.03125,-375000.03125,-144466.6875,-113229.1953125
8355.2521895,baseline_eyes_closed,-133189.34375,-194164.640625,-112027.921875,-13251.9462890625,-375000.03125,-375000.03125,-144382.96875,-113001.5625
8355.501677900002,baseline_eyes_closed,-133042.625,-194362.359375,-112878.6328125,-14157.013671875,-375000.03125,-375000.03125,-144390.296875,-113133.75
