timestamp,phase,label,channel_0,channel_1,channel_2,channel_3,channel_4,channel_5,channel_6,channel_7
10005.638292700003,setup,setup,-257.3370167770072,-582.2841056542584,-43.67783361441889,-146.12516316154233,-3.442603338044137e-05,-3.442603338044137e-05,-45.63765316282843,-52.46560927496648
10006.042184500004,setup,setup,-144.5546679863687,-76.92192256455655,-127.83693840871456,-253.64707693979926,-3.261942674726015e-05,-3.261942674726015e-05,-132.65736075691711,-113.83323774480141
10006.397204300005,setup,setup,840.9695181558996,2037.495259015339,305.58377174998986,376.2256934919087,-3.109502449660795e-05,-3.109502449660795e-05,108.82673755765973,-167.1237718577604
10006.791424400004,setup,setup,-183.76085022304096,-652.925285764697,62.64000079602556,-35.834078575230706,-3.293225472589256e-05,-3.293225472589256e-05,87.14155415956884,86.82472739676086
10007.184920300004,setup,setup,-232.2007883804531,674.8924219382761,-167.54301776343618,-50.14397539091988,-3.669642137538176e-05,-3.669642137538176e-05,-121.82275062571625,-3.196351495264935
10007.566875800007,setup,setup,-41.957604463808366,-1735.2303482875705,-91.05241425826534,-174.77329071696477,-3.4528655305621214e-05,-3.4528655305621214e-05,-87.4007901717714,-213.09299546728744
10007.955746300006,setup,setup,53.49556578418378,1168.0028989045204,38.78750968479562,-131.95407334650827,-3.222926716262009e-05,-3.222926716262009e-05,58.28834191789156,76.666278160621
10008.369404100005,setup,setup,48.26375291402337,-311.92801557445637,64.1942732977268,100.793664254752,-3.5989605748909526e-05,-3.5989605748909526e-05,51.582341449592604,63.7940269867604
10008.749479800006,setup,setup,-117.03572150963737,-172.96394076022443,-151.4294969755665,-91.15322553802434,-3.554182512743864e-05,-3.554182512743864e-05,-161.59776456444706,-178.06297800222
10009.158424000007,setup,setup,-2.7748008250978273,80.10676899440841,20.44792049746229,18.611010200202145,-3.171626212861156e-05,-3.171626212861156e-05,33.1853787067721,31.268647312575922
10009.542578900007,setup,setup,166.1487433583461,93.56483224495878,145.7039411982796,158.4661300821581,-3.176081827405142e-05,-3.176081827405142e-05,111.35944274067697,99.44314047123407
10009.921430300004,setup,setup,-216.61819641381726,-211.0020190648811,-220.92278946000533,-192.8283381102283,-3.55592974301544e-05,-3.55592974301544e-05,-195.17674540464031,-169.95433023500482
10010.312554700004,setup,setup,-44.8757250446256,-66.93831537720598,-49.70429476557456,-40.50171388820945,-3.558552634785883e-05,-3.558552634785883e-05,-71.34742864402506,-62.31034030738283
10010.702460200004,setup,setup,-58.993913791256546,-70.48082744634121,-81.69165401184364,-26.91793606403371,-3.410051795071922e-05,-3.410051795071922e-05,-65.6439837734606,-73.09385951719287
10011.095583300004,setup,setup,507.3150599723158,490.6917415329908,513.2612841161044,493.37638131226595,-3.431802906561643e-05,-3.431802906561643e-05,494.88917311643945,499.56570484047916
10011.478296500003,setup,setup,-145.6917181798517,-137.96094134760642,-162.73075831416554,-88.20009388231392,-3.557660056685563e-05,-3.557660056685563e-05,-128.38344553476782,-137.38377866872906
10011.834572600003,setup,setup,423.9469682881413,423.5925838671101,437.7116984082786,366.59336970091135,-3.517564255162142e-05,-3.517564255162142e-05,430.3138940745048,422.7636377368899
10012.253325300002,setup,setup,-147.94822339758684,-156.77490367733026,-152.0244308708152,-203.29821544046536,-3.615168316173367e-05,-3.615168316173367e-05,-159.6181215578108,-182.61912388747623
10012.618408200007,setup,setup,-6.1102475822058295,-36.73007766609862,32.10294828602582,59.325221502916065,-3.567535077309003e-05,-3.567535077309003e-05,90.9493852498781,110.25779726560995
10012.980455400002,setup,setup,-110.90054891547015,-101.78332928917371,-92.47839214127816,-89.78506673934135,-3.2337747143174056e-05,-3.2337747143174056e-05,-86.17424763944473,-90.51476101182925
10013.352384800006,setup,setup,153.83962097426365,162.25790130867063,165.16483091190548,147.21577627956776,-3.330230902065523e-05,-3.330230902065523e-05,158.89936601120462,164.2358253223365
10013.769322700005,setup,setup,11.726815656523286,9.275387481925463,5.862401586776286,39.84283793150371,-3.460735570115503e-05,-3.460735570115503e-05,2.0956135005762917,-12.129519423221609
10014.155458200006,setup,setup,-35.35409680350631,-27.763811830262966,-29.786993168518165,-36.104347470012726,-3.206865130778169e-05,-3.206865130778169e-05,-20.29838873544486,-17.68248843236961
10014.552683400001,setup,setup,-299.37209925495654,-235.25401002438866,-199.65625010819622,-202.40530933523223,-3.4818217500287574e-05,-3.4818217500287574e-05,-181.2007097420601,-176.34339049907885
10014.912258100001,setup,setup,-137.29150569035846,-80.5765336381819,-15.492735382065803,45.06410735270856,-3.4592579140735324e-05,-3.4592579140735324e-05,42.74813008572437,55.57032951274232
10015.3052422,setup,setup,32.27071971396981,37.0107838639542,47.47038107764183,4.102271802922587,-3.682372607727302e-05,-3.682372607727302e-05,38.88556217903988,20.121186324075097
10015.6954784,setup,setup,111.98454879050178,116.50008396095564,115.75220798725877,143.23201901599623,-3.55858182956581e-05,-3.55858182956581e-05,118.64903621553731,131.00024619006035
10016.056709900005,setup,setup,-180.03810676108378,-159.48480959066,-155.01709768994624,-113.30424160544862,-3.3818257179518696e-05,-3.3818257179518696e-05,-161.02715451257063,-151.12490791753316
10016.445610000006,setup,setup,-163.3941228182657,-175.12550593478863,-171.44643637075478,-258.1847448069393,-3.927013949578395e-05,-3.927013949578395e-05,-129.8590972343236,-121.10154966947357
10016.848187300006,setup,setup,-582.4960314437758,-596.8429361786611,-594.7047391801561,-527.7212136412054,-3.6159897717880085e-05,-3.6159897717880085e-05,-609.8329001079346,-609.6745069304943
10017.238245300006,setup,setup,619.893863246532,611.3887312012112,598.444059707087,544.6569763564039,-3.557829131750623e-05,-3.557829131750623e-05,610.4873074383459,612.6852972032611
10017.638902400004,setup,setup,-607.2693024142732,-623.5149025842338,-646.5084101811835,-755.0647582446318,-3.666135671664961e-05,-3.666135671664961e-05,-617.5291734821922,-602.6010632129219
10018.053231000005,setup,setup,263.61486060694324,284.7440479701536,244.31029291266077,221.84833941929992,-3.3379896194674075e-05,-3.3379896194674075e-05,260.5007153944998,244.25890396745308
10018.4416132,setup,setup,116.77628458488789,86.34091931899547,112.43462888314025,98.97322568890559,-3.5854765883414075e-05,-3.5854765883414075e-05,92.53861440777018,86.95538193990069
10018.824218000005,setup,setup,-243.3196600032329,-241.22110322083154,-258.0449001977695,-222.24928638990605,-3.4656580282899085e-05,-3.4656580282899085e-05,-259.69573099458285,-266.1123719477864
10019.204456000007,setup,setup,-754.1036890452606,-741.2754123049272,-766.1456510386834,-735.7501886936416,-3.393425140529871e-05,-3.393425140529871e-05,-741.5842959588263,-748.0457677636423
10019.562227100003,setup,setup,-111.90674941409861,239.71682553613937,-117.07244256703325,170.11681918309841,-3.2913758332142606e-05,-3.2913758332142606e-05,-147.08658736648613,-134.89629988223714
10019.944275100002,setup,setup,142.3715127130513,298.6518552526204,97.8020788690701,-171.5799944402679,-3.3699519917718135e-05,-3.3699519917718135e-05,146.06771017028768,135.15046607111708
10020.293559700003,setup,setup,20.374062376236452,179.54425936932148,59.396579661744,205.06605569842668,-3.232776998629561e-05,-3.232776998629561e-05,31.298997344626514,32.59601580103481
10020.660170000003,setup,setup,-335.22361768837027,-412.71404684179925,-351.62518496188477,-345.09271728259137,-3.548112817952642e-05,-3.548112817952642e-05,-360.6625171110445,-312.9602150871988
10021.049825800003,setup,setup,213.1026147548887,215.4730260586639,214.2866354561529,317.2548702403492,-3.567044223018456e-05,-3.567044223018456e-05,222.17563610559137,232.86402460355657
10021.439518000003,setup,setup,35.03292966949493,45.109087750315666,26.74374758054182,-51.21232085205884,-3.295454826002242e-05,-3.295454826002242e-05,45.61422102283632,11.61394920064231
10021.829448700002,setup,setup,-85.42765597455264,-97.37277617041855,-24.45174775351734,-8.248628577916861,-3.6532184822135605e-05,-3.6532184822135605e-05,-25.060182203111253,-24.56216549646615
10022.220978100007,setup,setup,-596.8099661515089,-623.2331529167286,-597.8938372558255,-683.6285571319977,-3.4367361877229996e-05,-3.4367361877229996e-05,-558.1899182067737,-580.7795223866678
10022.627233700006,setup,setup,370.8330237089217,374.74903472935057,358.26598569075304,356.64738083785414,-3.24316479236586e-05,-3.24316479236586e-05,359.3418251968342,374.5599216282453
10023.006027000007,setup,setup,144.6152831515319,152.54821071852166,152.89751424814312,183.57025670522125,-3.578132327675121e-05,-3.578132327675121e-05,156.6726935719107,175.4841248663879
10023.402637600006,setup,setup,-575.1164351116649,-528.2040939753688,-528.1341635030963,-489.6653392642802,-3.6611683754017577e-05,-3.6611683754017577e-05,-484.20504134108114,-474.6908273930312
10023.759201100005,setup,setup,1238.6845198148708,1233.6085423821878,1252.1975164264668,1222.4416175465085,-3.275895960541675e-05,-3.275895960541675e-05,1271.1424201890059,1269.7629008016484
10024.118107800006,baseline_eyes_open,baseline_eyes_open,247.9124298749448,245.36000320377934,239.95045291367023,193.71227578031358,-3.4244951166328974e-05,-3.4244951166328974e-05,247.08701891012515,224.27138339631165
10024.523129400006,baseline_eyes_open,baseline_eyes_open,-473.14595466601986,-484.49336645191124,-481.8356860244967,-444.18799742362444,-3.3611686376389116e-05,-3.3611686376389116e-05,-484.925271830778,-473.4919198394482
10024.913117600006,baseline_eyes_open,baseline_eyes_open,173.3145830824792,188.60184307657528,184.8230160584544,211.69698414577306,-3.4752893952827435e-05,-3.4752893952827435e-05,184.63401395389337,188.80239483526202
10025.286809200006,baseline_eyes_open,baseline_eyes_open,72.75101909491696,62.4957035968082,54.21360130516223,6.637248728555278,-3.786830166063737e-05,-3.786830166063737e-05,48.03431851246842,45.08288113838444
10025.660613200005,baseline_eyes_open,baseline_eyes_open,-150.14176063813557,-156.1282716968699,-164.0272055921705,-188.27415453598314,-3.4537642932264134e-05,-3.4537642932264134e-05,-178.4435505570509,-214.9559658705066
10026.067015800007,baseline_eyes_open,baseline_eyes_open,268.27326249262205,235.5867950945585,215.74699464472724,244.9617208372165,-3.5695307815331034e-05,-3.5695307815331034e-05,192.76295408065926,203.58559857241926
10026.487504400007,baseline_eyes_open,baseline_eyes_open,-473.92632409476164,-458.41910433008434,-450.09597405875,-505.2148582001819,-3.5821037272398826e-05,-3.5821037272398826e-05,-456.22085920456993,-475.357105131704
10026.8638752,baseline_eyes_open,baseline_eyes_open,493.4632216963364,497.19408040597045,482.2890147675116,566.920368824909,-3.389403264009161e-05,-3.389403264009161e-05,490.4165775747224,517.4075271599522
10027.2353416,baseline_eyes_open,baseline_eyes_open,-440.7627071501256,-443.24694606634785,-441.3337100658032,-478.98116110334286,-3.409331839065999e-05,-3.409331839065999e-05,-441.0372496886516,-443.01729891597097
10027.6151565,baseline_eyes_open,baseline_eyes_open,520.544656569874,522.5112822702995,513.4489067673749,493.9925449088478,-3.5596900488599204e-05,-3.5596900488599204e-05,518.5725914281966,498.36168734247894
10027.982932500001,baseline_eyes_open,baseline_eyes_open,-542.0554467967959,-575.4416921816664,-600.9683372476507,-686.271413762518,-3.624911823862931e-05,-3.624911823862931e-05,-640.8397193414908,-691.3898640708312
10028.343274700002,baseline_eyes_open,baseline_eyes_open,149.8224943930254,153.4373106658295,167.4949287043628,193.68520198694114,-3.5079074223176576e-05,-3.5079074223176576e-05,169.17372978985895,164.4988693253108
10028.722668600003,baseline_eyes_open,baseline_eyes_open,755.4980225030959,749.8799189034289,738.2231685865645,698.9705756738804,-3.4357933145656716e-05,-3.4357933145656716e-05,731.0715806531534,731.8443468998566
10029.148217000002,baseline_eyes_open,baseline_eyes_open,-416.4796937454712,-411.9851223503556,-383.6426023643053,-319.26522735220806,-3.5425706300884485e-05,-3.5425706300884485e-05,-398.38400275676213,-372.83348852772724
10029.494536000002,baseline_eyes_open,baseline_eyes_open,87.84839281993845,66.14455184016151,85.98727803876227,74.8303149260937,-3.423375619604485e-05,-3.423375619604485e-05,88.92282443720705,94.64511332286929
10029.892881000002,baseline_eyes_open,baseline_eyes_open,-202.11954035424696,-220.97822948797238,-253.57216555434843,-354.1954452412856,-3.2457021916343365e-05,-3.2457021916343365e-05,-282.9175088724778,-307.67716329142604
10030.274337900002,baseline_eyes_open,baseline_eyes_open,-175.8217940925656,-155.63224110583724,-138.2234009200929,-5.051674448249287,-3.6482219911704306e-05,-3.6482219911704306e-05,-123.35763617261546,-85.78622119003467
10030.647117600003,baseline_eyes_open,baseline_eyes_open,-6.803993235005237,-2.4017835447830294,-18.24528286239547,-94.35244527097439,-3.639068927441258e-05,-3.639068927441258e-05,-24.28883143774874,-42.4528211062634
10031.025091600004,baseline_eyes_open,baseline_eyes_open,47.463634327508316,50.29232092731945,47.50821760562121,97.83094557654294,-3.3139801416837145e-05,-3.3139801416837145e-05,49.60687060302189,59.229154426217065
10031.388309200003,baseline_eyes_open,baseline_eyes_open,5.49416060331896,3.8586479080413483,-0.7930705120015773,-57.25416766062153,-3.119583743682597e-05,-3.119583743682597e-05,-0.904861811547562,-14.223177348396348
10031.779937100004,baseline_eyes_open,baseline_eyes_open,61.41735686400898,41.06547454926931,43.55060989844242,78.05884901042828,-3.683379145513754e-05,-3.683379145513754e-05,40.62109647174293,44.50449954285432
10032.194465900006,baseline_eyes_open,baseline_eyes_open,-204.09815293486645,-146.05836680672746,-149.71081170007346,-143.19617679724252,-3.324435601825826e-05,-3.324435601825826e-05,-123.58297760496953,-127.97026202870711
10032.584674000002,baseline_eyes_open,baseline_eyes_open,-65.73200032841123,-53.90211705642196,-60.08517120621946,-61.28055629123901,-3.1251921427610796e-05,-3.1251921427610796e-05,-40.54676134700367,-38.76667346493832
10032.929013800005,baseline_eyes_open,baseline_eyes_open,45.45759560328679,42.255991893983264,33.76052053475905,14.092613191182863,-3.6493993320618756e-05,-3.6493993320618756e-05,15.523092761450243,13.420365444283561
10033.339319500006,baseline_eyes_open,baseline_eyes_open,14.388672533460976,5.278062703905562,10.121222605073854,-15.556478427456568,-3.579044550860999e-05,-3.579044550860999e-05,-0.7880748492179919,-16.103285593209876
10033.711853900006,baseline_eyes_open,baseline_eyes_open,-242.27357015404823,-249.1923628980412,-238.77944860632942,-211.66812514943922,-3.362920688232407e-05,-3.362920688232407e-05,-246.57049033625663,-234.68321728769752
10034.084397400005,baseline_eyes_open,baseline_eyes_open,72.36773926683873,63.318951509794715,68.21137367750453,111.51242492580604,-3.275386279710801e-05,-3.275386279710801e-05,62.248816280166466,73.19127409803605
10034.454795800006,baseline_eyes_open,baseline_eyes_open,-162.12117498517455,-174.78664844100513,-166.13341682864393,-144.881296421574,-3.3329562029393855e-05,-3.3329562029393855e-05,-179.01404093173915,-175.4634015003685
10034.808250600006,baseline_eyes_open,baseline_eyes_open,363.0114724045811,380.1695492640483,388.93967006611365,317.9714888195749,-3.60328904207563e-05,-3.60328904207563e-05,407.40236214858487,379.3844202793216
10035.202064900006,baseline_eyes_open,baseline_eyes_open,-298.83197761041174,-280.6613153358021,-257.9930470549043,-231.399255950545,-3.3807150430220645e-05,-3.3807150430220645e-05,-232.95714172064254,-218.79801333970045
10035.638624300002,baseline_eyes_open,baseline_eyes_open,28.134788513941658,36.26028026410131,30.569059190785993,34.904758009882244,-3.314963851153152e-05,-3.314963851153152e-05,18.89197250253619,17.95258625153383
10036.002677200002,baseline_eyes_open,baseline_eyes_open,470.8743886651182,461.74079435595195,470.49565764199906,486.64798831128974,-3.408761131140636e-05,-3.408761131140636e-05,468.612335528268,480.1976359321143
10036.392542000003,baseline_eyes_open,baseline_eyes_open,-245.38126246150887,-244.37145873224745,-242.8606518817669,-219.14709291456802,-3.530701724230312e-05,-3.530701724230312e-05,-229.0654396569089,-220.61193220349196
10036.800227300004,baseline_eyes_open,baseline_eyes_open,171.48653871349234,170.53673336260727,176.60452749883643,162.67258072138975,-3.412381738598924e-05,-3.412381738598924e-05,174.05181201977484,188.74967364761505
10037.198835500005,baseline_eyes_open,baseline_eyes_open,-101.58103754794365,-99.9732071740782,-96.6395450849468,-92.56484156589704,-3.473893229966052e-05,-3.473893229966052e-05,-94.65914747171155,-95.3433422892922
10037.580613800004,baseline_eyes_open,baseline_eyes_open,199.03710707699065,217.21829751099267,210.57326609288702,540.8578034655038,-3.5432057302386966e-05,-3.5432057302386966e-05,206.79744817275878,237.76322539045395
10037.990898600006,baseline_eyes_open,baseline_eyes_open,-118.38386513709429,-142.45740241414296,-101.66295956003887,-149.60384106567835,-3.460354946582811e-05,-3.460354946582811e-05,-116.17461176849429,-122.79867527576425
10038.353059400004,baseline_eyes_open,baseline_eyes_open,27.78770631393536,68.42181064988836,88.92298227933588,475.17560423547457,-3.557172021828592e-05,-3.557172021828592e-05,75.69818366592699,193.87991981111827
10038.704767100007,baseline_eyes_open,baseline_eyes_open,56.76310320637094,10.488625875717844,6.722682370653729,-621.8058406389146,-3.252333408454433e-05,-3.252333408454433e-05,17.927505706562442,-128.66664459583262
10039.113199100007,baseline_eyes_open,baseline_eyes_open,778.6369754863099,779.9417554320262,793.9005950844594,905.8229674204485,-3.4379098906356376e-05,-3.4379098906356376e-05,794.680576541632,817.2389423737632
10039.499605800003,baseline_eyes_open,baseline_eyes_open,-1087.4509429965788,-1078.2926527661175,-1086.950947138262,-1136.100851409362,-3.748017388716107e-05,-3.748017388716107e-05,-1085.3280565772066,-1094.599549266387
10039.877686800004,baseline_eyes_open,baseline_eyes_open,113.09621640956539,113.27808716115578,151.9314680622483,101.72787620864256,-3.374997140781488e-05,-3.374997140781488e-05,154.8322984203005,135.38206675009133
10040.253672400004,baseline_eyes_open,baseline_eyes_open,-1393.3341306593666,-1379.6389090842504,-1373.9428274894371,-1294.6046661240343,-3.522404585964978e-05,-3.522404585964978e-05,-1371.6261722167537,-1356.086673769193
10040.593145200004,baseline_eyes_open,baseline_eyes_open,1727.70220329651,1730.5545321581676,1725.6412525077994,1706.036046891816,-3.593657493183855e-05,-3.593657493183855e-05,1716.6470613312367,1713.4590053829143
10041.017485100005,baseline_eyes_open,baseline_eyes_open,-1439.207390302533,-1445.9276931299046,-1442.3280671885877,-1467.1934178113997,-3.513859701342881e-05,-3.513859701342881e-05,-1436.5867821952697,-1444.069097608808
10041.384968800005,baseline_eyes_open,baseline_eyes_open,798.6150090114975,769.3008428741059,748.808653713033,707.6007465979319,-3.444130561547354e-05,-3.444130561547354e-05,723.8760095515127,712.2152831002504
10041.754254000005,baseline_eyes_open,baseline_eyes_open,143.313344178654,143.97679024315948,154.68537558625303,169.67429948133395,-3.385921809240244e-05,-3.385921809240244e-05,151.36291450939643,156.72262221675828
10042.163036600006,baseline_eyes_open,baseline_eyes_open,-164.13159782187267,-170.4394492647607,-175.68195955136434,-163.97494840539548,-3.405622101126937e-05,-3.405622101126937e-05,-174.00611592291898,-160.24254185183872
10042.559141700005,baseline_eyes_open,baseline_eyes_open,-501.9588517196262,-508.4392958219769,-499.3178595390841,-511.1104982818342,-3.452288274274906e-05,-3.452288274274906e-05,-506.13539255074056,-508.15646681789167
10042.950660200006,baseline_eyes_open,baseline_eyes_open,873.5100455605207,840.0816993347971,807.7833086543501,785.0781195412919,-3.369871774339117e-05,-3.369871774339117e-05,760.5977464739626,760.8127547061531
10043.327248700007,baseline_eyes_open,baseline_eyes_open,-94.50835449956048,-88.96224529835308,-72.4917777718615,-78.95456299940906,-3.554373233782826e-05,-3.554373233782826e-05,-63.42128090639244,-73.80882174095132
10043.707840500007,baseline_eyes_open,baseline_eyes_open,-423.8010854539807,-424.84168110673727,-446.6020065585644,-458.5924171510742,-3.471466243354371e-05,-3.471466243354371e-05,-452.48149931726266,-454.52034781812245
10044.114895800007,baseline_eyes_open,baseline_eyes_open,2276.194813332836,2274.5546380054548,2282.8685821826325,2263.1648890150655,-3.371365619386779e-05,-3.371365619386779e-05,2278.2138347053274,2270.4432343066082
10044.523813300008,baseline_eyes_open,baseline_eyes_open,108.61453575867199,108.80131227579386,98.00483230430882,36.9113245687704,-3.365000793564832e-05,-3.365000793564832e-05,73.91637475967218,65.13637757651213
10044.9072632,baseline_eyes_open,baseline_eyes_open,-156.5992677002896,-170.72992876984608,-163.42812078254065,-211.22300322844967,-3.500957700453e-05,-3.500957700453e-05,-153.92494096112114,-172.2916572603699
10045.2752089,baseline_eyes_open,baseline_eyes_open,-107.37360133542234,-96.58392651996837,-104.74838242421902,-44.91136850352541,-3.35303693645983e-05,-3.35303693645983e-05,-121.65224659364594,-108.4329553792686
10045.6592966,baseline_eyes_open,baseline_eyes_open,222.74485865136467,208.11233985017952,215.00785680838544,174.91578136084263,-3.2348817512684036e-05,-3.2348817512684036e-05,204.18976723843844,189.65133318696826
10046.065746700002,baseline_eyes_open,baseline_eyes_open,-296.91262121886984,-292.5128755366386,-302.1662053056434,-326.95099272422704,-3.4876960853580385e-05,-3.4876960853580385e-05,-300.29910248064516,-303.2643730173113
10046.415320600001,baseline_eyes_open,baseline_eyes_open,314.22693318822485,297.1432360323015,303.84342789406764,334.77169982225587,-3.586339062167099e-05,-3.586339062167099e-05,291.85811338081567,285.8213722422297
10046.821668400002,baseline_eyes_open,baseline_eyes_open,50.64794555015078,54.24139642938735,47.93401106715464,25.069837775313317,-3.6307690606918186e-05,-3.6307690606918186e-05,57.84682084841825,48.171762725024564
10047.193189400004,baseline_eyes_open,baseline_eyes_open,-124.72869029589629,-135.94891465319324,-126.64817059953111,-90.42942133986708,-3.250939971621847e-05,-3.250939971621847e-05,-138.724993170571,-125.38829072308454
10047.587485600005,baseline_eyes_open,baseline_eyes_open,154.12108917021305,146.16923978844534,151.21565999497443,140.14802012384916,-3.334044504299527e-05,-3.334044504299527e-05,156.96657998077262,146.73773617208462
10047.936585000005,baseline_eyes_open,baseline_eyes_open,-1149.012024425731,-1135.481900429524,-1142.4770005824544,-1121.5851241792834,-3.415920855331933e-05,-3.415920855331933e-05,-1156.9125517279554,-1155.2671522473456
10048.317497300004,baseline_eyes_open,baseline_eyes_open,383.4660745858869,379.8375482350266,374.37530522025645,388.34712163771474,-3.668909084808547e-05,-3.668909084808547e-05,382.45088382561653,386.5786088209743
10048.693880600003,baseline_eyes_open,baseline_eyes_open,291.46531495894305,272.1411220586142,270.52234466372875,249.86496867801816,-3.66981357728946e-05,-3.66981357728946e-05,243.7056792915355,242.56991039327113
10049.063744500005,baseline_eyes_open,baseline_eyes_open,-243.64999472841146,-240.49075219196948,-223.716607729943,-272.0875699141425,-3.42523499057279e-05,-3.42523499057279e-05,-217.22878904444224,-223.52439617303298
10049.439433100004,baseline_eyes_open,baseline_eyes_open,21.760720821323957,27.417602230238117,28.666148137928758,69.36649644618319,-3.4525588489486836e-05,-3.4525588489486836e-05,11.18046291032033,32.656888932194306
10049.796806200005,baseline_eyes_open,baseline_eyes_open,563.6802597753162,553.4160035714922,568.4632504134584,540.0572393747698,-3.3257178074563853e-05,-3.3257178074563853e-05,564.697721143978,564.6302114925875
10050.167765900003,baseline_eyes_open,baseline_eyes_open,-123.02582698410652,-126.48796131901872,-128.56583553592327,-101.77965578074873,-3.2601762541162316e-05,-3.2601762541162316e-05,-124.28587931842912,-116.9205775916862
10050.552360100004,baseline_eyes_open,baseline_eyes_open,-13.885845765834347,-20.651234815357384,-16.57479344890453,-31.325087373877068,-3.616854246502044e-05,-3.616854246502044e-05,-19.442095449673616,-16.093528774639253
10050.932847000005,baseline_eyes_open,baseline_eyes_open,113.57556248123228,108.52473714614734,105.33217547101685,109.74798601631664,-3.67092679880443e-05,-3.67092679880443e-05,100.97174198415541,104.70303118884249
10051.337708800005,baseline_eyes_open,baseline_eyes_open,-699.6385164106141,-704.9354871421297,-703.8569682955385,-694.2112686985297,-3.429403113841545e-05,-3.429403113841545e-05,-699.5830742730291,-694.8438175157034
10051.723083600005,baseline_eyes_open,baseline_eyes_open,323.92867249738447,314.38418539291706,342.4248683616911,325.7048245422484,-3.453863519098377e-05,-3.453863519098377e-05,358.8902614584017,348.72779639740384
10052.088155500005,baseline_eyes_open,baseline_eyes_open,-130.78773740580255,-135.02666880773722,-141.5091544347324,-137.13482329079034,-3.646546701929765e-05,-3.646546701929765e-05,-165.6003691938995,-161.34771023630128
10052.480606200006,baseline_eyes_open,baseline_eyes_open,-94.68913503159865,-75.97732764958346,-63.834710806537714,56.354657387460065,-3.4423518627590965e-05,-3.4423518627590965e-05,-53.911935226230526,-24.342227019873008
10052.864335400005,baseline_eyes_open,baseline_eyes_open,-293.19112500937786,-288.2328477299452,-300.96410028339915,-322.1575227270987,-3.5289723200548906e-05,-3.5289723200548906e-05,-303.984529309409,-302.7055525887354
10053.255700900007,baseline_eyes_open,baseline_eyes_open,1131.570139858537,1120.5843709250385,1117.9703358114812,1124.4118260390878,-3.4577830774651375e-05,-3.4577830774651375e-05,1124.405357707221,1118.6178631390794
10053.611154500008,baseline_eyes_open,baseline_eyes_open,-556.8034138893845,-556.164401587434,-552.6956714770822,-571.8570645020627,-3.4351751310168765e-05,-3.4351751310168765e-05,-549.184810820932,-561.0926270957552
10053.966115100007,baseline_eyes_open,baseline_eyes_open,120.35564647559568,135.92231557258128,123.52009429635791,170.40975591175084,-3.348222162458114e-05,-3.348222162458114e-05,146.6478743044786,170.34455710516158
10054.365734300007,baseline_eyes_open,baseline_eyes_open,78.15614548689928,84.4422820277523,81.37100897667278,87.91281410405372,-3.3739599530235864e-05,-3.3739599530235864e-05,86.554447005969,86.26236410789761
10054.770021700007,baseline_eyes_open,baseline_eyes_open,260.50584093888347,225.91539197556267,191.58552388656153,195.6535088187493,-3.070410548389191e-05,-3.070410548389191e-05,158.44051023491102,148.1189009148561
10055.1626577,baseline_eyes_open,baseline_eyes_open,25.167484168957344,29.064549339498626,53.54500931448729,-12.83821026541591,-3.471505169727607e-05,-3.471505169727607e-05,61.91615337914391,44.06256102690577
10055.521710300001,baseline_eyes_open,baseline_eyes_open,-127.2496636387068,-133.980547126489,-150.07696568093615,-128.0774294408293,-3.59009463863913e-05,-3.59009463863913e-05,-153.76832987744956,-144.26032650164734
10055.892827900001,baseline_eyes_open,baseline_eyes_open,-1.0674717405145202,1.6874270417520165,17.09517776699613,55.45938955593283,-3.4020944440271705e-05,-3.4020944440271705e-05,1.024407378738033,-0.9585696896956506
10056.304059,baseline_eyes_open,baseline_eyes_open,82.82506827935413,84.01874430332373,80.56782382556685,41.27351120787989,-3.4151064028264955e-05,-3.4151064028264955e-05,84.91313601956972,77.39294561917268
10056.6478399,baseline_eyes_open,baseline_eyes_open,-148.11841958802916,-144.0790894192005,-151.16055206148758,-151.40966607965402,-3.272434878454078e-05,-3.272434878454078e-05,-144.7133744453895,-158.55415181880608
10056.9967758,baseline_eyes_open,baseline_eyes_open,513.0981075963823,486.1694485594644,459.95041574733796,415.4958172829238,-3.3901576898642816e-05,-3.3901576898642816e-05,433.68865093576323,418.19092293566337
10057.378905500002,baseline_eyes_open,baseline_eyes_open,-154.54979170144088,-154.06932153136404,-144.71822659038116,-167.91989485111662,-3.660298898466863e-05,-3.660298898466863e-05,-139.8355375929823,-147.30601136138557
10057.78304,baseline_eyes_open,baseline_eyes_open,98.23723458468476,91.53083856804915,92.23345275991414,110.47369037007684,-3.40493097610306e-05,-3.40493097610306e-05,69.74482234038669,83.52920581899525
10058.1203115,baseline_eyes_open,baseline_eyes_open,-91.9066809125552,-52.24746885951845,-75.28535266752078,13.171307043150591,-3.421116252866341e-05,-3.421116252866341e-05,-48.74104607504478,-52.790287458220064
10058.5413915,baseline_eyes_open,baseline_eyes_open,72.76982990424449,34.58984665148546,32.991091154366586,-47.88719981763188,-3.820215988525888e-05,-3.820215988525888e-05,9.041034587726244,8.50875529194218
10058.876372500003,baseline_eyes_open,baseline_eyes_open,121.6529027057145,144.10778230528103,127.73141317879981,147.9380468426516,-3.416150775592541e-05,-3.416150775592541e-05,127.26202870941779,130.31603802711788
10059.289734200003,baseline_eyes_open,baseline_eyes_open,-29.358639889747792,-38.92179335403944,-37.82383570741513,-63.66269911229847,-3.31054588968982e-05,-3.31054588968982e-05,-42.40916494923522,-50.00445606760695
10059.679531000002,baseline_eyes_open,baseline_eyes_open,-7.0687264861931,-16.41072142343728,-5.3923715253781666,-35.03530559104456,-3.5972338082501665e-05,-3.5972338082501665e-05,-11.034227508931053,-15.705817198831937
10060.073313200002,baseline_eyes_open,baseline_eyes_open,20.502932836746822,24.835872031656436,15.371677069593261,72.38891666479958,-3.369567002664553e-05,-3.369567002664553e-05,26.22741421572846,40.99919982427764
10060.418702900004,baseline_eyes_open,baseline_eyes_open,348.42716439227706,332.15934597120213,304.64841672093326,319.3338472674377,-3.287677463958971e-05,-3.287677463958971e-05,293.3705402935161,300.4100026997062
10060.788742200004,baseline_eyes_open,baseline_eyes_open,-15.217148737870502,-1.2019107916712528,10.263144636345714,14.813270102009483,-3.458008541201707e-05,-3.458008541201707e-05,5.211461827459516,22.767447948739573
10061.192712300004,baseline_eyes_open,baseline_eyes_open,-73.90757625278411,-78.54880455216517,-85.57185616061543,-87.71109234298638,-3.5505004234437365e-05,-3.5505004234437365e-05,-97.87459555388159,-104.03351547890134
10061.587018100005,baseline_eyes_open,baseline_eyes_open,98.69615887629698,95.27259368601699,91.04694868148181,56.32686922187713,-3.459618710621726e-05,-3.459618710621726e-05,84.41139395697155,69.46699471398006
10061.988795300003,baseline_eyes_open,baseline_eyes_open,-34.860851334393374,-38.17586171440507,-26.62866140590677,0.9857219946743498,-3.3833666748250835e-05,-3.3833666748250835e-05,-24.32856458036713,-11.355077245809753
10062.402843100004,baseline_eyes_open,baseline_eyes_open,-25.604974203832626,-29.0934104328162,-15.042101728395664,36.38523421673199,-3.538594228302827e-05,-3.538594228302827e-05,-16.744431268701646,-2.029703384262575
10062.784327900006,baseline_eyes_open,baseline_eyes_open,90.05774091182275,80.2763030053884,76.6603157260306,88.29067529928125,-3.367408680787776e-05,-3.367408680787776e-05,84.63513132980142,92.30904415381838
10063.188568200007,baseline_eyes_open,baseline_eyes_open,102.95693549333009,115.10756493618373,103.75619970715616,154.02110647655172,-3.294641282991506e-05,-3.294641282991506e-05,109.48246911505885,125.33361243791614
10063.576208100007,baseline_eyes_open,baseline_eyes_open,-41.53499470595807,-52.86599108541577,-61.74880869314802,-25.976897406997523,-3.399583238206105e-05,-3.399583238206105e-05,-63.34237884632694,-55.0246603057476
10063.9804743,baseline_eyes_open,baseline_eyes_open,-74.69369074230735,-98.77710839989777,-137.46357520298034,-133.78036661757324,-3.3740323488018475e-05,-3.3740323488018475e-05,-173.42868126613212,-158.83940157163806
10064.3777104,baseline_eyes_open,baseline_eyes_open,106.6974659948828,123.87506686916913,151.35214081253298,217.5118125064355,-3.550958354026079e-05,-3.550958354026079e-05,170.4071831540823,172.5643856864317
10064.7430112,baseline_eyes_open,baseline_eyes_open,-61.040496928543234,-67.20037505305118,-82.06525883062068,-91.59418396913316,-3.682662463688757e-05,-3.682662463688757e-05,-91.28558757997098,-85.46118761774551
10065.0939963,baseline_eyes_open,baseline_eyes_open,-19.418722660598178,-21.38370048728939,-18.725507709971225,-24.360198253416456,-3.5578083952714223e-05,-3.5578083952714223e-05,0.019529172804141126,2.328238007872187
10065.4588958,baseline_eyes_open,baseline_eyes_open,29.99691126083553,20.92060603376558,19.077487301921337,55.57794283880776,-3.3811690627771895e-05,-3.3811690627771895e-05,23.06595396303146,-6.741094461188368
10065.821495900002,baseline_eyes_open,baseline_eyes_open,13.763833370797784,18.884637539226787,11.196099007709108,15.287361014336966,-3.5422524888417684e-05,-3.5422524888417684e-05,9.309801865676036,5.811272820124941
10066.191513000002,baseline_eyes_open,baseline_eyes_open,68.62742024464114,70.97582562205844,68.80692090632647,-152.3087199965803,-3.3992159842455294e-05,-3.3992159842455294e-05,61.75149072223394,63.122310198943524
10066.580056300001,baseline_eyes_open,baseline_eyes_open,-355.6801727113361,-372.4423093590749,-355.94590948738914,-284.24053864878715,-3.2435070352221373e-05,-3.2435070352221373e-05,-353.15254578885833,-362.0862154561614
10066.9639559,baseline_eyes_open,baseline_eyes_open,228.0957939339055,249.67745108295185,244.2057659390871,266.5014288889406,-3.455585738265654e-05,-3.455585738265654e-05,225.3580373706609,225.5727862340309
10067.385405800002,baseline_eyes_open,baseline_eyes_open,-59.59718196962058,-58.505786680552774,-46.86367617872202,-134.1728445153567,-3.8538258195330855e-05,-3.8538258195330855e-05,-53.873930256319,-72.79624764011578
10067.741153000003,baseline_eyes_open,baseline_eyes_open,64.00084975231857,71.18018230320831,82.7394887199348,122.96114825600125,-3.688654214784037e-05,-3.688654214784037e-05,84.36249649003184,96.64488951032763
10068.104628300003,baseline_eyes_open,baseline_eyes_open,-76.70796355246512,-67.44018611307365,-72.82911374340301,-73.60294031713147,-3.4354983654338866e-05,-3.4354983654338866e-05,-80.74541813428004,-78.36933810848177
10068.508238600003,baseline_eyes_open,baseline_eyes_open,37.41487118364057,35.1543087612572,35.21033761299623,22.658832469401204,-3.509864291117992e-05,-3.509864291117992e-05,29.200363577200278,28.53805733458239
10068.881022200003,baseline_eyes_open,baseline_eyes_open,-114.41814618263606,-112.33844236113964,-110.56164062984953,-131.79445255814971,-3.645024844445288e-05,-3.645024844445288e-05,-111.5073534930275,-106.37639720870038
10069.249851300003,baseline_eyes_open,baseline_eyes_open,237.12296301097604,231.08749529863235,231.9932311577577,211.36905314635897,-3.453367935435381e-05,-3.453367935435381e-05,250.72311555969736,247.1919890857739
10069.630007100004,baseline_eyes_open,baseline_eyes_open,-105.77683491834114,-107.85076276127165,-106.86895639400018,-108.02864061770833,-3.4495357795094606e-05,-3.4495357795094606e-05,-102.86338316120828,-114.54943630597836
10070.027670600004,baseline_eyes_open,baseline_eyes_open,195.92241547872027,223.65469783127992,237.42611075277455,284.81735655342345,-3.4846862945414614e-05,-3.4846862945414614e-05,288.15902135773604,298.67012131207593
10070.405165300004,baseline_eyes_open,baseline_eyes_open,126.71880760794147,131.62105185457403,142.81445083778863,132.94944630115242,-3.402523998374818e-05,-3.402523998374818e-05,166.16126259433895,155.1086199751826
10070.808040900005,baseline_eyes_open,baseline_eyes_open,-224.97390439197807,-220.51650874062034,-219.7998814953571,-211.13084507694748,-3.624521195888519e-05,-3.624521195888519e-05,-237.5197779412456,-224.07312997799636
10071.169435800006,baseline_eyes_open,baseline_eyes_open,-463.32050336021575,-460.4635307624794,-465.00348099941357,-498.02075666992187,-3.613216449593892e-05,-3.613216449593892e-05,-488.46944578313105,-499.0267193084378
10071.534262700006,baseline_eyes_open,baseline_eyes_open,257.1770189697954,251.40449360157163,277.0781986479237,259.5230934137844,-3.585163267416647e-05,-3.585163267416647e-05,277.8220216171617,279.11612420028905
10071.929390900006,baseline_eyes_open,baseline_eyes_open,-380.3174801937039,-349.9285662628845,-345.921009759084,-275.8924074887873,-3.120593919447856e-05,-3.120593919447856e-05,-340.6592015305787,-315.4655900991529
10072.342087100005,baseline_eyes_open,baseline_eyes_open,193.24625580200745,194.55948722727317,196.1448077213954,192.51855664115556,-3.3405407521058805e-05,-3.3405407521058805e-05,193.56214367369375,191.82932706442898
10072.686625900005,baseline_eyes_open,baseline_eyes_open,-86.39464411767267,-96.56683853378581,-124.31548366729521,-118.89343743139307,-3.501786522974726e-05,-3.501786522974726e-05,-123.7927773569536,-121.54985436724746
10073.046295000007,baseline_eyes_open,baseline_eyes_open,322.9833630946314,329.7979486287568,321.5700034474926,321.9721381283707,-3.3654438993835356e-05,-3.3654438993835356e-05,326.47879192957225,315.3382245007124
10073.457946400007,baseline_eyes_open,baseline_eyes_open,72.78490726077234,72.73067295944111,78.48539097665935,36.55329184009588,-3.0108495593594853e-05,-3.0108495593594853e-05,75.943155073257,65.27043046326435
10073.801103200007,baseline_eyes_open,baseline_eyes_open,234.42126581284037,235.31900452242007,221.3700273335753,225.8511376341212,-3.308372379251523e-05,-3.308372379251523e-05,203.28015086994856,207.30731377193115
10074.193679500007,baseline_eyes_open,baseline_eyes_open,-668.8871888613185,-673.9747611128723,-672.9911423889762,-651.6533857889754,-3.499735339573817e-05,-3.499735339573817e-05,-678.1785751291627,-671.9923464611416
10074.559884400007,baseline_eyes_open,baseline_eyes_open,95.04087354186731,88.87084077175496,86.69887737456747,108.72862202891793,-3.4391640838293824e-05,-3.4391640838293824e-05,86.64731300228777,91.18715391145997
10074.933201000007,baseline_eyes_open,baseline_eyes_open,33.6839098938417,38.450277395637386,31.763771171123608,21.902957181126112,-3.3246406019316055e-05,-3.3246406019316055e-05,30.638716706992454,34.023724064635644
10075.276099000008,baseline_eyes_open,baseline_eyes_open,-632.821772846984,-629.584023151876,-629.1937888095063,-605.1018301351942,-3.3742580853868276e-05,-3.3742580853868276e-05,-620.2494524640333,-621.060201500567
10075.669868700004,baseline_eyes_open,baseline_eyes_open,421.75580316392916,422.8660629168644,425.2028891049813,422.5795111178313,-3.4893520023615565e-05,-3.4893520023615565e-05,405.3968653482989,398.5580511005246
10076.067675400005,baseline_eyes_open,baseline_eyes_open,-793.0417278899004,-805.4012507691987,-826.7985150518975,-799.9130415807422,-3.2493480830453336e-05,-3.2493480830453336e-05,-838.4571573624053,-835.8352567444899
10076.521013200001,baseline_eyes_open,baseline_eyes_open,763.5380263272464,764.8398096755982,780.9592233182311,768.6110819528312,-3.423792986723129e-05,-3.423792986723129e-05,789.5707019103802,783.3627406794403
10076.849237100001,baseline_eyes_open,baseline_eyes_open,667.1259875204137,667.3960327950263,671.9199414309646,642.6372155901572,-3.601626303861849e-05,-3.601626303861849e-05,674.6824497959424,671.1690778869397
10077.257152200002,baseline_eyes_open,baseline_eyes_open,-352.186392516508,-356.2412971912736,-356.667305931197,-398.08571383279286,-3.418110281927511e-05,-3.418110281927511e-05,-356.9437339799065,-368.8855836981156
10077.648454600003,baseline_eyes_open,baseline_eyes_open,-4.168253883481611,-14.132034142820885,-11.830527656371487,-18.675165215481684,-3.537411157594761e-05,-3.537411157594761e-05,-3.169267907597714,-12.612169633119265
10077.992067200003,baseline_eyes_open,baseline_eyes_open,431.2310513364687,421.7621543308451,432.2074075941896,424.7762546707236,-3.476181791484123e-05,-3.476181791484123e-05,431.1622021024459,426.8218456128043
10078.400671700003,baseline_eyes_open,baseline_eyes_open,-22.581240076073755,-28.40013224499762,-36.608724363845795,17.881605288827814,-3.643309446488274e-05,-3.643309446488274e-05,-27.9995316647437,-15.005922417230067
10078.794233300003,baseline_eyes_open,baseline_eyes_open,-438.78090882011793,-439.73839217069053,-437.0041173345958,-418.92670926427854,-3.628033937275177e-05,-3.628033937275177e-05,-444.4507717917545,-437.5276724832738
10079.190002400002,baseline_eyes_open,baseline_eyes_open,451.0976249678338,446.7020671191449,438.66511025096224,374.0014960726776,-3.399533761694329e-05,-3.399533761694329e-05,449.4787445887114,428.72804493689
10079.547596700004,baseline_eyes_open,baseline_eyes_open,213.8505535682798,201.6415947679925,197.86140106202765,210.70685474386664,-3.2464958167111035e-05,-3.2464958167111035e-05,210.67234174573878,216.5832328402348
10079.911199000004,baseline_eyes_open,baseline_eyes_open,-207.09952543931513,-214.59774609472333,-211.0703404361975,-206.99473454838608,-3.359527909196913e-05,-3.359527909196913e-05,-215.7470948121154,-216.07897449653592
10080.265572900003,baseline_eyes_open,baseline_eyes_open,56.05177119743803,50.20108463349425,67.50340263966609,47.438718059381245,-3.3796669413277414e-05,-3.3796669413277414e-05,68.72507776738166,55.362475839951
10080.676146100004,baseline_eyes_open,baseline_eyes_open,213.18472949082934,190.93074241164595,167.30219094902623,153.90390365550957,-3.402093079785118e-05,-3.402093079785118e-05,132.6394893530296,127.0500329096094
10081.066620700003,baseline_eyes_open,baseline_eyes_open,-93.67348525886473,-78.93481207754394,-69.81312063636096,-101.67973684332264,-3.2912562346609775e-05,-3.2912562346609775e-05,-67.93742232107707,-68.64310012835358
10081.454971000005,baseline_eyes_open,baseline_eyes_open,39.100584804805294,37.99571725182341,36.92162835100953,54.28814511794644,-3.364029180374928e-05,-3.364029180374928e-05,33.553845320043365,32.13535274321657
10081.842932100006,baseline_eyes_open,baseline_eyes_open,57.76927096258896,64.69114761960373,66.89225250793788,61.841467414122235,-3.682027272589039e-05,-3.682027272589039e-05,69.09469010303837,64.47554909594874
10082.188259600005,baseline_eyes_open,baseline_eyes_open,-68.8243074181496,-69.50983880409603,-70.58846792549775,-82.9842764227642,-3.2485908377566375e-05,-3.2485908377566375e-05,-69.78798771980019,-64.07535422777619
10082.576117300006,baseline_eyes_open,baseline_eyes_open,130.60077734454444,86.09858754122251,90.06510467207772,82.10325867657957,-3.379442568984814e-05,-3.379442568984814e-05,55.32956157313038,56.96037505280128
10082.940487800006,baseline_eyes_open,baseline_eyes_open,110.87983477073658,133.23752004464404,139.33778323492243,138.41002038303213,-3.4122295801353175e-05,-3.4122295801353175e-05,135.85565987257087,134.49843862746548
10083.320432700006,baseline_eyes_open,baseline_eyes_open,-298.9631546717537,-309.9742535691712,-302.9862102723573,-285.9930128204496,-3.350273891555844e-05,-3.350273891555844e-05,-307.0083051569409,-305.79680904324596
10083.661948200006,baseline_eyes_open,baseline_eyes_open,210.8618795104221,213.206495816602,197.51693259988951,213.5784010978614,-3.371845650690375e-05,-3.371845650690375e-05,202.14877175785386,199.48524282496146
10084.026917700006,baseline_eyes_open,baseline_eyes_open,-6.240770466321919,-0.6192577544179585,0.8607665776007707,17.95669091201762,-3.64052184522734e-05,-3.64052184522734e-05,4.705672320163103,6.082944113404665
10084.373293500006,baseline_eyes_open,baseline_eyes_open,-43.33292539910644,-42.02808381340856,-49.55810059498617,-59.094971941352924,-3.660647962533403e-05,-3.660647962533403e-05,-45.63492931603923,-50.484638299632024
10084.772932400007,baseline_eyes_open,baseline_eyes_open,308.9931553767751,311.5056703189457,314.15367740050897,295.52565223266447,-3.5300413401273545e-05,-3.5300413401273545e-05,313.3921602540586,312.04580181605706
10085.140572600005,baseline_eyes_open,baseline_eyes_open,-245.9325893112773,-241.9283533125872,-240.66195933809058,-288.63147998670047,-3.6039549740962684e-05,-3.6039549740962684e-05,-247.53415740690525,-251.93648015006147
10085.521194700008,baseline_eyes_open,baseline_eyes_open,280.66281619471056,298.2062122290081,287.79846703607564,276.94867159699425,-3.511582326609641e-05,-3.511582326609641e-05,292.4445465552144,287.54012455338216
10085.9383221,baseline_eyes_open,baseline_eyes_open,-510.9129564138293,-509.40279738229947,-514.2598519113039,-495.2880642167447,-3.511448630888481e-05,-3.511448630888481e-05,-514.2418142101042,-507.2376306300466
10086.3001705,baseline_eyes_open,baseline_eyes_open,125.07472239187837,124.46459477477401,123.96098121153727,130.58121985039907,-3.515956086630467e-05,-3.515956086630467e-05,121.36328381614203,116.01474672845234
10086.697225900007,baseline_eyes_open,baseline_eyes_open,-5.441246979876269,-10.530217000055018,0.08963406849079547,-20.21224269842878,-3.3791740861488506e-05,-3.3791740861488506e-05,-10.142642414901275,-7.175636059241697
10087.052236900006,baseline_eyes_open,baseline_eyes_open,-67.87163744232339,-57.65264271331307,-56.04552192661231,-53.638734445565206,-3.399834531592205e-05,-3.399834531592205e-05,-61.30466469633939,-64.12650343871428
10087.427303200007,baseline_eyes_open,baseline_eyes_open,120.94301591240992,122.15213850034434,110.88484665226952,111.96575705627765,-3.4824327485694084e-05,-3.4824327485694084e-05,116.13253780256309,122.50428158102204
10087.817247800007,baseline_eyes_open,baseline_eyes_open,-172.29327739206565,-177.71136278210633,-170.74949580812927,-184.34537474953504,-3.5049879443249665e-05,-3.5049879443249665e-05,-189.23268783163803,-192.95758522862616
10088.2415445,baseline_eyes_open,baseline_eyes_open,137.43039809750144,113.85667635213576,118.57532937198994,98.83819006203794,-3.439985084696673e-05,-3.439985084696673e-05,112.39983293842579,91.49706681705993
10088.6354009,baseline_eyes_open,baseline_eyes_open,330.71222560834804,333.1614147305727,331.7840799364121,319.81690948896085,-3.580706470529549e-05,-3.580706470529549e-05,333.2455792603114,335.13106131576205
10089.0027869,baseline_eyes_open,baseline_eyes_open,73.14166858261297,58.0040616168244,63.88766502779072,67.07661998859294,-3.685245701490203e-05,-3.685245701490203e-05,66.41167020560079,72.06816411444743
10089.380714300003,baseline_eyes_open,baseline_eyes_open,254.87385088438123,249.97623480120546,252.7625579090345,259.2661926931896,-3.5751490941038355e-05,-3.5751490941038355e-05,254.16600929076776,255.4163167047791
10089.786596900003,baseline_eyes_open,baseline_eyes_open,-43.53102396206032,-42.85267073138948,-46.91792325538427,-41.64904067012867,-3.525123702274868e-05,-3.525123702274868e-05,-36.39220454386759,-31.61930237290653
10090.164561400003,baseline_eyes_open,baseline_eyes_open,-206.6602356444523,-215.38165289107474,-207.0056111949416,-183.322750418768,-3.3637987144174986e-05,-3.3637987144174986e-05,-194.43211092141792,-185.30857999966065
10090.562257500002,baseline_eyes_open,baseline_eyes_open,-23.638023100853843,-29.364855844364683,15.456600349148175,1.6676489453320755,-3.373558683961164e-05,-3.373558683961164e-05,19.049479755756693,11.588381928479976
10090.961712700004,baseline_eyes_open,baseline_eyes_open,161.47440267520324,159.0799999569117,195.50626194739743,118.97275721574806,-3.379817098903004e-05,-3.379817098903004e-05,214.8593293030981,194.0091362868725
10091.363729500004,baseline_eyes_open,baseline_eyes_open,251.31143632628846,274.53552320891504,243.7661092011349,348.3130233554857,-3.592494431359228e-05,-3.592494431359228e-05,253.16975205583094,285.1130156116642
10091.751146100005,baseline_eyes_open,baseline_eyes_open,-348.2024676089186,-340.97764348354394,-338.782008344298,-413.51854098927197,-3.584322075766977e-05,-3.584322075766977e-05,-351.2806957009366,-380.0128338176446
10092.150363900006,baseline_eyes_open,baseline_eyes_open,892.985284034181,898.253457509305,907.5291448322564,931.8375732972117,-3.378089240868576e-05,-3.378089240868576e-05,884.5819151449386,890.9364824677295
10092.515437400005,baseline_eyes_open,baseline_eyes_open,-427.9084059666038,-430.7818074670322,-435.4296207488633,-444.61057746557344,-3.658078367152484e-05,-3.658078367152484e-05,-417.72808047876424,-424.7277531982454
10092.873160800005,baseline_eyes_open,baseline_eyes_open,-4.4982686222506345,-13.140149663458033,-4.3570813277247,1.8811892238654764,-3.5661615584103856e-05,-3.5661615584103856e-05,-21.717116687209,-13.711044666187263
10093.285449900006,baseline_eyes_open,baseline_eyes_open,62.94011239590009,48.415797980667776,50.58403274485681,32.50542282372771,-3.830455352726858e-05,-3.830455352726858e-05,69.19286429997192,51.849320077698394
10093.630532900006,baseline_eyes_open,baseline_eyes_open,-828.9484427566408,-803.4111244163569,-786.0797094698491,-697.3441812831879,-3.6880299376207404e-05,-3.6880299376207404e-05,-770.3309815968992,-742.9701617517158
10094.025744100005,baseline_eyes_open,baseline_eyes_open,340.60756005523217,354.57605468134716,360.2510882186448,395.65957335623716,-3.3238705327676143e-05,-3.3238705327676143e-05,367.21864501842447,372.0791672193445
10094.419859500007,baseline_eyes_open,baseline_eyes_open,-464.54528776775896,-473.85408167067726,-485.20478248825066,-496.6274091206333,-3.668263889267109e-05,-3.668263889267109e-05,-482.7044707422742,-476.91196933848505
10094.816393300001,baseline_eyes_open,baseline_eyes_open,254.75667336296465,260.3389419170144,256.52848678274586,271.00876695872284,-3.446693153819069e-05,-3.446693153819069e-05,272.8992152319338,278.2472090096617
10095.192671100001,baseline_eyes_open,baseline_eyes_open,-87.65797427819416,-76.1017564912654,-72.34983665012714,-97.82284298628565,-3.546714924596017e-05,-3.546714924596017e-05,-77.9337514440308,-81.55139610256538
10095.610575100001,baseline_eyes_open,baseline_eyes_open,-1.7542746919316414,2.9447244048906214,0.4134590678327186,-14.489326857534252,-3.63799254046171e-05,-3.63799254046171e-05,-2.43288246885686,-10.792977536135368
10095.995734200002,baseline_eyes_open,baseline_eyes_open,-53.50223953842078,-34.09711456271907,-25.78960285043513,-9.563504922405627,-3.235224721720442e-05,-3.235224721720442e-05,3.9604617645195503,5.278470750547058
10096.386115400002,baseline_eyes_open,baseline_eyes_open,-843.1880674501149,-830.6805131241281,-815.958522813743,-841.1680042084845,-3.258559900132241e-05,-3.258559900132241e-05,-789.0947748399035,-811.2011319092499
10096.783525100001,baseline_eyes_open,baseline_eyes_open,535.1335204376692,535.577291363893,530.1815901992522,544.1900851842447,-3.596083479351364e-05,-3.596083479351364e-05,509.4086017902064,531.2705623988086
10097.180770900002,baseline_eyes_open,baseline_eyes_open,-454.29571581089976,-442.82420435389076,-439.90735488125347,-433.0532085723057,-3.6253425605536904e-05,-3.6253425605536904e-05,-438.9117600829527,-437.9527494832314
10097.579817300004,baseline_eyes_open,baseline_eyes_open,-146.83126060988525,-150.9452329093151,-156.24110872200117,-157.6630896556453,-3.5251418012194335e-05,-3.5251418012194335e-05,-162.78712140365224,-157.14323264006543
10097.982572000004,baseline_eyes_open,baseline_eyes_open,154.68672226065792,148.24976142680498,150.6350237363422,143.71595180179884,-3.381384249223629e-05,-3.381384249223629e-05,144.87748606362265,147.33166056857908
10098.383888600005,baseline_eyes_open,baseline_eyes_open,31.026211466174573,31.522643907034762,32.37905973961233,9.344537656352259,-3.676936830743216e-05,-3.676936830743216e-05,28.352313567143483,19.33271109130601
10098.775434600004,baseline_eyes_open,baseline_eyes_open,-51.9674107188755,-57.08875219527545,-46.85577183387113,-30.63571617438356,-3.271647437941283e-05,-3.271647437941283e-05,-41.00354257035042,-43.40501171253254
10099.171267000003,baseline_eyes_open,baseline_eyes_open,-27.0776902255634,-10.768936009276786,-10.340462648327957,0.92504650761839,-3.5123262932756916e-05,-3.5123262932756916e-05,11.142761053245977,20.603014634137253
10099.571424900005,baseline_eyes_open,baseline_eyes_open,3.258575667478908,-12.623087642877636,-21.81897534427935,-25.456027107597038,-3.411507896089461e-05,-3.411507896089461e-05,-45.03189839853121,-31.590064672604967
10099.976615100004,baseline_eyes_open,baseline_eyes_open,-15.595265587454833,-12.892050396096238,-12.581052061642367,-5.575871570342315,-3.450964777584886e-05,-3.450964777584886e-05,30.154987378317855,34.079366589558504
10100.361842000006,baseline_eyes_open,baseline_eyes_open,7.577359653585972,2.8863074450832755,5.023963647669916,5.399282237996886,-3.696120529639302e-05,-3.696120529639302e-05,-14.929204077889608,-19.814789354845743
10100.751109900006,baseline_eyes_open,baseline_eyes_open,-14.7743475667462,-17.81226860261677,-14.697995780665678,-30.4168014044144,-3.363382802490378e-05,-3.363382802490378e-05,-21.945035429944255,-24.76810347073024
10101.175717400007,baseline_eyes_open,baseline_eyes_open,-252.2614761991024,-235.01933151653975,-230.41485632058948,-242.24692924324972,-3.486181594780646e-05,-3.486181594780646e-05,-227.46607824369312,-218.2702381919862
10101.563375900007,baseline_eyes_open,baseline_eyes_open,55.693908417019884,79.0701600115417,70.0926117452027,118.82100023864223,-3.560412551451009e-05,-3.560412551451009e-05,93.06687267061125,90.17993266589156
10101.957274900007,baseline_eyes_open,baseline_eyes_open,-101.31939875296007,-115.25368778953225,-104.79893295724423,-138.71475147152478,-3.389517223695293e-05,-3.389517223695293e-05,-128.3740627618431,-130.0056044572916
10102.354831800007,baseline_eyes_open,baseline_eyes_open,-233.64476059706817,-218.55190125333138,-221.75918609605515,-210.06308393789823,-3.5912975363316946e-05,-3.5912975363316946e-05,-223.0359515898158,-227.82803404402694
10102.738657900007,baseline_eyes_open,baseline_eyes_open,21.198881394871478,-13.52966847144171,-38.377972007222525,-14.546136920900608,-3.422703412070405e-05,-3.422703412070405e-05,-77.82547847507021,-67.25407567246248
10103.147279600007,baseline_eyes_open,baseline_eyes_open,-101.2396383830644,-95.40972503877492,-87.43007860959187,-112.40445237690619,-3.3062386137316935e-05,-3.3062386137316935e-05,-67.97351333777078,-88.50448009251068
10103.542517200007,baseline_eyes_open,baseline_eyes_open,121.61899920019277,108.55665838681671,103.51441648908485,97.58659311866904,-3.42160819855053e-05,-3.42160819855053e-05,97.74379339003917,91.6368890802728
10103.948835200008,baseline_eyes_open,baseline_eyes_open,14.700155991138217,11.625220456147417,11.95111925171068,10.540034531469246,-3.2601920793240424e-05,-3.2601920793240424e-05,29.21017018002067,21.32494576955287
10104.347468300008,baseline_eyes_open,baseline_eyes_open,79.9614124395091,76.28963774909653,82.79120675459171,47.17646403751223,-3.6209904465067666e-05,-3.6209904465067666e-05,89.3356866496747,75.27049493386994
10104.724553600003,baseline_eyes_open,baseline_eyes_open,-80.2284136533051,-87.8222292458886,-82.32081101777749,-81.49983945368149,-3.396768443053588e-05,-3.396768443053588e-05,-70.30143558518967,-83.46452804629098
10105.106138300003,baseline_eyes_open,baseline_eyes_open,-68.45471344601356,-69.7623916418811,-62.13392568383006,-80.47801406264216,-3.316564379929332e-05,-3.316564379929332e-05,-63.842950108151854,-70.03110723524833
10105.521370900004,baseline_eyes_open,baseline_eyes_open,-9.906856034847806,-6.057796520377906,-17.463272291322937,13.004372629124191,-3.418112828512676e-05,-3.418112828512676e-05,-13.512513919863977,-7.409438583362316
10105.874146700004,baseline_eyes_open,baseline_eyes_open,77.83355394680007,50.63767028993425,24.203032835164322,20.86586784409519,-3.4149242310377304e-05,-3.4149242310377304e-05,-5.867656479667858,-15.44245168404359
10106.274519200004,baseline_eyes_open,baseline_eyes_open,-19.535935057275083,-15.585996843470184,7.7981105481349005,-18.951543812098407,-3.515409935062053e-05,-3.515409935062053e-05,8.031791842141956,8.218037518442088
10106.662519200005,baseline_eyes_open,baseline_eyes_open,0.5368185789270683,-8.153553333334912,4.346625853121623,-3.8220457356255793,-3.4007863177976105e-05,-3.4007863177976105e-05,-1.584387637339205,-3.462473741021313
10107.061372000004,baseline_eyes_open,baseline_eyes_open,-16.38808154416256,-0.15694011839696032,-12.09147478617433,8.211863003378312,-3.5535793358576484e-05,-3.5535793358576484e-05,-0.46053160734845733,7.627785022382341
10107.429233100005,baseline_eyes_open,baseline_eyes_open,-12.4107687371893,2.9961474409788025,2.259958452759747,1.8801118423671141,-3.6116739465796854e-05,-3.6116739465796854e-05,-15.228859639567872,0.06214996578546561
10107.824205000006,baseline_eyes_open,baseline_eyes_open,-3.660255234138276,-11.181630581106674,-13.122554436557948,35.93639343904397,-3.413966715015704e-05,-3.413966715015704e-05,-0.017351479542412562,9.851614731110658
10108.222965700006,baseline_eyes_open,baseline_eyes_open,0.8510146988610359,-0.5647587265229959,-3.2973286149408523,-33.55227098024807,-3.213659419998294e-05,-3.213659419998294e-05,-10.285660397655647,-22.512399818870563
10108.609723200007,baseline_eyes_open,baseline_eyes_open,-4.469951779166195,6.721991136050747,-2.639815645706676,109.7088219524021,-3.3458964026067406e-05,-3.3458964026067406e-05,-2.4038542773837435,14.138515286629627
10109.011150200007,baseline_eyes_open,baseline_eyes_open,7.204523882102876,2.099866918197222,2.06514480672422,-73.3579222153835,-3.374834250280401e-05,-3.374834250280401e-05,-6.658572528474451,-14.093747277502189
10109.433383900006,baseline_eyes_open,baseline_eyes_open,1.5484225284612876,-0.3100000847020965,1.4001782995464964,43.742391186264285,-3.544024002621882e-05,-3.544024002621882e-05,-8.209780294258962,6.508359541067875
10109.801409700001,baseline_eyes_open,baseline_eyes_open,-5.682737010963365,1.2712266288849605,9.529638424069162,-10.41384153156605,-3.529527475620853e-05,-3.529527475620853e-05,18.841016405704977,10.324100579498918
10110.185473500002,baseline_eyes_open,baseline_eyes_open,17.167473766068497,9.06738517792428,-0.5744015158657021,-16.587312016789383,-3.3671694836812094e-05,-3.3671694836812094e-05,-0.581524429023375,-13.088925833182202
10110.5440679,baseline_eyes_open,baseline_eyes_open,16.973243675695358,17.191672829405434,18.16010238895433,4.515107079308564,-3.726424347405555e-05,-3.726424347405555e-05,17.787220336707833,6.756263612247949
10110.927986800001,baseline_eyes_open,baseline_eyes_open,11.87910351104847,4.283804605451678,23.506226656248145,-4.707855569026833,-3.3301977964583784e-05,-3.3301977964583784e-05,4.10397203913044,5.179038514280819
10111.317476100006,baseline_eyes_open,baseline_eyes_open,16.33461468886503,21.775784468619804,19.525356716643273,9.938306410512723,-3.226522949262289e-05,-3.226522949262289e-05,2.997151753223079,13.874385032626378
10111.708318600007,baseline_eyes_open,baseline_eyes_open,-8.384590518698587,-2.8304646721203426,-15.555678631983938,-19.40248539398135,-3.335101882839808e-05,-3.335101882839808e-05,-13.05966705859828,-20.9851496232327
10112.117437700004,baseline_eyes_open,baseline_eyes_open,2.0471604585768546,-1.585530877534893,3.1883624092265563,1.2900995777185926,-3.347113943164004e-05,-3.347113943164004e-05,-8.136921922399324,-3.929080670841813
10112.452830900003,baseline_eyes_open,baseline_eyes_open,9.52105709475677,18.69928639835598,14.243809278811113,18.83557685846108,-3.3995330340985674e-05,-3.3995330340985674e-05,11.096755312931691,0.5787840098237211
10112.854406800005,baseline_eyes_open,baseline_eyes_open,16.083024347401533,9.197795701712039,7.887916542611947,-7.0301287272282025,-3.559863944246899e-05,-3.559863944246899e-05,-4.318691138897066,-19.059970328657982
10113.261278900003,baseline_eyes_open,baseline_eyes_open,-5.631024694278722,2.3088642977527343,-0.8425645885954509,6.299422953249632,-3.5226717955083586e-05,-3.5226717955083586e-05,-5.310501031451167,0.4564472947758986
10113.655352800004,baseline_eyes_open,baseline_eyes_open,7.215539071354442,23.881511854707696,13.559313006676803,3.694315844851644,-3.5565039070206694e-05,-3.5565039070206694e-05,-8.329770412516154,-15.24229380253928
10114.059545400005,baseline_eyes_closed,baseline_eyes_closed,-25.846627929645138,-19.524375120053264,-7.041718643053173,13.737587892827833,-3.307886981929187e-05,-3.307886981929187e-05,13.172048540235664,19.227754820433802
10114.441684600006,baseline_eyes_closed,baseline_eyes_closed,15.640226410904233,-0.9989775355652455,-4.91762229815231,15.719438092550718,-3.2691648812033236e-05,-3.2691648812033236e-05,-14.425338494399966,3.3396313321186426
10114.833256900005,baseline_eyes_closed,baseline_eyes_closed,-1.7186468632014567,0.6054084330489786,-6.009936104327608,-2.10232142576524,-3.286025366833201e-05,-3.286025366833201e-05,-3.6127166621604374,1.5482853534590504
10115.230609100006,baseline_eyes_closed,baseline_eyes_closed,7.986931594965881,13.544071897554204,5.032607740582989,11.683081000095626,-3.4918866731459275e-05,-3.4918866731459275e-05,0.37800450150007237,1.6822903661809505
10115.607425200007,baseline_eyes_closed,baseline_eyes_closed,-8.752048118356697,-8.566262600895698,-24.034606804241776,-35.94989547932164,-3.2421389732917305e-05,-3.2421389732917305e-05,-2.653972012520626,-8.598354657601703
10115.994202900007,baseline_eyes_closed,baseline_eyes_closed,-14.92472261923649,-0.7849281214921575,-10.823341122496004,86.01820098156531,-3.4597550438775215e-05,-3.4597550438775215e-05,-8.015082827874267,0.24243145338732575
10116.407177700008,baseline_eyes_closed,baseline_eyes_closed,-0.09472263705356454,12.560120683538116,13.337660668090393,-30.392128501056504,-3.614832712628413e-05,-3.614832712628413e-05,11.647813254508947,-0.06083278794449143
10116.794313,baseline_eyes_closed,baseline_eyes_closed,0.7300564079441756,1.4955045061356032,-1.5183265035307159,-52.07742469455479,-3.478073995211162e-05,-3.478073995211162e-05,-9.279870853567445,-18.185889771278198
10117.174571900003,baseline_eyes_closed,baseline_eyes_closed,59.895905092260364,39.2106769847328,29.380295115745866,88.8589994613476,-3.654127613117453e-05,-3.654127613117453e-05,12.278234494363005,33.28819201000806
10117.563534500003,baseline_eyes_closed,baseline_eyes_closed,-10.694264975121996,-17.238865695825098,6.022188832619577,12.821828816575362,-3.574058246158529e-05,-3.574058246158529e-05,13.5899195563984,17.320102431192026
10117.930252800003,baseline_eyes_closed,baseline_eyes_closed,3.3146047775246643,-2.35621029600361,-18.489588519328663,-91.14763246618804,-3.216957065887982e-05,-3.216957065887982e-05,-9.139820918094301,-20.375810948930848
10118.315817500003,baseline_eyes_closed,baseline_eyes_closed,22.198241644599193,16.35905348081451,15.7960197471034,-90.89250540601051,-3.449927771725925e-05,-3.449927771725925e-05,8.62773986590264,-20.847543804474753
10118.714617400003,baseline_eyes_closed,baseline_eyes_closed,68.15561704586662,56.92223468702878,25.914900602878788,56.50907457735957,-3.599195679271361e-05,-3.599195679271361e-05,11.675052029428116,23.107409047288456
10119.085071200005,baseline_eyes_closed,baseline_eyes_closed,-9.039369090845184,-8.10183419200348,-1.4563652205606559,5.528027370277414,-3.5774196476268116e-05,-3.5774196476268116e-05,-7.828880548909183,-20.033549672272784
10119.467651700004,baseline_eyes_closed,baseline_eyes_closed,4.265826155851073,5.0557579881842685,-12.275652064854512,-60.193692241274675,-3.264815950387856e-05,-3.264815950387856e-05,-6.113894364545104,-12.82680008178977
10119.828627500005,baseline_eyes_closed,baseline_eyes_closed,5.72209976983504,9.265307511634546,4.479479666977113,5.509936624223428,-3.617499623942422e-05,-3.617499623942422e-05,2.5368471872257032,2.6507374137827355
10120.239013200006,baseline_eyes_closed,baseline_eyes_closed,-16.26695882662375,-6.556368168758581,7.690101649597636,15.337379330431759,-3.640210434241453e-05,-3.640210434241453e-05,1.1364161249243807,4.558156253360266
10120.641842400006,baseline_eyes_closed,baseline_eyes_closed,16.195891593163196,4.5499170144162235,1.57554924663782,-4.408352932393427,-3.442323941271752e-05,-3.442323941271752e-05,12.712409087925607,-1.0033756810457817
10121.001869400006,baseline_eyes_closed,baseline_eyes_closed,61.43610038829024,28.617757328365315,42.225783694181246,50.08975249266359,-3.683501563500613e-05,-3.683501563500613e-05,7.270347094451154,2.02766913252799
10121.399274500005,baseline_eyes_closed,baseline_eyes_closed,2071.9360918950406,4769.833591248963,90.94450900110587,341.71611825453647,-3.597708018787671e-05,-3.597708018787671e-05,4.987857700982204,4.334102636002626
10121.790782000007,baseline_eyes_closed,baseline_eyes_closed,-962.1746792403569,-2107.2416248256236,-11.23127286030467,-293.6910681354325,-3.318950894026784e-05,-3.318950894026784e-05,14.999271615272846,4.979639207737819
10122.182213800008,baseline_eyes_closed,baseline_eyes_closed,340.6083554865859,960.0861676972636,8.91634393291588,92.77743675919146,-3.272970843681833e-05,-3.272970843681833e-05,-6.8661039794274075,-9.531138620422098
10122.588830400007,baseline_eyes_closed,baseline_eyes_closed,-33.78654490238091,-241.0162916551476,-5.624256292450809,-16.612577422602953,-3.19902692353935e-05,-3.19902692353935e-05,6.3036928272990735,0.960654174668889
10122.962382700003,baseline_eyes_closed,baseline_eyes_closed,-63.66468721898195,-103.6799150207803,-6.996802826099611,7.095242704812335,-3.315545654913876e-05,-3.315545654913876e-05,-7.816354990688978,4.050596427154687
10123.3866214,baseline_eyes_closed,baseline_eyes_closed,14.286124518819634,85.1076288211143,2.905396160959299,28.720099537367787,-3.440753607719671e-05,-3.440753607719671e-05,0.512388874507451,10.45617530976915
10123.7565852,baseline_eyes_closed,baseline_eyes_closed,-5.847068178742347,-29.211698180708936,-14.065511716934907,-34.35983036704647,-3.251164253015304e-05,-3.251164253015304e-05,-13.373589858775176,-6.400712586772443
10124.1487899,baseline_eyes_closed,baseline_eyes_closed,4.258869968818999,11.58274228513983,-1.1943082191623944,-24.12491746869182,-3.4529219192336313e-05,-3.4529219192336313e-05,-4.771558617064329,-5.346188946363327
10124.543198600002,baseline_eyes_closed,baseline_eyes_closed,7.826070283095305,-0.22135855198348509,-20.09758223028166,-16.458152288405927,-3.4991341635759454e-05,-3.4991341635759454e-05,-14.329914965383523,-18.44543941916072
10124.936063200003,baseline_eyes_closed,baseline_eyes_closed,23.62662904746503,8.028177654819046,0.0990258744309358,-17.72988085413226,-3.4825404327420983e-05,-3.4825404327420983e-05,-1.0384100443020543,0.26540846777743354
10125.338245800003,baseline_eyes_closed,baseline_eyes_closed,-24.476387007652875,-5.285813366518141,-4.0957708886758155,21.50654073487749,-3.1829491490498185e-05,-3.1829491490498185e-05,8.206438452755265,8.057310782802688
10125.738711400003,baseline_eyes_closed,baseline_eyes_closed,66.11316041069244,33.30997520218216,19.97467611240336,-17.75552913207048,-3.2328446650353726e-05,-3.2328446650353726e-05,11.188489563768144,9.804587375193023
10126.145273900003,baseline_eyes_closed,baseline_eyes_closed,3.6148627340792245,-2.9923477502575224,4.224152428902926,-15.751486382331223,-3.432861103647156e-05,-3.432861103647156e-05,-0.05004948174882884,-6.330923814049584
10126.526643200004,baseline_eyes_closed,baseline_eyes_closed,4.054150108758904,54.15306996215668,-13.853382841723487,-42.184950193697205,-3.440491036599269e-05,-3.440491036599269e-05,-16.95553374243036,-64.7996501371208
10126.926856100006,baseline_eyes_closed,baseline_eyes_closed,9.490235961400685,12.775282925393185,0.24751382342219586,-37.19093164837204,-3.745644789887592e-05,-3.745644789887592e-05,4.438127346606507,-12.07337228097822
10127.301163500008,baseline_eyes_closed,baseline_eyes_closed,-1.9015384234737667,-162.8123120033638,-5.283419935356051,198.63433873147278,-3.6729208659380674e-05,-3.6729208659380674e-05,-5.325866959105497,14.82487327052013
10127.702459900007,baseline_eyes_closed,baseline_eyes_closed,-9.164271766324418,87.39277571582534,9.963247940404472,-63.73827528670881,-3.4632895221875515e-05,-3.4632895221875515e-05,-1.0609564502010471,-11.890421741946739
10128.096647700007,baseline_eyes_closed,baseline_eyes_closed,109.75273864022734,395.9697995808024,72.9635049191952,-535.065344138251,-3.406469477340579e-05,-3.406469477340579e-05,-1.5510597723969113,3.600268454086745
10128.488592200007,baseline_eyes_closed,baseline_eyes_closed,-196.68501980429392,-282.79769387479973,-112.5896161492351,223.0970195074151,-3.546806237864075e-05,-3.546806237864075e-05,2.145243627976015,-62.9976911950298
10128.907298000007,baseline_eyes_closed,baseline_eyes_closed,78.47584521860563,40.67868808224193,33.454253740020704,-191.84285851843106,-3.407568783586612e-05,-3.407568783586612e-05,-23.963933457510393,-2.4194752400430843
10129.2835369,baseline_eyes_closed,baseline_eyes_closed,-54.82167805690597,-75.6234777387267,-15.134556413475366,-111.19845731285977,-3.322993597976165e-05,-3.322993597976165e-05,4.323115140533901,-1.8683415461373443
10129.669740500003,baseline_eyes_closed,baseline_eyes_closed,-61.19654242118918,21.174045686765112,-59.50739846620991,89.0260523728889,-3.2539212952542584e-05,-3.2539212952542584e-05,-49.53900426083601,-10.79059845134043
10130.067230200002,baseline_eyes_closed,baseline_eyes_closed,-1524.2824500192262,-1713.9671563072416,-1547.648894214633,-1716.6185885847462,-3.838783686660463e-05,-3.838783686660463e-05,-1545.550945625008,-1612.068274038746
10130.461039000003,baseline_eyes_closed,baseline_eyes_closed,1325.434814740399,1247.9137814599508,1330.813239436644,1289.542291812325,-3.499928970995825e-05,-3.499928970995825e-05,1312.474664357428,1312.4632432804137
10130.845800100002,baseline_eyes_closed,baseline_eyes_closed,-2050.497955013254,-2036.2918283183099,-2067.7145448853844,-2023.0074058431665,-3.382298382348381e-05,-3.382298382348381e-05,-2055.8613111781965,-2040.7252513691174
10131.202640000003,baseline_eyes_closed,baseline_eyes_closed,84.65636774915765,99.09043786036,88.8127644564961,94.77933876485076,-3.496119734336389e-05,-3.496119734336389e-05,88.76520056736626,95.35154645708735
10131.600391100004,baseline_eyes_closed,baseline_eyes_closed,431.6017155883146,425.504273659566,442.0845747299436,420.9540110651851,-3.387959259271156e-05,-3.387959259271156e-05,427.91576044666454,450.82935339801406
10132.007465300005,baseline_eyes_closed,baseline_eyes_closed,-451.43974606949405,-503.922783957878,-415.29353328853813,-436.4393741840404,-3.617636684793979e-05,-3.617636684793979e-05,-457.27107814959254,-451.17108587875737
10132.413872800003,baseline_eyes_closed,baseline_eyes_closed,315.2548216809623,387.8543963228558,264.2998513619741,233.02269263204744,-3.549744633346563e-05,-3.549744633346563e-05,298.74061895218256,266.67233206239416
10132.7691986,baseline_eyes_closed,baseline_eyes_closed,80.26566458431307,50.96253473934121,99.808922287928,87.75513595012035,-3.555304738256382e-05,-3.555304738256382e-05,85.98703454104634,99.97949291717669
10133.130645300005,baseline_eyes_closed,baseline_eyes_closed,15.871148723482747,45.72136785148086,40.858290741386554,88.3643492611227,-3.76397783838911e-05,-3.76397783838911e-05,57.857168958005786,65.20854534020236
10133.523992300006,baseline_eyes_closed,baseline_eyes_closed,-256.2262430735018,-244.11732913553897,-259.1989886518154,-226.61893374433203,-3.655676027847221e-05,-3.655676027847221e-05,-249.4757776109309,-243.44659200107708
10133.915736200006,baseline_eyes_closed,baseline_eyes_closed,-129.15461309809734,-120.29993104353525,-134.77797061936963,-206.72805366973353,-3.288600692030741e-05,-3.288600692030741e-05,-145.3603912525623,-170.29029744412946
10134.315322500006,baseline_eyes_closed,baseline_eyes_closed,457.8629578249338,446.7486566851576,459.0813720586207,468.1401211530083,-3.295767328381771e-05,-3.295767328381771e-05,452.97194447217,445.62288553933104
10134.677401900008,baseline_eyes_closed,baseline_eyes_closed,-452.2133914013034,-454.65396299666645,-457.1024223295376,-499.03753282155776,-3.455549358477583e-05,-3.455549358477583e-05,-465.14623583645516,-494.9798556867522
10135.076254700007,baseline_eyes_closed,baseline_eyes_closed,228.6233373227942,219.9161958997165,228.79005461056204,202.90509212605502,-3.1646538445784245e-05,-3.1646538445784245e-05,231.35429491765262,221.81716769987452
10135.436202600007,baseline_eyes_closed,baseline_eyes_closed,-22.549860635664572,-16.73545397782982,-21.085045689384515,7.171183229273083,-3.3029728911060374e-05,-3.3029728911060374e-05,-2.787067727495014,17.244834550991072
10135.809710300007,baseline_eyes_closed,baseline_eyes_closed,-191.12008305148083,-192.12854218368193,-189.46304708384878,-198.0876467384678,-3.5523918086255435e-05,-3.5523918086255435e-05,-196.06557610505524,-209.25579297815784
10136.191167400008,baseline_eyes_closed,baseline_eyes_closed,-121.09671197255875,-163.08158305366305,-144.26103855021256,-154.94769189156796,-3.399283923499752e-05,-3.399283923499752e-05,-152.30919681127534,-161.04757939751562
10136.557341100008,baseline_eyes_closed,baseline_eyes_closed,40.8640754158846,22.518766405645692,56.77557463691846,68.63631195049038,-3.383924740774091e-05,-3.383924740774091e-05,44.03379163659929,54.16264137782946
10136.968697100006,baseline_eyes_closed,baseline_eyes_closed,24.34057368893764,35.74318881077397,11.47707089734422,-15.971456932841647,-3.483944419713225e-05,-3.483944419713225e-05,17.67867067213001,-0.45203859640014343
10137.355488500001,baseline_eyes_closed,baseline_eyes_closed,-8.37198678057075,-15.97214283978974,-16.241949141388886,-56.31577778605788,-3.230751190130832e-05,-3.230751190130832e-05,-19.716498465159475,-36.56121374593704
10137.764101600002,baseline_eyes_closed,baseline_eyes_closed,-10.934360784275214,-24.13361031265231,-3.6575151419601752,19.64912535565145,-3.3826299841166474e-05,-3.3826299841166474e-05,2.865795197200441,7.919343608133659
10138.1129602,baseline_eyes_closed,baseline_eyes_closed,13.218236118439108,13.608614965862216,11.199154311700113,53.84722722206516,-3.5345202377357055e-05,-3.5345202377357055e-05,-3.381162627550111,5.403486569352026
10138.5130781,baseline_eyes_closed,baseline_eyes_closed,141.42285357372475,140.4110439993883,138.487487161638,191.96041515199613,-3.6798174733121414e-05,-3.6798174733121414e-05,143.9140707543511,175.0282004392143
10138.902034900002,baseline_eyes_closed,baseline_eyes_closed,14.171438101931926,37.18726315608001,6.108823367386776,59.937002357912206,-3.508907775540138e-05,-3.508907775540138e-05,9.809470428647728,25.492489038301755
10139.307048200002,baseline_eyes_closed,baseline_eyes_closed,-10.666843431434927,-27.07281727598138,3.441005923926241,-8.787077102681906,-3.5255445254733786e-05,-3.5255445254733786e-05,-4.959123232357342,-12.269548349674551
10139.698269800003,baseline_eyes_closed,baseline_eyes_closed,13.823518140900887,25.17014434549992,7.352887025906057,18.062400404934124,-3.402610764169367e-05,-3.402610764169367e-05,16.2756607892793,5.160352265750589
10140.109669400003,baseline_eyes_closed,baseline_eyes_closed,-16.89386669885289,-12.653507409613667,-20.522471792084616,-44.507598324542414,-3.3643481401668396e-05,-3.3643481401668396e-05,-9.003880638959345,-15.78443667394231
10140.516187600004,baseline_eyes_closed,baseline_eyes_closed,-293.79423463158423,-296.7849976902039,-292.8516292118834,-298.8362290313762,-3.436219776631333e-05,-3.436219776631333e-05,-277.3462280717431,-282.22121178439374
10140.915227400004,baseline_eyes_closed,baseline_eyes_closed,682.3616144985835,674.9430393632174,668.4281022326227,658.4322613050172,-3.224963256798219e-05,-3.224963256798219e-05,661.1236491852551,653.7705993958957
10141.299263100005,baseline_eyes_closed,baseline_eyes_closed,-231.25053143576838,-227.5005488512852,-230.02448111921467,-285.85464812103464,-3.356851902935887e-05,-3.356851902935887e-05,-222.1392307674755,-240.58635810313217
10141.657523500007,baseline_eyes_closed,baseline_eyes_closed,-763.7208702338726,-767.0910512546534,-769.3786102426293,-840.5019151574406,-3.4856913771363907e-05,-3.4856913771363907e-05,-780.0058607674473,-794.4795232314459
10142.019881700007,baseline_eyes_closed,baseline_eyes_closed,1335.9474552130264,1328.875425147985,1329.7475854764562,1286.2349742838533,-3.426241528359242e-05,-3.426241528359242e-05,1329.3079802370212,1296.2063793362267
10142.423132600008,baseline_eyes_closed,baseline_eyes_closed,-513.9840510850117,-512.1312550329685,-503.9753506290058,-517.9816200300111,-3.10031746266759e-05,-3.10031746266759e-05,-517.0982346848173,-520.8716676309487
10142.813441300008,baseline_eyes_closed,baseline_eyes_closed,168.6027701104167,164.15460962530142,175.57326716260832,173.27148806268542,-3.223283692932455e-05,-3.223283692932455e-05,160.44932913136654,166.29284266403556
10143.221592700002,baseline_eyes_closed,baseline_eyes_closed,-69.15593378066842,-69.97997870059771,-67.88881336500754,-84.02982241752215,-3.392555026948685e-05,-3.392555026948685e-05,-60.72200316388535,-62.46898910584878
10143.606441400001,baseline_eyes_closed,baseline_eyes_closed,351.8951998694515,332.52686581487615,352.42331750920584,342.0449921360332,-3.432466837693937e-05,-3.432466837693937e-05,357.7932872551437,345.0032517514592
10143.973933500001,baseline_eyes_closed,baseline_eyes_closed,-157.1762694453073,-142.80005801271,-158.77862201427342,-149.7775414235275,-3.507860765239457e-05,-3.507860765239457e-05,-137.81672063401493,-114.74674045754728
10144.3628769,baseline_eyes_closed,baseline_eyes_closed,235.6743436845395,228.07130798619164,228.72391284367313,206.5407243415002,-3.616969388531288e-05,-3.616969388531288e-05,221.77861013057282,217.1832068161566
10144.690295400002,baseline_eyes_closed,baseline_eyes_closed,135.5556668062086,127.85423401732442,121.67802570028562,42.74487938127368,-3.329213268443709e-05,-3.329213268443709e-05,112.1496344523548,86.54573300116226
10145.041555700001,baseline_eyes_closed,baseline_eyes_closed,208.6688283503704,153.97324530044534,227.46386848722523,224.89200078861268,-3.445560378168011e-05,-3.445560378168011e-05,185.76189341939153,193.9825992467804
10145.438997700001,baseline_eyes_closed,baseline_eyes_closed,-69.84458418380018,55.48481122603607,-84.58494670062555,-55.183779764683095,-3.512038892949931e-05,-3.512038892949931e-05,-31.76150839688671,-25.819555868371936
10145.8164457,baseline_eyes_closed,baseline_eyes_closed,-7.052801906938839,-49.590495943982205,-13.320112080941726,-48.57839593596873,-3.6482245377555955e-05,-3.6482245377555955e-05,-36.41025803815319,-49.10199479311177
10146.2064919,baseline_eyes_closed,baseline_eyes_closed,108.26812168238439,132.64327476958078,122.91314223059999,116.73941221166024,-3.385615491424687e-05,-3.385615491424687e-05,135.15069946565745,121.38553120482356
10146.619284600001,baseline_eyes_closed,baseline_eyes_closed,-27.376811510265725,-25.59802968436088,-33.559151240415304,-28.493930114439536,-3.418434789637104e-05,-3.418434789637104e-05,-60.316716467807055,-50.986942519451986
10147.010194600003,baseline_eyes_closed,baseline_eyes_closed,-759.1820348096526,-768.084592405783,-756.1352969209738,-785.7584054729878,-3.6679767617897596e-05,-3.6679767617897596e-05,-758.3341203851633,-769.3565274898265
10147.416910800002,baseline_eyes_closed,baseline_eyes_closed,322.8555282860452,326.4396523992309,322.842430360256,390.5020359855607,-3.4716043046501e-05,-3.4716043046501e-05,302.32217303490324,327.4705489730077
10147.766356800004,baseline_eyes_closed,baseline_eyes_closed,-582.2490731476437,-576.4539495819436,-572.946631531172,-534.4301697914125,-3.316688344057184e-05,-3.316688344057184e-05,-555.9140453874916,-544.99286516555
10148.128754200005,baseline_eyes_closed,baseline_eyes_closed,429.1042924323633,424.4352800323477,433.96715773898904,477.49561838844875,-3.379093868716154e-05,-3.379093868716154e-05,442.21827517973907,453.51385650992233
10148.526636300005,baseline_eyes_closed,baseline_eyes_closed,-11.154800260638694,1.783317352920676,-15.129985058270904,-11.01233895257701,-3.488711081445217e-05,-3.488711081445217e-05,-10.207776514597754,-5.542768467758833
10148.934364900006,baseline_eyes_closed,baseline_eyes_closed,90.65125880782671,91.70424327165165,86.95084454620746,98.29947236290718,-3.345187633385649e-05,-3.345187633385649e-05,118.70441316211418,121.88539987525019
10149.285563800006,baseline_eyes_closed,baseline_eyes_closed,-79.07897077403959,-89.77905950233526,-83.19409345129361,-104.49814028255787,-3.455139994912315e-05,-3.455139994912315e-05,-80.50659951867692,-90.63591578484284
10149.682980400006,baseline_eyes_closed,baseline_eyes_closed,976.5185846628083,979.7618745894142,976.0577631537326,987.2190107286187,-3.5663861126522534e-05,-3.5663861126522534e-05,965.3593997613843,976.8538825161231
10150.089386200005,baseline_eyes_closed,baseline_eyes_closed,-361.64038967711986,-349.4599870549155,-353.8252324531877,-281.25453733399263,-3.4232213693030644e-05,-3.4232213693030644e-05,-338.41275774165297,-314.7970507090222
10150.492873200006,baseline_eyes_closed,baseline_eyes_closed,-175.5896815457495,-173.12332476234133,-180.52025487738956,-181.7031942855101,-3.3744277970981784e-05,-3.3744277970981784e-05,-177.05352152359046,-181.57059778326766
10150.867251200007,baseline_eyes_closed,baseline_eyes_closed,177.43969251485987,163.57484794149696,166.05277143117473,157.46984511280152,-3.292758083262015e-05,-3.292758083262015e-05,169.44295909596076,159.27063735189677
10151.240513700008,baseline_eyes_closed,baseline_eyes_closed,-143.5480196450353,-129.91931657539226,-152.45818357297958,-192.41411397906904,-3.492227006063331e-05,-3.492227006063331e-05,-146.6127837874228,-149.2855409857675
10151.633185200006,baseline_eyes_closed,baseline_eyes_closed,404.37584176825794,404.7068481227425,409.8393911496478,460.75971547572317,-3.208511861885199e-05,-3.208511861885199e-05,411.15165072086074,421.844453818072
10152.037694,baseline_eyes_closed,baseline_eyes_closed,-349.6558224253058,-348.3347559711401,-349.088214617605,-366.94664489776187,-3.259205368522089e-05,-3.259205368522089e-05,-362.6900782438388,-348.4211296299345
10152.442802500002,baseline_eyes_closed,baseline_eyes_closed,437.96194376268477,431.9001366957227,443.7491593756158,476.48614575533884,-3.7318788599804975e-05,-3.7318788599804975e-05,416.65761281516734,444.89562101114007
10152.7940565,baseline_eyes_closed,baseline_eyes_closed,-139.0519052633058,-150.06194193394367,-159.50552242550611,-182.7430299042344,-3.6088719753024634e-05,-3.6088719753024634e-05,-146.21409123654485,-148.18437395927958
10153.158154000002,baseline_eyes_closed,baseline_eyes_closed,-0.9830930260582136,1.1277054369147663,-2.6429061009894212,-19.473088780744547,-3.523573832353577e-05,-3.523573832353577e-05,-4.9745581887636945,-8.543747910372076
10153.560757700003,baseline_eyes_closed,baseline_eyes_closed,30.324475142959727,36.1096245126073,26.127090498565394,34.02537721865701,-3.7795777643623296e-05,-3.7795777643623296e-05,56.36497625844049,47.855317063491384
10153.925899400003,baseline_eyes_closed,baseline_eyes_closed,-18.629349204932623,-16.129192312748273,-24.115690112735592,-12.737164176021906,-3.6656970223702956e-05,-3.6656970223702956e-05,-39.74615261568124,-31.85235379121241
10154.315729300002,baseline_eyes_closed,baseline_eyes_closed,11.997169843340544,12.594119707774553,13.781651307831908,-17.909122561444747,-3.367342651472427e-05,-3.367342651472427e-05,14.075254873324411,-1.3181654004629308
10154.718566000003,baseline_eyes_closed,baseline_eyes_closed,-45.84405728403772,-40.23987343429144,-52.297161931501705,-39.82155269287432,-3.533912786224391e-05,-3.533912786224391e-05,-51.54455616162522,-35.29420846836638
10155.119906100004,baseline_eyes_closed,baseline_eyes_closed,6.892988758430874,17.580366446159132,10.44480212348708,9.035457799153846,-3.46970109603717e-05,-3.46970109603717e-05,6.285792980079805,13.455668653831708
10155.472719900004,baseline_eyes_closed,baseline_eyes_closed,10.864544818948616,3.4921006398508325,-0.7910121635773066,38.280780286228946,-3.539914996508742e-05,-3.539914996508742e-05,7.015610349687904,31.110898999948404
10155.877612700004,baseline_eyes_closed,baseline_eyes_closed,-36.92977055542269,-15.874619812406308,-14.49138690902464,-26.470330145847583,-3.572070909285685e-05,-3.572070909285685e-05,6.2465119239836895,-0.3073856772507497
10156.285114500004,baseline_eyes_closed,baseline_eyes_closed,118.44437965144016,98.36377062277916,99.36770073918206,96.87239868716279,-3.538639975886326e-05,-3.538639975886326e-05,72.58274413255958,70.0670981942103
10156.635921400008,baseline_eyes_closed,baseline_eyes_closed,-80.12708684228937,-75.16788343134249,-48.85682800065433,-30.806828519628652,-3.084548643528251e-05,-3.084548643528251e-05,-46.77431632959906,-46.861398580721925
10157.033118100006,baseline_eyes_closed,baseline_eyes_closed,-46.31228870955056,-45.9032034302636,-47.098046628525935,-55.902077847113105,-3.458740502537694e-05,-3.458740502537694e-05,-40.28257840337028,-47.20384923052643
10157.406999600002,baseline_eyes_closed,baseline_eyes_closed,51.385716669089106,47.09372837262708,46.688118414594555,77.28640760280996,-3.507383826217847e-05,-3.507383826217847e-05,45.721789796267785,74.29109245154586
10157.778976000005,baseline_eyes_closed,baseline_eyes_closed,-0.3463542627887364,0.5127343398189623,-4.009675419024461,-13.416674748918922,-3.381638180144364e-05,-3.381638180144364e-05,-19.277966085138814,-27.304243726398454
10158.199303300005,baseline_eyes_closed,baseline_eyes_closed,-3.6046970241463896,-9.566469087438236,-3.5038969622819423,-21.920035967565127,-3.58355418939027e-05,-3.58355418939027e-05,-32.71150510792722,-31.58931651646344
10158.585854300007,baseline_eyes_closed,baseline_eyes_closed,-35.2193834810696,-35.26540229787497,-36.19034082781445,-57.05142150581287,-3.504756841721246e-05,-3.504756841721246e-05,-31.686553214944524,-36.75570560001006
10158.993779300008,baseline_eyes_closed,baseline_eyes_closed,8.14987418231658,6.442453057879902,-0.09788838727490656,-4.434966162496494,-3.64908364645089e-05,-3.64908364645089e-05,15.26520328166589,31.68675748001897
10159.380329700001,baseline_eyes_closed,baseline_eyes_closed,5.304954139969595,4.365628511936848,2.9976583920943085,-30.425540025448754,-3.6429910323931836e-05,-3.6429910323931836e-05,-6.677148983308598,-20.004383062234865
10159.753240500002,baseline_eyes_closed,baseline_eyes_closed,11.2177331075668,27.926303215889675,6.976781406496684,11.407554708432144,-3.388224376976723e-05,-3.388224376976723e-05,10.583241891848502,18.42843412010643
10160.163267600003,baseline_eyes_closed,baseline_eyes_closed,2209.537966328403,2217.5759302787164,2204.7209096788433,2167.653655110058,-3.414057573536411e-05,-3.414057573536411e-05,2164.728825637084,2166.600434739753
10160.547067600002,baseline_eyes_closed,baseline_eyes_closed,-1021.2231659571185,-1019.5380037459963,-1010.4474392033931,-951.2853930841338,-3.4812949706974905e-05,-3.4812949706974905e-05,-1025.1790973357715,-997.5535527504853
10160.949578600002,baseline_eyes_closed,baseline_eyes_closed,-181.1797678124799,-187.31647894764865,-179.57710607304443,-197.16127101920483,-3.348221525811823e-05,-3.348221525811823e-05,-196.6231798667468,-182.37537742203767
10161.335966700002,baseline_eyes_closed,baseline_eyes_closed,344.5390615101992,346.2133449425273,330.2300750820423,328.9192317303159,-3.3361746318405494e-05,-3.3361746318405494e-05,319.45326948881484,324.9864509517238
10161.729657000002,baseline_eyes_closed,baseline_eyes_closed,-99.06613064401199,-107.98796315416257,-91.70713913891768,-92.80257255293509,-3.4119514566555154e-05,-3.4119514566555154e-05,-123.21541499015211,-103.69331078140658
10162.111181900007,baseline_eyes_closed,baseline_eyes_closed,22.651262687427334,17.157014667908697,21.53675649816205,-2.3993165502261036,-3.6647776141762733e-05,-3.6647776141762733e-05,4.720244789205026,-12.845115667023492
10162.503532000008,baseline_eyes_closed,baseline_eyes_closed,51.64866548937243,49.761409468457714,48.25168552777404,73.67178493589199,-3.645575088739861e-05,-3.645575088739861e-05,43.69188235931597,46.032199990535446
10162.898629900008,baseline_eyes_closed,baseline_eyes_closed,66.41561239505154,65.93280838771625,71.77259334607197,55.64646946198627,-3.490001836325973e-05,-3.490001836325973e-05,80.51784534796843,96.97721338627889
10163.298038100002,baseline_eyes_closed,baseline_eyes_closed,-241.8084068536141,-247.76697831217461,-247.05102836190053,-280.4973327367761,-3.47251752828015e-05,-3.47251752828015e-05,-211.76403383396473,-233.53132040832088
10163.665558900002,baseline_eyes_closed,baseline_eyes_closed,178.657685614628,174.15055648267935,183.6769701499329,151.950195818662,-3.493681469990406e-05,-3.493681469990406e-05,194.75795545524898,172.74800991656502
10164.063803500007,baseline_eyes_closed,baseline_eyes_closed,14.816116620271714,23.206996473748404,8.573098397792364,20.639060593706745,-3.405648203624878e-05,-3.405648203624878e-05,20.61958791560437,42.41496650070576
10164.460410400006,baseline_eyes_closed,baseline_eyes_closed,17.692076474070745,27.426850627281055,7.241977440522078,-17.71145463554967,-3.424318401812343e-05,-3.424318401812343e-05,3.842866048310043,-10.388261744060856
10164.851114700008,baseline_eyes_closed,baseline_eyes_closed,-29.304111570813347,-31.821291172333076,-18.92368293836671,-20.45281846567741,-3.437773102632491e-05,-3.437773102632491e-05,-11.716193953152924,-23.998962918636153
10165.2814171,baseline_eyes_closed,baseline_eyes_closed,10.89183154460261,21.013747483042607,-0.6402281735322504,-12.134249929329599,-3.298537922091782e-05,-3.298537922091782e-05,22.06504070797564,11.54371493337976
10165.654375500002,baseline_eyes_closed,baseline_eyes_closed,68.67773773762065,62.66186299282799,62.18213038504655,44.80139750008948,-3.4149284147133585e-05,-3.4149284147133585e-05,44.08747267223498,60.020285376072934
10166.068241900002,baseline_eyes_closed,baseline_eyes_closed,-21.343443470170314,-23.558624012928703,-8.962890126192633,-18.5610830395799,-3.5095828025077935e-05,-3.5095828025077935e-05,3.332829785866579,-14.374801110970111
10166.443228800003,baseline_eyes_closed,baseline_eyes_closed,21.27147055819023,25.826189865050765,2.6035474093873745,20.750656405122754,-3.661809114419157e-05,-3.661809114419157e-05,6.51964382250344,4.851102450702911
10166.844748500002,baseline_eyes_closed,baseline_eyes_closed,-223.47168346659123,-210.99085297610236,-209.70986627016418,-198.63789425928735,-3.2102643672260456e-05,-3.2102643672260456e-05,-157.62864532621916,-163.23123267162373
10167.207493700002,baseline_eyes_closed,baseline_eyes_closed,207.93834306699182,203.74623530443023,195.30252142523477,138.9016276430766,-3.279143675172236e-05,-3.279143675172236e-05,186.32162103943392,169.57147684264646
10167.603305000002,baseline_eyes_closed,baseline_eyes_closed,-67.46470739119331,-55.828580766000414,-72.9920021943476,-5.547758815725501,-3.557000763976248e-05,-3.557000763976248e-05,-81.77101366812849,-84.29479014341314
10168.006147400003,baseline_eyes_closed,baseline_eyes_closed,1191.7303014619524,1191.4683718519873,1190.2358251932237,1209.6995707916612,-3.380683938303264e-05,-3.380683938303264e-05,1183.5298636091443,1189.531139038098
10168.388175200003,baseline_eyes_closed,baseline_eyes_closed,-643.0644197568813,-659.8651538909535,-647.4568040374843,-580.8574067817444,-3.4670630157052074e-05,-3.4670630157052074e-05,-660.1731904020671,-648.7499332720627
10168.799005700004,baseline_eyes_closed,baseline_eyes_closed,47.653231880876774,53.78021833570983,49.70867334396371,59.09854156874644,-3.3292318221356254e-05,-3.3292318221356254e-05,80.28997057975585,90.31898079703296
10169.190430500006,baseline_eyes_closed,baseline_eyes_closed,207.07751985534287,204.81927983905734,212.86340358441157,218.96288147736323,-3.5928728721046355e-05,-3.5928728721046355e-05,222.8651306434731,222.26510631053134
10169.589361100006,baseline_eyes_closed,baseline_eyes_closed,-82.36020792379304,-88.91940671935117,-81.67762610382988,-24.859269822720307,-3.5895609471481293e-05,-3.5895609471481293e-05,-73.80374864969053,-59.20664897382312
10170.000926500006,baseline_eyes_closed,baseline_eyes_closed,181.5023871556964,179.131052160099,173.35955983618396,41.01800199480658,-3.367815043020528e-05,-3.367815043020528e-05,185.7316943400997,161.43235365504006
10170.405975400006,baseline_eyes_closed,baseline_eyes_closed,-951.7202175586008,-952.227143751742,-973.6877425347648,-891.9194875230896,-3.3720254577929154e-05,-3.3720254577929154e-05,-969.2220749680932,-933.4669981049142
10170.7917882,baseline_eyes_closed,baseline_eyes_closed,820.7685335284477,820.5051971749253,832.0089494208282,737.9739701276612,-3.1569200473313686e-05,-3.1569200473313686e-05,832.4609922863237,800.4368598642341
10171.1815329,baseline_eyes_closed,baseline_eyes_closed,-653.5754625806921,-649.9639203336965,-651.5651165171107,-663.3695840686746,-3.3736891964508686e-05,-3.3736891964508686e-05,-660.1580263374594,-668.6697014172523
10171.5429514,baseline_eyes_closed,baseline_eyes_closed,213.8867009809187,215.30419482153684,215.5028808527827,191.9882468245869,-3.6867510971205775e-05,-3.6867510971205775e-05,212.46292772718516,185.52313815824573
10171.9189583,baseline_eyes_closed,baseline_eyes_closed,26.846135807738392,11.268786905353409,19.391268807544293,-15.206068270997093,-3.366314558661543e-05,-3.366314558661543e-05,25.201079253372427,8.797510778260857
10172.285914900003,baseline_eyes_closed,baseline_eyes_closed,-103.92996477591532,-96.33272501494503,-90.9572371073209,-22.188778928725696,-3.257463231420843e-05,-3.257463231420843e-05,-96.02224193429629,-69.27523545520762
10172.647071100002,baseline_eyes_closed,baseline_eyes_closed,92.66264322862662,93.09721193601672,91.18085254134257,89.68728500880206,-3.4025541026494466e-05,-3.4025541026494466e-05,102.46167795218025,96.85087239177301
10173.035762000003,baseline_eyes_closed,baseline_eyes_closed,-47.46207347874997,-41.610769770449224,-45.98235040341024,-14.914721519817249,-3.537823613442015e-05,-3.537823613442015e-05,-14.64907021091858,-21.798694942395286
10173.390831900002,baseline_eyes_closed,baseline_eyes_closed,-44.63973205680122,-44.01883155721225,-44.277365088514216,-54.196567544284335,-3.333733639010461e-05,-3.333733639010461e-05,-49.85220872187983,-48.61237758865536
10173.767222200002,baseline_eyes_closed,baseline_eyes_closed,237.02386128897342,232.28154737594014,235.84859841499792,218.51868206318522,-3.083869614783907e-05,-3.083869614783907e-05,237.24815980445965,221.0984626660429
10174.142219700003,baseline_eyes_closed,baseline_eyes_closed,-109.72944500645053,-118.22117688238995,-116.2020542224368,-164.47229507976226,-3.450453368714079e-05,-3.450453368714079e-05,-142.34393043488353,-140.49974485330313
10174.515844800002,baseline_eyes_closed,baseline_eyes_closed,241.5703249917883,247.33998590919418,238.36425912616505,252.68669001490798,-3.7428784708026797e-05,-3.7428784708026797e-05,238.49506771500955,237.1296445604503
10174.876945600003,baseline_eyes_closed,baseline_eyes_closed,-314.799556518994,-310.88626420379114,-316.1080414882417,-303.7175031557608,-3.537626616889611e-05,-3.537626616889611e-05,-315.06750870106725,-304.18746849298986
10175.266995000002,baseline_eyes_closed,baseline_eyes_closed,55.67483100704203,54.85260855239176,61.461296745646905,67.48626536422398,-3.6155127418169286e-05,-3.6155127418169286e-05,72.35191865748084,75.25421748907502
10175.664444100003,baseline_eyes_closed,baseline_eyes_closed,40.869298315700235,46.27425741280058,44.700410421718516,48.177576474006855,-3.3547900784469675e-05,-3.3547900784469675e-05,57.395474743286286,38.26117823264576
10176.060401100003,baseline_eyes_closed,baseline_eyes_closed,99.06705808227616,99.70585530053177,96.77698099306826,94.48527952199402,-3.469959301583003e-05,-3.469959301583003e-05,87.88600398843982,90.65573917906386
10176.455725000003,baseline_eyes_closed,baseline_eyes_closed,-130.06799994213407,-126.24796703823358,-135.1010549089615,-165.60326826068194,-3.465124700596789e-05,-3.465124700596789e-05,-132.45160554456743,-141.84972837205987
10176.829280600006,baseline_eyes_closed,baseline_eyes_closed,531.8436285550042,532.1696690326435,535.0321869102022,525.613621154429,-3.158924391755136e-05,-3.158924391755136e-05,543.3473496326724,534.1660085220483
10177.223168700006,baseline_eyes_closed,baseline_eyes_closed,-304.07698732355766,-311.8077592271293,-310.68199683814555,-310.51790567574244,-3.345004643051652e-05,-3.345004643051652e-05,-306.7678390648416,-309.761502939808
10177.631117400006,baseline_eyes_closed,baseline_eyes_closed,327.87320919305375,335.204183745258,325.56240497998215,351.86683921929125,-3.532202754286118e-05,-3.532202754286118e-05,342.2689921467986,351.0433973672107
10178.0215912,baseline_eyes_closed,baseline_eyes_closed,-25.261033942398626,-30.414282170239858,-28.89880059259349,-56.29916994305131,-3.315268077130895e-05,-3.315268077130895e-05,-26.93810827853804,-40.13347558880105
10178.3942012,baseline_eyes_closed,baseline_eyes_closed,-65.32541441216654,-80.46998800018355,-65.13436678412017,-83.69724129668248,-3.46194992744131e-05,-3.46194992744131e-05,-74.47772423506512,-70.4334869443428
10178.781847500002,baseline_eyes_closed,baseline_eyes_closed,66.17783473045347,66.27801973713213,66.89065402265715,71.83662170408206,-3.6116811315878294e-05,-3.6116811315878294e-05,45.52790927696242,42.77520538840463
10179.182225600007,baseline_eyes_closed,baseline_eyes_closed,0.3273298295193854,9.74070969596778,7.203840683121143,6.983946944867057,-3.345363620610442e-05,-3.345363620610442e-05,40.64972729130068,26.940455765621664
10179.568665500008,baseline_eyes_closed,baseline_eyes_closed,-497.79342664972364,-498.392620995231,-492.23450141304374,-449.8505879348604,-3.473374636087101e-05,-3.473374636087101e-05,-486.17837154570816,-492.3197310043006
10179.999516700007,baseline_eyes_closed,baseline_eyes_closed,293.6568656255058,302.92366068266165,290.551139816499,306.0339248503178,-3.446201935730642e-05,-3.446201935730642e-05,290.60251281936326,303.2191769008564
10180.355629000005,baseline_eyes_closed,baseline_eyes_closed,-110.44308096519035,-113.79462818793309,-118.07290354527322,-110.53975813855686,-3.459850177023327e-05,-3.459850177023327e-05,-125.24887713305452,-117.59084066429386
10180.745929500003,baseline_eyes_closed,baseline_eyes_closed,175.03829940233254,180.0239290015552,178.70819723922205,196.28399927074588,-3.483195905573666e-05,-3.483195905573666e-05,212.78599109065453,227.62247994725112
10181.126031900003,baseline_eyes_closed,baseline_eyes_closed,-102.70297222225963,-105.88357921061652,-105.82790896468259,-83.51533192156239,-3.5856007343681995e-05,-3.5856007343681995e-05,-114.23624180318848,-106.81230010170339
10181.515951500003,baseline_eyes_closed,baseline_eyes_closed,195.26817379861131,197.6500729619347,195.54066668624955,165.98955868738904,-3.5213866794947535e-05,-3.5213866794947535e-05,196.22135936080758,180.77003709653764
10181.872034100003,baseline_eyes_closed,baseline_eyes_closed,213.56109518405583,212.3284486430748,209.8533808235602,212.94230412192337,-3.314238620077958e-05,-3.314238620077958e-05,204.0831023875421,205.24626837962933
10182.254801400002,baseline_eyes_closed,baseline_eyes_closed,168.3293945128662,164.98087239074357,165.59988812275742,125.5278805429889,-3.431692766753258e-05,-3.431692766753258e-05,143.0999500918674,151.79996113837115
10182.625681400003,baseline_eyes_closed,baseline_eyes_closed,-8.85075731383722,-16.473207226607883,-14.267995648145188,-34.87805499679507,-3.519968049658928e-05,-3.519968049658928e-05,-10.792437483765752,-30.460451441707846
10183.018319500003,baseline_eyes_closed,baseline_eyes_closed,-118.50315416569083,-114.14978742015865,-113.6898579036465,-122.53099787397241,-3.440078580752015e-05,-3.440078580752015e-05,-120.5032474806003,-118.7478946679048
10183.408426500002,baseline_eyes_closed,baseline_eyes_closed,69.53026972820135,66.56537696946543,65.1881977748817,94.74605851989327,-3.7795274693053216e-05,-3.7795274693053216e-05,54.6259904000126,70.87278560962295
10183.808553900004,baseline_eyes_closed,baseline_eyes_closed,38.73342654783255,61.310924065077415,54.87412966342163,114.3292798457378,-3.633480991993565e-05,-3.633480991993565e-05,83.07610347262744,108.38138153199452
10184.170905600004,baseline_eyes_closed,baseline_eyes_closed,-410.50892483323196,-409.49089450532847,-403.6811063436562,-365.1735618544317,-3.2786879273771774e-05,-3.2786879273771774e-05,-400.56856118317864,-383.7223484190872
10184.521069100005,baseline_eyes_closed,baseline_eyes_closed,194.127651328095,188.36680653159783,193.02362153209378,158.10933680744438,-2.947891607618658e-05,-2.947891607618658e-05,184.25836954570605,151.07425271366628
10184.929029400006,baseline_eyes_closed,baseline_eyes_closed,-309.2423963911956,-312.7899075713731,-324.5261940795481,-308.29589932801537,-3.3982275454036426e-05,-3.3982275454036426e-05,-331.48252383450654,-349.7727865388415
10185.318001100006,baseline_eyes_closed,baseline_eyes_closed,129.81779043403913,126.1918571651513,134.91518916956284,131.43755205770412,-3.358330013725208e-05,-3.358330013725208e-05,136.42069325992907,155.47620181751245
10185.674419700006,baseline_eyes_closed,baseline_eyes_closed,-225.2951146235364,-219.9442517013431,-235.6523380905178,-243.48094150938596,-3.220369035261683e-05,-3.220369035261683e-05,-235.17035698654308,-247.44129850454374
10186.088113500005,baseline_eyes_closed,baseline_eyes_closed,66.00354720254654,70.9383323940483,66.85749326638097,94.84293401046943,-3.417755306145409e-05,-3.417755306145409e-05,97.07223562664694,111.62311124295229
10186.450391,baseline_eyes_closed,baseline_eyes_closed,263.8907562575346,265.29933854839965,263.6639376527987,258.1298422191876,-3.5217724871472456e-05,-3.5217724871472456e-05,256.6374267811907,247.67672204553946
10186.833448700007,baseline_eyes_closed,baseline_eyes_closed,-224.1060454767453,-219.91152819405397,-223.23433911779648,-232.15527076884518,-3.420126449782401e-05,-3.420126449782401e-05,-223.78765681650657,-217.19518170328047
10187.241037100008,baseline_eyes_closed,baseline_eyes_closed,609.256296366193,596.6325661040473,612.1423918073988,582.8106000114194,-3.579232816264266e-05,-3.579232816264266e-05,603.3165261179183,440.41349188111417
10187.593593100008,baseline_eyes_closed,baseline_eyes_closed,-145.1076631694964,-141.612326789098,-148.8820450321905,-149.6419658291179,-3.405779625609284e-05,-3.405779625609284e-05,-143.63165833211679,-72.46754658116333
10187.987961000008,baseline_eyes_closed,baseline_eyes_closed,-70.56758357101262,-72.23186188319778,-69.01990583289171,-44.3260052403557,-3.6139470466878265e-05,-3.6139470466878265e-05,-76.2661790325028,-46.05815210458968
10188.418672500007,baseline_eyes_closed,baseline_eyes_closed,63.9693681194708,63.99604251015626,64.67706183856262,71.12286020821284,-3.5885483157471754e-05,-3.5885483157471754e-05,44.847237573066195,14.858165811738218
10188.7899373,baseline_eyes_closed,baseline_eyes_closed,-32.45230813668695,-32.135027413796706,-38.91826258124911,-26.94334592143605,-3.3060139685403556e-05,-3.3060139685403556e-05,-6.9394673401830005,2.2387390257217703
10189.175833400002,baseline_eyes_closed,baseline_eyes_closed,21.06623739886163,18.148906938057735,11.467104319016471,-10.019627734842288,-3.46563329003402e-05,-3.46563329003402e-05,2.803233783158248,12.286653165910138
10189.567601200002,baseline_eyes_closed,baseline_eyes_closed,-7.085247332624931,-1.8589341400056583,16.938449400458012,28.195624753409902,-3.351431860210141e-05,-3.351431860210141e-05,24.439384487907773,2.9149671054228747
10189.918303600003,baseline_eyes_closed,baseline_eyes_closed,-81.62597786411789,-89.30448384436659,-67.85358727953462,-93.3147760914162,-3.3969034120673314e-05,-3.3969034120673314e-05,-82.10139599093054,-67.6345613270114
10190.313866800003,baseline_eyes_closed,baseline_eyes_closed,-53.07255196459482,-67.58684319504209,-64.62731693211572,-63.96590439190004,-3.5876163565262686e-05,-3.5876163565262686e-05,-70.80949021349261,-63.471492800593296
10190.705915000002,baseline_eyes_closed,baseline_eyes_closed,81.69510152539078,73.37082389159332,93.70146091931656,16.44538009500411,-3.693174039653968e-05,-3.693174039653968e-05,70.21684262421604,32.822130498337174
10191.111863100003,baseline_eyes_closed,baseline_eyes_closed,14.858324214108507,5.796324386842571,2.2165601834640256,-31.168141108248165,-3.3819882446550764e-05,-3.3819882446550764e-05,-24.641095682791274,-38.88524096884248
10191.501087700004,baseline_eyes_closed,baseline_eyes_closed,-3.626336630755304,-3.625469699837595,-10.55218204415496,-23.99964539395296,-3.348824338900158e-05,-3.348824338900158e-05,-24.11988328359439,-26.736423194628514
10191.902720200003,baseline_eyes_closed,baseline_eyes_closed,-19.550750605245412,-20.069432969376976,-25.04944544493219,-25.50894659511505,-3.5503701838024426e-05,-3.5503701838024426e-05,-25.54931418888009,-41.45199100067293
10192.301463100004,baseline_eyes_closed,baseline_eyes_closed,28.85676919790285,32.36462366601154,21.091777289961556,37.505447844382616,-3.328010552650085e-05,-3.328010552650085e-05,-9.124812242513144,14.343151839401798
10192.660706900006,baseline_eyes_closed,baseline_eyes_closed,-32.032007410458846,-27.600268272376525,-33.76509086836768,-3.1102748483463074,-3.107826250925427e-05,-3.107826250925427e-05,-43.994258217973766,-31.961604126772727
10193.049965700004,baseline_eyes_closed,baseline_eyes_closed,-16.280506759577293,-19.931671648783777,-10.221433197095394,-23.089203754731898,-3.2322998777090106e-05,-3.2322998777090106e-05,-10.394049416247071,-29.649374638326663
10193.466387400003,baseline_eyes_closed,baseline_eyes_closed,59.50453024786066,56.5033370605197,51.519061471001805,33.775385064434886,-3.488342099444708e-05,-3.488342099444708e-05,33.08795540436404,42.10490659281459
10193.857975100005,baseline_eyes_closed,baseline_eyes_closed,-88.13622508069056,-84.42967756561393,-87.03805354364567,-59.142230175126315,-3.4532630706962664e-05,-3.4532630706962664e-05,-92.79302438898594,-87.54762689124709
10194.258510000005,baseline_eyes_closed,baseline_eyes_closed,44.529051170812636,45.42219798183578,36.47489881505771,5.053581206155286,-3.639286842371803e-05,-3.639286842371803e-05,30.05746520329103,27.981649749543976
10194.647214500006,baseline_eyes_closed,baseline_eyes_closed,8.978243861705323,12.356054319206123,3.0975313767212356,53.16352534078487,-3.475641915429151e-05,-3.475641915429151e-05,-19.129195263172278,-3.788438861116447
10195.026262500007,baseline_eyes_closed,baseline_eyes_closed,-7.509994843639561,-11.038866545703058,-6.370736684083113,-48.017993978079176,-3.637090321717551e-05,-3.637090321717551e-05,6.767066414643523,-17.510629910772877
10195.428635100006,baseline_eyes_closed,baseline_eyes_closed,-8.35799543994699,-13.83392911233841,-10.71104272657567,-0.7000691718621965,-3.6907534195051994e-05,-3.6907534195051994e-05,-4.529722940908414,-13.642659072816969
10195.818510600007,baseline_eyes_closed,baseline_eyes_closed,-22.983379754329235,-16.269945979614022,-9.819404079710694,-14.915456856913806,-3.422623103688238e-05,-3.422623103688238e-05,-1.0964281828360072,8.655633957781902
10196.2244123,baseline_eyes_closed,baseline_eyes_closed,115.01297348992784,118.83771124872146,116.37903977433098,84.35875370733538,-3.171581647620769e-05,-3.171581647620769e-05,115.43172465074713,98.1502602492119
10196.598313800003,baseline_eyes_closed,baseline_eyes_closed,-236.76417111221917,-234.76542360878193,-210.34674297494394,-204.0338351857963,-3.427843876124825e-05,-3.427843876124825e-05,-182.67251215973693,-187.44778891631904
10196.973519500003,baseline_eyes_closed,baseline_eyes_closed,244.2026440716545,259.5491410879622,230.18582806759105,221.3728311544146,-3.62050468538655e-05,-3.62050468538655e-05,245.91420192897385,226.54394025118836
10197.334606000002,baseline_eyes_closed,baseline_eyes_closed,-72.80833653396257,-81.56577365455087,-71.04437114801658,-18.24012932842561,-3.502802701405017e-05,-3.502802701405017e-05,-74.49155969502135,-54.81413176353317
10197.697690500003,baseline_eyes_closed,baseline_eyes_closed,-33.374369797740655,-23.378983065785178,-29.82809805053421,-19.21092808434696,-3.537201428116532e-05,-3.537201428116532e-05,-7.659277368561106,-14.571861380917198
10198.103258700003,baseline_eyes_closed,baseline_eyes_closed,25.127784886210975,13.452274696980567,24.83765025407638,6.817475209140866,-3.454740726738237e-05,-3.454740726738237e-05,25.64236211874004,12.12420617323005
10198.456744500005,baseline_eyes_closed,baseline_eyes_closed,-12.451878049065726,-12.750048036064982,-3.911647149032433,-15.393033523833765,-3.69172330465517e-05,-3.69172330465517e-05,-9.499561018134045,-11.189597698864418
10198.851388600004,baseline_eyes_closed,baseline_eyes_closed,13.437199936963225,12.514037500849554,13.584294092043365,-10.9572691761623,-3.647406629170291e-05,-3.647406629170291e-05,-20.154413568535347,-28.738911043643384
10199.248874600004,baseline_eyes_closed,baseline_eyes_closed,-6.722929847028809,-6.921907210769859,-4.72031136401074,-0.39449139921089227,-3.731948345375713e-05,-3.731948345375713e-05,-14.942568659495919,-6.929853913814441
10199.748202,baseline_eyes_closed,baseline_eyes_closed,27.493032718217364,25.532059975860648,26.69774810015133,31.885624696424202,-3.397556793061085e-05,-3.397556793061085e-05,28.298894633717737,36.830036542938615
10200.028983900002,baseline_eyes_closed,baseline_eyes_closed,41.93146388417108,39.04513177961326,38.16900426903885,19.334214347697525,-3.542613558238372e-05,-3.542613558238372e-05,42.5504845345713,27.13472769126247
10200.4241934,baseline_eyes_closed,baseline_eyes_closed,-36.6421151091904,-36.42906286140624,-42.64294616764664,-86.65384004097905,-3.613649823819287e-05,-3.613649823819287e-05,-28.46428360869095,-55.48978323628535
10200.856276400003,baseline_eyes_closed,baseline_eyes_closed,-9.5753713774061,-9.457499888806524,-6.1661468020997745,24.35323872139179,-3.5369435863685794e-05,-3.5369435863685794e-05,-15.810593151203648,11.053508528735165
10201.159109000006,baseline_eyes_closed,baseline_eyes_closed,1.7573426739536444,9.365510148704743,0.13158963430760195,66.46269937445231,-3.369094883964863e-05,-3.369094883964863e-05,19.711968730030094,51.90975893765108
10201.516909100006,baseline_eyes_closed,baseline_eyes_closed,-25.09282246757857,-19.87381511818876,-20.847805426665673,39.09834763141862,-3.273484435339924e-05,-3.273484435339924e-05,-43.326204156622225,-24.02790904963831
10202.124830100001,baseline_eyes_closed,baseline_eyes_closed,13.882366128114427,8.883082926666248,21.695961563325,10.556230856664115,-3.345675941091031e-05,-3.345675941091031e-05,28.48398147411808,19.962903561648545
10202.445699300002,baseline_eyes_closed,baseline_eyes_closed,4.29881806353842,17.869958675024463,0.30848432957645855,69.79957444512274,-3.3137231184809934e-05,-3.3137231184809934e-05,-15.400781005762383,4.300555950942908
10202.751900200003,baseline_eyes_closed,baseline_eyes_closed,-21.769835704816614,-37.87980452364991,-2.877663054347977,1.7798184586918069,-3.3846215046651196e-05,-3.3846215046651196e-05,-7.047324770475825,-9.517869821965633
10203.058820800003,baseline_eyes_closed,baseline_eyes_closed,-36.61679233296195,-38.55762961061009,-33.92851760152371,-26.691570055237207,-3.563174686860293e-05,-3.563174686860293e-05,-34.78020828370154,-28.833312515669604
10203.428805100004,baseline_eyes_closed,baseline_eyes_closed,3.3522141626744997,3.826251141466855,-0.5967376352505198,-25.838572184694385,-3.359630500199273e-05,-3.359630500199273e-05,-16.164377718937885,-23.466859212911004
10203.815084100004,baseline_eyes_closed,baseline_eyes_closed,-2.2915450662394505,2.084056439356573,-9.520991336793031,-31.3161386497477,-3.531377387844259e-05,-3.531377387844259e-05,7.360639743712909,-1.5236167575912987
10204.193652300008,baseline_completed,baseline_completed,29.222734088128163,28.99578440504729,16.235645406754884,16.772966126299252,-3.529389596224064e-05,-3.529389596224064e-05,30.520083047571916,17.388017520249832
10204.615007700004,baseline_completed,baseline_completed,-54.61861523757693,-53.90219463152653,-43.75218724263232,-75.27405349221681,-3.352854218974244e-05,-3.352854218974244e-05,-35.947990582307284,-40.14951183386438
10204.985099000003,baseline_completed,baseline_completed,-28.89678986900003,-24.0751391527142,-15.532839686591615,-118.14463589692787,-3.3373243240930606e-05,-3.3373243240930606e-05,-19.304857796168108,-65.34995378321537
10205.371328100004,baseline_completed,baseline_completed,28.19200964655397,28.58495605077269,30.244265950350382,73.13692984313639,-3.534009101713309e-05,-3.534009101713309e-05,34.491154866101624,37.310618780727054
10205.770404900004,baseline_completed,baseline_completed,-44.79125184264626,-44.56994514000144,-2.1834094830678623,-35.04478790565736,-3.587934043025598e-05,-3.587934043025598e-05,-0.29777361495007426,-3.647284867921371
10206.153040000005,baseline_completed,baseline_completed,-4.225050117880301,-50.99365676361958,-30.861246452705927,-94.92914470402775,-3.7728554161731154e-05,-3.7728554161731154e-05,-32.43132078801682,-48.75325609064021
10206.552559000003,baseline_completed,baseline_completed,20.907290780481617,51.21055399597299,32.74466970376034,79.16688611919744,-3.3243523830606136e-05,-3.3243523830606136e-05,41.03110311572209,70.81127964528105
10206.913962300005,baseline_completed,baseline_completed,131.6197395081781,87.83296355152424,163.4799682121752,415.38325543150677,-3.386778462299844e-05,-3.386778462299844e-05,123.6340129819414,155.3437762990161
10207.325113700004,baseline_completed,baseline_completed,-104.18931451464118,-101.58173396728898,-129.65857172646065,-18.894883575941094,-3.563509744708426e-05,-3.563509744708426e-05,-79.25359822264818,-54.44761727005152
10207.722726000005,baseline_completed,baseline_completed,37.39295651346856,27.13474831992562,45.495813166793596,87.00864743616148,-3.452271721471334e-05,-3.452271721471334e-05,46.43120886313136,-8.313830755181243
10208.077413900006,baseline_completed,baseline_completed,-93.46123119551339,3.181015717680566,27.194565843825785,24.222387800768047,-3.329651735839434e-05,-3.329651735839434e-05,10.984742126512629,2.077696942823877
10208.447141800005,baseline_completed,baseline_completed,154.23572969314455,7.2281911493828375,-23.415961241980312,-62.867587869909585,-3.480672603473067e-05,-3.480672603473067e-05,-14.032426346749162,-10.619986375340432
10208.829368000006,baseline_completed,baseline_completed,-94.42458212908286,1.5462809194564215,29.88437625760389,242.5251137193627,-3.442611614445923e-05,-3.442611614445923e-05,0.7319083315342141,34.56185351811655
10209.223119900005,baseline_completed,baseline_completed,30.927180619978117,-8.908685491611777,-4.0189743046621516,-232.01422463242216,-3.539119552442571e-05,-3.539119552442571e-05,6.970527387034508,-91.47757449181927
10209.634530300005,baseline_completed,baseline_completed,-25.418736831811884,-41.90290325141041,-51.693733953247374,-46.891983607387374,-3.513532192300772e-05,-3.513532192300772e-05,-14.459617235308087,-14.6164838078098
10210.041706300006,baseline_completed,baseline_completed,336.5961895189612,339.7476418456972,332.7833713303371,372.2570284327512,-3.5289773222757503e-05,-3.5289773222757503e-05,348.8087754322828,383.00225470368287
10210.434542100007,baseline_completed,baseline_completed,-230.8536049230595,-232.28422589415413,-238.43960250966893,-209.11160948387624,-3.470315732556628e-05,-3.470315732556628e-05,-239.24536589602894,-241.75930730988966
10210.849997500007,baseline_completed,baseline_completed,21.22873481769011,300.9421887375888,24.73441257244258,102.5298224995222,-3.2701599593565334e-05,-3.2701599593565334e-05,5.33829793833911,10.008055960042839
10211.2416097,baseline_completed,baseline_completed,80.29735310948399,12.082275220105657,85.7496666562397,96.62684878321761,-3.289540927653434e-05,-3.289540927653434e-05,73.98005642854514,43.20658488044319
10211.597331600002,baseline_completed,baseline_completed,38.30662027071162,207.98164049223442,-0.010788776852677984,-244.90043263911684,-3.6126543818681967e-05,-3.6126543818681967e-05,-22.41395523285928,-122.14949870739838
10211.985735900002,baseline_completed,baseline_completed,-136.82696553490882,-185.06896697700176,-74.54307114661879,2409.095300806932,-3.496846602502046e-05,-3.496846602502046e-05,-35.222169216218845,-95.97323680052023
10212.377025700003,baseline_completed,baseline_completed,41.370976275778276,83.6559486967335,73.73818838624993,-451.2260506707953,-3.509429279802134e-05,-3.509429279802134e-05,-1.9683077283607417,-6.996959761785547
10212.739738600003,baseline_completed,baseline_completed,-115.55238658906569,-90.76613613510563,-139.34105921832088,48.7564307673274,-3.71629539586138e-05,-3.71629539586138e-05,-100.2476595324083,-0.9874984218718055
10213.129403800005,baseline_completed,baseline_completed,46.676800823111535,40.99904122629687,40.75237285800904,13.67049070856865,-3.261345409555361e-05,-3.261345409555361e-05,75.04379082464902,10.022191054183622
10213.524663700007,baseline_completed,baseline_completed,-77.3027983255331,-71.41633851478537,-61.24773203917448,-228.15884502053405,-3.300863681943156e-05,-3.300863681943156e-05,-88.06555467160524,-86.52724712425697
10213.913767700007,baseline_completed,baseline_completed,48.15226301090843,56.565569065196996,40.5048009697789,142.62911629564087,-3.561912035365822e-05,-3.561912035365822e-05,23.4394239449598,5.460182758682095
10214.313666100008,baseline_completed,baseline_completed,-8.149804656693732,-9.816127722948295,-9.935479841375582,36.71457354845461,-3.36866260113311e-05,-3.36866260113311e-05,5.48709434051716,1.7605548315200394
10214.723064300006,baseline_completed,baseline_completed,25.70922410486014,30.708662986314266,8.71888558296996,35.28403861202514,-3.521332655509468e-05,-3.521332655509468e-05,-17.677748455347228,-12.660408641342656
10215.088196800005,baseline_completed,baseline_completed,-39.476167618693125,-27.819234857081483,-1.3860837975898903,35.147673401462725,-3.628927515819669e-05,-3.628927515819669e-05,1.5346607725487047,-1.511321434320962
10215.462431600006,baseline_completed,baseline_completed,-2.762734648601736,13.288099777770185,0.6436309322111811,-4.460081404393804,-3.563143764040433e-05,-3.563143764040433e-05,-7.579286801920716,21.919122388168944
10215.861745000006,baseline_completed,baseline_completed,83.13457702120627,33.1151386925053,28.577128368972353,104.37516447177222,-3.527664921421092e-05,-3.527664921421092e-05,25.910522713390492,26.775958940709188
10216.244253100005,baseline_completed,baseline_completed,-68.25335258857444,-0.6923873183400246,-43.85679810878264,200.79152970491168,-3.32283725583693e-05,-3.32283725583693e-05,-10.134929698558608,-21.826131840005928
10216.645617500006,baseline_completed,baseline_completed,12.776275800138365,-26.555357847463256,17.77933712205777,-130.81293943439186,-3.5833625588566065e-05,-3.5833625588566065e-05,-16.725416111284176,-6.662073185733789
10217.050933700006,baseline_completed,baseline_completed,55.691980327594365,50.35085869079603,44.5032796899427,177.06632583930514,-3.579326130420668e-05,-3.579326130420668e-05,59.26845241857427,43.691142531156856
10217.423614600008,baseline_completed,baseline_completed,-62.609249644435295,-40.006257234778786,-59.11819682371515,-292.97310110297394,-3.755720172193833e-05,-3.755720172193833e-05,-27.878150217947223,-34.6545403416726
10217.8290151,baseline_completed,baseline_completed,26.66009750483022,6.750759794922033,56.21390155714698,-52.9798764323682,-3.42732300850912e-05,-3.42732300850912e-05,15.725586813131486,74.60627691047875
10218.208001500001,baseline_completed,baseline_completed,-0.680714578531024,16.051256185949114,-18.503717516249708,-47.606174667012056,-3.6483435906120576e-05,-3.6483435906120576e-05,3.7285790377245576,-32.02825063958426
10218.612857200002,baseline_completed,baseline_completed,-17.66243438972856,-0.8649141310620507,4.554570784794578,-159.52931062069183,-3.377248413016787e-05,-3.377248413016787e-05,1.358863088765247,42.17177283248611
10218.987099300002,low_load,low_cognitive_load,-24.457498358068506,-20.24941367927704,-8.110054232131006,-8.771665571805897,-3.259320419601863e-05,-3.259320419601863e-05,-14.051190832705288,-8.92892386742733
10219.330986500003,low_load,low_cognitive_load,-0.9464242244146135,-3.83908269309768,19.924707261912317,-96.77213825506078,-3.4555315323814284e-05,-3.4555315323814284e-05,22.286949074532913,-6.823563084644775
10219.709565100002,low_load,low_cognitive_load,16.935176986799434,22.418833903608174,7.357392643955336,99.39668451342368,-3.502580057102023e-05,-3.502580057102023e-05,-0.09711325726129871,31.313217643171356
10220.083437800002,low_load,low_cognitive_load,4.970411132364006,2.90036968805407,5.630965235563508,-38.545918015258394,-3.530827052600216e-05,-3.530827052600216e-05,13.325278576028722,29.323879372508145
10220.452072300002,low_load,low_cognitive_load,-8.218370740716182,-6.1546267874814475,8.355922418728824,5.298953977186102,-3.604310677474132e-05,-3.604310677474132e-05,-15.312281298269227,-20.785457962327655
10220.858400500003,low_load,low_cognitive_load,-24.28511311671832,-8.46691790788418,-3.5763507555088836,85.34326833507384,-3.54101712218835e-05,-3.54101712218835e-05,9.27424468208801,27.976951138894492
10221.222034000002,low_load,low_cognitive_load,-21.551240351786873,-14.247616290351743,-7.680803517363984,-28.95205551404024,-3.4416777452861425e-05,-3.4416777452861425e-05,6.046388144441607,17.4346174077059
10221.565900700003,low_load,low_cognitive_load,5.9654828604770955,13.88369107588278,21.34872050640479,-87.81933298940885,-3.741650471056346e-05,-3.741650471056346e-05,-0.12794622174533288,-13.351425290836232
10221.952199400002,low_load,low_cognitive_load,39.36777402215557,45.81271774490642,36.047662505813605,180.9064705721994,-3.55829979525879e-05,-3.55829979525879e-05,3.6271915648239883,49.59660136871298
10222.364808900003,low_load,low_cognitive_load,-21.417690393244357,-5.288741412875424,-15.139600551301555,-37.81143687897293,-3.3434504075557925e-05,-3.3434504075557925e-05,-16.06376087189983,0.8348056106742661
10222.714009200005,low_load,low_cognitive_load,-25.87084813247634,0.7246986601949175,25.15937478980277,32.02557422810787,-3.4344313462497666e-05,-3.4344313462497666e-05,-11.213282872547097,5.057682794928951
10223.116552000003,low_load,low_cognitive_load,-28.561234064977953,-12.34392482488056,3.928280746170458,-80.0423027488273,-3.507484871079214e-05,-3.507484871079214e-05,-12.965433082548316,-32.903048016419234
10223.538817100003,low_load,low_cognitive_load,18.939446559134012,-9.065337012802956,2.2487626042434385,-26.143327355031943,-3.775057484745048e-05,-3.775057484745048e-05,-20.817173308154906,-27.46598651304066
10223.8915705,low_load,low_cognitive_load,62.8156848153053,5.349885059179087,-0.37362048766590306,87.90952670090564,-3.4899378078989685e-05,-3.4899378078989685e-05,7.690634683649023,10.153391713273777
10224.2842447,low_load,low_cognitive_load,-16.823691039977575,2.3781305226711993,8.945228055034931,-9.524820542958878,-3.389844914636342e-05,-3.389844914636342e-05,-2.111288328103001,19.88457791358087
10224.701762300001,low_load,low_cognitive_load,-2.126642242831167,-4.102198822472928,-1.4273248241147485,-77.93975224798851,-3.3556702874193434e-05,-3.3556702874193434e-05,-10.805614786514525,-40.696458572785104
10225.106829600001,low_load,low_cognitive_load,26.17531789097393,-12.167676304289671,-6.663098208080555,-0.07563977779000197,-3.6232392631063703e-05,-3.6232392631063703e-05,-10.436053854789861,-29.288209747236124
10225.4719722,low_load,low_cognitive_load,-2.457755542622408,7.1066450849712055,8.051117172486556,-1.688203274602074,-3.619581093516899e-05,-3.619581093516899e-05,9.205519370495495,12.37730781272603
10225.9103856,low_load,low_cognitive_load,-5.24409282049146,8.204331897122302,5.551007237174872,29.011408464132273,-3.6229022953193635e-05,-3.6229022953193635e-05,-2.5623300621227827,16.73455543956834
10226.282901100001,low_load,low_cognitive_load,16.32774753670742,10.635612463919188,10.143222764577331,-41.00478406055754,-3.4341650462010875e-05,-3.4341650462010875e-05,-0.9655964518146902,-35.60121949810673
10226.677801200001,low_load,low_cognitive_load,-20.362582403675333,-13.422774368847513,-10.851694268074425,-27.1443774758809,-3.440150976530276e-05,-3.440150976530276e-05,-5.811216814833642,-12.660912768019898
10227.035187500001,low_load,low_cognitive_load,-18.977339316602865,-15.451645908925002,0.7097950064903671,27.35604096511679,-3.5363532333576586e-05,-3.5363532333576586e-05,-1.7099254560957888,2.098944214531457
10227.406050900003,low_load,low_cognitive_load,30.10663662403431,78.13938129105645,-16.76065644703749,-23.801319539446013,-3.630489663919434e-05,-3.630489663919434e-05,0.13275296069286924,10.860710760796792
10227.814585900003,low_load,low_cognitive_load,-3.47646161223156,9.28089067764904,2.238217238496418,29.62091435825687,-3.67044958693441e-05,-3.67044958693441e-05,18.789327390493327,32.33375900580222
10228.177001000002,low_load,low_cognitive_load,-37.102763820347036,-5.994544849335398,-4.304847109273851,-54.734443820670094,-3.378093424544204e-05,-3.378093424544204e-05,-13.065226588781115,-22.899610588085125
10228.591025500002,low_load,low_cognitive_load,-20.446228841490665,-1.1663097206028397,2.59587144924717,5.567500835252304,-3.121675763395615e-05,-3.121675763395615e-05,-16.805609368543173,-25.06355198140909
10228.969567000002,low_load,low_cognitive_load,-22.081775926253613,-0.9568699150336215,6.152874998571406,28.356126309893625,-3.6020128391101025e-05,-3.6020128391101025e-05,1.7746714781915216,29.24913900975116
10229.365973400003,low_load,low_cognitive_load,-21.662455691500327,-59.79786232050674,-2.63088109127375,14.357642672566271,-3.53758523488068e-05,-3.53758523488068e-05,5.980706118933085,27.69254928776445
10229.761796100005,low_load,low_cognitive_load,9.441782330596197,10.505612528364509,-14.901709750676673,-0.854930651246832,-3.5384851798880845e-05,-3.5384851798880845e-05,-32.46556103987723,-15.06706391534317
10230.147288800006,low_load,low_cognitive_load,6.486206149454347,1.2035824460995173,-5.169448544476381,-22.578532848140185,-3.956965883844532e-05,-3.956965883844532e-05,-7.765771119587953,-16.42132165437397
10230.531920300005,low_load,low_cognitive_load,-20.8851183806471,-10.614727959553875,0.3367987253636784,-2.3132530471893915,-3.3671084565867204e-05,-3.3671084565867204e-05,6.227867970323132,8.461229915622425
10230.926916400005,low_load,low_cognitive_load,29.284335071799205,28.352375061533166,-20.84143487531037,4.246056850588502,-3.3761248232622165e-05,-3.3761248232622165e-05,6.6377874184126995,-7.078124690519417
10231.335476300006,low_load,low_cognitive_load,4.631842850902103,-17.17719836546894,-1.1481590984244576,-24.9099256981458,-3.510650640237145e-05,-3.510650640237145e-05,-4.645460879808525,-13.184517854031128
10231.735624400006,low_load,low_cognitive_load,18.67142977597564,5.240346058045816,-11.561389755401706,26.672534257842017,-3.367463159520412e-05,-3.367463159520412e-05,-0.28500013218490494,6.683567686914557
10232.102473300007,low_load,low_cognitive_load,-10.56562237294338,-10.87346381444695,-23.68498153936207,-25.375554283883503,-3.3611680919420905e-05,-3.3611680919420905e-05,-26.56570580165726,-25.941768767723715
10232.500148300003,low_load,low_cognitive_load,-22.301889486652954,-6.585590207736914,1.4755267438722512,56.03194483793959,-3.3744217034836765e-05,-3.3744217034836765e-05,-9.27214092673239,11.142873166783374
10232.889020100001,low_load,low_cognitive_load,50.353880922090184,40.69397993631901,45.246305709537864,6.64750805067024,-3.643614581960719e-05,-3.643614581960719e-05,55.0014655664022,53.1548570094983
10233.2666766,low_load,low_cognitive_load,23.108038660641796,2.851048611983515,-9.304401806679834,-81.28357879476198,-3.5648072298499756e-05,-3.5648072298499756e-05,-37.73420627245332,-64.16444901674504
10233.636701000001,low_load,low_cognitive_load,-5.796210051547632,-12.251883243140583,39.195768105165826,31.979812295759984,-3.57509998138994e-05,-3.57509998138994e-05,64.30631582602064,66.59451951782648
10234.0227474,low_load,low_cognitive_load,3.9077548277989536,-4.6626701562877315,-16.1519160914886,17.48514407352286,-3.769888007809641e-05,-3.769888007809641e-05,2.1061103468896363,2.7239579338674957
10234.411512300001,low_load,low_cognitive_load,3.487805732470406,8.542024289683468,13.759213925276981,44.44175022529316,-3.46910110238241e-05,-3.46910110238241e-05,15.464287110959958,24.773309232985866
10234.766770900002,low_load,low_cognitive_load,-7.395537868699876,13.941235424869319,24.2415573181147,-36.40604024073264,-3.421888322918676e-05,-3.421888322918676e-05,11.18686706921926,-9.032540634849283
10235.187289000003,low_load,low_cognitive_load,-11.184023054027875,-25.339262910099478,-22.210917934423378,-28.968772820755476,-3.519112942740321e-05,-3.519112942740321e-05,-18.06694179164242,-33.28650755564513
10235.570987200002,low_load,low_cognitive_load,30.229468770250605,-5.057630055367099,-4.571997187472334,-16.044316286480353,-3.508257032081019e-05,-3.508257032081019e-05,9.529914347701379,-1.2230061631676108
10235.961819800003,low_load,low_cognitive_load,8.856898273616707,1.6292301964167564,22.918444797966913,51.93833360920917,-3.443336117925355e-05,-3.443336117925355e-05,18.99500547502703,29.388913334203608
10236.348845200004,low_load,low_cognitive_load,-6.912552545995595,4.9363752382696475,24.78593379501126,23.397416493244236,-3.462863423919771e-05,-3.462863423919771e-05,25.35613826261033,13.832156534932437
10236.699003300004,low_load,low_cognitive_load,-8.018504018507201,-4.121739989027901,4.452133637458246,9.9599990065758,-3.648626079666428e-05,-3.648626079666428e-05,3.2782941580235274,11.644762937158248
10237.0853183,low_load,low_cognitive_load,-9.801162421109893,-6.410776506863385,2.1063509850118862,33.64948859459855,-3.598592502385145e-05,-3.598592502385145e-05,8.60748728475528,12.87260088119774
10237.4757018,low_load,low_cognitive_load,7.01536372986493,1.8763818508509758,8.551368386592003,13.064602790398112,-3.56368591383216e-05,-3.56368591383216e-05,-4.752300917401044,6.915674592063169
10237.8603985,low_load,low_cognitive_load,3.830549174705311,-35.1094841981062,-1.510344872938731,-24.94304362298635,-3.695208488352364e-05,-3.695208488352364e-05,-0.06463761540953783,-20.992184869058292
10238.224526000002,low_load,low_cognitive_load,-18.38046180844981,9.815701691381946,2.0099807701708414,-39.90273257395938,-3.351594477862818e-05,-3.351594477862818e-05,-5.412801442389991,-13.221441898532248
10238.623412300003,low_load,low_cognitive_load,8.415851112243217,0.7754429380461261,-7.295804154311099,1.8777804925312012,-3.218995152565185e-05,-3.218995152565185e-05,19.131212134907855,18.055835757734712
10239.032194000003,low_load,low_cognitive_load,-4.633636535945698,1.735585759721289,8.301686667464764,21.67519699165541,-3.44512382071116e-05,-3.44512382071116e-05,1.0414859605116362,3.221481284402671
10239.402213400008,low_load,low_cognitive_load,-3.215366543297023,-8.41977159977614,-1.7666054660521695,6.513887592983792,-3.602445667638676e-05,-3.602445667638676e-05,-2.931228015242141,11.138858601930679
10239.794927600007,low_load,low_cognitive_load,-20.35991492227072,5.304086994508452,-0.39811199273435705,32.64850443657997,-3.681221460283268e-05,-3.681221460283268e-05,11.661009101148466,33.01367100233256
10240.164717400008,low_load,low_cognitive_load,4.0004137652470035,1.4487581037269592,24.77645263369095,-20.370861368706755,-3.3633076782280114e-05,-3.3633076782280114e-05,8.8954580739005,-13.22571842824118
10240.564735800008,low_load,low_cognitive_load,26.836000794518213,1.873855449679013,-6.885967160683322,2.5332503086897304,-3.321948679513298e-05,-3.321948679513298e-05,-8.68790730911951,-17.094964712477577
10240.967446400007,low_load,low_cognitive_load,1.6227298171907023,12.930743413963683,9.639686269183585,6.821983693947914,-3.523066334309988e-05,-3.523066334309988e-05,-3.0111141376110027,7.57073738268582
10241.358977400005,low_load,low_cognitive_load,-56.093928230392066,-50.62145057877069,-55.20126558539732,-38.55996394055455,-3.470036244834773e-05,-3.470036244834773e-05,-32.122308820862145,-26.978888528654352
10241.736492500004,low_load,low_cognitive_load,27.99139333125686,8.840556791060408,3.393744431482446,-25.47567917551123,-3.3557267670403235e-05,-3.3557267670403235e-05,5.976858349071335,-4.103287093791096
10242.119486400003,low_load,low_cognitive_load,26.658173357313217,22.12854848497591,15.010644221599705,70.76983183289485,-3.486977675493108e-05,-3.486977675493108e-05,31.131503547269403,57.38410859180067
10242.515931400003,low_load,low_cognitive_load,4.561087868975392,-26.260796238581406,5.4724234702339345,6.241459197656695,-3.566636951291002e-05,-3.566636951291002e-05,-1.5756820190404142,-1.6003439664659709
10242.903363700003,low_load,low_cognitive_load,65.38943320950102,51.503897693977706,35.08750347853993,11.08876626757774,-3.1113316254050005e-05,-3.1113316254050005e-05,24.170826559349734,8.254901710789909
10243.321135200003,low_load,low_cognitive_load,-17.99632674263262,4.242876802401042,9.856779801275934,-60.95454060272186,-3.2052734241005965e-05,-3.2052734241005965e-05,16.90874538968592,-14.05965476558822
10243.671355200004,low_load,low_cognitive_load,15.42374988789652,11.374548137681813,15.348199039990504,-0.5788214097460695,-3.663732513814466e-05,-3.663732513814466e-05,12.89003698573788,1.5954931320779906
10244.062494400005,low_load,low_cognitive_load,-18.396203818695994,-4.584276655488793,-4.768771030558128,44.04043509909752,-3.4193760257039685e-05,-3.4193760257039685e-05,-5.7432538118141565,24.212271382369636
10244.458729000004,low_load,low_cognitive_load,-13.560676317866637,-4.403809604195885,-13.838587407456544,5.889889095526087,-3.3126570997410454e-05,-3.3126570997410454e-05,-21.36562267436102,-3.344858075502543
10244.860881500003,low_load,low_cognitive_load,-3.6766704357355593,-30.7938005121714,9.038582537330967,-0.21140028883701234,-3.66309850505786e-05,-3.66309850505786e-05,-5.343297541080119,-1.9979216852116224
10245.257392600002,low_load,low_cognitive_load,-13.615568845384814,1.8849915035957565,-12.864502486229412,62.809677325963094,-3.4706581573118456e-05,-3.4706581573118456e-05,5.159304998983316,40.1939147981343
10245.651215800002,low_load,low_cognitive_load,-2.05177520093207,-19.109253511703173,1.0258192681949367,39.62749834172291,-3.5419063351582736e-05,-3.5419063351582736e-05,0.14667479704075959,23.4425245285056
10246.032581800007,low_load,low_cognitive_load,-24.84267766127323,-9.750350451052327,-7.579212993905912,-27.24130197229306,-3.4857486753026024e-05,-3.4857486753026024e-05,-7.93453374244109,-1.9437520675724045
10246.431210200008,low_load,low_cognitive_load,22.247715827085585,-1.8480256558432302,-0.4897613784301029,-54.39670097366752,-3.1951859455148224e-05,-3.1951859455148224e-05,1.718908897268193,-32.52156717558046
10246.822492700006,low_load,low_cognitive_load,11.251077056177337,9.57987429474133,15.36937320361585,19.71568386084209,-3.210372142348206e-05,-3.210372142348206e-05,11.852304096997614,3.348906655086921
10247.209598600002,low_load,low_cognitive_load,6.975459450379958,7.885086460203638,-16.06422458357565,-31.439835463016152,-3.704119626490865e-05,-3.704119626490865e-05,-8.734845449770091,-22.950261729515205
10247.6091003,low_load,low_cognitive_load,67.35960189632215,73.56357471529964,74.87012956613489,109.96249690101877,-3.581898090487812e-05,-3.581898090487812e-05,68.68757023940998,92.4265240376294
10248.0117522,low_load,low_cognitive_load,-24.359586745360502,-32.21198301235336,-56.2623499465999,-82.36430133737986,-3.5105395909340587e-05,-3.5105395909340587e-05,-54.99302426164422,-60.6917202390905
10248.402896000001,low_load,low_cognitive_load,30.53141027506831,9.372456220273762,11.419693051896047,-39.6045881815603,-3.346962057548808e-05,-3.346962057548808e-05,17.810996192396487,-13.129256692555373
10248.775043800002,low_load,low_cognitive_load,9.980890364575316,8.231155152443534,6.333478704394565,-80.90636625661591,-3.4849858820962254e-05,-3.4849858820962254e-05,4.878350747796048,-37.90989783747409
10249.175863200002,low_load,low_cognitive_load,-18.59405042521439,-45.50425854695868,-2.9341907245288894,-42.01697422142752,-3.6575964259100147e-05,-3.6575964259100147e-05,4.3770202502687425,-14.534040925531372
10249.594682900004,low_load,low_cognitive_load,11.409728960593839,22.350388023047344,-2.3625057193480643,-52.9103897000482,-3.717050549312262e-05,-3.717050549312262e-05,-4.133547150213417,-27.27043888019216
10250.003650800007,low_load,low_cognitive_load,25.45716018594794,19.278878833910767,46.134303122678375,63.29937154937079,-3.1687946830061264e-05,-3.1687946830061264e-05,32.52896095432288,17.359955948546485
10250.403037000007,low_load,low_cognitive_load,-16.68363253301368,-10.700975181587182,-6.6787899438973,0.10142983237892622,-3.297360490250867e-05,-3.297360490250867e-05,-8.95703968459702,2.8704314993301523
10250.7561888,low_load,low_cognitive_load,-49.95910193177633,-21.554771848799646,-31.23433205342326,-3.3065304644474054,-3.335792825964745e-05,-3.335792825964745e-05,-32.21539112528444,-18.628809078942595
10251.223408300002,low_load,low_cognitive_load,11.588473679610615,5.022695877459682,7.702964980193883,85.51975567493446,-3.3707358852552716e-05,-3.3707358852552716e-05,26.593011938588006,12.633755181930155
10251.566842200004,low_load,low_cognitive_load,-25.177769965730477,-21.196025030424153,-15.7753438294435,71.60502561580688,-3.473802553344285e-05,-3.473802553344285e-05,-27.356080837862464,14.366510151902276
10251.951496500003,low_load,low_cognitive_load,12.94498231338207,15.349113214310364,-0.05702690356019957,1.2616481098857548,-3.518078574415995e-05,-3.518078574415995e-05,3.6739193816852094,-13.515039607478684
10252.3391625,low_load,low_cognitive_load,0.6655261753476225,-15.986868015391792,-4.982743183818002,40.919262055500894,-3.4376374969724566e-05,-3.4376374969724566e-05,-1.3884566416268171,18.12203699412794
10252.7315426,low_load,low_cognitive_load,-2.060771352262236,-6.886141527280415,6.01135312533097,-74.80974370158265,-3.376135191501817e-05,-3.376135191501817e-05,3.4708193208157354,-21.676389331956216
10253.106627500001,low_load,low_cognitive_load,54.22452303940986,36.62356488506521,-8.284875371038197,-35.98578954042796,-3.775051300181076e-05,-3.775051300181076e-05,8.087173504329712,-10.329923472866994
10253.483958300001,low_load,low_cognitive_load,-3.285011109099969,-2.8736230874719695,6.05555184798186,-9.371321943070598,-3.6241293855709955e-05,-3.6241293855709955e-05,7.776313770581055,4.022386119982002
10253.8440245,low_load,low_cognitive_load,-16.187555990124565,6.990765753407231,8.757556111024769,39.84267455074996,-3.48840485457913e-05,-3.48840485457913e-05,-0.06619913491476836,19.130091489586903
10254.253871500001,low_load,low_cognitive_load,1.4650523604582304,13.008135532240885,11.842073007675026,-21.72585623518171,-3.4592435440572444e-05,-3.4592435440572444e-05,4.310025995986507,-1.8786796856202272
10254.639131700002,low_load,low_cognitive_load,24.58618304142169,18.369576489753854,16.404476040542704,19.306151231142394,-3.142122022836702e-05,-3.142122022836702e-05,15.230863881355617,8.847255450511966
10255.078846200004,low_load,low_cognitive_load,-13.54443189401718,5.482505870660589,10.328249175473957,65.69630728070979,-3.257508888054872e-05,-3.257508888054872e-05,6.426759045279596,28.038709213563834
10255.408971500005,low_load,low_cognitive_load,-17.278045917177906,-8.916843911168144,19.125330804331952,-30.015571003622426,-3.476935671642423e-05,-3.476935671642423e-05,3.030412403653372,-10.557143210868162
10255.786678200004,low_load,low_cognitive_load,-7.145398432003049,-14.562686344791473,-22.151985243994204,-7.274114969166021,-3.310205374873476e-05,-3.310205374873476e-05,-39.10551585811754,-25.33974470418434
10256.172829800005,low_load,low_cognitive_load,-8.009071796199578,4.496820710723114,-4.075540635369634,-4.227079976034929,-3.5719125662581064e-05,-3.5719125662581064e-05,-10.493569936584663,-13.822092345739748
10256.565652000005,low_load,low_cognitive_load,-38.84550665023312,-40.58382477832947,-40.887433032114586,-34.21361416281525,-3.386593743925914e-05,-3.386593743925914e-05,-44.448334300816896,-52.6125198260811
10256.966906200005,low_load,low_cognitive_load,10.818374881223463,5.027731305353882,-3.4458932542374896,-51.72366735701053,-3.453978933976032e-05,-3.453978933976032e-05,-14.142022043439283,-27.403262687459573
10257.352568000006,low_load,low_cognitive_load,-22.286220531529125,0.7253613084903918,-13.659720959516562,-30.567083963215737,-3.4139516174036544e-05,-3.4139516174036544e-05,16.925622774052044,14.216664869312353
10257.713261700006,low_load,low_cognitive_load,-2.07663125711656,-22.02955324387267,1.0109447603999797,-31.059724364258727,-3.537318934832001e-05,-3.537318934832001e-05,-12.044275578050474,-18.6427896712421
10258.110733100006,low_load,low_cognitive_load,22.947560951328796,0.35976561585221134,16.781965945658158,-12.070963843182199,-3.496140107017709e-05,-3.496140107017709e-05,7.801386147220455,-1.7175095212055567
10258.476820800006,low_load,low_cognitive_load,40.11309608334636,24.40196151214832,19.950509754468385,40.29293887694939,-2.962978760479018e-05,-2.962978760479018e-05,7.676312789906206,20.76897361979445
10258.876912200005,low_load,low_cognitive_load,11.673773716309825,-6.57667997686076,-3.235669586221775,-2.5743344699317277,-3.288306288595777e-05,-3.288306288595777e-05,3.5578138748478523,10.029923131717169
10259.285873600007,low_load,low_cognitive_load,14.476753340885125,1.432704431912498,-0.8361823429122524,-16.25246233394182,-3.4099334698112216e-05,-3.4099334698112216e-05,-27.30361843009905,-21.91773536975552
10259.666146300007,low_load,low_cognitive_load,-3.363670054365457,-6.897107241358299,6.599960926721906,-24.998668950584943,-3.5689772630576044e-05,-3.5689772630576044e-05,7.865188244334604,2.1846425040016584
10260.083583600008,low_load,low_cognitive_load,-3.624433211819678,4.601950201494219,-1.6048719358136623,-24.34215579951797,-3.335122710268479e-05,-3.335122710268479e-05,-5.907617258085793,-7.793805596648781
10260.4730682,low_load,low_cognitive_load,27.722988945862426,2.121869961120865,-3.3334815547295875,-2.535431907158454,-3.3846168662421405e-05,-3.3846168662421405e-05,6.606722347849882,-4.275653953648543
10260.857487700003,low_load,low_cognitive_load,1.84114185862245,32.8870345152377,22.256866541020372,-19.478561121859002,-3.377310440555448e-05,-3.377310440555448e-05,16.86268920027578,6.987290364715591
10261.261008100002,low_load,low_cognitive_load,-7.217582815292872,5.999222221869786,-0.6560699945998749,-19.03616571980365,-3.29412514474825e-05,-3.29412514474825e-05,-16.64868905745061,-20.819036723904446
10261.596984200003,low_load,low_cognitive_load,13.381508854328331,10.121188852616797,3.6247126427219882,16.056297583016658,-3.158332037855871e-05,-3.158332037855871e-05,9.873347796394683,3.5508209976487706
10261.999675300003,low_load,low_cognitive_load,8.28982558597113,-1.4310898825660843,-8.665199118765031,13.580867035247593,-3.663309780677082e-05,-3.663309780677082e-05,6.880915744878621,-0.4683086268082661
10262.383447100003,low_load,low_cognitive_load,8.583310598385196,9.923533354964547,-2.877410482268715,-27.157323514380096,-3.6160451600153465e-05,-3.6160451600153465e-05,4.3259276247285925,0.7499520404862778
10262.779791800003,low_load,low_cognitive_load,13.480909884273842,-18.801243843689008,-12.588278698156955,-10.549707765259882,-3.434707105043344e-05,-3.434707105043344e-05,-34.292387256617985,-28.812951619715932
10263.175500000003,low_load,low_cognitive_load,-25.521974274927288,-3.1084923989128583,-10.871753077831727,7.499241741955302,-3.5770583963312674e-05,-3.5770583963312674e-05,-15.244331766809864,-7.2829919725541
10263.580459100003,low_load,low_cognitive_load,33.62440896965745,3.849180110530142,39.95545290673135,64.21169058472333,-3.3120825719379354e-05,-3.3120825719379354e-05,27.471192703265388,27.081696152143195
10263.977682000004,low_load,low_cognitive_load,-84.67924200326047,-63.54877656447161,-70.03732936608094,-61.47889437227286,-3.258171545894584e-05,-3.258171545894584e-05,-47.60647790926214,-47.57309597571657
10264.355300000001,low_load,low_cognitive_load,-34.05284773715948,-22.581098691696297,-2.275801201626109,-9.4610712398121,-3.5835693779517896e-05,-3.5835693779517896e-05,2.0856253104102507,4.097871493878756
10264.751739700001,low_load,low_cognitive_load,34.85792519765437,22.273459063767405,23.925252078658104,-5.855001403419465,-3.520318932714872e-05,-3.520318932714872e-05,18.555882335939714,8.85371160431987
10265.148616000008,low_load,low_cognitive_load,-7.505599292696843,-33.09309512226491,-8.30533981364897,-24.33061270117969,-3.736757662409218e-05,-3.736757662409218e-05,0.43899971917471703,-9.296990914852813
10265.539880600007,low_load,low_cognitive_load,-8.935644674701962,41.47470262353954,12.39847065009144,12.42838659299423,-3.6581431231752504e-05,-3.6581431231752504e-05,27.877900444181705,35.441891398758344
10265.962442800008,low_load,low_cognitive_load,-16.490081142274903,-52.460443912055325,-7.128266426260325,75.66104242627125,-3.512840066832723e-05,-3.512840066832723e-05,6.420189928882337,32.896183677985846
10266.3729105,low_load,low_cognitive_load,2.395698485803905,29.671872060660462,32.217305807195316,3.497794169933968,-3.488104630378075e-05,-3.488104630378075e-05,22.65658202099985,36.481052303213346
10266.738661600002,low_load,low_cognitive_load,-16.35100609529968,-29.366934248687812,-11.010179538124703,25.676199351287778,-3.548084441717947e-05,-3.548084441717947e-05,-27.818391057435747,-6.037844462518478
10267.116330700004,low_load,low_cognitive_load,6.5274494699278875,34.66673126308706,0.00012077286874045967,0.572931693773171,-3.452739201748045e-05,-3.452739201748045e-05,0.372011344389648,-3.0868415919267136
10267.498864700005,low_load,low_cognitive_load,-2.6996146323638186,-16.605204031754965,-7.669981846765495,13.811544251901068,-3.598896182666067e-05,-3.598896182666067e-05,-7.980165975152886,-5.242358680747657
10267.908132700004,low_load,low_cognitive_load,16.794201022310517,16.65349079095813,3.8404538061668063,-8.31144103197812,-3.4726351259450894e-05,-3.4726351259450894e-05,-0.522505962636842,-6.281541307795123
10268.299112800005,low_load,low_cognitive_load,9.252297080912058,-40.44074237876248,-15.68490959079918,-6.7234271547026765,-3.502497656882042e-05,-3.502497656882042e-05,-2.1341609373930623,0.15795929032674394
10268.656657500003,low_load,low_cognitive_load,9.268381237147423,21.54264261390108,11.030280885667707,11.640058718818182,-3.45751750501222e-05,-3.45751750501222e-05,19.429558539018217,13.581966043200737
10269.046564700004,low_load,low_cognitive_load,-13.599857196234552,13.730779271844312,-4.967414904696398,-27.696654405773643,-3.562894471542677e-05,-3.562894471542677e-05,-2.125473663761113,-11.916507051700137
10269.430104500005,low_load,low_cognitive_load,2.9497266944306375,2.4167827879314245,5.669118699257524,-15.534712958554792,-3.486025070742471e-05,-3.486025070742471e-05,-8.024593607810857,0.9331824273258462
10269.810155600004,low_load,low_cognitive_load,29.992050256957555,-15.236738821233303,19.12803861791008,11.38633159656274,-3.346649191371398e-05,-3.346649191371398e-05,9.270898974891224,3.067865429528865
10270.201816300005,low_load,low_cognitive_load,-31.16540255313498,-12.381670116792066,-12.15272974677373,28.711757456725536,-3.289751475676894e-05,-3.289751475676894e-05,7.727194504834188,16.380933028827258
10270.568091700006,low_load,low_cognitive_load,-16.05246407555319,-10.424049559591367,-12.625791226128513,0.8673055705835395,-3.611928605096182e-05,-3.611928605096182e-05,-18.21092692420416,-27.679377701759677
10270.971263600006,low_load,low_cognitive_load,7.704563368554773,6.813101313588959,5.141986273517887,-12.327022798694088,-3.307245424366556e-05,-3.307245424366556e-05,16.025424904398278,23.524363574128984
10271.368008600006,low_load,low_cognitive_load,-2.9671592842557857,64.20472311385402,-23.259836854663718,-0.9915679191276467,-3.044262030016398e-05,-3.044262030016398e-05,1.6452542313504637,-4.727145336260946
10271.758410500006,low_load,low_cognitive_load,-8.42724659044893,13.357918665330544,8.889825979285433,23.32267411328803,-3.311911950731883e-05,-3.311911950731883e-05,19.956031222391175,18.975529933467442
10272.136147500007,low_load,low_cognitive_load,6.636204196126755,-7.02647902777835,-8.958780520217715,-24.728244613574134,-3.5663518247019965e-05,-3.5663518247019965e-05,-3.9492331065916915,-9.666797132994816
10272.516291300008,low_load,low_cognitive_load,-8.92502983983536,-13.91891184341921,16.91172600064465,27.017482758282767,-3.341022329550469e-05,-3.341022329550469e-05,0.15984194762540938,0.11435483387731438
10272.936251800007,low_load,low_cognitive_load,-6.788183224123713,67.47301678840086,-15.127650027694472,-6.85195531394902,-3.5623627809400205e-05,-3.5623627809400205e-05,-11.951359627430065,-9.530114431047423
10273.3165594,low_load,low_cognitive_load,4.019085518972133,2.487268051567753,-1.3712022610520762,9.817570862709545,-3.601025127863977e-05,-3.601025127863977e-05,2.862262320119953,-2.983603247357678
10273.716474500001,low_load,low_cognitive_load,6.534788073251093,5.711496506715321,1.5278573590644555,-17.524306168241765,-3.423404359637061e-05,-3.423404359637061e-05,-34.65252644193242,-33.11782064086174
10274.0731422,low_load,low_cognitive_load,-5.234741613422102,-2.3757702747625444,19.152036455177495,2.815656614574891,-3.4498978493502364e-05,-3.4498978493502364e-05,15.984137857989936,7.283878644655488
10274.442929300001,low_load,low_cognitive_load,2.9236515952122772,3.510328139554076,-0.3108509110547857,-14.847250928972699,-3.7845173210371286e-05,-3.7845173210371286e-05,10.935809144065388,-1.0395911531263664
10274.811630400001,low_load,low_cognitive_load,-2.811915441410065,-59.17201383820111,-5.057032802059439,23.89334707968237,-3.502021536405664e-05,-3.502021536405664e-05,-14.770121818562984,12.640488523823933
10275.1628172,low_load,low_cognitive_load,-4.44799049682274,-2.824915762996625,-6.24343690195019,39.12578929155825,-3.327423746668501e-05,-3.327423746668501e-05,-11.838924931350903,1.8844465503962056
10275.5514905,low_load,low_cognitive_load,1.909021893642148,-12.542427098947883,-11.033295376042133,-31.627740719572557,-3.536933218128979e-05,-3.536933218128979e-05,8.993333228344909,-6.126835360659243
10275.943498800003,low_load,low_cognitive_load,11.922015153654456,15.667966910227278,19.304408837962,-0.35705576433292663,-3.189837843819987e-05,-3.189837843819987e-05,24.012217970383517,16.030794852690633
10276.318294300003,low_load,low_cognitive_load,-0.6662492730488339,1.881889777766446,-4.455938353218244,-14.839181929477945,-3.299331547168549e-05,-3.299331547168549e-05,2.3970910731986805,2.056318671274312
10276.686312200003,low_load,low_cognitive_load,-12.466515193795658,14.299853483988045,-16.32626284066282,5.087890349591817,-3.608442511904286e-05,-3.608442511904286e-05,-15.366925612396244,2.545229892083171
10277.068251500003,low_load,low_cognitive_load,-17.971089421525903,24.545532798320437,7.030093062101969,184.8002980840065,-3.684846797114005e-05,-3.684846797114005e-05,1.7312909388265325,73.02409801307704
10277.443461000003,low_load,low_cognitive_load,32.56453701302735,-4.183784894020846,13.385427312239699,-103.73370271938256,-3.4514147955633234e-05,-3.4514147955633234e-05,-6.285924106166021,-52.78223778358961
10277.793399000002,low_load,low_cognitive_load,97.92885443834416,92.86169118228509,87.6785142218746,151.734386566764,-3.425576960580656e-05,-3.425576960580656e-05,113.10572234583879,130.2728266401109
10278.189894700003,low_load,low_cognitive_load,-231.98969136089295,-222.30415819977543,-209.3271344507284,-185.8258321494195,-3.778368773055263e-05,-3.778368773055263e-05,-204.83186234851655,-166.7343336989279
10278.585357900003,low_load,low_cognitive_load,135.5043246763364,143.6866645496957,159.55731904207187,188.03942971896777,-3.621199357439764e-05,-3.621199357439764e-05,145.38766196213874,176.1977969979439
10278.954879200004,low_load,low_cognitive_load,-86.56182339110796,-153.5083992836021,-75.80485861367788,-153.16171894546233,-3.3582136893528514e-05,-3.3582136893528514e-05,-85.08109070481578,-117.15391978250955
10279.308979500003,low_load,low_cognitive_load,-195.5300314788799,-160.4301065031791,-164.43635844069013,-157.07469816031198,-3.275893050158629e-05,-3.275893050158629e-05,-166.50577889458418,-171.40014358128792
10279.715220100004,low_load,low_cognitive_load,159.17895258180806,138.64772575156258,126.74376220673003,203.45855287480208,-3.476905112620443e-05,-3.476905112620443e-05,147.23991842862597,173.425820001612
10280.111257400004,low_load,low_cognitive_load,-115.28326649278779,-116.7059073151795,-130.47316656816565,-135.22806531856213,-3.6101288060308434e-05,-3.6101288060308434e-05,-136.0639694358415,-125.00015809752995
10280.490288400004,low_load,low_cognitive_load,-394.3535819373699,-408.9690683256549,-400.32777633446267,-482.64434542498384,-3.4937098462251015e-05,-3.4937098462251015e-05,-405.13484494237264,-454.40342926183985
10280.869353300006,low_load,low_cognitive_load,200.4971396638955,152.6763786757374,207.00624837992518,152.30456243475328,-3.2776096304587554e-05,-3.2776096304587554e-05,183.3518113302166,175.38031214274952
10281.283162700005,low_load,low_cognitive_load,21.858024805783316,43.63052995935004,8.422473680100666,-2.7711126911776773,-3.3864851502585225e-05,-3.3864851502585225e-05,41.70996594771077,10.927835764622614
10281.655735100006,low_load,low_cognitive_load,-30.295960743612568,-47.22698581524355,-49.1352105978458,-0.3156043198127918,-3.5367985219636466e-05,-3.5367985219636466e-05,-50.273781354991115,-29.458891674136794
10282.047011600005,low_load,low_cognitive_load,80.45520261811498,87.64361633889894,72.58484763583238,93.03285605198244,-3.64220422852668e-05,-3.64220422852668e-05,36.876476509531585,57.49362580245088
10282.427428200008,low_load,low_cognitive_load,-58.53376055901231,-24.227151163695908,-26.438103483191753,25.489974150918897,-3.404108338145306e-05,-3.404108338145306e-05,4.766164580818895,31.479375605152654
10282.778473400007,low_load,low_cognitive_load,15.314732196894056,10.233781751530842,13.235334301018156,-45.8397674054263,-3.274627761129523e-05,-3.274627761129523e-05,-19.16837828736334,-30.045349099128998
10283.179840100007,low_load,low_cognitive_load,0.5731606958249813,29.578825342789514,-1.7562948474956102,-71.2383732277467,-3.394602390471846e-05,-3.394602390471846e-05,8.670528336888765,-28.030289032003566
10283.616283000001,low_load,low_cognitive_load,11.805788315535892,22.356827937480375,15.475375934276144,-35.46998081254469,-3.454121997492621e-05,-3.454121997492621e-05,18.890034454824672,-25.949329421722723
10283.975476200001,low_load,low_cognitive_load,4.657264517445583,8.068089660321675,8.023738478044834,72.43902390576841,-3.448566803854192e-05,-3.448566803854192e-05,2.041045523430057,36.46584274427005
10284.350866000002,low_load,low_cognitive_load,-21.706907537744428,-13.656870780139343,4.180763922696315,57.66390931377646,-3.3322426133963745e-05,-3.3322426133963745e-05,21.08875336988922,33.47095035396205
10284.730398700001,low_load,low_cognitive_load,-5.572316246789569,-2.856073503467087,7.820286068289988,-106.53570032972084,-3.424193164391909e-05,-3.424193164391909e-05,6.622404164172167,-45.03490113595353
10285.1080156,low_load,low_cognitive_load,14.863764546828179,5.699083739311845,11.387763275565248,27.986822139018386,-3.2766226468083914e-05,-3.2766226468083914e-05,10.210347456050386,2.0259421407663467
10285.513317500001,low_load,low_cognitive_load,-7.485473027720218,0.6010195185231169,-6.862896411754264,69.42564377758254,-3.245470543333795e-05,-3.245470543333795e-05,-6.118099685822926,36.4185376390551
10285.862054600002,low_load,low_cognitive_load,-31.102981457194346,-6.138291301496793,-18.82455377514816,47.33050658839147,-3.390091842447873e-05,-3.390091842447873e-05,-24.138893216510496,-5.59194719932384
10286.229858000002,low_load,low_cognitive_load,14.469256110610104,13.803530700308784,8.3977534745286,-4.07627693720633,-3.4895556382252835e-05,-3.4895556382252835e-05,13.409198303581888,15.004082916774223
10286.593831800003,low_load,low_cognitive_load,21.250758456669246,14.369098645672693,30.858815258121012,-15.218260114003897,-3.583950820029713e-05,-3.583950820029713e-05,31.113304656311357,4.050829215110298
10286.978254800002,low_load,low_cognitive_load,-15.641584583461508,-14.073867518485258,-6.655290983588202,52.60856893759683,-3.364580697962083e-05,-3.364580697962083e-05,-12.067604300586936,4.112012709634655
10287.369570700002,low_load,low_cognitive_load,-2.065451259867814,7.586122375445029,10.746122951459256,49.06064169226465,-3.494773591228295e-05,-3.494773591228295e-05,7.192828355590336,40.48417611913783
10287.745881500003,low_load,low_cognitive_load,35.50459636616392,0.008043696514960175,5.927465209913862,-22.106830526574868,-3.605692654673476e-05,-3.605692654673476e-05,2.7279485752292203,-34.63344845777965
10288.077718000002,low_load,low_cognitive_load,-15.801947606753629,-3.649873670311081,-9.001189159429032,88.8516736249494,-3.429819662414957e-05,-3.429819662414957e-05,-0.28543864479206604,49.51542767941601
10288.444123000003,low_load,low_cognitive_load,4.127496378935803,15.679590923096839,-10.109922423205262,-0.8638929846374594,-3.298904812254477e-05,-3.298904812254477e-05,12.376805772979878,18.849395774193
10288.858266400002,low_load,low_cognitive_load,-3.4819720327488994,-10.570468597663876,-14.463139456633598,-37.103143924863616,-3.5542709156288765e-05,-3.5542709156288765e-05,7.094691817945204,-7.281976987861526
10289.202613300002,low_load,low_cognitive_load,-3.588462170765524,-15.477530787809428,-6.7070578225775535,26.101237066598515,-3.3390063435945194e-05,-3.3390063435945194e-05,-14.499223216856535,15.812860783501492
10289.563454500003,low_load,low_cognitive_load,54.155230114574806,71.06908441352789,30.652177117811334,25.945638696055084,-3.3689408155623823e-05,-3.3689408155623823e-05,24.83075622033857,31.468627929823015
10289.921468900002,low_load,low_cognitive_load,-15.730496920747328,-31.692108357339293,-4.047781349927391,-77.55264836798142,-3.603944060159847e-05,-3.603944060159847e-05,-0.9979101485610045,-30.47919140522572
10290.294654500003,low_load,low_cognitive_load,-13.60239452546989,-0.17965949896915845,-13.403380326970819,35.06159884105682,-3.343805565236835e-05,-3.343805565236835e-05,-4.67249565854263,31.202283089920456
10290.676064300002,low_load,low_cognitive_load,0.9916615289064339,17.376126599949657,10.894637879491711,-18.52699065166871,-3.777511119551491e-05,-3.777511119551491e-05,9.913961912747254,7.142455814244386
10291.047524000003,low_load,low_cognitive_load,-45.07044457411712,-33.148116256397316,-21.34206285062737,1.693316275489451,-3.5265022233943455e-05,-3.5265022233943455e-05,-18.363649400645045,14.954243848526403
10291.453968100004,low_load,low_cognitive_load,9.372548306911312,-0.39743159623321844,3.307426593079981,-74.18270157282404,-3.349190956214443e-05,-3.349190956214443e-05,13.70396402835513,-19.004368121321477
10291.849588000005,low_load,low_cognitive_load,0.37629897980514215,-16.04214248679773,-8.260837072740742,-44.235730697767394,-3.454817851888947e-05,-3.454817851888947e-05,3.713432288995591,-12.78301760764316
10292.198872700004,low_load,low_cognitive_load,4.566318734831611,3.825844009357297,-1.4179439948788968,79.20179403143356,-3.5990149626741186e-05,-3.5990149626741186e-05,-24.893496175572636,9.188558042455952
10292.601262100005,low_load,low_cognitive_load,28.319422998471737,29.90691144323182,12.509310750261193,12.568975480434801,-3.3770703339541797e-05,-3.3770703339541797e-05,16.10108676178743,13.840137370664706
10292.950029100004,low_load,low_cognitive_load,8.66434942447927,6.137439269936749,2.335012735620694,-49.13165129539584,-3.3580973649804946e-05,-3.3580973649804946e-05,-6.915693418679439,-37.07666641022843
10293.313814000005,low_load,low_cognitive_load,-39.48718975622546,-25.72261287434503,-24.09644461311882,33.17727651999439,-3.6284989619161934e-05,-3.6284989619161934e-05,-13.366566998764483,15.135662561776826
10293.704506500004,low_load,low_cognitive_load,-11.489247553395899,-22.880456645649247,-13.275005213923578,-1.4894223912024245,-3.4463901101844385e-05,-3.4463901101844385e-05,5.320611544438179,27.235515587708505
10294.088289500005,low_load,low_cognitive_load,-3.9400827872877926,-12.8277927054055,-18.26742666844484,4.348532471488397,-3.4628525099833496e-05,-3.4628525099833496e-05,-4.858726857390138,11.219973807618317
10294.434310200006,low_load,low_cognitive_load,8.147321210924247,-5.962233391119753,6.571461617592831,-51.84556526152528,-3.616451340349158e-05,-3.616451340349158e-05,10.361053647789504,-20.850487424642324
10294.859659600006,low_load,low_cognitive_load,3.6957842602896562,-3.2889009696637004,-9.902481926195378,-49.322857717521856,-3.3025870834535453e-05,-3.3025870834535453e-05,-12.311533626960227,-28.722299529910288
10295.236758500003,low_load,low_cognitive_load,14.214677034119177,-5.340391317799458,2.5455713427786577,33.36867360053884,-3.475359062576899e-05,-3.475359062576899e-05,-4.931537425946317,15.176427573455385
10295.601100400007,low_load,low_cognitive_load,6.4711029691677595,-0.1609280827301518,-0.6062587953374532,-40.98789748755553,-3.4333278563281056e-05,-3.4333278563281056e-05,2.576741033155031,-9.611503384820935
10295.964628500005,low_load,low_cognitive_load,-18.263480357017215,-12.490568800607889,-23.437243385216334,-15.47976874689357,-3.2801541237859055e-05,-3.2801541237859055e-05,-16.981208414104458,-13.027242707398727
10296.318156000005,low_load,low_cognitive_load,-93.31346733693613,-74.47241813945448,-51.00505531405997,-0.5444676523516137,-3.39961134159239e-05,-3.39961134159239e-05,-20.546600405305526,14.487024920689237
10296.709583200005,low_load,low_cognitive_load,-53.66351506681235,-50.60622129163812,-21.012816710183415,-72.0758652654381,-3.444350204517832e-05,-3.444350204517832e-05,-30.164727028461584,-48.69469485959462
10297.115195600005,low_load,low_cognitive_load,47.16995651201819,50.94652212465189,27.91248796421587,-12.211429113021495,-3.496666522551095e-05,-3.496666522551095e-05,31.865843196627793,14.294944792391107
10297.493814400006,low_load,low_cognitive_load,-54.53237158437287,-10.381255449375658,-12.314268406100382,38.875201160233246,-3.5931755519413855e-05,-3.5931755519413855e-05,-28.90678029250148,-15.204690425221088
10297.870002900007,low_load,low_cognitive_load,6.26372595548537,10.973329430808917,15.712260625844465,17.700064709477374,-3.591940185287967e-05,-3.591940185287967e-05,-3.125762389226111,-8.96351820706559
10298.222269700007,low_load,low_cognitive_load,1.6545356728804563,-3.4693231487185585,-3.31789423145392,24.934214056367637,-3.506707071210258e-05,-3.506707071210258e-05,-31.78555613979779,-2.5179032134469708
10298.579291000007,low_load,low_cognitive_load,30.80723379299161,17.402272241844003,27.317085417185353,-68.42363781847644,-3.719752021424938e-05,-3.719752021424938e-05,8.137738933504352,-28.834438898120425
10298.938988400007,low_load,low_cognitive_load,210.82605178469726,225.1482036945822,238.13731120959665,286.1101330866304,-3.422706595301861e-05,-3.422706595301861e-05,225.82292650755244,251.60090489578306
10299.324859000008,low_load,low_cognitive_load,-318.3856013266777,-327.05008777874536,-320.77548989849447,-332.1354139588029,-3.393125552975107e-05,-3.393125552975107e-05,-315.56510444742116,-315.6571484651945
10299.728721600008,low_load,low_cognitive_load,35.537549140236024,37.76226684778521,25.161100427564634,-63.81506452571648,-3.626288707891945e-05,-3.626288707891945e-05,24.62499554749502,-10.475759618680968
10300.1179279,low_load,low_cognitive_load,-281.4773384485452,-271.57452952370613,-270.634002941325,-290.05489289769685,-3.63258050128934e-05,-3.63258050128934e-05,-285.70571633252257,-307.7739448091429
10300.5278897,low_load,low_cognitive_load,146.70658088929895,152.4760934761016,164.85598508432804,132.78813579977032,-3.424311216804199e-05,-3.424311216804199e-05,148.3597144603732,136.56362979933056
10300.9115581,low_load,low_cognitive_load,-48.273989889872155,-36.500688359112246,-30.577747995884238,-4.226824712041889,-3.3675722988846246e-05,-3.3675722988846246e-05,-17.341599402058364,0.3258199614547266
10301.2942387,low_load,low_cognitive_load,-132.48133557973097,-148.4916681446225,-148.78857249797875,-138.46156808246997,-3.392215603525983e-05,-3.392215603525983e-05,-150.93035322043306,-136.83718159583077
10301.689578500002,low_load,low_cognitive_load,236.75467664551115,250.9398581547648,244.3483665579388,238.84207057628282,-3.4258248888363596e-05,-3.4258248888363596e-05,252.66542660125378,279.206117641746
10302.097068300003,low_load,low_cognitive_load,-88.98513335914322,-79.56561854632673,-93.73589237241504,-47.22761539781186,-3.3247437386307865e-05,-3.3247437386307865e-05,-106.23754856611959,-66.75797337457789
10302.493499500004,low_load,low_cognitive_load,65.17292519521516,69.01913714486545,76.43282781698917,95.76531765089112,-3.3070317840611096e-05,-3.3070317840611096e-05,49.031918064891215,88.27930545969093
10302.865245000005,low_load,low_cognitive_load,-5.813140732479951,-29.81938747030199,-7.363563607501419,-7.454957797076531,-3.504953383526299e-05,-3.504953383526299e-05,9.352283473138414,-2.2485465054305678
10303.221334900005,low_load,low_cognitive_load,-52.936869282234966,-17.580662546495205,-34.0844936405324,-58.308048967664945,-3.505499989842065e-05,-3.505499989842065e-05,-43.293429355091575,-64.28233385316707
10303.587528900003,low_load,low_cognitive_load,21.982562011360187,42.91459377902402,44.03061347149378,109.82798538887164,-3.698689033626579e-05,-3.698689033626579e-05,40.203250923341784,62.57629533803765
10303.927690900004,low_load,low_cognitive_load,-13.21531139922945,-47.28368196576048,-24.850932737780113,-89.11621686828994,-3.436650240473682e-05,-3.436650240473682e-05,-34.633093836683656,-63.54091952744875
10304.322033200004,low_load,low_cognitive_load,8.549898091898058,-2.9706879240693524,-12.205055511111823,-33.20906463444089,-3.3124416404461954e-05,-3.3124416404461954e-05,-6.176940625956831,-38.78601499286242
10304.690238000005,low_load,low_cognitive_load,1.2918005915068989,11.520684375989276,2.5729544577466186,29.25122698561563,-3.266660314693581e-05,-3.266660314693581e-05,26.902460160443297,45.46971125310756
10305.048802600004,low_load,low_cognitive_load,-13.433031085271068,-15.276796660372383,-12.592381112338899,-69.73179420412589,-3.54317662640824e-05,-3.54317662640824e-05,-12.757112962595784,-33.64755411657052
10305.443869800005,low_load,low_cognitive_load,601.3924652661635,586.4423690296244,593.9839028454494,490.6592230073329,-3.537670181685826e-05,-3.537670181685826e-05,593.9171337403764,554.4848389280678
10305.845375100005,low_load,low_cognitive_load,30.215366534549958,1.8484520956408232,2.0201265154901193,18.77366868109675,-3.5740687962970696e-05,-3.5740687962970696e-05,11.162562138345038,6.826813466118438
10306.243109200006,low_load,low_cognitive_load,-649.7557332193564,-659.8155733672124,-657.6680296055861,-661.8682248463538,-3.353387455717893e-05,-3.353387455717893e-05,-693.2833148064506,-699.4996684552402
10306.641864500005,low_load,low_cognitive_load,363.2735188716442,349.0013150016475,334.0204317441048,363.8907215174804,-3.500700677250279e-05,-3.500700677250279e-05,365.5597317566153,367.365117371638
10307.043218300005,low_load,low_cognitive_load,-23.310672457016153,-28.377403438855254,-35.34379370092802,1.624648657596481,-3.542919057508698e-05,-3.542919057508698e-05,-25.810137326178392,-7.189258471191351
10307.419973700007,low_load,low_cognitive_load,-1.6275519731343593,2.7378833528064206,-3.427571725920643,56.140973340239725,-3.698577438626671e-05,-3.698577438626671e-05,-1.8143862178635572,35.95348645046306
10307.793041000008,low_load,low_cognitive_load,-388.7832878059444,-386.6730734430089,-404.3457743722229,-448.37405613475676,-3.462086169747636e-05,-3.462086169747636e-05,-376.34062279913815,-402.0237628981163
10308.216191300007,low_load,low_cognitive_load,353.1438123994585,357.694138789956,349.66525863234847,350.4330517395938,-3.528076285874704e-05,-3.528076285874704e-05,336.6952571724978,343.4249260765896
10308.6290148,low_load,low_cognitive_load,-109.93827264580887,-117.95231625934139,-114.09425348992772,-108.8148083574415,-3.6748698221344966e-05,-3.6748698221344966e-05,-122.66117966226693,-126.48502906366002
10308.9594947,low_load,low_cognitive_load,-26.937270954220367,-39.59989491393844,-43.04095531143048,8.079503439389555,-3.7235939998936374e-05,-3.7235939998936374e-05,-18.490959656349332,4.966352227363586
10309.356480600001,low_load,low_cognitive_load,120.27780009055823,126.56167459397147,129.12432147279696,96.53598036365656,-3.5658547858474776e-05,-3.5658547858474776e-05,146.31577312876743,132.43769133966862
10309.7194031,low_load,low_cognitive_load,69.55980441600832,59.70683489876046,60.55557196877908,12.462872168684953,-3.463608481979463e-05,-3.463608481979463e-05,58.491410699496555,32.92285676945221
10310.0781265,low_load,low_cognitive_load,-110.18320075539032,-101.47297125561545,-103.87430803072448,-62.80081245784277,-3.560862478479976e-05,-3.560862478479976e-05,-109.67519473297853,-85.77123037797264
10310.5053246,low_load,low_cognitive_load,209.4136938719157,220.79834338292767,219.63005664219145,242.14283433710352,-3.472306616458809e-05,-3.472306616458809e-05,229.62491226908378,244.12388612883842
10310.880522000001,low_load,low_cognitive_load,-62.687385771138,-39.674466578923784,-21.2624299104732,7.275651512676632,-3.445437687332742e-05,-3.445437687332742e-05,-26.74063898955592,3.1210241488633983
10311.254078400003,low_load,low_cognitive_load,-824.8056106432582,-817.0002763357602,-798.643617097152,-702.7831689938807,-3.552883117663441e-05,-3.552883117663441e-05,-814.714591735788,-778.9684908884306
10311.632137500003,low_load,low_cognitive_load,2307.918472267691,2320.186033813826,2287.3909889040146,2304.124052950523,-3.2557352824369445e-05,-3.2557352824369445e-05,2300.7630561686756,2298.7631789882744
10312.028365000002,low_load,low_cognitive_load,-1217.0571005963516,-1228.3193105833825,-1229.5019335428606,-1264.264334176215,-3.4642909668036737e-05,-3.4642909668036737e-05,-1235.2387302759753,-1244.4508238082844
10312.406276300007,low_load,low_cognitive_load,-728.3612508182769,-726.8677146727914,-747.5807806612293,-795.431953847029,-3.388431832718197e-05,-3.388431832718197e-05,-737.3245642874481,-764.7480406696477
10312.795076500004,low_load,low_cognitive_load,871.5159591653742,871.3476120515606,864.9301757897356,881.8750293375169,-3.295553324278444e-05,-3.295553324278444e-05,871.5162746567103,877.137873712355
10313.151480300005,low_load,low_cognitive_load,-338.8430466227437,-312.94049176602584,-312.1722174524398,-308.7395850713856,-3.5583527278504334e-05,-3.5583527278504334e-05,-302.72875050017683,-304.39541389826263
10313.510063500004,low_load,low_cognitive_load,-223.66682669081547,-240.86364259524362,-232.53298235216607,-252.3273213362836,-3.4848771974793635e-05,-3.4848771974793635e-05,-244.3753168551284,-242.7444372972459
10313.868317900004,low_load,low_cognitive_load,69.83524815880492,65.16895299549469,71.08745861653233,109.36250768896025,-3.05745716104866e-05,-3.05745716104866e-05,70.24206708488055,83.31445368907134
10314.236334800004,low_load,low_cognitive_load,19.073461464089178,7.770687596735115,20.515222892112433,-16.586966301405482,-3.2006288165575825e-05,-3.2006288165575825e-05,12.144621985500635,4.850298910419042
10314.605186100003,low_load,low_cognitive_load,14.424119507419164,-1.455477305355089,5.862028520425156,22.81027149696274,-3.5150948860973585e-05,-3.5150948860973585e-05,-12.334484731778502,-6.563975908109569
10314.996360200004,low_load,low_cognitive_load,23.581825378379108,25.45743828961986,31.26493817042001,41.00897786114365,-3.2892124181671534e-05,-3.2892124181671534e-05,17.112808177986153,30.164491510522566
10315.373924300004,low_load,low_cognitive_load,-37.86646354648701,-45.372013917990444,-35.09841614759944,-30.481057659003454,-3.595673388190335e-05,-3.595673388190335e-05,-24.908889843398356,-20.487423974317608
10315.772991600004,low_load,low_cognitive_load,-47.155486963710246,-55.44044524263609,-66.26418657588374,-93.18657673222333,-3.62242335540941e-05,-3.62242335540941e-05,-57.79038729677359,-69.9757291443666
10316.171643200005,low_load,low_cognitive_load,146.80603759782434,124.33061243863813,92.07777909521519,107.46443657987584,-3.2636573450872675e-05,-3.2636573450872675e-05,56.934336600167626,65.44549979588373
10316.551129800007,low_load,low_cognitive_load,-126.22554249201903,-121.97792351252974,-108.48826803369866,-111.98094735563518,-3.4027008041448426e-05,-3.4027008041448426e-05,-83.74256817633795,-83.62855494258383
10316.9691724,low_load,low_cognitive_load,95.58355689419932,87.34420545183366,77.51989837386691,93.45399681707113,-3.343517801113194e-05,-3.343517801113194e-05,63.36628699674111,62.11159880014657
10317.348126200002,low_load,low_cognitive_load,-15.810365857620127,-6.798346960481467,0.8766723876133256,-25.29913734044294,-3.180055682605598e-05,-3.180055682605598e-05,-8.886673639491164,-19.209554232785194
10317.791737200001,low_load,low_cognitive_load,-13.082999822137026,-4.917329475047154,-23.014987429531175,-18.606689448004545,-3.29176527884556e-05,-3.29176527884556e-05,-12.361029021906688,-11.728974486715742
10318.146675900001,low_load,low_cognitive_load,-982.3873266583523,-972.5888053414055,-995.6162264521845,-965.1318014655562,-3.4599182072270196e-05,-3.4599182072270196e-05,-983.8155543745434,-974.1159193891372
10318.5618794,low_load,low_cognitive_load,460.18361529959975,449.0736287430436,463.73021048276405,470.64242416968045,-3.573883623175789e-05,-3.573883623175789e-05,474.30185945659196,465.9313597930113
10318.9140184,low_load,low_cognitive_load,76.2234798016666,79.04155372170135,85.94041247085534,57.058655757065026,-3.422984536882723e-05,-3.422984536882723e-05,107.57674085762164,91.69229855856611
10319.297413,low_load,low_cognitive_load,-122.67042834682434,-133.15332389133255,-143.98032096033694,-140.89180869312986,-3.240128353354521e-05,-3.240128353354521e-05,-135.0602975208526,-140.37924273845783
10319.692206100002,low_load,low_cognitive_load,60.21402183176997,54.30436798018127,43.26204772569372,26.301430416669973,-3.360984101163922e-05,-3.360984101163922e-05,36.35946063347137,28.27623451858608
10320.038417900003,low_load,low_cognitive_load,8.936808174325506,-9.637281812020774,-4.5558224067845,9.707310969173705,-3.548392305674497e-05,-3.548392305674497e-05,-15.560471437971955,-2.4506027813799847
10320.417075800002,low_load,low_cognitive_load,-24.073056579248714,-15.56423666338469,-1.8692329502277971,-15.191453282339353,-3.3600877941353247e-05,-3.3600877941353247e-05,-13.892539251783091,-11.797883981963423
10320.807278200002,low_load,low_cognitive_load,-2.3616131273715837,-2.652251210615759,-4.199435090355564,-9.295669560626266,-3.4008186958089937e-05,-3.4008186958089937e-05,-17.22807790844263,-12.379168705774646
10321.215295600003,low_load,low_cognitive_load,30.45160876775344,8.395989680440834,-0.625580599928071,34.06934432993603,-3.396201009309152e-05,-3.396201009309152e-05,14.202631984945128,3.4686996027917303
10321.591443000005,low_load,low_cognitive_load,-8.367103864597539,-16.638619592597934,-27.664437458915927,-44.824541159972796,-3.3337903005303815e-05,-3.3337903005303815e-05,-5.38290415802976,-3.7151141788826862
10321.972256600004,low_load,low_cognitive_load,-5.101851585528948,13.342554304756959,14.48232474476481,11.980815776411873,-3.646966888481984e-05,-3.646966888481984e-05,12.19085752100591,5.177546313361745
10322.363934300003,low_load,low_cognitive_load,-19.217249871893273,-15.348362988417193,-13.150063649058211,-13.961038664409898,-3.5180825761926826e-05,-3.5180825761926826e-05,16.391921085557897,16.235010108465303
10322.751918800004,low_load,low_cognitive_load,6.588308002395934,-0.6895890180867355,9.687813845917844,3.4574592246362954,-3.5010768442589324e-05,-3.5010768442589324e-05,7.184577335113772,11.639258770521792
10323.130571400006,low_load,low_cognitive_load,-4.080959335944044,-0.6461891999892941,-8.511728554904948,-2.6458794586469594,-3.3649765100562945e-05,-3.3649765100562945e-05,-7.7951788508207756,-8.965378000612873
10323.539303600006,low_load,low_cognitive_load,22.276471060748463,22.181341372649058,16.615944699715328,51.610922591344206,-3.5048580684815533e-05,-3.5048580684815533e-05,1.35724755424053,13.020538059260161
10323.895608100005,low_load,low_cognitive_load,-5.646572729002401,-4.267888070015033,-7.213000636561446,0.5510453799961397,-3.349822145537473e-05,-3.349822145537473e-05,-6.318062330104112,2.097802651098391
10324.287223000007,low_load,low_cognitive_load,3.342609167280443,1.7311233981358782,-2.6460114260821683,10.526001533263297,-3.573645335563924e-05,-3.573645335563924e-05,0.5673969797608152,7.014797680632455
10324.691714300006,low_load,low_cognitive_load,-1.407995103551002,-0.7056118197565411,-15.705505219971656,-5.378813928646196,-3.905139965354465e-05,-3.905139965354465e-05,-7.2645138526395385,-1.4724247204489984
10325.073444100008,low_load,low_cognitive_load,22.006303133437314,8.052071648570745,9.992941205088755,14.155405977594455,-3.439739521127194e-05,-3.439739521127194e-05,28.68210528842519,22.31805182093194
10325.509838000007,low_load,low_cognitive_load,17.505287203143325,24.12470231358975,17.33191463324556,2.143265777261149,-3.42114672093885e-05,-3.42114672093885e-05,21.52352915216761,10.513049742960902
10325.8980732,low_load,low_cognitive_load,0.13534875099821875,10.548986933802098,13.823476005524299,-1.3065325116854183,-3.121665395156015e-05,-3.121665395156015e-05,-3.3844255960020746,-3.1848929430207136
10326.2757352,low_load,low_cognitive_load,-6.113526464723918,-1.3006222276180779,-5.5426387587722274,1.1901994345948879,-3.3909932426468004e-05,-3.3909932426468004e-05,0.9553159085025982,0.7476152720719256
10326.675974200003,low_load,low_cognitive_load,29.07584100567351,44.104758723716714,33.99782878192309,54.02041090950934,-3.478790858935099e-05,-3.478790858935099e-05,42.291643289414424,54.73923673724494
10327.079649500003,low_load,low_cognitive_load,-0.736988948302951,-11.877243296801225,-10.475964714747988,8.481194065078853,-3.534570714691654e-05,-3.534570714691654e-05,-9.005755749007221,-2.345754542465329
10327.471006900003,low_load,low_cognitive_load,6.053355362451839,-1.6156401869125148,-11.43192117704757,-27.43179030391775,-3.637917143350933e-05,-3.637917143350933e-05,-10.661205686568337,-15.407396022174453
10327.880088400003,low_load,low_cognitive_load,-13.542534683505437,-9.860680663506628,-4.519156579782248,-36.67754046722439,-3.576657400117256e-05,-3.576657400117256e-05,4.501789242485302,4.638144080394341
10328.268884800003,low_load,low_cognitive_load,23.846496728384864,13.544215098143013,8.310391554838588,-5.548297192059636,-3.574457878130488e-05,-3.574457878130488e-05,18.427931310061922,12.531075513094038
10328.675446200004,low_load,low_cognitive_load,-16.08415746349192,-6.928955448947818,4.595082497778549,8.42820527515687,-3.495897453831276e-05,-3.495897453831276e-05,-2.0675382711833663,8.451440496423402
10329.084281300005,low_load,low_cognitive_load,30.749926283817786,2.915064891324164,1.2993231147365805,-2.124501830792269,-3.521881990309339e-05,-3.521881990309339e-05,-0.8302206401726835,-1.476329649678064
10329.462492600005,low_load,low_cognitive_load,19.518423261189355,23.92782540260896,13.670416089536502,12.350685594244624,-3.3821344914031215e-05,-3.3821344914031215e-05,15.275091886523569,16.561343154890437
10329.869783200007,low_load,low_cognitive_load,29.29779751949718,17.08428256756497,16.322385063570437,60.18634807552098,-3.499019203445641e-05,-3.499019203445641e-05,27.11959032916957,27.80182384772388
10330.242484600007,low_load,low_cognitive_load,13.984159544041859,4.919977702633332,3.885541490874857,-0.18997696574069778,-3.507327073748456e-05,-3.507327073748456e-05,-10.192787385519296,-6.336922398964816
10330.6503469,low_load,low_cognitive_load,-14.505190134843588,-21.2850688239555,-13.629712141010259,-20.63954818822822,-3.396069223526865e-05,-3.396069223526865e-05,-23.43403513674366,-10.950732135643193
10331.037982200001,low_load,low_cognitive_load,41.88628713382241,30.67110862661275,20.069956313182956,21.63528059573855,-3.415874016354792e-05,-3.415874016354792e-05,18.47124833890757,20.824417780333988
10331.4267268,low_load,low_cognitive_load,2.3373283575119785,-2.860580956632475,1.7060499908134261,-46.526410470106384,-3.3855977562780026e-05,-3.3855977562780026e-05,0.027239824184562167,-17.467948840797817
10331.830855700002,low_load,low_cognitive_load,16.911260547555457,14.398464366397548,36.88835629251571,-0.5361808122111142,-3.477679183561122e-05,-3.477679183561122e-05,8.494256228526865,3.635129975268228
10332.222359900003,low_load,low_cognitive_load,-21.607543483441987,-15.775688141409319,-15.280948667531902,-20.040004249283356,-3.3909497688000556e-05,-3.3909497688000556e-05,-17.146333585159937,-10.485518883499935
10332.612140200003,low_load,low_cognitive_load,6.633370286937179,4.843196929371516,15.446006407350524,-19.408951134097606,-3.253227987443097e-05,-3.253227987443097e-05,12.616926143177352,2.2890138927273256
10333.023542300003,low_load,low_cognitive_load,-7.292092935472283,9.382345044762133,15.836931525896034,6.441597650465155,-3.5669941098603886e-05,-3.5669941098603886e-05,6.926117856435212,1.5166162314294525
10333.418991400004,low_load,low_cognitive_load,-13.805420804671485,-2.396263906223794,-0.8748794002613067,-17.904400845754935,-3.773340449697571e-05,-3.773340449697571e-05,-17.681141640628994,-12.294202709560977
10333.821741900003,low_load,low_cognitive_load,-13.986485999671459,-15.155499128753945,-2.6368551997093164,-20.357379700111778,-3.307353654236067e-05,-3.307353654236067e-05,4.322371534406102,1.508683049168667
10334.203030400005,low_load,low_cognitive_load,-11.339214907510268,7.400735405075011,18.160870860345312,10.46110326729422,-3.489351092866855e-05,-3.489351092866855e-05,-2.5702409255550265,2.5546873950761437
10334.584492700005,low_load,low_cognitive_load,-6.995494331269583,-8.949066498038974,16.047370963448884,47.966492152489536,-3.32107756548794e-05,-3.32107756548794e-05,1.5850864603366972,19.565635788269446
10334.979479400006,low_load,low_cognitive_load,-3.9065840188636685,7.9574039622589225,-8.800382686521516,-33.79999404406044,-3.3810935747169424e-05,-3.3810935747169424e-05,4.981342587534982,-4.402360721237983
10335.348607600008,low_load,low_cognitive_load,-7.072088816595851,-4.387302081013786,5.854158514416213,12.870874937251756,-3.7010456253483426e-05,-3.7010456253483426e-05,3.5944013586185974,-2.646532973995818
10335.700045000007,low_load,low_cognitive_load,15.034922787603136,-1.5262307917382714,-7.834841485889683,-1.704496065958665,-3.464491237537004e-05,-3.464491237537004e-05,0.6026576679914797,-3.739189507486117
10336.0953862,low_load,low_cognitive_load,110.88079059962661,80.1845126453768,44.32886466564605,80.61663927565178,-3.728498631971888e-05,-3.728498631971888e-05,11.58015293265862,13.987170537769998
10336.490309,low_load,low_cognitive_load,-21.968918334011732,-0.3951653503063426,17.596902819420393,46.2361924810225,-3.377223220013548e-05,-3.377223220013548e-05,12.490662038135724,33.18259117363368
10336.8868215,low_load,low_cognitive_load,6.250717373283123,8.414127078410274,7.92669581108612,-1.497852010263614,-3.5223767554271035e-05,-3.5223767554271035e-05,15.641607969730103,24.589720770846725
10337.245430300001,low_load,low_cognitive_load,-9.995737705265583,5.5439511496738305,-0.5874031810394627,6.943029211793146,-3.601254866225645e-05,-3.601254866225645e-05,-10.90425484807838,-14.483897905174217
10337.6366335,low_load,low_cognitive_load,-13.520212735221321,8.183649179590248,6.658056796237361,45.04227901462764,-3.605842084652977e-05,-3.605842084652977e-05,18.194783273716894,32.15831851529765
10337.981609100001,low_load,low_cognitive_load,-5.8603536443888515,6.123872180841772,-2.3812890700883145,-3.8041999664487776,-3.5354857573111076e-05,-3.5354857573111076e-05,1.1367043065692997,-9.91099343434098
10338.357856800001,low_load,low_cognitive_load,18.601153162635683,4.185969365613346,1.671978021765426,2.3466597227788952,-3.4832090022973716e-05,-3.4832090022973716e-05,-2.3448231380648394,-6.030211513083032
10338.744102800001,low_load,low_cognitive_load,10.223524184371854,17.22008010220543,-16.052878236842844,33.57384719065658,-3.539653062034631e-05,-3.539653062034631e-05,-2.665893338112255,22.850112049388372
10339.139259700001,low_load,low_cognitive_load,-7.815670354402073,-9.457853154577606,18.254444012977274,30.342745332414324,-3.499112972349394e-05,-3.499112972349394e-05,11.739511901708283,22.990830997161538
10339.5337333,low_load,low_cognitive_load,-5.087702801122987,16.73508328924754,2.4489372921102586,29.16170984747305,-3.963838207710069e-05,-3.963838207710069e-05,-2.7633201095659388,17.510987353947257
10339.945998200003,low_load,low_cognitive_load,0.9829258480499448,7.766243293930984,1.5300721615426482,21.942645725127477,-3.4422892895236146e-05,-3.4422892895236146e-05,2.8954957657001614,9.489403837304053
10340.287808700004,low_load,low_cognitive_load,10.12412463837154,11.356268968405402,5.667200608232179,-9.613788976825617,-3.569223918020725e-05,-3.569223918020725e-05,4.750825412559152,-1.6166457709800852
10340.708961000004,low_load,low_cognitive_load,-13.848477879891561,-6.493744570107083,-21.05805798991196,-37.80098549212835,-3.452350392763037e-05,-3.452350392763037e-05,-6.889304627055935,-11.39045892051763
10341.046318900004,low_load,low_cognitive_load,-7.7547487854571955,-20.726869250704112,-0.8809204076519563,-28.903627815660457,-3.516497599775903e-05,-3.516497599775903e-05,-11.420683572074267,-15.282515846846309
10341.419586400005,low_load,low_cognitive_load,7.597037910329163,3.777293418487261,-6.463662188955368,3.2221546595947075,-3.772255058720475e-05,-3.772255058720475e-05,4.475873184393549,14.771129089403985
10341.812771400004,low_load,low_cognitive_load,2.771723649525711,-7.393346068423853,1.4690497590872837,-7.515340836600444,-3.5163449865649454e-05,-3.5163449865649454e-05,-25.199028111236657,-31.737518872620058
10342.172749000005,low_load,low_cognitive_load,15.671029492265689,14.151931873826015,10.664515307235433,-2.5731161193716616,-3.309497424197616e-05,-3.309497424197616e-05,-5.687758616368683,-6.440472991081151
10342.522749200005,low_load,low_cognitive_load,-12.657228131137344,-2.6327224594679137,-2.649403247070495,11.05117389545012,-3.762549931707326e-05,-3.762549931707326e-05,-13.647748533649974,1.183636322928578
10342.911067100003,low_load,low_cognitive_load,1.8854318112107649,11.681309435189178,-0.4792242246994647,-40.293205261686126,-3.3772718779800925e-05,-3.3772718779800925e-05,2.9989072334910816,-10.45200624816971
10343.289020400003,low_load,low_cognitive_load,0.37499617124217366,0.927032066958418,-11.26118742311337,3.066797225767914,-3.3451032322773244e-05,-3.3451032322773244e-05,4.971146803472038,-7.017339149079362
10343.688995600003,low_load,low_cognitive_load,-15.512913674715037,-16.864506060665462,-10.191880481179851,8.408912784337645,-3.595086855057161e-05,-3.595086855057161e-05,-24.469375670061254,-4.388043407460373
10344.032711300004,low_load,low_cognitive_load,-3.013328951693211,-4.749796962617438,0.8336008433416282,-26.644169813860117,-3.6293214179750066e-05,-3.6293214179750066e-05,-2.6097577961159004,-18.20567222727641
10344.446623800004,low_load,low_cognitive_load,21.26318442785532,1.341055030427924,-3.408005795559802,-44.722660407323474,-3.633695723692654e-05,-3.633695723692654e-05,8.609331057169584,-23.050948435364262
10344.801977300005,low_load,low_cognitive_load,-101.50157686705506,-58.75171653174448,-18.33557156298366,-5.7322432966880115,-3.300261687400052e-05,-3.300261687400052e-05,-1.8821715574149493,-1.8806067829395943
10345.199367100005,low_load,low_cognitive_load,-45.75195503173359,-45.900982064102664,-11.874783032440519,25.664535618242553,-3.2866320907487534e-05,-3.2866320907487534e-05,2.2712921080392334,24.001422584446118
10345.594655700006,low_load,low_cognitive_load,23.618835107807172,15.944183057810278,10.617365133786734,55.24279631267291,-3.6659487705037463e-05,-3.6659487705037463e-05,5.0050036499155794,22.044533688489537
10346.017590800007,low_load,low_cognitive_load,4.392072553285971,8.765042735607949,3.1733929932902356,40.35087891625881,-3.6328799978946336e-05,-3.6328799978946336e-05,-8.083649966959001,22.235806014109585
10346.414208400001,low_load,low_cognitive_load,-15.307853507300251,-9.584602052324044,-15.771206539569448,23.546284757672765,-3.570188891899306e-05,-3.570188891899306e-05,-23.26475301880282,3.0550662298214775
10346.7823301,low_load,low_cognitive_load,8.818758310454768,7.500419438732024,18.891632343850233,-32.79980244995522,-3.403031405468937e-05,-3.403031405468937e-05,11.287397916326881,-11.450398235382181
10347.1891636,low_load,low_cognitive_load,-2.261186922657089,-1.706560548462221,1.9915555709503678,3.96305345621613,-3.7295160836947616e-05,-3.7295160836947616e-05,1.6910188855213164,-19.460937515159912
10347.571830100002,low_load,low_cognitive_load,8.011224269475179,4.356497592295909,-5.8335365631483,9.447602084054324,-3.467368605925003e-05,-3.467368605925003e-05,-23.26527333120157,-13.811324700781825
10347.954528700002,low_load,low_cognitive_load,-30.99717955454753,3.6011013731185813,0.6801788303764624,38.62825672284089,-3.3802426514739636e-05,-3.3802426514739636e-05,-17.070645456805323,16.38326460535518
10348.329625200002,low_load,low_cognitive_load,3.4164093646043057,-0.4099836830619097,0.6000428393276707,19.298345421314025,-3.6524685128824785e-05,-3.6524685128824785e-05,-6.258212467503199,11.740357433203826
10348.709687700002,low_load,low_cognitive_load,9.033553866279817,-5.816078563192605,-15.374037565208255,-38.28763767454211,-3.491506140562706e-05,-3.491506140562706e-05,6.493920016808261,1.1476139736532787
10349.117395900003,low_load,low_cognitive_load,18.97830584751182,10.632724207657702,9.406893582422981,-12.301156664014343,-3.4353187402302865e-05,-3.4353187402302865e-05,7.607657232078054,-7.681479482396298
10349.475224900003,low_load,low_cognitive_load,0.895786932626379,5.510564726502253,-7.870273437774813,-5.731939688685998,-3.491073857730953e-05,-3.491073857730953e-05,-12.644488108432142,-1.6240473098769144
10349.805849300003,low_load,low_cognitive_load,13.869534804658997,19.958305684002426,12.938689356994928,9.311153954896326,-3.3946191251743585e-05,-3.3946191251743585e-05,-4.378443054386025,-14.224183122777049
10350.197268600003,low_load,low_cognitive_load,-0.738515550025113,2.464097865390613,-9.266287591094624,29.588209883621403,-3.148191262880573e-05,-3.148191262880573e-05,0.7677009718331647,9.990710438790302
10350.581104600002,low_load,low_cognitive_load,17.915540431759837,27.009090819807625,10.407061643655197,81.39351674769432,-3.532720529619837e-05,-3.532720529619837e-05,13.845420029456363,42.35608617020216
10350.986605400005,low_load,low_cognitive_load,-8.310512091772125,1.616537875307131,-13.787701552372255,54.82806050070576,-3.799730893661035e-05,-3.799730893661035e-05,10.00782958786931,31.18955227495917
10351.338945700005,low_load,low_cognitive_load,3.7346858995797447,-1.5088269868165298,12.209016508701552,44.528943007403996,-3.572538207663456e-05,-3.572538207663456e-05,13.500424364261562,40.34758975682871
10351.741567300003,low_load,low_cognitive_load,2.9049056164840295,3.5507239363219014,-4.259948571313089,-34.124866183097765,-3.369851765455678e-05,-3.369851765455678e-05,3.1996659127516978,-22.305239846051336
10352.120156700004,low_load,low_cognitive_load,-8.472412930488417,-7.771894585761402,-7.089733685558258,32.071943079607536,-3.2770890356914606e-05,-3.2770890356914606e-05,-1.869291148976572,20.691454275436172
10352.521607900004,low_load,low_cognitive_load,-4.7274653089309595,-11.488077073291606,-21.73329770079863,33.586784332397656,-3.384779211046407e-05,-3.384779211046407e-05,5.623305388964127,23.172127315149282
10352.851416300004,low_load,low_cognitive_load,9.21085295499961,-0.8736696716837287,6.392691566846224,-41.76770810984226,-3.475418270681985e-05,-3.475418270681985e-05,-11.850564477034823,-34.850752276267485
10353.266623800006,low_load,low_cognitive_load,15.933709216520583,-0.2455989220097763,-6.098685276803735,-11.714046453565516,-3.4945881452586036e-05,-3.4945881452586036e-05,-5.857024054762405,-7.77707560075396
10353.630580500007,low_load,low_cognitive_load,-8.162124332201302,-11.001407501590165,-0.9881604602860534,18.591974333058715,-3.323550754430471e-05,-3.323550754430471e-05,-9.956818068076245,-17.527616193123777
10353.990718100005,low_load,low_cognitive_load,-1.6950419454246912,-5.132715833372458,-8.050529929738786,17.299784741197072,-3.574172205844661e-05,-3.574172205844661e-05,14.799584050748308,19.7322749805312
10354.379426300005,low_load,low_cognitive_load,-12.71244273950856,1.4759165462473902,-10.526329913916015,-31.448709947361294,-3.5497191674949136e-05,-3.5497191674949136e-05,2.362173166710363,-12.430214083870851
10354.741130500006,low_load,low_cognitive_load,-12.988733332368383,-3.927497477009638,0.5113990685135832,36.77672106632281,-3.414135426282883e-05,-3.414135426282883e-05,1.6922769814773346,0.03132145085101001
10355.124502000006,low_load,low_cognitive_load,-15.387362372403686,16.612192860614414,0.7658917455478331,48.29279036729213,-3.594709505705396e-05,-3.594709505705396e-05,2.9802077230001487,30.903376211094837
10355.545527500006,low_load,low_cognitive_load,4.138574674038409,11.278442948554584,9.39795747495009,-13.58144600537753,-3.429246226005489e-05,-3.429246226005489e-05,18.909706197133346,5.452668651991644
10355.921823000006,low_load,low_cognitive_load,86.34272688565261,57.005590426850176,32.17359977013757,-1.910035802967741,-3.392407415958587e-05,-3.392407415958587e-05,8.295142347469664,-4.316967887878036
10356.300026400007,low_load,low_cognitive_load,-13.938217619090437,-8.26500531177362,0.8312322578121893,-33.257875342103034,-3.599139472498791e-05,-3.599139472498791e-05,-9.180860645134999,-18.13919047428726
10356.681772800004,low_load,low_cognitive_load,-5.881212678362772,2.4634619559092243,15.227621515023657,-32.89409270127544,-3.2411421670985874e-05,-3.2411421670985874e-05,4.5798947617895465,-23.675677586997153
10357.066150700004,low_load,low_cognitive_load,-4.742774448470527,-3.248267146206217,-10.251178609700219,-16.962637122348042,-3.338743044878356e-05,-3.338743044878356e-05,-8.424157470807586,-10.027765493650804
10357.496964300006,low_load,low_cognitive_load,12.290162110554547,13.335409207810244,-4.120062595228774,16.951866409516242,-3.485633442323888e-05,-3.485633442323888e-05,14.540205368947227,4.387601737732439
10357.8793122,low_load,low_cognitive_load,9.220871703798366,9.31938590615573,-8.228776813545664,-81.0510029967736,-3.8551257603103295e-05,-3.8551257603103295e-05,-3.2328655577375685,-24.041030270102965
10358.267465800001,low_load,low_cognitive_load,26.882618314387173,19.494579538618837,17.476173959063544,12.377355247137075,-3.4186373341071885e-05,-3.4186373341071885e-05,19.333663973735383,17.5809373100401
10358.636862500001,low_load,low_cognitive_load,22.492113491754935,6.684824019640473,16.80964217600649,0.4420010377325525,-3.4606486224220134e-05,-3.4606486224220134e-05,6.208885708304479,4.460492263710421
10359.044577900002,low_load,low_cognitive_load,14.29801016657484,-10.860422769876095,0.49523595091659445,23.298641178265825,-3.461256892478559e-05,-3.461256892478559e-05,-15.900549508787208,-15.979615087911952
10359.438492800007,low_load,low_cognitive_load,20.184511191090223,12.71544134046826,-15.917130247382829,-15.998662481270003,-3.7054700442240573e-05,-3.7054700442240573e-05,-9.388629496967042,-16.956829801034928
10359.817556700003,low_load,low_cognitive_load,-9.163453902185665,-3.9698379500773626,-12.065170320023753,8.718809316680108,-3.5412692341196816e-05,-3.5412692341196816e-05,-4.311074089844169,8.517204530684921
10360.178980600003,low_load,low_cognitive_load,-33.61075560490053,-3.937687810442185,-5.459407206713422,11.5915923500188,-3.546032075973926e-05,-3.546032075973926e-05,-3.615213928841058,17.40877705380126
10360.525295000005,low_load,low_cognitive_load,-11.230982134216674,-9.92202227623693,3.210893728400606,-10.973822995985302,-3.4631608286872506e-05,-3.4631608286872506e-05,-3.6030678573592922,-19.03625732039245
10360.881624900005,low_load,low_cognitive_load,-3.523372910075068,12.52843488787812,-28.812113399214013,7.840083965762005,-3.482337524474133e-05,-3.482337524474133e-05,-5.633586318057041,8.78757274590862
10361.242183800005,low_load,low_cognitive_load,-7.547345319168471,-12.783927783578747,-7.488422505087328,-40.52914491002048,-3.539931549312314e-05,-3.539931549312314e-05,-7.572389402832869,-25.008732085152133
10361.651556300005,low_load,low_cognitive_load,-5.245034303742159,-4.191674275925379,-17.61347675816114,0.09685898725456354,-3.289366213721223e-05,-3.289366213721223e-05,-6.835991476428717,-11.845360122470993
10362.036519300003,low_load,low_cognitive_load,-25.156712854592342,4.197858381042806,-10.120300680423952,1.934234411804482,-3.376185577508295e-05,-3.376185577508295e-05,-16.582195369709098,-12.42313293042207
10362.462984400005,low_load,low_cognitive_load,4.845839405144716,10.043402931719811,1.0294756516004782,7.681613632229983,-3.4898054764198605e-05,-3.4898054764198605e-05,6.259180418061987,12.251851951259596
10362.831721800005,low_load,low_cognitive_load,28.740736715339153,14.45836208809078,-1.5992005509283445,-10.445235000044704,-3.451978864177363e-05,-3.451978864177363e-05,5.265613736434261,-9.447151934110025
10363.215800900005,low_load,low_cognitive_load,-8.057539737174011,-7.02850824857569,-5.330637159081107,-15.71631759840011,-3.4943091122841e-05,-3.4943091122841e-05,-3.8578934398055935,-7.9390682033626945
10363.602043200006,low_load,low_cognitive_load,16.370616758207916,-1.3575771421651552,9.807091323462828,6.274522641548629,-3.4485919059079606e-05,-3.4485919059079606e-05,-9.062655740118771,-15.430015628342971
10363.9972091,low_load,low_cognitive_load,-14.970672392203824,-0.3346632740926907,14.9131792297444,1.1540689942635254,-3.634142649389105e-05,-3.634142649389105e-05,7.2404662523399566,0.640616169963323
10364.374296000002,low_load,low_cognitive_load,16.30727869136126,0.9075661081933504,8.543730574978781,1.0258215692047088,-3.43380725098541e-05,-3.43380725098541e-05,14.359867667944854,10.784597065455273
10364.755600100007,low_load,low_cognitive_load,-1.7188937806413378,-3.313028330243924,0.8794960231616642,35.5861425226185,-3.440817818045616e-05,-3.440817818045616e-05,15.347544510017542,32.21242493460477
10365.1431212,low_load,low_cognitive_load,-7.931838415219545,2.343391122907633,18.578218790124993,12.167799143033335,-3.7108832657395396e-05,-3.7108832657395396e-05,16.72346710796728,21.03836250669474
10365.5603415,low_load,low_cognitive_load,-2.0253411828859953,7.152830098973482,0.4246489922984438,-47.40628934062988,-3.540511170285754e-05,-3.540511170285754e-05,1.5133442416504295,-26.813999592062373
10365.926806200001,low_load,low_cognitive_load,-2.9622947684890732,0.6666722577078872,3.2203399159448054,-25.255376145075843,-3.572815148800146e-05,-3.572815148800146e-05,-5.667482743630444,-9.441752789939528
10366.3030803,low_load,low_cognitive_load,10.35798451779283,7.417917332983961,9.754881571094757,49.05257448990369,-3.637960435298737e-05,-3.637960435298737e-05,5.694504198258983,12.623397373381067
10366.720530800001,low_load,low_cognitive_load,-8.383985599753942,-1.6850938621601017,3.803822024666715,-1.145913879785894,-3.265620853198925e-05,-3.265620853198925e-05,2.3815032556681217,1.5979041840300852
10367.109057000001,low_load,low_cognitive_load,21.88683449928999,15.019429801446222,-16.61913190472478,36.07510755044859,-3.4541202694526874e-05,-3.4541202694526874e-05,4.942933845046355,10.17251115640056
10367.467351300002,low_load,low_cognitive_load,-25.96877311936487,-9.10314147423469,9.446191248735886,-57.44629055512496,-3.481057592580328e-05,-3.481057592580328e-05,-5.178220608594529,-22.04712244457687
10367.854792100003,low_load,low_cognitive_load,-1.0636667067665257,-14.966942343652136,-5.564523769853167,3.832802670163801,-3.2031461159931496e-05,-3.2031461159931496e-05,-6.29245112287299,-7.5837609665918535
10368.192380200002,low_load,low_cognitive_load,-16.57544835616477,0.9755114560202856,-8.167488474550282,-18.06580790940143,-3.3048412660718895e-05,-3.3048412660718895e-05,-18.815524805039786,-13.230537144338086
10368.559590000003,low_load,low_cognitive_load,11.155543079204563,8.927532046971919,2.2105290043173227,-13.449972110338422,-3.515255320962751e-05,-3.515255320962751e-05,2.080652680291678,-5.6346886717883535
10368.939660900003,low_load,low_cognitive_load,-5.357198174244786,6.411799326542223,-3.7160294087102557,42.80714651716016,-3.504473625071114e-05,-3.504473625071114e-05,-6.641997264791826,15.099997638828881
10369.325002300002,low_load,low_cognitive_load,64.44470947594414,60.908499523281534,30.42354207140579,47.158891926732394,-3.468724844424287e-05,-3.468724844424287e-05,-1.5079810848105808,6.361991232304717
10369.697146400002,low_load,low_cognitive_load,-12.88928534904926,-10.61559206295442,4.5762071010817635,-18.841406538038427,-3.4765477721521165e-05,-3.4765477721521165e-05,10.982290711682708,4.767585946345207
10370.098702100004,low_load,low_cognitive_load,20.903612985618565,2.891364373376291,13.478798909422949,-22.30742216320641,-3.374422431079438e-05,-3.374422431079438e-05,4.964469754066158,-11.301212615770055
10370.455100400004,low_load,low_cognitive_load,11.524738865599147,-8.280195173841093,-9.098095889565684,-36.11050919091804,-3.4823656278604176e-05,-3.4823656278604176e-05,-11.973982779506514,-30.16804322434973
10370.827804400004,low_load,low_cognitive_load,-14.969239067192575,-20.912724301337676,-17.751671195158906,33.512360198464194,-3.749474308278877e-05,-3.749474308278877e-05,-29.94284867434908,2.9048193194221312
10371.228860600004,low_load,low_cognitive_load,1.444687952784534,-13.04184166381583,8.807628987286535,9.954479428181912,-3.324245335534215e-05,-3.324245335534215e-05,2.6486723918910684,14.309611973714254
10371.611324900005,low_load,low_cognitive_load,15.350516215179141,0.7430688612839731,13.363360428224496,-26.215836725000372,-3.4588958442327566e-05,-3.4588958442327566e-05,2.966423534102887,-8.077773571052148
10372.019008300003,low_load,low_cognitive_load,-14.822404951316912,-11.111164486369034,-0.43898040686190143,-18.091084169982878,-3.284385911683785e-05,-3.284385911683785e-05,1.9872072073767413,-8.455340538552718
10372.413999900004,low_load,low_cognitive_load,8.354023583277012,1.3543742144920543,-1.5297765600498678,24.464927445194917,-3.339629347465234e-05,-3.339629347465234e-05,8.41487428777873,18.979417715344425
10372.806825900005,low_load,low_cognitive_load,-15.944277654666848,-4.110970879522938,21.780616331222973,46.73814945046661,-3.485581146378536e-05,-3.485581146378536e-05,17.410981239933335,26.91088567341103
10373.239711400005,low_load,low_cognitive_load,4.820335546348588,6.580733140420762,4.111471872919083,26.717029729751175,-3.5072527680313215e-05,-3.5072527680313215e-05,-5.07305356828283,6.835783755859211
10373.600836600006,low_load,low_cognitive_load,20.57533146598098,4.628651144887954,-4.046121671315632,7.8985903787393,-3.096757882303791e-05,-3.096757882303791e-05,-18.70066626407015,8.468084754951633
10374.010335500001,low_load,low_cognitive_load,19.291960746158566,16.85190309476502,15.158206691125088,4.655219146193758,-3.588200343074277e-05,-3.588200343074277e-05,11.824704517627197,6.584414777635629
10374.389080100002,low_load,low_cognitive_load,-2.962161889303843,7.144137636079904,-8.513250331079234,-9.135454792116889,-3.505417589622084e-05,-3.505417589622084e-05,-3.919829599006789,6.622124718467603
10374.777879500001,low_load,low_cognitive_load,51.21846718437473,22.233384235415997,18.511415146991112,40.34770488375261,-3.330032905068947e-05,-3.330032905068947e-05,6.734354281644755,7.969327972746669
10375.1516947,low_load,low_cognitive_load,-5.879692183661064,14.323790014012047,-1.2135604451796098,-23.854682753556517,-3.393856422917452e-05,-3.393856422917452e-05,14.39753440818049,13.41333077667332
10375.519617900001,low_load,low_cognitive_load,10.941505834060536,21.661713048590627,12.196984517745932,1.2806911420852884,-3.507845030981116e-05,-3.507845030981116e-05,8.086747877594007,10.254991860792416
10375.891750500003,low_load,low_cognitive_load,-9.136971782089631,-13.72951235310029,-16.073896363707263,-9.386713174906617,-3.3001428164425306e-05,-3.3001428164425306e-05,3.020547975905174,15.155832566360914
10376.273759000007,low_load,low_cognitive_load,8.279383245208237,7.295747655810828,2.559154135679819,-7.735023663772608,-3.4671143112063874e-05,-3.4671143112063874e-05,4.557908091771878,-6.361982801885006
10376.663718300008,low_load,low_cognitive_load,-8.698169434478814,5.022531741382409,5.653794271394872,23.00660679662178,-3.6450465813686606e-05,-3.6450465813686606e-05,1.4271078238789414,2.7957370872472893
10377.093611600007,low_load,low_cognitive_load,-14.514109536911747,-10.053908498440705,15.898767963042701,58.2287015644265,-3.4527491152402945e-05,-3.4527491152402945e-05,-0.3235408914670188,26.101854532007565
10377.445288400004,low_load,low_cognitive_load,1.252483039709432,-2.886979837124727,4.685691152318668,6.427673871993193,-3.314370314910775e-05,-3.314370314910775e-05,-3.8992983684670435,-3.501444465203349
10377.841538100005,low_load,low_cognitive_load,-7.384483675673209,-9.547750379817444,-6.986977468186524,-26.420556042659427,-3.508347163005965e-05,-3.508347163005965e-05,-11.892128589992353,9.989375532752547
10378.239466400006,low_load,low_cognitive_load,-10.72908796016577,-15.315756195424456,-11.074978517332966,-26.33040193880288,-3.544422088452848e-05,-3.544422088452848e-05,-13.917620005469416,6.224917469114644
10378.649227300006,low_load,low_cognitive_load,72.87533327418441,56.37832607909968,49.9377157788158,29.347253565043502,-3.291185112175299e-05,-3.291185112175299e-05,1.3223160817051394,-0.5603568715264373
10379.053254400005,low_load,low_cognitive_load,-23.849115587101096,-15.837243794465849,-12.897001104734954,-11.59676894106542,-3.3097413506766316e-05,-3.3097413506766316e-05,-1.6526529227489846,-12.089083383701109
10379.450632500006,low_load,low_cognitive_load,6.519641318601771,1.6770853499538134,5.740520558435946,37.64010513624726,-3.166026817780221e-05,-3.166026817780221e-05,-4.637609065428933,6.880341171581222
10379.851992900005,low_load,low_cognitive_load,-18.114893744864503,-10.610391225702188,-12.051034119463111,28.65244402565122,-3.618708342401078e-05,-3.618708342401078e-05,-8.66863923297069,11.756592102532977
10380.258505900007,low_load,low_cognitive_load,-5.741273773609237,-15.58323313591336,7.389703122665196,46.47015012018619,-3.6315364923211746e-05,-3.6315364923211746e-05,15.534735552552775,43.544626179805164
10380.648772700008,low_load,low_cognitive_load,11.645709237556048,-2.780273259113528,5.7614267491776445,31.236333232761353,-3.552714224497322e-05,-3.552714224497322e-05,0.3064661032149161,15.381455976889356
10381.026647800001,low_load,low_cognitive_load,-1.825450446476225,-1.3986986496697682,2.634411709558208,43.02153269766768,-3.5642080547404476e-05,-3.5642080547404476e-05,-3.4316206423186486,33.33147351082016
10381.433431300002,low_load,low_cognitive_load,32.710712295048324,9.949371509636421,10.507682362805554,76.18892999126274,-3.4922503800771665e-05,-3.4922503800771665e-05,9.831588777163688,30.498865205245693
10381.834080600003,low_load,low_cognitive_load,1.112611352791646,-1.9640177562723693,-4.688651794580892,36.8353598628637,-3.364132044225698e-05,-3.364132044225698e-05,-1.1054323649659636,25.387375773189888
10382.242178200002,low_load,low_cognitive_load,-20.980311858377945,-2.4769554716367566,9.913457375989765,11.573587399459484,-3.414560796954902e-05,-3.414560796954902e-05,18.93546054623357,27.09378861862615
10382.640938800003,low_load,low_cognitive_load,-20.317264149583934,-12.66847191761417,1.5163862121266902,6.229941550472631,-3.2726306017138995e-05,-3.2726306017138995e-05,-6.983517360408314,1.473646912967979
10383.009062600004,low_load,low_cognitive_load,-30.05066922472497,-1.4132974976259902,-7.542387967700051,-81.62569988776522,-3.436016049818136e-05,-3.436016049818136e-05,0.5599622222839571,-17.844146092267238
10383.390067500004,low_load,low_cognitive_load,16.119361857203103,-11.262797800743556,-4.8845467773035125,-18.103538260333153,-3.4273170967935584e-05,-3.4273170967935584e-05,-4.331914759157826,-23.0028509019412
10383.760736600005,low_load,low_cognitive_load,-20.429903607076085,-27.415668884857496,-14.675414080771134,-90.6314566443125,-3.139558066322934e-05,-3.139558066322934e-05,-8.357194622999486,-36.73083636690944
10384.146636400006,low_load,low_cognitive_load,-7.646615477373189,-5.027669018268625,2.7611179792493203,-14.995169322395668,-3.2293681215378456e-05,-3.2293681215378456e-05,1.1404270741873006,-18.957859374958844
10384.546782400006,low_load,low_cognitive_load,-11.064343331560622,-1.477137786590447,-0.9435857382354698,67.2476363094961,-3.3410803553124424e-05,-3.3410803553124424e-05,-15.948826390841077,30.699694974542126
10384.917136700005,low_load,low_cognitive_load,-3.365161810285599,-7.362447671080645,0.631364393723743,-27.14950374249247,-3.272923731856281e-05,-3.272923731856281e-05,21.96889366894402,6.808979295847621
10385.294479600007,low_load,low_cognitive_load,28.41078612484921,11.638151419702353,6.509285500642818,-44.60029269326424,-3.6229361285222694e-05,-3.6229361285222694e-05,-9.402057597120802,-29.610414697740907
10385.665034700007,low_load,low_cognitive_load,7.62831314314144,-10.135449386108576,-9.357529671826796,-76.4604434916323,-3.6998329051129986e-05,-3.6998329051129986e-05,5.388833947119565,-36.86375975241799
10386.071787800007,low_load,low_cognitive_load,-16.487035852975396,-13.66347014951225,-7.627395695354608,-29.711620646058236,-3.214089883840643e-05,-3.214089883840643e-05,-20.53426002355127,-32.3636197751548
10386.468575500006,low_load,low_cognitive_load,-5.237764295421812,-0.773339776895682,-1.3152414437026891,20.062754122232946,-3.312039734737482e-05,-3.312039734737482e-05,-9.502415057124836,-4.852299926985324
10386.883626000008,low_load,low_cognitive_load,-18.54573477616782,-1.2880081911484922,-6.537953497391754,29.956985529827307,-3.5624474548967555e-05,-3.5624474548967555e-05,-6.799447849368335,28.25958303167772
10387.261277900001,low_load,low_cognitive_load,14.096765369066361,10.771778563099815,25.760689614794956,49.68756546803979,-3.351194754941389e-05,-3.351194754941389e-05,19.117300417728984,44.288388186686916
10387.665493400002,low_load,low_cognitive_load,11.365992163683131,-7.9555706648338855,1.1549366630233635,-31.323062052552814,-3.595310954551678e-05,-3.595310954551678e-05,6.260850916072286,-3.150112389881997
10388.073626300002,low_load,low_cognitive_load,-32.857685972958734,-18.320612449461805,-21.164689145571174,-32.09684115086793,-3.355018543516053e-05,-3.355018543516053e-05,-11.139917766652161,-6.419715402555539
10388.460755700002,low_load,low_cognitive_load,23.91606927846442,12.544463932303643,1.9375313967716465,2.9547822509625803,-3.4835265068977606e-05,-3.4835265068977606e-05,17.728632786276194,20.80377223600226
10388.830191100004,low_load,low_cognitive_load,70.21113660807305,65.41541809181172,21.189293809195988,61.37010371906399,-3.5182292776880786e-05,-3.5182292776880786e-05,13.512830082613164,51.48263464075217
10389.180321400005,low_load,low_cognitive_load,-36.234906907842515,-29.868765229216933,-20.756465029749506,-87.27773797733471,-3.593781821109587e-05,-3.593781821109587e-05,-17.52888083951939,-48.889545236705544
10389.564538100003,low_load,low_cognitive_load,6.041043713302315,-7.856178087052285,-9.135164142414396,28.726269682237216,-3.6359439945954364e-05,-3.6359439945954364e-05,-11.48911143719306,-12.19748503902747
10389.986390000004,low_load,low_cognitive_load,-25.10620423446244,-13.415406400678876,-17.170521056420966,14.951813470176148,-3.385927266208455e-05,-3.385927266208455e-05,-10.017072247807846,6.09818851093587
10390.370013800004,low_load,low_cognitive_load,25.142528935937207,16.324216064034317,16.97358436606646,6.553727828738829,-3.4057295124512166e-05,-3.4057295124512166e-05,13.11268015915357,23.376921236945236
10390.786741800004,low_load,low_cognitive_load,3.116864178892911,2.9511916690535145,-15.692782259492105,19.4904921673251,-3.801953062065877e-05,-3.801953062065877e-05,-14.001063932320449,4.332870416966671
10391.180964800005,low_load,low_cognitive_load,14.306996522172312,6.511282151598152,11.598621103734786,19.979464520400597,-3.3793243346735835e-05,-3.3793243346735835e-05,9.939964262749982,39.099079090670784
10391.559560800006,low_load,low_cognitive_load,7.225735791058241,-6.131983015550304,-4.950276262277384,-34.48500700207023,-3.398628905415535e-05,-3.398628905415535e-05,5.325474548741568,-20.575391260046672
10391.927423300007,low_load,low_cognitive_load,7.622737345910082,-1.1895914166543662,13.528441329715406,-32.657018123807575,-3.36389193762443e-05,-3.36389193762443e-05,17.38879557964583,7.596182430750559
10392.298523400008,low_load,low_cognitive_load,10.345914189389532,4.358648946567882,-7.300777808824478,-24.11996979748392,-3.4645412597456016e-05,-3.4645412597456016e-05,-15.830084536704817,-31.33277391258798
10392.694992200008,low_load,low_cognitive_load,-12.707839350569884,-1.9069802566414182,-5.995060132873732,66.1781169886167,-3.5770306567428634e-05,-3.5770306567428634e-05,1.1004461311258638,39.7555030005783
10393.086626600001,low_load,low_cognitive_load,48.55455044421092,31.56969455965509,27.896746135201738,40.486771283913185,-3.597090380935697e-05,-3.597090380935697e-05,1.2907487409061105,23.5799788986601
10393.475793200001,low_load,low_cognitive_load,-37.69962105562831,-22.244025589108332,-4.6245373176138855,-36.99288175089532,-3.4400310141791124e-05,-3.4400310141791124e-05,-3.414721136294247,-9.324599798449071
10393.835820300003,low_load,low_cognitive_load,2.1109300307989542,11.544156825588288,13.308929580333825,-25.8895825014165,-3.5047545679844916e-05,-3.5047545679844916e-05,12.063433261249429,17.755396873285918
10394.226639400002,low_load,low_cognitive_load,2.058274167193531,6.474710568055798,-5.72095883832435,30.74437072698447,-3.485098568489775e-05,-3.485098568489775e-05,-14.936835954139042,1.6294691767716358
10394.6016559,low_load,low_cognitive_load,9.848804496565663,-4.143987414261119,1.332102888362897,-26.078616856591907,-3.617346465034643e-05,-3.617346465034643e-05,-9.286181083736665,-4.733848278388905
10395.010371400002,low_load,low_cognitive_load,21.174073655505026,7.482028495327995,-4.41210936077232,-41.42405696129481,-3.4819896427507047e-05,-3.4819896427507047e-05,-4.149303049449372,-30.395909306637805
10395.3637388,low_load,low_cognitive_load,-5.639347249637012,3.852195917525023,-17.85950558730974,8.75009567911502,-3.4284092180314474e-05,-3.4284092180314474e-05,-20.365405071649548,-13.63841897991324
10395.762918100001,low_load,low_cognitive_load,27.692400226392692,24.143960922105634,38.70083606035314,79.41019219275358,-3.596274927986087e-05,-3.596274927986087e-05,57.291767837761654,66.15318203609377
10396.160931900002,low_load,low_cognitive_load,872.3958501192351,857.676567059666,857.2901707589517,850.6396299432131,-3.350214046804467e-05,-3.350214046804467e-05,870.2396370691749,859.1310491881759
10396.521448200005,low_load,low_cognitive_load,-464.8620593750675,-447.15233510106646,-445.0442923532496,-420.6989251014629,-3.559091692295624e-05,-3.559091692295624e-05,-470.9486413371146,-458.0786722956659
10396.917650600004,low_load,low_cognitive_load,161.2214515127357,153.62133089838017,167.63854849850395,187.51953608962594,-3.7437084756675176e-05,-3.7437084756675176e-05,173.21805187794962,186.4719491943606
10397.282584800005,low_load,low_cognitive_load,44.06187254240558,46.481322740504766,25.988091385650478,-1.6431063274467306,-3.309783187432913e-05,-3.309783187432913e-05,20.147939587778183,25.770476390774093
10397.645413900003,low_load,low_cognitive_load,-32.29091117169037,-36.7413150957118,-42.863838620537535,-66.19173474995159,-3.330264917167369e-05,-3.330264917167369e-05,-33.75035297366003,-52.480368616536
10398.045417700005,low_load,low_cognitive_load,7.998807397127621,6.527982218189209,19.96994280854051,26.446778221300065,-3.599804131226847e-05,-3.599804131226847e-05,14.050612034576261,17.482033335335927
10398.447770500004,low_load,low_cognitive_load,-24.542099148844954,-24.53329504879366,-17.752333148466278,-10.85514404103742,-3.6277690014685504e-05,-3.6277690014685504e-05,-24.35204988286705,1.6210259009626498
10398.835208600003,low_load_completed,low_load_completed,-30.13503938978556,-18.813832942486897,-6.547914465015765,-49.68207606171927,-3.60037001883029e-05,-3.60037001883029e-05,9.530660057842397,-7.351101265123816
10399.224224200005,low_load_completed,low_load_completed,10.512229695326141,4.664042421666181,-3.9712039640171497,-36.193451957383786,-3.5184037187718786e-05,-3.5184037187718786e-05,-27.640960546696533,-24.20912397946813
10399.629443400006,low_load_completed,low_load_completed,-1.8603840779392158,-13.117640509058674,-14.789072919845694,-64.6027456877664,-3.335737437737407e-05,-3.335737437737407e-05,9.23987625241125,-3.867481157216389
10400.039355800005,low_load_completed,low_load_completed,-8.517761224989954,-4.6352694777583565,-10.646001398000863,-55.02565443503363,-3.447733706707368e-05,-3.447733706707368e-05,-13.528942796657248,-48.87796580784152
10400.425838200006,low_load_completed,low_load_completed,10.71204664452489,16.10505045856098,13.715703744338953,-34.26332243920024,-3.395687417651061e-05,-3.395687417651061e-05,3.6209220897308114,-20.96455400890909
10400.834979500007,low_load_completed,low_load_completed,21.55345057782347,13.661794349530282,-0.7701509776602506,-57.43130451261413,-3.448687493801117e-05,-3.448687493801117e-05,13.449930629216396,-24.93719490897047
10401.214793600002,low_load_completed,low_load_completed,6.3433470044651585,-0.8558075274750081,5.660736271749101,25.11584478633813,-3.611874217313016e-05,-3.611874217313016e-05,2.8782425632821287,20.55016680562585
10401.612361100002,low_load_completed,low_load_completed,11.432472779607451,13.404287700921486,11.67650693662381,-49.30393274547623,-3.295445003459463e-05,-3.295445003459463e-05,18.708192142121334,-14.153900343840633
10402.005243400003,low_load_completed,low_load_completed,-0.4832301074895895,1.6044719193027959,9.09390103711894,-43.129279825403955,-3.659904177766293e-05,-3.659904177766293e-05,4.1344941325883156,-35.61186244763849
10402.384717800003,low_load_completed,low_load_completed,-8.0908272980339,3.945619730368435,-6.083885074308,89.101303981829,-3.5256162846053485e-05,-3.5256162846053485e-05,-7.60849539392575,23.886405973524234
10402.757933500003,low_load_completed,low_load_completed,14.403881591814752,10.47461835392096,7.36173287782276,-28.79692747802028,-3.401422782189911e-05,-3.401422782189911e-05,10.951534630848528,11.15326906932387
10403.117050000003,low_load_completed,low_load_completed,46.91375505095766,46.52910529382825,48.46273703334782,52.206662052903994,-3.4436830901540816e-05,-3.4436830901540816e-05,43.98645662006538,30.556278584026586
10403.497160000003,low_load_completed,low_load_completed,-22.23980162643238,2.0741017287841714,-13.273285684405892,32.23439187035501,-3.4404624784656335e-05,-3.4404624784656335e-05,-18.29670174756484,-4.129126199326038
10403.908131800003,low_load_completed,low_load_completed,404.03219986048043,399.0722610673861,390.22082246203036,406.1660178709467,-3.4695080103119835e-05,-3.4695080103119835e-05,384.5322827746286,397.4101237309046
10404.298535900003,low_load_completed,low_load_completed,-173.7947083173408,-178.96885149875243,-194.5114505991328,-113.9835648076355,-3.341566844028421e-05,-3.341566844028421e-05,-199.61389770777214,-181.07040231051633
10404.706639300004,low_load_completed,low_load_completed,52.55070391441882,47.57151389065848,35.786064343968064,54.784007802432825,-3.6179714697937015e-05,-3.6179714697937015e-05,40.54525454386203,43.23288303226991
10405.095729400005,low_load_completed,low_load_completed,-4.057929229462843,7.30138322682069,-4.939208150744889,25.181804446434853,-3.6675113733508624e-05,-3.6675113733508624e-05,0.8456977914556774,2.3883319832802954
10405.500818600005,low_load_completed,low_load_completed,-8.382588438556013,-14.684588098623408,-10.352172129438713,27.508514512650436,-3.501904484437546e-05,-3.501904484437546e-05,-11.65497478421048,23.611982626785448
10405.909162500007,low_load_completed,low_load_completed,-17.337664021404862,-0.23258087444764897,-20.102641298502476,26.210884233476918,-3.5420293897914235e-05,-3.5420293897914235e-05,-15.268530056510826,20.50302264410766
10406.286133900006,low_load_completed,low_load_completed,3.0629427428955296,2.2773120147812733,-17.79628566788415,-0.6212671337466418,-3.570672106434358e-05,-3.570672106434358e-05,-14.86636767694472,10.743085799658274
10406.651197100007,low_load_completed,low_load_completed,-9.556636367618921,-10.689473396659196,0.6394168916144736,-41.12501843611699,-3.4396462979202624e-05,-3.4396462979202624e-05,3.6615309981034443,-10.010430931251449
10407.014939000008,low_load_completed,low_load_completed,-13.219264720828505,-3.8969124882155484,3.9685467331541986,-2.324192081972342,-3.802738410740858e-05,-3.802738410740858e-05,3.6247286193756736,-4.662227027097742
10407.412328100007,low_load_completed,low_load_completed,-412.26076283663247,-392.9380181385259,-396.2491588893927,-302.6241576661273,-3.585754529922269e-05,-3.585754529922269e-05,-376.87341559001334,-334.52114672032803
10407.8165007,low_load_completed,low_load_completed,677.500806963382,679.6210188325708,675.5297129588371,701.6885671304922,-3.4781728572852444e-05,-3.4781728572852444e-05,688.0601934862129,711.8373449689802
10408.1603507,low_load_completed,low_load_completed,-556.266669041818,-558.3580246219749,-566.6836125294876,-602.8070318559771,-3.737296356121078e-05,-3.737296356121078e-05,-564.4236010247573,-591.7044737574747
10408.549129300001,low_load_completed,low_load_completed,183.17450037013373,190.3745700889026,192.26670563891457,191.70498005844775,-3.6723653465742245e-05,-3.6723653465742245e-05,191.9177346789843,183.07825387009598
10408.932960200002,low_load_completed,low_load_completed,-37.87472336042538,-35.679685245480414,-51.2275230795658,-9.344387304148313,-3.566054601833457e-05,-3.566054601833457e-05,-54.61579058743246,-34.58243106648797
10409.347889100001,low_load_completed,low_load_completed,-12.596454497871946,0.5001746866814756,-13.58078012609758,-19.462278033624443,-3.4488893106754404e-05,-3.4488893106754404e-05,-1.427007930265063,-8.535149975062268
10409.700392800001,low_load_completed,low_load_completed,475.3852759496774,479.997000132686,468.45024537095924,445.19131707919905,-3.717129129654495e-05,-3.717129129654495e-05,463.8581999807793,438.45728905338956
10410.039108,low_load_completed,low_load_completed,-239.0728752023615,-242.29089315645388,-241.63509368982523,-210.38639685811586,-3.687603020807728e-05,-3.687603020807728e-05,-232.74787191693895,-216.36047255889616
10410.4317885,low_load_completed,low_load_completed,87.2475170348032,80.05967937253672,86.35566953251282,39.786875581457025,-3.319897132314509e-05,-3.319897132314509e-05,93.22399202241422,74.60160859269808
10410.810530600002,low_load_completed,low_load_completed,31.085268662534418,31.64537818428653,27.26721585506857,35.084355614447304,-3.4880213206633925e-05,-3.4880213206633925e-05,19.008926250777222,14.776082622613103
10411.178405200002,low_load_completed,low_load_completed,56.188069916755694,54.157685622663394,44.07174622120283,109.42502045319816,-3.661736991489306e-05,-3.661736991489306e-05,38.47600746780017,45.26911647929501
10411.560865000003,low_load_completed,low_load_completed,194.41771410730757,151.72984410353138,129.6638548344108,193.50696210289652,-3.5237505471741315e-05,-3.5237505471741315e-05,112.49577256399562,130.18241792252093
10411.937186100002,low_load_completed,low_load_completed,-92.82240089328252,-89.68549808375565,-89.12268266602723,-54.13333299354008,-3.4655764466151595e-05,-3.4655764466151595e-05,-69.59846805727602,-35.37079965787052
10412.334739200003,low_load_completed,low_load_completed,-6.674051157064241,7.3078885154495765,-4.089073032564556,20.492040188045394,-3.609504165069666e-05,-3.609504165069666e-05,-15.591875627349054,-16.235392817421143
10412.714855700002,low_load_completed,low_load_completed,7.878437780168042,4.5697190800924545,5.272492680149753,8.159415514158354,-3.6047470530320425e-05,-3.6047470530320425e-05,14.669974894024563,12.93190369186641
10413.091814000005,low_load_completed,low_load_completed,18.53815578772719,-2.0828285721786415,-18.094517128879943,-2.8823853138824234,-3.470185856713215e-05,-3.470185856713215e-05,-23.327022356419548,-10.196226282412226
10413.486359500004,low_load_completed,low_load_completed,-7.385140886807449,-5.7524816746336,1.1596092763738852,-4.120445030132487,-3.318534072604962e-05,-3.318534072604962e-05,11.476934195061858,19.099149130309343
10413.876641900004,low_load_completed,low_load_completed,-8.943556395500991,0.4388709464205931,-4.261904850370684,10.660887703521439,-3.480112263787305e-05,-3.480112263787305e-05,-12.535260299564015,-6.418624564351376
10414.289621800006,low_load_completed,low_load_completed,-6.321964663933613,5.942454676471698,-8.65033596670628,-26.45185522609472,-3.472784646874061e-05,-3.472784646874061e-05,-1.3752753622002274,-0.3501055377105331
10414.608439600006,low_load_completed,low_load_completed,55.45656127838811,53.27984574440143,37.919527330267556,-10.689505090261264,-3.61112215614412e-05,-3.61112215614412e-05,5.310011654758,-2.2852848237494072
10415.006877900005,low_load_completed,low_load_completed,-5.58179972138737,-3.2302172541926666,-9.755966456661554,-2.6729784858857784,-3.514381387503818e-05,-3.514381387503818e-05,-3.9855853109347663,-6.972824100755588
10415.397016500006,low_load_completed,low_load_completed,-13.775505633397415,-22.29134630651697,-20.616216683073617,-5.137728873366086,-3.355586977704661e-05,-3.355586977704661e-05,-37.08996859157469,-32.27242985680323
10415.791876300005,low_load_completed,low_load_completed,28.324007223658555,43.6249850523659,44.003619624530984,46.404733524056155,-3.424149235797813e-05,-3.424149235797813e-05,35.84438613380826,44.62539712026182
10416.192035900005,low_load_completed,low_load_completed,-14.959856459483262,-21.311682692161867,-13.194393400437548,-28.46948826762491,-3.521284725138685e-05,-3.521284725138685e-05,-4.318699731294146,-9.198465402444072
10416.593493900007,low_load_completed,low_load_completed,-23.71613161321261,-26.43440577734009,-15.35953424472791,1.1600996126644532,-3.287834442744497e-05,-3.287834442744497e-05,-11.422294524379595,-7.7124487433166
10417.009993000007,low_load_completed,low_load_completed,3.5742516843361045,-2.3375446080249276,-3.1112984366213823,-2.437081102961656,-3.331775405968074e-05,-3.331775405968074e-05,-7.34332911257934,6.728199486534322
10417.385144900005,low_load_completed,low_load_completed,23.112072269551845,16.506960148600683,8.398211014444314,2.6198539079223337,-3.572753030312015e-05,-3.572753030312015e-05,21.845658434684083,3.7789936736007803
10417.783817900005,low_load_completed,low_load_completed,-1.7827772840446414,-19.15276502690449,-24.17933012685171,5.476552760830145,-3.530044796207221e-05,-3.530044796207221e-05,-13.852384897741558,-5.551440991042
10418.164262100005,low_load_completed,low_load_completed,11.565875689008635,2.8933941291402334,8.224116691596919,22.195285071197304,-3.510144597385079e-05,-3.510144597385079e-05,25.402441699650353,25.91674566408301
10418.549449500004,low_load_completed,low_load_completed,7.041403987983813,-6.078554941558195,8.468600254274861,14.681587706698792,-3.4901789149444085e-05,-3.4901789149444085e-05,0.20039447425369872,8.611098460816265
10418.947617300004,low_load_completed,low_load_completed,-37.45459605375436,-60.18474489797245,-34.68444077845652,-47.99418449623181,-3.360379378136713e-05,-3.360379378136713e-05,-19.859291305707302,-10.969988426897999
10419.318932400003,low_load_completed,low_load_completed,-28.82800575522083,-16.73431850291763,-9.608313135126537,9.185271438749169,-3.186780304531567e-05,-3.186780304531567e-05,-22.91576769564699,-23.251374084391045
10419.708652700005,low_load_completed,low_load_completed,33.48763085693918,20.39149297433596,19.233578265728738,6.570827192391789,-3.187602214893559e-05,-3.187602214893559e-05,21.08538126910753,13.700270136325344
10420.100075500004,low_load_completed,low_load_completed,17.65549514761301,1.0003606931718423,-2.36554524362964,0.770844669969847,-3.53074192389613e-05,-3.53074192389613e-05,0.14213543639380077,-1.929388435619785
10420.504001200004,low_load_completed,low_load_completed,6.353512892418621,-13.157868613037863,-3.6363365056399743,1.1365119401448283,-3.233136158087291e-05,-3.233136158087291e-05,6.17024783368106,3.147821669053883
10420.907963000005,low_load_completed,low_load_completed,-20.28561646373919,-15.272356354254953,-26.00259073636107,-7.444288479001898,-3.260263110860251e-05,-3.260263110860251e-05,-19.785156536870545,-20.84169624147262
10421.307029700005,low_load_completed,low_load_completed,10.652138173416688,17.86118662892659,8.512397204942317,-27.10614157102964,-3.455803653196199e-05,-3.455803653196199e-05,31.884266721881886,7.640333841384745
10421.694517500006,low_load_completed,low_load_completed,3.173917691696488,-6.648200085007375,12.550293618599426,-37.184380891606,-3.580641441658372e-05,-3.580641441658372e-05,5.277784262007117,-2.5522507851314913
10422.092419600007,low_load_completed,low_load_completed,-2.9659095704812444,-13.502839207130364,-0.22560954474602113,22.690860523634456,-3.693596772791352e-05,-3.693596772791352e-05,-14.542994079496111,11.263259343128539
10422.468713900007,low_load_completed,low_load_completed,13.136546230771955,3.269443906091965,17.615146908272436,-18.40379840221476,-3.468434715614421e-05,-3.468434715614421e-05,21.922351605279346,4.0290316468936
10422.849994000007,low_load_completed,low_load_completed,-1.0119423390804059,-14.418806927866171,-6.737960381642097,26.991383958421466,-3.1684556233813055e-05,-3.1684556233813055e-05,8.670870663610003,11.429439800050204
10423.260204300008,low_load_completed,low_load_completed,-6.891417189913909,-7.193689371864366,-12.20272833658737,13.07275826661862,-3.344845572428312e-05,-3.344845572428312e-05,-21.212200699861114,-8.000007229711628
10423.651321800007,low_load_completed,low_load_completed,-85.81146396879694,-34.565303518131714,-8.497357412980364,-3.2320849210786946,-3.636418387031881e-05,-3.636418387031881e-05,10.19434373579952,11.070058287633401
10424.037188900002,low_load_completed,low_load_completed,-47.37592002877591,-22.207563874108473,-18.242727998801,-25.451789618236035,-3.5202986509830225e-05,-3.5202986509830225e-05,-5.957604021548832,1.5282773022677247
10424.445494600002,low_load_completed,low_load_completed,2.057907825145321,-1.47514066304484,-9.39557522669611,-14.259485592248893,-3.5271670640213415e-05,-3.5271670640213415e-05,-0.6061685002282502,-2.2996819536342628
10424.812261500003,low_load_completed,low_load_completed,10.752602488053526,4.316744220395776,2.720694381350313,-28.489734610455343,-3.3539928153913934e-05,-3.3539928153913934e-05,-4.992532666183706,-12.461384675810223
10425.211066300002,low_load_completed,low_load_completed,2.4481672017091114,2.4863109575376257,-4.414879945884422,-3.250882568677298,-3.5960909372079186e-05,-3.5960909372079186e-05,12.335842788694663,5.852380284836727
10425.581528800005,low_load_completed,low_load_completed,1.016727309998032,0.25774891416858736,-1.4460289046905928,-25.31355655920197,-3.4520237932156306e-05,-3.4520237932156306e-05,21.024293152538576,-1.5466221707429213
10425.970379800005,low_load_completed,low_load_completed,5.6135237624753245,6.342985554410006,4.540592483062028,24.19646480178244,-3.4172170671809e-05,-3.4172170671809e-05,-9.833021895401998,4.160797346905838
10426.3868199,low_load_completed,low_load_completed,-4.948445633072652,-4.957919683721684,1.7636907051023627,40.18481639645961,-3.427854971960187e-05,-3.427854971960187e-05,18.361550677277137,20.998865617050342
10426.737690100004,low_load_completed,low_load_completed,4.435642235240266,-12.47544131026234,7.6655219738722735,-15.069315382336299,-3.2783786991785746e-05,-3.2783786991785746e-05,6.256854624456082,-8.253663748028885
10427.133118900005,low_load_completed,low_load_completed,9.944080635588307,8.53029096813043,4.014489901225716,-23.698744000775605,-3.535976975399535e-05,-3.535976975399535e-05,15.74094293227472,-14.93750763104299
10427.561569500003,low_load_completed,low_load_completed,2.205958868327798,-7.449619547151997,-19.267673072613434,-33.244421371923636,-3.3738343518052716e-05,-3.3738343518052716e-05,-4.690563622903937,-0.8851276335367402
10427.951818500003,low_load_completed,low_load_completed,39.763800647400785,15.099100203921353,17.012066416243215,-51.77699674107407,-3.315123831271194e-05,-3.315123831271194e-05,22.467422387418537,-16.130377994022183
10428.372012300004,low_load_completed,low_load_completed,117.68060634319,73.64389566533418,47.340117041939266,115.77264106710118,-3.262406426074449e-05,-3.262406426074449e-05,6.393787160513057,20.514356193799813
10428.958129000008,low_load_completed,low_load_completed,-38.303980795871894,-30.691250235787265,-36.28231613148182,41.074014087045725,-3.3440850529586896e-05,-3.3440850529586896e-05,-18.735987203403056,14.788712608414698
10429.170349900001,low_load_completed,low_load_completed,21.70761542497371,12.743646400972466,10.035443907581339,-10.880702723717604,-3.539407316566212e-05,-3.539407316566212e-05,0.9399383083241446,-6.79971863718265
10429.418116,low_load_completed,low_load_completed,20.73863255697188,12.70716944409105,11.10998433702298,-23.587835559089854,-3.4418681025272235e-05,-3.4418681025272235e-05,20.77632264873091,12.329031696452148
10429.850493400007,low_load_completed,low_load_completed,26.786197719955,-7.854483270271885,-11.120414269995308,13.981925711538679,-3.5221145481045824e-05,-3.5221145481045824e-05,-0.07538154432813826,4.971391048204168
10430.240530900008,low_load_completed,low_load_completed,-23.346241722880222,-0.3644417095533754,-12.76470318093061,25.713249626987363,-3.531931452016579e-05,-3.531931452016579e-05,-10.332293614570062,9.552069764404223
10430.6167566,low_load_completed,low_load_completed,9.616451710699266,-4.152719882525162,-3.631090685478739,9.482640415299102,-3.396869215066545e-05,-3.396869215066545e-05,-2.2360085346431333,17.315691575680376
10431.0193457,low_load_completed,low_load_completed,18.16863723950769,0.28144207732520954,-3.62412755139394,-10.990470981471844,-3.425391514610965e-05,-3.425391514610965e-05,12.8979639371737,-4.914752108984885
10431.397093800002,low_load_completed,low_load_completed,2.618562996252649,-6.960975210775814,-1.1988859478533413,-45.893595861770336,-3.541968726494815e-05,-3.541968726494815e-05,7.385943278081413,-8.041114172736343
10431.789564500003,low_load_completed,low_load_completed,-18.9741782528954,-6.700079208816533,11.138030793348207,8.23322055870085,-3.534033658070257e-05,-3.534033658070257e-05,0.0408843292311758,4.331449372709358
10432.174857400005,low_load_completed,low_load_completed,15.109950355301635,16.62803548833881,12.279708174794905,-3.7861342459832485,-3.3280730349360965e-05,-3.3280730349360965e-05,-13.407642227164615,-9.44684267339062
10432.570231200005,low_load_completed,low_load_completed,4.168690135492852,11.627888942062327,11.378818723518634,8.474171985065368,-3.69186191164772e-05,-3.69186191164772e-05,-5.361718873996324,-17.161929413110556
10432.960301200004,low_load_completed,low_load_completed,-12.717543069034718,-8.844832359375687,-11.307862300274792,5.634873171327854,-3.670269052236108e-05,-3.670269052236108e-05,-7.346824304654547,9.510622905701439
10433.344674300004,low_load_completed,low_load_completed,-125.70737777422528,-83.05960293855924,-62.42406976620805,-48.93245132776383,-3.6207395169185475e-05,-3.6207395169185475e-05,-6.290736984790328,-5.0954227012075535
10433.756572700006,low_load_completed,low_load_completed,-51.14992496798618,-44.53392091531305,-46.26901813011682,-5.650821282925335,-3.64668803740642e-05,-3.64668803740642e-05,-7.042001215339951,-0.06754687309285146
10434.150842300005,low_load_completed,low_load_completed,17.769675387769894,10.719325924605982,-1.2756470164126767,10.840520479021961,-3.580714746931335e-05,-3.580714746931335e-05,-7.4063374347779245,-1.1281441334690498
10434.550716900005,low_load_completed,low_load_completed,30.380227641001056,7.098590699173201,-6.798107513735886,-16.52903861332834,-3.508664212859003e-05,-3.508664212859003e-05,8.528716351598632,-4.272205995177046
10434.918271900005,low_load_completed,low_load_completed,-4.163453438565739,1.6708031586163088,5.397384711872746,25.88177725413925,-3.530755020619836e-05,-3.530755020619836e-05,7.225618394420962,16.277588907692916
10435.329592700007,low_load_completed,low_load_completed,-2.1892177064805765,-12.035761211320278,-4.456843684399246,-27.852102991760603,-3.36539496856858e-05,-3.36539496856858e-05,-18.634824155785736,-24.679713938389796
10435.712416300008,low_load_completed,low_load_completed,-11.429580660173087,3.4457252209881517,9.025617955775488,3.4643515867305723,-3.652278883237159e-05,-3.652278883237159e-05,7.308436190136945,9.560048485749121
10436.116478300008,low_load_completed,low_load_completed,-4.6730243332647206,3.913119273205666,-5.139079495393162,3.003839986738967,-3.6851043660135474e-05,-3.6851043660135474e-05,-19.63589490445156,-10.380631336984607
10436.5006121,low_load_completed,low_load_completed,8.565323091017945,7.428801482148629,8.837334557994836,13.46106044137332,-3.455615842540283e-05,-3.455615842540283e-05,12.012894872685138,5.936604716882812
10436.8773841,low_load_completed,low_load_completed,21.99579059875464,-7.348131183820897,0.5868455660111067,-49.01745910788168,-3.247252243454568e-05,-3.247252243454568e-05,4.279431119478431,-5.235921235879232
10437.268677200002,low_load_completed,low_load_completed,8.01604542223663,1.7472337213916944,-6.085682441715562,63.168418038730124,-3.4462417715985794e-05,-3.4462417715985794e-05,3.527408051866587,20.063530890653055
10437.657406200002,low_load_completed,low_load_completed,-18.204654807263296,-6.311848551642925,-15.048643926046225,300.3176375023854,-3.4313543437747285e-05,-3.4313543437747285e-05,-13.070964288086088,52.48901083017108
10437.995265200005,low_load_completed,low_load_completed,-5.855858709596532,-5.321812549263086,-10.753596821701649,-82.09014754670807,-3.31786641254439e-05,-3.31786641254439e-05,-26.33455079375517,-48.68655858645934
10438.400660300005,low_load_completed,low_load_completed,5.218844342870852,-15.13679985084218,-12.769899216209524,-129.53814381445045,-3.541664864314953e-05,-3.541664864314953e-05,-21.4550387949962,-43.427881333743244
10438.798314400006,low_load_completed,low_load_completed,38.05543123340021,39.0879139548033,13.82712248404232,-106.69914391207885,-3.500468756101327e-05,-3.500468756101327e-05,2.229842733917394,-14.696583577338515
10439.186540400004,low_load_completed,low_load_completed,-116.05235337694307,-102.9140955203934,-82.09971564534226,28.422953274336578,-3.591515360312769e-05,-3.591515360312769e-05,-89.86929025108793,-51.36961113324014
10439.555146800005,low_load_completed,low_load_completed,104.84882069826995,98.8958999480351,94.94394562257003,117.95298585440332,-3.331633979541948e-05,-3.331633979541948e-05,98.009514797875,103.59115812418122
10439.911388300005,low_load_completed,low_load_completed,-88.7815170968147,-88.48395341162359,-77.04807488214419,-122.16373040208737,-3.382586783118313e-05,-3.382586783118313e-05,-91.23399999609728,-90.637205181441
10440.325281300004,low_load_completed,low_load_completed,-132.1813109482748,-121.67339176668474,-119.74709903251096,-90.62734174721709,-3.54272542608669e-05,-3.54272542608669e-05,-131.9067126699556,-118.55679118263652
10440.690617000004,low_load_completed,low_load_completed,71.55142490356116,71.41938099815025,79.64368948648416,58.88971857981369,-3.3758827157726046e-05,-3.3758827157726046e-05,87.72316082784255,77.8803926248629
10441.101743600006,low_load_completed,low_load_completed,-10.792397886036724,11.05019284790069,12.892300260230058,-5.489733585097383,-3.474485674814787e-05,-3.474485674814787e-05,-1.0910542942106076,-6.346421000539522
10441.453169800006,low_load_completed,low_load_completed,-21.69393135275095,-9.33113974859134,7.523156442563504,-108.81707006391571,-3.409372857277049e-05,-3.409372857277049e-05,0.1314236764906127,-23.187174040818263
10441.857594100005,low_load_completed,low_load_completed,5.955533317767731,7.144531171770268,13.392691180370093,-123.59626196334375,-3.651111910585314e-05,-3.651111910585314e-05,-0.6098656943986498,-27.210353397116705
10442.250050100005,low_load_completed,low_load_completed,-31.992412098839395,-34.460506882177015,-35.95071259770748,-130.21210450936906,-3.586176990211243e-05,-3.586176990211243e-05,-28.94520229487216,-43.9410551149349
10442.632404500002,low_load_completed,low_load_completed,38.58446893177893,32.58963199971049,23.118855209633693,72.99162766802874,-3.4554022931843065e-05,-3.4554022931843065e-05,34.32364211811637,41.48529050642037
10443.026369700006,low_load_completed,low_load_completed,-22.239815136500965,-1.4266095271200356,-13.278889937885651,107.20164149287712,-3.4901419894595165e-05,-3.4901419894595165e-05,-6.484490826910587,24.331845246800185
10443.422614400008,low_load_completed,low_load_completed,6.945589171830761,45.0676491194954,-8.162055568934647,-21.735112234327516,-3.585478407330811e-05,-3.585478407330811e-05,21.18097653154109,16.29253027739378
10443.803014700008,low_load_completed,low_load_completed,-87.36447320767957,-91.2618028771708,-59.747270773556465,-117.61977208146163,-3.3420699764974415e-05,-3.3420699764974415e-05,-58.57534620882916,-66.46089736739805
10444.162517800007,low_load_completed,low_load_completed,1.289151781794999,3.987967622284941,-20.220281410810458,4.0907804828307235,-3.570650369510986e-05,-3.570650369510986e-05,-16.265168352558703,-9.910380465702929
10444.5667635,low_load_completed,low_load_completed,7.323743409228655,-4.288320376061165,-2.742946227650009,14.239522791067884,-3.809133340837434e-05,-3.809133340837434e-05,7.05091655116712,10.610816208048163
10444.9329815,low_load_completed,low_load_completed,3.175060066110973,-16.787876311137097,-10.02700169552736,-80.07415096865088,-3.5521455174603034e-05,-3.5521455174603034e-05,-24.71875988165675,-33.23948770006018
10445.300417600001,low_load_completed,low_load_completed,-25.875077413963027,-9.340727600742866,0.4779638254594829,19.40468164673257,-3.521395501593361e-05,-3.521395501593361e-05,0.40214804155948514,-0.5037529461883423
10445.667918300001,low_load_completed,low_load_completed,-19.966780710176863,-11.883292431700738,5.076480761978019,-20.071166086323046,-3.4565335226943716e-05,-3.4565335226943716e-05,3.513936979783921,9.778297534123794
10446.0371527,low_load_completed,low_load_completed,71.26113726400081,32.082347642788136,23.962797817593128,430.02263217147083,-3.658463720057625e-05,-3.658463720057625e-05,23.585539468815114,16.934134941262073
10446.441672800001,low_load_completed,low_load_completed,5.7184880085656005,-9.382632832023319,-2.812099809290885,-476.43636055940397,-3.515193748171441e-05,-3.515193748171441e-05,30.238297848424736,62.39679012459783
10446.8179717,low_load_completed,low_load_completed,-14.128032748211353,-37.05064893780309,-3.4861836934633175,123.50768120488783,-3.749921415874269e-05,-3.749921415874269e-05,-2.711530027342633,14.73648666539475
10447.1941637,low_load_completed,low_load_completed,-1.284779504404014,44.14919108015829,34.63970215174504,31.65565330994241,-3.4934502764372155e-05,-3.4934502764372155e-05,-4.91403472867114,156.50281590328086
10447.565116500002,low_load_completed,low_load_completed,35.08153551164787,15.657151016125681,2.3693576867199226,247.11609639227936,-3.1545598176307976e-05,-3.1545598176307976e-05,-44.70665825755577,-11.616515922064082
10447.924966700002,low_load_completed,low_load_completed,-38.183792074946496,-28.14590073607451,-19.29969072663971,59.21300534565262,-3.621102496254025e-05,-3.621102496254025e-05,-39.21531262658891,12.942436475483646
10448.329025500003,low_load_completed,low_load_completed,14.100159747225689,9.529147914704026,-3.589718961451581,-73.43727146605534,-3.368449324625544e-05,-3.368449324625544e-05,97.56729143173425,4.544590156508093
10448.708056300002,low_load_completed,low_load_completed,-19.629448379916766,-28.993326528004673,-36.94574197120255,102.56461044639354,-3.2986371479637455e-05,-3.2986371479637455e-05,-13.33998622268382,-3.3982697347973954
10449.124717300003,low_load_completed,low_load_completed,-36.86962328717436,-28.759926281238222,12.368422539444964,30.23792491003178,-3.466099042270798e-05,-3.466099042270798e-05,-0.3401381271514765,31.02743493423668
10449.509558000002,low_load_completed,low_load_completed,-53.91762458684002,-28.0711117154533,-37.67320677935368,-261.65139640765847,-3.6593086406355724e-05,-3.6593086406355724e-05,-6.292261295665412,-1.4647909360778613
10449.905027000003,low_load_completed,low_load_completed,-9.181834992764834,0.04141031174640375,7.462293010821213,189.81829644135996,-3.572793139028363e-05,-3.572793139028363e-05,1.6984391143660105,-6.58550462908488
10450.286812100007,low_load_completed,low_load_completed,80.84407902361295,114.14349526697379,65.26600892076976,263.41780117369444,-3.196842317265691e-05,-3.196842317265691e-05,36.21101825721007,94.94758782559938
10450.633224500005,low_load_completed,low_load_completed,-22.50503376257666,-16.110308447558054,-7.1833979162324795,-190.28397536908733,-3.438743260630872e-05,-3.438743260630872e-05,-28.805031303161286,-24.120675872055017
10451.041989800005,low_load_completed,low_load_completed,-122.78485923211929,-65.28046292963654,-36.2992079302785,-79.19988746663421,-3.707868563651573e-05,-3.707868563651573e-05,-14.992544322962658,-21.064831775084258
10451.429483400005,low_load_completed,low_load_completed,10.25682743118682,-32.85729853339535,-22.567272390454946,6.093006462295762,-3.410415229154751e-05,-3.410415229154751e-05,-10.73502043013832,-19.90453235143832
10451.840160800006,low_load_completed,low_load_completed,-10.178215597107737,3.432756821901876,2.4488859930402214,36.79658419126508,-3.387245760677615e-05,-3.387245760677615e-05,5.526158988658608,12.879032462750729
10452.227798600006,low_load_completed,low_load_completed,17.49762757343933,16.475715763013795,19.667908426661597,22.15816550016507,-3.600533091230318e-05,-3.600533091230318e-05,19.655822791125047,25.368772986477325
10452.649355700001,low_load_completed,low_load_completed,47.01949226366378,34.30521484417977,27.44404757203256,-3.1131919954627847,-3.4925263207696844e-05,-3.4925263207696844e-05,-0.31565187395881367,-2.3868963370227902
10453.020453500001,low_load_completed,low_load_completed,16.552469122717184,26.09600956486429,26.218598820748866,64.78590167501306,-3.503096195345279e-05,-3.503096195345279e-05,4.238398023540867,22.92135792299632
10453.3915521,low_load_completed,low_load_completed,-69.90891686464897,-65.60793018912727,-48.28735395870399,-43.17692247737568,-3.638452926679747e-05,-3.638452926679747e-05,-11.93120743243253,-18.906860222018167
10453.7903557,low_load_completed,low_load_completed,27.72224347854194,48.775760198648186,24.20967716298992,-11.547292502674736,-3.133988502668217e-05,-3.133988502668217e-05,-3.4780861817739606,9.952462965941322
10454.187399500002,low_load_completed,low_load_completed,-5.398625554446653,7.092973451387934,3.2546271486025944,-198.8509689870989,-3.323544751765439e-05,-3.323544751765439e-05,-9.991867066693885,0.9863769587832394
10454.577259300002,low_load_completed,low_load_completed,12.69383900585558,-7.640916802017273,13.316568529428423,47.706782496483356,-3.3314058782707434e-05,-3.3314058782707434e-05,18.185517856482875,-1.0471933713424733
10454.941083000002,low_load_completed,low_load_completed,-63.89981999322663,-16.005861218797236,-5.439683598705415,198.89051559602694,-3.2184059818973765e-05,-3.2184059818973765e-05,2.7337322878802297,11.338705979354472
10455.360987600003,low_load_completed,low_load_completed,-29.89877606220216,-22.04018670527921,-15.655319407901061,-153.75811368060158,-3.204643235221738e-05,-3.204643235221738e-05,-8.73358995689432,7.514908396566625
10455.734611300002,low_load_completed,low_load_completed,0.5092619801555429,3.9639260626349824,10.800752370249938,18.280208334998406,-3.3538112802489195e-05,-3.3538112802489195e-05,6.357250903346994,-11.562905701644922
10456.102737900004,low_load_completed,low_load_completed,15.749190613591281,11.175791022860267,16.421384171595946,13.591376327592116,-3.506590928736841e-05,-3.506590928736841e-05,18.853653351261073,35.69900830325241
10456.495376200004,low_load_completed,low_load_completed,35.76576161735102,16.828206504252194,-1.8051383918195825,-28.0159605192639,-3.455064506852068e-05,-3.455064506852068e-05,-10.773303572459099,-10.885353587305872
10456.895288300004,low_load_completed,low_load_completed,23.797874251845542,15.160207861251365,0.055419588597033,-13.564007636475253,-3.410095177969197e-05,-3.410095177969197e-05,-6.966817363699647,-11.24676460814635
10457.270669600006,low_load_completed,low_load_completed,38.06609214906075,16.76948684993249,6.0669940386269445,-81.64844054454488,-3.33406669597025e-05,-3.33406669597025e-05,-7.267608850556371,-39.19660832140289
10457.663259400006,low_load_completed,low_load_completed,12.750530071701633,14.268000770086473,-13.434450432504036,647.3914465269149,-3.390865913388552e-05,-3.390865913388552e-05,-19.089938719897418,53.10074239743153
10458.056677900006,low_load_completed,low_load_completed,-5.035890222073704,0.8332140148354483,2.838935666850375,19.326878645195393,-3.46595124938176e-05,-3.46595124938176e-05,16.667098018154775,2.8405702516165547
10458.444944800005,low_load_completed,low_load_completed,114.48738316264848,92.26388673576321,64.15104578426008,-228.46241773634347,-3.336548252264038e-05,-3.336548252264038e-05,-1.8733052120965112,440.2476065507458
10458.808476100006,low_load_completed,low_load_completed,-17.53305773558759,-59.6372175210995,7.59377065227136,1432.8824786580517,-3.2171911698242184e-05,-3.2171911698242184e-05,2.004665590008699,115.79446335052262
10459.184863400007,low_load_completed,low_load_completed,99.72360614825334,79.97155392732202,16.798431979136694,-322.2741011447697,-3.39923171850387e-05,-3.39923171850387e-05,73.99379540209702,705.4061727559033
10459.538877300007,low_load_completed,low_load_completed,-94.41946929748724,-135.11184636393364,-86.30030237256415,-38.69252112598815,-3.4782041439029854e-05,-3.4782041439029854e-05,-32.419531755281696,-369.6259596348309
10459.945218900008,low_load_completed,low_load_completed,24.592366836759084,77.83216653430054,44.94264001925194,307.1929417175634,-3.097046010225313e-05,-3.097046010225313e-05,71.8964183311491,247.89222665270336
10460.320187600002,low_load_completed,low_load_completed,-75.87845305827295,-8.260791025405524,-24.198754936803653,-83.08586997385146,-3.346548965055263e-05,-3.346548965055263e-05,41.11895288583719,-39.7088582516526
10460.731888,low_load_completed,low_load_completed,12.958312717818444,2.9315218202773394,22.06462722940296,-79.64361616943279,-3.5658388696901966e-05,-3.5658388696901966e-05,-15.043245564895187,-10.923356313862314
10461.1030062,low_load_completed,low_load_completed,6.31314771890402,25.308001979358323,4.096291320653563,267.1967590442805,-3.827926411759108e-05,-3.827926411759108e-05,-3.914660885513058,129.74889837872024
10461.488028000002,low_load_completed,low_load_completed,-26.784292270583137,-16.09709197513166,-9.579482651697163,-161.5671125993067,-3.503550851746695e-05,-3.503550851746695e-05,59.89525529142702,-40.40550048928981
10461.8880496,low_load_completed,low_load_completed,-69.16954345417003,-60.501663222198204,-31.72894326863343,-156.36193050469728,-3.4234369195473846e-05,-3.4234369195473846e-05,-104.58112404343728,27.554064986511094
10462.285839900002,low_load_completed,low_load_completed,12.156500682950309,-10.166001501438132,-32.057322998429754,-79.7232150854411,-3.5088866752630565e-05,-3.5088866752630565e-05,4.0153828019306275,-59.84027523156783
10462.682955400001,low_load_completed,low_load_completed,5.925342260449952,-10.654544160767728,-6.560635266986083,18.45980604144279,-3.6094943425268866e-05,-3.6094943425268866e-05,-34.54272059593313,5.240337232918591
10463.088499700001,low_load_completed,low_load_completed,36.51633547300162,31.823148944806235,9.891479229223023,31.932804134921298,-3.5581989322963636e-05,-3.5581989322963636e-05,27.163712478162324,12.057190350592009
10463.4554685,low_load_completed,low_load_completed,37.83982998785382,30.101655683003628,13.97263520526485,17.53137771545107,-3.3009157959895674e-05,-3.3009157959895674e-05,7.999510974677833,8.503293320260582
10463.836664,low_load_completed,low_load_completed,-51.52336602134119,-5.411310045743448,-5.055625668382163,-20.20344735809931,-3.463720622676192e-05,-3.463720622676192e-05,2.8074041545696673,-2.5447835935538023
10464.219355700001,low_load_completed,low_load_completed,-20.11184786401077,5.171951787735907,28.420900950818577,42.011347488723914,-3.602595916163409e-05,-3.602595916163409e-05,8.864849171950937,9.086077785614634
10464.6194785,low_load_completed,low_load_completed,-11.621521004970646,-6.388300316376444,6.2537210216978565,20.463863660361312,-3.2755992833699565e-05,-3.2755992833699565e-05,-11.959746252296554,-7.510986559701905
10464.996814900005,high_load,high_cognitive_load,-12.690378563087734,-7.877890565708185,-7.8342437332999,52.06177372232696,-3.067497982556233e-05,-3.067497982556233e-05,-11.139914247668457,7.418119978280629
10465.356284300005,high_load,high_cognitive_load,37.06273410552285,35.72953007646947,30.72975070884877,11.848448254185769,-3.5060559639532585e-05,-3.5060559639532585e-05,49.25354233147982,39.50441216070021
10465.764426900005,high_load,high_cognitive_load,-24.782413375896112,-21.89257500898657,-18.523682385575285,-34.35400706942437,-3582.3751376956134,-3.646900404419284e-05,2.935492624212202,14.473709055318977
10466.163259900006,high_load,high_cognitive_load,-32.466924057969436,-60.24825302324507,-2.3885148740778277,-92.60075461100178,706.6821655780495,-3.684602324938169e-05,-8.120512672876885,-62.39040859937268
10466.562278900006,high_load,high_cognitive_load,61.16861615676703,69.42727762426512,10.871547791359717,280.60591699080896,-433.92551131882556,-3.584494606911903e-05,-24.630468022814966,-48.36547294814136
10466.897404200008,high_load,high_cognitive_load,-4.256899080431822,-96.07463595280296,-24.95866232824028,-656.1550835034823,127.12913405352174,-3.466506859695073e-05,2.8422362085630084,79.1457853977472
10467.302562100007,high_load,high_cognitive_load,5.425659686804238,59.58457893125478,1.6974504917584454,280.67958779462924,22.138300189440088,-3.497968282317743e-05,-13.22209547516104,-35.60427949138193
10467.644941200007,high_load,high_cognitive_load,28.568383529972152,23.31547488748447,17.466268776568995,70.06614028455897,-37.34313478748936,-3.4521991437941324e-05,2.4354085670565837,7.68726939658427
10468.009577100007,high_load,high_cognitive_load,-153.54863582292,-109.80785296781096,-46.95192301062798,-170.9474379427902,12.620082815513342,-3.4602116102178115e-05,-13.970383071356537,-12.237060348266368
10468.389858800007,high_load,high_cognitive_load,29.190504941345125,29.79972575792908,27.04400464302489,-82.06559730403251,-0.20829341371154442,-3.7480677747225855e-05,14.9920485319426,0.2871108885060494
10468.750133600008,high_load,high_cognitive_load,-7.926966550120142,-9.895611644975816,-22.071102365594015,37.26443353066816,-2.4421102026817607,-3.4690191569097806e-05,-18.28605266294244,3.859573825939151
10469.153745600008,high_load,high_cognitive_load,-22.421866461242644,-10.211659803982002,6.153038025242495,74.89387626485404,1.127927179803919,-3.4650804082048126e-05,14.655928365974887,26.240242969011433
10469.507525800007,high_load,high_cognitive_load,19.859721123094914,2.497571788033838,2.628835072691345,-74.70618100380034,-0.15295598620650708,-3.4722570489975624e-05,6.497218786052144,-14.402484686296702
10469.926313800008,high_load,high_cognitive_load,71.28528474426344,75.74591836491436,73.00069463613272,89.2390423557722,-0.09666822106009931,-3.4956377021444496e-05,41.51125012266584,10.620915732095455
10470.3130923,high_load,high_cognitive_load,-50.84134730132473,-53.87144177249593,-51.31652869261461,-54.41034711602924,0.08562144884854206,-3.5767249755735975e-05,-40.48224996704312,-41.47397121571521
10470.6991608,high_load,high_cognitive_load,28.296616292112276,26.376753885295784,11.437040851859365,69.06881964396507,-0.025098186744799023,-3.2140836083272006e-05,19.4012296390556,44.18662157412791
10471.072837000002,high_load,high_cognitive_load,-25.177080590752666,-16.099752613856253,-7.194567153178468,-42.864908037959594,9.634015896153869e-05,-3.445876791374758e-05,-8.085895075959343,-2.575835050522528
10471.460683300002,high_load,high_cognitive_load,0.8515545653960999,7.78285852631825,13.003517738811297,-31.66329534639999,0.0037428852174343774,-3.4848212635552045e-05,0.6098514850450556,-14.531367746501928
10471.844663400003,high_load,high_cognitive_load,100.89941742110113,26.286302418221567,53.14680535048865,-70.42599097799166,-0.0022902876171428943,-3.3272916880378034e-05,5.91121625157075,2.2977777347919073
10472.191744100002,high_load,high_cognitive_load,9.133120922210765,-3.2709479326854307,21.74677538695005,11.922042711763424,0.0002932998613687232,-3.42687144438969e-05,29.64537426965262,24.62169041551897
10472.596192600004,high_load,high_cognitive_load,-7.646505115915943,-0.40198848014460964,10.134993217458032,4.764879393635056,0.00013809021766064689,-3.4672333640628494e-05,-14.016812064714486,-33.000855481682265
10472.992636600004,high_load,high_cognitive_load,-3.358070555088034,-2.498522690209029,8.61957418833208,230.47032806832976,-0.0001836806395658641,-3.689786262839334e-05,7.091710908337518,12.554832315775002
10473.351570400004,high_load,high_cognitive_load,-32.91540318788475,-22.688390479784175,-19.713073535700914,-140.20017688805774,1.7835078324424103e-05,-3.800486047111917e-05,-13.31147637179265,7.063453069358729
10473.750931200004,high_load,high_cognitive_load,-5.295919688782533,-15.499091777972353,-4.199362882401601,-38.33848360877437,-3.492512678349158e-05,-3.539725366863422e-05,-1.1618449202992451,-34.97090692856818
10474.108987600004,high_load,high_cognitive_load,12.613522971681732,10.5821711584681,-5.751486080268478,89.62378220687378,-4.36653108408791e-05,-3.3816697396105155e-05,18.81690656345154,28.414970651829663
10474.463900100003,high_load,high_cognitive_load,-35.236126636815015,-24.018028148439498,-19.65745247247696,-40.24929285370217,-3.152540284645511e-05,-3.559874130587559e-05,-16.378327765328322,6.0012729297232
10474.877756100004,high_load,high_cognitive_load,5.888395504003938,9.550221523914843,6.158604220114739,-25.538747966731535,-3.5426962313067634e-05,-3.381531314516906e-05,-4.982755969461778,-55.68613888720529
10475.255385400003,high_load,high_cognitive_load,-13.594912883338111,-8.981991845421362,-1.4155527699922459,-32.73181725852692,-3.629717684816569e-05,-3.532781920512207e-05,-18.206519765793473,-14.33080811075206
10475.652511900003,high_load,high_cognitive_load,-17.96247094236037,-12.293196539731525,-27.536787518128676,-18.494252534563202,-3.3408265153411776e-05,-3.503939024085412e-05,-16.85762564971992,-16.258973893786788
10476.043808600007,high_load,high_cognitive_load,-43.79660308179541,-33.91103661858324,-42.59787297463754,-47.45239925462374,-3.425888735364424e-05,-3.4946769119414967e-05,-29.650601964296584,-41.77203896897208
10476.431606900001,high_load,high_cognitive_load,-72.4523966151553,-40.111493944022186,-12.81611913732786,8.744111015753788,-3.513886076689232e-05,-3.365980774105992e-05,13.631674242247755,24.442189645950293
10476.825478100001,high_load,high_cognitive_load,38.41165364081212,29.695323100183487,22.920105135179256,-26.379807771897504,-3.60108815584681e-05,-3.23647518598591e-05,0.12332562798201252,-29.219689640112392
10477.206360400007,high_load,high_cognitive_load,43.44122361163181,43.5616382064768,3.0013547890721384,68.52409408390668,-3.5184898479201365e-05,-3.330480285512749e-05,15.933822960060297,24.878371781248916
10477.578786300008,high_load,high_cognitive_load,-43.97962992641942,-34.61429099914494,-6.292299912217459,-40.74736955350227,-3.3634010833338834e-05,-3.3564830118848477e-05,9.805376584414716,1.6139245827175728
10477.965041200006,high_load,high_cognitive_load,3.022348182359565,1.8092940459682723,-1.8236565763404542,-4.030417737944845,-3.422191730351187e-05,-3.23146850860212e-05,3.3977825880524506,-10.525439407999784
10478.379340800007,high_load,high_cognitive_load,5.866880853089469,7.747841730548771,3.460782992159693,4.582878856141633,-3.579257008823333e-05,-3.6327471207187045e-05,6.429424878409463,2.8866709498861383
10478.777346500006,high_load,high_cognitive_load,8.63131654203039,-4.123425009610401,-10.227328071450756,67.18794022483371,-3.537009888532339e-05,-3.4343686820648145e-05,-7.771435739665776,20.953094317410432
10479.1535433,high_load,high_cognitive_load,-30.455502093524956,-22.92068457450432,19.489420353036166,44.43478674634707,-3.3065274692489766e-05,-3.515508524287725e-05,-3.0222299784882125,32.44967019661681
10479.555709200002,high_load,high_cognitive_load,-30.774463306099733,-18.206069366097836,-11.392543207471135,19.457557632563294,-3.510316764732124e-05,-3.389639823581092e-05,-21.89026463692153,8.356975857151156
10479.985903700002,high_load,high_cognitive_load,-10.44820314614185,-23.6984867615447,-5.4696341442477205,-27.24416270398342,-3.442053457547445e-05,-3.7081689697515685e-05,7.241565100089247,2.9477518311068707
10480.368410900002,high_load,high_cognitive_load,-37.756322226812244,-11.569687886570591,-3.5930083186863158,5.735904988120637,-3.817540709860623e-05,-3.558134449122008e-05,-8.803249734936799,17.526736984209037
10480.756104200002,high_load,high_cognitive_load,17.825619016166684,19.14266688359112,11.220127459352625,-22.527666972174757,-3.475403991615167e-05,-3.582027875381755e-05,4.053535966389518,11.723659597828373
10481.146777200003,high_load,high_cognitive_load,-4.947145574747083,-13.373502544237908,-18.06905975176369,-17.773844972827646,-3.5314453270984814e-05,-3.212986393918982e-05,-9.153073998716991,-20.152848544261815
10481.553844300004,high_load,high_cognitive_load,17.192222544621927,-7.000999973200578,-9.04699011077355,-4.065571245105275,-3.480432224023389e-05,-3.317268328828504e-05,-10.302418211126223,-1.2036862005998046
10481.923300600005,high_load,high_cognitive_load,-19.23374079208429,-24.872234061539075,-25.20111124107143,2.2253468803792202,-3.390686288184952e-05,-3.467879378149519e-05,-16.96783657949163,-11.788641647024178
10482.307223400001,high_load,high_cognitive_load,89.74604224527548,52.542752952394494,16.003559968194168,56.07205843964857,-3.44610343745444e-05,-3.575126629584702e-05,9.346638995662033,14.11263820305112
10482.697880700001,high_load,high_cognitive_load,-32.326757808564935,-16.119357693711663,-15.209971723929812,-7.520682785242116,-3.669533271022374e-05,-3.4900933314929716e-05,-3.056039192037133,27.2377645952447
10483.085163700007,high_load,high_cognitive_load,-13.262128172021903,-24.889010364247042,-15.06092675607033,-27.171293014247567,-3.408189604670042e-05,-3.5044493415625766e-05,6.521403073241345,-7.950225411863357
10483.470557500008,high_load,high_cognitive_load,31.708844692926277,15.571550564062363,-7.778600627668311,11.544884137166264,-3.442021807131823e-05,-3.373385698068887e-05,6.28126677129876,13.788254448854786
10483.832540900008,high_load,high_cognitive_load,14.17413059609271,29.92648894395097,-10.36432988809429,81.91607765078106,-3.4751817111100536e-05,-3.3112793062173296e-05,-0.6393929527966975,2.9849050830248416
10484.263936300007,high_load,high_cognitive_load,-10.520073415068282,-18.042440257721864,-21.06195079287727,-9.653212147600243,-3.590690539567731e-05,-3.35001031999127e-05,-14.728438622259546,0.9241257508301715
10484.6431395,high_load,high_cognitive_load,-27.120269567209107,-10.116364905104092,0.6783264931068516,12.431810046996361,-3.330043546156958e-05,-3.3743154745025095e-05,15.250189323500308,5.18089218522482
10485.0318644,high_load,high_cognitive_load,102.0364041638959,66.79505524385922,30.657527761170513,-0.14625029587978133,-3.334529264975572e-05,-3.271731566201197e-05,10.687588752664396,2.7516387920136367
10485.416486800004,high_load,high_cognitive_load,-47.49802876981721,-29.3119183449071,-2.956698919129849,-1.3424283293934423,-3.1755554118717555e-05,-3.338775331940269e-05,-2.63174559867457,12.376746096162606
10485.820397200005,high_load,high_cognitive_load,31.393290819368758,35.55124344753631,23.75130778489529,32.33289164450571,-3.2852645745151676e-05,-3.448435199970845e-05,4.313806429601755,6.376370808235151
10486.223041300005,high_load,high_cognitive_load,35.82865180482827,41.99663458466148,17.496489353428387,9.411794466682295,-3.585769900382729e-05,-3.284317790530622e-05,23.455852095416503,18.099470376933823
10486.592811000004,high_load,high_cognitive_load,37.48399602131303,18.515625383339284,8.526271662677573,21.418748300347033,-3.51513153873384e-05,-3.331118386995513e-05,1.1005023171633184,-6.676890253318561
10486.951520900004,high_load,high_cognitive_load,-38.64124017718609,-34.465865658873554,-22.89770053600114,-39.842765288415194,-3.6341911254567094e-05,-3.513562660373282e-05,-12.32623379626557,-10.839582375213922
10487.320143000004,high_load,high_cognitive_load,8.44858101972818,29.977100414830147,25.67955940487218,30.93128292577967,-3.769697195821209e-05,-3.513226420182036e-05,4.653123575851168,23.102113315517727
10487.705222900004,high_load,high_cognitive_load,-93.41750062620577,-113.85122368925795,-99.92354087069634,-58.07364954770901,-3.340112652949756e-05,-3.728414776560385e-05,-97.48579066434331,-90.93517997130084
10488.117369700003,high_load,high_cognitive_load,21.86421633374448,16.08043428327619,10.34046784198199,35.89323608356108,-3.497576562949689e-05,-3.5701474189409055e-05,24.533834753235624,32.54875126368961
10488.511696800004,high_load,high_cognitive_load,17.198125058396954,24.629545228826828,23.4024441460283,2.3188953037961255,-3.469057901384076e-05,-3.4223523471155204e-05,23.49671024081499,3.027840191944506
10488.899228700004,high_load,high_cognitive_load,-33.01513434585104,-36.31562882021581,-26.123383169977842,-21.188958223078316,-3.26176568705705e-05,-3.59081286660512e-05,-26.161877446857943,-29.205532658401353
10489.298031100005,high_load,high_cognitive_load,-23.37906328297663,2.3221754761189004,-4.0243505404951065,6.1956781260428215,-3.323693363199709e-05,-3.5194737392885145e-05,-2.4701633854797365,-7.079139420143747
10489.712019500006,high_load,high_cognitive_load,169.5185753657006,120.03404641480483,44.65996254395213,24.891190656511753,-3.362405823281733e-05,-3.10074328808696e-05,-9.551036839991866,-10.859016792910552
10490.070098400007,high_load,high_cognitive_load,-40.43368790927116,-34.11172314009036,-38.903014500158406,-12.922719766817863,-3.842259320663288e-05,-3.4196375963801984e-05,-11.934642771532253,-20.220815207139367
10490.439178300005,high_load,high_cognitive_load,52.04092571585829,73.8533175901689,90.06856974457014,77.08307522601308,-3.523035593389068e-05,-3.6871389056614134e-05,82.22899752471812,92.73255099250719
10490.825148200007,high_load,high_cognitive_load,-119.8153205556523,-121.0637163049305,-76.30053415245038,-142.02471255311048,-3.5184210901206825e-05,-3.3538743991812225e-05,-66.13357394345712,-69.76667132957482
10491.240116200008,high_load,high_cognitive_load,35.133065841576126,35.66326475246342,47.592057634713,-4.663535136197424,-3.431774348428007e-05,-3.520798691170057e-05,40.8460507376285,57.94832816304233
10491.6454472,high_load,high_cognitive_load,-84.11924516696422,-85.06832999029984,-43.080349159864,-177.44536120279372,-3.322230350022437e-05,-3.421270321268821e-05,-20.996391357057746,-45.823800194425075
10492.0232068,high_load,high_cognitive_load,23.7666760087111,12.258818901544146,3.8631024117403285,11.148500802523813,-3.5131608456140384e-05,-3.577679945010459e-05,11.075115048005046,19.18362240454735
10492.401126900002,high_load,high_cognitive_load,-13.705291365318544,6.168601178551398,14.985334099959346,-0.9102538227439254,-3.436517818045104e-05,-3.671133436000673e-05,0.8902242715444117,-9.365050775134932
10492.779649300002,high_load,high_cognitive_load,-8.172585187664708,2.109289373174306,0.16154145193058866,17.368919824538352,-3.463817483861931e-05,-3.1815137845114805e-05,-10.915832524672624,-4.7023088117266525
10493.138385000002,high_load,high_cognitive_load,-15.083254172334591,-24.01267510078469,-11.074635768217377,-32.67864889661041,-3.389316771063022e-05,-3.476806614344241e-05,1.3368398293496284,-9.241908975379374
10493.549657800002,high_load,high_cognitive_load,24.988929914514983,9.396244468939585,2.3883113843066894,-19.890611873870967,-3.430393189773895e-05,-3.401344747544499e-05,-0.5356629678926765,-15.769820389114102
10493.943654100003,high_load,high_cognitive_load,-22.533970855267853,-14.762866802445387,-4.235585819363223,30.751016047106987,-3.5293929613544606e-05,-3.598385683289962e-05,8.601320419444164,37.796122254485454
10494.325787900005,high_load,high_cognitive_load,-48.76721712751191,-24.269256282569586,-9.14248053340998,28.83537307223287,-3.393170845811255e-05,-3.713316073117312e-05,-11.255537656484648,8.043600710755072
10494.711131100004,high_load,high_cognitive_load,1.1070370130848914,23.216273393723895,8.914453266883356,-5.703841369731435,-3.503162861306919e-05,-3.2340054531232454e-05,8.639541414674568,4.859173505074523
10495.091705400004,high_load,high_cognitive_load,22.56087798280987,10.477744404476653,5.793878218595182,130.66568049836542,-3.052847841900075e-05,-3.6049809750693385e-05,0.8222344802820771,8.597171476955737
10495.483444600004,high_load,high_cognitive_load,-18.31444864083869,-15.943238554993513,0.6683676479751739,-102.9659447872582,-3.6592855394701473e-05,-3.646638560894644e-05,-4.595528266589554,-9.892987447985433
10495.869423600006,high_load,high_cognitive_load,-17.630120075791638,-3.720290866976029,9.393541884011029,52.91935031512048,-3.731713513843715e-05,-3.554803606675705e-05,-12.378819155286237,-1.177683163648453
10496.246746700006,high_load,high_cognitive_load,-32.40055159922417,-17.703948318288894,-12.554099969433537,-44.4335423998059,-3.2007556001190096e-05,-3.5138995372108184e-05,-25.877015784481955,-35.33976506550016
10496.638340400006,high_load,high_cognitive_load,17.75315678516199,22.813168857295295,42.821264023717504,41.0264596446159,-3.341139745316468e-05,-3.126593855995452e-05,44.16852871592528,43.54279334847388
10497.028459700006,high_load,high_cognitive_load,-36.54522433113789,-32.36509831617923,-27.969155475846037,-10.538165526451849,-3.49613028447493e-05,-3.3198959499713965e-05,-40.085858157531675,-16.807412215944623
10497.436025400006,high_load,high_cognitive_load,-15.074119067119682,-29.903601351799807,-24.37519832253247,5.924318857430535,-3.73730772480485e-05,-3.566817213140894e-05,-21.83133372836255,-26.205261896254797
10497.805079700007,high_load,high_cognitive_load,161.11375455725624,105.55448410977078,51.96674545995802,69.99715367255612,-3.6205912692821585e-05,-3.437392570049269e-05,42.91247181736617,48.02655450623615
10498.186139000007,high_load,high_cognitive_load,-45.66079590350978,-58.88739590434534,-24.92538958895102,-21.49054324032113,-3.343768094055122e-05,-3.53990380972391e-05,-20.563889439250943,-15.64094997565644
10498.5866336,high_load,high_cognitive_load,9.430025190558354,-9.27508348055926,11.464240805717509,1.7101098201255809,-3.3320420698146336e-05,-3.860049855575198e-05,0.6927330056851133,-4.656698621744454
10498.979282100001,high_load,high_cognitive_load,87.56068005735915,81.17026913973905,46.856329629513766,77.19222477786934,-3.6357316275825724e-05,-3.5776754884864204e-05,30.193208443561616,25.71639072047674
10499.384587600005,high_load,high_cognitive_load,-61.17798204544761,-50.19652628519361,-17.204299839493615,-65.71161266021909,-3.4149566999985836e-05,-3.4804752431227826e-05,-27.689425290500367,-37.92936074595855
10499.729115500002,high_load,high_cognitive_load,-116.10468418506707,-112.04408994615278,-106.99857911861363,-31.75610922305168,-3.46813658325118e-05,-3.257300159020815e-05,-111.44470389807566,-79.0049905743358
10500.147121200001,high_load,high_cognitive_load,-11.049221949538378,-3.7264015522537193,-5.989436246571586,42.40567057852559,-3.807057146332227e-05,-3.533295603119768e-05,-21.451536012376437,-1.3897413367226363
10500.508529700002,high_load,high_cognitive_load,7.368775678239217,-1.1473961487172346,-3.1848837782445116,-11.959863151775153,-3.562286110536661e-05,-3.901383206539322e-05,-18.977813116403468,-11.765573315442452
10500.928599800003,high_load,high_cognitive_load,12.966063952591412,5.795175092805039,20.126504865666448,12.145195443356442,-3.4641308957361616e-05,-3.460817242739722e-05,10.991654253678462,5.017578943670742
10501.295231900003,high_load,high_cognitive_load,-8.609876964454315,-23.850242566619727,3.680080584334519,-25.611597886587333,-3.437790019233944e-05,-3.427294359426014e-05,6.643052638743029,-0.19856409265275943
10501.674018500004,high_load,high_cognitive_load,52.20747845316714,29.384389969090535,13.948427998111583,11.94610268759925,-3.5615943488664925e-05,-3.780915722018108e-05,8.080833730620725,10.859815782944679
10502.060281300004,high_load,high_cognitive_load,-6.67492736274653,-11.334704721453363,-7.455603297732978,27.79308820765891,-3.325855686853174e-05,-3.7982192225172184e-05,-15.871164873176895,7.75215912225849
10502.401025800003,high_load,high_cognitive_load,-0.10423578381778498,7.873493280501407,27.615324275136572,30.15048098956595,-3.111096430075122e-05,-3.483883119770326e-05,5.113244570876759,-6.761557945442291
10502.775606600004,high_load,high_cognitive_load,-18.106677548350945,-2.1737645945245276,-2.2901219829304864,10.62634679358598,-3.23206368193496e-05,-3.4694556234171614e-05,-18.63351560359979,6.394110326423288
10503.122806300004,high_load,high_cognitive_load,17.72383370266425,5.82474740728594,8.079004375828845,27.140246766924065,-3.4062952181557193e-05,-3.3541810807946604e-05,12.379351244071586,18.76708699804294
10503.523959700004,high_load,high_cognitive_load,4.4380878810382,2.316184946953399,3.800220723232542,60.040860256362976,-3.5841592762153596e-05,-3.7708039599237964e-05,6.028576301268913,-0.8541855681419293
10503.909063100004,high_load,high_cognitive_load,2.866187458841523,7.492880763916219,15.487765170591047,19.753720085750047,-3.7611085645039566e-05,-3.5217908589402214e-05,7.651482031171781,6.141529209591226
10504.308358200004,high_load,high_cognitive_load,-30.87360228107991,-11.24084506727877,1.5143451748331245,0.5942214997257906,-3.2140112125489395e-05,-3.621275845944183e-05,-6.920392403681944,-14.403919296133608
10504.710736500005,high_load,high_cognitive_load,-10.610678398911432,-6.205810067363473,11.929566364775837,15.725392424432357,-3.0932850677345414e-05,-3.6137655115453526e-05,11.152051560157815,26.431463895740308
10505.086244400005,high_load,high_cognitive_load,142.71702547561563,105.42253995122155,69.56484547089667,56.65626320139472,-3.255891351727769e-05,-3.201567324140342e-05,32.10415253112433,16.475491200036686
10505.475903500006,high_load,high_cognitive_load,-37.15781916275046,-32.73162967556618,-17.352405503178943,1.0622605509088316,-3.666979228000855e-05,-3.50313266608282e-05,-15.745076392094688,-2.8666814339881057
10505.871227400008,high_load,high_cognitive_load,28.9641850857372,30.014711324680775,21.5157077002591,-16.14725034823141,-3.474084678600775e-05,-3.53638488377328e-05,26.900715489876802,15.852137255821162
10506.281577400006,high_load,high_cognitive_load,9.161039522700321,22.39017967396785,19.18578829523267,2.3846796047027965,-3.521002690831665e-05,-3.338676833664067e-05,11.011749220236197,1.1815530046019376
10506.700004700007,high_load,high_cognitive_load,-1.8285236091007846,-17.815684052896813,-2.6910450038417366,-11.735066147510224,-3.661486061901087e-05,-3.329128048790153e-05,20.076327205842063,15.313274183142767
10507.053121,high_load,high_cognitive_load,225.58973652006375,190.77889633777932,139.44258450652933,155.75830243851306,-3.572903460735688e-05,-3.3490246096334886e-05,121.79785323400165,123.73773583354023
10507.4655051,high_load,high_cognitive_load,-93.89357545795929,-87.43374459892493,-63.12901116263765,-35.501555408300646,-3.478425151115516e-05,-3.5536942959879525e-05,-60.56187262761205,-51.68641429260015
10507.8716798,high_load,high_cognitive_load,-4.969900559510734,5.3638002192396925,16.060469256042325,-49.05966236431732,-3.452615601418074e-05,-3.740733700396959e-05,13.50630890273169,-1.8514723491330187
10508.2617405,high_load,high_cognitive_load,51.35441921402162,42.5279783766814,8.042739672826428,-35.953375163954206,-3.484191165625816e-05,-3.3888356483657844e-05,17.533561950298918,-10.46048309992102
10508.646838100001,high_load,high_cognitive_load,15.247964259927585,13.403372353600389,13.974850458463152,15.768705574841078,-3.528574870870216e-05,-3.4493643397581764e-05,8.669987783553097,12.005492132468135
10509.0430708,high_load,high_cognitive_load,31.445803850142738,28.79351099920268,4.283484748307728,54.209467703032715,-3.353039937792346e-05,-3.5709579606191255e-05,-10.129979422817087,4.057048493313232
10509.436909200002,high_load,high_cognitive_load,-6.010332652517263,-11.443584752577408,11.80392727529943,-12.300378435376842,-3.490637391223572e-05,-3.254678631492425e-05,-4.060289866826224,-9.853981269557607
10509.840069900007,high_load,high_cognitive_load,-15.940136022312572,-13.841095804261386,-7.780223607604057,-5.265347219102296,-3.788046797126299e-05,-3.494732936815126e-05,-10.180604848979328,-10.994286759952502
10510.231520700007,high_load,high_cognitive_load,19.48436587528886,11.05757745144274,-2.17892346347935,11.257438738844485,-3.4110164051526226e-05,-3.56979589923867e-05,-1.3397016670828634,-20.244833729101174
10510.621177200008,high_load,high_cognitive_load,-10.466799253609679,3.2575484647745725,19.205866646908817,15.408275533207416,-3.417678271944169e-05,-3.3664564398350194e-05,4.483305513187133,3.4383452067081635
10511.016159600007,high_load,high_cognitive_load,-30.670069151932694,-26.51607118524271,-12.479265489461795,-18.72014988478668,-3.4752739338728134e-05,-3.3210249966941774e-05,7.358858943018731,7.292134615978284
10511.388130600008,high_load,high_cognitive_load,-66.34322279699472,-38.75937184712666,-6.8343062019839635,-51.150526068269755,-3.3624054594838526e-05,-3.393184215383371e-05,-10.58716649238977,-21.71445492005023
10511.753841400006,high_load,high_cognitive_load,-9.399121550243763,-19.52503698300734,-19.11651079113153,7.048463550760516,-3.4192544262623414e-05,-3.557394211384235e-05,0.020839685243572603,-2.958875209042617
10512.136206700006,high_load,high_cognitive_load,49.44264074447506,47.78631681833667,17.048348264763717,45.13459138673625,-3.6316215300757904e-05,-3.649223526736023e-05,24.962185527082056,19.59218320439186
10512.544452,high_load,high_cognitive_load,-22.175392153539633,7.069875717739251,-2.8873920462729075,3.372315541762873,-3.624616056185914e-05,-3.3462631108704954e-05,-7.9101314201720925,0.08235150218479248
10512.908637100001,high_load,high_cognitive_load,47.796965277576874,32.6576078811695,4.431004005973591,-3.4260006523159063,-3.3113608878920786e-05,-3.420716075197561e-05,7.033999361704446,-2.4853040507450714
10513.3065994,high_load,high_cognitive_load,111.7222706859468,119.77133388220454,92.94805408832599,110.69099326634296,-3.395668954908615e-05,-3.5197024772060104e-05,98.35295185190171,108.79698643216761
10513.684604600001,high_load,high_cognitive_load,20.89931757852173,-0.3722523247206482,-42.845225707657846,-8.159085755469278,-3.6348965295474045e-05,-3.3267316212004516e-05,-40.338271267839445,-29.86929214141992
10514.0867904,high_load,high_cognitive_load,17.324439326846004,23.59308642946189,12.81303460826075,10.799524214663052,-3.647314315458061e-05,-3.624434702942381e-05,15.344644249734756,18.436398120983995
10514.472335500008,high_load,high_cognitive_load,-9.28202237754931,-0.3178428289452313,10.058068219166216,-13.869751487851318,-3.2871415896806866e-05,-3.3873489883262664e-05,7.419932343006167,4.591789053180946
10514.864327000005,high_load,high_cognitive_load,1.6820879785618672,-1.301246691562028,-15.634805155823415,5.4490013652721245,-3.174469838995719e-05,-3.5334050153323915e-05,-3.9181960210835314,-2.9109500484096316
10515.252744400004,high_load,high_cognitive_load,-22.476933550337208,-14.068658565674014,3.68513247905139,29.270831718605223,-3.096908767474815e-05,-3.4652789508982096e-05,-9.817547127264788,12.562020751142427
10515.661559900003,high_load,high_cognitive_load,-135.11550554353198,-109.65399857597095,-34.034456639211385,-81.21141462112291,-3.183433545927983e-05,-3.148088671878213e-05,-32.67759656182716,-39.66428884310562
10516.056459700005,high_load,high_cognitive_load,-20.559869470120702,-24.763311126402186,-17.98634401394338,-39.2370604367261,-3.0598705052398145e-05,-3.394242867216235e-05,7.362642295847309,0.05469089559801432
10516.450472800001,high_load,high_cognitive_load,-21.674514545549755,-10.72808686810913,-0.7462428666808592,-74.98224644424727,-3.327117428852944e-05,-3.382628165127244e-05,-12.645957429761438,-26.439398762296605
10516.815072700005,high_load,high_cognitive_load,12.917406939116972,0.5518796631727128,-5.346712045306504,-6.466690350703175,-3.525748797983397e-05,-3.2273936085402966e-05,-9.901472263671621,-15.466688677593993
10517.170645200005,high_load,high_cognitive_load,7.446398917036959,-2.503875076823533,11.233981920707265,24.664267585231755,-3.43474584951764e-05,-3.563245536497561e-05,-0.8220144610108946,5.815993315055039
10517.574516700006,high_load,high_cognitive_load,-33.02071483084569,-25.742975290097093,-9.544393285907972,-34.37028146604416,-3.246743290219456e-05,-3.669257330329856e-05,-22.505594348695013,-19.23379563260778
10517.931936000006,high_load,high_cognitive_load,64.11011244253791,45.64339587644008,16.00980874144898,-43.470300985176436,-3.26395620504627e-05,-3.363483301654924e-05,19.324537784568747,3.7420391195105367
10518.332329900006,high_load,high_cognitive_load,-28.55610862842036,-27.167135999703532,-18.502629913299643,19.335459437850204,-3.258905690017855e-05,-3.491137886157958e-05,-12.23682346479427,-8.530436899721735
10518.710760200005,high_load,high_cognitive_load,-36.682062980666615,-11.459630297634249,-5.343389084926912,-5.941703358776067,-3.321285475976765e-05,-3.524316616676515e-05,-7.594865104694236,4.367573195079785
10519.078730800007,high_load,high_cognitive_load,123.18941423859633,89.96231324465316,18.12847635627122,20.60536572643059,-3.438968906266382e-05,-3.4334447263972834e-05,7.854991386527217,-12.705123744369757
10519.439965300007,high_load,high_cognitive_load,-13.857782025399047,-13.09794728716679,15.441581969336312,12.853535830164219,-3.502223626128398e-05,-3.537309021339752e-05,16.99237178114754,22.37768180587136
10519.855100800005,high_load,high_cognitive_load,-34.940766518025384,-25.981775176250267,-19.612149665643756,-18.0990322472976,-3.686435411509592e-05,-3.643766012828564e-05,-28.55918666321122,-16.282123418639912
10520.234287500005,high_load,high_cognitive_load,141.13107578314066,110.78062705690445,68.50112319252048,63.58304025753023,-3.3397661354683805e-05,-3.6048019865120295e-05,28.91986228620135,19.747019358034777
10520.667707500006,high_load,high_cognitive_load,-48.35063715719525,-38.22774002641745,-19.311408903784013,-40.415590953894935,-3.4233095902891364e-05,-3.486772038741037e-05,3.5755924736045017,-3.472415585316867
10521.038866800007,high_load,high_cognitive_load,-10.451929462466524,-8.963727188714984,4.88218197637525,-25.191545791877616,-3.4737504392978735e-05,-3.278072108514607e-05,3.2625604193376603,-5.452592870050921
10521.409790600002,high_load,high_cognitive_load,69.08500946762524,66.69608089087569,39.25699153935784,51.29520119642439,-3.5545454011298716e-05,-3.1927585951052606e-05,32.483179948197176,11.40256463209289
10521.792149000003,high_load,high_cognitive_load,-17.639275508868877,-35.278194121585784,-16.048391129765605,-63.199647771658874,-3.359222500876058e-05,-3.4780410715029575e-05,-10.37809973254025,-7.988433841951519
10522.162262500002,high_load,high_cognitive_load,-12.522938550002664,-7.57153003350777,-3.8602567289176477,39.38775702560497,-3.644118442025501e-05,-3.539425142662367e-05,-0.09061217929820486,12.349173886763765
10522.521635100002,high_load,high_cognitive_load,-38.955874951915575,-10.273722019585875,3.1896555134771916,-35.93834209151646,-3.5636766369862016e-05,-3.566727627912769e-05,9.171379659660488,14.940536517511646
10522.906034500002,high_load,high_cognitive_load,18.825813778160637,11.801884649888962,5.899709756471111,-20.08191577088246,-3.3981305932684336e-05,-3.541605474310927e-05,10.98872812719992,4.6563097959055995
10523.285909600003,high_load,high_cognitive_load,-26.925453298159255,-20.78600917084077,-6.111014040493501,-1.0778364571547172,-3.555027342372341e-05,-3.631429626693716e-05,-11.726731776059296,-9.388413399094588
10523.643732700002,high_load,high_cognitive_load,15.979226599771437,17.17210989785235,17.73042733965167,23.765881333364177,-3.715812636073679e-05,-3.581966939236736e-05,11.5325387364187,13.44544029669396
10524.041037100002,high_load,high_cognitive_load,23.180162385938047,13.613008670970885,14.55901931037306,79.99130424592568,-3.563665904948721e-05,-3.310819374746643e-05,2.5633385342698602,21.88696317676704
10524.596393700001,high_load,high_cognitive_load,-16.620300564193258,16.71119908090077,1.070964330132938,-37.94949919764758,-3.45848711731378e-05,-3.3493914088467136e-05,-4.867286213175703,-35.80354011801501
10524.924992700002,high_load,high_cognitive_load,-21.082537460450567,-23.6538030963834,-21.158150433887386,-31.6181391963255,-3.581129294616403e-05,-3.485672732495004e-05,-12.277984073759399,-14.61009331984178
10525.164868400003,high_load,high_cognitive_load,-14.988164428188156,-15.86779566002133,-0.5858502824280549,-38.32945386028496,-3.3172079383803066e-05,-3.2602310966467485e-05,5.818279826405615,-11.292224896621974
10525.526931600003,high_load,high_cognitive_load,-6.739822141853892,6.870268568272422,3.5705168202416644,59.60336102713427,-3.330979234306142e-05,-3.3748936402844265e-05,-7.818863411697748,21.581123261621087
10525.979916000004,high_load,high_cognitive_load,-39.366306812416724,-28.134110833148043,-21.947299599853977,36.47939937331239,-3.4697209230216686e-05,-3.718023617693689e-05,0.16795458606338798,21.365071625399196
10526.439991000001,high_load,high_cognitive_load,-23.932914376254075,-19.499943788438486,-1.6737841001440756,20.858171391561427,-3.419357744860463e-05,-3.22761079587508e-05,-30.632383463384485,-9.028424254458969
10526.947817700002,high_load,high_cognitive_load,-24.312201063308294,-31.10699478544484,-27.958315982435124,-1.1543636142159812,-3.577472580218455e-05,-3.197664682375034e-05,-28.61023336009748,-6.763980236730731
10527.135465600004,high_load,high_cognitive_load,49.55481663235696,46.98910560681588,15.96289692524715,118.44735921565962,-3.480477971606888e-05,-3.4042996958305594e-05,-6.552772278543216,16.299103481790098
10527.471558400004,high_load,high_cognitive_load,-10.665974933542884,-26.84788688918252,-3.201719406108168,-4.376203463553793,-3.376031872903695e-05,-3.392945018276805e-05,-3.9451969808524154,-7.881849663910089
10527.855552900004,high_load,high_cognitive_load,46.35843261575019,34.43932777728742,27.178543684082342,27.650536903719512,-3.453691078902921e-05,-3.4999452509509865e-05,20.486474362787703,14.986794492032914
10528.261528100005,high_load,high_cognitive_load,-34.25261747951072,-17.491382652809534,-0.20212897169631105,21.719957505125876,-3.613601438701153e-05,-3.428534364502411e-05,-5.378680670634822,10.446125571905213
10528.721862000006,high_load,high_cognitive_load,9.386707695748782,5.70834939759925,9.501298019034039,14.29493195498253,-3.511898830765858e-05,-3.634323820733698e-05,1.0047437608186556,23.904995434623743
10529.006985700005,high_load,high_cognitive_load,-1.3041525950939103,-2.121631826624707,3.288686436359967,-8.336159540215704,-3.230748279747786e-05,-3.354116142872954e-05,12.790075660690036,-4.8001395822966515
10529.380043700008,high_load,high_cognitive_load,-60.24366326819609,-55.41075182347822,-23.268084898295,-102.43274087765667,-3.5869339626515284e-05,-3.6023637221660465e-05,-25.238846621440644,-35.15695132577457
10529.738863900007,high_load,high_cognitive_load,28.193718676140634,8.541982386799646,-1.3461051018234684,12.826279612779672,-3.408847533137305e-05,-3.82933285436593e-05,-2.695903133279444,-2.883381133205603
10530.129360000008,high_load,high_cognitive_load,-38.27339589552321,-10.297531079203509,-2.777364314561055,24.950530900324793,-3.380187536095036e-05,-3.604140874813311e-05,-10.246958734522195,9.541971328273576
10530.499986300007,high_load,high_cognitive_load,3.9726682362565953,-12.327562078683968,-13.761206448315534,-58.444972034763396,-3.638943780970294e-05,-3.256002855778206e-05,11.04823790445198,-20.656733906198497
10530.903767300008,high_load,high_cognitive_load,41.812744394182346,47.82824450831595,9.78793071579139,7.058729021379349,-3.557604486559285e-05,-3.503445168462349e-05,4.776480689469281,-8.004680718480358
10531.292269700007,high_load,high_cognitive_load,-2.115033734519102,-15.019377614057248,-3.5419265205291595,26.07411429007516,-3.530611957103247e-05,-3.334495522722136e-05,-3.07829395934732,13.554372683764996
10531.697337600008,high_load,high_cognitive_load,-53.728426588794036,-22.14663363059708,-26.997501712460235,-21.613088195647833,-3.442058005020954e-05,-3.3513474591018166e-05,-12.504056260818288,11.349453492879547
10532.068376200003,high_load,high_cognitive_load,165.45116965718444,132.2900031162717,57.22893771646477,85.82385400456451,-3.14242352033034e-05,-3.336670397402486e-05,30.350418014427305,33.52213877094664
10532.473402700003,high_load,high_cognitive_load,-59.45039393055731,-48.9318377834561,-28.95942045627089,-25.261230805812374,-3.459860909060808e-05,-3.5516413845471106e-05,-19.131595273428502,-3.3034075446562383
10532.819733700002,high_load,high_cognitive_load,38.337923201774174,46.72439288351825,35.21157163214639,34.98100825687925,-3.666824250103673e-05,-3.483638192847138e-05,44.3171313802809,28.445660256966676
10533.228346700002,high_load,high_cognitive_load,-62.99822259911457,-22.040645944739936,0.3420550672431091,59.46247487534083,-3.3588416954444256e-05,-3.419995118747465e-05,-10.958271397550106,16.99567814781176
10533.609749100002,high_load,high_cognitive_load,-50.555706985796405,-35.34399531325835,-13.72447039012468,0.47069077777678103,-3.305574409750989e-05,-3.72113290723064e-05,3.631493194218365,14.506747686778908
10534.019800200002,high_load,high_cognitive_load,18.52914859429984,12.505724907196054,-5.7528921724010615,-38.20392712655075,-3.4924725696328096e-05,-3.329642640892416e-05,-1.1935547988523467,-8.125176762692718
10534.386766100004,high_load,high_cognitive_load,-10.03214546117988,-17.61994537754481,-0.2925926616535435,-19.17176136775288,-3.407350232009776e-05,-3.3578634429431986e-05,0.1865193565890877,-9.28872632425373
10534.766305000005,high_load,high_cognitive_load,-54.36176779545622,-61.15712642295648,-15.05555216482935,8.280720671464223,-3.39905727742007e-05,-3.457900766079547e-05,4.564648733356989,0.610485432051064
10535.175169400005,high_load,high_cognitive_load,-6.707099473088874,-10.993692049536548,2.634162614403067,5.379488696140925,-3.6879150684399065e-05,-3.374219159013592e-05,10.880120177243043,36.50044258065918
10535.563239000006,high_load,high_cognitive_load,-2.776144558401711,-15.135726542216162,-9.239830753015667,-5.904932805898625,-3.582786212064093e-05,-3.682060014398303e-05,-3.9456691882833184,-20.78676039877746
10535.963280700005,high_load,high_cognitive_load,-145.0348681895748,-121.06968431538098,-69.19484775145429,-45.26928097605696,-3.656404805951752e-05,-3.7555749258899596e-05,-31.390339669949753,-22.61837942846978
10536.366927300005,high_load,high_cognitive_load,-27.71556762325781,-13.464403323099305,-3.5432742865264117,-20.27009913538768,-3.6583381188393105e-05,-3.4868234251916874e-05,12.20592462385548,21.785584221717272
10536.747187800007,high_load,high_cognitive_load,-2.2885489063210116,4.202972949281502,1.050278032063943,32.11497325243545,-3.53344003087841e-05,-3.506086068227887e-05,-13.847799801649217,-11.264717612554705
10537.180047500007,high_load,high_cognitive_load,-64.9103128318502,-48.910636644345686,-10.103728400976252,-2.829083417336733,-3.6189990169077646e-05,-3.702165668073576e-05,8.13060708123885,-3.3314511916355514
10537.570452200001,high_load,high_cognitive_load,14.941468814240807,6.93377920994817,-9.357529310091195,-19.433822381814934,-3.4625092666829005e-05,-3.7085900657984894e-05,-9.199734006350354,-4.234074638366565
10537.964297600001,high_load,high_cognitive_load,-22.151615832478683,-18.00681418407521,-24.925448664976102,-3.0434203174922914,-3.33921170749818e-05,-3.614082743297331e-05,-23.640177044795564,-10.161378769454132
10538.344274100002,high_load,high_cognitive_load,-25.79398287899653,-20.170609127459556,3.8718142826828625,3.086199323297933,-3.653652674984187e-05,-3.5337697227078024e-05,10.3936324541869,6.293216553522598
10538.724847100002,high_load,high_cognitive_load,26.21168334527374,4.1995588277718525,-14.72078855812606,35.28964663858187,-3.194238797732396e-05,-3.350721817696467e-05,-3.441934626078819,-11.699478384112354
10539.116046800002,high_load,high_cognitive_load,-12.571429111482985,-26.898750110176934,-6.218707556937716,-15.16258753764896,-3.256424952269299e-05,-3.3358976907038596e-05,-7.01806668928748,-3.0896303638855898
10539.502230100003,high_load,high_cognitive_load,17.854044952983713,14.367479278976134,19.29223523432529,10.156139215548137,-3.549952180037508e-05,-3.5342985938768834e-05,3.9673594735272673,-3.129794668444447
10539.877743500005,high_load,high_cognitive_load,12.72310588580558,6.967130908843956,4.683438752134407,22.133737989383462,-3.433019173826324e-05,-3.305747031845385e-05,14.52423262362936,16.39357755411129
10540.280248900004,high_load,high_cognitive_load,-17.798033520103672,-16.955659253283557,-0.49569012528809253,19.712851980305913,-3.4044521271425765e-05,-3.444669346208684e-05,-14.64642106694373,-2.7043251097211396
10540.673306200004,high_load,high_cognitive_load,-63.61326640921402,-27.53270732215242,-1.3095090225842796,107.87956478760862,-3.5950167330156546e-05,-3.6464613003772683e-05,-0.8692390682608675,30.501012165552766
10541.056220400003,high_load,high_cognitive_load,-21.26434325311743,-18.407565493435413,-10.509022299790558,-10.036782444924484,-3.4639585464901756e-05,-3.572825971787097e-05,5.975718079562739,-7.549686778285832
10541.457902200005,high_load,high_cognitive_load,-16.912839558892074,7.483596719329398,7.695704618266518,-3.135724537479291,-3.3477580473117996e-05,-3.5904427932109684e-05,-0.6979883601966321,-7.218635744757648
10541.863094100006,high_load,high_cognitive_load,-153.34279148721362,-110.18492776111225,-48.258863220334206,-45.77053114826458,-3.45537828252418e-05,-3.350298084114911e-05,-20.422959004518816,-6.807873182861385
10542.272643900007,high_load,high_cognitive_load,-7.513399493970155,-9.688422288427773,10.266428516452379,2.621604913525971,-3.6222559174348135e-05,-3.536437543516513e-05,6.111455319993183,-2.6663350356625415
10542.656236900008,high_load,high_cognitive_load,8.402669572094055,7.42158793087674,14.433685819041784,20.122634202230074,-3.4151705222029705e-05,-3.479531551420223e-05,10.29800872954047,14.217923497439187
10543.077013100008,high_load,high_cognitive_load,-6.73171546620074,2.3881424489900382,-16.53045065238257,-42.00638935099096,-3.35618678946048e-05,-3.734440542757511e-05,-21.59001003960384,-30.458029745208023
10543.468167,high_load,high_cognitive_load,2.6980730422251327,0.3942092898378178,11.505456402948766,16.97695083203689,-3.686165655381046e-05,-3.46014403476147e-05,4.306428517656968,13.009386361314682
10543.8544966,high_load,high_cognitive_load,-9.133078741493819,-7.082326094031487,-11.004941001458974,-16.18279507034913,-3.3304024327662773e-05,-3.331292464281432e-05,-9.92837527589245,-11.593156114617159
10544.273036400002,high_load,high_cognitive_load,107.72847364294785,85.89033526501134,39.43061883159089,13.540860645508474,-3.339604882057756e-05,-3.5355000363779254e-05,21.9862798785407,8.690699528503046
10544.667330000002,high_load,high_cognitive_load,-46.70218979624201,-26.674085873386957,-5.821654048109394,-43.58365339121701,-3.570829085219884e-05,-3.297202420071699e-05,-10.062785677176635,-25.221616154733056
10545.078005900003,high_load,high_cognitive_load,31.117139869257016,22.24522244344189,9.44626278048736,50.426376596798036,-3.5560176911531016e-05,-3.4491879887355026e-05,10.02642901176523,21.50400222297276
10545.462766000004,high_load,high_cognitive_load,33.46262940533893,8.79779517866018,-0.5874578320795081,-22.15254255177797,-3.445458696660353e-05,-3.069940885325195e-05,-2.679037956621414,-3.0374155403728764
10545.840925300003,high_load,high_cognitive_load,63.78841159832564,59.335521912065815,8.215408407731957,25.197405024500767,-3.238943736505462e-05,-3.1404510082211345e-05,7.4467646917873935,6.806441217410793
10546.212395300006,high_load,high_cognitive_load,-45.52670321073106,-48.243815203585655,-37.882684509699175,-32.12041044851185,-3.629586171882693e-05,-3.2541527616558596e-05,-29.403301348700552,-16.472517600034735
10546.613278300005,high_load,high_cognitive_load,28.187133260297514,16.635487560519323,1.6853667618056534,22.16970687330604,-3.6419886782823596e-05,-3.479475071799243e-05,8.886479850575142,14.003576281748337
10546.989504700006,high_load,high_cognitive_load,-14.43091181664272,-11.065205752958718,8.282542191880111,12.38454259436321,-3.450761050771689e-05,-3.656620901892893e-05,-0.4818154456470438,0.04476309085384855
10547.384712600007,high_load,high_cognitive_load,-25.203199020060083,-13.875418684794568,-13.177642857645878,-39.599919316385694,-3.488237598503474e-05,-3.660520633275155e-05,-10.090778528714054,-9.179130610064476
10547.792649400008,high_load,high_cognitive_load,-12.508518939528585,-3.5317469050833097,2.878811192943431,-1.2367303345740766,-3.4410267289786134e-05,-3.365456905157771e-05,-0.8115777338202861,-11.205736917924241
10548.205532,high_load,high_cognitive_load,14.98859533593577,10.60163687804652,-5.503942193852254,-26.2065054221207,-3.4163658710895106e-05,-3.266414933023043e-05,-0.0272930106016247,-4.545353915206761
10548.6041635,high_load,high_cognitive_load,37.68536926506613,47.508564913298414,13.238460207353455,56.35360946256969,-3.569769705791259e-05,-3.37569044859265e-05,14.52630864301409,-6.204910754111097
10548.985405500001,high_load,high_cognitive_load,-7.37912162993598,-9.513257794194942,-21.469442676569543,-32.848708696088124,-3.264066344854655e-05,-3.485390880086925e-05,-20.131252176012367,3.544904791398494
10549.373453400001,high_load,high_cognitive_load,-5.6856042008403165,4.625185757129202,1.404036497818197,8.121283285919162,-3.2528757401451e-05,-3.39966763931443e-05,18.486737054327477,25.789343456825463
10549.767340700002,high_load,high_cognitive_load,2.613364734906554,47.8726578102096,-20.48080232461143,-36.13317445329176,-3.550780093064532e-05,-3.648510119091952e-05,-17.55232646580771,-12.81871084995828
10550.186413000003,high_load,high_cognitive_load,-10.013627024079142,-40.48782972091567,19.741987890857217,30.069124158153954,-3.546851894498104e-05,-3.6029905459145084e-05,7.392736565098858,16.62376708849706
10550.592859600003,high_load,high_cognitive_load,23.158233767206866,17.161894572354413,-3.893947606691654,-24.25498537634121,-3.462183121882845e-05,-3.5513349757820833e-05,-9.742199935644749,-17.537054980648918
10550.985624500003,high_load,high_cognitive_load,22.367174816688248,11.4116432391329,0.49416409930017835,20.5267929107672,-3.4563354347483255e-05,-3.101414222328458e-05,14.24943952556714,15.118671631923007
10551.363755200004,high_load,high_cognitive_load,-164.1512150083065,-146.2188699644962,-56.54867106736128,-143.76973267688072,-3.387518518138677e-05,-3.3654227991064545e-05,-15.934312712193787,-15.983387787848187
10551.749101400004,high_load,high_cognitive_load,-24.79514338326794,-22.901867750575548,-5.987734976893535,-49.571337757408855,-3.447726612648694e-05,-3.730704520421568e-05,-16.943438696809608,-17.767878701282825
10552.156762600005,high_load,high_cognitive_load,26.944732081186658,24.63819570719079,13.18689217270412,27.848290138824723,-3.6230202567821834e-05,-3.724962880369276e-05,17.862885407470003,12.704089240564826
10552.551917400006,high_load,high_cognitive_load,-116.33758875014678,-94.5353302491817,-70.66509961694646,-53.16800923739311,-3.467824626568472e-05,-3.662147446448216e-05,-18.061339194860466,-5.341471595808343
10552.925186600007,high_load,high_cognitive_load,17.33480374981741,-3.560579648069506,-13.952606359210677,-35.27136304947862,-3.466435555310454e-05,-3.5540278076950926e-05,-13.66746689565798,-32.21932919788742
10553.280253300007,high_load,high_cognitive_load,-12.758644479217082,-18.199440840451643,-7.015667189380565,-14.001669531163316,-3.370388913026545e-05,-3.6694345908472314e-05,-3.181612913747358,12.94874669855517
10553.675209500007,high_load,high_cognitive_load,-10.066947186617654,-1.5720056436193772,1.8913611072516687,-40.85122514456771,-3.3935290048248135e-05,-3.530806316121016e-05,-1.3544445693946727,-11.620751825553725
10554.039950100007,high_load,high_cognitive_load,-5.264290549251427,-4.049825815467557,7.893852083405363,-24.513363831425067,-3.7215246265986934e-05,-3.51015569322044e-05,27.129763732853007,10.569439449398942
10554.460094700007,high_load,high_cognitive_load,-5.257360806444012,8.346616096595426,8.622281938193737,25.56210452168034,-3.537671182129998e-05,-3.4414520996506326e-05,-4.053276465430372,-1.608482040148374
10554.846784500001,high_load,high_cognitive_load,-98.59116896824025,-99.7683493846207,-36.27078676671681,-31.80844165271037,-3.266967814852251e-05,-3.229612048016861e-05,-1.308422661784789,-4.371732560888631
10555.240555100001,high_load,high_cognitive_load,9.16121661489774,-1.3171001421956134,-14.74913355851686,-0.8043885976394449,-3.364127314853249e-05,-3.3443876418459695e-05,-5.6272845553835396,13.394095281667887
10555.633885600002,high_load,high_cognitive_load,-21.220506281897087,-10.257645363340998,5.2238936503354125,26.630920988620346,-3.552116049831966e-05,-3.4001235690084286e-05,-5.4389943182359275,9.545274322904788
10555.997204300002,high_load,high_cognitive_load,-97.95886800335734,-79.27253224008655,-39.347571466178124,6.177334032833642,-3.6374834962771274e-05,-3.230591937608551e-05,-8.649507380001978,-6.685961896508161
10556.393756700005,high_load,high_cognitive_load,41.44185567085378,24.23277042560676,23.32932903421988,41.414469210692005,-3.3319291105726734e-05,-3.233169445593376e-05,16.31172958650268,16.28550644909319
10556.818594600005,high_load,high_cognitive_load,-47.2380025200664,-27.500310148483095,-5.231116739933441,-15.653668673128777,-3.3540097319928464e-05,-3.616663434513612e-05,-17.130521109977053,-15.081820896629324
10557.158030100005,high_load,high_cognitive_load,25.387963608347263,6.738141219016143,-7.872059767948031,-12.679744992539327,-3.603668028517859e-05,-3.3964151043619495e-05,10.329259247007485,1.563599499510019
10557.576238700005,high_load,high_cognitive_load,-4.568741753497761,-3.0604864617271232,5.519055140407545,-9.34883205334063,-3.360698883625446e-05,-2.972339189000195e-05,3.721631256375076,-3.5374276981347066
10557.948467500006,high_load,high_cognitive_load,6.043665734163369,16.127315436021945,19.812118433309934,37.56607215593385,-3.356702836754266e-05,-3.282961279182928e-05,18.925657285304624,21.830026939465824
10558.362765300006,high_load,high_cognitive_load,-30.632292063082332,-39.89944295823352,-1.6012140233988248,-55.621534988405074,-3.63343724529841e-05,-3.495378314255504e-05,8.21858600388714,-15.788787099511865
10558.772842400005,high_load,high_cognitive_load,-36.0461421761313,-29.397733076102668,-31.949005538850543,-11.507944435304125,-3.629594357335009e-05,-3.85975308745401e-05,-2.991279940332788,4.525396836419986
10559.137137800006,high_load,high_cognitive_load,4.353955309023604,-3.9309606807046293,-8.032315297581135,-6.210915292974732,-3.402634865778964e-05,-3.210376053175423e-05,-14.287722225077687,-3.3298126505092114
10559.505761000008,high_load,high_cognitive_load,-25.384240298673376,-4.623645195372774,-3.6498439672373024,-32.79442702974029,-3.566571558621945e-05,-3.387277956790058e-05,-11.45870864353219,-20.54558158536338
10559.899065000007,high_load,high_cognitive_load,67.21419230683568,38.34927935449741,2.1039192194070893,10.198007480235901,-3.7222279388515744e-05,-3.578735504561337e-05,-9.990133155394687,-16.05791335227832
10560.329276200007,high_load,high_cognitive_load,-30.665060446129473,-21.452106989735967,1.5037978955501785,6.555000187775022,-3.30021930494695e-05,-3.4292936106794514e-05,0.1543358314170291,-5.323155545678219
10560.7345882,high_load,high_cognitive_load,39.54239845192478,8.999602369412514,-6.338789464172805,20.202537963940358,-3.050406667171046e-05,-3.454907073319191e-05,-1.3845716436667317,1.7322966359092788
10561.1134058,high_load,high_cognitive_load,140.56878220946373,97.71853033566094,36.22402656692566,29.88626445630689,-3.2229459066002164e-05,-3.901807576767169e-05,3.390408815007504,-0.6847470821626302
10561.476060300003,high_load,high_cognitive_load,-56.92396675688201,-34.63650404162536,-6.072294297717235,-12.738392070658392,-3.509980524540879e-05,-3.563030895747943e-05,2.432151255912231,2.5204878698468747
10561.862109100002,high_load,high_cognitive_load,66.30002998973146,52.09848439617144,14.089816833735313,26.470900159709345,-3.386327352927765e-05,-3.241586637159344e-05,13.817362457523359,18.638388327745815
10562.228377900003,high_load,high_cognitive_load,-216.3020736601843,-171.76551990184953,-58.22823086411927,-84.01898117596056,-3.288958760094829e-05,-3.463967368588783e-05,-29.631114113732565,-43.309659217926765
10562.586211900003,high_load,high_cognitive_load,11.16026089389652,2.08347924824011,-8.987296535175119,-8.751638314508455,-3.5462030609778594e-05,-3.541969545040047e-05,6.496928117965581,3.285500318333561
10562.993450700002,high_load,high_cognitive_load,-21.160264555958065,-18.88873433343133,-11.917770371393544,19.803515150788826,-3.7813541894138325e-05,-3.7774590055050794e-05,-6.1909452182599125,28.06032840283524
10563.360897800003,high_load,high_cognitive_load,15.982117708109627,20.959878056279194,-3.1115041207713148,43.38708491803118,-3.3191803595400415e-05,-3.62530627171509e-05,-4.662606488212077,15.676582324220817
10563.736032700002,high_load,high_cognitive_load,-7.1717458811949655,8.769239885393745,13.681046357959985,-1.8224922129938932,-3.180707517458359e-05,-3.3726933907018974e-05,4.355175450774823,11.217900591881971
10564.147431200003,high_load,high_cognitive_load,12.611389213945813,2.7840386418552043,2.474960556028691,-137.49011416855046,-3.5605824450613e-05,-3.5751064388023224e-05,4.870828847243047,-28.04661004125228
10564.531474500003,high_load,high_cognitive_load,-0.7358447586557304,-7.357173951070308,-6.946287850502813,-54.72396272867354,-3.772167656279635e-05,-3.268820455559762e-05,-14.270148123975105,-18.507615717171575
10564.928000500004,high_load,high_cognitive_load,34.12556883909133,17.7685409345072,19.95799521749086,-23.844526448552188,-3.5528175430954434e-05,-3.475317407719558e-05,0.8839747376296145,-7.987195721110311
10565.298145900006,high_load,high_cognitive_load,-65.0286874224978,-41.29456640279386,-30.585484988353073,0.37558334875575383,-3.3280031857430004e-05,-3.4270232390554156e-05,-25.379132421304803,-3.4960581034074494
10565.663222300005,high_load,high_cognitive_load,42.99616803748836,18.2868054033479,20.382170498806317,-6.566277025400723,-3.2888380701479036e-05,-3.591120366763789e-05,22.88376865892451,11.586974995874243
10566.059363000006,high_load,high_cognitive_load,-35.26910250614378,-13.943693505774263,-8.254520942499767,-10.84853721380614,-3.528446268319385e-05,-3.287785966676893e-05,-18.75262249321986,0.3585122766321547
10566.435786100006,high_load,high_cognitive_load,18.36275879805862,6.370042902038676,12.077785222478724,5.165358570220633,-3.692295649670996e-05,-2.9992124837008305e-05,-19.61564239272866,-9.947249327472036
10566.844107800005,high_load,high_cognitive_load,93.48123815848408,83.73392923770416,57.43124362251547,23.129165083501448,-3.497702255117474e-05,-3.513040701363934e-05,27.61259376305179,4.3523707907988864
10567.202153200005,high_load,high_cognitive_load,-45.47093264445971,-15.466464357220957,-3.6398721817026853,16.358320115273273,-3.146206836390775e-05,-3.499738795653684e-05,-0.15445254951146126,1.788719092889096
10567.610300500006,high_load,high_cognitive_load,-20.24204551388516,-10.337609282064932,-11.033547290267961,-2.0560259616627263,-3.513144383759936e-05,-3.3314588108623866e-05,-6.684134385455309,36.80915134302131
10568.015971400006,high_load,high_cognitive_load,138.79324443456062,96.42898511248859,33.93285818788081,-28.36167033583115,-3.5643786759465e-05,-3.33034740833682e-05,5.451556207143312,-8.942713978512984
10568.413948800007,high_load,high_cognitive_load,-69.366293729179,-42.38816284413497,-21.15072690875104,-10.079223340220324,-3.308206123620039e-05,-3.452046621532645e-05,-14.442215135168226,-0.8844081132679094
10568.824279000008,high_load,high_cognitive_load,-22.24806299676834,-25.67624731407068,-33.4187388737796,-64.7632501665953,-3.496777662803652e-05,-3.619231119955657e-05,-12.147263631945407,-30.685213858901534
10569.191985500001,high_load,high_cognitive_load,75.55014422800173,58.75128225754179,14.78875243112816,1.5729730175626173,-3.443795685598161e-05,-3.334603206894826e-05,-6.425734231276692,-0.8483611659485177
10569.569694100002,high_load,high_cognitive_load,-18.829396972776294,-19.405610231885476,-17.35467495471312,-18.427104785898337,-3.094961448368849e-05,-3.4204030271212105e-05,-4.512127482026699,-15.733919170188528
10569.956609100002,high_load,high_cognitive_load,14.71830137439224,11.08055661969911,22.23283204030531,28.42342634623128,-3.346660923853051e-05,-3.444751746428665e-05,26.382564855282453,19.940519151327862
10570.343481800002,high_load,high_cognitive_load,-65.19440530522729,-77.45135307947476,-48.409517528672495,-83.7902787177768,-3.677881795738358e-05,-3.4585787943797186e-05,-40.09252890016023,-41.913223296629894
10570.733734000003,high_load,high_cognitive_load,-5.387311614656483,7.324786216654957,10.487795213099162,20.722131368439477,-3.5648703487822786e-05,-3.261949768784689e-05,20.125862341177253,17.447480279895444
10571.116611700005,high_load,high_cognitive_load,-16.597220747644542,-15.206257837797239,-15.1711483125232,-11.587025486056518,-3.7321963645808864e-05,-3.4524572583904956e-05,-0.19706954669118204,16.121012967799288
10571.482697700005,high_load,high_cognitive_load,7.822361562737342,4.665302105637238,6.966051596371926,-29.97010720545495,-3.4314773984078784e-05,-3.3310827348032035e-05,10.280173143708453,-15.724251537289547
10571.850452300005,high_load,high_cognitive_load,2.266140983955893,8.49265222576878,5.106280921963389,17.352266055877408,-3.5853719055012334e-05,-3.4314307413296774e-05,-9.850574529803907,-4.516392714429912
10572.241505200003,high_load,high_cognitive_load,45.114626688803355,36.211344395352626,21.81039248574507,78.54836085599209,-3.6956012081645895e-05,-3.460530842858134e-05,13.810450014747403,35.514098712537816
10572.595158400003,high_load,high_cognitive_load,38.378530022438326,16.222476914205345,12.789573350731189,-123.06161112962309,-3.441435819695471e-05,-3.501307401165832e-05,-0.46445772628976556,-52.38930296647959
10572.967664600004,high_load,high_cognitive_load,-52.733400179360615,-32.883150592934726,-8.262067629600551,44.901182613612036,-3.493997883197153e-05,-3.489227128739003e-05,-10.679738447785894,15.850334420858417
10573.356454300005,high_load,high_cognitive_load,-0.3622959388108029,-1.6346478232308073,13.253930283328827,-5.0092594096227,-3.614556771935895e-05,-3.3571560379641596e-05,-1.6464680127005522,-9.696958383439323
10573.700886500004,high_load,high_cognitive_load,0.03360199836811262,-4.385503838379918,0.12538420049304477,-90.92628974983154,-3.379892314114841e-05,-3.423321322770789e-05,-9.274956985614608,-37.03611758291527
10574.112601500005,high_load,high_cognitive_load,26.275718692184455,15.38398743042626,-2.78802679312048,32.318269402045644,-3.460896641627187e-05,-3.305962491140235e-05,5.106399457610678,16.084022189261304
10574.502729900005,high_load,high_cognitive_load,-5.26468007873973,-4.836040996613519,-4.526141568000639,24.515278952364042,-3.5321717405167874e-05,-3.406932773941662e-05,3.352423004305365,17.69207059413975
10574.878119500007,high_load,high_cognitive_load,-27.353658104097804,-38.85365833396645,-34.08814068275751,-63.833234708386044,-3.464665678620804e-05,-3.619969629653497e-05,-22.83982643995705,-21.650712173910506
10575.234601700005,high_load,high_cognitive_load,59.07700319855053,58.00339720654165,26.734327920654778,-29.08962978714453,-3.375086816959083e-05,-3.567805924831191e-05,-0.33086477493225175,1.1770976084385438
10575.622514800005,high_load,high_cognitive_load,-43.43451086002892,-56.03878565985815,-35.90366560291295,-82.0428336960922,-3.484460376057541e-05,-3.59189552909811e-05,-11.474795726936009,-8.279154678256418
10575.984514800006,high_load,high_cognitive_load,10.952483819215104,8.658504483402794,-3.393162516792472,58.22731695427774,-3.363848099979805e-05,-3.749872757907724e-05,2.137215037723763,24.823805238589102
10576.344394100006,high_load,high_cognitive_load,-56.75517972981447,-64.3248386329592,-31.027464370563848,-38.31662899277626,-3.395541261852486e-05,-3.360047321621096e-05,-19.357639730532355,-22.34323796653507
10576.763321700006,high_load,high_cognitive_load,-0.573192013216385,11.77171564128912,13.001452564853935,41.99231137673223,-3.4530800803622697e-05,-3.5708865652850363e-05,11.147846042180845,19.159928280836084
10577.138580200006,high_load,high_cognitive_load,-1.5741567768236564,-11.331794695283861,-10.610436419760845,23.29390270644808,-3.3973035897361115e-05,-3.7362352486525197e-05,-5.926131079714196,4.402381864932522
10577.546482600008,high_load,high_cognitive_load,-12.237853988903908,-5.623575850932411,6.521234323146928,54.59177178434129,-3.50911413988797e-05,-3.3271834581682924e-05,-3.199366431612816,5.457587186481305
10577.899912600007,high_load,high_cognitive_load,51.811950360735636,57.32614068607381,12.838344779242561,67.40321880774718,-3.290007771283854e-05,-3.197389924025629e-05,3.285348888639419,31.691301379838933
10578.274230100007,high_load,high_cognitive_load,-34.754238388760314,-33.72799297435131,-1.34832798684738,-26.243019841970636,-3.370127160451375e-05,-3.742397893802263e-05,-3.8327540025006783,-23.92621962088151
10578.661221300008,high_load,high_cognitive_load,-42.29824427350354,-18.83259756933603,-19.647155514142014,22.697999662397706,-3.45269545505289e-05,-3.605209440138424e-05,-11.759561407096044,-1.8244477699213348
10579.016220500007,high_load,high_cognitive_load,94.26171479608183,64.38544398338718,45.09438365369169,36.99698316265858,-3.446316077315714e-05,-3.2012926567404065e-05,19.9788484040223,39.67059146160682
10579.429731000007,high_load,high_cognitive_load,-42.658100824297435,-36.09346066403032,-11.564760377421408,-55.04490352103676,-3.3664893635432236e-05,-3.416125491639832e-05,-4.349731893034459,-31.193859597783558
10579.8116723,high_load,high_cognitive_load,9.798878314130661,8.522591956793349,4.46388464059828,0.9213432634383025,-3.547351479937788e-05,-3.520716018101666e-05,-6.545910835379345,-2.081873374391307
10580.1942068,high_load,high_cognitive_load,-10.95568627467901,-1.2426992268970025,12.877981570217344,41.54241711980103,-3.815182935795747e-05,-3.28161831930629e-05,21.564743248724426,30.17658037140427
10580.5786539,high_load,high_cognitive_load,44.52449246392507,23.332005321424276,16.27058269435429,-53.17814640782399,-3.602840206440305e-05,-3.5406310416874476e-05,9.1742729618245,-12.990564513354002
10580.936652800005,high_load,high_cognitive_load,-18.640175919723788,-13.867364678685135,-8.84526889693143,4.192104125272181,-3.671611648314865e-05,-3.5457609556033276e-05,6.458405470838443,-12.156043784153098
10581.306367000003,high_load,high_cognitive_load,30.368087935425592,1.4351597382683394,-2.1458617238126863,-86.66624772245359,-3.5590332117863e-05,-3.217013363610022e-05,0.44140584763954394,-45.735027754891235
10581.697079900003,high_load,high_cognitive_load,2.547849518042767,-8.676468849922003,-23.902950714717917,-19.852874934594183,-3.256980198784731e-05,-3.652427312772488e-05,-9.772599283138334,-28.537593412139813
10582.084202300002,high_load,high_cognitive_load,14.37618631585633,-15.536811464903167,-20.754391815670715,-16.208158426745285,-3.4685906939557754e-05,-3.6407266634341795e-05,-1.143181258209097,11.217330558908088
10582.427054700003,high_load,high_cognitive_load,-12.667401124732805,-18.021678219622572,0.481078090788742,-40.76106612061449,-3.3814721973612905e-05,-3.467525493761059e-05,3.564273864965344,-44.03084232270248
10582.803821100002,high_load,high_cognitive_load,115.20860750416159,86.55669477652918,34.51793398245945,20.590488499432468,-3.348911559442058e-05,-3.2860642932064366e-05,7.555182475439324,12.546831579486934
10583.176038500002,high_load,high_cognitive_load,-17.38766235677417,-16.886741177251224,-12.239541399733753,-3.585586083729595,-3.3563613214937504e-05,-3.234572523069801e-05,4.501811639362586,12.871437811894339
10583.530990100002,high_load,high_cognitive_load,7.720534833248621,1.2147416283646635,-1.567949580997265,-20.482432411870377,-3.287164327048231e-05,-3.555934199539479e-05,0.7930202994393767,-13.072343340931184
10583.909032500003,high_load,high_cognitive_load,-151.88799945025676,-127.60149440049372,-71.65915997916181,-15.21583512824509,-3.324103090562858e-05,-3.293439112894703e-05,-25.594105965351446,-16.294142007681785
10584.314034100003,high_load,high_cognitive_load,16.32444648402611,10.044930687964552,9.009195468499456,49.23598591704149,-3.531296806613682e-05,-3.378096062078839e-05,-3.674751934595406,3.1251428088035027
10584.688579600002,high_load,high_cognitive_load,10.415322554071281,-4.808722225905058,-2.417516286891896,-11.475726013017265,-3.3042528229998425e-05,-3.448035113251535e-05,12.595521395309333,15.062881751772693
10585.070886000003,high_load,high_cognitive_load,-47.35829269192595,-21.135310335379927,2.0537251166592796,4.271799086809551,-3.480163923086366e-05,-3.62667087756563e-05,4.253779603704061,7.017760967016329
10585.441132000002,high_load,high_cognitive_load,4.853800939559278,-10.686152473569564,-2.8888982835646857,-37.95679472194115,-3.497599755064584e-05,-3.376072800165275e-05,11.750476170390357,12.00183648416305
10585.817757400004,high_load,high_cognitive_load,-29.30173438837778,-11.378025510341558,-20.864578391595842,-28.54233530095189,-3.4196499655081425e-05,-3.487048525130376e-05,-7.372810306808788,-20.99814471299851
10586.161725500004,high_load,high_cognitive_load,-0.08222587281534288,-7.572107073143343,9.082293738070348,-62.46153819205938,-3.530532103468431e-05,-3.527731223584851e-05,-9.239955508258845,-36.009602596808236
10586.559154900004,high_load,high_cognitive_load,72.53828451805725,50.738401389768114,25.69310689927852,55.87503840755426,-3.545210802258225e-05,-3.430663036851911e-05,19.629224268732287,29.006591522885174
10586.925041300005,high_load,high_cognitive_load,-30.619858210288157,-26.62120453588659,-10.87707066854773,-19.752538726893818,-3.579017811716767e-05,-3.423990619921824e-05,-6.574652468700151,5.584560630987653
10587.320399800004,high_load,high_cognitive_load,25.76664719610426,12.194770678641362,11.778015450199746,-29.779926608549886,-3.2666896913724486e-05,-3.5939065128332004e-05,0.14426838582630808,-11.461624046171892
10587.679001700004,high_load,high_cognitive_load,38.22172412456871,36.839460653622154,10.620156854012748,40.4007996702403,-3.217514677089639e-05,-3.4122219403798226e-05,-1.8289142949961388,-15.38439610641035
10588.047856700005,high_load,high_cognitive_load,-29.27189435807486,-2.487202060906384,8.431657948716293,-15.693100242294804,-3.563805512385443e-05,-3.562857000360964e-05,0.03374682934691009,6.040455107216985
10588.439829000004,high_load,high_cognitive_load,-1.8044662599093044,-5.281502494422966,22.662249147957482,29.57283220118734,-3.426593502808828e-05,-3.7470017559826374e-05,8.706994207661864,-2.755395702372425
10588.871506500003,high_load,high_cognitive_load,10.100444939341287,16.4034331348239,13.477158577149567,46.589670377707534,-3.2484004805155564e-05,-3.554005525074899e-05,-1.099560322880734,3.36645648208696
10589.215385000003,high_load,high_cognitive_load,23.067202904394208,24.97715449845782,10.359215697122181,-4.333170742615948,-3.614190427470021e-05,-3.2326866858056746e-05,-4.6408562318029,-13.671245950985849
10589.568354800005,high_load,high_cognitive_load,-29.168195197441264,-21.38652892281698,-5.063611651604333,15.541638479607627,-3.4836983104469255e-05,-3.588187882996863e-05,6.172788423910788,29.99787860472952
10589.949593900006,high_load,high_cognitive_load,41.85683708218767,49.07144359640097,20.706459535321756,-4.446607344417316,-3.230381571484031e-05,-3.535454015946016e-05,6.995797786564253,-11.869954649990632
10590.330784000005,high_load,high_cognitive_load,-42.97638765026977,-44.19795071293356,-25.02613488898396,-5.561955602407579,-3.580587963369908e-05,-3.4739176044240594e-05,-26.42341617913098,-24.232904320395846
10590.695087600006,high_load,high_cognitive_load,-27.399717045298303,-30.429441051333015,-4.770497775666627,-8.840836103796391,-3.556185583875049e-05,-3.5377654967305716e-05,-8.588946917265275,-2.7074718644698805
10591.075727900006,high_load,high_cognitive_load,74.56649773223921,56.5567430846113,23.055233898852748,14.433530393856927,-3.3345392694172915e-05,-3.467828173597809e-05,17.547593964908174,2.909061213023051
10591.435185000008,high_load,high_cognitive_load,-48.13929740971548,-39.81568158101072,-12.845371921473543,-32.40873902981184,-3.767157340917038e-05,-3.426130660955096e-05,-14.632651107423044,-12.71131949298342
10591.838832400008,high_load,high_cognitive_load,-52.44660222124003,-46.698065873550604,-13.674939145735607,-8.787097847627592,-3.4115678317903075e-05,-3.807726898230612e-05,-6.949920554181517,-15.928227251713906
10592.191329700006,high_load,high_cognitive_load,-2.440261536054777,7.919131027454114,-3.539750451703185,76.8079823001035,-3.336805275466759e-05,-3.7465082641574554e-05,0.03155771183583056,-8.449774894207621
10592.587597500007,high_load,high_cognitive_load,-0.5517350596510369,-5.817843027049548,3.1170029545701254,-100.93082198178718,-3.521746475598775e-05,-3.5551429391489364e-05,-4.127837821810772,-11.979099526918162
10592.970930400006,high_load,high_cognitive_load,23.707636026351338,17.065506291145084,9.71202375747589,62.728219759971125,-3.516266406222712e-05,-3.5677327105076984e-05,0.8035228304438533,3.6879833870557377
10593.403499200007,high_load,high_cognitive_load,2.86793941052224,-6.173462113054029,-1.1596655832440774,-3.1750024449424927,-3.6846483453700785e-05,-3.394408395251958e-05,3.209979529721295,17.04154328744653
10593.802468200007,high_load,high_cognitive_load,19.666424227443258,19.21632127791281,-2.753917918159459,22.68441714604114,-3.531348647811683e-05,-3.059845585084986e-05,5.18489566194603,11.93196127464671
10594.179125,high_load,high_cognitive_load,18.17620630915394,8.826704567099114,7.446170683125729,43.216773495757934,-3.2062465834314935e-05,-3.382780596439261e-05,12.660324931742707,17.02137446723782
10594.585790700006,high_load,high_cognitive_load,-15.827455265072103,-6.968144827136257,-2.000786568874446,12.746187461802037,-3.23307931466843e-05,-3.334016128064832e-05,-2.5753967703067246,5.561224228710216
10594.956607400003,high_load,high_cognitive_load,5.023486083640819,0.5377591511096398,-3.2734969380121584,11.28922619767036,-3.375840242370032e-05,-3.512277180561796e-05,6.521509616097774,30.614853745518303
10595.346057100003,high_load,high_cognitive_load,9.58151647736372,13.124647746598384,-9.314925303312975,-16.963085742417206,-3.4920646612590645e-05,-3.445519723754842e-05,-5.531840142615238,-2.184807206729147
10595.729781400003,high_load,high_cognitive_load,42.88334169029645,32.58355804144958,18.755443021123938,-1.5969793070426022,-3.266492421971634e-05,-3.1242035220202524e-05,3.3808901663610413,16.40442238636433
10596.163849100003,high_load,high_cognitive_load,-124.20729976157259,-105.80544894755667,-46.24200323489367,-136.35169965339355,-3.37779893015977e-05,-3.3013960091921035e-05,-9.023873249837834,-25.556406499817513
10596.534181700004,high_load,high_cognitive_load,-45.63066783640511,-29.129878826847744,1.5508618437397672,-35.399438123103664,-3.515026946843136e-05,-3.5519557059160434e-05,18.121869610384238,12.964032964586295
10596.926076700005,high_load,high_cognitive_load,-29.529790091419272,-21.357767380376572,-20.979582232927896,13.349688908127064,-3.2137716516444925e-05,-3.4356563446635846e-05,-0.9311618607216587,18.98014805593948
10597.344524400005,high_load,high_cognitive_load,80.1356890416032,48.89333857107431,20.44903007020139,2.2949281574710767,-3.561250377970282e-05,-3.4849884286813904e-05,4.14944038751355,-8.279881373247918
10597.694533200005,high_load,high_cognitive_load,-18.06250348463368,-24.49639875705543,-14.686503894082307,16.577187121232328,-3.378940891707316e-05,-3.320526593597606e-05,-4.244679508974059,5.113440810493103
10598.084591500006,high_load,high_cognitive_load,-29.05145818969868,-8.967010656431285,-6.638620652732243,-90.04292035536491,-3.433789697737666e-05,-3.443459263507975e-05,-15.66176728049777,-32.268501917210415
10598.490933700006,high_load,high_cognitive_load,19.188888112841596,-1.1269863935531248,-2.076007591985217,-20.71505481592476,-3.6590209674614016e-05,-3.445595302764559e-05,-22.758954030578025,-49.631357559195294
10598.852604800008,high_load,high_cognitive_load,1.6521120208283264,1.627536395604693,-7.377632256486777,-27.380226160826624,-3.248526627430692e-05,-3.669780653581256e-05,-16.24887654870099,-28.110648717120057
10599.231497700008,high_load,high_cognitive_load,-9.110778456535172,1.8929071150087111,-0.8319419227404978,-52.96726044962861,-3.4003646760538686e-05,-3.4433060136507265e-05,-6.516176715068468,-14.795494853235596
10599.6468569,high_load,high_cognitive_load,1.9317900942041888,-7.206957419313767,-12.647494269887375,11.911986631504988,-3.492750784062082e-05,-3.291379471193068e-05,-7.309400392649422,-5.039545534420995
10600.015656200001,high_load,high_cognitive_load,1.9202667316080806,5.704126288048883,5.696704252296058,-27.71327590525425,-3.4490462894609664e-05,-3.816915796051035e-05,16.454950394368552,27.023732706912597
10600.3833352,high_load,high_cognitive_load,21.053109660554583,8.111135977106642,4.918574411244208,69.62788939709299,-3.367558656464098e-05,-3.2170675694942474e-05,31.776146878769396,40.53262882186027
10600.777532,high_load,high_cognitive_load,38.97325552746247,45.76537168257619,43.587966648367,28.549868208233875,-3.2875242141017225e-05,-3.632257994468091e-05,10.333431204918725,12.159153447610606
10601.170755100002,high_load,high_cognitive_load,-50.704242515902706,-28.284982436142855,-11.767413304441561,13.610003110066828,-3.785022272495553e-05,-3.7550563320110086e-05,-5.47560906620356,7.55651202264653
10601.572254100003,high_load,high_cognitive_load,21.066169364566576,15.446469889814125,2.9049662169545627,-30.378408903942727,-3.6532015656121075e-05,-3.317733990115812e-05,3.373643172986249,15.302904700217368
10601.958601100003,high_load,high_cognitive_load,-11.437002493089722,-18.02484409658655,-0.8007839222905204,-5.17851208759248,-3.228430978197139e-05,-3.310995271021966e-05,-13.695345482772609,-28.029869007315938
10602.355189200003,high_load,high_cognitive_load,22.39768527893284,12.001850493525126,-1.8351300566132522,11.73901884372708,-3.7475445424206555e-05,-3.572651439753827e-05,4.607028140011153,6.7941593596278835
10602.729213000004,high_load,high_cognitive_load,6.841821756036097,16.737103109736836,8.239554286243674,88.0660130158667,-3.5000057323486544e-05,-3.649101108749164e-05,-6.8239195251708225,-10.934771439025553
10603.136528300003,high_load,high_cognitive_load,-32.07609938716723,-17.32119789754961,-14.911751896202986,-115.56611790913166,-3.139990622003097e-05,-3.4871030038630124e-05,-14.335373744214394,-34.57328007419983
10603.525442300004,high_load,high_cognitive_load,23.107484357048406,10.82719520643468,18.828810049914864,34.70731944549834,-3.403471146157244e-05,-3.436945098655997e-05,8.831432609221338,23.89163104282943
10603.884543400005,high_load,high_cognitive_load,-11.928183061855634,-3.455153303057159,-10.14197139050657,90.77372215897731,-3.558409935067175e-05,-3.484637454675976e-05,11.585992091048865,51.12462603525091
10604.287212400006,high_load,high_cognitive_load,14.372011222426408,9.20071252564503,0.36498530759945425,20.51001816442613,-3.461807136773132e-05,-3.2708991966501344e-05,11.464791135936593,48.119741245367095
10604.683406100006,high_load,high_cognitive_load,-30.007080604419343,-14.2432064057557,-11.11993078005844,-7.327989192483983,-3.4559143387014046e-05,-3.302328423160361e-05,-12.412741545665085,-21.775994157277182
10605.084571200006,high_load,high_cognitive_load,15.598893900974872,-13.425392643557188,-8.58754351286143,-61.16854709358313,-3.154620571876876e-05,-3.4557542676338926e-05,2.401036622448828,-19.661974315105
10605.484827700006,high_load,high_cognitive_load,-7.230421231751279,-6.453363072828779,-5.439711462188825,33.31555651694043,-3.423585985729005e-05,-3.3456952223787084e-05,0.664436289610876,22.153077325417144
10605.840113000007,high_load,high_cognitive_load,2.089705446823018,2.8915557735977018,1.9238966946768414,-51.29612865695708,-3.589221250877017e-05,-3.231066966691287e-05,5.273784697375959,-0.42113511312390983
10606.243615600008,high_load,high_cognitive_load,-16.017371327378214,-4.430481150499418,-27.409989446358395,38.52389515587265,-3.520339396345662e-05,-3.438572275626939e-05,-26.579090272293342,-8.023367800650703
10606.650911100001,high_load,high_cognitive_load,-14.58265111265564,3.1836327223836633,5.255092869062992,-22.839660530034962,-3.586389357224107e-05,-3.481480780465063e-05,-0.10678914830668873,-27.929800510808946
10606.990655200001,high_load,high_cognitive_load,16.20878675547101,1.1021214533375314,10.219045330494282,-0.8700697380972997,-3.396108513697982e-05,-3.5126377042615786e-05,11.481450203932582,-1.589803588405175
10607.375436900002,high_load,high_cognitive_load,0.3742695446758262,-6.438739441423422,3.254526689161139,52.83460657169326,-3.399307661311468e-05,-3.3670485208858736e-05,11.913884186964879,21.598086279694144
10607.762022,high_load,high_cognitive_load,-11.900592763549867,3.8362846874015304,12.60305304128724,-34.826615611561465,-3.5695406040758826e-05,-3.3609403544687666e-05,4.464602422785902,14.65000831272846
10608.158573000002,high_load,high_cognitive_load,-3.8339521661566778,2.1595859625349476,2.088526815646219,-14.930472924846981,-3.4280747968296055e-05,-3.410225690458901e-05,2.4132352193896622,-7.979457491900575
10608.563775300003,high_load,high_cognitive_load,38.40662878449098,30.558559226542002,11.805142506282664,-7.065819144128454,-3.4408082683512475e-05,-3.244927302148426e-05,2.9552865948271574,11.49678612924663
10608.952341900002,high_load,high_cognitive_load,37.67518628112907,14.796406224360453,6.48115205986096,75.99083543011238,-3.654473857750418e-05,-3.427809770073509e-05,-15.726239783767596,-33.98756278184146
10609.320313000004,high_load,high_cognitive_load,16.31310016616817,1.4824752155386705,5.722272500770487,-150.73057638663113,-3.461688720562961e-05,-3.608277165767504e-05,-4.460426345877295,-0.4784950536663928
10609.695598100001,high_load,high_cognitive_load,-0.2047290042091845,-11.324688402408356,-13.92549665295246,36.043187849770675,-3.453614954196382e-05,-3.408166048757266e-05,-10.006384070784861,-44.32633849387321
10610.098188400001,high_load,high_cognitive_load,31.32872788604982,13.51027690951696,11.317446903530254,17.016824429068947,-3.2826676942931954e-05,-3.3836724469438195e-05,-4.993778121197465,14.497914722024689
10610.506286700002,high_load,high_cognitive_load,-4.639470588958602,13.893484642379008,-10.04752911787773,19.050209293800435,-3.453349745541345e-05,-3.499430386000313e-05,-5.260470726454514,-5.929653613452047
10610.905248300001,high_load,high_cognitive_load,-35.10439199336702,-8.7193350031107,-4.754377252423637,18.815235102032602,-3.674783783935709e-05,-3.5870032661478035e-05,-7.758107123609534,8.62527295261907
10611.307235300003,high_load,high_cognitive_load,13.159462438454057,8.977796597984707,4.523749404470436,-10.773930229171583,-3.5666078474605456e-05,-3.7189294744166546e-05,11.01259474558492,13.013146278589375
10611.697624800003,high_load,high_cognitive_load,-13.76065104642771,-20.746457626781194,6.240136694274042,16.899820140110023,-3.56174195985659e-05,-3.495592409308301e-05,-8.901991977465968,4.053107951513539
10612.086558300003,high_load,high_cognitive_load,-45.181360943204254,-7.336611303114751,3.6031324722698628,46.33802600004674,-3.328473394503817e-05,-3.450497843004996e-05,-0.7015255714277373,18.252701201698528
10612.485918200007,high_load,high_cognitive_load,40.690333092625224,36.02015225089099,18.109968408126406,17.823479926393247,-3.314045534352772e-05,-3.2446310797240585e-05,8.303572694112063,14.420226872190597
10612.8940963,high_load,high_cognitive_load,-22.156547402056958,-28.386486509102724,-17.4863571107021,-56.15002579030124,-3.343090429552831e-05,-3.2526972972846124e-05,-29.69054248540033,-24.750946384567214
10613.2780053,high_load,high_cognitive_load,45.45177539322526,35.69413883415882,28.77027966944297,29.876266519810542,-3.634433141996851e-05,-3.32042618538253e-05,53.112186975902205,42.893893685346484
10613.627746900002,high_load,high_cognitive_load,-15.451474114877328,-16.078572257517862,-20.890764425712405,-3.6786831677404734,-3.654661759355804e-05,-3.3077919397328515e-05,-26.114320477344336,-12.939690876658915
10613.9686753,high_load,high_cognitive_load,-13.521930200946372,7.084695917561021,20.459649007591906,-16.46665400362417,-3.5214127819926944e-05,-3.609690338635119e-05,-13.262341624304554,-38.747552852177705
10614.3579348,high_load,high_cognitive_load,-1.7499930929498078,4.892344513517401,9.446112407576038,-0.5628012160586877,-3.621591713454109e-05,-3.609356190281687e-05,10.436388405476919,7.004585709595631
10614.757306500002,high_load,high_cognitive_load,-0.48596487669806265,-10.491573672226878,-3.963022674271997,32.08569223570066,-3.669966281449888e-05,-3.475480480119586e-05,14.239230190128637,32.522372770831225
10615.141384,high_load,high_cognitive_load,32.066264524983126,10.311125665048621,26.10697004352778,-32.007712872542015,-3.4487267839722335e-05,-3.5965802453574724e-05,5.442009573262567,-16.646774501816253
10615.501751200001,high_load,high_cognitive_load,59.09030397076708,34.22747100452352,15.202039511390012,-11.076602180883583,-3.401584126550006e-05,-3.56075179297477e-05,13.473258934607202,-24.741491243351902
10615.904572800002,high_load,high_cognitive_load,-18.972769410234605,-23.847861169789212,-4.051418907405605,-55.85645414192277,-3.649246173154097e-05,-3.28719452227233e-05,-12.351466088827692,-15.18426113460464
10616.302465100003,high_load,high_cognitive_load,-46.847434481310074,-37.46737900728931,-32.692335962938614,-40.09872090805584,-3.450155872997129e-05,-3.2398454095527995e-05,-4.204264578255788,3.2826616698189355
10616.722657000002,high_load,high_cognitive_load,105.69209357244836,51.32354384360542,42.52965419556904,38.2788935207509,-3.387031756574288e-05,-3.362073130119825e-05,23.111861827169832,5.4343435713067265
10617.132389100003,high_load,high_cognitive_load,-21.590826422683676,-16.693130553886476,-14.700022967281711,25.975755317883795,-3.731876586243743e-05,-3.5579557334131096e-05,-8.130424872339063,17.195499579368516
10617.488851600003,high_load,high_cognitive_load,45.971049784614024,41.47777871536164,7.139803967377702,17.491083128682476,-3.580957945814589e-05,-3.6154004192212597e-05,29.632914683125364,23.960131943703345
10617.853350000005,high_load,high_cognitive_load,-0.6768212283207049,-6.015979906389475,2.44198277617852,6.656558390079681,-3.445088805165142e-05,-3.3502208680147305e-05,-11.088869379660082,-3.1775622385516726
10618.228393000005,high_load,high_cognitive_load,11.79601442583612,11.707388108678515,16.540411302434222,46.39472646189415,-3.752753127628239e-05,-3.4111159038729966e-05,0.5606406797519412,37.48458303360485
10618.613408500005,high_load,high_cognitive_load,-51.757390588518774,-53.06708326243597,-21.117997097861007,-66.86485571863022,-3.323874989291653e-05,-3.493261920084478e-05,-8.183197502363782,-7.08140443079219
10619.019950700005,high_load,high_cognitive_load,32.72978216552451,35.22867134223861,13.69155309071175,31.121058200796142,-3.514200489007635e-05,-3.582982571970206e-05,7.638432576443847,4.762878160904165
10619.397237600006,high_load,high_cognitive_load,7.17898867049098,23.91677810316014,11.10258459540637,388.9942976814523,-3.3357889151375275e-05,-3.446135451667942e-05,3.6638189532977776,65.33400994057047
10619.789043100007,high_load,high_cognitive_load,121.74948782224942,52.56247814418657,3.7262826486885388,-106.43973166712385,-3.462769018369727e-05,-3.49710498994682e-05,-0.4296816164805932,-30.71419647996663
10620.163767500007,high_load,high_cognitive_load,-43.1114307328387,-8.79984743958903,-8.825923250017695,75.85671901911064,-3.387101514817914e-05,-3.4579913517518435e-05,-22.013311310618064,3.782385358466854
10620.558872000007,high_load,high_cognitive_load,14.89294946020459,4.612087478039939,28.718135729007827,-7.428279431120245,-3.436617953411769e-05,-3.454812667769147e-05,28.99612129176603,33.21004333163137
10620.969166100002,high_load,high_cognitive_load,16.428650764710483,3.5673895417285166,7.019715397538221,-30.36023746890305,-3.604127050493844e-05,-3.472397020232165e-05,0.24969998932419912,-15.124727695532783
10621.340482200001,high_load,high_cognitive_load,16.409774199137473,-2.4331046687566413,-0.9085767406063496,4.343253891448967,-3.644449770945357e-05,-3.521750568324933e-05,-1.1226046555952962,-10.429371649544919
10621.7405971,high_load,high_cognitive_load,-129.7252823568308,-118.26668265386343,-74.04450643737118,-60.19022910747981,-3.536872736731311e-05,-3.3223849641217384e-05,-14.038347899350356,-25.230923099852134
10622.115493300002,high_load,high_cognitive_load,-36.201265816219575,-22.324474364011166,0.37443934302109483,-37.29969615724849,-3.689679033413995e-05,-3.44679629051825e-05,12.14625563742402,35.01833465345089
10622.501101400003,high_load,high_cognitive_load,-3.928047002864105,-6.291986721327703,5.215477509036646,27.165129053470537,-3.449816631473368e-05,-3.336778809170937e-05,-20.037227778655506,-17.388116164092025
10622.878640000003,high_load,high_cognitive_load,74.96913850884698,62.10198526041131,26.570946322167856,-9.334941128338414,-3.582715453376295e-05,-3.0937586416257545e-05,25.562256093197902,14.557869930052675
10623.239866500002,high_load,high_cognitive_load,-12.863913446424931,-10.39585728564316,-5.9637030647650136,-25.198306104501626,-3.9873033529147506e-05,-3.5292327993374784e-05,4.372746932587688,0.194316618432822
10623.573127200003,high_load,high_cognitive_load,116.61153781884946,68.79930996529356,41.22269222874911,21.67434828491696,-3.665488384285709e-05,-3.55607844539918e-05,9.475981693910398,-5.173371280036008
10623.967323200002,high_load,high_cognitive_load,-63.5604220446653,-24.31561346626677,-21.360574543768962,-37.43124256172223,-3.511446175252786e-05,-3.2244121030089445e-05,-5.757879824580414,0.3028119025648266
10624.350310500002,high_load,high_cognitive_load,24.867440021792845,-4.99329887786007,5.242942409865918,-10.062670080512362,-3.390282654436305e-05,-3.4748908547044266e-05,6.159275546472145,3.271464732262757
10624.747281600003,high_load,high_cognitive_load,-85.41738914424764,-21.337038808963825,-6.687184842307488,-15.613346893750986,-3.4917584343929775e-05,-3.511768409225624e-05,13.195984153597692,5.494434438181543
10625.089738700002,high_load,high_cognitive_load,1.3255604203786788,-6.206613616539926,4.163648382722386,0.9472421143309475,-3.407091662666062e-05,-3.5492168535711244e-05,1.1430584269269275,27.995809777222348
10625.462314600003,high_load,high_cognitive_load,-29.484191193477955,-24.77377863002357,-21.991467300060776,-15.898834289757815,-3.4941458579851314e-05,-3.478913822618779e-05,-25.10666570289368,-29.803385521586733
10625.835116600003,high_load,high_cognitive_load,-12.326015053196897,-11.655449239961854,-9.78811260059365,-14.84585383167223,-3.574251695681596e-05,-3.462556833255803e-05,10.730498697570056,16.39352599627864
10626.231610900004,high_load,high_cognitive_load,27.215831513591183,20.831744872175932,20.77055130879353,-27.144583711537507,-3.6172295949654654e-05,-3.636673682194669e-05,21.105877965243508,-8.855512131630803
10626.630242200004,high_load,high_cognitive_load,-13.843786135101936,-7.1239743500241275,-19.74365756052157,11.240476982666678,-3.2249086871161126e-05,-3.416821436985629e-05,-3.3267815286994846,4.8839153496528525
10627.022653500004,high_load,high_cognitive_load,-8.816095867477998,-13.800347942657936,-0.9760884607012486,-15.163894298516425,-3.6093624657951295e-05,-3.269490753154969e-05,9.348575971325772,6.04156143917271
10627.386679700005,high_load,high_cognitive_load,27.93281750059714,8.218515751077575,17.689171141876614,-34.04377668809684,-3.4185994081781246e-05,-3.378571545908926e-05,10.767793415577671,5.4501592749743395
10627.788043200004,high_load,high_cognitive_load,121.10055574681974,75.34104667071415,20.747848703694217,97.62362689203928,-3.522747920214897e-05,-3.539150839060312e-05,8.452702700066766,-2.1777070041325715
10628.168417300005,high_load,high_cognitive_load,-60.309081569282625,-39.75802146707019,-19.189818958836895,10.444524199161606,-3.701989771798253e-05,-3.499638842185959e-05,-6.083795063781963,4.642424066545118
10628.549553400006,high_load,high_cognitive_load,6.36986223521717,8.879575377999117,2.5395998573503675,-110.77061198975116,-3.402578022360103e-05,-3.4323120416956954e-05,7.8094783473984535,-19.66899732506954
10628.948343200005,high_load,high_cognitive_load,52.15943526152091,38.00664574114444,14.69008024861887,0.21053324164267906,-3.316242691653315e-05,-3.37847086484544e-05,12.882754231061881,14.972666409265003
10629.337524300006,high_load,high_cognitive_load,-27.74730332787567,-11.851351294826145,-1.8626262391917408,-38.45023851456608,-3.644220032583689e-05,-3.53333743987605e-05,-8.105071105818297,-26.132447098389548
10629.705135000007,high_load,high_cognitive_load,24.14796565263441,6.945775409370526,12.174998997440525,40.97523350092251,-3.4063215025526006e-05,-3.302366258139955e-05,3.5156761673893016,18.690865999129073
10630.102820300008,high_load,high_cognitive_load,-47.706589685690915,-21.214229749595233,-4.661411832047634,-31.866685996476463,-3.546707739587873e-05,-3.4246583709318656e-05,-11.341645354175853,-40.817520239384066
10630.464258800008,high_load,high_cognitive_load,36.1755724799134,14.10442276124013,21.058405556856997,-44.241467016377555,-3.7335363231250085e-05,-3.223002204322256e-05,9.340862365922021,-8.21280556176589
10630.834006000006,high_load,high_cognitive_load,24.227477778478487,23.74796138636566,20.003459587584985,-3.054369275393128,-3.407682106626453e-05,-3.2618270779494196e-05,-3.3286056871575056,-4.632468196833997
10631.2619565,high_load,high_cognitive_load,8.980930005602204,8.368136295864133,-2.7286775327975192,9.53667947592794,-3.533244580466999e-05,-3.524865587678505e-05,15.819344067556358,24.099292549426536
10631.635569400001,high_load,high_cognitive_load,45.15098804342256,43.399263269155654,13.248874114189675,15.94688601283633,-3.7181163861532696e-05,-3.4932287235278636e-05,34.06864317230702,21.671482522504448
10632.024443900002,high_load,high_cognitive_load,3.8476783466708184,-3.2595691285719113,-1.3611113811966788,-4.8675325340709605,-3.496617046039319e-05,-3.321656640764559e-05,-12.573003150193017,-24.721139689142092
10632.371771,high_load,high_cognitive_load,-30.731063626050172,-23.516697728604868,-15.368215225054882,-42.88116869577607,-3.6004327739647124e-05,-3.545426534401486e-05,0.3842663144018843,-2.0858921907183685
10632.7331367,high_load,high_cognitive_load,-0.15172075608643354,-7.216613304168732,-14.532287552191065,-59.195342132107726,-3.441349235799862e-05,-3.338151509524323e-05,-8.88880902549954,-6.166297193385162
10633.1055778,high_load,high_cognitive_load,16.06632255531531,21.922236338350558,26.208296373550183,13.382782565236084,-3.098006345680915e-05,-3.5692199162440374e-05,14.782992675951846,-5.9321828951851785
10633.455674600002,high_load,high_cognitive_load,26.961256082254295,24.414919727836605,7.989430100765276,3.353011209590022,-3.41595523423166e-05,-3.595969701564172e-05,-6.964945972165424,-12.78078461198129
10633.840520900001,high_load,high_cognitive_load,-9.094705073065825,2.7297597240708456,-0.4920108932160474,-11.759958747525161,-3.631210074672708e-05,-3.3789564440667164e-05,-4.881127149010808,-24.191910841361278
10634.2181652,high_load,high_cognitive_load,-10.0100413217383,-9.716458315052478,-4.2138982546853185,-8.145474622198435,-3.5601086892711464e-05,-3.622296571847983e-05,5.333073033477376,-8.656803309121642
10634.620999100001,high_load,high_cognitive_load,-75.90298738546653,-31.19855470998573,-39.19218040842907,-23.266616924041045,-3.429925891396124e-05,-3.222839586669579e-05,2.9494862499341252,17.92074346262234
10634.9891542,high_load,high_cognitive_load,-162.1711744896386,-114.28364808497099,-54.329088033829066,-42.44575876123963,-3.5516263778845314e-05,-3.652932628028793e-05,-4.508532734482287,-23.60331233657962
10635.358352200003,high_load,high_cognitive_load,-10.301687034762836,-6.001765141841133,-14.54668604864355,-37.64279515302451,-3.728353749465896e-05,-3.893827579304343e-05,14.550541582008918,5.907068585579964
10635.723693400003,high_load,high_cognitive_load,-14.637706218580433,-10.527557194281599,-15.129928100676807,-19.807045935824135,-3.159394418617012e-05,-3.745555568457348e-05,-15.027665963078562,-11.126733368961595
10636.090538700002,high_load,high_cognitive_load,14.615708690261044,12.27175275251102,5.396602981968044,41.163160327099376,-3.4047040571749676e-05,-3.2933307920757215e-05,-3.8979851694184617,11.493282546811315
10636.466607100003,high_load,high_cognitive_load,1.6050652472977163,-11.20402107187374,-10.646750992185844,-42.7866960115316,-3.705426115629962e-05,-3.595233374653617e-05,2.0351671337298285,4.714830042029462
10636.868374600002,high_load,high_cognitive_load,-7.377407090491033,-3.8281979221360416,-4.140689269700488,1.6780122663099064,-3.3741235711204354e-05,-3.445455695327837e-05,-17.021971999518883,-23.405444076444383
10637.221841000002,high_load,high_cognitive_load,9.369337178569367,2.400708383989695,6.266151864947005,40.28358683319175,-3.4171685911132954e-05,-3.2859509701665957e-05,10.182318215631767,27.5266093506998
10637.599805700002,high_load,high_cognitive_load,18.818986335171985,19.150215832118647,7.172607913166303,25.283261012123603,-3.5398646105022635e-05,-3.337597536301473e-05,-9.791112395505479,-12.776389485151867
10638.000037400003,high_load,high_cognitive_load,34.396906486698754,16.882487045607377,3.8394681820359438,-87.79482003476414,-3.3004895158228464e-05,-3.48913845300558e-05,-8.63162594347341,-31.81804515047861
10638.390439300005,high_load,high_cognitive_load,20.285996309113443,10.322637978366402,6.898897913593373,-11.881971467331368,-2.915293771366123e-05,-3.410870886000339e-05,8.629076433480805,-2.2419955575564927
10638.737059400004,high_load,high_cognitive_load,-21.819261091412045,-24.35362684439633,-8.426613715794247,23.23389529440874,-3.331723837618483e-05,-3.272190315328771e-05,-6.046910753635075,-3.2569279024014577
10639.128944400005,high_load,high_cognitive_load,-95.93498212459372,-74.20758408267102,-2.7473129832010272,-10.262019843380585,-3.687683965836186e-05,-3.5071415368292946e-05,-29.609832468071545,-10.694934896385348
10639.484164200005,high_load,high_cognitive_load,-53.17853258216769,-39.34813198204938,-31.88243788158161,-103.76042551689488,-3.7223710933176335e-05,-3.478985127003398e-05,-20.45107526332731,-19.10331043960332
10639.857808400004,high_load,high_cognitive_load,10.245068025994442,-13.684553826169122,-14.071729392127054,52.491708017777,-3.6129430554865394e-05,-3.5808628126687836e-05,-19.513454344362344,-7.482682128945271
10640.202816800003,high_load,high_cognitive_load,5.8173346719233905,4.971923655777573,-6.625335042982897,18.657857384404906,-3.66895683328039e-05,-3.4465922908566426e-05,17.84725160318476,27.791284094326784
10640.556649400003,high_load,high_cognitive_load,-1.5506988252498104,3.733159833233003,-9.734840243299914,17.193053217862143,-3.599221508920891e-05,-3.343062962812837e-05,-5.393816161668383,6.659837122677345
10640.928966900005,high_load,high_cognitive_load,1.901304592358656,-1.2531555630507683,12.41611505733863,13.902390904249387,-3.7113904909347184e-05,-3.350153292558389e-05,-4.328539424519477,-5.965019528517587
10641.324017800003,high_load,high_cognitive_load,5.500501317756289,14.482032786804666,-2.8837059998277255,-14.58592686710017,-3.513757656037342e-05,-3.337787165946793e-05,-20.723940336395117,-32.47329500296337
10641.686428600004,high_load,high_cognitive_load,49.42527646160897,41.86788500630246,23.41243320567446,43.541838823159196,-3.298370211268775e-05,-3.503930747683626e-05,0.4952318801956608,14.162651650556654
10642.039023200005,high_load,high_cognitive_load,-26.703013911169364,-31.022018866276085,-18.091906092166028,-9.329277323246515,-3.213002491975203e-05,-3.533888502715854e-05,-28.441155090564735,-12.795128025711165
10642.404857600004,high_load,high_cognitive_load,-16.42400965356933,-4.789277609518649,5.068896914086508,-34.337896904073204,-3.493025087664137e-05,-3.707392443175195e-05,-20.03320073527675,-24.11101778560851
10642.820166000003,high_load,high_cognitive_load,52.23397783841369,33.06443370981924,19.864065581401064,48.05411985305955,-3.8751000829506665e-05,-3.848096366709797e-05,17.006184909725107,19.795827849932266
10643.190346100004,high_load,high_cognitive_load,-18.24238404165908,-24.096149995972155,-15.909586210236284,-17.362120038721514,-3.7112582504050806e-05,-3.497806847008178e-05,-10.369405099736923,-17.66817569136174
10643.582568100004,high_load,high_cognitive_load,-9.0051944539955,-4.684379990679645,-3.9498604674045055,-36.44328285268102,-3.316017500765156e-05,-3.390455367480172e-05,-1.4270020064254823,-10.868286952659219
10643.979934000006,high_load,high_cognitive_load,-9.635219645930874,-10.268741920627235,1.2106642438029667,-1.6434550485737418,-3.3696191167109646e-05,-3.383306466275826e-05,-6.7034072207752615,9.164662577297804
10644.354656300005,high_load,high_cognitive_load,-6.4316701536959044,-1.8983107886983817,-8.558628162754303,-36.40914730089344,-3.4470769605832174e-05,-3.2446300792798866e-05,-26.9036986240435,-29.329213065695512
10644.743466100006,high_load,high_cognitive_load,-25.994974682683505,-35.19091807727045,-23.38686959535835,0.7398822896147976,-3.3995371268247254e-05,-3.293684312666301e-05,-9.379644977805583,6.861781359573342
10645.155076800005,analysis,analysis,-6.308211001938616,17.788236522420448,-5.486658535218339,25.6278956548299,-3.6164366065349896e-05,-3.410423687455477e-05,-5.433804678935758,7.2876567202229126
10645.5517308,analysis,analysis,16.63498133930102,-11.342999959609187,-7.044109894460689,8.357182576361083,-3.600524269131711e-05,-3.403026767045958e-05,-10.017884158172365,-6.1108046233216555
10645.9243231,analysis,analysis,25.504278649607613,9.880100487833715,17.57576330695838,9.962556947023586,-3.456887679931242e-05,-3.600860054575605e-05,13.109451266483575,13.35353426760048
10646.3104224,analysis,analysis,0.2373231200219834,29.06250078966559,0.944629362244541,595.3245013884944,-3.59831792593468e-05,-3.6084775274503045e-05,2.3690125949233334,97.66965275121038
10646.716674700001,analysis,analysis,-1.8657620384090023,-12.401425524094066,11.472585860658,-405.82227038351584,-3.419952736294363e-05,-3.370220929355128e-05,30.94534441266842,-72.34090029807294
10647.094318200001,analysis,analysis,97.67962197490624,65.01708807540899,57.65649337707646,320.28068583340064,-3.636414112406783e-05,-3.425427530601155e-05,13.924744628065127,27.346490958195318
10647.4643648,analysis,analysis,-29.499336131772452,-5.816361960081849,1.6376096869971661,142.2750800105532,-3.63450963050127e-05,-3.378516157681588e-05,2.84074724230868,78.41840690228128
10647.854874700002,analysis,analysis,-8.365019072386985,-100.09364651513533,-43.62637282102651,-770.9644164086003,-3.2012828341976274e-05,-3.528513025230495e-05,7.253929954639261,-98.53053074571062
10648.232340200002,analysis,analysis,24.042200566998417,-2.5874734102103503,-4.035044319155531,-607.883753290519,-3.5767131521424744e-05,-3.6222898415871896e-05,18.180111678935646,-134.24136689596708
10648.642546400002,analysis,analysis,-2.2686116945733374,-27.589010879531997,-0.7658774967967474,283.01999740244764,-3.549801931512775e-05,-3.417302923480747e-05,16.664371654555453,-58.58024353923156
10649.017271900002,analysis,analysis,13.498726666219454,23.807793841127932,6.372892043033062,297.68559420549036,-3.4530517950770445e-05,-3.229921821912285e-05,-1.8232417428744156,-15.138655591480074
10649.403259200004,analysis,analysis,0.3267806387636938,-11.776412816822358,-5.337055241527651,-266.65110114361505,-3.732389996002894e-05,-3.6286534850660246e-05,-8.178662235125103,-5.663703358917701
10649.752730200003,analysis,analysis,-38.31296550295406,-4.008489552685205,21.469722522190295,3.6687544265287215,-3.445235142862657e-05,-3.6627308872994035e-05,-0.2469180688144661,4.399746008664351
10650.146457300005,analysis,analysis,-1.8651037803601866,11.128276437597833,2.0979797781124034,-5.804223098950388,-3.3603206247789785e-05,-3.424179976718733e-05,-0.1932903347374122,-13.010977454034673
