'Time and date','Fp1.','Fp2.','C3.','C4.','P3.','P4.','O1.','O2.'
'hh:mm:ss.mmm dd/mm/yyyy','uV','uV','uV','uV','uV','uV','uV','uV'
'[19:15:00.000 21/01/2026]',-8.192056,-8.780577,-1.002816,0.07169188,4.610755E-10,4.610755E-10,1.497254,-9.136569
'[19:15:00.004 21/01/2026]',-25.54563,-22.67488,-13.10024,-14.58267,4.610755E-10,4.610755E-10,-7.478581,-32.8285
'[19:15:00.012 21/01/2026]',-25.54563,-22.67488,-13.10024,-14.58267,4.610755E-10,4.610755E-10,-7.478581,-32.8285
'[19:15:00.020 21/01/2026]',53.61517,59.66218,21.64681,21.37847,4.610755E-10,4.610755E-10,8.357804,53.24349
'[19:15:00.028 21/01/2026]',53.61517,59.66218,21.64681,21.37847,4.610755E-10,4.610755E-10,8.357804,53.24349
'[19:15:00.036 21/01/2026]',25.30728,9.286097,9.690476,6.678711,4.610755E-10,4.610755E-10,-5.144577,-4.826749
'[19:15:00.044 21/01/2026]',25.30728,9.286097,9.690476,6.678711,4.610755E-10,4.610755E-10,-5.144577,-4.826749
'[19:15:00.052 21/01/2026]',-62.55355,-58.60861,-24.99928,-20.76182,4.610755E-10,4.610755E-10,-2.827914,-27.46931
'[19:15:00.060 21/01/2026]',-62.55355,-58.60861,-24.99928,-20.76182,4.610755E-10,4.610755E-10,-2.827914,-27.46931
'[19:15:00.068 21/01/2026]',-62.55355,-58.60861,-24.99928,-20.76182,4.610755E-10,4.610755E-10,-2.827914,-27.46931
'[19:15:00.076 21/01/2026]',8.581944,15.25805,3.175108,3.428298,4.610755E-10,4.610755E-10,2.726295,18.72724
'[19:15:00.084 21/01/2026]',8.581944,15.25805,3.175108,3.428298,4.610755E-10,4.610755E-10,2.726295,18.72724
'[19:15:00.092 21/01/2026]',22.94889,20.01015,11.52921,9.06036,4.610755E-10,4.610755E-10,2.816299,30.28703
'[19:15:00.100 21/01/2026]',22.94889,20.01015,11.52921,9.06036,4.610755E-10,4.610755E-10,2.816299,30.28703
'[19:15:00.108 21/01/2026]',-11.09067,-13.14107,-7.319743,-4.364307,4.610755E-10,4.610755E-10,-5.755924,-50.25813
'[19:15:00.116 21/01/2026]',-11.09067,-13.14107,-7.319743,-4.364307,4.610755E-10,4.610755E-10,-5.755924,-50.25813
'[19:15:00.124 21/01/2026]',-5.469552,-4.730823,-1.512018,-4.615597,4.610755E-10,4.610755E-10,3.031801,22.04841
'[19:15:00.132 21/01/2026]',-5.469552,-4.730823,-1.512018,-4.615597,4.610755E-10,4.610755E-10,3.031801,22.04841
'[19:15:00.140 21/01/2026]',4.234394,7.479951,3.730044,3.643812,4.610755E-10,4.610755E-10,3.359741,16.42728
'[19:15:00.148 21/01/2026]',1.097278,-0.9069449,-1.412621,0.5601711,4.610755E-10,4.610755E-10,-4.295966,-22.00896
'[19:15:00.156 21/01/2026]',-1.623386,-2.756648,-0.8845176,-0.4218896,4.610755E-10,4.610755E-10,1.690952,-0.1672134
'[19:15:00.164 21/01/2026]',-10.46463,-7.860427,-5.401197,-4.955216,4.610755E-10,4.610755E-10,-1.376015,-21.01292
'[19:15:00.172 21/01/2026]',-1.652273,-4.284102,2.29435,-1.691351,4.610755E-10,4.610755E-10,-0.03514675,32.73026
'[19:15:00.180 21/01/2026]',-1.652273,-4.284102,2.29435,-1.691351,4.610755E-10,4.610755E-10,-0.03514675,32.73026
'[19:15:00.188 21/01/2026]',35.17925,36.46773,12.64864,16.17678,4.610755E-10,4.610755E-10,4.332233,8.583328
'[19:15:00.196 21/01/2026]',-25.72095,-23.98674,-10.73016,-11.22551,4.610755E-10,4.610755E-10,-3.775104,-34.62828
'[19:15:00.204 21/01/2026]',-3.358716,-4.903177,0.6897744,2.061022,4.610755E-10,4.610755E-10,1.286502,40.26627
'[19:15:00.212 21/01/2026]',-3.358716,-4.903177,0.6897744,2.061022,4.610755E-10,4.610755E-10,1.286502,40.26627
'[19:15:00.220 21/01/2026]',9.473205,12.50617,1.323808,1.645353,4.610755E-10,4.610755E-10,-0.1935406,-6.749483
'[19:15:00.228 21/01/2026]',1.438215,-0.9285251,2.564215,-1.976954,4.610755E-10,4.610755E-10,0.6091975,-6.678069
'[19:15:00.236 21/01/2026]',1.438215,-0.9285251,2.564215,-1.976954,4.610755E-10,4.610755E-10,0.6091975,-6.678069
'[19:15:00.244 21/01/2026]',-10.11639,-10.8561,-7.467704,-3.469415,4.610755E-10,4.610755E-10,-2.556814,4.113986
'[19:15:00.252 21/01/2026]',5.386396,7.633965,6.664651,7.627123,4.610755E-10,4.610755E-10,3.446783,-18.65195
'[19:15:00.260 21/01/2026]',1.892453,1.553495,-0.4162839,-3.155368,4.610755E-10,4.610755E-10,-0.602366,27.5216
'[19:15:00.268 21/01/2026]',-3.307483,-6.001692,-5.151115,-6.286215,4.610755E-10,4.610755E-10,-3.093582,-20.21362
'[19:15:00.276 21/01/2026]',-0.5462957,3.842783,4.694496,6.459941,4.610755E-10,4.610755E-10,2.5039,-24.62946
'[19:15:00.284 21/01/2026]',17.29686,9.958763,7.785572,7.604479,4.610755E-10,4.610755E-10,4.651154,39.58726
'[19:15:00.292 21/01/2026]',-14.74144,-12.03821,-9.75503,-13.115,4.610755E-10,4.610755E-10,-5.924862,-21.16882
'[19:15:00.300 21/01/2026]',-14.74144,-12.03821,-9.75503,-13.115,4.610755E-10,4.610755E-10,-5.924862,-21.16882
'[19:15:00.308 21/01/2026]',-10.69691,-6.711072,-3.650095,0.6514541,4.610755E-10,4.610755E-10,-2.20108,-3.509242
'[19:15:00.316 21/01/2026]',13.89864,12.71455,9.02802,9.410248,4.610755E-10,4.610755E-10,6.833505,14.95417
'[19:15:00.324 21/01/2026]',-12.98813,-13.49802,-10.41224,-12.20331,4.610755E-10,4.610755E-10,-6.811073,-29.54798
'[19:15:00.332 21/01/2026]',-23.24745,-28.17552,-6.391741,-4.20292,4.610755E-10,4.610755E-10,-0.8773786,42.45821
'[19:15:00.340 21/01/2026]',-23.24745,-28.17552,-6.391741,-4.20292,4.610755E-10,4.610755E-10,-0.8773786,42.45821
'[19:15:00.348 21/01/2026]',22.59542,31.00233,9.798781,10.22317,4.610755E-10,4.610755E-10,6.711463,19.42199
'[19:15:00.356 21/01/2026]',72.00556,72.50263,25.29183,21.61418,4.610755E-10,4.610755E-10,2.968426,-28.19011
'[19:15:00.364 21/01/2026]',-64.1944,-73.45972,-24.00928,-23.5715,4.610755E-10,4.610755E-10,-10.72188,-4.895465
'[19:15:00.372 21/01/2026]',-23.03053,-21.66998,-7.314179,-5.349396,4.610755E-10,4.610755E-10,4.740058,14.29662
'[19:15:00.380 21/01/2026]',32.0541,39.33951,11.20241,8.681293,4.610755E-10,4.610755E-10,0.664861,-4.790394
'[19:15:00.388 21/01/2026]',2.546553,-0.5635431,1.352442,4.481565,4.610755E-10,4.610755E-10,3.958869,-13.61982
'[19:15:00.396 21/01/2026]',-9.826014,-9.935834,-2.38535,-2.818816,4.610755E-10,4.610755E-10,-3.856086,1.710643
'[19:15:00.404 21/01/2026]',-9.826014,-9.935834,-2.38535,-2.818816,4.610755E-10,4.610755E-10,-3.856086,1.710643
'[19:15:00.412 21/01/2026]',-5.310653,-7.954473,-3.037316,-5.769733,4.610755E-10,4.610755E-10,-3.163818,22.90937
'[19:15:00.420 21/01/2026]',-5.310653,-7.954473,-3.037316,-5.769733,4.610755E-10,4.610755E-10,-3.163818,22.90937
'[19:15:00.428 21/01/2026]',12.58352,13.3274,5.271407,8.054563,4.610755E-10,4.610755E-10,7.718264,-11.22968
'[19:15:00.436 21/01/2026]',12.58352,13.3274,5.271407,8.054563,4.610755E-10,4.610755E-10,7.718264,-11.22968
'[19:15:00.444 21/01/2026]',-10.66135,-4.875469,-8.026963,-5.000662,4.610755E-10,4.610755E-10,-3.578517,-15.4054
'[19:15:00.452 21/01/2026]',-10.66135,-4.875469,-8.026963,-5.000662,4.610755E-10,4.610755E-10,-3.578517,-15.4054
'[19:15:00.460 21/01/2026]',-10.66135,-4.875469,-8.026963,-5.000662,4.610755E-10,4.610755E-10,-3.578517,-15.4054
'[19:15:00.468 21/01/2026]',-10.66135,-4.875469,-8.026963,-5.000662,4.610755E-10,4.610755E-10,-3.578517,-15.4054
'[19:15:00.476 21/01/2026]',-10.66135,-4.875469,-8.026963,-5.000662,4.610755E-10,4.610755E-10,-3.578517,-15.4054
'[19:15:00.484 21/01/2026]',1.697916,-1.943271,6.000828,0.8906125,4.610755E-10,4.610755E-10,0.1254836,17.22649
'[19:15:00.492 21/01/2026]',4.663571,3.158039,0.70283,2.181425,4.610755E-10,4.610755E-10,-0.5842976,13.36025
'[19:15:00.500 21/01/2026]',-0.9922391,-0.2312659,-1.318957,-3.134841,4.610755E-10,4.610755E-10,0.01209554,-33.45286
'[19:15:00.508 21/01/2026]',-0.9922391,-0.2312659,-1.318957,-3.134841,4.610755E-10,4.610755E-10,0.01209554,-33.45286
'[19:15:00.516 21/01/2026]',-5.934731,-3.52024,-3.860911,-2.134478,4.610755E-10,4.610755E-10,-2.657092,37.15546
'[19:15:00.524 21/01/2026]',-5.934731,-3.52024,-3.860911,-2.134478,4.610755E-10,4.610755E-10,-2.657092,37.15546
'[19:15:00.532 21/01/2026]',-5.934731,-3.52024,-3.860911,-2.134478,4.610755E-10,4.610755E-10,-2.657092,37.15546
'[19:15:00.540 21/01/2026]',4.881726,1.117236,3.748893,3.619668,4.610755E-10,4.610755E-10,3.569718,-46.8057
'[19:15:00.548 21/01/2026]',-0.05471618,1.619204,0.8760133,1.372761,4.610755E-10,4.610755E-10,0.2969257,36.11892
'[19:15:00.556 21/01/2026]',-0.05471618,1.619204,0.8760133,1.372761,4.610755E-10,4.610755E-10,0.2969257,36.11892
'[19:15:00.564 21/01/2026]',-10.79312,-6.903062,-7.366362,-7.215711,4.610755E-10,4.610755E-10,-5.082149,-7.370509
'[19:15:00.572 21/01/2026]',-10.79312,-6.903062,-7.366362,-7.215711,4.610755E-10,4.610755E-10,-5.082149,-7.370509
'[19:15:00.580 21/01/2026]',20.25542,12.6201,10.45215,6.937559,4.610755E-10,4.610755E-10,3.526283,-24.95514
'[19:15:00.588 21/01/2026]',20.25542,12.6201,10.45215,6.937559,4.610755E-10,4.610755E-10,3.526283,-24.95514
'[19:15:00.596 21/01/2026]',-7.66087,-2.585072,-2.216463,1.573915,4.610755E-10,4.610755E-10,0.01347204,39.45837
'[19:15:00.604 21/01/2026]',-7.66087,-2.585072,-2.216463,1.573915,4.610755E-10,4.610755E-10,0.01347204,39.45837
'[19:15:00.612 21/01/2026]',-7.66087,-2.585072,-2.216463,1.573915,4.610755E-10,4.610755E-10,0.01347204,39.45837
'[19:15:00.620 21/01/2026]',-26.42508,-28.35976,-13.65009,-11.44758,4.610755E-10,4.610755E-10,-1.075649,0.07998816
'[19:15:00.628 21/01/2026]',-26.42508,-28.35976,-13.65009,-11.44758,4.610755E-10,4.610755E-10,-1.075649,0.07998816
'[19:15:00.636 21/01/2026]',-26.42508,-28.35976,-13.65009,-11.44758,4.610755E-10,4.610755E-10,-1.075649,0.07998816
'[19:15:00.644 21/01/2026]',-15.71556,-18.39497,-2.899815,-8.532877,4.610755E-10,4.610755E-10,-5.44988,-32.54778
'[19:15:00.652 21/01/2026]',-15.71556,-18.39497,-2.899815,-8.532877,4.610755E-10,4.610755E-10,-5.44988,-32.54778
'[19:15:00.660 21/01/2026]',-15.71556,-18.39497,-2.899815,-8.532877,4.610755E-10,4.610755E-10,-5.44988,-32.54778
'[19:15:00.668 21/01/2026]',67.44629,72.43404,25.21619,28.22561,4.610755E-10,4.610755E-10,11.33445,24.71273
'[19:15:00.676 21/01/2026]',11.40087,15.55679,4.85809,4.963146,4.610755E-10,4.610755E-10,-1.325989,14.73501
'[19:15:00.684 21/01/2026]',11.40087,15.55679,4.85809,4.963146,4.610755E-10,4.610755E-10,-1.325989,14.73501
'[19:15:00.692 21/01/2026]',-54.63691,-67.27835,-21.98266,-28.16283,4.610755E-10,4.610755E-10,-10.76637,-33.17871
'[19:15:00.700 21/01/2026]',4.138342,11.16635,-0.155545,6.549252,4.610755E-10,4.610755E-10,5.733421,-9.583941
'[19:15:00.708 21/01/2026]',4.138342,11.16635,-0.155545,6.549252,4.610755E-10,4.610755E-10,5.733421,-9.583941
'[19:15:00.716 21/01/2026]',23.44703,25.51501,15.37995,14.00034,4.610755E-10,4.610755E-10,7.183129,21.2355
'[19:15:00.724 21/01/2026]',23.44703,25.51501,15.37995,14.00034,4.610755E-10,4.610755E-10,7.183129,21.2355
'[19:15:00.732 21/01/2026]',23.44703,25.51501,15.37995,14.00034,4.610755E-10,4.610755E-10,7.183129,21.2355
'[19:15:00.740 21/01/2026]',-11.56186,-15.89278,-11.31965,-10.35741,4.610755E-10,4.610755E-10,-9.147996,-29.72082
'[19:15:00.748 21/01/2026]',-11.56186,-15.89278,-11.31965,-10.35741,4.610755E-10,4.610755E-10,-9.147996,-29.72082
'[19:15:00.756 21/01/2026]',-5.023103,-2.375248,-0.1244362,-1.265921,4.610755E-10,4.610755E-10,3.854024,18.99348
'[19:15:00.764 21/01/2026]',-5.023103,-2.375248,-0.1244362,-1.265921,4.610755E-10,4.610755E-10,3.854024,18.99348
'[19:15:00.772 21/01/2026]',4.557629,3.687448,5.620615,5.318239,4.610755E-10,4.610755E-10,2.898629,14.06575
'[19:15:00.780 21/01/2026]',4.557629,3.687448,5.620615,5.318239,4.610755E-10,4.610755E-10,2.898629,14.06575
'[19:15:00.788 21/01/2026]',4.391109,3.959563,-0.2351357,0.9831318,4.610755E-10,4.610755E-10,1.191438,-21.44504
'[19:15:00.796 21/01/2026]',4.391109,3.959563,-0.2351357,0.9831318,4.610755E-10,4.610755E-10,1.191438,-21.44504
'[19:15:00.804 21/01/2026]',4.391109,3.959563,-0.2351357,0.9831318,4.610755E-10,4.610755E-10,1.191438,-21.44504
'[19:15:00.812 21/01/2026]',4.391109,3.959563,-0.2351357,0.9831318,4.610755E-10,4.610755E-10,1.191438,-21.44504
'[19:15:00.820 21/01/2026]',4.391109,3.959563,-0.2351357,0.9831318,4.610755E-10,4.610755E-10,1.191438,-21.44504
'[19:15:00.828 21/01/2026]',-4.145998,-5.076394,-3.799992,-5.548186,4.610755E-10,4.610755E-10,-1.614451,44.9721
'[19:15:00.836 21/01/2026]',-4.145998,-5.076394,-3.799992,-5.548186,4.610755E-10,4.610755E-10,-1.614451,44.9721
'[19:15:00.844 21/01/2026]',-4.145998,-5.076394,-3.799992,-5.548186,4.610755E-10,4.610755E-10,-1.614451,44.9721
'[19:15:00.852 21/01/2026]',-4.145998,-5.076394,-3.799992,-5.548186,4.610755E-10,4.610755E-10,-1.614451,44.9721
'[19:15:00.860 21/01/2026]',-3.49141,0.4440642,-1.59971,2.742984,4.610755E-10,4.610755E-10,-6.810683,-31.64915
'[19:15:00.868 21/01/2026]',-9.544441,-15.89582,-3.650105,-8.407772,4.610755E-10,4.610755E-10,-0.6324689,-15.8109
'[19:15:00.876 21/01/2026]',19.49807,22.88417,10.71458,11.81504,4.610755E-10,4.610755E-10,10.19839,23.27884
'[19:15:00.884 21/01/2026]',-2.677056,-1.287532,-3.088385,-0.7715446,4.610755E-10,4.610755E-10,-6.159708,-4.567125
'[19:15:00.892 21/01/2026]',-12.65147,-17.46489,-6.13151,-11.86941,4.610755E-10,4.610755E-10,-3.245496,-35.19817
'[19:15:00.900 21/01/2026]',6.53785,10.7572,3.812191,8.59514,4.610755E-10,4.610755E-10,4.232157,36.91319
'[19:15:00.908 21/01/2026]',3.808844,4.46138,1.152122,1.789965,4.610755E-10,4.610755E-10,-0.3817096,7.322072
'[19:15:00.916 21/01/2026]',-3.089997,-6.338782,0.8772203,-3.864889,4.610755E-10,4.610755E-10,-1.944542,-35.32432
'[19:15:00.924 21/01/2026]',-2.057535,0.4875198,-4.528649,-0.3682814,4.610755E-10,4.610755E-10,1.64342,17.14515
'[19:15:00.932 21/01/2026]',2.089737,1.586774,2.616128,1.719919,4.610755E-10,4.610755E-10,-1.829144,-5.306279
'[19:15:00.940 21/01/2026]',0.7143454,-1.606113,0.2827548,-0.20844,4.610755E-10,4.610755E-10,1.165676,0.03890343
'[19:15:00.948 21/01/2026]',-1.670558,-0.5757462,-4.281322,-1.825627,4.610755E-10,4.610755E-10,-0.9983896,16.45243
'[19:15:00.956 21/01/2026]',4.504622,5.052384,7.417031,6.528001,4.610755E-10,4.610755E-10,3.828069,-12.4703
'[19:15:00.964 21/01/2026]',-7.670664,-8.159683,-7.96841,-8.286345,4.610755E-10,4.610755E-10,-6.875158,13.55655
'[19:15:00.972 21/01/2026]',2.252418,2.603815,1.994947,3.613795,4.610755E-10,4.610755E-10,3.704857,7.382749
'[19:15:00.980 21/01/2026]',5.351044,5.223173,4.76267,2.67989,4.610755E-10,4.610755E-10,3.194191,-21.3993
'[19:15:00.988 21/01/2026]',-5.347216,-4.925547,-6.446537,-5.740135,4.610755E-10,4.610755E-10,-5.772076,25.84008
'[19:15:00.996 21/01/2026]',1.523495,2.610187,4.813941,4.778193,4.610755E-10,4.610755E-10,1.826337,-28.57714
'[19:15:01.004 21/01/2026]',-1.390275,-4.730053,-4.009448,-4.729281,4.610755E-10,4.610755E-10,0.06925737,4.696583
'[19:15:01.012 21/01/2026]',-0.3482172,2.859311,1.95751,3.167141,4.610755E-10,4.610755E-10,0.9422958,13.89949
'[19:15:01.020 21/01/2026]',0.06154005,-1.804327,-0.7659662,-1.705998,4.610755E-10,4.610755E-10,-2.135147,-14.39906
'[19:15:01.028 21/01/2026]',2.677958,3.404152,0.3790651,4.116792,4.610755E-10,4.610755E-10,2.023002,-3.060601
'[19:15:01.036 21/01/2026]',-0.3325627,-1.191503,1.557347,-4.208251,4.610755E-10,4.610755E-10,-3.229592,14.35127
'[19:15:01.044 21/01/2026]',-2.056445,-2.035219,-2.632151,1.956318,4.610755E-10,4.610755E-10,-0.3861847,-4.775108
'[19:15:01.052 21/01/2026]',1.283562,2.180663,1.088133,-0.4668019,4.610755E-10,4.610755E-10,3.024548,-10.12902
'[19:15:01.060 21/01/2026]',-0.5941535,-1.124537,-1.810096,-1.929631,4.610755E-10,4.610755E-10,-1.967261,4.392267
'[19:15:01.068 21/01/2026]',-1.109024,1.060047,2.018111,3.811421,4.610755E-10,4.610755E-10,-0.2588825,29.95727
'[19:15:01.076 21/01/2026]',2.197971,0.412428,-2.348506,-1.156014,4.610755E-10,4.610755E-10,1.058364,-29.38285
'[19:15:01.084 21/01/2026]',-0.639815,-1.797519,-0.177883,-3.160689,4.610755E-10,4.610755E-10,-1.390972,-15.82398
'[19:15:01.092 21/01/2026]',-2.758279,1.434724,1.936023,3.2686,4.610755E-10,4.610755E-10,-0.1954786,24.05346
'[19:15:01.100 21/01/2026]',1.716896,-1.050375,-2.983311,-3.300843,4.610755E-10,4.610755E-10,1.074514,9.703218
'[19:15:01.108 21/01/2026]',3.149387,3.542912,6.343817,5.635727,4.610755E-10,4.610755E-10,2.322209,-18.44164
'[19:15:01.116 21/01/2026]',-5.445852,-6.13504,-7.325592,-5.527415,4.610755E-10,4.610755E-10,-5.854583,-8.459272
'[19:15:01.124 21/01/2026]',3.31223,5.081864,2.765123,3.566509,4.610755E-10,4.610755E-10,7.461471,8.085276
'[19:15:01.132 21/01/2026]',3.31223,5.081864,2.765123,3.566509,4.610755E-10,4.610755E-10,7.461471,8.085276
'[19:15:01.140 21/01/2026]',1.033229,-0.2266035,0.3150488,-1.036924,4.610755E-10,4.610755E-10,-5.475271,23.80064
'[19:15:01.148 21/01/2026]',1.033229,-0.2266035,0.3150488,-1.036924,4.610755E-10,4.610755E-10,-5.475271,23.80064
'[19:15:01.156 21/01/2026]',-1.209266,-1.670833,1.06401,0.6195512,4.610755E-10,4.610755E-10,2.278242,-25.948
'[19:15:01.164 21/01/2026]',-1.209266,-1.670833,1.06401,0.6195512,4.610755E-10,4.610755E-10,2.278242,-25.948
'[19:15:01.172 21/01/2026]',-1.209266,-1.670833,1.06401,0.6195512,4.610755E-10,4.610755E-10,2.278242,-25.948
'[19:15:01.180 21/01/2026]',-1.209266,-1.670833,1.06401,0.6195512,4.610755E-10,4.610755E-10,2.278242,-25.948
'[19:15:01.188 21/01/2026]',0.6269674,1.459604,-0.9762585,0.09660114,4.610755E-10,4.610755E-10,-2.038928,5.973232
'[19:15:01.196 21/01/2026]',-1.155453,-1.469193,-0.8208281,-1.330487,4.610755E-10,4.610755E-10,0.6780885,7.128189
'[19:15:01.204 21/01/2026]',-1.155453,-1.469193,-0.8208281,-1.330487,4.610755E-10,4.610755E-10,0.6780885,7.128189
'[19:15:01.212 21/01/2026]',-2.773466,-1.172141,-1.297222,-0.8579792,4.610755E-10,4.610755E-10,0.0817323,12.87754
'[19:15:01.220 21/01/2026]',-2.773466,-1.172141,-1.297222,-0.8579792,4.610755E-10,4.610755E-10,0.0817323,12.87754
'[19:15:01.228 21/01/2026]',-9.449077,-10.9924,-3.130718,-4.779768,4.610755E-10,4.610755E-10,-3.998108,-20.42823
'[19:15:01.236 21/01/2026]',-9.449077,-10.9924,-3.130718,-4.779768,4.610755E-10,4.610755E-10,-3.998108,-20.42823
'[19:15:01.244 21/01/2026]',-9.449077,-10.9924,-3.130718,-4.779768,4.610755E-10,4.610755E-10,-3.998108,-20.42823
'[19:15:01.252 21/01/2026]',27.35293,25.84216,10.93011,12.97456,4.610755E-10,4.610755E-10,6.879045,16.09577
'[19:15:01.260 21/01/2026]',-11.59394,-8.461106,-2.972508,-4.304949,4.610755E-10,4.610755E-10,-1.285962,-4.933944
'[19:15:01.268 21/01/2026]',-11.59394,-8.461106,-2.972508,-4.304949,4.610755E-10,4.610755E-10,-1.285962,-4.933944
'[19:15:01.276 21/01/2026]',-10.75326,-12.1317,-6.574582,-6.989057,4.610755E-10,4.610755E-10,-6.062743,-20.54108
'[19:15:01.284 21/01/2026]',-10.75326,-12.1317,-6.574582,-6.989057,4.610755E-10,4.610755E-10,-6.062743,-20.54108
'[19:15:01.292 21/01/2026]',-10.75326,-12.1317,-6.574582,-6.989057,4.610755E-10,4.610755E-10,-6.062743,-20.54108
'[19:15:01.300 21/01/2026]',8.556701,8.253282,3.504568,3.683212,4.610755E-10,4.610755E-10,4.299962,20.11098
'[19:15:01.308 21/01/2026]',8.556701,8.253282,3.504568,3.683212,4.610755E-10,4.610755E-10,4.299962,20.11098
'[19:15:01.316 21/01/2026]',3.088532,4.428722,4.969947,4.754259,4.610755E-10,4.610755E-10,2.264011,-7.654014
'[19:15:01.324 21/01/2026]',3.088532,4.428722,4.969947,4.754259,4.610755E-10,4.610755E-10,2.264011,-7.654014
'[19:15:01.332 21/01/2026]',3.088532,4.428722,4.969947,4.754259,4.610755E-10,4.610755E-10,2.264011,-7.654014
'[19:15:01.340 21/01/2026]',-3.038211,-3.037198,-3.127936,-3.491294,4.610755E-10,4.610755E-10,-2.730565,5.198571
'[19:15:01.348 21/01/2026]',-1.747189,-3.942759,-1.963567,-3.192908,4.610755E-10,4.610755E-10,-1.473891,-15.46391
'[19:15:01.356 21/01/2026]',-1.747189,-3.942759,-1.963567,-3.192908,4.610755E-10,4.610755E-10,-1.473891,-15.46391
'[19:15:01.364 21/01/2026]',-1.747189,-3.942759,-1.963567,-3.192908,4.610755E-10,4.610755E-10,-1.473891,-15.46391
'[19:15:01.372 21/01/2026]',0.3019686,3.44771,2.8977,4.62183,4.610755E-10,4.610755E-10,3.832298,12.63859
'[19:15:01.380 21/01/2026]',2.672064,2.073123,0.4732443,-0.2019064,4.610755E-10,4.610755E-10,0.5208691,-1.47156
'[19:15:01.388 21/01/2026]',2.672064,2.073123,0.4732443,-0.2019064,4.610755E-10,4.610755E-10,0.5208691,-1.47156
'[19:15:01.396 21/01/2026]',2.672064,2.073123,0.4732443,-0.2019064,4.610755E-10,4.610755E-10,0.5208691,-1.47156
'[19:15:01.404 21/01/2026]',-1.690891,-3.261078,-2.25325,-0.3547474,4.610755E-10,4.610755E-10,-3.542525,11.40293
'[19:15:01.412 21/01/2026]',-1.690891,-3.261078,-2.25325,-0.3547474,4.610755E-10,4.610755E-10,-3.542525,11.40293
'[19:15:01.420 21/01/2026]',-0.5056714,1.737574,1.703744,0.03095,4.610755E-10,4.610755E-10,1.506724,-8.893288
'[19:15:01.428 21/01/2026]',-0.5056714,1.737574,1.703744,0.03095,4.610755E-10,4.610755E-10,1.506724,-8.893288
'[19:15:01.436 21/01/2026]',-0.5056714,1.737574,1.703744,0.03095,4.610755E-10,4.610755E-10,1.506724,-8.893288
'[19:15:01.444 21/01/2026]',-4.451391,-7.61326,-5.884096,-4.692443,4.610755E-10,4.610755E-10,-3.085314,9.705522
'[19:15:01.452 21/01/2026]',9.672682,12.09022,8.114073,7.291956,4.610755E-10,4.610755E-10,5.931825,-0.9226859
'[19:15:01.460 21/01/2026]',9.672682,12.09022,8.114073,7.291956,4.610755E-10,4.610755E-10,5.931825,-0.9226859
'[19:15:01.468 21/01/2026]',-5.730811,-7.758446,-1.68421,-2.370521,4.610755E-10,4.610755E-10,-3.128078,-2.936008
'[19:15:01.476 21/01/2026]',-5.730811,-7.758446,-1.68421,-2.370521,4.610755E-10,4.610755E-10,-3.128078,-2.936008
'[19:15:01.484 21/01/2026]',-5.730811,-7.758446,-1.68421,-2.370521,4.610755E-10,4.610755E-10,-3.128078,-2.936008
'[19:15:01.492 21/01/2026]',-5.730811,-7.758446,-1.68421,-2.370521,4.610755E-10,4.610755E-10,-3.128078,-2.936008
'[19:15:01.500 21/01/2026]',-0.8839443,5.635861,-5.772052,-3.38624,4.610755E-10,4.610755E-10,-0.5286209,3.78
'[19:15:01.508 21/01/2026]',-0.2444693,-2.645339,-1.743177,0.3987266,4.610755E-10,4.610755E-10,-4.29746,-7.022472
'[19:15:01.516 21/01/2026]',-0.2444693,-2.645339,-1.743177,0.3987266,4.610755E-10,4.610755E-10,-4.29746,-7.022472
'[19:15:01.524 21/01/2026]',3.680736,-0.9538126,6.290835,2.063946,4.610755E-10,4.610755E-10,2.769953,-11.92434
'[19:15:01.532 21/01/2026]',3.680736,-0.9538126,6.290835,2.063946,4.610755E-10,4.610755E-10,2.769953,-11.92434
'[19:15:01.540 21/01/2026]',3.680736,-0.9538126,6.290835,2.063946,4.610755E-10,4.610755E-10,2.769953,-11.92434
'[19:15:01.548 21/01/2026]',-5.236394,-0.1059016,-1.308967,-2.24667,4.610755E-10,4.610755E-10,1.921415,-13.15311
'[19:15:01.556 21/01/2026]',4.872616,0.9827413,-1.363674,2.839596,4.610755E-10,4.610755E-10,-1.176339,17.38358
'[19:15:01.564 21/01/2026]',1.505119,3.584403,1.293862,1.244766,4.610755E-10,4.610755E-10,2.018102,16.4006
'[19:15:01.572 21/01/2026]',1.505119,3.584403,1.293862,1.244766,4.610755E-10,4.610755E-10,2.018102,16.4006
'[19:15:01.580 21/01/2026]',-9.023716,-8.113996,-4.993312,-9.103004,4.610755E-10,4.610755E-10,-7.442007,-50.65783
'[19:15:01.588 21/01/2026]',-9.023716,-8.113996,-4.993312,-9.103004,4.610755E-10,4.610755E-10,-7.442007,-50.65783
'[19:15:01.596 21/01/2026]',10.43946,6.385428,9.210663,8.6774,4.610755E-10,4.610755E-10,8.478234,43.02874
'[19:15:01.604 21/01/2026]',-2.955132,0.2622506,-5.442084,-1.241872,4.610755E-10,4.610755E-10,-3.21273,15.72881
'[19:15:01.612 21/01/2026]',-5.156683,-6.953925,-1.667309,-3.566971,4.610755E-10,4.610755E-10,-2.544684,-39.09879
'[19:15:01.620 21/01/2026]',0.4116027,2.416948,2.259825,2.203542,4.610755E-10,4.610755E-10,3.357664,-15.82654
'[19:15:01.628 21/01/2026]',4.835393,5.504744,1.655263,2.322601,4.610755E-10,4.610755E-10,1.271489,40.74666
'[19:15:01.636 21/01/2026]',-4.726229,-7.430833,-4.098637,-1.224019,4.610755E-10,4.610755E-10,-3.640848,7.94627
'[19:15:01.644 21/01/2026]',-18.23993,-21.76067,-5.77537,-9.607267,4.610755E-10,4.610755E-10,-0.4530395,-41.10267
'[19:15:01.652 21/01/2026]',32.14439,33.43408,10.76602,11.29648,4.610755E-10,4.610755E-10,3.507924,20.63622
'[19:15:01.660 21/01/2026]',18.89083,26.25762,10.67572,13.81662,4.610755E-10,4.610755E-10,2.335912,33.12793
'[19:15:01.668 21/01/2026]',-43.43088,-45.05154,-20.61419,-22.10762,4.610755E-10,4.610755E-10,-8.638734,-34.61283
'[19:15:01.676 21/01/2026]',5.607306,1.639485,2.788031,3.151341,4.610755E-10,4.610755E-10,6.963322,-0.9169508
'[19:15:01.684 21/01/2026]',13.82106,15.67342,7.210824,7.567965,4.610755E-10,4.610755E-10,3.390167,11.54903
'[19:15:01.692 21/01/2026]',-8.842772,-8.557161,-6.604733,-7.410028,4.610755E-10,4.610755E-10,-10.87856,-21.02057
'[19:15:01.700 21/01/2026]',3.814925,7.298997,4.107198,6.739022,4.610755E-10,4.610755E-10,10.83543,37.15291
'[19:15:01.708 21/01/2026]',5.709168,0.3418839,4.931926,2.106302,4.610755E-10,4.610755E-10,-1.253483,-4.836582
'[19:15:01.716 21/01/2026]',-10.36221,-9.005264,-7.480417,-8.832173,4.610755E-10,4.610755E-10,-4.429745,-16.17077
'[19:15:01.724 21/01/2026]',1.358043,1.075598,-0.7217522,1.32547,4.610755E-10,4.610755E-10,-2.483415,-52.32082
'[19:15:01.732 21/01/2026]',6.517074,4.468937,6.814875,3.724742,4.610755E-10,4.610755E-10,3.120496,10.42573
'[19:15:01.740 21/01/2026]',-8.754444,-3.988764,-9.515841,-4.85884,4.610755E-10,4.610755E-10,-1.89841,32.29737
'[19:15:01.748 21/01/2026]',6.870981,4.012779,9.127337,6.64898,4.610755E-10,4.610755E-10,4.978877,32.13083
'[19:15:01.756 21/01/2026]',-1.888681,-1.281838,-4.521374,-4.061304,4.610755E-10,4.610755E-10,-5.143118,-32.74734
'[19:15:01.764 21/01/2026]',0.6966325,-1.563477,1.116352,0.8819336,4.610755E-10,4.610755E-10,1.679166,-19.54246
'[19:15:01.772 21/01/2026]',-1.861019,-0.05490249,1.06419,-0.8299588,4.610755E-10,4.610755E-10,-0.03927455,31.83113
'[19:15:01.780 21/01/2026]',0.01093024,1.582633,-2.775117,1.125284,4.610755E-10,4.610755E-10,-1.604764,-12.36036
'[19:15:01.788 21/01/2026]',1.32093,-1.228454,2.417651,-0.6715328,4.610755E-10,4.610755E-10,-0.164136,-1.612252
'[19:15:01.796 21/01/2026]',-0.3786907,1.223583,0.08274453,-1.280526,4.610755E-10,4.610755E-10,2.121222,22.32392
'[19:15:01.804 21/01/2026]',3.054325,0.3872936,0.9599864,1.916654,4.610755E-10,4.610755E-10,-0.1731885,-28.98028
'[19:15:01.812 21/01/2026]',-1.425623,1.751075,0.7440504,1.061683,4.610755E-10,4.610755E-10,1.192929,7.24706
'[19:15:01.820 21/01/2026]',-5.464949,-4.03666,-2.55812,-3.936672,4.610755E-10,4.610755E-10,-3.126427,2.951405
'[19:15:01.828 21/01/2026]',-5.464949,-4.03666,-2.55812,-3.936672,4.610755E-10,4.610755E-10,-3.126427,2.951405
'[19:15:01.836 21/01/2026]',2.580058,-2.872616,-0.7973484,0.8973777,4.610755E-10,4.610755E-10,0.09766819,-9.448247
'[19:15:01.844 21/01/2026]',2.580058,-2.872616,-0.7973484,0.8973777,4.610755E-10,4.610755E-10,0.09766819,-9.448247
'[19:15:01.852 21/01/2026]',3.754458,7.08453,5.577857,4.620183,4.610755E-10,4.610755E-10,4.724687,3.039831
'[19:15:01.860 21/01/2026]',3.754458,7.08453,5.577857,4.620183,4.610755E-10,4.610755E-10,4.724687,3.039831
'[19:15:01.868 21/01/2026]',3.754458,7.08453,5.577857,4.620183,4.610755E-10,4.610755E-10,4.724687,3.039831
'[19:15:01.876 21/01/2026]',-4.184859,-1.845746,-5.061577,-5.581004,4.610755E-10,4.610755E-10,-6.556994,2.231252
'[19:15:01.884 21/01/2026]',-4.184859,-1.845746,-5.061577,-5.581004,4.610755E-10,4.610755E-10,-6.556994,2.231252
'[19:15:01.892 21/01/2026]',0.2279243,-0.9012874,0.4032221,2.610939,4.610755E-10,4.610755E-10,3.047343,16.76434
'[19:15:01.900 21/01/2026]',0.2279243,-0.9012874,0.4032221,2.610939,4.610755E-10,4.610755E-10,3.047343,16.76434
'[19:15:01.908 21/01/2026]',-0.3121366,-3.033773,1.029234,-0.1426313,4.610755E-10,4.610755E-10,-1.671967,-29.39756
'[19:15:01.916 21/01/2026]',0.5392156,3.36837,-0.6683301,-0.9334397,4.610755E-10,4.610755E-10,-0.7653061,12.6742
'[19:15:01.924 21/01/2026]',0.5392156,3.36837,-0.6683301,-0.9334397,4.610755E-10,4.610755E-10,-0.7653061,12.6742
'[19:15:01.932 21/01/2026]',0.5392156,3.36837,-0.6683301,-0.9334397,4.610755E-10,4.610755E-10,-0.7653061,12.6742
'[19:15:01.940 21/01/2026]',0.5392156,3.36837,-0.6683301,-0.9334397,4.610755E-10,4.610755E-10,-0.7653061,12.6742
'[19:15:01.948 21/01/2026]',0.5392156,3.36837,-0.6683301,-0.9334397,4.610755E-10,4.610755E-10,-0.7653061,12.6742
'[19:15:01.956 21/01/2026]',2.479668,1.899884,2.045177,2.437068,4.610755E-10,4.610755E-10,4.93551,25.81512
'[19:15:01.964 21/01/2026]',-4.138829,-5.273892,-4.240557,-5.038658,4.610755E-10,4.610755E-10,-7.638292,-38.72049
'[19:15:01.972 21/01/2026]',-4.138829,-5.273892,-4.240557,-5.038658,4.610755E-10,4.610755E-10,-7.638292,-38.72049
'[19:15:01.980 21/01/2026]',1.632782,2.262594,2.585987,2.365452,4.610755E-10,4.610755E-10,3.445101,26.90518
'[19:15:01.988 21/01/2026]',1.996533,3.019674,3.405582,1.114514,4.610755E-10,4.610755E-10,1.842198,-17.61745
'[19:15:01.996 21/01/2026]',1.996533,3.019674,3.405582,1.114514,4.610755E-10,4.610755E-10,1.842198,-17.61745
'[19:15:02.004 21/01/2026]',1.996533,3.019674,3.405582,1.114514,4.610755E-10,4.610755E-10,1.842198,-17.61745
'[19:15:02.012 21/01/2026]',-2.362365,-4.766917,-6.32688,-3.435477,4.610755E-10,4.610755E-10,-3.645421,-2.526597
'[19:15:02.020 21/01/2026]',-2.362365,-4.766917,-6.32688,-3.435477,4.610755E-10,4.610755E-10,-3.645421,-2.526597
'[19:15:02.028 21/01/2026]',-2.362365,-4.766917,-6.32688,-3.435477,4.610755E-10,4.610755E-10,-3.645421,-2.526597
'[19:15:02.036 21/01/2026]',-2.362365,-4.766917,-6.32688,-3.435477,4.610755E-10,4.610755E-10,-3.645421,-2.526597
'[19:15:02.044 21/01/2026]',2.403731,4.295033,4.03322,4.261699,4.610755E-10,4.610755E-10,0.3087556,10.75449
'[19:15:02.052 21/01/2026]',0.2011664,-5.596949,0.7166622,-2.170538,4.610755E-10,4.610755E-10,0.6620368,-26.93683
'[19:15:02.060 21/01/2026]',0.2011664,-5.596949,0.7166622,-2.170538,4.610755E-10,4.610755E-10,0.6620368,-26.93683
'[19:15:02.068 21/01/2026]',-2.704556,7.708666,-3.322991,-1.126529,4.610755E-10,4.610755E-10,-0.01439976,15.89095
'[19:15:02.076 21/01/2026]',-2.704556,7.708666,-3.322991,-1.126529,4.610755E-10,4.610755E-10,-0.01439976,15.89095
'[19:15:02.084 21/01/2026]',1.722136,-0.9318035,0.09184052,2.021811,4.610755E-10,4.610755E-10,0.5736986,6.029563
'[19:15:02.092 21/01/2026]',1.722136,-0.9318035,0.09184052,2.021811,4.610755E-10,4.610755E-10,0.5736986,6.029563
'[19:15:02.100 21/01/2026]',-0.6729344,-5.325171,2.745772,-1.377107,4.610755E-10,4.610755E-10,1.809665,-6.05801
'[19:15:02.108 21/01/2026]',-0.6729344,-5.325171,2.745772,-1.377107,4.610755E-10,4.610755E-10,1.809665,-6.05801
'[19:15:02.116 21/01/2026]',0.06356887,2.450462,-0.1948886,1.324255,4.610755E-10,4.610755E-10,-3.496554,-3.619378
'[19:15:02.124 21/01/2026]',0.06356887,2.450462,-0.1948886,1.324255,4.610755E-10,4.610755E-10,-3.496554,-3.619378
'[19:15:02.132 21/01/2026]',0.06356887,2.450462,-0.1948886,1.324255,4.610755E-10,4.610755E-10,-3.496554,-3.619378
'[19:15:02.140 21/01/2026]',1.305593,4.880577,-0.4330367,2.738135,4.610755E-10,4.610755E-10,5.096096,15.94931
'[19:15:02.148 21/01/2026]',-3.555074,-7.734926,-2.81451,-7.745546,4.610755E-10,4.610755E-10,-8.243825,-7.092942
'[19:15:02.156 21/01/2026]',-3.555074,-7.734926,-2.81451,-7.745546,4.610755E-10,4.610755E-10,-8.243825,-7.092942
'[19:15:02.164 21/01/2026]',-3.555074,-7.734926,-2.81451,-7.745546,4.610755E-10,4.610755E-10,-8.243825,-7.092942
'[19:15:02.172 21/01/2026]',0.6603686,1.296887,0.3493196,2.721579,4.610755E-10,4.610755E-10,6.086243,12.03939
'[19:15:02.180 21/01/2026]',0.6603686,1.296887,0.3493196,2.721579,4.610755E-10,4.610755E-10,6.086243,12.03939
'[19:15:02.188 21/01/2026]',2.509363,3.873709,3.761598,3.121612,4.610755E-10,4.610755E-10,0.6509385,-14.42619
'[19:15:02.196 21/01/2026]',2.509363,3.873709,3.761598,3.121612,4.610755E-10,4.610755E-10,0.6509385,-14.42619
'[19:15:02.204 21/01/2026]',2.509363,3.873709,3.761598,3.121612,4.610755E-10,4.610755E-10,0.6509385,-14.42619
'[19:15:02.212 21/01/2026]',2.509363,3.873709,3.761598,3.121612,4.610755E-10,4.610755E-10,0.6509385,-14.42619
'[19:15:02.220 21/01/2026]',-2.752373,-9.992328,-3.174676,-3.475052,4.610755E-10,4.610755E-10,-4.854727,14.6343
'[19:15:02.228 21/01/2026]',-2.752373,-9.992328,-3.174676,-3.475052,4.610755E-10,4.610755E-10,-4.854727,14.6343
'[19:15:02.236 21/01/2026]',0.5080055,4.606105,1.54705,-1.086772,4.610755E-10,4.610755E-10,4.669888,-0.8144172
'[19:15:02.244 21/01/2026]',-0.006049927,9.139175,-1.040768,2.445601,4.610755E-10,4.610755E-10,-1.874489,-14.26848
'[19:15:02.252 21/01/2026]',0.4697381,-7.309139,0.2296581,3.661572,4.610755E-10,4.610755E-10,2.608669,-16.17063
'[19:15:02.260 21/01/2026]',-2.607627,-4.472798,-1.409123,-7.390998,4.610755E-10,4.610755E-10,-5.260087,6.708951
'[19:15:02.268 21/01/2026]',-2.607627,-4.472798,-1.409123,-7.390998,4.610755E-10,4.610755E-10,-5.260087,6.708951
'[19:15:02.276 21/01/2026]',0.2884101,6.150894,2.260103,1.791921,4.610755E-10,4.610755E-10,5.631686,14.61348
'[19:15:02.284 21/01/2026]',4.078323,3.039641,2.232511,6.779803,4.610755E-10,4.610755E-10,-0.02539809,0.3942231
'[19:15:02.292 21/01/2026]',-3.644145,-6.895435,-2.97382,-6.225608,4.610755E-10,4.610755E-10,-5.899333,-11.05776
'[19:15:02.300 21/01/2026]',0.736647,1.827977,-0.4994287,0.970292,4.610755E-10,4.610755E-10,5.328452,7.195261
'[19:15:02.308 21/01/2026]',0.736647,1.827977,-0.4994287,0.970292,4.610755E-10,4.610755E-10,5.328452,7.195261
'[19:15:02.316 21/01/2026]',-0.09864987,3.727226,2.733135,2.958758,4.610755E-10,4.610755E-10,2.238577,22.00138
'[19:15:02.324 21/01/2026]',-0.09864987,3.727226,2.733135,2.958758,4.610755E-10,4.610755E-10,2.238577,22.00138
'[19:15:02.332 21/01/2026]',1.356862,-2.597814,-1.468693,-2.462535,4.610755E-10,4.610755E-10,-5.73483,-21.66601
'[19:15:02.340 21/01/2026]',-1.273554,-0.9046926,-0.2278686,0.03707344,4.610755E-10,4.610755E-10,2.087451,-13.97989
'[19:15:02.348 21/01/2026]',-1.932498,0.516068,-1.935179,-1.865269,4.610755E-10,4.610755E-10,-1.848348,26.23887
'[19:15:02.356 21/01/2026]',-1.932498,0.516068,-1.935179,-1.865269,4.610755E-10,4.610755E-10,-1.848348,26.23887
'[19:15:02.364 21/01/2026]',-3.015947,-20.27622,1.639564,-3.994944,4.610755E-10,4.610755E-10,0.79657,-8.444749
'[19:15:02.372 21/01/2026]',3.293534,12.33182,-0.2583427,3.045285,4.610755E-10,4.610755E-10,-1.775738,-26.75172
'[19:15:02.380 21/01/2026]',8.658796,28.83425,2.693073,10.68381,4.610755E-10,4.610755E-10,7.233669,7.188011
'[19:15:02.388 21/01/2026]',-14.89822,-33.798,-6.38102,-14.51839,4.610755E-10,4.610755E-10,-7.641952,33.17172
'[19:15:02.396 21/01/2026]',6.446524,6.88625,2.944107,2.303432,4.610755E-10,4.610755E-10,5.044493,-38.30608
'[19:15:02.404 21/01/2026]',4.622092,11.80863,5.289561,9.40594,4.610755E-10,4.610755E-10,0.3470392,28.4943
'[19:15:02.412 21/01/2026]',-5.985118,-7.336771,-7.950247,-7.549797,4.610755E-10,4.610755E-10,-3.235249,-11.06361
'[19:15:02.420 21/01/2026]',1.895253,0.30329,3.690161,2.709974,4.610755E-10,4.610755E-10,5.102741,-8.209781
'[19:15:02.428 21/01/2026]',-0.08796434,0.3675906,0.4850008,1.853537,4.610755E-10,4.610755E-10,-2.312588,30.55562
'[19:15:02.436 21/01/2026]',0.5716925,-0.08440427,-0.1050937,-1.806398,4.610755E-10,4.610755E-10,-1.552072,-11.3582
'[19:15:02.444 21/01/2026]',-2.159011,-0.864493,-0.8551407,-2.692788,4.610755E-10,4.610755E-10,0.2572807,2.498061
'[19:15:02.452 21/01/2026]',-0.6352045,-0.5244511,-1.799851,1.737082,4.610755E-10,4.610755E-10,0.4345424,-15.87152
'[19:15:02.460 21/01/2026]',3.56104,3.301284,4.057266,3.551916,4.610755E-10,4.610755E-10,2.888469,34.82568
'[19:15:02.468 21/01/2026]',-1.757699,-2.093393,-2.312925,-4.143675,4.610755E-10,4.610755E-10,-4.975685,15.87101
'[19:15:02.476 21/01/2026]',-8.039227,-6.555804,-7.757528,-7.629187,4.610755E-10,4.610755E-10,-4.320954,-124.619
'[19:15:02.484 21/01/2026]',-8.039227,-6.555804,-7.757528,-7.629187,4.610755E-10,4.610755E-10,-4.320954,-124.619
'[19:15:02.492 21/01/2026]',10.97831,8.671713,11.36941,12.62621,4.610755E-10,4.610755E-10,11.41538,65.62833
'[19:15:02.500 21/01/2026]',-0.3727278,-0.3696758,-0.2468219,0.09117518,4.610755E-10,4.610755E-10,-3.291831,58.52909
'[19:15:02.508 21/01/2026]',-7.598785,-4.878756,-6.867438,-8.616647,4.610755E-10,4.610755E-10,-3.047102,-47.96858
'[19:15:02.516 21/01/2026]',-7.598785,-4.878756,-6.867438,-8.616647,4.610755E-10,4.610755E-10,-3.047102,-47.96858
'[19:15:02.524 21/01/2026]',2.226921,-1.628886,1.427174,0.009300243,4.610755E-10,4.610755E-10,-2.869822,-5.061822
'[19:15:02.532 21/01/2026]',2.226921,-1.628886,1.427174,0.009300243,4.610755E-10,4.610755E-10,-2.869822,-5.061822
'[19:15:02.540 21/01/2026]',2.226921,-1.628886,1.427174,0.009300243,4.610755E-10,4.610755E-10,-2.869822,-5.061822
'[19:15:02.548 21/01/2026]',2.226921,-1.628886,1.427174,0.009300243,4.610755E-10,4.610755E-10,-2.869822,-5.061822
'[19:15:02.556 21/01/2026]',2.226921,-1.628886,1.427174,0.009300243,4.610755E-10,4.610755E-10,-2.869822,-5.061822
'[19:15:02.564 21/01/2026]',5.660326,6.38374,5.741755,6.395915,4.610755E-10,4.610755E-10,5.831063,-6.949773
'[19:15:02.572 21/01/2026]',-0.35575,1.561323,-0.001282098,1.623098,4.610755E-10,4.610755E-10,3.855348,49.06704
'[19:15:02.580 21/01/2026]',-7.679307,-10.06259,-6.084136,-7.408455,4.610755E-10,4.610755E-10,-10.0832,-25.81591
'[19:15:02.588 21/01/2026]',-1.693472,-1.757167,-1.634702,-1.724868,4.610755E-10,4.610755E-10,2.570579,-31.78797
'[19:15:02.596 21/01/2026]',-1.693472,-1.757167,-1.634702,-1.724868,4.610755E-10,4.610755E-10,2.570579,-31.78797
'[19:15:02.604 21/01/2026]',10.88582,11.2492,9.69152,10.28137,4.610755E-10,4.610755E-10,6.447845,41.87542
'[19:15:02.612 21/01/2026]',10.88582,11.2492,9.69152,10.28137,4.610755E-10,4.610755E-10,6.447845,41.87542
'[19:15:02.620 21/01/2026]',-12.63216,-5.04985,-14.28763,-11.40524,4.610755E-10,4.610755E-10,-9.949813,-40.07713
'[19:15:02.628 21/01/2026]',-12.63216,-5.04985,-14.28763,-11.40524,4.610755E-10,4.610755E-10,-9.949813,-40.07713
'[19:15:02.636 21/01/2026]',-7.318635,-10.45261,-0.04285341,-3.176926,4.610755E-10,4.610755E-10,-0.2021978,-25.82548
'[19:15:02.644 21/01/2026]',-7.318635,-10.45261,-0.04285341,-3.176926,4.610755E-10,4.610755E-10,-0.2021978,-25.82548
'[19:15:02.652 21/01/2026]',-7.318635,-10.45261,-0.04285341,-3.176926,4.610755E-10,4.610755E-10,-0.2021978,-25.82548
'[19:15:02.660 21/01/2026]',35.56084,23.86768,17.61804,18.76457,4.610755E-10,4.610755E-10,9.712955,41.93317
'[19:15:02.668 21/01/2026]',35.56084,23.86768,17.61804,18.76457,4.610755E-10,4.610755E-10,9.712955,41.93317
'[19:15:02.676 21/01/2026]',-21.65159,-11.69458,-9.676527,-9.56591,4.610755E-10,4.610755E-10,-7.385477,13.11406
'[19:15:02.684 21/01/2026]',-21.65159,-11.69458,-9.676527,-9.56591,4.610755E-10,4.610755E-10,-7.385477,13.11406
'[19:15:02.692 21/01/2026]',-21.65159,-11.69458,-9.676527,-9.56591,4.610755E-10,4.610755E-10,-7.385477,13.11406
'[19:15:02.700 21/01/2026]',-21.65159,-11.69458,-9.676527,-9.56591,4.610755E-10,4.610755E-10,-7.385477,13.11406
'[19:15:02.708 21/01/2026]',-9.999699,-9.599139,-7.530293,-7.875091,4.610755E-10,4.610755E-10,0.6382748,-10.97896
'[19:15:02.716 21/01/2026]',12.45489,11.18418,5.85448,7.461183,4.610755E-10,4.610755E-10,1.671843,-18.61195
'[19:15:02.724 21/01/2026]',12.45489,11.18418,5.85448,7.461183,4.610755E-10,4.610755E-10,1.671843,-18.61195
'[19:15:02.732 21/01/2026]',14.33617,8.040628,9.986369,7.988136,4.610755E-10,4.610755E-10,1.245866,24.98036
'[19:15:02.740 21/01/2026]',14.33617,8.040628,9.986369,7.988136,4.610755E-10,4.610755E-10,1.245866,24.98036
'[19:15:02.748 21/01/2026]',-20.89971,-12.88072,-11.74831,-10.77954,4.610755E-10,4.610755E-10,-2.147192,14.27791
'[19:15:02.756 21/01/2026]',-20.89971,-12.88072,-11.74831,-10.77954,4.610755E-10,4.610755E-10,-2.147192,14.27791
'[19:15:02.764 21/01/2026]',-5.290291,-4.055779,-4.496667,-2.364711,4.610755E-10,4.610755E-10,-2.593001,-41.53896
'[19:15:02.772 21/01/2026]',-5.290291,-4.055779,-4.496667,-2.364711,4.610755E-10,4.610755E-10,-2.593001,-41.53896
'[19:15:02.780 21/01/2026]',15.10656,8.99127,8.93254,6.81474,4.610755E-10,4.610755E-10,5.03645,23.68621
'[19:15:02.788 21/01/2026]',15.10656,8.99127,8.93254,6.81474,4.610755E-10,4.610755E-10,5.03645,23.68621
'[19:15:02.796 21/01/2026]',-1.680875,-1.18644,-0.08656319,-0.6652478,4.610755E-10,4.610755E-10,0.5480029,-25.46544
'[19:15:02.804 21/01/2026]',-1.680875,-1.18644,-0.08656319,-0.6652478,4.610755E-10,4.610755E-10,0.5480029,-25.46544
'[19:15:02.812 21/01/2026]',-1.680875,-1.18644,-0.08656319,-0.6652478,4.610755E-10,4.610755E-10,0.5480029,-25.46544
'[19:15:02.820 21/01/2026]',-5.888633,-3.358272,-3.388124,-3.396563,4.610755E-10,4.610755E-10,-3.396403,26.41308
'[19:15:02.828 21/01/2026]',-0.01951261,-3.163693,-0.2451963,-0.6796877,4.610755E-10,4.610755E-10,-0.3982347,-13.70068
'[19:15:02.836 21/01/2026]',-0.01951261,-3.163693,-0.2451963,-0.6796877,4.610755E-10,4.610755E-10,-0.3982347,-13.70068
'[19:15:02.844 21/01/2026]',4.526705,13.38163,2.984512,6.813982,4.610755E-10,4.610755E-10,3.830003,15.73165
'[19:15:02.852 21/01/2026]',4.526705,13.38163,2.984512,6.813982,4.610755E-10,4.610755E-10,3.830003,15.73165
'[19:15:02.860 21/01/2026]',-0.4539736,-7.78646,-1.174728,-2.490404,4.610755E-10,4.610755E-10,-0.9027393,-11.99947
'[19:15:02.868 21/01/2026]',-0.4539736,-7.78646,-1.174728,-2.490404,4.610755E-10,4.610755E-10,-0.9027393,-11.99947
'[19:15:02.876 21/01/2026]',-0.4539736,-7.78646,-1.174728,-2.490404,4.610755E-10,4.610755E-10,-0.9027393,-11.99947
'[19:15:02.884 21/01/2026]',-0.4539736,-7.78646,-1.174728,-2.490404,4.610755E-10,4.610755E-10,-0.9027393,-11.99947
'[19:15:02.892 21/01/2026]',-0.4539736,-7.78646,-1.174728,-2.490404,4.610755E-10,4.610755E-10,-0.9027393,-11.99947
'[19:15:02.900 21/01/2026]',-4.037727,-3.29127,-0.8098125,-4.266075,4.610755E-10,4.610755E-10,-4.051988,-0.4704061
'[19:15:02.908 21/01/2026]',-0.1249393,1.957507,-1.751857,2.76575,4.610755E-10,4.610755E-10,2.944902,5.084822
'[19:15:02.916 21/01/2026]',3.841227,4.785274,2.718606,1.804599,4.610755E-10,4.610755E-10,1.679749,4.740613
'[19:15:02.924 21/01/2026]',3.841227,4.785274,2.718606,1.804599,4.610755E-10,4.610755E-10,1.679749,4.740613
'[19:15:02.932 21/01/2026]',-1.415806,-4.012807,1.121164,-1.973105,4.610755E-10,4.610755E-10,-3.036838,-15.8987
'[19:15:02.940 21/01/2026]',-1.415806,-4.012807,1.121164,-1.973105,4.610755E-10,4.610755E-10,-3.036838,-15.8987
'[19:15:02.948 21/01/2026]',0.1523071,-0.01949756,-1.061412,1.83195,4.610755E-10,4.610755E-10,-0.1856974,17.39853
'[19:15:02.956 21/01/2026]',0.1523071,-0.01949756,-1.061412,1.83195,4.610755E-10,4.610755E-10,-0.1856974,17.39853
'[19:15:02.964 21/01/2026]',-1.769299,-1.07381,-2.478857,-4.510962,4.610755E-10,4.610755E-10,0.1623721,-12.49754
'[19:15:02.972 21/01/2026]',-1.769299,-1.07381,-2.478857,-4.510962,4.610755E-10,4.610755E-10,0.1623721,-12.49754
'[19:15:02.980 21/01/2026]',-1.769299,-1.07381,-2.478857,-4.510962,4.610755E-10,4.610755E-10,0.1623721,-12.49754
'[19:15:02.988 21/01/2026]',2.27926,2.982635,3.223928,3.074639,4.610755E-10,4.610755E-10,0.790657,-6.116155
'[19:15:02.996 21/01/2026]',2.27926,2.982635,3.223928,3.074639,4.610755E-10,4.610755E-10,0.790657,-6.116155
'[19:15:03.004 21/01/2026]',-0.906704,-2.535363,-0.1018883,0.7236073,4.610755E-10,4.610755E-10,-0.8462356,26.34005
'[19:15:03.012 21/01/2026]',-2.11438,-0.4915853,-2.751402,-2.470135,4.610755E-10,4.610755E-10,1.487424,-23.34394
'[19:15:03.020 21/01/2026]',1.378844,2.095183,0.9671684,1.122227,4.610755E-10,4.610755E-10,-3.144428,-8.333709
'[19:15:03.028 21/01/2026]',1.378844,2.095183,0.9671684,1.122227,4.610755E-10,4.610755E-10,-3.144428,-8.333709
'[19:15:03.036 21/01/2026]',1.378844,2.095183,0.9671684,1.122227,4.610755E-10,4.610755E-10,-3.144428,-8.333709
'[19:15:03.044 21/01/2026]',1.166081,-1.003779,2.798373,2.069823,4.610755E-10,4.610755E-10,1.904854,22.29607
'[19:15:03.052 21/01/2026]',-1.66492,0.2566686,-2.112396,-2.936441,4.610755E-10,4.610755E-10,0.1993531,-10.10755
'[19:15:03.060 21/01/2026]',-0.7894119,0.3663579,-0.9903482,0.701966,4.610755E-10,4.610755E-10,-0.9093353,2.446338
'[19:15:03.068 21/01/2026]',3.496608,0.8952094,3.045767,3.598431,4.610755E-10,4.610755E-10,0.7560852,6.152525
'[19:15:03.076 21/01/2026]',-1.940513,-0.8266658,-0.492007,-3.021062,4.610755E-10,4.610755E-10,-0.129906,-11.95504
'[19:15:03.084 21/01/2026]',-1.416815,-0.1030171,-0.7437061,-0.3356922,4.610755E-10,4.610755E-10,0.4183072,10.25657
'[19:15:03.092 21/01/2026]',0.5012128,-0.3321044,-1.384213,-0.01336479,4.610755E-10,4.610755E-10,-1.595178,12.86398
'[19:15:03.100 21/01/2026]',0.5012128,-0.3321044,-1.384213,-0.01336479,4.610755E-10,4.610755E-10,-1.595178,12.86398
'[19:15:03.108 21/01/2026]',-0.5671973,-3.110075,0.7478815,-2.094666,4.610755E-10,4.610755E-10,-0.2054438,-25.35653
'[19:15:03.116 21/01/2026]',3.186349,5.253613,3.294191,3.234202,4.610755E-10,4.610755E-10,0.1355346,4.660052
'[19:15:03.124 21/01/2026]',-5.522302,-6.94636,-7.615415,-4.644402,4.610755E-10,4.610755E-10,-0.7764079,-3.790681
'[19:15:03.132 21/01/2026]',-5.522302,-6.94636,-7.615415,-4.644402,4.610755E-10,4.610755E-10,-0.7764079,-3.790681
'[19:15:03.140 21/01/2026]',6.609738,7.937502,8.59133,7.348687,4.610755E-10,4.610755E-10,4.864311,2.105597
'[19:15:03.148 21/01/2026]',-0.4584089,-0.3364024,-0.8031802,-0.7634879,4.610755E-10,4.610755E-10,-0.6855381,7.941331
'[19:15:03.156 21/01/2026]',-3.914713,-3.572303,-3.755574,-4.170144,4.610755E-10,4.610755E-10,-2.072737,-17.20335
'[19:15:03.164 21/01/2026]',-0.5468848,-2.052078,-3.186565,-0.4302733,4.610755E-10,4.610755E-10,-2.55635,-8.449163
'[19:15:03.172 21/01/2026]',3.370968,5.354137,4.489832,3.038844,4.610755E-10,4.610755E-10,1.863951,46.51466
'[19:15:03.180 21/01/2026]',-12.92735,-21.23562,-3.607246,-6.386047,4.610755E-10,4.610755E-10,0.139429,-46.76239
'[19:15:03.188 21/01/2026]',-12.92735,-21.23562,-3.607246,-6.386047,4.610755E-10,4.610755E-10,0.139429,-46.76239
'[19:15:03.196 21/01/2026]',16.27309,25.98898,3.69428,6.532075,4.610755E-10,4.610755E-10,0.2452674,-2.463004
'[19:15:03.204 21/01/2026]',-0.01379589,-0.3329019,-2.251917,-1.008049,4.610755E-10,4.610755E-10,-6.026813,16.70882
'[19:15:03.212 21/01/2026]',-8.830512,-12.59046,1.30537,-0.4968291,4.610755E-10,4.610755E-10,8.134349,11.20902
'[19:15:03.220 21/01/2026]',2.606087,4.49808,1.303731,0.06568879,4.610755E-10,4.610755E-10,0.238515,4.30724
'[19:15:03.228 21/01/2026]',2.606087,4.49808,1.303731,0.06568879,4.610755E-10,4.610755E-10,0.238515,4.30724
'[19:15:03.236 21/01/2026]',2.799334,1.218869,-3.148536,-2.06166,4.610755E-10,4.610755E-10,-6.142329,-41.25204
'[19:15:03.244 21/01/2026]',0.1584857,1.438885,2.424516,3.511122,4.610755E-10,4.610755E-10,4.763461,22.72565
'[19:15:03.252 21/01/2026]',-0.7042703,-0.7257726,3.119381,0.4830901,4.610755E-10,4.610755E-10,0.07634353,6.502498
'[19:15:03.260 21/01/2026]',-3.590174,-5.111043,-7.342618,-5.6785,4.610755E-10,4.610755E-10,-2.420519,-25.76336
'[19:15:03.268 21/01/2026]',1.557213,2.135732,-0.3941726,0.06605417,4.610755E-10,4.610755E-10,-2.062417,0.07062266
'[19:15:03.276 21/01/2026]',1.557213,2.135732,-0.3941726,0.06605417,4.610755E-10,4.610755E-10,-2.062417,0.07062266
'[19:15:03.284 21/01/2026]',3.048908,3.375721,6.582873,6.958813,4.610755E-10,4.610755E-10,5.121209,29.70935
'[19:15:03.292 21/01/2026]',-0.3494934,0.9991106,0.1038319,-1.805258,4.610755E-10,4.610755E-10,1.228028,-17.56387
'[19:15:03.300 21/01/2026]',-0.3494934,0.9991106,0.1038319,-1.805258,4.610755E-10,4.610755E-10,1.228028,-17.56387
'[19:15:03.308 21/01/2026]',-5.469514,-9.915516,-6.996697,-7.120127,4.610755E-10,4.610755E-10,-10.75486,-12.51405
'[19:15:03.316 21/01/2026]',-5.469514,-9.915516,-6.996697,-7.120127,4.610755E-10,4.610755E-10,-10.75486,-12.51405
'[19:15:03.324 21/01/2026]',5.111184,8.293445,2.496547,5.719073,4.610755E-10,4.610755E-10,8.36764,3.468147
'[19:15:03.332 21/01/2026]',5.111184,8.293445,2.496547,5.719073,4.610755E-10,4.610755E-10,8.36764,3.468147
'[19:15:03.340 21/01/2026]',5.111184,8.293445,2.496547,5.719073,4.610755E-10,4.610755E-10,8.36764,3.468147
'[19:15:03.348 21/01/2026]',0.7608126,1.310676,4.455911,1.614848,4.610755E-10,4.610755E-10,0.4937553,29.9353
'[19:15:03.356 21/01/2026]',0.7608126,1.310676,4.455911,1.614848,4.610755E-10,4.610755E-10,0.4937553,29.9353
'[19:15:03.364 21/01/2026]',0.7608126,1.310676,4.455911,1.614848,4.610755E-10,4.610755E-10,0.4937553,29.9353
'[19:15:03.372 21/01/2026]',0.7608126,1.310676,4.455911,1.614848,4.610755E-10,4.610755E-10,0.4937553,29.9353
'[19:15:03.380 21/01/2026]',-2.615168,-4.644774,-2.548411,-1.824534,4.610755E-10,4.610755E-10,-2.905918,-10.10635
'[19:15:03.388 21/01/2026]',-2.615168,-4.644774,-2.548411,-1.824534,4.610755E-10,4.610755E-10,-2.905918,-10.10635
'[19:15:03.396 21/01/2026]',-2.289849,-2.699775,-1.595043,-1.292124,4.610755E-10,4.610755E-10,-0.399625,-14.09336
'[19:15:03.404 21/01/2026]',-0.2681847,-0.4217348,-0.2377543,-1.805478,4.610755E-10,4.610755E-10,0.2410651,12.31026
'[19:15:03.412 21/01/2026]',-0.2681847,-0.4217348,-0.2377543,-1.805478,4.610755E-10,4.610755E-10,0.2410651,12.31026
'[19:15:03.420 21/01/2026]',9.079539,13.21667,2.526565,5.340223,4.610755E-10,4.610755E-10,1.311056,2.874715
'[19:15:03.428 21/01/2026]',9.079539,13.21667,2.526565,5.340223,4.610755E-10,4.610755E-10,1.311056,2.874715
'[19:15:03.436 21/01/2026]',-7.451476,-11.96884,-0.05486823,-4.478427,4.610755E-10,4.610755E-10,-3.069327,-38.82361
'[19:15:03.444 21/01/2026]',-7.451476,-11.96884,-0.05486823,-4.478427,4.610755E-10,4.610755E-10,-3.069327,-38.82361
'[19:15:03.452 21/01/2026]',-0.4336261,1.190413,-3.992371,-0.3418336,4.610755E-10,4.610755E-10,3.495396,35.87826
'[19:15:03.460 21/01/2026]',-0.4336261,1.190413,-3.992371,-0.3418336,4.610755E-10,4.610755E-10,3.495396,35.87826
'[19:15:03.468 21/01/2026]',4.161882,5.164201,5.318188,4.535774,4.610755E-10,4.610755E-10,0.8225697,-39.48639
'[19:15:03.476 21/01/2026]',4.161882,5.164201,5.318188,4.535774,4.610755E-10,4.610755E-10,0.8225697,-39.48639
'[19:15:03.484 21/01/2026]',-0.3523704,0.8903034,-1.356953,-1.137665,4.610755E-10,4.610755E-10,-0.6002049,30.63728
'[19:15:03.492 21/01/2026]',-0.3523704,0.8903034,-1.356953,-1.137665,4.610755E-10,4.610755E-10,-0.6002049,30.63728
'[19:15:03.500 21/01/2026]',-4.335253,-8.228958,-4.494712,-6.101458,4.610755E-10,4.610755E-10,-5.925585,-25.8229
'[19:15:03.508 21/01/2026]',-4.335253,-8.228958,-4.494712,-6.101458,4.610755E-10,4.610755E-10,-5.925585,-25.8229
'[19:15:03.516 21/01/2026]',-4.335253,-8.228958,-4.494712,-6.101458,4.610755E-10,4.610755E-10,-5.925585,-25.8229
'[19:15:03.524 21/01/2026]',3.950669,6.320779,7.079623,6.480818,4.610755E-10,4.610755E-10,6.714989,2.886442
'[19:15:03.532 21/01/2026]',3.950669,6.320779,7.079623,6.480818,4.610755E-10,4.610755E-10,6.714989,2.886442
'[19:15:03.540 21/01/2026]',3.950669,6.320779,7.079623,6.480818,4.610755E-10,4.610755E-10,6.714989,2.886442
'[19:15:03.548 21/01/2026]',3.950669,6.320779,7.079623,6.480818,4.610755E-10,4.610755E-10,6.714989,2.886442
'[19:15:03.556 21/01/2026]',3.950669,6.320779,7.079623,6.480818,4.610755E-10,4.610755E-10,6.714989,2.886442
'[19:15:03.564 21/01/2026]',3.950669,6.320779,7.079623,6.480818,4.610755E-10,4.610755E-10,6.714989,2.886442
'[19:15:03.572 21/01/2026]',-3.806898,-5.703678,-6.444776,-4.568863,4.610755E-10,4.610755E-10,-5.173883,34.97191
'[19:15:03.580 21/01/2026]',-3.806898,-5.703678,-6.444776,-4.568863,4.610755E-10,4.610755E-10,-5.173883,34.97191
'[19:15:03.588 21/01/2026]',-3.806898,-5.703678,-6.444776,-4.568863,4.610755E-10,4.610755E-10,-5.173883,34.97191
'[19:15:03.596 21/01/2026]',3.505749,3.857784,3.393023,1.700478,4.610755E-10,4.610755E-10,2.718265,-29.52463
'[19:15:03.604 21/01/2026]',0.834845,1.526577,2.830283,2.90761,4.610755E-10,4.610755E-10,2.216858,6.218248
'[19:15:03.612 21/01/2026]',-4.995906,-4.019989,-5.492942,-5.262704,4.610755E-10,4.610755E-10,-4.388466,15.3739
'[19:15:03.620 21/01/2026]',3.827522,1.857765,0.5984364,1.385338,4.610755E-10,4.610755E-10,1.487221,-39.2641
'[19:15:03.628 21/01/2026]',0.6826808,1.318401,1.587667,3.382674,4.610755E-10,4.610755E-10,1.373195,9.414558
'[19:15:03.636 21/01/2026]',0.6826808,1.318401,1.587667,3.382674,4.610755E-10,4.610755E-10,1.373195,9.414558
'[19:15:03.644 21/01/2026]',-7.417772,-6.488108,-3.752599,-5.054535,4.610755E-10,4.610755E-10,-3.45707,21.2484
'[19:15:03.652 21/01/2026]',-7.417772,-6.488108,-3.752599,-5.054535,4.610755E-10,4.610755E-10,-3.45707,21.2484
'[19:15:03.660 21/01/2026]',8.969948,9.28208,6.543832,6.486314,4.610755E-10,4.610755E-10,4.385422,4.371613
'[19:15:03.668 21/01/2026]',8.969948,9.28208,6.543832,6.486314,4.610755E-10,4.610755E-10,4.385422,4.371613
'[19:15:03.676 21/01/2026]',-4.612501,-5.442003,-7.560416,-5.737695,4.610755E-10,4.610755E-10,-4.452305,-12.20697
'[19:15:03.684 21/01/2026]',-4.612501,-5.442003,-7.560416,-5.737695,4.610755E-10,4.610755E-10,-4.452305,-12.20697
'[19:15:03.692 21/01/2026]',-4.612501,-5.442003,-7.560416,-5.737695,4.610755E-10,4.610755E-10,-4.452305,-12.20697
'[19:15:03.700 21/01/2026]',-0.8285429,1.28465,3.449813,1.878571,4.610755E-10,4.610755E-10,3.096,-1.761806
'[19:15:03.708 21/01/2026]',-0.8285429,1.28465,3.449813,1.878571,4.610755E-10,4.610755E-10,3.096,-1.761806
'[19:15:03.716 21/01/2026]',0.5355858,-0.7050237,-0.4674932,0.1091509,4.610755E-10,4.610755E-10,-1.389639,5.455028
'[19:15:03.724 21/01/2026]',0.5355858,-0.7050237,-0.4674932,0.1091509,4.610755E-10,4.610755E-10,-1.389639,5.455028
'[19:15:03.732 21/01/2026]',0.5355858,-0.7050237,-0.4674932,0.1091509,4.610755E-10,4.610755E-10,-1.389639,5.455028
'[19:15:03.740 21/01/2026]',0.5355858,-0.7050237,-0.4674932,0.1091509,4.610755E-10,4.610755E-10,-1.389639,5.455028
'[19:15:03.748 21/01/2026]',0.09080561,-1.353303,0.4480312,0.05679811,4.610755E-10,4.610755E-10,-0.9477177,13.60507
'[19:15:03.756 21/01/2026]',-0.9319701,-0.4536382,-2.608173,-1.558698,4.610755E-10,4.610755E-10,-1.312613,-37.42461
'[19:15:03.764 21/01/2026]',0.6803085,0.8581373,1.712857,-0.9940521,4.610755E-10,4.610755E-10,0.2815632,-23.98634
'[19:15:03.772 21/01/2026]',0.8515334,2.488727,0.8167446,3.385256,4.610755E-10,4.610755E-10,6.753439,44.61407
'[19:15:03.780 21/01/2026]',0.6337598,0.2106304,2.415076,1.469616,4.610755E-10,4.610755E-10,-3.88845,15.34186
'[19:15:03.788 21/01/2026]',-0.08110027,-0.6714256,1.073984,-1.586519,4.610755E-10,4.610755E-10,-1.658411,-25.0302
'[19:15:03.796 21/01/2026]',-0.08110027,-0.6714256,1.073984,-1.586519,4.610755E-10,4.610755E-10,-1.658411,-25.0302
'[19:15:03.804 21/01/2026]',-1.714691,-2.157893,-5.442961,-2.186177,4.610755E-10,4.610755E-10,1.272514,-13.82853
'[19:15:03.812 21/01/2026]',0.106016,2.590158,4.451035,3.800601,4.610755E-10,4.610755E-10,1.347295,12.47496
'[19:15:03.820 21/01/2026]',0.616163,-1.424974,-0.9951314,-1.648221,4.610755E-10,4.610755E-10,-1.292762,40.31927
'[19:15:03.828 21/01/2026]',-2.558639,-3.297781,-3.01082,-4.710811,4.610755E-10,4.610755E-10,-2.480282,-49.94585
'[19:15:03.836 21/01/2026]',-2.558639,-3.297781,-3.01082,-4.710811,4.610755E-10,4.610755E-10,-2.480282,-49.94585
'[19:15:03.844 21/01/2026]',-2.558639,-3.297781,-3.01082,-4.710811,4.610755E-10,4.610755E-10,-2.480282,-49.94585
'[19:15:03.852 21/01/2026]',0.7730221,2.799977,0.4830451,2.669024,4.610755E-10,4.610755E-10,-0.04797955,-12.09689
'[19:15:03.860 21/01/2026]',-13.59632,-15.90435,-3.921091,-3.190779,4.610755E-10,4.610755E-10,3.742069,15.74114
'[19:15:03.868 21/01/2026]',34.39749,36.6595,16.60338,15.22207,4.610755E-10,4.610755E-10,2.607602,32.48571
'[19:15:03.876 21/01/2026]',-17.51522,-19.33674,-12.05636,-13.11101,4.610755E-10,4.610755E-10,-8.171982,-30.50235
'[19:15:03.884 21/01/2026]',-3.153481,-1.852324,0.5709899,2.789841,4.610755E-10,4.610755E-10,7.652301,-1.057077
'[19:15:03.892 21/01/2026]',1.895379,1.798996,1.168088,-0.4786784,4.610755E-10,4.610755E-10,-4.245045,23.9499
'[19:15:03.900 21/01/2026]',4.450729,4.151899,1.475784,4.383779,4.610755E-10,4.610755E-10,-0.7692043,-13.3244
'[19:15:03.908 21/01/2026]',-0.6985415,-0.4512658,0.4970153,-3.758211,4.610755E-10,4.610755E-10,2.86073,3.416546
'[19:15:03.916 21/01/2026]',-3.814816,-6.159944,-3.82767,-2.556046,4.610755E-10,4.610755E-10,-3.892091,-13.00212
'[19:15:03.924 21/01/2026]',-1.026776,0.9534381,-1.224484,0.9315794,4.610755E-10,4.610755E-10,-1.399526,-18.15688
'[19:15:03.932 21/01/2026]',-1.026776,0.9534381,-1.224484,0.9315794,4.610755E-10,4.610755E-10,-1.399526,-18.15688
'[19:15:03.940 21/01/2026]',3.039217,4.127731,5.305098,4.092746,4.610755E-10,4.610755E-10,2.842159,37.42456
'[19:15:03.948 21/01/2026]',-1.116209,-3.388914,-4.001963,-2.735672,4.610755E-10,4.610755E-10,-1.93528,-16.53368
'[19:15:03.956 21/01/2026]',1.025195,1.649579,1.111977,0.8395196,4.610755E-10,4.610755E-10,0.2985899,28.78997
'[19:15:03.964 21/01/2026]',-1.835184,-2.439519,-1.22483,-1.735688,4.610755E-10,4.610755E-10,-1.707785,-39.05779
'[19:15:03.972 21/01/2026]',-0.4478278,2.110666,0.6164762,0.7121038,4.610755E-10,4.610755E-10,0.8656268,29.80317
'[19:15:03.980 21/01/2026]',2.797009,3.659288,2.0383,2.605802,4.610755E-10,4.610755E-10,1.975415,18.05197
'[19:15:03.988 21/01/2026]',-3.388727,-6.775335,-2.785963,-3.346209,4.610755E-10,4.610755E-10,-3.707376,-36.04456
'[19:15:03.996 21/01/2026]',-6.34551,-7.461447,-2.257446,-3.451795,4.610755E-10,4.610755E-10,1.405296,3.207163
'[19:15:04.004 21/01/2026]',18.58812,21.90049,8.370691,8.755322,4.610755E-10,4.610755E-10,2.700811,15.62394
'[19:15:04.012 21/01/2026]',-10.45802,-9.117498,-5.88552,-4.108144,4.610755E-10,4.610755E-10,-1.956529,-25.30989
'[19:15:04.020 21/01/2026]',-10.45802,-9.117498,-5.88552,-4.108144,4.610755E-10,4.610755E-10,-1.956529,-25.30989
'[19:15:04.028 21/01/2026]',-10.45802,-9.117498,-5.88552,-4.108144,4.610755E-10,4.610755E-10,-1.956529,-25.30989
'[19:15:04.036 21/01/2026]',-3.382537,-7.832237,-0.5521055,-2.953636,4.610755E-10,4.610755E-10,-2.130821,23.65424
'[19:15:04.044 21/01/2026]',-3.382537,-7.832237,-0.5521055,-2.953636,4.610755E-10,4.610755E-10,-2.130821,23.65424
'[19:15:04.052 21/01/2026]',-3.382537,-7.832237,-0.5521055,-2.953636,4.610755E-10,4.610755E-10,-2.130821,23.65424
'[19:15:04.060 21/01/2026]',-3.382537,-7.832237,-0.5521055,-2.953636,4.610755E-10,4.610755E-10,-2.130821,23.65424
'[19:15:04.068 21/01/2026]',-1.127004,-0.1245001,-2.494292,-1.36499,4.610755E-10,4.610755E-10,-3.856942,-21.5817
'[19:15:04.076 21/01/2026]',13.14312,17.07042,9.839783,12.77611,4.610755E-10,4.610755E-10,12.67241,16.91304
'[19:15:04.084 21/01/2026]',13.14312,17.07042,9.839783,12.77611,4.610755E-10,4.610755E-10,12.67241,16.91304
'[19:15:04.092 21/01/2026]',-7.221725,-6.573614,-6.934874,-6.7127,4.610755E-10,4.610755E-10,-6.575534,3.066638
'[19:15:04.100 21/01/2026]',-0.3187686,-2.231223,3.973413,-0.2289224,4.610755E-10,4.610755E-10,-0.08430126,-7.938393
'[19:15:04.108 21/01/2026]',-0.3187686,-2.231223,3.973413,-0.2289224,4.610755E-10,4.610755E-10,-0.08430126,-7.938393
'[19:15:04.116 21/01/2026]',-0.7497172,0.2088247,-1.065673,0.8140435,4.610755E-10,4.610755E-10,1.122139,4.995117
'[19:15:04.124 21/01/2026]',-0.7497172,0.2088247,-1.065673,0.8140435,4.610755E-10,4.610755E-10,1.122139,4.995117
'[19:15:04.132 21/01/2026]',-1.030233,-4.240004,-3.202778,-0.2327868,4.610755E-10,4.610755E-10,-1.296995,22.0771
'[19:15:04.140 21/01/2026]',-1.030233,-4.240004,-3.202778,-0.2327868,4.610755E-10,4.610755E-10,-1.296995,22.0771
'[19:15:04.148 21/01/2026]',3.019446,6.28743,3.988986,2.556082,4.610755E-10,4.610755E-10,1.948874,-21.39545
'[19:15:04.156 21/01/2026]',3.019446,6.28743,3.988986,2.556082,4.610755E-10,4.610755E-10,1.948874,-21.39545
'[19:15:04.164 21/01/2026]',3.019446,6.28743,3.988986,2.556082,4.610755E-10,4.610755E-10,1.948874,-21.39545
'[19:15:04.172 21/01/2026]',-1.943615,-1.285509,-2.131021,-4.177576,4.610755E-10,4.610755E-10,-2.347199,-10.11403
'[19:15:04.180 21/01/2026]',-1.943615,-1.285509,-2.131021,-4.177576,4.610755E-10,4.610755E-10,-2.347199,-10.11403
'[19:15:04.188 21/01/2026]',-4.514477,-4.581704,-3.217346,-2.371885,4.610755E-10,4.610755E-10,-3.282396,-4.696552
'[19:15:04.196 21/01/2026]',-4.514477,-4.581704,-3.217346,-2.371885,4.610755E-10,4.610755E-10,-3.282396,-4.696552
'[19:15:04.204 21/01/2026]',-4.514477,-4.581704,-3.217346,-2.371885,4.610755E-10,4.610755E-10,-3.282396,-4.696552
'[19:15:04.212 21/01/2026]',-4.514477,-4.581704,-3.217346,-2.371885,4.610755E-10,4.610755E-10,-3.282396,-4.696552
'[19:15:04.220 21/01/2026]',5.130691,5.76135,4.939482,4.172332,4.610755E-10,4.610755E-10,2.604655,18.28862
'[19:15:04.228 21/01/2026]',5.130691,5.76135,4.939482,4.172332,4.610755E-10,4.610755E-10,2.604655,18.28862
'[19:15:04.236 21/01/2026]',4.493663,4.095485,5.4857,4.52931,4.610755E-10,4.610755E-10,6.314377,-5.974823
'[19:15:04.244 21/01/2026]',4.493663,4.095485,5.4857,4.52931,4.610755E-10,4.610755E-10,6.314377,-5.974823
'[19:15:04.252 21/01/2026]',-7.867852,-10.48174,-9.431915,-8.481493,4.610755E-10,4.610755E-10,-7.269424,-19.71431
'[19:15:04.260 21/01/2026]',1.677204,0.8104637,1.955366,-1.144387,4.610755E-10,4.610755E-10,-3.941028,18.36831
'[19:15:04.268 21/01/2026]',8.141522,10.07441,7.739181,11.6403,4.610755E-10,4.610755E-10,12.22743,-9.539092
'[19:15:04.276 21/01/2026]',8.141522,10.07441,7.739181,11.6403,4.610755E-10,4.610755E-10,12.22743,-9.539092
'[19:15:04.284 21/01/2026]',8.141522,10.07441,7.739181,11.6403,4.610755E-10,4.610755E-10,12.22743,-9.539092
'[19:15:04.292 21/01/2026]',-5.510234,-4.221033,-3.847378,-4.478839,4.610755E-10,4.610755E-10,-5.870693,15.53256
'[19:15:04.300 21/01/2026]',-5.510234,-4.221033,-3.847378,-4.478839,4.610755E-10,4.610755E-10,-5.870693,15.53256
'[19:15:04.308 21/01/2026]',-4.8496,-4.495307,-6.097245,-4.85386,4.610755E-10,4.610755E-10,-3.951525,4.680966
'[19:15:04.316 21/01/2026]',-4.8496,-4.495307,-6.097245,-4.85386,4.610755E-10,4.610755E-10,-3.951525,4.680966
'[19:15:04.324 21/01/2026]',2.674865,-0.385087,1.822925,-0.4508356,4.610755E-10,4.610755E-10,-0.3027665,-7.134696
'[19:15:04.332 21/01/2026]',2.674865,-0.385087,1.822925,-0.4508356,4.610755E-10,4.610755E-10,-0.3027665,-7.134696
'[19:15:04.340 21/01/2026]',4.499127,9.801605,7.859536,8.550333,4.610755E-10,4.610755E-10,9.857164,15.50708
'[19:15:04.348 21/01/2026]',4.499127,9.801605,7.859536,8.550333,4.610755E-10,4.610755E-10,9.857164,15.50708
'[19:15:04.356 21/01/2026]',-15.54073,-14.5531,-13.12104,-9.188858,4.610755E-10,4.610755E-10,-10.28176,-22.96434
'[19:15:04.364 21/01/2026]',-15.54073,-14.5531,-13.12104,-9.188858,4.610755E-10,4.610755E-10,-10.28176,-22.96434
'[19:15:04.372 21/01/2026]',-15.54073,-14.5531,-13.12104,-9.188858,4.610755E-10,4.610755E-10,-10.28176,-22.96434
'[19:15:04.380 21/01/2026]',11.41434,4.516494,6.367323,1.503844,4.610755E-10,4.610755E-10,2.523666,-6.372904
'[19:15:04.388 21/01/2026]',11.41434,4.516494,6.367323,1.503844,4.610755E-10,4.610755E-10,2.523666,-6.372904
'[19:15:04.396 21/01/2026]',11.41434,4.516494,6.367323,1.503844,4.610755E-10,4.610755E-10,2.523666,-6.372904
'[19:15:04.404 21/01/2026]',11.41434,4.516494,6.367323,1.503844,4.610755E-10,4.610755E-10,2.523666,-6.372904
'[19:15:04.412 21/01/2026]',9.687074,12.98913,6.489536,6.83239,4.610755E-10,4.610755E-10,3.687334,5.02937
'[19:15:04.420 21/01/2026]',-17.9572,-17.0939,-10.39594,-9.475739,4.610755E-10,4.610755E-10,-4.772235,6.665065
'[19:15:04.428 21/01/2026]',4.173241,5.305713,0.4810199,2.86545,4.610755E-10,4.610755E-10,3.310991,-0.7073075
'[19:15:04.436 21/01/2026]',4.173241,5.305713,0.4810199,2.86545,4.610755E-10,4.610755E-10,3.310991,-0.7073075
'[19:15:04.444 21/01/2026]',4.483681,2.307189,10.00534,5.517396,4.610755E-10,4.610755E-10,-0.4460212,5.202839
'[19:15:04.452 21/01/2026]',4.483681,2.307189,10.00534,5.517396,4.610755E-10,4.610755E-10,-0.4460212,5.202839
'[19:15:04.460 21/01/2026]',4.483681,2.307189,10.00534,5.517396,4.610755E-10,4.610755E-10,-0.4460212,5.202839
'[19:15:04.468 21/01/2026]',-7.884349,-6.270068,-9.180719,-8.469499,4.610755E-10,4.610755E-10,-3.1209,-2.153354
'[19:15:04.476 21/01/2026]',-7.884349,-6.270068,-9.180719,-8.469499,4.610755E-10,4.610755E-10,-3.1209,-2.153354
'[19:15:04.484 21/01/2026]',13.21743,15.14854,3.847793,8.205237,4.610755E-10,4.610755E-10,5.161505,-39.99231
'[19:15:04.492 21/01/2026]',2.395633,-12.40441,4.399004,-2.04137,4.610755E-10,4.610755E-10,-2.51945,26.80619
'[19:15:04.500 21/01/2026]',2.395633,-12.40441,4.399004,-2.04137,4.610755E-10,4.610755E-10,-2.51945,26.80619
'[19:15:04.508 21/01/2026]',-38.03493,-41.31068,-14.89395,-13.3701,4.610755E-10,4.610755E-10,-0.6583297,17.2934
'[19:15:04.516 21/01/2026]',5.824737,25.35638,2.280029,5.384365,4.610755E-10,4.610755E-10,0.197058,-14.93308
'[19:15:04.524 21/01/2026]',57.5463,72.86452,22.36938,23.94879,4.610755E-10,4.610755E-10,10.82288,50.88892
'[19:15:04.532 21/01/2026]',57.5463,72.86452,22.36938,23.94879,4.610755E-10,4.610755E-10,10.82288,50.88892
'[19:15:04.540 21/01/2026]',57.5463,72.86452,22.36938,23.94879,4.610755E-10,4.610755E-10,10.82288,50.88892
'[19:15:04.548 21/01/2026]',57.5463,72.86452,22.36938,23.94879,4.610755E-10,4.610755E-10,10.82288,50.88892
'[19:15:04.556 21/01/2026]',-19.47142,-42.00169,-8.177991,-12.50943,4.610755E-10,4.610755E-10,-6.602268,-33.89867
'[19:15:04.564 21/01/2026]',-21.5412,-23.86352,-6.623166,-4.276916,4.610755E-10,4.610755E-10,-3.256679,-14.37741
'[19:15:04.572 21/01/2026]',13.57006,23.35817,4.165254,2.615015,4.610755E-10,4.610755E-10,3.251288,10.85328
'[19:15:04.580 21/01/2026]',0.1641249,-1.313201,-0.879148,-0.1718525,4.610755E-10,4.610755E-10,-3.690028,-7.888255
'[19:15:04.588 21/01/2026]',-7.697583,-9.234074,-2.747992,-0.3813022,4.610755E-10,4.610755E-10,3.885166,45.37544
'[19:15:04.596 21/01/2026]',-0.3581467,-0.01051258,0.7213026,-1.879415,4.610755E-10,4.610755E-10,-5.16009,-8.696472
'[19:15:04.604 21/01/2026]',3.760621,5.696898,2.367758,2.93086,4.610755E-10,4.610755E-10,3.707462,-65.94285
'[19:15:04.612 21/01/2026]',-4.372007,-9.116183,-4.852846,-6.49339,4.610755E-10,4.610755E-10,-4.075016,28.89941
'[19:15:04.620 21/01/2026]',1.79169,3.718183,3.136478,7.703099,4.610755E-10,4.610755E-10,5.936477,27.07678
'[19:15:04.628 21/01/2026]',0.3610882,2.638889,0.02155494,-3.690515,4.610755E-10,4.610755E-10,-1.892148,-21.49792
'[19:15:04.636 21/01/2026]',0.3610882,2.638889,0.02155494,-3.690515,4.610755E-10,4.610755E-10,-1.892148,-21.49792
'[19:15:04.644 21/01/2026]',0.3610882,2.638889,0.02155494,-3.690515,4.610755E-10,4.610755E-10,-1.892148,-21.49792
'[19:15:04.652 21/01/2026]',1.783596,1.290389,0.7857363,0.5589563,4.610755E-10,4.610755E-10,0.3021911,13.64632
'[19:15:04.660 21/01/2026]',0.9344785,0.6813132,3.522425,4.151805,4.610755E-10,4.610755E-10,2.76008,-16.62701
'[19:15:04.668 21/01/2026]',-2.468293,-0.05041965,-4.345275,-2.288178,4.610755E-10,4.610755E-10,-1.038652,-1.242612
'[19:15:04.676 21/01/2026]',1.634345,2.30484,0.758705,-0.2901297,4.610755E-10,4.610755E-10,-1.805425,5.24182
'[19:15:04.684 21/01/2026]',-3.801908,-7.527477,-2.368994,-4.71959,4.610755E-10,4.610755E-10,-2.17322,-31.68978
'[19:15:04.692 21/01/2026]',2.870219,4.662271,3.102934,4.136229,4.610755E-10,4.610755E-10,4.587826,30.43711
'[19:15:04.700 21/01/2026]',1.084069,4.322307,2.776724,5.145962,4.610755E-10,4.610755E-10,0.5814973,17.00558
'[19:15:04.708 21/01/2026]',-1.438208,-6.382515,-5.239568,-7.368653,4.610755E-10,4.610755E-10,-3.835123,10.10559
'[19:15:04.716 21/01/2026]',-0.3654788,0.2411112,1.802031,1.359212,4.610755E-10,4.610755E-10,-0.2213563,-36.8581
'[19:15:04.724 21/01/2026]',-0.9112659,3.734876,0.8932771,2.667993,4.610755E-10,4.610755E-10,1.911921,23.47803
'[19:15:04.732 21/01/2026]',-0.9112659,3.734876,0.8932771,2.667993,4.610755E-10,4.610755E-10,1.911921,23.47803
'[19:15:04.740 21/01/2026]',-0.9112659,3.734876,0.8932771,2.667993,4.610755E-10,4.610755E-10,1.911921,23.47803
'[19:15:04.748 21/01/2026]',-2.966419,-7.63927,-2.422076,-2.148209,4.610755E-10,4.610755E-10,-3.244677,-7.390914
'[19:15:04.756 21/01/2026]',-16.00582,-24.09159,-6.572639,-9.237747,4.610755E-10,4.610755E-10,-0.4314431,-4.831388
'[19:15:04.764 21/01/2026]',22.1522,27.84751,9.244128,8.018387,4.610755E-10,4.610755E-10,1.020463,8.536208
'[19:15:04.772 21/01/2026]',26.46805,38.80823,10.83591,14.9886,4.610755E-10,4.610755E-10,3.87597,-9.904949
'[19:15:04.780 21/01/2026]',-23.53212,-37.04773,-9.545055,-12.09316,4.610755E-10,4.610755E-10,-0.09190397,-4.035827
'[19:15:04.788 21/01/2026]',-23.53212,-37.04773,-9.545055,-12.09316,4.610755E-10,4.610755E-10,-0.09190397,-4.035827
'[19:15:04.796 21/01/2026]',-20.71126,-19.34834,-11.04241,-9.751718,4.610755E-10,4.610755E-10,-9.085486,-21.64742
'[19:15:04.804 21/01/2026]',17.61553,20.57323,8.290891,8.763084,4.610755E-10,4.610755E-10,4.944009,37.10266
'[19:15:04.812 21/01/2026]',17.61553,20.57323,8.290891,8.763084,4.610755E-10,4.610755E-10,4.944009,37.10266
'[19:15:04.820 21/01/2026]',17.61553,20.57323,8.290891,8.763084,4.610755E-10,4.610755E-10,4.944009,37.10266
'[19:15:04.828 21/01/2026]',4.790213,3.2977,3.987566,1.659851,4.610755E-10,4.610755E-10,2.398082,-1.657705
'[19:15:04.836 21/01/2026]',4.790213,3.2977,3.987566,1.659851,4.610755E-10,4.610755E-10,2.398082,-1.657705
'[19:15:04.844 21/01/2026]',-15.04343,-16.34923,-11.18156,-9.685334,4.610755E-10,4.610755E-10,-9.672806,-32.81103
'[19:15:04.852 21/01/2026]',-15.04343,-16.34923,-11.18156,-9.685334,4.610755E-10,4.610755E-10,-9.672806,-32.81103
'[19:15:04.860 21/01/2026]',6.053104,7.970787,6.939506,7.673758,4.610755E-10,4.610755E-10,7.775596,1.469362
'[19:15:04.868 21/01/2026]',6.053104,7.970787,6.939506,7.673758,4.610755E-10,4.610755E-10,7.775596,1.469362
'[19:15:04.876 21/01/2026]',6.053104,7.970787,6.939506,7.673758,4.610755E-10,4.610755E-10,7.775596,1.469362
'[19:15:04.884 21/01/2026]',4.646794,5.325759,1.611087,1.514719,4.610755E-10,4.610755E-10,-1.936057,32.64997
'[19:15:04.892 21/01/2026]',4.646794,5.325759,1.611087,1.514719,4.610755E-10,4.610755E-10,-1.936057,32.64997
'[19:15:04.900 21/01/2026]',4.646794,5.325759,1.611087,1.514719,4.610755E-10,4.610755E-10,-1.936057,32.64997
'[19:15:04.908 21/01/2026]',-6.286868,-5.295028,-5.875799,-5.621426,4.610755E-10,4.610755E-10,-2.233143,-16.26447
'[19:15:04.916 21/01/2026]',-4.14112,-6.759125,-3.912651,-4.545048,4.610755E-10,4.610755E-10,-4.781601,3.606346
'[19:15:04.924 21/01/2026]',-4.14112,-6.759125,-3.912651,-4.545048,4.610755E-10,4.610755E-10,-4.781601,3.606346
'[19:15:04.932 21/01/2026]',9.579239,10.15098,8.955933,10.34772,4.610755E-10,4.610755E-10,8.708921,10.99443
'[19:15:04.940 21/01/2026]',9.579239,10.15098,8.955933,10.34772,4.610755E-10,4.610755E-10,8.708921,10.99443
'[19:15:04.948 21/01/2026]',-2.200232,-2.084918,-1.054056,-3.0042,4.610755E-10,4.610755E-10,-1.572753,-10.52425
'[19:15:04.956 21/01/2026]',-2.200232,-2.084918,-1.054056,-3.0042,4.610755E-10,4.610755E-10,-1.572753,-10.52425
'[19:15:04.964 21/01/2026]',-2.200232,-2.084918,-1.054056,-3.0042,4.610755E-10,4.610755E-10,-1.572753,-10.52425
'[19:15:04.972 21/01/2026]',-2.200232,-2.084918,-1.054056,-3.0042,4.610755E-10,4.610755E-10,-1.572753,-10.52425
'[19:15:04.980 21/01/2026]',-3.412565,-2.067681,-2.359297,-0.6873376,4.610755E-10,4.610755E-10,-1.164241,5.689631
'[19:15:04.988 21/01/2026]',3.543711,0.2076557,2.258534,0.9332809,4.610755E-10,4.610755E-10,5.32724,-11.14573
'[19:15:04.996 21/01/2026]',3.543711,0.2076557,2.258534,0.9332809,4.610755E-10,4.610755E-10,5.32724,-11.14573
'[19:15:05.004 21/01/2026]',-4.610317,-1.649366,-1.839953,-2.932131,4.610755E-10,4.610755E-10,-4.194702,3.792784
'[19:15:05.012 21/01/2026]',3.917926,4.100317,3.421554,6.353118,4.610755E-10,4.610755E-10,4.474238,-7.605442
'[19:15:05.020 21/01/2026]',3.917926,4.100317,3.421554,6.353118,4.610755E-10,4.610755E-10,4.474238,-7.605442
'[19:15:05.028 21/01/2026]',3.917926,4.100317,3.421554,6.353118,4.610755E-10,4.610755E-10,4.474238,-7.605442
'[19:15:05.036 21/01/2026]',-3.241798,-8.838833,-2.802109,-4.970442,4.610755E-10,4.610755E-10,-5.049119,-25.84939
'[19:15:05.044 21/01/2026]',-3.241798,-8.838833,-2.802109,-4.970442,4.610755E-10,4.610755E-10,-5.049119,-25.84939
'[19:15:05.052 21/01/2026]',-28.4842,-24.26028,-11.96811,-12.48291,4.610755E-10,4.610755E-10,-3.661993,58.05325
'[19:15:05.060 21/01/2026]',-28.4842,-24.26028,-11.96811,-12.48291,4.610755E-10,4.610755E-10,-3.661993,58.05325
'[19:15:05.068 21/01/2026]',-28.4842,-24.26028,-11.96811,-12.48291,4.610755E-10,4.610755E-10,-3.661993,58.05325
'[19:15:05.076 21/01/2026]',-28.4842,-24.26028,-11.96811,-12.48291,4.610755E-10,4.610755E-10,-3.661993,58.05325
'[19:15:05.084 21/01/2026]',-28.4842,-24.26028,-11.96811,-12.48291,4.610755E-10,4.610755E-10,-3.661993,58.05325
'[19:15:05.092 21/01/2026]',-28.4842,-24.26028,-11.96811,-12.48291,4.610755E-10,4.610755E-10,-3.661993,58.05325
'[19:15:05.100 21/01/2026]',16.47305,15.05963,5.677436,7.462682,4.610755E-10,4.610755E-10,3.077236,-22.38689
'[19:15:05.108 21/01/2026]',63.99308,71.45538,24.28056,25.428,4.610755E-10,4.610755E-10,8.554841,-10.65527
'[19:15:05.116 21/01/2026]',-42.69552,-54.26398,-13.24823,-16.04596,4.610755E-10,4.610755E-10,-4.248908,2.68537
'[19:15:05.124 21/01/2026]',-32.3589,-28.02284,-16.68991,-15.15899,4.610755E-10,4.610755E-10,-9.193008,-12.41323
'[19:15:05.132 21/01/2026]',31.58655,36.38476,16.98074,16.26467,4.610755E-10,4.610755E-10,11.58158,17.52531
'[19:15:05.140 21/01/2026]',31.58655,36.38476,16.98074,16.26467,4.610755E-10,4.610755E-10,11.58158,17.52531
'[19:15:05.148 21/01/2026]',4.43332,-0.510525,0.1575381,0.7301695,4.610755E-10,4.610755E-10,-2.306752,24.43433
'[19:15:05.156 21/01/2026]',4.43332,-0.510525,0.1575381,0.7301695,4.610755E-10,4.610755E-10,-2.306752,24.43433
'[19:15:05.164 21/01/2026]',4.43332,-0.510525,0.1575381,0.7301695,4.610755E-10,4.610755E-10,-2.306752,24.43433
'[19:15:05.172 21/01/2026]',-13.09309,-13.22565,-7.07839,-6.144893,4.610755E-10,4.610755E-10,-3.518078,-10.18106
'[19:15:05.180 21/01/2026]',-13.09309,-13.22565,-7.07839,-6.144893,4.610755E-10,4.610755E-10,-3.518078,-10.18106
'[19:15:05.188 21/01/2026]',-13.09309,-13.22565,-7.07839,-6.144893,4.610755E-10,4.610755E-10,-3.518078,-10.18106
'[19:15:05.196 21/01/2026]',-0.1322991,-0.4292821,2.6537,0.02236676,4.610755E-10,4.610755E-10,2.724475,-46.03128
'[19:15:05.204 21/01/2026]',8.939901,10.65948,3.757923,5.087566,4.610755E-10,4.610755E-10,3.453058,15.45902
'[19:15:05.212 21/01/2026]',8.939901,10.65948,3.757923,5.087566,4.610755E-10,4.610755E-10,3.453058,15.45902
'[19:15:05.220 21/01/2026]',-3.018091,-4.12705,-1.756997,-1.76919,4.610755E-10,4.610755E-10,-2.839309,27.56231
'[19:15:05.228 21/01/2026]',-3.018091,-4.12705,-1.756997,-1.76919,4.610755E-10,4.610755E-10,-2.839309,27.56231
'[19:15:05.236 21/01/2026]',-3.018091,-4.12705,-1.756997,-1.76919,4.610755E-10,4.610755E-10,-2.839309,27.56231
'[19:15:05.244 21/01/2026]',-3.018091,-4.12705,-1.756997,-1.76919,4.610755E-10,4.610755E-10,-2.839309,27.56231
'[19:15:05.252 21/01/2026]',-3.018091,-4.12705,-1.756997,-1.76919,4.610755E-10,4.610755E-10,-2.839309,27.56231
'[19:15:05.260 21/01/2026]',-4.464722,-4.621904,-1.329285,-2.286475,4.610755E-10,4.610755E-10,-0.1651984,-17.34622
'[19:15:05.268 21/01/2026]',-4.464722,-4.621904,-1.329285,-2.286475,4.610755E-10,4.610755E-10,-0.1651984,-17.34622
'[19:15:05.276 21/01/2026]',0.4659196,1.607953,-2.143258,2.248297,4.610755E-10,4.610755E-10,1.555382,19.1614
'[19:15:05.284 21/01/2026]',-2.204957,2.47473,1.498158,-0.5247666,4.610755E-10,4.610755E-10,1.833553,-4.68912
'[19:15:05.292 21/01/2026]',0.8495208,-5.1797,2.109678,-0.998988,4.610755E-10,4.610755E-10,-3.869594,3.930845
'[19:15:05.300 21/01/2026]',13.0271,12.77231,-0.509694,3.315237,4.610755E-10,4.610755E-10,-0.4742718,-6.36447
'[19:15:05.308 21/01/2026]',-10.9635,-8.079178,-1.427161,-2.812059,4.610755E-10,4.610755E-10,4.424855,-43.30685
'[19:15:05.316 21/01/2026]',-3.123693,-1.516014,-2.595785,0.06814026,4.610755E-10,4.610755E-10,-3.185834,26.78333
'[19:15:05.324 21/01/2026]',5.19623,2.661231,2.779423,-0.6822101,4.610755E-10,4.610755E-10,-2.372034,-3.925222
'[19:15:05.332 21/01/2026]',0.3094071,-3.300491,2.573762,0.1927674,4.610755E-10,4.610755E-10,3.243206,23.48449
'[19:15:05.340 21/01/2026]',-1.917054,2.875595,-3.007306,2.207674,4.610755E-10,4.610755E-10,1.939668,-2.760935
'[19:15:05.348 21/01/2026]',-2.057501,-2.707449,-2.442923,-6.789825,4.610755E-10,4.610755E-10,-8.207045,-8.259601
'[19:15:05.356 21/01/2026]',-2.057501,-2.707449,-2.442923,-6.789825,4.610755E-10,4.610755E-10,-8.207045,-8.259601
'[19:15:05.364 21/01/2026]',-0.2219161,-2.524178,1.639951,4.279735,4.610755E-10,4.610755E-10,7.994696,15.70164
'[19:15:05.372 21/01/2026]',10.65439,13.63154,9.352313,9.549984,4.610755E-10,4.610755E-10,3.416811,24.56549
'[19:15:05.380 21/01/2026]',-8.566961,-9.794453,-10.65645,-12.34661,4.610755E-10,4.610755E-10,-7.580504,-77.87463
'[19:15:05.388 21/01/2026]',-1.738877,-4.469667,-0.4163207,0.6793373,4.610755E-10,4.610755E-10,2.182217,-4.317829
'[19:15:05.396 21/01/2026]',2.623976,10.96821,6.351937,9.39819,4.610755E-10,4.610755E-10,3.547178,93.51225
'[19:15:05.404 21/01/2026]',6.89934,0.546382,1.502785,-1.607384,4.610755E-10,4.610755E-10,0.6647001,-59.16473
'[19:15:05.412 21/01/2026]',-9.391171,-12.31521,-5.945349,-8.959237,4.610755E-10,4.610755E-10,-6.433415,-4.93518
'[19:15:05.420 21/01/2026]',-3.027982,1.69868,-2.780834,4.040353,4.610755E-10,4.610755E-10,1.767783,36.22217
'[19:15:05.428 21/01/2026]',4.522137,5.324287,4.56366,1.903492,4.610755E-10,4.610755E-10,4.686649,-14.14448
'[19:15:05.436 21/01/2026]',4.522137,5.324287,4.56366,1.903492,4.610755E-10,4.610755E-10,4.686649,-14.14448
'[19:15:05.444 21/01/2026]',4.522137,5.324287,4.56366,1.903492,4.610755E-10,4.610755E-10,4.686649,-14.14448
'[19:15:05.452 21/01/2026]',1.691022,0.02632373,2.568643,0.6962967,4.610755E-10,4.610755E-10,-3.20795,-30.3996
'[19:15:05.460 21/01/2026]',1.691022,0.02632373,2.568643,0.6962967,4.610755E-10,4.610755E-10,-3.20795,-30.3996
'[19:15:05.468 21/01/2026]',-1.821523,-6.059402,-2.126897,-3.816641,4.610755E-10,4.610755E-10,-1.429327,14.82669
'[19:15:05.476 21/01/2026]',-3.361605,0.7990377,-4.650728,-0.3781152,4.610755E-10,4.610755E-10,-0.3794606,29.99997
'[19:15:05.484 21/01/2026]',3.045287,1.686522,3.181999,2.450137,4.610755E-10,4.610755E-10,-0.1644279,-36.39524
'[19:15:05.492 21/01/2026]',1.303901,2.077008,1.428527,0.2528555,4.610755E-10,4.610755E-10,1.304966,-4.052775
'[19:15:05.500 21/01/2026]',-2.097272,-4.688847,-2.834078,-4.285778,4.610755E-10,4.610755E-10,-1.748087,-6.945136
'[19:15:05.508 21/01/2026]',0.5314568,2.287962,0.7606511,2.274043,4.610755E-10,4.610755E-10,-1.365672,38.25508
'[19:15:05.516 21/01/2026]',2.59396,2.944878,0.8855204,2.063883,4.610755E-10,4.610755E-10,1.723584,-26.64656
'[19:15:05.524 21/01/2026]',-6.588537,-6.618164,-2.600011,-5.702324,4.610755E-10,4.610755E-10,-3.331434,11.52471
'[19:15:05.532 21/01/2026]',7.335278,7.234818,5.149917,8.237065,4.610755E-10,4.610755E-10,5.227883,-22.72902
'[19:15:05.540 21/01/2026]',-1.321202,-2.443612,-0.7474973,-1.353522,4.610755E-10,4.610755E-10,0.2731877,17.57999
'[19:15:05.548 21/01/2026]',-1.321202,-2.443612,-0.7474973,-1.353522,4.610755E-10,4.610755E-10,0.2731877,17.57999
'[19:15:05.556 21/01/2026]',-1.321202,-2.443612,-0.7474973,-1.353522,4.610755E-10,4.610755E-10,0.2731877,17.57999
'[19:15:05.564 21/01/2026]',-1.321202,-2.443612,-0.7474973,-1.353522,4.610755E-10,4.610755E-10,0.2731877,17.57999
'[19:15:05.572 21/01/2026]',-5.086151,-2.806122,-2.051647,-5.503694,4.610755E-10,4.610755E-10,-4.151606,-8.663369
'[19:15:05.580 21/01/2026]',2.471205,0.0869959,-0.5602322,1.883381,4.610755E-10,4.610755E-10,0.008355758,16.76982
'[19:15:05.588 21/01/2026]',2.471205,0.0869959,-0.5602322,1.883381,4.610755E-10,4.610755E-10,0.008355758,16.76982
'[19:15:05.596 21/01/2026]',2.471205,0.0869959,-0.5602322,1.883381,4.610755E-10,4.610755E-10,0.008355758,16.76982
'[19:15:05.604 21/01/2026]',-1.669735,-2.269662,0.317107,1.928191,4.610755E-10,4.610755E-10,5.995056,-9.825313
'[19:15:05.612 21/01/2026]',-1.669735,-2.269662,0.317107,1.928191,4.610755E-10,4.610755E-10,5.995056,-9.825313
'[19:15:05.620 21/01/2026]',1.811715,4.34326,1.636505,1.292089,4.610755E-10,4.610755E-10,-2.062734,-16.50274
'[19:15:05.628 21/01/2026]',2.776988,2.438557,0.3988681,-1.397143,4.610755E-10,4.610755E-10,-2.325757,37.64795
'[19:15:05.636 21/01/2026]',2.776988,2.438557,0.3988681,-1.397143,4.610755E-10,4.610755E-10,-2.325757,37.64795
'[19:15:05.644 21/01/2026]',-0.2665499,-3.434334,-0.7114775,0.6524209,4.610755E-10,4.610755E-10,3.802937,2.22844
'[19:15:05.652 21/01/2026]',-0.2665499,-3.434334,-0.7114775,0.6524209,4.610755E-10,4.610755E-10,3.802937,2.22844
'[19:15:05.660 21/01/2026]',-3.78213,-2.96586,-0.5856477,-1.627814,4.610755E-10,4.610755E-10,-1.472416,-67.96724
'[19:15:05.668 21/01/2026]',-3.78213,-2.96586,-0.5856477,-1.627814,4.610755E-10,4.610755E-10,-1.472416,-67.96724
'[19:15:05.676 21/01/2026]',-3.78213,-2.96586,-0.5856477,-1.627814,4.610755E-10,4.610755E-10,-1.472416,-67.96724
'[19:15:05.684 21/01/2026]',-13.90676,-8.254846,-3.369662,-0.2336679,4.610755E-10,4.610755E-10,2.850282,58.18315
'[19:15:05.692 21/01/2026]',12.49036,5.080022,2.421692,-1.276905,4.610755E-10,4.610755E-10,-0.4081088,31.02256
'[19:15:05.700 21/01/2026]',12.49036,5.080022,2.421692,-1.276905,4.610755E-10,4.610755E-10,-0.4081088,31.02256
'[19:15:05.708 21/01/2026]',12.49036,5.080022,2.421692,-1.276905,4.610755E-10,4.610755E-10,-0.4081088,31.02256
'[19:15:05.716 21/01/2026]',33.39373,31.72193,13.47873,12.28897,4.610755E-10,4.610755E-10,1.239162,-67.97462
'[19:15:05.724 21/01/2026]',33.39373,31.72193,13.47873,12.28897,4.610755E-10,4.610755E-10,1.239162,-67.97462
'[19:15:05.732 21/01/2026]',33.39373,31.72193,13.47873,12.28897,4.610755E-10,4.610755E-10,1.239162,-67.97462
'[19:15:05.740 21/01/2026]',-21.17647,-16.14076,-6.030273,-3.371052,4.610755E-10,4.610755E-10,0.4325776,15.92357
'[19:15:05.748 21/01/2026]',-18.78267,-18.61587,-7.823674,-8.111458,4.610755E-10,4.610755E-10,1.984889,18.95882
'[19:15:05.756 21/01/2026]',-18.78267,-18.61587,-7.823674,-8.111458,4.610755E-10,4.610755E-10,1.984889,18.95882
'[19:15:05.764 21/01/2026]',11.45875,10.193,1.696179,1.160396,4.610755E-10,4.610755E-10,-4.490991,-3.777534
'[19:15:05.772 21/01/2026]',11.45875,10.193,1.696179,1.160396,4.610755E-10,4.610755E-10,-4.490991,-3.777534
'[19:15:05.780 21/01/2026]',6.040024,5.070121,5.481813,4.888667,4.610755E-10,4.610755E-10,3.506903,-7.48811
'[19:15:05.788 21/01/2026]',6.040024,5.070121,5.481813,4.888667,4.610755E-10,4.610755E-10,3.506903,-7.48811
'[19:15:05.796 21/01/2026]',6.040024,5.070121,5.481813,4.888667,4.610755E-10,4.610755E-10,3.506903,-7.48811
'[19:15:05.804 21/01/2026]',-1.894129,3.892822,-0.09006704,3.772032,4.610755E-10,4.610755E-10,2.014034,-6.145776
'[19:15:05.812 21/01/2026]',-1.894129,3.892822,-0.09006704,3.772032,4.610755E-10,4.610755E-10,2.014034,-6.145776
'[19:15:05.820 21/01/2026]',-12.01894,-16.23077,-10.09808,-14.39161,4.610755E-10,4.610755E-10,-9.34755,19.44277
'[19:15:05.828 21/01/2026]',-12.01894,-16.23077,-10.09808,-14.39161,4.610755E-10,4.610755E-10,-9.34755,19.44277
'[19:15:05.836 21/01/2026]',7.87656,8.143231,7.81745,10.74297,4.610755E-10,4.610755E-10,8.928784,-5.381437
'[19:15:05.844 21/01/2026]',7.87656,8.143231,7.81745,10.74297,4.610755E-10,4.610755E-10,8.928784,-5.381437
'[19:15:05.852 21/01/2026]',2.235822,3.372131,1.044118,2.008745,4.610755E-10,4.610755E-10,-2.574601,7.371703
'[19:15:05.860 21/01/2026]',2.235822,3.372131,1.044118,2.008745,4.610755E-10,4.610755E-10,-2.574601,7.371703
'[19:15:05.868 21/01/2026]',2.235822,3.372131,1.044118,2.008745,4.610755E-10,4.610755E-10,-2.574601,7.371703
'[19:15:05.876 21/01/2026]',-2.995758,-2.635331,-2.375272,-4.880137,4.610755E-10,4.610755E-10,1.002662,12.07772
'[19:15:05.884 21/01/2026]',1.071389,-0.1608878,-0.4593449,2.492303,4.610755E-10,4.610755E-10,-3.216317,-12.18989
'[19:15:05.892 21/01/2026]',1.071389,-0.1608878,-0.4593449,2.492303,4.610755E-10,4.610755E-10,-3.216317,-12.18989
'[19:15:05.900 21/01/2026]',1.071389,-0.1608878,-0.4593449,2.492303,4.610755E-10,4.610755E-10,-3.216317,-12.18989
'[19:15:05.908 21/01/2026]',1.071389,-0.1608878,-0.4593449,2.492303,4.610755E-10,4.610755E-10,-3.216317,-12.18989
'[19:15:05.916 21/01/2026]',1.071389,-0.1608878,-0.4593449,2.492303,4.610755E-10,4.610755E-10,-3.216317,-12.18989
'[19:15:05.924 21/01/2026]',-1.286927,-1.162808,0.05788721,-2.580885,4.610755E-10,4.610755E-10,2.940328,-21.2363
'[19:15:05.932 21/01/2026]',-1.286927,-1.162808,0.05788721,-2.580885,4.610755E-10,4.610755E-10,2.940328,-21.2363
'[19:15:05.940 21/01/2026]',-2.149356,0.1485063,0.8759003,0.131822,4.610755E-10,4.610755E-10,-1.760372,0.8334234
'[19:15:05.948 21/01/2026]',0.4989903,-3.19082,-2.846834,-1.436428,4.610755E-10,4.610755E-10,-2.784963,15.27581
'[19:15:05.956 21/01/2026]',0.4989903,-3.19082,-2.846834,-1.436428,4.610755E-10,4.610755E-10,-2.784963,15.27581
'[19:15:05.964 21/01/2026]',5.650868,5.585853,6.332113,4.015663,4.610755E-10,4.610755E-10,0.9107958,-5.062602
'[19:15:05.972 21/01/2026]',5.596822,7.334025,1.191136,3.026081,4.610755E-10,4.610755E-10,4.864506,10.74927
'[19:15:05.980 21/01/2026]',5.596822,7.334025,1.191136,3.026081,4.610755E-10,4.610755E-10,4.864506,10.74927
'[19:15:05.988 21/01/2026]',5.596822,7.334025,1.191136,3.026081,4.610755E-10,4.610755E-10,4.864506,10.74927
'[19:15:05.996 21/01/2026]',-7.233578,-8.678917,-7.077726,-4.696507,4.610755E-10,4.610755E-10,-0.1093382,-27.06746
'[19:15:06.004 21/01/2026]',-7.233578,-8.678917,-7.077726,-4.696507,4.610755E-10,4.610755E-10,-0.1093382,-27.06746
'[19:15:06.012 21/01/2026]',-10.73923,-10.19102,0.3964443,-4.795083,4.610755E-10,4.610755E-10,-10.51456,-36.70845
'[19:15:06.020 21/01/2026]',12.7659,11.10168,5.193476,8.112466,4.610755E-10,4.610755E-10,8.883997,31.38508
'[19:15:06.028 21/01/2026]',-5.650695,-2.88818,-6.183698,-4.643545,4.610755E-10,4.610755E-10,0.3066922,40.00351
'[19:15:06.036 21/01/2026]',-2.222862,-3.506096,2.397727,-0.8309688,4.610755E-10,4.610755E-10,-3.68313,-22.11016
'[19:15:06.044 21/01/2026]',-2.222862,-3.506096,2.397727,-0.8309688,4.610755E-10,4.610755E-10,-3.68313,-22.11016
'[19:15:06.052 21/01/2026]',-2.222862,-3.506096,2.397727,-0.8309688,4.610755E-10,4.610755E-10,-3.68313,-22.11016
'[19:15:06.060 21/01/2026]',-2.222862,-3.506096,2.397727,-0.8309688,4.610755E-10,4.610755E-10,-3.68313,-22.11016
'[19:15:06.068 21/01/2026]',5.188745,6.843358,4.535694,5.925279,4.610755E-10,4.610755E-10,2.127219,-6.303676
'[19:15:06.076 21/01/2026]',0.8113812,-0.4682038,-4.812633,-3.499947,4.610755E-10,4.610755E-10,-0.4877474,24.08939
'[19:15:06.084 21/01/2026]',-8.768426,-8.561416,-3.174294,-4.525217,4.610755E-10,4.610755E-10,-1.905678,-12.86459
'[19:15:06.092 21/01/2026]',6.079082,7.908157,5.923246,5.711327,4.610755E-10,4.610755E-10,3.989542,-6.437294
'[19:15:06.100 21/01/2026]',4.976336,1.720725,0.2957469,0.8801074,4.610755E-10,4.610755E-10,1.586222,10.67553
'[19:15:06.108 21/01/2026]',-5.071286,-3.251501,-2.361469,-1.558249,4.610755E-10,4.610755E-10,-1.393682,-30.98651
'[19:15:06.116 21/01/2026]',1.290672,1.725514,3.948589,3.41993,4.610755E-10,4.610755E-10,1.023603,61.76787
'[19:15:06.124 21/01/2026]',-3.241954,-3.482101,-3.353286,-6.298577,4.610755E-10,4.610755E-10,-3.603067,-42.20086
'[19:15:06.132 21/01/2026]',4.691544,4.730024,1.568224,5.491351,4.610755E-10,4.610755E-10,5.574481,0.6664328
'[19:15:06.140 21/01/2026]',0.05296947,-1.608018,0.02559835,-0.6694269,4.610755E-10,4.610755E-10,0.08624664,7.832127
'[19:15:06.148 21/01/2026]',-0.5869752,0.8026064,2.017674,1.010203,4.610755E-10,4.610755E-10,-3.600937,-10.74342
'[19:15:06.156 21/01/2026]',-1.421681,-0.7862619,-2.772336,-3.926229,4.610755E-10,4.610755E-10,-1.31125,9.689515
'[19:15:06.164 21/01/2026]',1.633882,0.9334048,0.7445714,4.389372,4.610755E-10,4.610755E-10,4.4319,1.090804
'[19:15:06.172 21/01/2026]',-0.4275514,-0.5925127,0.4784077,-1.029155,4.610755E-10,4.610755E-10,-1.741204,-1.824609
'[19:15:06.180 21/01/2026]',-1.240803,0.06453225,0.09406491,-0.9200878,4.610755E-10,4.610755E-10,-1.429332,19.00238
'[19:15:06.188 21/01/2026]',-9.157007,-11.77874,-5.802509,-5.672975,4.610755E-10,4.610755E-10,-0.7666924,-25.33962
'[19:15:06.196 21/01/2026]',4.375884,3.83986,1.88077,1.412963,4.610755E-10,4.610755E-10,-0.9116401,7.708452
'[19:15:06.204 21/01/2026]',19.55862,23.59543,9.408623,13.51245,4.610755E-10,4.610755E-10,5.853268,2.325186
'[19:15:06.212 21/01/2026]',-15.05509,-16.23039,-5.430439,-9.922508,4.610755E-10,4.610755E-10,-1.413333,-2.526571
'[19:15:06.220 21/01/2026]',-6.674813,-9.664219,-5.462929,-6.24972,4.610755E-10,4.610755E-10,-2.063627,-5.809998
'[19:15:06.228 21/01/2026]',12.99205,14.25295,9.901253,13.31061,4.610755E-10,4.610755E-10,4.208856,-15.1197
'[19:15:06.236 21/01/2026]',12.99205,14.25295,9.901253,13.31061,4.610755E-10,4.610755E-10,4.208856,-15.1197
'[19:15:06.244 21/01/2026]',12.99205,14.25295,9.901253,13.31061,4.610755E-10,4.610755E-10,4.208856,-15.1197
'[19:15:06.252 21/01/2026]',0.1338595,2.436538,-2.136388,-2.636264,4.610755E-10,4.610755E-10,-2.16321,19.93123
'[19:15:06.260 21/01/2026]',-7.066339,-8.531592,-3.478628,-6.079318,4.610755E-10,4.610755E-10,-0.3022328,-11.80936
'[19:15:06.268 21/01/2026]',1.789815,1.433507,0.8055615,3.067445,4.610755E-10,4.610755E-10,2.60318,-2.732659
'[19:15:06.276 21/01/2026]',3.217882,3.260486,3.644498,2.720814,4.610755E-10,4.610755E-10,-1.166617,19.28442
'[19:15:06.284 21/01/2026]',-4.514044,-4.23979,-5.553146,-3.795093,4.610755E-10,4.610755E-10,-2.902871,-29.58412
'[19:15:06.292 21/01/2026]',-4.514044,-4.23979,-5.553146,-3.795093,4.610755E-10,4.610755E-10,-2.902871,-29.58412
'[19:15:06.300 21/01/2026]',-4.514044,-4.23979,-5.553146,-3.795093,4.610755E-10,4.610755E-10,-2.902871,-29.58412
'[19:15:06.308 21/01/2026]',1.299953,0.6299174,0.5969062,0.9995113,4.610755E-10,4.610755E-10,2.778899,13.18328
'[19:15:06.316 21/01/2026]',1.299953,0.6299174,0.5969062,0.9995113,4.610755E-10,4.610755E-10,2.778899,13.18328
'[19:15:06.324 21/01/2026]',1.442109,0.8025036,3.46927,1.513441,4.610755E-10,4.610755E-10,0.1084876,5.317454
'[19:15:06.332 21/01/2026]',1.442109,0.8025036,3.46927,1.513441,4.610755E-10,4.610755E-10,0.1084876,5.317454
'[19:15:06.340 21/01/2026]',-1.856262,-0.7265095,-2.418015,-2.247294,4.610755E-10,4.610755E-10,-2.119491,-0.9816059
'[19:15:06.348 21/01/2026]',-1.856262,-0.7265095,-2.418015,-2.247294,4.610755E-10,4.610755E-10,-2.119491,-0.9816059
'[19:15:06.356 21/01/2026]',-1.035275,-1.337321,-1.628933,-1.872283,4.610755E-10,4.610755E-10,-3.40157,11.59552
'[19:15:06.364 21/01/2026]',-1.035275,-1.337321,-1.628933,-1.872283,4.610755E-10,4.610755E-10,-3.40157,11.59552
'[19:15:06.372 21/01/2026]',-1.035275,-1.337321,-1.628933,-1.872283,4.610755E-10,4.610755E-10,-3.40157,11.59552
'[19:15:06.380 21/01/2026]',-1.035275,-1.337321,-1.628933,-1.872283,4.610755E-10,4.610755E-10,-3.40157,11.59552
'[19:15:06.388 21/01/2026]',-1.035275,-1.337321,-1.628933,-1.872283,4.610755E-10,4.610755E-10,-3.40157,11.59552
'[19:15:06.396 21/01/2026]',3.554511,3.607221,3.785655,5.352124,4.610755E-10,4.610755E-10,7.789425,-26.26536
'[19:15:06.404 21/01/2026]',3.554511,3.607221,3.785655,5.352124,4.610755E-10,4.610755E-10,7.789425,-26.26536
'[19:15:06.412 21/01/2026]',-0.9538212,-2.6879,-0.4969623,-4.242925,4.610755E-10,4.610755E-10,-4.417143,12.74852
'[19:15:06.420 21/01/2026]',3.368081,11.98152,0.4830873,4.475684,4.610755E-10,4.610755E-10,-0.2995071,4.433516
'[19:15:06.428 21/01/2026]',-0.5613847,-5.977044,1.238496,0.04601839,4.610755E-10,4.610755E-10,4.817494,-15.82578
'[19:15:06.436 21/01/2026]',-0.5613847,-5.977044,1.238496,0.04601839,4.610755E-10,4.610755E-10,4.817494,-15.82578
'[19:15:06.444 21/01/2026]',-11.48921,-17.89433,-4.860711,-6.867277,4.610755E-10,4.610755E-10,-6.303186,0.05287851
'[19:15:06.452 21/01/2026]',-11.48921,-17.89433,-4.860711,-6.867277,4.610755E-10,4.610755E-10,-6.303186,0.05287851
'[19:15:06.460 21/01/2026]',10.44635,18.37438,5.548378,6.600446,4.610755E-10,4.610755E-10,5.422338,23.45505
'[19:15:06.468 21/01/2026]',10.44635,18.37438,5.548378,6.600446,4.610755E-10,4.610755E-10,5.422338,23.45505
'[19:15:06.476 21/01/2026]',-3.835066,-6.360857,-4.197568,-4.364592,4.610755E-10,4.610755E-10,-4.600234,-6.698528
'[19:15:06.484 21/01/2026]',-3.835066,-6.360857,-4.197568,-4.364592,4.610755E-10,4.610755E-10,-4.600234,-6.698528
'[19:15:06.492 21/01/2026]',-0.6053416,0.05513841,0.2153604,2.584625,4.610755E-10,4.610755E-10,2.926966,-13.39389
'[19:15:06.500 21/01/2026]',-0.6053416,0.05513841,0.2153604,2.584625,4.610755E-10,4.610755E-10,2.926966,-13.39389
'[19:15:06.508 21/01/2026]',2.269407,0.5065526,2.657368,1.061481,4.610755E-10,4.610755E-10,-1.584716,22.05072
'[19:15:06.516 21/01/2026]',2.269407,0.5065526,2.657368,1.061481,4.610755E-10,4.610755E-10,-1.584716,22.05072
'[19:15:06.524 21/01/2026]',2.269407,0.5065526,2.657368,1.061481,4.610755E-10,4.610755E-10,-1.584716,22.05072
'[19:15:06.532 21/01/2026]',-2.998879,-2.605626,-4.76896,-4.226259,4.610755E-10,4.610755E-10,-4.029939,0.8381442
'[19:15:06.540 21/01/2026]',-2.998879,-2.605626,-4.76896,-4.226259,4.610755E-10,4.610755E-10,-4.029939,0.8381442
'[19:15:06.548 21/01/2026]',1.738042,3.050817,3.039936,3.000701,4.610755E-10,4.610755E-10,6.448068,-19.40331
'[19:15:06.556 21/01/2026]',1.738042,3.050817,3.039936,3.000701,4.610755E-10,4.610755E-10,6.448068,-19.40331
'[19:15:06.564 21/01/2026]',1.738042,3.050817,3.039936,3.000701,4.610755E-10,4.610755E-10,6.448068,-19.40331
'[19:15:06.572 21/01/2026]',1.738042,3.050817,3.039936,3.000701,4.610755E-10,4.610755E-10,6.448068,-19.40331
'[19:15:06.580 21/01/2026]',-5.563844,-9.536519,-1.742189,-1.557831,4.610755E-10,4.610755E-10,-2.577816,16.07793
'[19:15:06.588 21/01/2026]',-1.876078,-0.6271966,-3.755701,-3.331416,4.610755E-10,4.610755E-10,-3.814836,-4.95453
'[19:15:06.596 21/01/2026]',-1.876078,-0.6271966,-3.755701,-3.331416,4.610755E-10,4.610755E-10,-3.814836,-4.95453
'[19:15:06.604 21/01/2026]',11.05516,15.51311,4.041965,3.303364,4.610755E-10,4.610755E-10,-0.1135084,-13.30004
'[19:15:06.612 21/01/2026]',-3.301172,-8.292174,1.093741,-0.6745908,4.610755E-10,4.610755E-10,4.738453,-5.366667
'[19:15:06.620 21/01/2026]',-3.301172,-8.292174,1.093741,-0.6745908,4.610755E-10,4.610755E-10,4.738453,-5.366667
'[19:15:06.628 21/01/2026]',-3.301172,-8.292174,1.093741,-0.6745908,4.610755E-10,4.610755E-10,4.738453,-5.366667
'[19:15:06.636 21/01/2026]',-5.28097,-4.657695,-4.441862,-2.648866,4.610755E-10,4.610755E-10,-3.286529,12.66062
'[19:15:06.644 21/01/2026]',4.81837,6.710419,3.380191,5.933581,4.610755E-10,4.610755E-10,3.074079,13.06899
'[19:15:06.652 21/01/2026]',4.81837,6.710419,3.380191,5.933581,4.610755E-10,4.610755E-10,3.074079,13.06899
'[19:15:06.660 21/01/2026]',4.81837,6.710419,3.380191,5.933581,4.610755E-10,4.610755E-10,3.074079,13.06899
'[19:15:06.668 21/01/2026]',4.81837,6.710419,3.380191,5.933581,4.610755E-10,4.610755E-10,3.074079,13.06899
'[19:15:06.676 21/01/2026]',3.344645,1.835274,3.613904,-0.2149893,4.610755E-10,4.610755E-10,0.2086226,-28.42535
'[19:15:06.684 21/01/2026]',3.344645,1.835274,3.613904,-0.2149893,4.610755E-10,4.610755E-10,0.2086226,-28.42535
'[19:15:06.692 21/01/2026]',-2.730805,-2.028629,-1.329746,-1.965618,4.610755E-10,4.610755E-10,1.054178,15.53721
'[19:15:06.700 21/01/2026]',-3.187925,-1.79651,-4.982346,-2.081846,4.610755E-10,4.610755E-10,-2.51875,-5.496092
'[19:15:06.708 21/01/2026]',-3.187925,-1.79651,-4.982346,-2.081846,4.610755E-10,4.610755E-10,-2.51875,-5.496092
'[19:15:06.716 21/01/2026]',1.164809,-1.348655,1.065248,-0.8376601,4.610755E-10,4.610755E-10,-1.587677,-2.392518
'[19:15:06.724 21/01/2026]',1.164809,-1.348655,1.065248,-0.8376601,4.610755E-10,4.610755E-10,-1.587677,-2.392518
'[19:15:06.732 21/01/2026]',1.164809,-1.348655,1.065248,-0.8376601,4.610755E-10,4.610755E-10,-1.587677,-2.392518
'[19:15:06.740 21/01/2026]',1.164809,-1.348655,1.065248,-0.8376601,4.610755E-10,4.610755E-10,-1.587677,-2.392518
'[19:15:06.748 21/01/2026]',-0.5201148,-2.661902,0.9403577,1.598845,4.610755E-10,4.610755E-10,-0.3957248,1.687271
'[19:15:06.756 21/01/2026]',5.919298,12.51386,6.048169,8.717322,4.610755E-10,4.610755E-10,9.280077,12.57901
'[19:15:06.764 21/01/2026]',5.919298,12.51386,6.048169,8.717322,4.610755E-10,4.610755E-10,9.280077,12.57901
'[19:15:06.772 21/01/2026]',-6.195609,-8.837581,-9.24709,-12.51477,4.610755E-10,4.610755E-10,-10.22146,8.023494
'[19:15:06.780 21/01/2026]',1.264378,-1.440025,3.181036,2.831326,4.610755E-10,4.610755E-10,0.6561641,-37.39092
'[19:15:06.788 21/01/2026]',0.9750271,1.687586,2.171031,2.160018,4.610755E-10,4.610755E-10,3.21321,18.65551
'[19:15:06.796 21/01/2026]',-0.4344737,2.747118,-0.01617083,2.832321,4.610755E-10,4.610755E-10,0.5051736,35.28791
'[19:15:06.804 21/01/2026]',-5.116249,-7.95303,-4.55884,-5.057236,4.610755E-10,4.610755E-10,-2.289562,-27.28395
'[19:15:06.812 21/01/2026]',7.1923,6.858382,5.578924,1.371094,4.610755E-10,4.610755E-10,2.174819,12.61267
'[19:15:06.820 21/01/2026]',7.1923,6.858382,5.578924,1.371094,4.610755E-10,4.610755E-10,2.174819,12.61267
'[19:15:06.828 21/01/2026]',-12.15752,-8.583061,-2.296651,-0.06952316,4.610755E-10,4.610755E-10,0.2930228,2.184535
'[19:15:06.836 21/01/2026]',-16.70833,-17.83989,-6.838622,-4.210891,4.610755E-10,4.610755E-10,1.836829,0.7204127
'[19:15:06.844 21/01/2026]',51.384,50.53301,17.19159,14.04498,4.610755E-10,4.610755E-10,-1.026873,5.810129
'[19:15:06.852 21/01/2026]',51.384,50.53301,17.19159,14.04498,4.610755E-10,4.610755E-10,-1.026873,5.810129
'[19:15:06.860 21/01/2026]',9.12999,9.743694,3.585721,1.33399,4.610755E-10,4.610755E-10,1.258024,-13.561
'[19:15:06.868 21/01/2026]',-42.40123,-43.76631,-12.21175,-9.316713,4.610755E-10,4.610755E-10,3.520471,6.207044
'[19:15:06.876 21/01/2026]',1.969989,2.080345,-2.33532,-0.9726721,4.610755E-10,4.610755E-10,-5.846179,0.2439505
'[19:15:06.884 21/01/2026]',17.56278,14.97455,7.300283,4.766493,4.610755E-10,4.610755E-10,1.854551,-37.98703
'[19:15:06.892 21/01/2026]',-3.911971,-0.3267442,-1.881898,-2.291162,4.610755E-10,4.610755E-10,1.741444,34.0829
'[19:15:06.900 21/01/2026]',-3.911971,-0.3267442,-1.881898,-2.291162,4.610755E-10,4.610755E-10,1.741444,34.0829
'[19:15:06.908 21/01/2026]',-14.98697,-13.48318,-8.269829,-5.749087,4.610755E-10,4.610755E-10,-5.773072,14.38363
'[19:15:06.916 21/01/2026]',11.40056,8.613343,9.992166,10.57715,4.610755E-10,4.610755E-10,7.014373,-9.627963
'[19:15:06.924 21/01/2026]',6.644523,10.67199,2.005769,2.70041,4.610755E-10,4.610755E-10,2.114414,-27.65529
'[19:15:06.932 21/01/2026]',-12.21627,-14.15562,-10.23517,-13.27389,4.610755E-10,4.610755E-10,-7.180171,31.02724
'[19:15:06.940 21/01/2026]',4.574189,1.621093,6.493272,6.626167,4.610755E-10,4.610755E-10,2.237653,-10.55255
'[19:15:06.948 21/01/2026]',4.574189,1.621093,6.493272,6.626167,4.610755E-10,4.610755E-10,2.237653,-10.55255
'[19:15:06.956 21/01/2026]',-12.36517,-6.536377,-4.408659,0.5954248,4.610755E-10,4.610755E-10,3.487063,18.054
'[19:15:06.964 21/01/2026]',8.119879,3.500551,-1.565834,-7.010168,4.610755E-10,4.610755E-10,-5.838589,-16.60502
'[19:15:06.972 21/01/2026]',22.9136,26.53319,10.95063,14.53024,4.610755E-10,4.610755E-10,3.529727,7.093395
'[19:15:06.980 21/01/2026]',-31.05223,-30.81801,-12.46985,-14.26741,4.610755E-10,4.610755E-10,-3.536349,-9.663656
'[19:15:06.988 21/01/2026]',7.247316,7.383354,5.82582,7.519758,4.610755E-10,4.610755E-10,7.373989,8.277809
'[19:15:06.996 21/01/2026]',4.198613,2.574559,-0.3190676,-2.890908,4.610755E-10,4.610755E-10,-4.82822,6.160511
'[19:15:07.004 21/01/2026]',7.444958,7.079431,3.846748,4.700834,4.610755E-10,4.610755E-10,-0.3283609,-13.77286
'[19:15:07.012 21/01/2026]',7.444958,7.079431,3.846748,4.700834,4.610755E-10,4.610755E-10,-0.3283609,-13.77286
'[19:15:07.020 21/01/2026]',-9.403802,-13.03974,-4.87429,-6.705857,4.610755E-10,4.610755E-10,-2.959603,-3.392581
'[19:15:07.028 21/01/2026]',2.148106,4.814127,1.935611,4.429254,4.610755E-10,4.610755E-10,5.336408,-27.72755
'[19:15:07.036 21/01/2026]',2.915451,7.376881,2.113838,5.186242,4.610755E-10,4.610755E-10,3.016099,23.421
'[19:15:07.044 21/01/2026]',2.915451,7.376881,2.113838,5.186242,4.610755E-10,4.610755E-10,3.016099,23.421
'[19:15:07.052 21/01/2026]',2.915451,7.376881,2.113838,5.186242,4.610755E-10,4.610755E-10,3.016099,23.421
'[19:15:07.060 21/01/2026]',2.915451,7.376881,2.113838,5.186242,4.610755E-10,4.610755E-10,3.016099,23.421
'[19:15:07.068 21/01/2026]',2.915451,7.376881,2.113838,5.186242,4.610755E-10,4.610755E-10,3.016099,23.421
'[19:15:07.076 21/01/2026]',-2.556331,-2.591578,-1.651453,-2.367263,4.610755E-10,4.610755E-10,-2.075054,51.39812
'[19:15:07.084 21/01/2026]',-2.556331,-2.591578,-1.651453,-2.367263,4.610755E-10,4.610755E-10,-2.075054,51.39812
'[19:15:07.092 21/01/2026]',-2.556331,-2.591578,-1.651453,-2.367263,4.610755E-10,4.610755E-10,-2.075054,51.39812
'[19:15:07.100 21/01/2026]',0.5889409,-5.131726,-1.783275,-5.506787,4.610755E-10,4.610755E-10,-4.191362,-19.53289
'[19:15:07.108 21/01/2026]',1.864588,4.169782,1.155465,1.936495,4.610755E-10,4.610755E-10,-0.3400382,-44.89362
'[19:15:07.116 21/01/2026]',11.23482,8.849298,6.586539,8.925023,4.610755E-10,4.610755E-10,7.95096,24.70199
'[19:15:07.124 21/01/2026]',-18.22943,-11.82064,-8.125047,-8.867577,4.610755E-10,4.610755E-10,-4.813725,6.634753
'[19:15:07.132 21/01/2026]',-18.22943,-11.82064,-8.125047,-8.867577,4.610755E-10,4.610755E-10,-4.813725,6.634753
'[19:15:07.140 21/01/2026]',-18.22943,-11.82064,-8.125047,-8.867577,4.610755E-10,4.610755E-10,-4.813725,6.634753
'[19:15:07.148 21/01/2026]',1.016356,-1.955231,-0.3210647,-0.3648539,4.610755E-10,4.610755E-10,-2.667567,-8.200513
'[19:15:07.156 21/01/2026]',1.016356,-1.955231,-0.3210647,-0.3648539,4.610755E-10,4.610755E-10,-2.667567,-8.200513
'[19:15:07.164 21/01/2026]',6.300266,2.540755,1.455217,0.9728506,4.610755E-10,4.610755E-10,0.2520958,-15.65654
'[19:15:07.172 21/01/2026]',6.300266,2.540755,1.455217,0.9728506,4.610755E-10,4.610755E-10,0.2520958,-15.65654
'[19:15:07.180 21/01/2026]',1.372124,6.915764,3.585889,3.07393,4.610755E-10,4.610755E-10,6.088999,13.98384
'[19:15:07.188 21/01/2026]',1.372124,6.915764,3.585889,3.07393,4.610755E-10,4.610755E-10,6.088999,13.98384
'[19:15:07.196 21/01/2026]',-7.741613,-8.904819,-5.701366,-4.093932,4.610755E-10,4.610755E-10,-5.171564,1.806203
'[19:15:07.204 21/01/2026]',-7.741613,-8.904819,-5.701366,-4.093932,4.610755E-10,4.610755E-10,-5.171564,1.806203
'[19:15:07.212 21/01/2026]',7.146931,6.575789,5.785769,3.961946,4.610755E-10,4.610755E-10,3.348522,-15.15627
'[19:15:07.220 21/01/2026]',7.146931,6.575789,5.785769,3.961946,4.610755E-10,4.610755E-10,3.348522,-15.15627
'[19:15:07.228 21/01/2026]',7.146931,6.575789,5.785769,3.961946,4.610755E-10,4.610755E-10,3.348522,-15.15627
'[19:15:07.236 21/01/2026]',7.146931,6.575789,5.785769,3.961946,4.610755E-10,4.610755E-10,3.348522,-15.15627
'[19:15:07.244 21/01/2026]',-22.39532,-25.22736,-12.62305,-11.865,4.610755E-10,4.610755E-10,-8.189532,-13.02555
'[19:15:07.252 21/01/2026]',27.35802,30.17924,12.99112,13.31444,4.610755E-10,4.610755E-10,7.747979,32.3253
'[19:15:07.260 21/01/2026]',3.350044,6.561938,0.8231552,2.43747,4.610755E-10,4.610755E-10,-0.6973591,-4.038437
'[19:15:07.268 21/01/2026]',3.350044,6.561938,0.8231552,2.43747,4.610755E-10,4.610755E-10,-0.6973591,-4.038437
'[19:15:07.276 21/01/2026]',-22.00466,-27.42362,-10.22742,-12.63608,4.610755E-10,4.610755E-10,-3.729015,-22.98491
'[19:15:07.284 21/01/2026]',-22.00466,-27.42362,-10.22742,-12.63608,4.610755E-10,4.610755E-10,-3.729015,-22.98491
'[19:15:07.292 21/01/2026]',-22.00466,-27.42362,-10.22742,-12.63608,4.610755E-10,4.610755E-10,-3.729015,-22.98491
'[19:15:07.300 21/01/2026]',6.920984,8.997028,3.978639,4.758075,4.610755E-10,4.610755E-10,5.441719,4.840789
'[19:15:07.308 21/01/2026]',6.920984,8.997028,3.978639,4.758075,4.610755E-10,4.610755E-10,5.441719,4.840789
'[19:15:07.316 21/01/2026]',7.601397,7.355123,2.568586,4.566283,4.610755E-10,4.610755E-10,-4.675731,32.91845
'[19:15:07.324 21/01/2026]',7.601397,7.355123,2.568586,4.566283,4.610755E-10,4.610755E-10,-4.675731,32.91845
'[19:15:07.332 21/01/2026]',7.601397,7.355123,2.568586,4.566283,4.610755E-10,4.610755E-10,-4.675731,32.91845
'[19:15:07.340 21/01/2026]',-3.037734,-0.9304754,-0.2162091,-0.5563895,4.610755E-10,4.610755E-10,4.492075,-13.40506
'[19:15:07.348 21/01/2026]',-0.672039,-2.608997,-0.013227,-4.7691,4.610755E-10,4.610755E-10,-3.927486,-13.65437
'[19:15:07.356 21/01/2026]',-0.672039,-2.608997,-0.013227,-4.7691,4.610755E-10,4.610755E-10,-3.927486,-13.65437
'[19:15:07.364 21/01/2026]',0.7550571,0.1588056,-1.434363,1.425697,4.610755E-10,4.610755E-10,0.8813617,-0.7703243
'[19:15:07.372 21/01/2026]',0.7550571,0.1588056,-1.434363,1.425697,4.610755E-10,4.610755E-10,0.8813617,-0.7703243
'[19:15:07.380 21/01/2026]',0.7550571,0.1588056,-1.434363,1.425697,4.610755E-10,4.610755E-10,0.8813617,-0.7703243
'[19:15:07.388 21/01/2026]',0.7550571,0.1588056,-1.434363,1.425697,4.610755E-10,4.610755E-10,0.8813617,-0.7703243
'[19:15:07.396 21/01/2026]',-1.849751,-0.7462822,-0.7203435,3.469868,4.610755E-10,4.610755E-10,0.252941,-5.57785
'[19:15:07.404 21/01/2026]',-1.849751,-0.7462822,-0.7203435,3.469868,4.610755E-10,4.610755E-10,0.252941,-5.57785
'[19:15:07.412 21/01/2026]',-1.849751,-0.7462822,-0.7203435,3.469868,4.610755E-10,4.610755E-10,0.252941,-5.57785
'[19:15:07.420 21/01/2026]',-1.849751,-0.7462822,-0.7203435,3.469868,4.610755E-10,4.610755E-10,0.252941,-5.57785
'[19:15:07.428 21/01/2026]',-0.9389931,0.2880651,1.097337,-5.419504,4.610755E-10,4.610755E-10,-0.6269578,6.740138
'[19:15:07.436 21/01/2026]',-0.9389931,0.2880651,1.097337,-5.419504,4.610755E-10,4.610755E-10,-0.6269578,6.740138
'[19:15:07.444 21/01/2026]',3.617647,0.4196094,0.5118176,0.7398694,4.610755E-10,4.610755E-10,0.9639218,-9.995573
'[19:15:07.452 21/01/2026]',-3.271137,-1.945139,-1.492797,2.977491,4.610755E-10,4.610755E-10,0.3981351,-7.650249
'[19:15:07.460 21/01/2026]',-3.271137,-1.945139,-1.492797,2.977491,4.610755E-10,4.610755E-10,0.3981351,-7.650249
'[19:15:07.468 21/01/2026]',0.1699795,1.265188,0.1404528,-1.367096,4.610755E-10,4.610755E-10,0.8042941,19.33544
'[19:15:07.476 21/01/2026]',-1.101493,-1.345116,-3.543957,-5.092222,4.610755E-10,4.610755E-10,-9.07111,-14.79537
'[19:15:07.484 21/01/2026]',3.680764,3.200637,4.371106,6.188051,4.610755E-10,4.610755E-10,6.491252,29.49759
'[19:15:07.492 21/01/2026]',3.680764,3.200637,4.371106,6.188051,4.610755E-10,4.610755E-10,6.491252,29.49759
'[19:15:07.500 21/01/2026]',1.586128,2.364228,4.180178,1.883099,4.610755E-10,4.610755E-10,1.810786,-5.515736
'[19:15:07.508 21/01/2026]',1.586128,2.364228,4.180178,1.883099,4.610755E-10,4.610755E-10,1.810786,-5.515736
'[19:15:07.516 21/01/2026]',-1.911985,1.011956,-7.39599,-0.9240659,4.610755E-10,4.610755E-10,-2.884598,-19.82393
'[19:15:07.524 21/01/2026]',-3.175394,-5.346743,-5.169394,-5.505793,4.610755E-10,4.610755E-10,-5.419971,-2.596058
'[19:15:07.532 21/01/2026]',-0.2752073,-3.853862,7.933677,-0.9615601,4.610755E-10,4.610755E-10,1.83309,-8.919183
'[19:15:07.540 21/01/2026]',-0.2752073,-3.853862,7.933677,-0.9615601,4.610755E-10,4.610755E-10,1.83309,-8.919183
'[19:15:07.548 21/01/2026]',0.07685754,3.102774,-1.505872,4.916419,4.610755E-10,4.610755E-10,6.490495,-48.09009
'[19:15:07.556 21/01/2026]',2.128682,4.084933,-2.117399,1.815763,4.610755E-10,4.610755E-10,-3.424244,27.99327
'[19:15:07.564 21/01/2026]',6.753754,8.344808,5.50167,3.398492,4.610755E-10,4.610755E-10,2.687241,95.80598
'[19:15:07.572 21/01/2026]',-5.596571,-10.71369,-2.384844,-6.838809,4.610755E-10,4.610755E-10,-1.499474,-50.06888
'[19:15:07.580 21/01/2026]',-13.89971,-13.48758,-7.251609,-6.242807,4.610755E-10,4.610755E-10,-5.07422,-47.60435
'[19:15:07.588 21/01/2026]',11.16973,14.432,1.841091,6.724151,4.610755E-10,4.610755E-10,2.273945,47.59293
'[19:15:07.596 21/01/2026]',0.4846694,-0.966488,3.904132,0.3962897,4.610755E-10,4.610755E-10,1.120129,9.188821
'[19:15:07.604 21/01/2026]',0.4846694,-0.966488,3.904132,0.3962897,4.610755E-10,4.610755E-10,1.120129,9.188821
'[19:15:07.612 21/01/2026]',0.4846694,-0.966488,3.904132,0.3962897,4.610755E-10,4.610755E-10,1.120129,9.188821
'[19:15:07.620 21/01/2026]',-4.628372,-4.851737,-3.879926,-3.302927,4.610755E-10,4.610755E-10,-4.324648,-26.20679
'[19:15:07.628 21/01/2026]',2.586305,4.094756,2.243711,2.109669,4.610755E-10,4.610755E-10,3.786554,5.647813
'[19:15:07.636 21/01/2026]',-3.409522,-3.723925,-4.339126,-3.775825,4.610755E-10,4.610755E-10,-2.031169,29.11127
'[19:15:07.644 21/01/2026]',2.13065,0.6728384,2.90055,4.890394,4.610755E-10,4.610755E-10,1.606192,-17.62059
'[19:15:07.652 21/01/2026]',2.13065,0.6728384,2.90055,4.890394,4.610755E-10,4.610755E-10,1.606192,-17.62059
'[19:15:07.660 21/01/2026]',12.33092,13.2744,8.170364,6.16148,4.610755E-10,4.610755E-10,7.148315,15.83067
'[19:15:07.668 21/01/2026]',-6.150625,-6.970519,-5.784585,-6.156001,4.610755E-10,4.610755E-10,-7.427902,-8.138262
'[19:15:07.676 21/01/2026]',-13.35416,-13.61732,-2.75152,-1.48413,4.610755E-10,4.610755E-10,2.242647,-2.361701
'[19:15:07.684 21/01/2026]',9.803601,11.72383,3.149841,2.368183,4.610755E-10,4.610755E-10,1.792168,-14.0617
'[19:15:07.692 21/01/2026]',-2.662218,-3.510579,-3.9375,-4.795509,4.610755E-10,4.610755E-10,-3.833784,17.47241
'[19:15:07.700 21/01/2026]',-20.29158,-20.35077,-7.503554,-3.848799,4.610755E-10,4.610755E-10,-0.6821862,27.49663
'[19:15:07.708 21/01/2026]',20.64513,18.10731,10.26554,7.382222,4.610755E-10,4.610755E-10,4.140128,-70.1789
'[19:15:07.716 21/01/2026]',11.48358,17.48351,3.261416,2.041617,4.610755E-10,4.610755E-10,-3.880644,47.31605
'[19:15:07.724 21/01/2026]',-20.39128,-24.183,-8.515679,-6.904404,4.610755E-10,4.610755E-10,2.831089,12.84346
'[19:15:07.732 21/01/2026]',3.408514,3.094431,1.307635,0.483401,4.610755E-10,4.610755E-10,-4.650562,-47.77613
'[19:15:07.740 21/01/2026]',3.408514,3.094431,1.307635,0.483401,4.610755E-10,4.610755E-10,-4.650562,-47.77613
'[19:15:07.748 21/01/2026]',4.15918,5.047664,0.6081745,0.7446924,4.610755E-10,4.610755E-10,-1.25183,25.61669
'[19:15:07.756 21/01/2026]',0.8268851,0.06519848,1.942265,1.90943,4.610755E-10,4.610755E-10,5.549941,-12.43297
'[19:15:07.764 21/01/2026]',-0.9314356,-1.057873,-0.01386006,1.602592,4.610755E-10,4.610755E-10,0.2019735,1.137817
'[19:15:07.772 21/01/2026]',-3.732538,-2.884946,-2.968124,-6.233044,4.610755E-10,4.610755E-10,-6.839818,-9.698302
'[19:15:07.780 21/01/2026]',-3.732538,-2.884946,-2.968124,-6.233044,4.610755E-10,4.610755E-10,-6.839818,-9.698302
'[19:15:07.788 21/01/2026]',-3.732538,-2.884946,-2.968124,-6.233044,4.610755E-10,4.610755E-10,-6.839818,-9.698302
'[19:15:07.796 21/01/2026]',-3.732538,-2.884946,-2.968124,-6.233044,4.610755E-10,4.610755E-10,-6.839818,-9.698302
'[19:15:07.804 21/01/2026]',1.433036,2.416913,0.2224794,2.202386,4.610755E-10,4.610755E-10,2.873227,25.10322
'[19:15:07.812 21/01/2026]',4.018556,3.352204,2.447928,2.854235,4.610755E-10,4.610755E-10,0.5210001,-29.0837
'[19:15:07.820 21/01/2026]',4.018556,3.352204,2.447928,2.854235,4.610755E-10,4.610755E-10,0.5210001,-29.0837
'[19:15:07.828 21/01/2026]',4.018556,3.352204,2.447928,2.854235,4.610755E-10,4.610755E-10,0.5210001,-29.0837
'[19:15:07.836 21/01/2026]',5.734661,3.762551,2.05402,3.798466,4.610755E-10,4.610755E-10,2.901833,30.15291
'[19:15:07.844 21/01/2026]',-9.195685,-6.071049,-4.252536,-5.414564,4.610755E-10,4.610755E-10,-3.657954,-8.159509
'[19:15:07.852 21/01/2026]',-9.195685,-6.071049,-4.252536,-5.414564,4.610755E-10,4.610755E-10,-3.657954,-8.159509
'[19:15:07.860 21/01/2026]',-4.839311,-6.1201,-0.827763,-2.204735,4.610755E-10,4.610755E-10,-1.944831,8.421534
'[19:15:07.868 21/01/2026]',-4.839311,-6.1201,-0.827763,-2.204735,4.610755E-10,4.610755E-10,-1.944831,8.421534
'[19:15:07.876 21/01/2026]',-4.839311,-6.1201,-0.827763,-2.204735,4.610755E-10,4.610755E-10,-1.944831,8.421534
'[19:15:07.884 21/01/2026]',7.181754,7.722851,1.948789,4.757735,4.610755E-10,4.610755E-10,3.271783,-12.64618
'[19:15:07.892 21/01/2026]',7.181754,7.722851,1.948789,4.757735,4.610755E-10,4.610755E-10,3.271783,-12.64618
'[19:15:07.900 21/01/2026]',7.181754,7.722851,1.948789,4.757735,4.610755E-10,4.610755E-10,3.271783,-12.64618
'[19:15:07.908 21/01/2026]',7.181754,7.722851,1.948789,4.757735,4.610755E-10,4.610755E-10,3.271783,-12.64618
'[19:15:07.916 21/01/2026]',-4.800652,-6.086804,-2.674222,-4.388948,4.610755E-10,4.610755E-10,-0.6476614,-0.3835453
'[19:15:07.924 21/01/2026]',8.244532,9.366831,10.4096,7.352656,4.610755E-10,4.610755E-10,8.666104,19.93313
'[19:15:07.932 21/01/2026]',-3.485922,-3.352055,-8.036251,-3.405159,4.610755E-10,4.610755E-10,-6.888504,-29.57817
'[19:15:07.940 21/01/2026]',-3.485922,-3.352055,-8.036251,-3.405159,4.610755E-10,4.610755E-10,-6.888504,-29.57817
'[19:15:07.948 21/01/2026]',0.5973202,-0.9020072,1.99482,0.5983261,4.610755E-10,4.610755E-10,0.2064738,27.22071
'[19:15:07.956 21/01/2026]',0.5973202,-0.9020072,1.99482,0.5983261,4.610755E-10,4.610755E-10,0.2064738,27.22071
'[19:15:07.964 21/01/2026]',-4.421058,-2.04046,-1.466389,-2.406158,4.610755E-10,4.610755E-10,4.878123,1.838426
'[19:15:07.972 21/01/2026]',-4.421058,-2.04046,-1.466389,-2.406158,4.610755E-10,4.610755E-10,4.878123,1.838426
'[19:15:07.980 21/01/2026]',-4.421058,-2.04046,-1.466389,-2.406158,4.610755E-10,4.610755E-10,4.878123,1.838426
'[19:15:07.988 21/01/2026]',-3.772142,-7.998553,-0.3549628,0.2453092,4.610755E-10,4.610755E-10,-4.525989,-43.86484
'[19:15:07.996 21/01/2026]',-3.772142,-7.998553,-0.3549628,0.2453092,4.610755E-10,4.610755E-10,-4.525989,-43.86484
'[19:15:08.004 21/01/2026]',-4.809297,-3.62823,-3.130784,-2.699437,4.610755E-10,4.610755E-10,-1.138174,28.99033
'[19:15:08.012 21/01/2026]',-4.809297,-3.62823,-3.130784,-2.699437,4.610755E-10,4.610755E-10,-1.138174,28.99033
'[19:15:08.020 21/01/2026]',-4.809297,-3.62823,-3.130784,-2.699437,4.610755E-10,4.610755E-10,-1.138174,28.99033
'[19:15:08.028 21/01/2026]',31.77411,34.96529,12.19805,8.695836,4.610755E-10,4.610755E-10,2.630114,-10.14521
'[19:15:08.036 21/01/2026]',-4.208985,0.04327426,-3.058006,1.519732,4.610755E-10,4.610755E-10,2.441719,27.46307
'[19:15:08.044 21/01/2026]',-4.208985,0.04327426,-3.058006,1.519732,4.610755E-10,4.610755E-10,2.441719,27.46307
'[19:15:08.052 21/01/2026]',-29.34467,-35.04888,-9.251671,-10.72282,4.610755E-10,4.610755E-10,-4.794469,-15.7619
'[19:15:08.060 21/01/2026]',-29.34467,-35.04888,-9.251671,-10.72282,4.610755E-10,4.610755E-10,-4.794469,-15.7619
'[19:15:08.068 21/01/2026]',-29.34467,-35.04888,-9.251671,-10.72282,4.610755E-10,4.610755E-10,-4.794469,-15.7619
'[19:15:08.076 21/01/2026]',-29.34467,-35.04888,-9.251671,-10.72282,4.610755E-10,4.610755E-10,-4.794469,-15.7619
'[19:15:08.084 21/01/2026]',11.23831,10.62082,3.342106,3.941743,4.610755E-10,4.610755E-10,-1.059045,-0.5760633
'[19:15:08.092 21/01/2026]',11.23831,10.62082,3.342106,3.941743,4.610755E-10,4.610755E-10,-1.059045,-0.5760633
'[19:15:08.100 21/01/2026]',11.23831,10.62082,3.342106,3.941743,4.610755E-10,4.610755E-10,-1.059045,-0.5760633
'[19:15:08.108 21/01/2026]',4.456171,8.398737,-0.3298081,-0.7349148,4.610755E-10,4.610755E-10,2.018553,3.734847
'[19:15:08.116 21/01/2026]',-2.596986,-4.633077,1.255429,0.826677,4.610755E-10,4.610755E-10,0.02704297,-12.71883
'[19:15:08.124 21/01/2026]',-0.8833485,-2.223666,-1.832729,1.248849,4.610755E-10,4.610755E-10,-4.189073,29.95362
'[19:15:08.132 21/01/2026]',-0.8833485,-2.223666,-1.832729,1.248849,4.610755E-10,4.610755E-10,-4.189073,29.95362
'[19:15:08.140 21/01/2026]',2.321314,3.531846,3.634868,-2.836302,4.610755E-10,4.610755E-10,5.288349,-56.56636
'[19:15:08.148 21/01/2026]',2.321314,3.531846,3.634868,-2.836302,4.610755E-10,4.610755E-10,5.288349,-56.56636
'[19:15:08.156 21/01/2026]',-5.178011,-1.524748,-4.218626,-1.041655,4.610755E-10,4.610755E-10,-1.735075,31.55298
'[19:15:08.164 21/01/2026]',-5.178011,-1.524748,-4.218626,-1.041655,4.610755E-10,4.610755E-10,-1.735075,31.55298
'[19:15:08.172 21/01/2026]',-5.178011,-1.524748,-4.218626,-1.041655,4.610755E-10,4.610755E-10,-1.735075,31.55298
'[19:15:08.180 21/01/2026]',-0.9652267,-6.521719,-0.8251287,-0.01905616,4.610755E-10,4.610755E-10,-2.505495,14.36727
'[19:15:08.188 21/01/2026]',-0.9652267,-6.521719,-0.8251287,-0.01905616,4.610755E-10,4.610755E-10,-2.505495,14.36727
'[19:15:08.196 21/01/2026]',9.100556,11.54375,7.074648,7.066765,4.610755E-10,4.610755E-10,6.879505,-14.63567
'[19:15:08.204 21/01/2026]',9.100556,11.54375,7.074648,7.066765,4.610755E-10,4.610755E-10,6.879505,-14.63567
'[19:15:08.212 21/01/2026]',-3.097889,-1.715832,-2.453026,-4.421303,4.610755E-10,4.610755E-10,-3.12554,1.505835
'[19:15:08.220 21/01/2026]',-3.097889,-1.715832,-2.453026,-4.421303,4.610755E-10,4.610755E-10,-3.12554,1.505835
'[19:15:08.228 21/01/2026]',-1.950476,-3.371948,-0.5194583,0.04055073,4.610755E-10,4.610755E-10,1.248464,-3.213555
'[19:15:08.236 21/01/2026]',-1.950476,-3.371948,-0.5194583,0.04055073,4.610755E-10,4.610755E-10,1.248464,-3.213555
'[19:15:08.244 21/01/2026]',1.433805,-0.7304034,-0.2632883,4.40206,4.610755E-10,4.610755E-10,0.9847119,29.57976
'[19:15:08.252 21/01/2026]',1.433805,-0.7304034,-0.2632883,4.40206,4.610755E-10,4.610755E-10,0.9847119,29.57976
'[19:15:08.260 21/01/2026]',1.433805,-0.7304034,-0.2632883,4.40206,4.610755E-10,4.610755E-10,0.9847119,29.57976
'[19:15:08.268 21/01/2026]',1.433805,-0.7304034,-0.2632883,4.40206,4.610755E-10,4.610755E-10,0.9847119,29.57976
'[19:15:08.276 21/01/2026]',1.722643,5.026819,0.4410604,-5.831496,4.610755E-10,4.610755E-10,-2.43147,-6.957103
'[19:15:08.284 21/01/2026]',-0.3005809,-0.0901579,0.4902751,4.043015,4.610755E-10,4.610755E-10,-0.8285567,-18.54232
'[19:15:08.292 21/01/2026]',-5.621507,-7.388782,-5.208584,-2.806295,4.610755E-10,4.610755E-10,1.664263,18.88509
'[19:15:08.300 21/01/2026]',5.774404,4.60762,7.820532,2.636363,4.610755E-10,4.610755E-10,3.756874,-3.021527
'[19:15:08.308 21/01/2026]',-3.323537,-1.630521,-5.6414,-2.080739,4.610755E-10,4.610755E-10,-6.901452,9.825199
'[19:15:08.316 21/01/2026]',2.632877,2.318241,2.34376,0.6436966,4.610755E-10,4.610755E-10,2.432663,-23.68904
'[19:15:08.324 21/01/2026]',1.457437,0.3299127,3.022315,3.038501,4.610755E-10,4.610755E-10,2.097199,2.982408
'[19:15:08.332 21/01/2026]',-2.773426,-2.780386,-3.595537,-4.988816,4.610755E-10,4.610755E-10,0.1166192,3.942044
'[19:15:08.340 21/01/2026]',-5.233885,-3.641169,-3.481516,-1.435123,4.610755E-10,4.610755E-10,-1.20518,-8.522932
'[19:15:08.348 21/01/2026]',1.837051,0.638547,1.888852,0.8840458,4.610755E-10,4.610755E-10,-4.719481,-1.372562
'[19:15:08.356 21/01/2026]',7.537553,8.557744,3.805616,4.971417,4.610755E-10,4.610755E-10,5.135156,18.74163
'[19:15:08.364 21/01/2026]',-3.314873,-5.111385,-1.611954,-1.91712,4.610755E-10,4.610755E-10,-1.153722,-13.40477
'[19:15:08.372 21/01/2026]',-3.832855,-1.310888,-3.459775,-3.429131,4.610755E-10,4.610755E-10,-3.211623,-4.672134
'[19:15:08.380 21/01/2026]',5.522254,4.368506,3.215796,2.786042,4.610755E-10,4.610755E-10,0.645978,18.01256
'[19:15:08.388 21/01/2026]',5.002195,2.279987,4.367768,4.592341,4.610755E-10,4.610755E-10,5.10142,-18.86393
'[19:15:08.396 21/01/2026]',-12.55501,-10.45626,-9.635487,-8.740078,4.610755E-10,4.610755E-10,-9.002951,36.74126
'[19:15:08.404 21/01/2026]',-4.765487,-3.902355,-0.1681808,-1.988781,4.610755E-10,4.610755E-10,0.6148192,-40.80907
'[19:15:08.412 21/01/2026]',17.84635,15.37048,12.86281,13.62549,4.610755E-10,4.610755E-10,14.36589,22.40288
'[19:15:08.420 21/01/2026]',-9.762866,-6.655085,-10.58433,-9.383307,4.610755E-10,4.610755E-10,-11.0712,24.9027
'[19:15:08.428 21/01/2026]',-1.126787,-2.855629,1.449556,-1.195234,4.610755E-10,4.610755E-10,-1.373291,-65.27886
'[19:15:08.436 21/01/2026]',-1.126787,-2.855629,1.449556,-1.195234,4.610755E-10,4.610755E-10,-1.373291,-65.27886
'[19:15:08.444 21/01/2026]',6.16821,6.442567,4.314425,6.903718,4.610755E-10,4.610755E-10,7.593142,42.47206
'[19:15:08.452 21/01/2026]',-5.103758,-5.531974,-3.755047,-5.788228,4.610755E-10,4.610755E-10,-3.689243,-22.82047
'[19:15:08.460 21/01/2026]',0.09743061,2.017869,-1.359913,0.1122038,4.610755E-10,4.610755E-10,-4.130705,4.391735
'[19:15:08.468 21/01/2026]',0.4977279,0.1616616,0.7434058,0.8673586,4.610755E-10,4.610755E-10,1.498017,2.358837
'[19:15:08.476 21/01/2026]',1.637025,1.229889,3.149687,2.366687,4.610755E-10,4.610755E-10,4.092546,-8.82981
'[19:15:08.484 21/01/2026]',-6.541344,-4.061327,-7.233591,-5.869728,4.610755E-10,4.610755E-10,-8.390667,30.07246
'[19:15:08.492 21/01/2026]',2.043103,-0.3877947,1.600307,2.848325,4.610755E-10,4.610755E-10,3.051392,-28.93462
'[19:15:08.500 21/01/2026]',3.93019,3.868736,2.06174,0.4974781,4.610755E-10,4.610755E-10,2.91654,17.25211
'[19:15:08.508 21/01/2026]',-1.806492,-1.385795,-0.01531676,0.1575515,4.610755E-10,4.610755E-10,-1.812585,1.348634
'[19:15:08.516 21/01/2026]',-1.806492,-1.385795,-0.01531676,0.1575515,4.610755E-10,4.610755E-10,-1.812585,1.348634
'[19:15:08.524 21/01/2026]',-0.633547,1.725473,-0.3373045,-0.2840556,4.610755E-10,4.610755E-10,-3.20277,-0.3090463
'[19:15:08.532 21/01/2026]',-0.633547,1.725473,-0.3373045,-0.2840556,4.610755E-10,4.610755E-10,-3.20277,-0.3090463
'[19:15:08.540 21/01/2026]',-0.633547,1.725473,-0.3373045,-0.2840556,4.610755E-10,4.610755E-10,-3.20277,-0.3090463
'[19:15:08.548 21/01/2026]',-0.633547,1.725473,-0.3373045,-0.2840556,4.610755E-10,4.610755E-10,-3.20277,-0.3090463
'[19:15:08.556 21/01/2026]',-0.69579,-2.331946,-0.3733803,-0.5664493,4.610755E-10,4.610755E-10,4.146116,-31.42719
'[19:15:08.564 21/01/2026]',2.368106,-0.02818643,-0.2962093,0.9467347,4.610755E-10,4.610755E-10,-1.57073,35.8294
'[19:15:08.572 21/01/2026]',2.368106,-0.02818643,-0.2962093,0.9467347,4.610755E-10,4.610755E-10,-1.57073,35.8294
'[19:15:08.580 21/01/2026]',4.227497,0.4267078,3.050327,-0.0910181,4.610755E-10,4.610755E-10,-0.2640269,-39.57786
'[19:15:08.588 21/01/2026]',4.227497,0.4267078,3.050327,-0.0910181,4.610755E-10,4.610755E-10,-0.2640269,-39.57786
'[19:15:08.596 21/01/2026]',-6.764599,4.151669,-0.4890668,1.528566,4.610755E-10,4.610755E-10,1.734319,-16.21982
'[19:15:08.604 21/01/2026]',-6.764599,4.151669,-0.4890668,1.528566,4.610755E-10,4.610755E-10,1.734319,-16.21982
'[19:15:08.612 21/01/2026]',-2.150626,-7.046143,-4.395394,-6.34199,4.610755E-10,4.610755E-10,-1.397485,53.6334
'[19:15:08.620 21/01/2026]',-2.150626,-7.046143,-4.395394,-6.34199,4.610755E-10,4.610755E-10,-1.397485,53.6334
'[19:15:08.628 21/01/2026]',4.250472,3.803321,4.151562,8.288852,4.610755E-10,4.610755E-10,4.861084,-34.23053
'[19:15:08.636 21/01/2026]',4.250472,3.803321,4.151562,8.288852,4.610755E-10,4.610755E-10,4.861084,-34.23053
'[19:15:08.644 21/01/2026]',-4.922045,-1.782746,-4.235188,-3.685873,4.610755E-10,4.610755E-10,-8.462687,15.56721
'[19:15:08.652 21/01/2026]',-4.922045,-1.782746,-4.235188,-3.685873,4.610755E-10,4.610755E-10,-8.462687,15.56721
'[19:15:08.660 21/01/2026]',3.500807,2.534451,1.742606,-1.349743,4.610755E-10,4.610755E-10,4.442945,-18.90753
'[19:15:08.668 21/01/2026]',3.500807,2.534451,1.742606,-1.349743,4.610755E-10,4.610755E-10,4.442945,-18.90753
'[19:15:08.676 21/01/2026]',2.166387,0.8037782,1.868625,1.137297,4.610755E-10,4.610755E-10,-0.06928489,36.23376
'[19:15:08.684 21/01/2026]',2.166387,0.8037782,1.868625,1.137297,4.610755E-10,4.610755E-10,-0.06928489,36.23376
'[19:15:08.692 21/01/2026]',2.166387,0.8037782,1.868625,1.137297,4.610755E-10,4.610755E-10,-0.06928489,36.23376
'[19:15:08.700 21/01/2026]',-2.931108,0.5967053,-1.780014,1.856791,4.610755E-10,4.610755E-10,-0.02263583,5.546605
'[19:15:08.708 21/01/2026]',-2.931108,0.5967053,-1.780014,1.856791,4.610755E-10,4.610755E-10,-0.02263583,5.546605
'[19:15:08.716 21/01/2026]',-2.931108,0.5967053,-1.780014,1.856791,4.610755E-10,4.610755E-10,-0.02263583,5.546605
'[19:15:08.724 21/01/2026]',-2.931108,0.5967053,-1.780014,1.856791,4.610755E-10,4.610755E-10,-0.02263583,5.546605
'[19:15:08.732 21/01/2026]',-1.206891,-2.638948,-2.4774,-2.494287,4.610755E-10,4.610755E-10,-4.164021,-53.34338
'[19:15:08.740 21/01/2026]',-1.206891,-2.638948,-2.4774,-2.494287,4.610755E-10,4.610755E-10,-4.164021,-53.34338
'[19:15:08.748 21/01/2026]',-1.206891,-2.638948,-2.4774,-2.494287,4.610755E-10,4.610755E-10,-4.164021,-53.34338
'[19:15:08.756 21/01/2026]',0.2657538,-1.515384,1.878487,0.2545084,4.610755E-10,4.610755E-10,3.943404,-15.48849
'[19:15:08.764 21/01/2026]',2.013609,2.958945,2.355628,3.321664,4.610755E-10,4.610755E-10,1.220382,68.53346
'[19:15:08.772 21/01/2026]',-0.9973139,0.4916722,-2.682825,-5.282023,4.610755E-10,4.610755E-10,-4.672235,-38.70618
'[19:15:08.780 21/01/2026]',-0.9973139,0.4916722,-2.682825,-5.282023,4.610755E-10,4.610755E-10,-4.672235,-38.70618
'[19:15:08.788 21/01/2026]',-0.9973139,0.4916722,-2.682825,-5.282023,4.610755E-10,4.610755E-10,-4.672235,-38.70618
'[19:15:08.796 21/01/2026]',-0.8003947,-0.5953183,-1.108591,2.207877,4.610755E-10,4.610755E-10,1.854713,25.65499
'[19:15:08.804 21/01/2026]',2.119556,-6.739426,3.783912,0.3493044,4.610755E-10,4.610755E-10,1.403177,-4.879946
'[19:15:08.812 21/01/2026]',2.119556,-6.739426,3.783912,0.3493044,4.610755E-10,4.610755E-10,1.403177,-4.879946
'[19:15:08.820 21/01/2026]',-0.02314213,12.4784,-0.9368547,2.142305,4.610755E-10,4.610755E-10,-1.350928,7.917915
'[19:15:08.828 21/01/2026]',-0.02314213,12.4784,-0.9368547,2.142305,4.610755E-10,4.610755E-10,-1.350928,7.917915
'[19:15:08.836 21/01/2026]',-0.02314213,12.4784,-0.9368547,2.142305,4.610755E-10,4.610755E-10,-1.350928,7.917915
'[19:15:08.844 21/01/2026]',1.457182,0.3957854,1.636896,1.367182,4.610755E-10,4.610755E-10,3.251618,-1.434699
'[19:15:08.852 21/01/2026]',-4.76476,-8.888011,-2.66006,-4.126638,4.610755E-10,4.610755E-10,0.290345,-5.834985
'[19:15:08.860 21/01/2026]',-4.76476,-8.888011,-2.66006,-4.126638,4.610755E-10,4.610755E-10,0.290345,-5.834985
'[19:15:08.868 21/01/2026]',-2.469339,-1.898152,-3.369634,-3.819073,4.610755E-10,4.610755E-10,-4.566586,7.604871
'[19:15:08.876 21/01/2026]',-2.469339,-1.898152,-3.369634,-3.819073,4.610755E-10,4.610755E-10,-4.566586,7.604871
'[19:15:08.884 21/01/2026]',4.9981,5.787418,5.416814,6.756593,4.610755E-10,4.610755E-10,2.958211,-12.90839
'[19:15:08.892 21/01/2026]',4.9981,5.787418,5.416814,6.756593,4.610755E-10,4.610755E-10,2.958211,-12.90839
'[19:15:08.900 21/01/2026]',4.9981,5.787418,5.416814,6.756593,4.610755E-10,4.610755E-10,2.958211,-12.90839
'[19:15:08.908 21/01/2026]',4.9981,5.787418,5.416814,6.756593,4.610755E-10,4.610755E-10,2.958211,-12.90839
'[19:15:08.916 21/01/2026]',4.9981,5.787418,5.416814,6.756593,4.610755E-10,4.610755E-10,2.958211,-12.90839
'[19:15:08.924 21/01/2026]',2.949016,2.853711,2.578666,2.421468,4.610755E-10,4.610755E-10,3.587057,14.00412
'[19:15:08.932 21/01/2026]',-13.04287,-16.0998,-13.41828,-15.50366,4.610755E-10,4.610755E-10,-13.5713,-31.43901
'[19:15:08.940 21/01/2026]',8.176204,11.61478,9.1794,10.8199,4.610755E-10,4.610755E-10,10.02727,29.15783
'[19:15:08.948 21/01/2026]',8.176204,11.61478,9.1794,10.8199,4.610755E-10,4.610755E-10,10.02727,29.15783
'[19:15:08.956 21/01/2026]',9.419068,9.051486,7.700164,7.750332,4.610755E-10,4.610755E-10,4.969764,3.447724
'[19:15:08.964 21/01/2026]',9.419068,9.051486,7.700164,7.750332,4.610755E-10,4.610755E-10,4.969764,3.447724
'[19:15:08.972 21/01/2026]',-9.471249,-11.36791,-11.34415,-12.38006,4.610755E-10,4.610755E-10,-12.66904,-17.75848
'[19:15:08.980 21/01/2026]',-9.471249,-11.36791,-11.34415,-12.38006,4.610755E-10,4.610755E-10,-12.66904,-17.75848
'[19:15:08.988 21/01/2026]',2.405321,3.481826,6.145834,6.553893,4.610755E-10,4.610755E-10,7.69777,8.290486
'[19:15:08.996 21/01/2026]',-0.7906606,-3.385242,-2.387193,-2.857938,4.610755E-10,4.610755E-10,1.870072,36.65442
'[19:15:09.004 21/01/2026]',-0.7906606,-3.385242,-2.387193,-2.857938,4.610755E-10,4.610755E-10,1.870072,36.65442
'[19:15:09.012 21/01/2026]',-5.428452,-9.501808,-3.262893,-3.557437,4.610755E-10,4.610755E-10,-5.073413,-73.94993
'[19:15:09.020 21/01/2026]',4.369122,8.252585,4.769985,6.554224,4.610755E-10,4.610755E-10,1.224284,-6.177083
'[19:15:09.028 21/01/2026]',-2.560923,8.87117,-3.17236,-0.819631,4.610755E-10,4.610755E-10,-0.2677469,100.9743
'[19:15:09.036 21/01/2026]',-2.560923,8.87117,-3.17236,-0.819631,4.610755E-10,4.610755E-10,-0.2677469,100.9743
'[19:15:09.044 21/01/2026]',-2.560923,8.87117,-3.17236,-0.819631,4.610755E-10,4.610755E-10,-0.2677469,100.9743
'[19:15:09.052 21/01/2026]',0.4860079,-10.35098,-0.6506863,-3.299911,4.610755E-10,4.610755E-10,0.7141436,-43.82423
'[19:15:09.060 21/01/2026]',0.9982976,1.077424,1.774186,2.006359,4.610755E-10,4.610755E-10,1.004135,-37.64825
'[19:15:09.068 21/01/2026]',-0.0984578,3.74272,1.621339,1.401316,4.610755E-10,4.610755E-10,0.1238019,18.00854
'[19:15:09.076 21/01/2026]',-1.088531,-2.364317,-3.936144,-2.516667,4.610755E-10,4.610755E-10,-0.368382,12.12205
'[19:15:09.084 21/01/2026]',3.249084,1.860976,5.422009,2.779707,4.610755E-10,4.610755E-10,-0.4120794,0.03636101
'[19:15:09.092 21/01/2026]',-0.4590658,-0.8218943,-2.645458,-1.497842,4.610755E-10,4.610755E-10,0.7340636,-6.566912
'[19:15:09.100 21/01/2026]',-1.366942,-2.5679,-1.936731,-2.730544,4.610755E-10,4.610755E-10,-3.121732,-32.36472
'[19:15:09.108 21/01/2026]',1.695335,5.067798,4.685731,5.599048,4.610755E-10,4.610755E-10,5.904221,31.74445
'[19:15:09.116 21/01/2026]',-0.1983168,-0.6020775,-1.064069,0.2167597,4.610755E-10,4.610755E-10,-0.8458622,29.49172
'[19:15:09.124 21/01/2026]',-8.975957,-10.59098,-9.740361,-12.16383,4.610755E-10,4.610755E-10,-8.975924,-66.29921
'[19:15:09.132 21/01/2026]',5.187274,9.586191,9.226946,11.38641,4.610755E-10,4.610755E-10,8.172828,35.20276
'[19:15:09.140 21/01/2026]',6.287817,4.617558,2.644262,3.023745,4.610755E-10,4.610755E-10,2.821122,24.85294
'[19:15:09.148 21/01/2026]',-4.317796,-6.900005,-5.674898,-5.691848,4.610755E-10,4.610755E-10,-2.63866,14.55424
'[19:15:09.156 21/01/2026]',-2.547534,1.235661,-0.3568976,-0.7044084,4.610755E-10,4.610755E-10,-2.554845,-50.26245
'[19:15:09.164 21/01/2026]',3.079178,-2.193975,4.968622,1.636512,4.610755E-10,4.610755E-10,4.371325,-9.847911
'[19:15:09.172 21/01/2026]',-0.3892517,1.133438,-1.42292,-0.1039043,4.610755E-10,4.610755E-10,-2.432014,41.14202
'[19:15:09.180 21/01/2026]',-2.299036,7.841618,-1.816198,1.870973,4.610755E-10,4.610755E-10,2.370913,10.2668
'[19:15:09.188 21/01/2026]',4.008205,-9.369446,1.676348,-0.5862614,4.610755E-10,4.610755E-10,0.2780607,-52.61684
'[19:15:09.196 21/01/2026]',-2.466911,2.872261,-0.6038966,-0.9438417,4.610755E-10,4.610755E-10,-0.8182174,13.98416
'[19:15:09.204 21/01/2026]',-1.825018,3.369451,-0.9001896,1.014474,4.610755E-10,4.610755E-10,0.6260996,18.26064
'[19:15:09.212 21/01/2026]',1.698948,-2.946599,1.555217,1.111041,4.610755E-10,4.610755E-10,-0.05295723,0.9520043
'[19:15:09.220 21/01/2026]',-4.811429,-4.233281,-6.48775,-7.176721,4.610755E-10,4.610755E-10,-7.199586,-26.42903
'[19:15:09.228 21/01/2026]',3.7447,4.147031,5.024262,4.312286,4.610755E-10,4.610755E-10,8.829984,9.286596
'[19:15:09.236 21/01/2026]',3.225318,2.363247,3.71674,4.467314,4.610755E-10,4.610755E-10,-3.367178,30.21082
'[19:15:09.244 21/01/2026]',-6.129388,-5.573446,-7.868577,-9.122484,4.610755E-10,4.610755E-10,-1.301252,-25.71793
'[19:15:09.252 21/01/2026]',3.680504,3.016324,4.201698,5.783721,4.610755E-10,4.610755E-10,3.520314,-4.196188
'[19:15:09.260 21/01/2026]',2.89685,6.19357,4.373909,5.381933,4.610755E-10,4.610755E-10,3.22821,14.25975
'[19:15:09.268 21/01/2026]',2.89685,6.19357,4.373909,5.381933,4.610755E-10,4.610755E-10,3.22821,14.25975
'[19:15:09.276 21/01/2026]',2.89685,6.19357,4.373909,5.381933,4.610755E-10,4.610755E-10,3.22821,14.25975
'[19:15:09.284 21/01/2026]',-8.388658,-12.25415,-6.637323,-11.51726,4.610755E-10,4.610755E-10,-7.511514,-14.45074
'[19:15:09.292 21/01/2026]',8.083173,10.88299,5.838849,10.11792,4.610755E-10,4.610755E-10,8.490116,14.19646
'[19:15:09.300 21/01/2026]',8.083173,10.88299,5.838849,10.11792,4.610755E-10,4.610755E-10,8.490116,14.19646
'[19:15:09.308 21/01/2026]',8.083173,10.88299,5.838849,10.11792,4.610755E-10,4.610755E-10,8.490116,14.19646
'[19:15:09.316 21/01/2026]',-3.698461,-5.442626,-6.342292,-7.574961,4.610755E-10,4.610755E-10,-10.16412,-7.644004
'[19:15:09.324 21/01/2026]',-3.698461,-5.442626,-6.342292,-7.574961,4.610755E-10,4.610755E-10,-10.16412,-7.644004
'[19:15:09.332 21/01/2026]',-3.698461,-5.442626,-6.342292,-7.574961,4.610755E-10,4.610755E-10,-10.16412,-7.644004
'[19:15:09.340 21/01/2026]',4.774055,5.69032,8.611361,8.763489,4.610755E-10,4.610755E-10,10.84821,-6.381274
'[19:15:09.348 21/01/2026]',4.774055,5.69032,8.611361,8.763489,4.610755E-10,4.610755E-10,10.84821,-6.381274
'[19:15:09.356 21/01/2026]',4.774055,5.69032,8.611361,8.763489,4.610755E-10,4.610755E-10,10.84821,-6.381274
'[19:15:09.364 21/01/2026]',-1.508667,-9.058626,-3.25999,-6.562852,4.610755E-10,4.610755E-10,-6.619702,3.703461
'[19:15:09.372 21/01/2026]',-1.190604,10.61084,-2.440821,3.371338,4.610755E-10,4.610755E-10,0.8401328,-1.970849
'[19:15:09.380 21/01/2026]',-1.190604,10.61084,-2.440821,3.371338,4.610755E-10,4.610755E-10,0.8401328,-1.970849
'[19:15:09.388 21/01/2026]',0.4080022,-1.510978,1.558022,-0.1853652,4.610755E-10,4.610755E-10,0.7130916,11.6628
'[19:15:09.396 21/01/2026]',-0.0861977,-4.125644,2.030993,1.722083,4.610755E-10,4.610755E-10,2.726089,-16.19169
'[19:15:09.404 21/01/2026]',-0.0861977,-4.125644,2.030993,1.722083,4.610755E-10,4.610755E-10,2.726089,-16.19169
'[19:15:09.412 21/01/2026]',-2.945769,-0.7845017,-4.474865,-5.390367,4.610755E-10,4.610755E-10,-7.385234,1.562667
'[19:15:09.420 21/01/2026]',-2.945769,-0.7845017,-4.474865,-5.390367,4.610755E-10,4.610755E-10,-7.385234,1.562667
'[19:15:09.428 21/01/2026]',-2.945769,-0.7845017,-4.474865,-5.390367,4.610755E-10,4.610755E-10,-7.385234,1.562667
'[19:15:09.436 21/01/2026]',-2.945769,-0.7845017,-4.474865,-5.390367,4.610755E-10,4.610755E-10,-7.385234,1.562667
'[19:15:09.444 21/01/2026]',-2.945769,-0.7845017,-4.474865,-5.390367,4.610755E-10,4.610755E-10,-7.385234,1.562667
'[19:15:09.452 21/01/2026]',2.190909,1.569256,2.14442,1.230485,4.610755E-10,4.610755E-10,3.417333,10.40699
'[19:15:09.460 21/01/2026]',-0.2453091,2.244389,-0.1342983,3.092092,4.610755E-10,4.610755E-10,-0.374726,4.15624
'[19:15:09.468 21/01/2026]',-0.2453091,2.244389,-0.1342983,3.092092,4.610755E-10,4.610755E-10,-0.374726,4.15624
'[19:15:09.476 21/01/2026]',-0.2453091,2.244389,-0.1342983,3.092092,4.610755E-10,4.610755E-10,-0.374726,4.15624
'[19:15:09.484 21/01/2026]',-2.234612,-4.587993,-0.2844678,-3.631885,4.610755E-10,4.610755E-10,-0.9528301,-11.81641
'[19:15:09.492 21/01/2026]',2.853637,3.045961,0.5085134,1.529823,4.610755E-10,4.610755E-10,2.028289,-14.92032
'[19:15:09.500 21/01/2026]',2.853637,3.045961,0.5085134,1.529823,4.610755E-10,4.610755E-10,2.028289,-14.92032
'[19:15:09.508 21/01/2026]',2.853637,3.045961,0.5085134,1.529823,4.610755E-10,4.610755E-10,2.028289,-14.92032
'[19:15:09.516 21/01/2026]',0.9794357,1.372885,1.876078,1.649201,4.610755E-10,4.610755E-10,1.174968,12.56765
'[19:15:09.524 21/01/2026]',0.9794357,1.372885,1.876078,1.649201,4.610755E-10,4.610755E-10,1.174968,12.56765
'[19:15:09.532 21/01/2026]',0.9794357,1.372885,1.876078,1.649201,4.610755E-10,4.610755E-10,1.174968,12.56765
'[19:15:09.540 21/01/2026]',-2.850635,-4.380462,-1.664289,-1.318916,4.610755E-10,4.610755E-10,-0.5198385,-3.908371
'[19:15:09.548 21/01/2026]',0.6489129,1.661123,0.3467179,-1.771226,4.610755E-10,4.610755E-10,0.4555103,-12.15595
'[19:15:09.556 21/01/2026]',0.6489129,1.661123,0.3467179,-1.771226,4.610755E-10,4.610755E-10,0.4555103,-12.15595
'[19:15:09.564 21/01/2026]',1.38711,4.207544,0.06282734,3.23292,4.610755E-10,4.610755E-10,0.6631368,17.2285
'[19:15:09.572 21/01/2026]',1.38711,4.207544,0.06282734,3.23292,4.610755E-10,4.610755E-10,0.6631368,17.2285
'[19:15:09.580 21/01/2026]',-1.192032,-6.013659,-0.9832428,-3.438429,4.610755E-10,4.610755E-10,-4.283387,-8.403543
'[19:15:09.588 21/01/2026]',-1.192032,-6.013659,-0.9832428,-3.438429,4.610755E-10,4.610755E-10,-4.283387,-8.403543
'[19:15:09.596 21/01/2026]',-4.926287,-4.952688,-3.197525,-2.483074,4.610755E-10,4.610755E-10,-1.667956,-8.928274
'[19:15:09.604 21/01/2026]',9.328503,13.87722,9.292994,11.00825,4.610755E-10,4.610755E-10,10.54315,46.62639
'[19:15:09.612 21/01/2026]',9.328503,13.87722,9.292994,11.00825,4.610755E-10,4.610755E-10,10.54315,46.62639
'[19:15:09.620 21/01/2026]',9.328503,13.87722,9.292994,11.00825,4.610755E-10,4.610755E-10,10.54315,46.62639
'[19:15:09.628 21/01/2026]',-5.571999,-8.167199,-6.613761,-8.036413,4.610755E-10,4.610755E-10,-8.106305,-46.56861
'[19:15:09.636 21/01/2026]',-5.571999,-8.167199,-6.613761,-8.036413,4.610755E-10,4.610755E-10,-8.106305,-46.56861
'[19:15:09.644 21/01/2026]',0.4617366,-1.262579,-1.14573,-2.223174,4.610755E-10,4.610755E-10,-1.235474,5.468952
'[19:15:09.652 21/01/2026]',0.4617366,-1.262579,-1.14573,-2.223174,4.610755E-10,4.610755E-10,-1.235474,5.468952
'[19:15:09.660 21/01/2026]',-0.6406713,1.164504,1.026294,3.122215,4.610755E-10,4.610755E-10,1.307086,27.25329
'[19:15:09.668 21/01/2026]',-0.6406713,1.164504,1.026294,3.122215,4.610755E-10,4.610755E-10,1.307086,27.25329
'[19:15:09.676 21/01/2026]',-0.6406713,1.164504,1.026294,3.122215,4.610755E-10,4.610755E-10,1.307086,27.25329
'[19:15:09.684 21/01/2026]',-0.6406713,1.164504,1.026294,3.122215,4.610755E-10,4.610755E-10,1.307086,27.25329
'[19:15:09.692 21/01/2026]',0.7070094,1.724495,0.855641,1.724529,4.610755E-10,4.610755E-10,2.957698,-6.54051
'[19:15:09.700 21/01/2026]',-0.004873385,-1.027353,-1.216608,-2.463843,4.610755E-10,4.610755E-10,-3.51575,-22.01463
'[19:15:09.708 21/01/2026]',-3.003624,-3.679229,-2.013777,-4.386946,4.610755E-10,4.610755E-10,-2.380174,-7.654435
'[19:15:09.716 21/01/2026]',3.078488,4.967167,4.34977,6.780682,4.610755E-10,4.610755E-10,3.42912,15.32779
'[19:15:09.724 21/01/2026]',0.7906671,-0.6501347,-1.117146,-0.1205599,4.610755E-10,4.610755E-10,1.329957,19.30431
'[19:15:09.732 21/01/2026]',-2.85425,-3.76626,-3.244113,-5.993071,4.610755E-10,4.610755E-10,-1.488846,-58.19256
'[19:15:09.740 21/01/2026]',0.9233757,1.400407,3.292837,3.131657,4.610755E-10,4.610755E-10,-0.4993282,53.7253
'[19:15:09.748 21/01/2026]',1.670591,2.332597,0.4944178,4.172524,4.610755E-10,4.610755E-10,1.334955,-19.65823
'[19:15:09.756 21/01/2026]',-2.440591,-2.92084,-1.297081,-3.621775,4.610755E-10,4.610755E-10,-0.9236076,-7.184208
'[19:15:09.764 21/01/2026]',-0.2438144,-0.935743,-2.522488,-3.890481,4.610755E-10,4.610755E-10,-2.500481,3.383172
'[19:15:09.772 21/01/2026]',0.5344184,1.925007,1.553205,4.1005,4.610755E-10,4.610755E-10,1.971769,-2.035503
'[19:15:09.780 21/01/2026]',4.638398,4.318316,5.621428,6.585132,4.610755E-10,4.610755E-10,4.415205,-0.02124394
'[19:15:09.788 21/01/2026]',-7.573216,-8.014983,-9.932925,-11.4102,4.610755E-10,4.610755E-10,-11.35925,-16.17817
'[19:15:09.796 21/01/2026]',2.170661,2.56637,5.473211,3.82333,4.610755E-10,4.610755E-10,9.889536,14.15094
'[19:15:09.804 21/01/2026]',1.542275,0.2462096,-2.375693,2.594545,4.610755E-10,4.610755E-10,-3.149772,3.193157
'[19:15:09.812 21/01/2026]',-0.9898931,0.5022015,-0.8559526,-1.591813,4.610755E-10,4.610755E-10,-3.287592,-4.231691
'[19:15:09.820 21/01/2026]',0.7491508,2.951741,5.219073,-0.420634,4.610755E-10,4.610755E-10,4.817203,18.07407
'[19:15:09.828 21/01/2026]',-0.6378896,-5.015356,-3.843347,2.031574,4.610755E-10,4.610755E-10,-1.464759,-3.587588
'[19:15:09.836 21/01/2026]',1.562092,4.188643,1.324459,1.546616,4.610755E-10,4.610755E-10,0.3828153,7.782671
'[19:15:09.844 21/01/2026]',-1.35337,-2.565206,-1.871122,-3.102805,4.610755E-10,4.610755E-10,-3.102628,-26.63906
'[19:15:09.852 21/01/2026]',-0.3742808,0.8351737,2.411283,0.4958406,4.610755E-10,4.610755E-10,3.473909,27.65553
'[19:15:09.860 21/01/2026]',2.452245,2.090079,-0.2792431,-0.6361541,4.610755E-10,4.610755E-10,-0.1080192,-9.055318
'[19:15:09.868 21/01/2026]',-2.712593,-3.526822,-1.542462,1.606159,4.610755E-10,4.610755E-10,-0.5200195,-9.838107
'[19:15:09.876 21/01/2026]',4.22975,4.182729,4.6497,3.291047,4.610755E-10,4.610755E-10,1.219511,-5.060358
'[19:15:09.884 21/01/2026]',-1.294779,0.0781092,-2.465376,-3.307272,4.610755E-10,4.610755E-10,2.974123,19.28705
'[19:15:09.892 21/01/2026]',1.467626,-4.576242,1.473922,-0.543555,4.610755E-10,4.610755E-10,-2.650919,-32.18868
'[19:15:09.900 21/01/2026]',0.06689305,-1.949922,0.9583797,2.302499,4.610755E-10,4.610755E-10,-3.13702,20.67633
'[19:15:09.908 21/01/2026]',-4.821939,12.79886,-5.381565,-0.2550684,4.610755E-10,4.610755E-10,4.51276,32.54133
'[19:15:09.916 21/01/2026]',1.198304,-9.093968,3.996243,-1.186652,4.610755E-10,4.610755E-10,-1.518438,-53.02256
'[19:15:09.924 21/01/2026]',3.046834,2.028364,0.4529343,2.82847,4.610755E-10,4.610755E-10,0.5963768,30.38537
'[19:15:09.932 21/01/2026]',3.046834,2.028364,0.4529343,2.82847,4.610755E-10,4.610755E-10,0.5963768,30.38537
'[19:15:09.940 21/01/2026]',3.046834,2.028364,0.4529343,2.82847,4.610755E-10,4.610755E-10,0.5963768,30.38537
'[19:15:09.948 21/01/2026]',-5.770945,-4.857818,-6.123703,-6.297779,4.610755E-10,4.610755E-10,-5.618378,-9.744529
'[19:15:09.956 21/01/2026]',-5.770945,-4.857818,-6.123703,-6.297779,4.610755E-10,4.610755E-10,-5.618378,-9.744529
'[19:15:09.964 21/01/2026]',-5.770945,-4.857818,-6.123703,-6.297779,4.610755E-10,4.610755E-10,-5.618378,-9.744529
'[19:15:09.972 21/01/2026]',-5.770945,-4.857818,-6.123703,-6.297779,4.610755E-10,4.610755E-10,-5.618378,-9.744529
'[19:15:09.980 21/01/2026]',5.081795,8.313011,6.838953,7.739793,4.610755E-10,4.610755E-10,7.257763,6.053023
'[19:15:09.988 21/01/2026]',-1.308577,-3.320413,-0.05738266,-4.425499,4.610755E-10,4.610755E-10,-0.9202454,9.65732
'[19:15:09.996 21/01/2026]',-0.5000209,-2.935105,-4.800116,0.3322943,4.610755E-10,4.610755E-10,-6.157382,-6.831144
'[19:15:10.004 21/01/2026]',-0.5000209,-2.935105,-4.800116,0.3322943,4.610755E-10,4.610755E-10,-6.157382,-6.831144
'[19:15:10.012 21/01/2026]',-0.095578,2.822103,2.216461,1.728044,4.610755E-10,4.610755E-10,5.173072,-20.52519
'[19:15:10.020 21/01/2026]',-0.6062897,-0.9668819,0.6876006,-3.815033,4.610755E-10,4.610755E-10,-3.124924,-5.297681
'[19:15:10.028 21/01/2026]',-0.6062897,-0.9668819,0.6876006,-3.815033,4.610755E-10,4.610755E-10,-3.124924,-5.297681
'[19:15:10.036 21/01/2026]',-0.6062897,-0.9668819,0.6876006,-3.815033,4.610755E-10,4.610755E-10,-3.124924,-5.297681
'[19:15:10.044 21/01/2026]',1.879578,-0.8599674,1.451338,4.159843,4.610755E-10,4.610755E-10,3.315051,13.41467
'[19:15:10.052 21/01/2026]',1.879578,-0.8599674,1.451338,4.159843,4.610755E-10,4.610755E-10,3.315051,13.41467
'[19:15:10.060 21/01/2026]',0.1041068,0.3106084,-0.9051789,-2.170469,4.610755E-10,4.610755E-10,-1.539925,-4.472053
'[19:15:10.068 21/01/2026]',0.1041068,0.3106084,-0.9051789,-2.170469,4.610755E-10,4.610755E-10,-1.539925,-4.472053
'[19:15:10.076 21/01/2026]',-1.270216,3.147069,-0.9459789,0.04232407,4.610755E-10,4.610755E-10,-0.07150168,-14.21946
'[19:15:10.084 21/01/2026]',-1.270216,3.147069,-0.9459789,0.04232407,4.610755E-10,4.610755E-10,-0.07150168,-14.21946
'[19:15:10.092 21/01/2026]',-1.832002,-4.987605,-2.438758,-4.574611,4.610755E-10,4.610755E-10,-2.687962,7.566495
'[19:15:10.100 21/01/2026]',-1.832002,-4.987605,-2.438758,-4.574611,4.610755E-10,4.610755E-10,-2.687962,7.566495
'[19:15:10.108 21/01/2026]',-1.832002,-4.987605,-2.438758,-4.574611,4.610755E-10,4.610755E-10,-2.687962,7.566495
'[19:15:10.116 21/01/2026]',1.271484,2.518642,0.8756931,2.154088,4.610755E-10,4.610755E-10,2.758919,19.50987
'[19:15:10.124 21/01/2026]',1.271484,2.518642,0.8756931,2.154088,4.610755E-10,4.610755E-10,2.758919,19.50987
'[19:15:10.132 21/01/2026]',1.464704,1.042898,2.766371,6.39004,4.610755E-10,4.610755E-10,1.329471,-15.49872
'[19:15:10.140 21/01/2026]',1.464704,1.042898,2.766371,6.39004,4.610755E-10,4.610755E-10,1.329471,-15.49872
'[19:15:10.148 21/01/2026]',1.464704,1.042898,2.766371,6.39004,4.610755E-10,4.610755E-10,1.329471,-15.49872
'[19:15:10.156 21/01/2026]',1.464704,1.042898,2.766371,6.39004,4.610755E-10,4.610755E-10,1.329471,-15.49872
'[19:15:10.164 21/01/2026]',-1.077287,-2.562158,-1.245605,-4.282405,4.610755E-10,4.610755E-10,-4.31035,-4.683522
'[19:15:10.172 21/01/2026]',-0.3563995,1.269181,-1.202157,-1.636623,4.610755E-10,4.610755E-10,4.676024,18.40545
'[19:15:10.180 21/01/2026]',0.1668343,0.5660332,0.2301392,3.761702,4.610755E-10,4.610755E-10,-2.133453,-18.38655
'[19:15:10.188 21/01/2026]',0.1668343,0.5660332,0.2301392,3.761702,4.610755E-10,4.610755E-10,-2.133453,-18.38655
'[19:15:10.196 21/01/2026]',2.778894,0.5887027,1.1404,-0.3609549,4.610755E-10,4.610755E-10,-0.1230396,3.336535
'[19:15:10.204 21/01/2026]',2.778894,0.5887027,1.1404,-0.3609549,4.610755E-10,4.610755E-10,-0.1230396,3.336535
'[19:15:10.212 21/01/2026]',2.778894,0.5887027,1.1404,-0.3609549,4.610755E-10,4.610755E-10,-0.1230396,3.336535
'[19:15:10.220 21/01/2026]',-9.382333,8.740248,-3.165673,-0.549244,4.610755E-10,4.610755E-10,3.718152,19.60813
'[19:15:10.228 21/01/2026]',9.407535,-1.336381,3.24315,2.531551,4.610755E-10,4.610755E-10,-2.254603,-16.69347
'[19:15:10.236 21/01/2026]',9.407535,-1.336381,3.24315,2.531551,4.610755E-10,4.610755E-10,-2.254603,-16.69347
'[19:15:10.244 21/01/2026]',9.407535,-1.336381,3.24315,2.531551,4.610755E-10,4.610755E-10,-2.254603,-16.69347
'[19:15:10.252 21/01/2026]',-0.01398512,-24.39745,-2.512719,-8.513237,4.610755E-10,4.610755E-10,-6.197147,-14.32928
'[19:15:10.260 21/01/2026]',-0.01398512,-24.39745,-2.512719,-8.513237,4.610755E-10,4.610755E-10,-6.197147,-14.32928
'[19:15:10.268 21/01/2026]',-0.01398512,-24.39745,-2.512719,-8.513237,4.610755E-10,4.610755E-10,-6.197147,-14.32928
'[19:15:10.276 21/01/2026]',-1.135151,20.61015,6.12138,9.21006,4.610755E-10,4.610755E-10,9.781697,10.86112
'[19:15:10.284 21/01/2026]',-2.889011,-0.06200974,-5.04982,-1.402427,4.610755E-10,4.610755E-10,0.08440771,-3.636072
'[19:15:10.292 21/01/2026]',-2.889011,-0.06200974,-5.04982,-1.402427,4.610755E-10,4.610755E-10,0.08440771,-3.636072
'[19:15:10.300 21/01/2026]',1.09706,2.170758,-0.01613787,-0.4119754,4.610755E-10,4.610755E-10,-4.87456,4.213892
'[19:15:10.308 21/01/2026]',1.09706,2.170758,-0.01613787,-0.4119754,4.610755E-10,4.610755E-10,-4.87456,4.213892
'[19:15:10.316 21/01/2026]',1.09706,2.170758,-0.01613787,-0.4119754,4.610755E-10,4.610755E-10,-4.87456,4.213892
'[19:15:10.324 21/01/2026]',1.09706,2.170758,-0.01613787,-0.4119754,4.610755E-10,4.610755E-10,-4.87456,4.213892
'[19:15:10.332 21/01/2026]',1.09706,2.170758,-0.01613787,-0.4119754,4.610755E-10,4.610755E-10,-4.87456,4.213892
'[19:15:10.340 21/01/2026]',8.03763,-9.736242,3.766718,-2.924398,4.610755E-10,4.610755E-10,-2.746834,-12.51734
'[19:15:10.348 21/01/2026]',-7.606704,0.6603475,-2.011861,0.6041279,4.610755E-10,4.610755E-10,6.916141,18.44357
'[19:15:10.356 21/01/2026]',-0.8073612,5.274611,-2.144255,1.545775,4.610755E-10,4.610755E-10,-3.753086,-19.00075
'[19:15:10.364 21/01/2026]',-0.8073612,5.274611,-2.144255,1.545775,4.610755E-10,4.610755E-10,-3.753086,-19.00075
'[19:15:10.372 21/01/2026]',1.317194,-4.510057,0.4805303,-1.037451,4.610755E-10,4.610755E-10,-2.746947,18.41378
'[19:15:10.380 21/01/2026]',1.317194,-4.510057,0.4805303,-1.037451,4.610755E-10,4.610755E-10,-2.746947,18.41378
'[19:15:10.388 21/01/2026]',2.196986,2.673319,4.499146,0.3822832,4.610755E-10,4.610755E-10,5.527279,12.94442
'[19:15:10.396 21/01/2026]',2.196986,2.673319,4.499146,0.3822832,4.610755E-10,4.610755E-10,5.527279,12.94442
'[19:15:10.404 21/01/2026]',1.296031,3.170976,-2.682544,1.893637,4.610755E-10,4.610755E-10,-1.61779,-23.06902
'[19:15:10.412 21/01/2026]',-3.351084,-31.1401,0.2816215,-8.474173,4.610755E-10,4.610755E-10,-4.310334,18.55666
'[19:15:10.420 21/01/2026]',3.461295,36.17982,0.1162034,7.478276,4.610755E-10,4.610755E-10,-1.454806,-21.90851
'[19:15:10.428 21/01/2026]',-6.494398,3.630572,-3.960867,-2.129807,4.610755E-10,4.610755E-10,4.166449,-1.080111
'[19:15:10.436 21/01/2026]',1.041108,-22.18514,0.2546056,-3.304899,4.610755E-10,4.610755E-10,-0.6474894,-8.300156
'[19:15:10.444 21/01/2026]',1.041108,-22.18514,0.2546056,-3.304899,4.610755E-10,4.610755E-10,-0.6474894,-8.300156
'[19:15:10.452 21/01/2026]',6.007799,9.947926,5.800958,7.032787,4.610755E-10,4.610755E-10,1.270484,15.49644
'[19:15:10.460 21/01/2026]',-4.06887,2.987423,-2.755733,-1.817829,4.610755E-10,4.610755E-10,-0.2850115,-4.085864
'[19:15:10.468 21/01/2026]',-1.606954,-4.230637,-2.703301,-2.613676,4.610755E-10,4.610755E-10,-0.4176564,-5.755639
'[19:15:10.476 21/01/2026]',-0.6639989,-6.576759,2.73909,-0.9033349,4.610755E-10,4.610755E-10,0.9172344,1.724906
'[19:15:10.484 21/01/2026]',-25.43863,-20.26764,-11.78543,-7.710034,4.610755E-10,4.610755E-10,-5.21302,11.50935
'[19:15:10.492 21/01/2026]',26.81074,28.34913,9.548053,10.21467,4.610755E-10,4.610755E-10,3.903551,1.64757
'[19:15:10.500 21/01/2026]',40.64175,40.38798,17.60487,16.10268,4.610755E-10,4.610755E-10,3.868465,0.01193931
'[19:15:10.508 21/01/2026]',-46.00193,-46.69356,-19.37082,-22.95943,4.610755E-10,4.610755E-10,-7.408424,4.044141
'[19:15:10.516 21/01/2026]',-8.195788,-11.47101,-2.865733,-0.8912115,4.610755E-10,4.610755E-10,4.551018,-12.78953
'[19:15:10.524 21/01/2026]',22.07846,26.24967,9.533843,13.9263,4.610755E-10,4.610755E-10,2.886182,-19.54966
'[19:15:10.532 21/01/2026]',-4.652999,-6.520018,-4.464821,-9.271121,4.610755E-10,4.610755E-10,-9.636308,22.40373
'[19:15:10.540 21/01/2026]',-9.343496,-9.767979,-3.182636,-3.77389,4.610755E-10,4.610755E-10,3.507076,-21.26402
'[19:15:10.548 21/01/2026]',5.470768,6.550506,5.15216,6.305108,4.610755E-10,4.610755E-10,4.705014,21.50918
'[19:15:10.556 21/01/2026]',1.163181,0.06848975,-0.4998929,0.2665482,4.610755E-10,4.610755E-10,-1.622659,-0.1303346
'[19:15:10.564 21/01/2026]',-7.458163,-6.909471,-5.322567,-3.5571,4.610755E-10,4.610755E-10,-2.667165,-14.58559
'[19:15:10.572 21/01/2026]',-20.6268,-22.83144,-6.744888,-8.582893,4.610755E-10,4.610755E-10,-1.239356,38.0512
'[19:15:10.580 21/01/2026]',8.494208,13.89134,5.473732,5.265722,4.610755E-10,4.610755E-10,5.295892,30.69022
'[19:15:10.588 21/01/2026]',65.8821,65.52424,24.48247,23.64332,4.610755E-10,4.610755E-10,0.6969116,-74.94688
'[19:15:10.596 21/01/2026]',-34.63136,-42.75357,-14.88741,-15.09169,4.610755E-10,4.610755E-10,-6.095189,-12.99068
'[19:15:10.604 21/01/2026]',-36.65785,-30.48359,-13.64453,-13.21717,4.610755E-10,4.610755E-10,-1.167479,53.3218
'[19:15:10.612 21/01/2026]',27.30463,27.28728,12.30873,12.89304,4.610755E-10,4.610755E-10,9.365677,-9.840712
'[19:15:10.620 21/01/2026]',27.30463,27.28728,12.30873,12.89304,4.610755E-10,4.610755E-10,9.365677,-9.840712
'[19:15:10.628 21/01/2026]',6.111315,4.754048,0.09971941,1.778456,4.610755E-10,4.610755E-10,-8.73675,-29.85447
'[19:15:10.636 21/01/2026]',-8.193371,-7.994666,-0.1703749,-2.782221,4.610755E-10,4.610755E-10,4.735537,32.07342
'[19:15:10.644 21/01/2026]',-7.847378,-7.993435,-5.191711,-4.699841,4.610755E-10,4.610755E-10,-3.222985,2.609449
'[19:15:10.652 21/01/2026]',-7.847378,-7.993435,-5.191711,-4.699841,4.610755E-10,4.610755E-10,-3.222985,2.609449
'[19:15:10.660 21/01/2026]',10.4917,11.73475,5.991514,6.852091,4.610755E-10,4.610755E-10,2.825583,-22.29322
'[19:15:10.668 21/01/2026]',10.4917,11.73475,5.991514,6.852091,4.610755E-10,4.610755E-10,2.825583,-22.29322
'[19:15:10.676 21/01/2026]',-2.467792,-2.846433,-3.789893,-3.033949,4.610755E-10,4.610755E-10,-1.656816,27.08163
'[19:15:10.684 21/01/2026]',-2.467792,-2.846433,-3.789893,-3.033949,4.610755E-10,4.610755E-10,-1.656816,27.08163
'[19:15:10.692 21/01/2026]',-2.467792,-2.846433,-3.789893,-3.033949,4.610755E-10,4.610755E-10,-1.656816,27.08163
'[19:15:10.700 21/01/2026]',-6.508911,-5.826803,-2.873797,-2.774022,4.610755E-10,4.610755E-10,-1.928018,1.797959
'[19:15:10.708 21/01/2026]',-1.639343,-3.016568,0.03071062,-2.071299,4.610755E-10,4.610755E-10,2.372422,-36.71626
'[19:15:10.716 21/01/2026]',-1.639343,-3.016568,0.03071062,-2.071299,4.610755E-10,4.610755E-10,2.372422,-36.71626
'[19:15:10.724 21/01/2026]',-1.639343,-3.016568,0.03071062,-2.071299,4.610755E-10,4.610755E-10,2.372422,-36.71626
'[19:15:10.732 21/01/2026]',-12.52323,-13.8576,-5.963473,-5.551587,4.610755E-10,4.610755E-10,-4.596671,7.769332
'[19:15:10.740 21/01/2026]',-12.52323,-13.8576,-5.963473,-5.551587,4.610755E-10,4.610755E-10,-4.596671,7.769332
'[19:15:10.748 21/01/2026]',4.066091,4.904871,3.222691,5.759323,4.610755E-10,4.610755E-10,3.233109,36.32029
'[19:15:10.756 21/01/2026]',4.066091,4.904871,3.222691,5.759323,4.610755E-10,4.610755E-10,3.233109,36.32029
'[19:15:10.764 21/01/2026]',51.34145,51.34308,18.34498,14.02861,4.610755E-10,4.610755E-10,3.837989,-49.41737
'[19:15:10.772 21/01/2026]',51.34145,51.34308,18.34498,14.02861,4.610755E-10,4.610755E-10,3.837989,-49.41737
'[19:15:10.780 21/01/2026]',51.34145,51.34308,18.34498,14.02861,4.610755E-10,4.610755E-10,3.837989,-49.41737
'[19:15:10.788 21/01/2026]',51.34145,51.34308,18.34498,14.02861,4.610755E-10,4.610755E-10,3.837989,-49.41737
'[19:15:10.796 21/01/2026]',51.34145,51.34308,18.34498,14.02861,4.610755E-10,4.610755E-10,3.837989,-49.41737
'[19:15:10.804 21/01/2026]',51.34145,51.34308,18.34498,14.02861,4.610755E-10,4.610755E-10,3.837989,-49.41737
'[19:15:10.812 21/01/2026]',51.34145,51.34308,18.34498,14.02861,4.610755E-10,4.610755E-10,3.837989,-49.41737
'[19:15:10.820 21/01/2026]',-23.22034,-23.06185,-9.427892,-7.809192,4.610755E-10,4.610755E-10,-0.5572026,23.17597
'[19:15:10.828 21/01/2026]',-31.25182,-33.21956,-10.01869,-10.87633,4.610755E-10,4.610755E-10,-4.0517,7.166318
'[19:15:10.836 21/01/2026]',18.77903,21.44287,7.384996,10.94357,4.610755E-10,4.610755E-10,1.126388,-46.73423
'[19:15:10.844 21/01/2026]',4.323901,4.024035,-1.071097,-3.626256,4.610755E-10,4.610755E-10,-0.3904778,29.97366
'[19:15:10.852 21/01/2026]',-5.430191,-6.844962,-0.7129686,-3.068202,4.610755E-10,4.610755E-10,1.593407,22.78335
'[19:15:10.860 21/01/2026]',-5.430191,-6.844962,-0.7129686,-3.068202,4.610755E-10,4.610755E-10,1.593407,22.78335
'[19:15:10.868 21/01/2026]',-4.472382,-3.890137,-1.178197,1.566585,4.610755E-10,4.610755E-10,-1.247678,-40.24199
'[19:15:10.876 21/01/2026]',-4.472382,-3.890137,-1.178197,1.566585,4.610755E-10,4.610755E-10,-1.247678,-40.24199
'[19:15:10.884 21/01/2026]',-4.472382,-3.890137,-1.178197,1.566585,4.610755E-10,4.610755E-10,-1.247678,-40.24199
'[19:15:10.892 21/01/2026]',6.262937,5.497127,1.9259,2.945039,4.610755E-10,4.610755E-10,-2.63059,32.53414
'[19:15:10.900 21/01/2026]',6.262937,5.497127,1.9259,2.945039,4.610755E-10,4.610755E-10,-2.63059,32.53414
'[19:15:10.908 21/01/2026]',1.69918,1.558324,0.8586902,-0.6585527,4.610755E-10,4.610755E-10,3.03621,-16.93165
'[19:15:10.916 21/01/2026]',-7.769823,-6.632389,-3.178872,-5.946844,4.610755E-10,4.610755E-10,-3.057891,-6.773445
'[19:15:10.924 21/01/2026]',-7.769823,-6.632389,-3.178872,-5.946844,4.610755E-10,4.610755E-10,-3.057891,-6.773445
'[19:15:10.932 21/01/2026]',2.354641,1.932849,1.30411,4.356815,4.610755E-10,4.610755E-10,2.864406,33.82368
'[19:15:10.940 21/01/2026]',2.354641,1.932849,1.30411,4.356815,4.610755E-10,4.610755E-10,2.864406,33.82368
'[19:15:10.948 21/01/2026]',2.354641,1.932849,1.30411,4.356815,4.610755E-10,4.610755E-10,2.864406,33.82368
'[19:15:10.956 21/01/2026]',2.354641,1.932849,1.30411,4.356815,4.610755E-10,4.610755E-10,2.864406,33.82368
'[19:15:10.964 21/01/2026]',2.354641,1.932849,1.30411,4.356815,4.610755E-10,4.610755E-10,2.864406,33.82368
'[19:15:10.972 21/01/2026]',4.904483,6.187451,4.038625,3.580026,4.610755E-10,4.610755E-10,1.10832,-24.44386
'[19:15:10.980 21/01/2026]',4.904483,6.187451,4.038625,3.580026,4.610755E-10,4.610755E-10,1.10832,-24.44386
'[19:15:10.988 21/01/2026]',-3.45001,-7.302631,-4.361334,-5.75745,4.610755E-10,4.610755E-10,-1.836249,-23.77109
'[19:15:10.996 21/01/2026]',3.051749,7.394744,1.411849,3.46338,4.610755E-10,4.610755E-10,2.690733,34.52552
'[19:15:11.004 21/01/2026]',1.376654,-2.696077,3.231513,1.73739,4.610755E-10,4.610755E-10,-3.178999,-6.879478
'[19:15:11.012 21/01/2026]',1.376654,-2.696077,3.231513,1.73739,4.610755E-10,4.610755E-10,-3.178999,-6.879478
'[19:15:11.020 21/01/2026]',-8.045658,-6.066816,-6.557145,-5.419609,4.610755E-10,4.610755E-10,-2.320845,-25.79588
'[19:15:11.028 21/01/2026]',-8.045658,-6.066816,-6.557145,-5.419609,4.610755E-10,4.610755E-10,-2.320845,-25.79588
'[19:15:11.036 21/01/2026]',6.768435,6.266283,3.030171,0.442998,4.610755E-10,4.610755E-10,3.512062,7.468638
'[19:15:11.044 21/01/2026]',6.768435,6.266283,3.030171,0.442998,4.610755E-10,4.610755E-10,3.512062,7.468638
'[19:15:11.052 21/01/2026]',6.768435,6.266283,3.030171,0.442998,4.610755E-10,4.610755E-10,3.512062,7.468638
'[19:15:11.060 21/01/2026]',3.257489,3.419865,3.269492,6.782231,4.610755E-10,4.610755E-10,2.026106,30.62309
'[19:15:11.068 21/01/2026]',3.257489,3.419865,3.269492,6.782231,4.610755E-10,4.610755E-10,2.026106,30.62309
'[19:15:11.076 21/01/2026]',-10.75651,-9.608087,-8.470311,-7.71219,4.610755E-10,4.610755E-10,-5.178731,-23.02246
'[19:15:11.084 21/01/2026]',-10.75651,-9.608087,-8.470311,-7.71219,4.610755E-10,4.610755E-10,-5.178731,-23.02246
'[19:15:11.092 21/01/2026]',-10.75651,-9.608087,-8.470311,-7.71219,4.610755E-10,4.610755E-10,-5.178731,-23.02246
'[19:15:11.100 21/01/2026]',0.7583078,0.35351,2.953974,0.7580152,4.610755E-10,4.610755E-10,1.828981,-7.033262
'[19:15:11.108 21/01/2026]',0.7583078,0.35351,2.953974,0.7580152,4.610755E-10,4.610755E-10,1.828981,-7.033262
'[19:15:11.116 21/01/2026]',5.89482,3.183683,2.531067,0.6246336,4.610755E-10,4.610755E-10,0.1459987,7.230077
'[19:15:11.124 21/01/2026]',-0.1968113,-0.1116686,-0.6287214,3.378077,4.610755E-10,4.610755E-10,3.146498,0.6165881
'[19:15:11.132 21/01/2026]',-0.1968113,-0.1116686,-0.6287214,3.378077,4.610755E-10,4.610755E-10,3.146498,0.6165881
'[19:15:11.140 21/01/2026]',-2.950021,0.3317822,-1.214983,-2.1922,4.610755E-10,4.610755E-10,-5.277756,4.615221
'[19:15:11.148 21/01/2026]',0.9515239,0.7147109,0.7888513,-0.6652275,4.610755E-10,4.610755E-10,4.465396,-3.132666
'[19:15:11.156 21/01/2026]',1.444529,-0.7068143,1.326663,1.133989,4.610755E-10,4.610755E-10,1.009169,-1.944255
'[19:15:11.164 21/01/2026]',-1.122691,-1.448973,-0.9271492,-1.574944,4.610755E-10,4.610755E-10,-2.794012,-4.418339
'[19:15:11.172 21/01/2026]',1.429481,2.919921,0.2146557,2.588157,4.610755E-10,4.610755E-10,1.843761,-4.885581
'[19:15:11.180 21/01/2026]',-1.991117,-3.051766,-2.599791,-2.790646,4.610755E-10,4.610755E-10,-3.201213,4.041472
'[19:15:11.188 21/01/2026]',-0.7841849,-0.4792349,1.253497,-1.917706,4.610755E-10,4.610755E-10,0.7623311,-13.71657
'[19:15:11.196 21/01/2026]',1.240703,1.42387,0.1431679,4.171207,4.610755E-10,4.610755E-10,-0.5247633,28.77957
'[19:15:11.204 21/01/2026]',1.201268,2.516912,0.4982227,0.2557863,4.610755E-10,4.610755E-10,2.854129,-20.35959
'[19:15:11.212 21/01/2026]',-3.490126,-3.420372,-1.781841,-2.010113,4.610755E-10,4.610755E-10,-2.446265,9.618058
'[19:15:11.220 21/01/2026]',-3.490126,-3.420372,-1.781841,-2.010113,4.610755E-10,4.610755E-10,-2.446265,9.618058
'[19:15:11.228 21/01/2026]',-3.490126,-3.420372,-1.781841,-2.010113,4.610755E-10,4.610755E-10,-2.446265,9.618058
'[19:15:11.236 21/01/2026]',-4.577566,-6.450127,-4.84445,-7.069915,4.610755E-10,4.610755E-10,-6.4811,2.06067
'[19:15:11.244 21/01/2026]',8.733388,10.45946,7.004758,9.512475,4.610755E-10,4.610755E-10,8.41834,-3.232459
'[19:15:11.252 21/01/2026]',-3.791863,-5.309058,-1.279249,-2.538701,4.610755E-10,4.610755E-10,-3.024922,-6.312109
'[19:15:11.260 21/01/2026]',0.06153417,-0.01735506,0.5525749,-0.08102349,4.610755E-10,4.610755E-10,1.689485,8.396943
'[19:15:11.268 21/01/2026]',2.576883,2.624597,-0.8517374,-0.1629533,4.610755E-10,4.610755E-10,-1.440732,14.20598
'[19:15:11.276 21/01/2026]',-2.75105,-3.426704,-2.521776,-3.535296,4.610755E-10,4.610755E-10,0.05130055,-16.04562
'[19:15:11.284 21/01/2026]',-0.9933132,0.7674341,2.225121,3.44803,4.610755E-10,4.610755E-10,-0.08057397,-28.05273
'[19:15:11.292 21/01/2026]',2.512224,0.7159481,1.375856,1.093292,4.610755E-10,4.610755E-10,2.599331,22.9496
'[19:15:11.300 21/01/2026]',3.05169,3.217174,1.097903,0.6382269,4.610755E-10,4.610755E-10,0.6780312,-2.390755
'[19:15:11.308 21/01/2026]',-3.75636,-2.008012,-1.04388,-0.6958651,4.610755E-10,4.610755E-10,0.495242,-15.43137
'[19:15:11.316 21/01/2026]',-5.034063,-5.629486,-3.856445,-5.135958,4.610755E-10,4.610755E-10,-4.065867,12.52074
'[19:15:11.324 21/01/2026]',-2.24463,-4.459504,0.5748574,6.596714,4.610755E-10,4.610755E-10,3.979333,26.8945
'[19:15:11.332 21/01/2026]',-14.61946,-18.07798,-5.887078,-11.75078,4.610755E-10,4.610755E-10,-4.912656,-39.37069
'[19:15:11.340 21/01/2026]',24.96942,26.85938,9.485629,6.623348,4.610755E-10,4.610755E-10,0.6573997,-24.52725
'[19:15:11.348 21/01/2026]',23.27158,31.234,8.044462,12.55405,4.610755E-10,4.610755E-10,3.972975,80.95787
'[19:15:11.356 21/01/2026]',-21.23327,-25.49868,-8.743816,-8.070491,4.610755E-10,4.610755E-10,-6.090941,-14.10887
'[19:15:11.364 21/01/2026]',-10.51732,-14.06267,-1.746909,-4.293772,4.610755E-10,4.610755E-10,4.890146,-61.87506
'[19:15:11.372 21/01/2026]',-10.51732,-14.06267,-1.746909,-4.293772,4.610755E-10,4.610755E-10,4.890146,-61.87506
'[19:15:11.380 21/01/2026]',7.189291,9.433269,1.693397,3.574911,4.610755E-10,4.610755E-10,-2.702165,46.06364
'[19:15:11.388 21/01/2026]',7.189291,9.433269,1.693397,3.574911,4.610755E-10,4.610755E-10,-2.702165,46.06364
'[19:15:11.396 21/01/2026]',7.189291,9.433269,1.693397,3.574911,4.610755E-10,4.610755E-10,-2.702165,46.06364
'[19:15:11.404 21/01/2026]',7.189291,9.433269,1.693397,3.574911,4.610755E-10,4.610755E-10,-2.702165,46.06364
'[19:15:11.412 21/01/2026]',1.923307,3.494158,-0.4826247,0.9993685,4.610755E-10,4.610755E-10,-0.3130391,-5.062954
'[19:15:11.420 21/01/2026]',-9.693704,-11.47952,-6.612368,-10.00525,4.610755E-10,4.610755E-10,-3.158921,-16.63864
'[19:15:11.428 21/01/2026]',-9.693704,-11.47952,-6.612368,-10.00525,4.610755E-10,4.610755E-10,-3.158921,-16.63864
'[19:15:11.436 21/01/2026]',-9.693704,-11.47952,-6.612368,-10.00525,4.610755E-10,4.610755E-10,-3.158921,-16.63864
'[19:15:11.444 21/01/2026]',-9.693704,-11.47952,-6.612368,-10.00525,4.610755E-10,4.610755E-10,-3.158921,-16.63864
'[19:15:11.452 21/01/2026]',10.06798,9.354952,9.454366,11.74925,4.610755E-10,4.610755E-10,7.985145,-6.55756
'[19:15:11.460 21/01/2026]',-2.601995,-0.3997488,-2.599418,-2.131969,4.610755E-10,4.610755E-10,-2.13699,-4.778377
'[19:15:11.468 21/01/2026]',-2.601995,-0.3997488,-2.599418,-2.131969,4.610755E-10,4.610755E-10,-2.13699,-4.778377
'[19:15:11.476 21/01/2026]',-2.601995,-0.3997488,-2.599418,-2.131969,4.610755E-10,4.610755E-10,-2.13699,-4.778377
'[19:15:11.484 21/01/2026]',-2.545099,-2.750378,-1.384114,-4.868835,4.610755E-10,4.610755E-10,-2.434026,31.56737
'[19:15:11.492 21/01/2026]',0.3780493,-1.136988,-0.07614447,3.791803,4.610755E-10,4.610755E-10,-0.1697243,-5.522679
'[19:15:11.500 21/01/2026]',0.3780493,-1.136988,-0.07614447,3.791803,4.610755E-10,4.610755E-10,-0.1697243,-5.522679
'[19:15:11.508 21/01/2026]',-6.516186,-4.590909,-3.841565,-3.924974,4.610755E-10,4.610755E-10,-3.073956,10.53866
'[19:15:11.516 21/01/2026]',-6.516186,-4.590909,-3.841565,-3.924974,4.610755E-10,4.610755E-10,-3.073956,10.53866
'[19:15:11.524 21/01/2026]',-20.08181,-21.8338,-6.268121,-7.187672,4.610755E-10,4.610755E-10,2.841539,-28.31532
'[19:15:11.532 21/01/2026]',-20.08181,-21.8338,-6.268121,-7.187672,4.610755E-10,4.610755E-10,2.841539,-28.31532
'[19:15:11.540 21/01/2026]',26.40613,26.20056,8.772217,9.123149,4.610755E-10,4.610755E-10,-1.725793,13.14756
'[19:15:11.548 21/01/2026]',26.40613,26.20056,8.772217,9.123149,4.610755E-10,4.610755E-10,-1.725793,13.14756
'[19:15:11.556 21/01/2026]',31.15959,41.21219,12.10713,13.25982,4.610755E-10,4.610755E-10,5.365349,31.31164
'[19:15:11.564 21/01/2026]',31.15959,41.21219,12.10713,13.25982,4.610755E-10,4.610755E-10,5.365349,31.31164
'[19:15:11.572 21/01/2026]',31.15959,41.21219,12.10713,13.25982,4.610755E-10,4.610755E-10,5.365349,31.31164
'[19:15:11.580 21/01/2026]',-27.78351,-36.61319,-9.041994,-10.26063,4.610755E-10,4.610755E-10,-3.819515,-26.62856
'[19:15:11.588 21/01/2026]',-27.78351,-36.61319,-9.041994,-10.26063,4.610755E-10,4.610755E-10,-3.819515,-26.62856
'[19:15:11.596 21/01/2026]',-12.91316,-17.43409,-5.024792,-5.136966,4.610755E-10,4.610755E-10,-1.163458,-26.57738
'[19:15:11.604 21/01/2026]',-12.91316,-17.43409,-5.024792,-5.136966,4.610755E-10,4.610755E-10,-1.163458,-26.57738
'[19:15:11.612 21/01/2026]',-12.91316,-17.43409,-5.024792,-5.136966,4.610755E-10,4.610755E-10,-1.163458,-26.57738
'[19:15:11.620 21/01/2026]',-12.91316,-17.43409,-5.024792,-5.136966,4.610755E-10,4.610755E-10,-1.163458,-26.57738
'[19:15:11.628 21/01/2026]',10.81543,20.26175,3.056695,3.831611,4.610755E-10,4.610755E-10,4.653448,52.73376
'[19:15:11.636 21/01/2026]',4.601371,-0.01011325,1.154812,1.095448,4.610755E-10,4.610755E-10,-2.382455,-39.53171
'[19:15:11.644 21/01/2026]',-5.778656,-5.344564,0.3585502,-0.9214053,4.610755E-10,4.610755E-10,0.6000081,-5.43884
'[19:15:11.652 21/01/2026]',-5.778656,-5.344564,0.3585502,-0.9214053,4.610755E-10,4.610755E-10,0.6000081,-5.43884
'[19:15:11.660 21/01/2026]',-5.778656,-5.344564,0.3585502,-0.9214053,4.610755E-10,4.610755E-10,0.6000081,-5.43884
'[19:15:11.668 21/01/2026]',-15.88177,-9.494531,-9.424645,-6.023891,4.610755E-10,4.610755E-10,-3.651605,21.38265
'[19:15:11.676 21/01/2026]',19.25799,9.900066,9.528125,5.554775,4.610755E-10,4.610755E-10,3.237439,-28.48285
'[19:15:11.684 21/01/2026]',19.25799,9.900066,9.528125,5.554775,4.610755E-10,4.610755E-10,3.237439,-28.48285
'[19:15:11.692 21/01/2026]',5.113719,4.569338,2.605488,2.260977,4.610755E-10,4.610755E-10,1.967386,32.15559
'[19:15:11.700 21/01/2026]',5.113719,4.569338,2.605488,2.260977,4.610755E-10,4.610755E-10,1.967386,32.15559
'[19:15:11.708 21/01/2026]',5.113719,4.569338,2.605488,2.260977,4.610755E-10,4.610755E-10,1.967386,32.15559
'[19:15:11.716 21/01/2026]',-16.1567,-10.6,-9.115397,-6.563134,4.610755E-10,4.610755E-10,-4.768592,-33.38633
'[19:15:11.724 21/01/2026]',-16.1567,-10.6,-9.115397,-6.563134,4.610755E-10,4.610755E-10,-4.768592,-33.38633
'[19:15:11.732 21/01/2026]',5.386664,6.772691,3.896377,5.384772,4.610755E-10,4.610755E-10,4.260873,19.03502
'[19:15:11.740 21/01/2026]',5.386664,6.772691,3.896377,5.384772,4.610755E-10,4.610755E-10,4.260873,19.03502
'[19:15:11.748 21/01/2026]',0.3602807,-4.861803,-1.407735,-4.056573,4.610755E-10,4.610755E-10,-4.96347,-8.818704
'[19:15:11.756 21/01/2026]',0.3602807,-4.861803,-1.407735,-4.056573,4.610755E-10,4.610755E-10,-4.96347,-8.818704
'[19:15:11.764 21/01/2026]',0.3602807,-4.861803,-1.407735,-4.056573,4.610755E-10,4.610755E-10,-4.96347,-8.818704
'[19:15:11.772 21/01/2026]',3.149152,5.723354,4.067012,4.780396,4.610755E-10,4.610755E-10,7.275664,-1.983877
'[19:15:11.780 21/01/2026]',3.149152,5.723354,4.067012,4.780396,4.610755E-10,4.610755E-10,7.275664,-1.983877
'[19:15:11.788 21/01/2026]',3.149152,5.723354,4.067012,4.780396,4.610755E-10,4.610755E-10,7.275664,-1.983877
'[19:15:11.796 21/01/2026]',3.149152,5.723354,4.067012,4.780396,4.610755E-10,4.610755E-10,7.275664,-1.983877
'[19:15:11.804 21/01/2026]',-7.204861,-5.907586,-5.551004,-3.380534,4.610755E-10,4.610755E-10,-6.574579,27.63607
'[19:15:11.812 21/01/2026]',-7.204861,-5.907586,-5.551004,-3.380534,4.610755E-10,4.610755E-10,-6.574579,27.63607
'[19:15:11.820 21/01/2026]',-7.204861,-5.907586,-5.551004,-3.380534,4.610755E-10,4.610755E-10,-6.574579,27.63607
'[19:15:11.828 21/01/2026]',6.521791,3.971031,4.835063,2.422375,4.610755E-10,4.610755E-10,4.909073,-30.1643
'[19:15:11.836 21/01/2026]',-1.441119,-0.2550979,-2.616383,-4.371593,4.610755E-10,4.610755E-10,-5.707017,16.01628
'[19:15:11.844 21/01/2026]',-3.429822,-3.582341,-3.099612,3.610513,4.610755E-10,4.610755E-10,-1.44033,-21.43711
'[19:15:11.852 21/01/2026]',0.4651906,0.3820212,1.625262,-0.2834132,4.610755E-10,4.610755E-10,4.035352,25.16026
'[19:15:11.860 21/01/2026]',0.2006491,0.5741308,1.778292,-2.251275,4.610755E-10,4.610755E-10,-3.287348,3.080806
'[19:15:11.868 21/01/2026]',2.585104,3.347688,-0.678358,1.653594,4.610755E-10,4.610755E-10,2.288469,-2.107301
'[19:15:11.876 21/01/2026]',9.642549,10.16763,4.874776,7.426544,4.610755E-10,4.610755E-10,2.682764,-14.48697
'[19:15:11.884 21/01/2026]',-9.40618,-10.3146,-4.318606,-7.745506,4.610755E-10,4.610755E-10,-3.794379,10.41449
'[19:15:11.892 21/01/2026]',-9.40618,-10.3146,-4.318606,-7.745506,4.610755E-10,4.610755E-10,-3.794379,10.41449
'[19:15:11.900 21/01/2026]',-13.92499,-13.94058,-6.111196,-7.444566,4.610755E-10,4.610755E-10,-2.964264,-13.49744
'[19:15:11.908 21/01/2026]',15.10701,14.79572,7.115639,10.00871,4.610755E-10,4.610755E-10,7.665031,1.975911
'[19:15:11.916 21/01/2026]',15.10701,14.79572,7.115639,10.00871,4.610755E-10,4.610755E-10,7.665031,1.975911
'[19:15:11.924 21/01/2026]',-0.4191949,0.5585243,-1.228539,-0.1838454,4.610755E-10,4.610755E-10,-2.669051,-5.351094
'[19:15:11.932 21/01/2026]',-4.553742,-5.586016,0.3335515,-1.696992,4.610755E-10,4.610755E-10,-2.205438,17.80125
'[19:15:11.940 21/01/2026]',2.151268,2.656901,-1.107853,-0.7073192,4.610755E-10,4.610755E-10,2.236933,-21.58537
'[19:15:11.948 21/01/2026]',-2.6044,-2.717381,-2.122383,-4.22132,4.610755E-10,4.610755E-10,-2.836312,-6.7192
'[19:15:11.956 21/01/2026]',3.384139,4.181403,3.508882,7.622884,4.610755E-10,4.610755E-10,4.379388,29.84087
'[19:15:11.964 21/01/2026]',-3.83599,-5.600869,-4.001622,-4.578706,4.610755E-10,4.610755E-10,-7.857246,-22.5077
'[19:15:11.972 21/01/2026]',2.272839,1.808993,2.579736,1.017653,4.610755E-10,4.610755E-10,6.933007,7.773211
'[19:15:11.980 21/01/2026]',2.272839,1.808993,2.579736,1.017653,4.610755E-10,4.610755E-10,6.933007,7.773211
'[19:15:11.988 21/01/2026]',1.850268,4.650376,2.558351,3.894635,4.610755E-10,4.610755E-10,0.4365092,3.744193
'[19:15:11.996 21/01/2026]',-2.992751,-4.795926,-5.081123,-5.790216,4.610755E-10,4.610755E-10,-4.555448,9.630375
'[19:15:12.004 21/01/2026]',-2.992751,-4.795926,-5.081123,-5.790216,4.610755E-10,4.610755E-10,-4.555448,9.630375
'[19:15:12.012 21/01/2026]',-2.992751,-4.795926,-5.081123,-5.790216,4.610755E-10,4.610755E-10,-4.555448,9.630375
'[19:15:12.020 21/01/2026]',3.02299,3.1027,6.274324,5.356893,4.610755E-10,4.610755E-10,4.915845,-21.31237
'[19:15:12.028 21/01/2026]',-3.691357,-4.452922,-4.986438,-6.202413,4.610755E-10,4.610755E-10,-6.325749,-1.611099
'[19:15:12.036 21/01/2026]',1.559545,1.527127,0.09744351,3.744303,4.610755E-10,4.610755E-10,2.48766,15.98952
'[19:15:12.044 21/01/2026]',0.7893158,2.483214,0.6786714,-0.520217,4.610755E-10,4.610755E-10,0.152507,-21.48129
'[19:15:12.052 21/01/2026]',-14.46082,-18.15111,-4.683114,-6.825772,4.610755E-10,4.610755E-10,-1.089364,9.385662
'[19:15:12.060 21/01/2026]',8.859115,9.28192,4.940299,3.233113,4.610755E-10,4.610755E-10,-0.1598704,8.73083
'[19:15:12.068 21/01/2026]',25.30406,29.34264,6.383475,11.57095,4.610755E-10,4.610755E-10,3.677168,-12.5175
'[19:15:12.076 21/01/2026]',-25.42016,-26.5901,-6.099989,-5.608636,4.610755E-10,4.610755E-10,-0.9795816,15.42065
'[19:15:12.084 21/01/2026]',0.2026584,-1.114894,-1.343556,-4.236998,4.610755E-10,4.610755E-10,-0.2341294,5.078334
'[19:15:12.092 21/01/2026]',6.797346,7.892122,0.5141332,1.351796,4.610755E-10,4.610755E-10,-1.970962,-15.87116
'[19:15:12.100 21/01/2026]',-3.127362,-0.6621485,1.225118,3.844306,4.610755E-10,4.610755E-10,3.089643,19.30617
'[19:15:12.108 21/01/2026]',-3.127362,-0.6621485,1.225118,3.844306,4.610755E-10,4.610755E-10,3.089643,19.30617
'[19:15:12.116 21/01/2026]',0.9962863,-2.308343,-0.7635973,-1.875414,4.610755E-10,4.610755E-10,0.3972139,1.483773
'[19:15:12.124 21/01/2026]',0.1922853,0.2880465,-0.3364949,-3.164674,4.610755E-10,4.610755E-10,-4.958883,-27.61652
'[19:15:12.132 21/01/2026]',0.1922853,0.2880465,-0.3364949,-3.164674,4.610755E-10,4.610755E-10,-4.958883,-27.61652
'[19:15:12.140 21/01/2026]',-0.5693915,3.013284,0.2886979,4.669117,4.610755E-10,4.610755E-10,4.829596,26.6855
'[19:15:12.148 21/01/2026]',-0.5693915,3.013284,0.2886979,4.669117,4.610755E-10,4.610755E-10,4.829596,26.6855
'[19:15:12.156 21/01/2026]',3.718497,0.2554262,3.450793,0.390824,4.610755E-10,4.610755E-10,1.416472,-13.21808
'[19:15:12.164 21/01/2026]',3.718497,0.2554262,3.450793,0.390824,4.610755E-10,4.610755E-10,1.416472,-13.21808
'[19:15:12.172 21/01/2026]',-8.056472,-9.324034,-6.416954,-7.70479,4.610755E-10,4.610755E-10,-5.840645,-13.80371
'[19:15:12.180 21/01/2026]',-8.056472,-9.324034,-6.416954,-7.70479,4.610755E-10,4.610755E-10,-5.840645,-13.80371
'[19:15:12.188 21/01/2026]',-8.056472,-9.324034,-6.416954,-7.70479,4.610755E-10,4.610755E-10,-5.840645,-13.80371
'[19:15:12.196 21/01/2026]',7.554644,11.02592,6.874477,10.28716,4.610755E-10,4.610755E-10,7.362921,25.73947
'[19:15:12.204 21/01/2026]',7.554644,11.02592,6.874477,10.28716,4.610755E-10,4.610755E-10,7.362921,25.73947
'[19:15:12.212 21/01/2026]',1.618208,-4.951249,-0.1707972,-3.402374,4.610755E-10,4.610755E-10,-3.36063,-16.00058
'[19:15:12.220 21/01/2026]',1.618208,-4.951249,-0.1707972,-3.402374,4.610755E-10,4.610755E-10,-3.36063,-16.00058
'[19:15:12.228 21/01/2026]',-0.8205173,-2.406941,-0.04204072,-1.63283,4.610755E-10,4.610755E-10,0.1087565,-12.00274
'[19:15:12.236 21/01/2026]',-10.18495,5.196321,-5.537074,-1.284044,4.610755E-10,4.610755E-10,-1.726595,12.57646
'[19:15:12.244 21/01/2026]',-10.18495,5.196321,-5.537074,-1.284044,4.610755E-10,4.610755E-10,-1.726595,12.57646
'[19:15:12.252 21/01/2026]',-10.18495,5.196321,-5.537074,-1.284044,4.610755E-10,4.610755E-10,-1.726595,12.57646
'[19:15:12.260 21/01/2026]',4.697278,-4.688471,0.8936479,1.493442,4.610755E-10,4.610755E-10,0.1800343,13.35981
'[19:15:12.268 21/01/2026]',4.697278,-4.688471,0.8936479,1.493442,4.610755E-10,4.610755E-10,0.1800343,13.35981
'[19:15:12.276 21/01/2026]',4.697278,-4.688471,0.8936479,1.493442,4.610755E-10,4.610755E-10,0.1800343,13.35981
'[19:15:12.284 21/01/2026]',4.697278,-4.688471,0.8936479,1.493442,4.610755E-10,4.610755E-10,0.1800343,13.35981
'[19:15:12.292 21/01/2026]',3.555399,0.4577571,1.146203,1.220452,4.610755E-10,4.610755E-10,1.574268,-8.667168
'[19:15:12.300 21/01/2026]',-2.741206,2.913884,0.5813126,0.9725429,4.610755E-10,4.610755E-10,-1.724206,-6.478129
'[19:15:12.308 21/01/2026]',0.01994894,-1.306805,0.6070707,-2.510568,4.610755E-10,4.610755E-10,2.164752,22.56983
'[19:15:12.316 21/01/2026]',0.01994894,-1.306805,0.6070707,-2.510568,4.610755E-10,4.610755E-10,2.164752,22.56983
'[19:15:12.324 21/01/2026]',-0.4544076,-2.771732,-1.094027,-1.194655,4.610755E-10,4.610755E-10,-0.3460141,-23.52815
'[19:15:12.332 21/01/2026]',-0.4544076,-2.771732,-1.094027,-1.194655,4.610755E-10,4.610755E-10,-0.3460141,-23.52815
'[19:15:12.340 21/01/2026]',-0.4544076,-2.771732,-1.094027,-1.194655,4.610755E-10,4.610755E-10,-0.3460141,-23.52815
'[19:15:12.348 21/01/2026]',1.154871,2.302275,0.5747287,1.975758,4.610755E-10,4.610755E-10,-1.075877,26.02693
'[19:15:12.356 21/01/2026]',1.154871,2.302275,0.5747287,1.975758,4.610755E-10,4.610755E-10,-1.075877,26.02693
'[19:15:12.364 21/01/2026]',2.192349,4.114512,1.844102,1.927066,4.610755E-10,4.610755E-10,0.2549995,-14.77256
'[19:15:12.372 21/01/2026]',2.192349,4.114512,1.844102,1.927066,4.610755E-10,4.610755E-10,0.2549995,-14.77256
'[19:15:12.380 21/01/2026]',2.192349,4.114512,1.844102,1.927066,4.610755E-10,4.610755E-10,0.2549995,-14.77256
'[19:15:12.388 21/01/2026]',0.01781369,1.218067,-1.353045,-0.6237361,4.610755E-10,4.610755E-10,2.999663,5.790102
'[19:15:12.396 21/01/2026]',-3.485778,-9.743934,-1.356117,-5.487241,4.610755E-10,4.610755E-10,-4.701259,-20.1246
'[19:15:12.404 21/01/2026]',-3.485778,-9.743934,-1.356117,-5.487241,4.610755E-10,4.610755E-10,-4.701259,-20.1246
'[19:15:12.412 21/01/2026]',-3.485778,-9.743934,-1.356117,-5.487241,4.610755E-10,4.610755E-10,-4.701259,-20.1246
'[19:15:12.420 21/01/2026]',-0.1625409,1.950709,0.7769529,3.437465,4.610755E-10,4.610755E-10,0.684923,-0.7363597
'[19:15:12.428 21/01/2026]',0.8993509,2.908406,-1.023409,0.2669313,4.610755E-10,4.610755E-10,-0.3962423,22.30281
'[19:15:12.436 21/01/2026]',0.8993509,2.908406,-1.023409,0.2669313,4.610755E-10,4.610755E-10,-0.3962423,22.30281
'[19:15:12.444 21/01/2026]',0.6422328,1.755967,1.686069,0.6668494,4.610755E-10,4.610755E-10,3.357803,-0.1401202
'[19:15:12.452 21/01/2026]',0.6422328,1.755967,1.686069,0.6668494,4.610755E-10,4.610755E-10,3.357803,-0.1401202
'[19:15:12.460 21/01/2026]',0.6422328,1.755967,1.686069,0.6668494,4.610755E-10,4.610755E-10,3.357803,-0.1401202
'[19:15:12.468 21/01/2026]',0.6422328,1.755967,1.686069,0.6668494,4.610755E-10,4.610755E-10,3.357803,-0.1401202
'[19:15:12.476 21/01/2026]',0.6422328,1.755967,1.686069,0.6668494,4.610755E-10,4.610755E-10,3.357803,-0.1401202
'[19:15:12.484 21/01/2026]',2.995216,-0.5319627,2.097615,1.828595,4.610755E-10,4.610755E-10,-1.153415,-14.78281
'[19:15:12.492 21/01/2026]',2.995216,-0.5319627,2.097615,1.828595,4.610755E-10,4.610755E-10,-1.153415,-14.78281
'[19:15:12.500 21/01/2026]',2.995216,-0.5319627,2.097615,1.828595,4.610755E-10,4.610755E-10,-1.153415,-14.78281
'[19:15:12.508 21/01/2026]',-7.701239,-7.640258,-7.291271,-6.270879,4.610755E-10,4.610755E-10,-5.392254,21.32347
'[19:15:12.516 21/01/2026]',6.649032,9.812376,6.965641,10.01423,4.610755E-10,4.610755E-10,8.247461,-5.116963
'[19:15:12.524 21/01/2026]',-1.588206,-4.127738,-1.479809,-9.333235,4.610755E-10,4.610755E-10,-4.328998,-32.03427
'[19:15:12.532 21/01/2026]',-1.588206,-4.127738,-1.479809,-9.333235,4.610755E-10,4.610755E-10,-4.328998,-32.03427
'[19:15:12.540 21/01/2026]',-1.260136,-1.634876,-1.023605,3.661406,4.610755E-10,4.610755E-10,-2.398863,34.72868
'[19:15:12.548 21/01/2026]',-1.260136,-1.634876,-1.023605,3.661406,4.610755E-10,4.610755E-10,-2.398863,34.72868
'[19:15:12.556 21/01/2026]',1.432188,3.547626,-0.8046209,0.554141,4.610755E-10,4.610755E-10,3.686375,12.19622
'[19:15:12.564 21/01/2026]',-0.5718498,-1.233132,0.267467,-3.809196,4.610755E-10,4.610755E-10,-1.096574,-21.45037
'[19:15:12.572 21/01/2026]',-0.5718498,-1.233132,0.267467,-3.809196,4.610755E-10,4.610755E-10,-1.096574,-21.45037
'[19:15:12.580 21/01/2026]',-0.5718498,-1.233132,0.267467,-3.809196,4.610755E-10,4.610755E-10,-1.096574,-21.45037
'[19:15:12.588 21/01/2026]',0.1710393,-2.843848,1.648582,5.786882,4.610755E-10,4.610755E-10,-0.3467831,-3.859005
'[19:15:12.596 21/01/2026]',-1.850929,1.99852,-2.227563,-3.493601,4.610755E-10,4.610755E-10,-0.849102,-8.245538
'[19:15:12.604 21/01/2026]',-1.850929,1.99852,-2.227563,-3.493601,4.610755E-10,4.610755E-10,-0.849102,-8.245538
'[19:15:12.612 21/01/2026]',2.191117,1.003874,1.180267,-2.001013,4.610755E-10,4.610755E-10,0.2692777,4.887403
'[19:15:12.620 21/01/2026]',2.191117,1.003874,1.180267,-2.001013,4.610755E-10,4.610755E-10,0.2692777,4.887403
'[19:15:12.628 21/01/2026]',-0.4167207,-1.19583,-1.068801,1.977858,4.610755E-10,4.610755E-10,-0.5622697,0.8647205
'[19:15:12.636 21/01/2026]',-1.450168,-0.1925022,1.363744,-0.8795473,4.610755E-10,4.610755E-10,0.2293665,-17.41007
'[19:15:12.644 21/01/2026]',1.833366,0.397157,1.053424,2.5395,4.610755E-10,4.610755E-10,1.548836,23.24257
'[19:15:12.652 21/01/2026]',0.2471304,0.8001798,-0.4720667,-0.2130617,4.610755E-10,4.610755E-10,-0.46241,1.566612
'[19:15:12.660 21/01/2026]',-1.851603,-0.3970523,-0.4155685,-2.625456,4.610755E-10,4.610755E-10,-0.1585169,2.362428
'[19:15:12.668 21/01/2026]',-1.769539,-3.618939,-1.537899,-0.1732681,4.610755E-10,4.610755E-10,-3.073362,-6.228552
'[19:15:12.676 21/01/2026]',6.159586,4.193987,4.418358,4.892125,4.610755E-10,4.610755E-10,3.367408,-5.773305
'[19:15:12.684 21/01/2026]',-2.018948,-1.923489,-2.508312,-3.322855,4.610755E-10,4.610755E-10,1.077977,17.98171
'[19:15:12.692 21/01/2026]',-2.018948,-1.923489,-2.508312,-3.322855,4.610755E-10,4.610755E-10,1.077977,17.98171
'[19:15:12.700 21/01/2026]',0.08619189,8.385159,-0.3070278,1.691502,4.610755E-10,4.610755E-10,-2.262254,-17.56151
'[19:15:12.708 21/01/2026]',0.08619189,8.385159,-0.3070278,1.691502,4.610755E-10,4.610755E-10,-2.262254,-17.56151
'[19:15:12.716 21/01/2026]',0.08619189,8.385159,-0.3070278,1.691502,4.610755E-10,4.610755E-10,-2.262254,-17.56151
'[19:15:12.724 21/01/2026]',-6.934095,-13.58378,-5.015489,-4.467039,4.610755E-10,4.610755E-10,-3.186797,7.074601
'[19:15:12.732 21/01/2026]',6.056583,5.565549,4.695458,4.807536,4.610755E-10,4.610755E-10,4.998879,16.32428
'[19:15:12.740 21/01/2026]',0.3838725,3.875055,-0.3897411,-1.685874,4.610755E-10,4.610755E-10,-0.9927706,-25.32462
'[19:15:12.748 21/01/2026]',-1.931965,-3.672665,-1.198671,0.7228869,4.610755E-10,4.610755E-10,-3.180069,6.649141
'[19:15:12.756 21/01/2026]',0.646629,-13.10596,2.209997,-4.714738,4.610755E-10,4.610755E-10,2.430968,9.654707
'[19:15:12.764 21/01/2026]',4.016119,26.03049,-0.6585878,6.685002,4.610755E-10,4.610755E-10,-0.05330113,-19.71708
'[19:15:12.772 21/01/2026]',-2.731852,-8.376662,-0.6009371,-0.9425734,4.610755E-10,4.610755E-10,0.9229404,21.9381
'[19:15:12.780 21/01/2026]',-3.66426,-10.23801,-1.955399,-3.826563,4.610755E-10,4.610755E-10,-3.85526,-13.07998
'[19:15:12.788 21/01/2026]',1.120399,5.631921,-0.3612019,-0.3630721,4.610755E-10,4.610755E-10,0.8474705,-10.09337
'[19:15:12.796 21/01/2026]',3.892247,5.685054,2.901346,4.545524,4.610755E-10,4.610755E-10,4.212448,7.385757
'[19:15:12.804 21/01/2026]',-1.654193,-3.910612,-1.610585,-1.350067,4.610755E-10,4.610755E-10,-3.234306,-10.03126
'[19:15:12.812 21/01/2026]',-1.654193,-3.910612,-1.610585,-1.350067,4.610755E-10,4.610755E-10,-3.234306,-10.03126
'[19:15:12.820 21/01/2026]',-1.531638,-2.894335,-0.09530041,-3.54777,4.610755E-10,4.610755E-10,0.7064571,6.874712
'[19:15:12.828 21/01/2026]',0.8686459,2.878249,1.153097,3.255918,4.610755E-10,4.610755E-10,-0.6643057,-7.518124
'[19:15:12.836 21/01/2026]',-0.3867677,1.795353,-1.76466,2.149102,4.610755E-10,4.610755E-10,-0.3841376,18.72759
'[19:15:12.844 21/01/2026]',2.597495,-0.6139929,2.804217,-4.128295,4.610755E-10,4.610755E-10,-0.1013815,-9.035236
'[19:15:12.852 21/01/2026]',-10.38656,7.153172,-5.949866,2.594158,4.610755E-10,4.610755E-10,2.152027,13.9376
'[19:15:12.860 21/01/2026]',13.01006,-10.93877,5.605464,-2.011724,4.610755E-10,4.610755E-10,-2.130444,-11.10305
'[19:15:12.868 21/01/2026]',3.068956,6.160897,4.956652,5.065358,4.610755E-10,4.610755E-10,4.318891,20.97892
'[19:15:12.876 21/01/2026]',3.068956,6.160897,4.956652,5.065358,4.610755E-10,4.610755E-10,4.318891,20.97892
'[19:15:12.884 21/01/2026]',3.068956,6.160897,4.956652,5.065358,4.610755E-10,4.610755E-10,4.318891,20.97892
'[19:15:12.892 21/01/2026]',-15.19821,-5.076725,-10.15464,-6.637495,4.610755E-10,4.610755E-10,-7.606969,-10.11059
'[19:15:12.900 21/01/2026]',8.660933,2.799264,3.774134,4.273192,4.610755E-10,4.610755E-10,4.942153,-1.839992
'[19:15:12.908 21/01/2026]',8.660933,2.799264,3.774134,4.273192,4.610755E-10,4.610755E-10,4.942153,-1.839992
'[19:15:12.916 21/01/2026]',3.794158,3.587942,5.09166,0.4703652,4.610755E-10,4.610755E-10,1.001468,-8.862379
'[19:15:12.924 21/01/2026]',3.794158,3.587942,5.09166,0.4703652,4.610755E-10,4.610755E-10,1.001468,-8.862379
'[19:15:12.932 21/01/2026]',3.794158,3.587942,5.09166,0.4703652,4.610755E-10,4.610755E-10,1.001468,-8.862379
'[19:15:12.940 21/01/2026]',3.794158,3.587942,5.09166,0.4703652,4.610755E-10,4.610755E-10,1.001468,-8.862379
'[19:15:12.948 21/01/2026]',-5.875546,2.371828,-4.617873,-1.14642,4.610755E-10,4.610755E-10,1.36182,-4.443799
'[19:15:12.956 21/01/2026]',3.717379,-3.738523,1.58636,2.031842,4.610755E-10,4.610755E-10,-2.357249,29.654
'[19:15:12.964 21/01/2026]',-2.891827,-5.483453,0.4172801,-2.908539,4.610755E-10,4.610755E-10,-3.550116,-22.14678
'[19:15:12.972 21/01/2026]',-2.891827,-5.483453,0.4172801,-2.908539,4.610755E-10,4.610755E-10,-3.550116,-22.14678
'[19:15:12.980 21/01/2026]',-2.891827,-5.483453,0.4172801,-2.908539,4.610755E-10,4.610755E-10,-3.550116,-22.14678
'[19:15:12.988 21/01/2026]',-0.3737911,5.277684,-1.647565,2.500447,4.610755E-10,4.610755E-10,5.934238,-6.263188
'[19:15:12.996 21/01/2026]',-0.3737911,5.277684,-1.647565,2.500447,4.610755E-10,4.610755E-10,5.934238,-6.263188
'[19:15:13.004 21/01/2026]',-1.583161,-2.282258,-1.501461,-5.187695,4.610755E-10,4.610755E-10,-4.211676,17.13852
'[19:15:13.012 21/01/2026]',-1.583161,-2.282258,-1.501461,-5.187695,4.610755E-10,4.610755E-10,-4.211676,17.13852
'[19:15:13.020 21/01/2026]',-1.583161,-2.282258,-1.501461,-5.187695,4.610755E-10,4.610755E-10,-4.211676,17.13852
'[19:15:13.028 21/01/2026]',3.982056,2.417571,4.165677,5.910163,4.610755E-10,4.610755E-10,3.673949,-7.005298
'[19:15:13.036 21/01/2026]',-1.187654,-0.5465661,-1.105405,1.94943,4.610755E-10,4.610755E-10,-0.7990194,-11.3307
'[19:15:13.044 21/01/2026]',-1.187654,-0.5465661,-1.105405,1.94943,4.610755E-10,4.610755E-10,-0.7990194,-11.3307
'[19:15:13.052 21/01/2026]',-1.724367,-1.451589,-2.316797,-5.392813,4.610755E-10,4.610755E-10,0.8471407,32.97694
'[19:15:13.060 21/01/2026]',-1.724367,-1.451589,-2.316797,-5.392813,4.610755E-10,4.610755E-10,0.8471407,32.97694
'[19:15:13.068 21/01/2026]',-1.724367,-1.451589,-2.316797,-5.392813,4.610755E-10,4.610755E-10,0.8471407,32.97694
'[19:15:13.076 21/01/2026]',2.128116,1.810937,1.683995,0.472118,4.610755E-10,4.610755E-10,-1.27328,2.488961
'[19:15:13.084 21/01/2026]',2.128116,1.810937,1.683995,0.472118,4.610755E-10,4.610755E-10,-1.27328,2.488961
'[19:15:13.092 21/01/2026]',-0.04644187,-0.6280095,0.7186059,2.184993,4.610755E-10,4.610755E-10,-1.452895,-22.78463
'[19:15:13.100 21/01/2026]',-0.04644187,-0.6280095,0.7186059,2.184993,4.610755E-10,4.610755E-10,-1.452895,-22.78463
'[19:15:13.108 21/01/2026]',-0.04644187,-0.6280095,0.7186059,2.184993,4.610755E-10,4.610755E-10,-1.452895,-22.78463
'[19:15:13.116 21/01/2026]',-0.04644187,-0.6280095,0.7186059,2.184993,4.610755E-10,4.610755E-10,-1.452895,-22.78463
'[19:15:13.124 21/01/2026]',-0.04644187,-0.6280095,0.7186059,2.184993,4.610755E-10,4.610755E-10,-1.452895,-22.78463
'[19:15:13.132 21/01/2026]',-0.4532028,0.9791488,1.024663,2.121089,4.610755E-10,4.610755E-10,4.500887,7.758216
'[19:15:13.140 21/01/2026]',-1.330931,-2.099868,-2.644144,-5.300744,4.610755E-10,4.610755E-10,-2.813044,5.317245
'[19:15:13.148 21/01/2026]',-1.330931,-2.099868,-2.644144,-5.300744,4.610755E-10,4.610755E-10,-2.813044,5.317245
'[19:15:13.156 21/01/2026]',0.1230412,0.1766748,-0.1038496,2.041582,4.610755E-10,4.610755E-10,-0.1748167,7.091211
'[19:15:13.164 21/01/2026]',2.953109,3.742623,4.76165,4.639826,4.610755E-10,4.610755E-10,4.831742,-31.08621
'[19:15:13.172 21/01/2026]',2.953109,3.742623,4.76165,4.639826,4.610755E-10,4.610755E-10,4.831742,-31.08621
'[19:15:13.180 21/01/2026]',3.541016,3.461342,2.461716,1.67682,4.610755E-10,4.610755E-10,1.001119,-12.6616
'[19:15:13.188 21/01/2026]',3.541016,3.461342,2.461716,1.67682,4.610755E-10,4.610755E-10,1.001119,-12.6616
'[19:15:13.196 21/01/2026]',-9.845668,-11.37058,-10.17613,-10.28241,4.610755E-10,4.610755E-10,-9.089847,52.66037
'[19:15:13.204 21/01/2026]',-9.845668,-11.37058,-10.17613,-10.28241,4.610755E-10,4.610755E-10,-9.089847,52.66037
'[19:15:13.212 21/01/2026]',3.3158,4.398778,3.972277,3.674105,4.610755E-10,4.610755E-10,6.046729,-37.51693
'[19:15:13.220 21/01/2026]',3.3158,4.398778,3.972277,3.674105,4.610755E-10,4.610755E-10,6.046729,-37.51693
'[19:15:13.228 21/01/2026]',3.3158,4.398778,3.972277,3.674105,4.610755E-10,4.610755E-10,6.046729,-37.51693
'[19:15:13.236 21/01/2026]',5.587097,6.002409,5.077828,6.552154,4.610755E-10,4.610755E-10,3.256721,-11.71788
'[19:15:13.244 21/01/2026]',5.587097,6.002409,5.077828,6.552154,4.610755E-10,4.610755E-10,3.256721,-11.71788
'[19:15:13.252 21/01/2026]',-4.002987,-3.230612,-3.205895,-3.360156,4.610755E-10,4.610755E-10,-5.378297,61.16103
'[19:15:13.260 21/01/2026]',-4.707222,-6.504267,-5.098386,-6.242325,4.610755E-10,4.610755E-10,-2.167327,-30.30528
'[19:15:13.268 21/01/2026]',-4.707222,-6.504267,-5.098386,-6.242325,4.610755E-10,4.610755E-10,-2.167327,-30.30528
'[19:15:13.276 21/01/2026]',-4.707222,-6.504267,-5.098386,-6.242325,4.610755E-10,4.610755E-10,-2.167327,-30.30528
'[19:15:13.284 21/01/2026]',-1.428305,-0.1224264,0.2239125,4.219229,4.610755E-10,4.610755E-10,2.712609,-16.59835
'[19:15:13.292 21/01/2026]',-1.428305,-0.1224264,0.2239125,4.219229,4.610755E-10,4.610755E-10,2.712609,-16.59835
'[19:15:13.300 21/01/2026]',-1.428305,-0.1224264,0.2239125,4.219229,4.610755E-10,4.610755E-10,2.712609,-16.59835
'[19:15:13.308 21/01/2026]',-1.428305,-0.1224264,0.2239125,4.219229,4.610755E-10,4.610755E-10,2.712609,-16.59835
'[19:15:13.316 21/01/2026]',-5.789736,-6.165751,-0.2138072,-1.592821,4.610755E-10,4.610755E-10,0.1575896,22.23096
'[19:15:13.324 21/01/2026]',19.77757,18.99871,8.043987,5.071424,4.610755E-10,4.610755E-10,1.531269,-7.51131
'[19:15:13.332 21/01/2026]',2.924774,0.7330635,-0.1228566,-0.7736832,4.610755E-10,4.610755E-10,-2.160329,-15.37134
'[19:15:13.340 21/01/2026]',-18.95877,-14.15553,-7.122575,-4.760874,4.610755E-10,4.610755E-10,0.9729954,20.62621
'[19:15:13.348 21/01/2026]',-18.95877,-14.15553,-7.122575,-4.760874,4.610755E-10,4.610755E-10,0.9729954,20.62621
'[19:15:13.356 21/01/2026]',4.560082,3.262184,2.221443,2.296818,4.610755E-10,4.610755E-10,-0.193573,-18.96671
'[19:15:13.364 21/01/2026]',4.470435,2.965655,0.2405134,1.271766,4.610755E-10,4.610755E-10,-0.2162342,5.207295
'[19:15:13.372 21/01/2026]',2.890372,4.119489,5.152414,1.818809,4.610755E-10,4.610755E-10,5.145216,7.254445
'[19:15:13.380 21/01/2026]',2.890372,4.119489,5.152414,1.818809,4.610755E-10,4.610755E-10,5.145216,7.254445
'[19:15:13.388 21/01/2026]',-5.297911,-6.328581,-5.118691,-2.05778,4.610755E-10,4.610755E-10,-4.959632,-12.55492
'[19:15:13.396 21/01/2026]',-1.077856,0.4674498,-1.941405,-2.638026,4.610755E-10,4.610755E-10,0.3049876,15.71582
'[19:15:13.404 21/01/2026]',2.05629,0.7020319,2.746393,2.787967,4.610755E-10,4.610755E-10,-0.5950965,-8.882673
'[19:15:13.412 21/01/2026]',2.05629,0.7020319,2.746393,2.787967,4.610755E-10,4.610755E-10,-0.5950965,-8.882673
'[19:15:13.420 21/01/2026]',2.377218,1.839426,2.726192,2.268459,4.610755E-10,4.610755E-10,3.113982,10.80055
'[19:15:13.428 21/01/2026]',-0.9663397,1.904651,-1.766859,-0.6811149,4.610755E-10,4.610755E-10,-0.6145051,-5.202247
'[19:15:13.436 21/01/2026]',-7.982428,-10.41614,-7.901142,-8.322606,4.610755E-10,4.610755E-10,-6.904792,3.288446
'[19:15:13.444 21/01/2026]',-7.982428,-10.41614,-7.901142,-8.322606,4.610755E-10,4.610755E-10,-6.904792,3.288446
'[19:15:13.452 21/01/2026]',7.396558,6.715899,9.54146,6.68659,4.610755E-10,4.610755E-10,6.208416,-1.146176
'[19:15:13.460 21/01/2026]',3.449792,5.745436,0.6369364,5.140447,4.610755E-10,4.610755E-10,1.833138,8.357833
'[19:15:13.468 21/01/2026]',-5.478405,-6.433624,-4.517057,-7.505188,4.610755E-10,4.610755E-10,-3.582148,-1.175085
'[19:15:13.476 21/01/2026]',0.5603469,0.857561,0.1779811,2.032641,4.610755E-10,4.610755E-10,0.3705263,-2.356578
'[19:15:13.484 21/01/2026]',0.9136555,0.1310039,1.023614,0.5997367,4.610755E-10,4.610755E-10,0.1444706,-3.534093
'[19:15:13.492 21/01/2026]',-0.07600878,1.504114,0.142493,-1.343345,4.610755E-10,4.610755E-10,-0.06519369,-17.4087
'[19:15:13.500 21/01/2026]',-7.18644,-8.015175,-4.144576,-0.132479,4.610755E-10,4.610755E-10,-1.017509,13.38984
'[19:15:13.508 21/01/2026]',-10.25583,-14.98295,-2.2771,-3.588443,4.610755E-10,4.610755E-10,0.342757,0.705632
'[19:15:13.516 21/01/2026]',-10.25583,-14.98295,-2.2771,-3.588443,4.610755E-10,4.610755E-10,0.342757,0.705632
'[19:15:13.524 21/01/2026]',9.051215,12.47661,4.258189,-0.003569845,4.610755E-10,4.610755E-10,-0.2363201,13.32066
'[19:15:13.532 21/01/2026]',28.7805,32.38855,9.163751,11.22104,4.610755E-10,4.610755E-10,-0.1711407,-10.03366
'[19:15:13.540 21/01/2026]',-7.156985,-7.607645,-0.8483797,1.598079,4.610755E-10,4.610755E-10,2.986186,-10.90373
'[19:15:13.548 21/01/2026]',-20.85395,-25.57961,-8.803986,-9.28611,4.610755E-10,4.610755E-10,1.262936,19.85583
'[19:15:13.556 21/01/2026]',11.07532,10.39152,4.972034,1.16588,4.610755E-10,4.610755E-10,-2.793387,3.659503
'[19:15:13.564 21/01/2026]',-0.9695013,3.968125,-1.679273,0.8849997,4.610755E-10,4.610755E-10,-1.298507,-17.75847
'[19:15:13.572 21/01/2026]',-1.311462,-3.615459,1.110747,2.152782,4.610755E-10,4.610755E-10,1.706097,33.73398
'[19:15:13.580 21/01/2026]',12.94116,15.88156,8.48872,8.927898,4.610755E-10,4.610755E-10,8.704606,-29.24953
'[19:15:13.588 21/01/2026]',12.94116,15.88156,8.48872,8.927898,4.610755E-10,4.610755E-10,8.704606,-29.24953
'[19:15:13.596 21/01/2026]',20.08677,19.164,7.375242,5.903435,4.610755E-10,4.610755E-10,1.119869,18.67415
'[19:15:13.604 21/01/2026]',20.08677,19.164,7.375242,5.903435,4.610755E-10,4.610755E-10,1.119869,18.67415
'[19:15:13.612 21/01/2026]',20.08677,19.164,7.375242,5.903435,4.610755E-10,4.610755E-10,1.119869,18.67415
'[19:15:13.620 21/01/2026]',20.08677,19.164,7.375242,5.903435,4.610755E-10,4.610755E-10,1.119869,18.67415
'[19:15:13.628 21/01/2026]',20.08677,19.164,7.375242,5.903435,4.610755E-10,4.610755E-10,1.119869,18.67415
'[19:15:13.636 21/01/2026]',-35.58071,-42.59453,-20.43133,-24.04427,4.610755E-10,4.610755E-10,-17.25816,-37.86113
'[19:15:13.644 21/01/2026]',-11.18013,-7.225506,-1.472209,2.570725,4.610755E-10,4.610755E-10,7.258922,32.65491
'[19:15:13.652 21/01/2026]',16.19669,17.69666,9.242528,10.07339,4.610755E-10,4.610755E-10,4.898151,-16.27894
'[19:15:13.660 21/01/2026]',16.19669,17.69666,9.242528,10.07339,4.610755E-10,4.610755E-10,4.898151,-16.27894
'[19:15:13.668 21/01/2026]',2.068755,1.647198,-1.171035,-2.136167,4.610755E-10,4.610755E-10,-2.385118,-9.571396
'[19:15:13.676 21/01/2026]',-7.245509,-8.197296,-5.529111,-5.554739,4.610755E-10,4.610755E-10,-3.449759,17.51675
'[19:15:13.684 21/01/2026]',-7.245509,-8.197296,-5.529111,-5.554739,4.610755E-10,4.610755E-10,-3.449759,17.51675
'[19:15:13.692 21/01/2026]',-0.927919,0.1313801,1.515486,2.150359,4.610755E-10,4.610755E-10,2.109208,28.24293
'[19:15:13.700 21/01/2026]',3.073734,5.247929,0.9903813,1.256215,4.610755E-10,4.610755E-10,1.953459,-18.82817
'[19:15:13.708 21/01/2026]',3.073734,5.247929,0.9903813,1.256215,4.610755E-10,4.610755E-10,1.953459,-18.82817
'[19:15:13.716 21/01/2026]',3.073734,5.247929,0.9903813,1.256215,4.610755E-10,4.610755E-10,1.953459,-18.82817
'[19:15:13.724 21/01/2026]',1.140677,-2.43469,0.981286,2.217727,4.610755E-10,4.610755E-10,-2.099125,-37.48676
'[19:15:13.732 21/01/2026]',1.140677,-2.43469,0.981286,2.217727,4.610755E-10,4.610755E-10,-2.099125,-37.48676
'[19:15:13.740 21/01/2026]',-3.883173,-4.078471,-1.922897,-3.922196,4.610755E-10,4.610755E-10,-1.224065,34.29918
'[19:15:13.748 21/01/2026]',-3.883173,-4.078471,-1.922897,-3.922196,4.610755E-10,4.610755E-10,-1.224065,34.29918
'[19:15:13.756 21/01/2026]',1.502305,3.130309,0.532578,0.1967088,4.610755E-10,4.610755E-10,2.479543,19.98295
'[19:15:13.764 21/01/2026]',1.502305,3.130309,0.532578,0.1967088,4.610755E-10,4.610755E-10,2.479543,19.98295
'[19:15:13.772 21/01/2026]',1.502305,3.130309,0.532578,0.1967088,4.610755E-10,4.610755E-10,2.479543,19.98295
'[19:15:13.780 21/01/2026]',1.502305,3.130309,0.532578,0.1967088,4.610755E-10,4.610755E-10,2.479543,19.98295
'[19:15:13.788 21/01/2026]',-0.08410522,0.6224806,-0.5267923,-0.9642252,4.610755E-10,4.610755E-10,-2.628327,-51.28826
'[19:15:13.796 21/01/2026]',-0.08410522,0.6224806,-0.5267923,-0.9642252,4.610755E-10,4.610755E-10,-2.628327,-51.28826
'[19:15:13.804 21/01/2026]',0.08385661,-1.88042,0.7193259,2.139208,4.610755E-10,4.610755E-10,1.503163,17.22309
'[19:15:13.812 21/01/2026]',1.476302,2.900234,-0.1280008,1.936834,4.610755E-10,4.610755E-10,1.992769,31.70322
'[19:15:13.820 21/01/2026]',1.476302,2.900234,-0.1280008,1.936834,4.610755E-10,4.610755E-10,1.992769,31.70322
'[19:15:13.828 21/01/2026]',-1.494871,1.722557,1.061033,-1.154851,4.610755E-10,4.610755E-10,-0.3186543,-26.81953
'[19:15:13.836 21/01/2026]',-1.494871,1.722557,1.061033,-1.154851,4.610755E-10,4.610755E-10,-0.3186543,-26.81953
'[19:15:13.844 21/01/2026]',-3.011528,-2.968337,-1.498785,-1.211388,4.610755E-10,4.610755E-10,-1.115576,1.071484
'[19:15:13.852 21/01/2026]',-3.011528,-2.968337,-1.498785,-1.211388,4.610755E-10,4.610755E-10,-1.115576,1.071484
'[19:15:13.860 21/01/2026]',6.630629,-3.309358,0.7064514,-1.469999,4.610755E-10,4.610755E-10,-3.17799,7.576313
'[19:15:13.868 21/01/2026]',6.630629,-3.309358,0.7064514,-1.469999,4.610755E-10,4.610755E-10,-3.17799,7.576313
'[19:15:13.876 21/01/2026]',-3.804003,2.774835,-0.2434728,1.228533,4.610755E-10,4.610755E-10,3.989781,-0.3727632
'[19:15:13.884 21/01/2026]',-3.804003,2.774835,-0.2434728,1.228533,4.610755E-10,4.610755E-10,3.989781,-0.3727632
'[19:15:13.892 21/01/2026]',-3.804003,2.774835,-0.2434728,1.228533,4.610755E-10,4.610755E-10,3.989781,-0.3727632
'[19:15:13.900 21/01/2026]',3.906636,6.837749,3.948628,6.50043,4.610755E-10,4.610755E-10,4.081009,3.637418
'[19:15:13.908 21/01/2026]',-5.74011,-9.377076,-6.557237,-7.489254,4.610755E-10,4.610755E-10,-11.70702,-28.96777
'[19:15:13.916 21/01/2026]',-5.74011,-9.377076,-6.557237,-7.489254,4.610755E-10,4.610755E-10,-11.70702,-28.96777
'[19:15:13.924 21/01/2026]',-0.2578337,-1.233852,-0.2139154,-4.614563,4.610755E-10,4.610755E-10,6.349541,28.51146
'[19:15:13.932 21/01/2026]',-0.2578337,-1.233852,-0.2139154,-4.614563,4.610755E-10,4.610755E-10,6.349541,28.51146
'[19:15:13.940 21/01/2026]',6.147054,8.605635,6.174354,10.50624,4.610755E-10,4.610755E-10,3.587323,-9.601171
'[19:15:13.948 21/01/2026]',6.147054,8.605635,6.174354,10.50624,4.610755E-10,4.610755E-10,3.587323,-9.601171
'[19:15:13.956 21/01/2026]',6.147054,8.605635,6.174354,10.50624,4.610755E-10,4.610755E-10,3.587323,-9.601171
'[19:15:13.964 21/01/2026]',6.147054,8.605635,6.174354,10.50624,4.610755E-10,4.610755E-10,3.587323,-9.601171
'[19:15:13.972 21/01/2026]',-4.23138,-5.004115,-3.918211,-4.375426,4.610755E-10,4.610755E-10,-2.233847,-4.170944
'[19:15:13.980 21/01/2026]',-1.17186,-0.8305519,-2.434256,-3.497646,4.610755E-10,4.610755E-10,-5.505957,4.344362
'[19:15:13.988 21/01/2026]',3.260776,2.870014,5.25826,5.832046,4.610755E-10,4.610755E-10,3.920215,-0.2790288
'[19:15:13.996 21/01/2026]',3.260776,2.870014,5.25826,5.832046,4.610755E-10,4.610755E-10,3.920215,-0.2790288
'[19:15:14.004 21/01/2026]',3.260776,2.870014,5.25826,5.832046,4.610755E-10,4.610755E-10,3.920215,-0.2790288
'[19:15:14.012 21/01/2026]',-2.12776,-1.179598,-2.848557,-0.8189269,4.610755E-10,4.610755E-10,3.201363,1.238686
'[19:15:14.020 21/01/2026]',-2.12776,-1.179598,-2.848557,-0.8189269,4.610755E-10,4.610755E-10,3.201363,1.238686
'[19:15:14.028 21/01/2026]',0.03886594,-1.025761,0.1112401,-2.243776,4.610755E-10,4.610755E-10,-3.347111,0.5787964
'[19:15:14.036 21/01/2026]',0.03886594,-1.025761,0.1112401,-2.243776,4.610755E-10,4.610755E-10,-3.347111,0.5787964
'[19:15:14.044 21/01/2026]',0.03886594,-1.025761,0.1112401,-2.243776,4.610755E-10,4.610755E-10,-3.347111,0.5787964
'[19:15:14.052 21/01/2026]',1.612212,2.3614,0.1748254,0.7373526,4.610755E-10,4.610755E-10,-1.012678,9.582006
'[19:15:14.060 21/01/2026]',1.612212,2.3614,0.1748254,0.7373526,4.610755E-10,4.610755E-10,-1.012678,9.582006
'[19:15:14.068 21/01/2026]',-2.23237,-1.27573,-0.966778,0.3818947,4.610755E-10,4.610755E-10,1.04221,19.81143
'[19:15:14.076 21/01/2026]',-2.23237,-1.27573,-0.966778,0.3818947,4.610755E-10,4.610755E-10,1.04221,19.81143
'[19:15:14.084 21/01/2026]',-2.23237,-1.27573,-0.966778,0.3818947,4.610755E-10,4.610755E-10,1.04221,19.81143
'[19:15:14.092 21/01/2026]',-0.6137296,-1.213904,1.513444,-3.29664,4.610755E-10,4.610755E-10,1.963863,-33.98712
'[19:15:14.100 21/01/2026]',2.34354,2.024184,-1.408279,2.985337,4.610755E-10,4.610755E-10,-2.530639,1.427653
'[19:15:14.108 21/01/2026]',1.197344,1.224174,3.051584,0.9895463,4.610755E-10,4.610755E-10,1.383176,22.13226
'[19:15:14.116 21/01/2026]',-1.967126,-3.007862,-2.202701,-1.370104,4.610755E-10,4.610755E-10,0.6680601,-13.29595
'[19:15:14.124 21/01/2026]',1.71264,4.074403,0.9942049,0.1530266,4.610755E-10,4.610755E-10,0.1987528,-25.47195
'[19:15:14.132 21/01/2026]',-1.251691,-1.200959,-0.5127541,0.8283248,4.610755E-10,4.610755E-10,1.544459,32.09575
'[19:15:14.140 21/01/2026]',-1.251691,-1.200959,-0.5127541,0.8283248,4.610755E-10,4.610755E-10,1.544459,32.09575
'[19:15:14.148 21/01/2026]',-1.103021,-3.235289,-0.5393573,-1.546373,4.610755E-10,4.610755E-10,-4.938264,-47.99791
'[19:15:14.156 21/01/2026]',-1.587022,1.754188,-1.479454,-0.05269305,4.610755E-10,4.610755E-10,0.4085068,44.18026
'[19:15:14.164 21/01/2026]',5.225259,2.664995,2.695647,1.387892,4.610755E-10,4.610755E-10,1.788202,45.44976
'[19:15:14.172 21/01/2026]',-4.505604,-5.911466,-2.094613,-2.511621,4.610755E-10,4.610755E-10,-1.662444,-69.67983
'[19:15:14.180 21/01/2026]',-51.61533,-51.14567,-21.3903,-19.82743,4.610755E-10,4.610755E-10,-2.913872,-4.090223
'[19:15:14.188 21/01/2026]',0.06339148,-1.082807,-0.9902532,-2.644903,4.610755E-10,4.610755E-10,-3.177241,0.5676962
'[19:15:14.196 21/01/2026]',98.66812,92.78574,41.67162,38.81131,4.610755E-10,4.610755E-10,9.457445,21.0181
'[19:15:14.204 21/01/2026]',98.66812,92.78574,41.67162,38.81131,4.610755E-10,4.610755E-10,9.457445,21.0181
'[19:15:14.212 21/01/2026]',98.66812,92.78574,41.67162,38.81131,4.610755E-10,4.610755E-10,9.457445,21.0181
'[19:15:14.220 21/01/2026]',-13.59844,-1.789833,-7.638268,-1.199859,4.610755E-10,4.610755E-10,-0.7749206,14.44207
'[19:15:14.228 21/01/2026]',-40.30055,-37.51285,-14.39397,-15.26104,4.610755E-10,4.610755E-10,-1.160916,29.93441
'[19:15:14.236 21/01/2026]',-1.196535,-8.789936,-0.3417157,-3.289087,4.610755E-10,4.610755E-10,-2.502198,-80.97598
'[19:15:14.244 21/01/2026]',16.92649,14.81969,5.650147,7.197306,4.610755E-10,4.610755E-10,-1.071141,-22.88855
'[19:15:14.252 21/01/2026]',1.748787,5.972069,3.460234,1.821043,4.610755E-10,4.610755E-10,6.460038,21.25543
'[19:15:14.260 21/01/2026]',-15.73276,-15.05134,-9.483186,-8.332992,4.610755E-10,4.610755E-10,-5.448794,88.02644
'[19:15:14.268 21/01/2026]',0.8833205,-2.694114,-0.3705388,0.171895,4.610755E-10,4.610755E-10,2.14865,-35.95386
'[19:15:14.276 21/01/2026]',5.480638,4.977435,2.370643,-0.3716489,4.610755E-10,4.610755E-10,-4.175533,-24.34441
'[19:15:14.284 21/01/2026]',8.040077,11.90505,5.645966,8.042166,4.610755E-10,4.610755E-10,7.054156,-1.915915
'[19:15:14.292 21/01/2026]',-4.7578,-2.989199,0.8014493,4.340203,4.610755E-10,4.610755E-10,2.094658,4.807151
'[19:15:14.300 21/01/2026]',-4.7578,-2.989199,0.8014493,4.340203,4.610755E-10,4.610755E-10,2.094658,4.807151
'[19:15:14.308 21/01/2026]',-4.7578,-2.989199,0.8014493,4.340203,4.610755E-10,4.610755E-10,2.094658,4.807151
'[19:15:14.316 21/01/2026]',-4.7578,-2.989199,0.8014493,4.340203,4.610755E-10,4.610755E-10,2.094658,4.807151
'[19:15:14.324 21/01/2026]',-5.750159,-9.897569,-6.617988,-11.7012,4.610755E-10,4.610755E-10,-8.511087,28.03035
'[19:15:14.332 21/01/2026]',25.13906,23.84042,11.89109,13.89549,4.610755E-10,4.610755E-10,11.4235,-28.1449
'[19:15:14.340 21/01/2026]',12.18059,23.69869,5.627153,8.437256,4.610755E-10,4.610755E-10,-1.204558,27.42481
'[19:15:14.348 21/01/2026]',-41.73516,-43.94289,-17.26932,-18.55338,4.610755E-10,4.610755E-10,-3.513002,-6.903512
'[19:15:14.356 21/01/2026]',-10.48368,-22.72936,-6.977247,-10.86269,4.610755E-10,4.610755E-10,-7.94355,-20.6413
'[19:15:14.364 21/01/2026]',19.56074,23.53931,7.466502,9.054856,4.610755E-10,4.610755E-10,4.365281,7.124159
'[19:15:14.372 21/01/2026]',5.973992,10.49852,6.341593,8.080736,4.610755E-10,4.610755E-10,7.127712,-1.883453
'[19:15:14.380 21/01/2026]',-12.86334,-13.98614,-8.105891,-8.530859,4.610755E-10,4.610755E-10,-6.251392,-19.74401
'[19:15:14.388 21/01/2026]',-12.86334,-13.98614,-8.105891,-8.530859,4.610755E-10,4.610755E-10,-6.251392,-19.74401
'[19:15:14.396 21/01/2026]',0.05711488,-1.336056,1.278582,-0.7692494,4.610755E-10,4.610755E-10,-1.772509,-4.160192
'[19:15:14.404 21/01/2026]',0.05711488,-1.336056,1.278582,-0.7692494,4.610755E-10,4.610755E-10,-1.772509,-4.160192
'[19:15:14.412 21/01/2026]',13.00088,14.55353,6.850886,6.270711,4.610755E-10,4.610755E-10,2.082137,26.96105
'[19:15:14.420 21/01/2026]',13.00088,14.55353,6.850886,6.270711,4.610755E-10,4.610755E-10,2.082137,26.96105
'[19:15:14.428 21/01/2026]',-9.04404,-12.82731,-7.437424,-5.242955,4.610755E-10,4.610755E-10,-2.587933,12.86852
'[19:15:14.436 21/01/2026]',-9.04404,-12.82731,-7.437424,-5.242955,4.610755E-10,4.610755E-10,-2.587933,12.86852
'[19:15:14.444 21/01/2026]',-9.04404,-12.82731,-7.437424,-5.242955,4.610755E-10,4.610755E-10,-2.587933,12.86852
'[19:15:14.452 21/01/2026]',-9.04404,-12.82731,-7.437424,-5.242955,4.610755E-10,4.610755E-10,-2.587933,12.86852
'[19:15:14.460 21/01/2026]',-0.514422,2.74667,1.192004,1.268248,4.610755E-10,4.610755E-10,2.397196,-31.66438
'[19:15:14.468 21/01/2026]',2.176862,3.003031,2.977499,3.976645,4.610755E-10,4.610755E-10,1.766699,-1.028082
'[19:15:14.476 21/01/2026]',2.176862,3.003031,2.977499,3.976645,4.610755E-10,4.610755E-10,1.766699,-1.028082
'[19:15:14.484 21/01/2026]',1.393491,-1.187815,-0.8059123,-2.810883,4.610755E-10,4.610755E-10,-0.1008871,47.692
'[19:15:14.492 21/01/2026]',-2.736906,-2.607681,-3.410193,-0.7779229,4.610755E-10,4.610755E-10,-5.416799,-38.4252
'[19:15:14.500 21/01/2026]',-2.736906,-2.607681,-3.410193,-0.7779229,4.610755E-10,4.610755E-10,-5.416799,-38.4252
'[19:15:14.508 21/01/2026]',-2.736906,-2.607681,-3.410193,-0.7779229,4.610755E-10,4.610755E-10,-5.416799,-38.4252
'[19:15:14.516 21/01/2026]',0.2992798,-0.2751587,2.032512,1.706269,4.610755E-10,4.610755E-10,3.788319,4.210515
'[19:15:14.524 21/01/2026]',0.2992798,-0.2751587,2.032512,1.706269,4.610755E-10,4.610755E-10,3.788319,4.210515
'[19:15:14.532 21/01/2026]',-11.41046,-7.977534,-5.969037,-7.533876,4.610755E-10,4.610755E-10,-4.135648,-16.89321
'[19:15:14.540 21/01/2026]',-11.41046,-7.977534,-5.969037,-7.533876,4.610755E-10,4.610755E-10,-4.135648,-16.89321
'[19:15:14.548 21/01/2026]',-55.04712,-51.7865,-20.38775,-17.55399,4.610755E-10,4.610755E-10,0.1674912,15.55973
'[19:15:14.556 21/01/2026]',-55.04712,-51.7865,-20.38775,-17.55399,4.610755E-10,4.610755E-10,0.1674912,15.55973
'[19:15:14.564 21/01/2026]',-55.04712,-51.7865,-20.38775,-17.55399,4.610755E-10,4.610755E-10,0.1674912,15.55973
'[19:15:14.572 21/01/2026]',42.28586,30.69042,14.48877,12.52352,4.610755E-10,4.610755E-10,-0.71824,7.579936
'[19:15:14.580 21/01/2026]',76.94527,70.40395,30.56396,23.78045,4.610755E-10,4.610755E-10,4.881756,-27.31229
'[19:15:14.588 21/01/2026]',76.94527,70.40395,30.56396,23.78045,4.610755E-10,4.610755E-10,4.881756,-27.31229
'[19:15:14.596 21/01/2026]',76.94527,70.40395,30.56396,23.78045,4.610755E-10,4.610755E-10,4.881756,-27.31229
'[19:15:14.604 21/01/2026]',76.94527,70.40395,30.56396,23.78045,4.610755E-10,4.610755E-10,4.881756,-27.31229
'[19:15:14.612 21/01/2026]',76.94527,70.40395,30.56396,23.78045,4.610755E-10,4.610755E-10,4.881756,-27.31229
'[19:15:14.620 21/01/2026]',76.94527,70.40395,30.56396,23.78045,4.610755E-10,4.610755E-10,4.881756,-27.31229
'[19:15:14.628 21/01/2026]',76.94527,70.40395,30.56396,23.78045,4.610755E-10,4.610755E-10,4.881756,-27.31229
'[19:15:14.636 21/01/2026]',-30.0158,-12.24117,-9.527827,0.1405749,4.610755E-10,4.610755E-10,5.48718,11.2251
'[19:15:14.644 21/01/2026]',-36.99702,-35.06423,-10.67293,-13.4743,4.610755E-10,4.610755E-10,-6.761123,15.00277
'[19:15:14.652 21/01/2026]',15.53524,6.060308,2.803502,1.291369,4.610755E-10,4.610755E-10,2.237722,0.2884704
'[19:15:14.660 21/01/2026]',5.156188,3.953243,-3.098578,-1.255512,4.610755E-10,4.610755E-10,-3.175701,-35.13348
'[19:15:14.668 21/01/2026]',5.156188,3.953243,-3.098578,-1.255512,4.610755E-10,4.610755E-10,-3.175701,-35.13348
'[19:15:14.676 21/01/2026]',1.344156,6.47552,8.717589,9.363182,4.610755E-10,4.610755E-10,6.118292,28.09908
'[19:15:14.684 21/01/2026]',1.344156,6.47552,8.717589,9.363182,4.610755E-10,4.610755E-10,6.118292,28.09908
'[19:15:14.692 21/01/2026]',1.344156,6.47552,8.717589,9.363182,4.610755E-10,4.610755E-10,6.118292,28.09908
'[19:15:14.700 21/01/2026]',-7.921913,-6.64919,-4.40862,-5.345464,4.610755E-10,4.610755E-10,-0.518352,18.70198
'[19:15:14.708 21/01/2026]',-0.3104766,-2.652625,-3.998621,-2.749599,4.610755E-10,4.610755E-10,-4.276265,-23.21782
'[19:15:14.716 21/01/2026]',-0.3104766,-2.652625,-3.998621,-2.749599,4.610755E-10,4.610755E-10,-4.276265,-23.21782
'[19:15:14.724 21/01/2026]',8.074257,7.719079,7.007791,7.603093,4.610755E-10,4.610755E-10,7.230468,6.419094
'[19:15:14.732 21/01/2026]',8.074257,7.719079,7.007791,7.603093,4.610755E-10,4.610755E-10,7.230468,6.419094
'[19:15:14.740 21/01/2026]',-4.016012,-1.963706,-2.67339,-3.423249,4.610755E-10,4.610755E-10,-3.565311,-0.6050003
'[19:15:14.748 21/01/2026]',-4.016012,-1.963706,-2.67339,-3.423249,4.610755E-10,4.610755E-10,-3.565311,-0.6050003
'[19:15:14.756 21/01/2026]',-5.192634,-6.919791,-2.869357,-5.244502,4.610755E-10,4.610755E-10,-3.785111,1.156803
'[19:15:14.764 21/01/2026]',-5.192634,-6.919791,-2.869357,-5.244502,4.610755E-10,4.610755E-10,-3.785111,1.156803
'[19:15:14.772 21/01/2026]',-5.192634,-6.919791,-2.869357,-5.244502,4.610755E-10,4.610755E-10,-3.785111,1.156803
'[19:15:14.780 21/01/2026]',2.599249,2.108612,2.126889,2.687924,4.610755E-10,4.610755E-10,5.850814,-20.0985
'[19:15:14.788 21/01/2026]',2.599249,2.108612,2.126889,2.687924,4.610755E-10,4.610755E-10,5.850814,-20.0985
'[19:15:14.796 21/01/2026]',2.599249,2.108612,2.126889,2.687924,4.610755E-10,4.610755E-10,5.850814,-20.0985
'[19:15:14.804 21/01/2026]',2.599249,2.108612,2.126889,2.687924,4.610755E-10,4.610755E-10,5.850814,-20.0985
'[19:15:14.812 21/01/2026]',5.697454,6.512528,1.343915,2.940445,4.610755E-10,4.610755E-10,-2.778882,9.284499
'[19:15:14.820 21/01/2026]',4.531423,-4.195169,6.875335,1.830003,4.610755E-10,4.610755E-10,1.922136,26.85299
'[19:15:14.828 21/01/2026]',-10.66969,4.067138,-8.655939,-5.008885,4.610755E-10,4.610755E-10,-1.970784,-38.67698
'[19:15:14.836 21/01/2026]',-10.66969,4.067138,-8.655939,-5.008885,4.610755E-10,4.610755E-10,-1.970784,-38.67698
'[19:15:14.844 21/01/2026]',-1.214407,-4.265046,-1.605756,-0.7990887,4.610755E-10,4.610755E-10,2.200128,-16.32313
'[19:15:14.852 21/01/2026]',7.356741,2.473662,5.692859,5.288979,4.610755E-10,4.610755E-10,-1.131281,31.5852
'[19:15:14.860 21/01/2026]',-1.975868,0.7503145,-1.009827,-0.1000251,4.610755E-10,4.610755E-10,0.6582398,29.08697
'[19:15:14.868 21/01/2026]',-1.975868,0.7503145,-1.009827,-0.1000251,4.610755E-10,4.610755E-10,0.6582398,29.08697
'[19:15:14.876 21/01/2026]',-3.604117,-2.804132,-1.530409,-4.586679,4.610755E-10,4.610755E-10,-0.1783865,-34.19383
'[19:15:14.884 21/01/2026]',0.3054184,0.6438625,-2.627088,0.2774317,4.610755E-10,4.610755E-10,-0.8196822,-17.28339
'[19:15:14.892 21/01/2026]',3.512038,2.430747,6.322374,6.011011,4.610755E-10,4.610755E-10,3.574514,40.80087
'[19:15:14.900 21/01/2026]',-1.075108,-1.310106,-2.805833,-3.437007,4.610755E-10,4.610755E-10,-4.213002,-25.26533
'[19:15:14.908 21/01/2026]',-1.075108,-1.310106,-2.805833,-3.437007,4.610755E-10,4.610755E-10,-4.213002,-25.26533
'[19:15:14.916 21/01/2026]',0.6043985,2.707252,-0.8700147,-2.082143,4.610755E-10,4.610755E-10,3.753505,16.63407
'[19:15:14.924 21/01/2026]',-7.371326,-9.986995,-4.057105,-3.115558,4.610755E-10,4.610755E-10,-7.241779,-5.017337
'[19:15:14.932 21/01/2026]',9.02473,10.66775,8.763154,12.03961,4.610755E-10,4.610755E-10,8.362911,0.4906726
'[19:15:14.940 21/01/2026]',-1.244233,-1.857122,-4.120293,-8.143561,4.610755E-10,4.610755E-10,-2.473711,-3.576193
'[19:15:14.948 21/01/2026]',-3.458956,-1.569641,-1.790145,0.3559374,4.610755E-10,4.610755E-10,-2.613525,10.26575
'[19:15:14.956 21/01/2026]',0.9801513,-0.7593912,0.6828093,2.008613,4.610755E-10,4.610755E-10,1.079778,6.631
'[19:15:14.964 21/01/2026]',1.250348,1.639429,-0.04921473,-1.293137,4.610755E-10,4.610755E-10,1.224796,-8.130267
'[19:15:14.972 21/01/2026]',1.250348,1.639429,-0.04921473,-1.293137,4.610755E-10,4.610755E-10,1.224796,-8.130267
'[19:15:14.980 21/01/2026]',-4.361031,-2.835855,-2.200617,-5.135465,4.610755E-10,4.610755E-10,-2.54673,0.7458912
'[19:15:14.988 21/01/2026]',5.037519,3.16137,4.625721,8.524302,4.610755E-10,4.610755E-10,1.28328,-9.67867
'[19:15:14.996 21/01/2026]',-0.9718454,-0.2989362,-2.407753,-1.827902,4.610755E-10,4.610755E-10,0.693998,-1.43486
'[19:15:15.004 21/01/2026]',-0.9718454,-0.2989362,-2.407753,-1.827902,4.610755E-10,4.610755E-10,0.693998,-1.43486
'[19:15:15.012 21/01/2026]',-2.411124,-2.0618,-1.736121,-4.200957,4.610755E-10,4.610755E-10,-0.4393647,-5.385802
'[19:15:15.020 21/01/2026]',-2.411124,-2.0618,-1.736121,-4.200957,4.610755E-10,4.610755E-10,-0.4393647,-5.385802
'[19:15:15.028 21/01/2026]',1.31833,1.020538,2.055364,1.120432,4.610755E-10,4.610755E-10,-0.573565,11.70066
'[19:15:15.036 21/01/2026]',-0.8933902,-1.000287,-1.18296,-1.19847,4.610755E-10,4.610755E-10,-1.105424,-5.22437
'[19:15:15.044 21/01/2026]',-0.3701724,1.460944,-1.187458,2.755452,4.610755E-10,4.610755E-10,-0.2197767,-18.41044
'[19:15:15.052 21/01/2026]',1.758076,0.2639844,2.47987,0.3559183,4.610755E-10,4.610755E-10,3.241021,25.82144
'[19:15:15.060 21/01/2026]',0.1829957,-0.6002639,0.08378316,0.466148,4.610755E-10,4.610755E-10,-2.881326,6.617574
'[19:15:15.068 21/01/2026]',-4.515303,-2.359591,-4.005387,-3.692475,4.610755E-10,4.610755E-10,-0.5220017,-12.61652
'[19:15:15.076 21/01/2026]',3.780679,1.73191,3.788431,3.39996,4.610755E-10,4.610755E-10,1.749444,0.01914187
'[19:15:15.084 21/01/2026]',2.901037,5.20516,1.327496,1.92143,4.610755E-10,4.610755E-10,2.201026,12.36414
'[19:15:15.092 21/01/2026]',9.327984,5.899121,0.8896439,1.729163,4.610755E-10,4.610755E-10,-1.077764,-20.16659
'[19:15:15.100 21/01/2026]',9.327984,5.899121,0.8896439,1.729163,4.610755E-10,4.610755E-10,-1.077764,-20.16659
'[19:15:15.108 21/01/2026]',16.81964,20.23997,11.52065,8.453883,4.610755E-10,4.610755E-10,6.119152,18.41734
'[19:15:15.116 21/01/2026]',-29.70858,-23.25467,-14.10886,-11.50139,4.610755E-10,4.610755E-10,-7.293085,-15.28462
'[19:15:15.124 21/01/2026]',-10.63312,-19.19292,-6.35675,-7.295207,4.610755E-10,4.610755E-10,-3.061148,-9.928841
'[19:15:15.132 21/01/2026]',-10.63312,-19.19292,-6.35675,-7.295207,4.610755E-10,4.610755E-10,-3.061148,-9.928841
'[19:15:15.140 21/01/2026]',9.211295,10.29718,5.615391,5.840759,4.610755E-10,4.610755E-10,6.07349,18.40015
'[19:15:15.148 21/01/2026]',9.211295,10.29718,5.615391,5.840759,4.610755E-10,4.610755E-10,6.07349,18.40015
'[19:15:15.156 21/01/2026]',9.211295,10.29718,5.615391,5.840759,4.610755E-10,4.610755E-10,6.07349,18.40015
'[19:15:15.164 21/01/2026]',6.400847,9.838333,2.953398,7.596237,4.610755E-10,4.610755E-10,0.5824293,6.197444
'[19:15:15.172 21/01/2026]',6.400847,9.838333,2.953398,7.596237,4.610755E-10,4.610755E-10,0.5824293,6.197444
'[19:15:15.180 21/01/2026]',-8.475027,-9.564397,-4.922238,-8.146201,4.610755E-10,4.610755E-10,-4.098109,-6.857037
'[19:15:15.188 21/01/2026]',-8.475027,-9.564397,-4.922238,-8.146201,4.610755E-10,4.610755E-10,-4.098109,-6.857037
'[19:15:15.196 21/01/2026]',1.878407,0.8755581,2.794615,-1.030229,4.610755E-10,4.610755E-10,4.564547,-19.29521
'[19:15:15.204 21/01/2026]',1.878407,0.8755581,2.794615,-1.030229,4.610755E-10,4.610755E-10,4.564547,-19.29521
'[19:15:15.212 21/01/2026]',1.878407,0.8755581,2.794615,-1.030229,4.610755E-10,4.610755E-10,4.564547,-19.29521
'[19:15:15.220 21/01/2026]',0.8035305,1.326323,-1.051321,1.309272,4.610755E-10,4.610755E-10,-4.326053,9.987503
'[19:15:15.228 21/01/2026]',-3.790133,-3.331874,-3.149936,-1.213434,4.610755E-10,4.610755E-10,-2.578702,-33.82736
'[19:15:15.236 21/01/2026]',-3.790133,-3.331874,-3.149936,-1.213434,4.610755E-10,4.610755E-10,-2.578702,-33.82736
'[19:15:15.244 21/01/2026]',6.929625,5.157764,5.735841,6.914135,4.610755E-10,4.610755E-10,5.376208,100.5713
'[19:15:15.252 21/01/2026]',6.929625,5.157764,5.735841,6.914135,4.610755E-10,4.610755E-10,5.376208,100.5713
'[19:15:15.260 21/01/2026]',6.929625,5.157764,5.735841,6.914135,4.610755E-10,4.610755E-10,5.376208,100.5713
'[19:15:15.268 21/01/2026]',-3.364316,-2.863421,-3.234716,-5.776165,4.610755E-10,4.610755E-10,-0.6964589,-2.469076
'[19:15:15.276 21/01/2026]',-3.364316,-2.863421,-3.234716,-5.776165,4.610755E-10,4.610755E-10,-0.6964589,-2.469076
'[19:15:15.284 21/01/2026]',-3.364316,-2.863421,-3.234716,-5.776165,4.610755E-10,4.610755E-10,-0.6964589,-2.469076
'[19:15:15.292 21/01/2026]',-3.364316,-2.863421,-3.234716,-5.776165,4.610755E-10,4.610755E-10,-0.6964589,-2.469076
'[19:15:15.300 21/01/2026]',-0.2081526,1.496004,0.3072295,-1.805283,4.610755E-10,4.610755E-10,-2.660283,-76.19082
'[19:15:15.308 21/01/2026]',-0.2081526,1.496004,0.3072295,-1.805283,4.610755E-10,4.610755E-10,-2.660283,-76.19082
'[19:15:15.316 21/01/2026]',-0.2081526,1.496004,0.3072295,-1.805283,4.610755E-10,4.610755E-10,-2.660283,-76.19082
'[19:15:15.324 21/01/2026]',1.324211,0.1570147,1.828001,3.444989,4.610755E-10,4.610755E-10,2.793876,51.66731
'[19:15:15.332 21/01/2026]',0.1589579,0.05146474,0.116032,2.10845,4.610755E-10,4.610755E-10,1.602852,-9.511664
'[19:15:15.340 21/01/2026]',-2.735065,-2.451472,-3.289854,-4.948907,4.610755E-10,4.610755E-10,-6.112451,-28.55021
'[19:15:15.348 21/01/2026]',-2.735065,-2.451472,-3.289854,-4.948907,4.610755E-10,4.610755E-10,-6.112451,-28.55021
'[19:15:15.356 21/01/2026]',1.414112,1.256111,-0.3754089,0.4791982,4.610755E-10,4.610755E-10,1.864684,-20.85738
'[19:15:15.364 21/01/2026]',1.414112,1.256111,-0.3754089,0.4791982,4.610755E-10,4.610755E-10,1.864684,-20.85738
'[19:15:15.372 21/01/2026]',1.087546,2.640048,3.998273,3.151838,4.610755E-10,4.610755E-10,3.201827,44.53468
'[19:15:15.380 21/01/2026]',1.087546,2.640048,3.998273,3.151838,4.610755E-10,4.610755E-10,3.201827,44.53468
'[19:15:15.388 21/01/2026]',1.087546,2.640048,3.998273,3.151838,4.610755E-10,4.610755E-10,3.201827,44.53468
'[19:15:15.396 21/01/2026]',-0.01764561,-1.46437,-1.135318,-0.03822906,4.610755E-10,4.610755E-10,-0.6661688,0.2094548
'[19:15:15.404 21/01/2026]',-4.925677,-5.408309,-4.677526,-3.993553,4.610755E-10,4.610755E-10,-2.929335,-42.98723
'[19:15:15.412 21/01/2026]',-4.925677,-5.408309,-4.677526,-3.993553,4.610755E-10,4.610755E-10,-2.929335,-42.98723
'[19:15:15.420 21/01/2026]',4.603915,7.274844,4.450371,4.310178,4.610755E-10,4.610755E-10,1.456263,49.76279
'[19:15:15.428 21/01/2026]',4.603915,7.274844,4.450371,4.310178,4.610755E-10,4.610755E-10,1.456263,49.76279
'[19:15:15.436 21/01/2026]',-54.40207,-57.70477,-20.75689,-22.90767,4.610755E-10,4.610755E-10,-2.892155,-17.6876
'[19:15:15.444 21/01/2026]',-54.40207,-57.70477,-20.75689,-22.90767,4.610755E-10,4.610755E-10,-2.892155,-17.6876
'[19:15:15.452 21/01/2026]',-54.40207,-57.70477,-20.75689,-22.90767,4.610755E-10,4.610755E-10,-2.892155,-17.6876
'[19:15:15.460 21/01/2026]',-54.40207,-57.70477,-20.75689,-22.90767,4.610755E-10,4.610755E-10,-2.892155,-17.6876
'[19:15:15.468 21/01/2026]',-54.40207,-57.70477,-20.75689,-22.90767,4.610755E-10,4.610755E-10,-2.892155,-17.6876
'[19:15:15.476 21/01/2026]',10.56313,10.91601,1.905149,4.809959,4.610755E-10,4.610755E-10,-3.665479,-16.20937
'[19:15:15.484 21/01/2026]',95.13371,95.15215,34.82344,34.18586,4.610755E-10,4.610755E-10,8.951624,13.48561
'[19:15:15.492 21/01/2026]',-22.47408,-18.61943,-4.12987,-6.073873,4.610755E-10,4.610755E-10,0.1912716,11.77492
'[19:15:15.500 21/01/2026]',-22.47408,-18.61943,-4.12987,-6.073873,4.610755E-10,4.610755E-10,0.1912716,11.77492
'[19:15:15.508 21/01/2026]',-58.52768,-59.369,-24.3257,-22.19834,4.610755E-10,4.610755E-10,-7.697629,-8.065289
'[19:15:15.516 21/01/2026]',-58.52768,-59.369,-24.3257,-22.19834,4.610755E-10,4.610755E-10,-7.697629,-8.065289
'[19:15:15.524 21/01/2026]',22.59825,20.78692,6.454579,8.002111,4.610755E-10,4.610755E-10,4.718196,-23.61287
'[19:15:15.532 21/01/2026]',22.59825,20.78692,6.454579,8.002111,4.610755E-10,4.610755E-10,4.718196,-23.61287
'[19:15:15.540 21/01/2026]',22.59825,20.78692,6.454579,8.002111,4.610755E-10,4.610755E-10,4.718196,-23.61287
'[19:15:15.548 21/01/2026]',18.9885,18.40131,11.10697,5.372602,4.610755E-10,4.610755E-10,1.182517,25.64635
'[19:15:15.556 21/01/2026]',18.9885,18.40131,11.10697,5.372602,4.610755E-10,4.610755E-10,1.182517,25.64635
'[19:15:15.564 21/01/2026]',-13.38848,-11.72941,-5.949821,-4.296386,4.610755E-10,4.610755E-10,-2.618273,-29.01383
'[19:15:15.572 21/01/2026]',-13.38848,-11.72941,-5.949821,-4.296386,4.610755E-10,4.610755E-10,-2.618273,-29.01383
'[19:15:15.580 21/01/2026]',-6.611327,-6.587666,-5.34973,-0.1770541,4.610755E-10,4.610755E-10,-0.4072287,12.49187
'[19:15:15.588 21/01/2026]',5.01041,4.020205,1.099411,-3.657295,4.610755E-10,4.610755E-10,0.07244697,11.47284
'[19:15:15.596 21/01/2026]',5.01041,4.020205,1.099411,-3.657295,4.610755E-10,4.610755E-10,0.07244697,11.47284
'[19:15:15.604 21/01/2026]',5.980454,5.333986,8.220789,8.124805,4.610755E-10,4.610755E-10,1.124695,-15.23028
'[19:15:15.612 21/01/2026]',-5.867397,-4.251328,-5.491468,-3.775922,4.610755E-10,4.610755E-10,-1.728967,-11.84092
'[19:15:15.620 21/01/2026]',-1.566846,-3.297734,-3.156434,-5.704872,4.610755E-10,4.610755E-10,0.2626845,21.97783
'[19:15:15.628 21/01/2026]',4.357625,4.958394,4.752867,8.14107,4.610755E-10,4.610755E-10,3.047122,3.284982
'[19:15:15.636 21/01/2026]',-0.1715856,0.9420461,0.505998,0.3826713,4.610755E-10,4.610755E-10,0.5234936,-17.64335
'[19:15:15.644 21/01/2026]',-5.2387,-8.06958,-5.427431,-9.138173,4.610755E-10,4.610755E-10,-9.927057,8.531653
'[19:15:15.652 21/01/2026]',1.465784,1.109365,1.542098,4.12498,4.610755E-10,4.610755E-10,6.567037,4.724563
'[19:15:15.660 21/01/2026]',1.465784,1.109365,1.542098,4.12498,4.610755E-10,4.610755E-10,6.567037,4.724563
'[19:15:15.668 21/01/2026]',5.358301,7.963912,5.270461,6.241352,4.610755E-10,4.610755E-10,3.29479,-8.025377
'[19:15:15.676 21/01/2026]',-0.6505091,-2.677934,-2.000049,-5.740369,4.610755E-10,4.610755E-10,-3.221042,-5.036937
'[19:15:15.684 21/01/2026]',3.672702,-3.946227,0.7409341,0.03050908,4.610755E-10,4.610755E-10,-1.080657,-8.64957
'[19:15:15.692 21/01/2026]',3.672702,-3.946227,0.7409341,0.03050908,4.610755E-10,4.610755E-10,-1.080657,-8.64957
'[19:15:15.700 21/01/2026]',-11.35974,6.582868,-4.816676,3.05794,4.610755E-10,4.610755E-10,1.007664,22.60825
'[19:15:15.708 21/01/2026]',-11.35974,6.582868,-4.816676,3.05794,4.610755E-10,4.610755E-10,1.007664,22.60825
'[19:15:15.716 21/01/2026]',-11.35974,6.582868,-4.816676,3.05794,4.610755E-10,4.610755E-10,1.007664,22.60825
'[19:15:15.724 21/01/2026]',3.285132,-3.992461,2.919351,-0.1809367,4.610755E-10,4.610755E-10,2.026197,-23.55606
'[19:15:15.732 21/01/2026]',3.358056,0.166254,0.9340078,-2.265273,4.610755E-10,4.610755E-10,-1.701585,7.015662
'[19:15:15.740 21/01/2026]',-3.284688,-0.5097103,-3.724008,-3.129405,4.610755E-10,4.610755E-10,-2.034453,12.85453
'[19:15:15.748 21/01/2026]',0.1318534,1.185832,4.693046,5.920922,4.610755E-10,4.610755E-10,4.139046,-0.03525517
'[19:15:15.756 21/01/2026]',2.117242,2.520589,-2.09781,2.18134,4.610755E-10,4.610755E-10,-1.462196,-14.39931
'[19:15:15.764 21/01/2026]',0.5317839,-4.453995,0.3435879,-4.722516,4.610755E-10,4.610755E-10,-0.2784697,16.36247
'[19:15:15.772 21/01/2026]',-1.744754,2.605472,0.4741444,1.419777,4.610755E-10,4.610755E-10,0.3624753,9.506777
'[19:15:15.780 21/01/2026]',0.6862396,1.135601,1.077103,1.549041,4.610755E-10,4.610755E-10,-0.2146228,-18.37246
'[19:15:15.788 21/01/2026]',-1.6114,-4.279487,-4.498178,-5.257314,4.610755E-10,4.610755E-10,-1.962521,20.2347
'[19:15:15.796 21/01/2026]',0.7829155,1.439102,2.153959,1.447872,4.610755E-10,4.610755E-10,0.01592425,-0.8284445
'[19:15:15.804 21/01/2026]',0.5742861,0.4261218,1.301651,3.587467,4.610755E-10,4.610755E-10,2.36401,-20.63219
'[19:15:15.812 21/01/2026]',2.779102,4.321882,0.3334349,0.8914763,4.610755E-10,4.610755E-10,0.888269,19.56643
'[19:15:15.820 21/01/2026]',-7.915834,-9.702993,-5.642343,-7.032403,4.610755E-10,4.610755E-10,-5.574811,-4.696485
'[19:15:15.828 21/01/2026]',-15.836,-16.5988,-1.44409,-0.98444,4.610755E-10,4.610755E-10,3.073573,-7.78773
'[19:15:15.836 21/01/2026]',-1.515091,-2.281464,-1.884421,-4.290332,4.610755E-10,4.610755E-10,0.04345361,5.16886
'[19:15:15.844 21/01/2026]',74.50859,79.76319,27.50061,31.86077,4.610755E-10,4.610755E-10,5.415267,-2.876761
'[19:15:15.852 21/01/2026]',74.50859,79.76319,27.50061,31.86077,4.610755E-10,4.610755E-10,5.415267,-2.876761
'[19:15:15.860 21/01/2026]',-39.01719,-38.68995,-14.54636,-16.77465,4.610755E-10,4.610755E-10,-4.308589,17.47654
'[19:15:15.868 21/01/2026]',-39.01719,-38.68995,-14.54636,-16.77465,4.610755E-10,4.610755E-10,-4.308589,17.47654
'[19:15:15.876 21/01/2026]',-37.35681,-41.22322,-14.65603,-15.21245,4.610755E-10,4.610755E-10,-3.837788,-28.16533
'[19:15:15.884 21/01/2026]',-37.35681,-41.22322,-14.65603,-15.21245,4.610755E-10,4.610755E-10,-3.837788,-28.16533
'[19:15:15.892 21/01/2026]',27.23167,27.21885,10.75298,9.891967,4.610755E-10,4.610755E-10,5.699209,-3.133741
'[19:15:15.900 21/01/2026]',27.23167,27.21885,10.75298,9.891967,4.610755E-10,4.610755E-10,5.699209,-3.133741
'[19:15:15.908 21/01/2026]',27.23167,27.21885,10.75298,9.891967,4.610755E-10,4.610755E-10,5.699209,-3.133741
'[19:15:15.916 21/01/2026]',7.702673,9.218716,2.139704,5.262019,4.610755E-10,4.610755E-10,-2.338346,4.922089
'[19:15:15.924 21/01/2026]',7.702673,9.218716,2.139704,5.262019,4.610755E-10,4.610755E-10,-2.338346,4.922089
'[19:15:15.932 21/01/2026]',-11.99437,-11.38668,-3.551346,-8.613575,4.610755E-10,4.610755E-10,-2.634192,3.509092
'[19:15:15.940 21/01/2026]',-11.99437,-11.38668,-3.551346,-8.613575,4.610755E-10,4.610755E-10,-2.634192,3.509092
'[19:15:15.948 21/01/2026]',-11.99437,-11.38668,-3.551346,-8.613575,4.610755E-10,4.610755E-10,-2.634192,3.509092
'[19:15:15.956 21/01/2026]',-11.99437,-11.38668,-3.551346,-8.613575,4.610755E-10,4.610755E-10,-2.634192,3.509092
'[19:15:15.964 21/01/2026]',-2.228617,-3.8519,-0.7342116,2.910164,4.610755E-10,4.610755E-10,5.760213,2.613685
'[19:15:15.972 21/01/2026]',-2.228617,-3.8519,-0.7342116,2.910164,4.610755E-10,4.610755E-10,5.760213,2.613685
'[19:15:15.980 21/01/2026]',6.088036,6.392341,1.62596,2.779847,4.610755E-10,4.610755E-10,-3.536978,4.026776
'[19:15:15.988 21/01/2026]',-1.426944,-1.245237,-1.550268,-3.000767,4.610755E-10,4.610755E-10,-2.548074,-0.8043479
'[19:15:15.996 21/01/2026]',-1.426944,-1.245237,-1.550268,-3.000767,4.610755E-10,4.610755E-10,-2.548074,-0.8043479
'[19:15:16.004 21/01/2026]',-1.426944,-1.245237,-1.550268,-3.000767,4.610755E-10,4.610755E-10,-2.548074,-0.8043479
'[19:15:16.012 21/01/2026]',0.3453659,2.326895,2.197655,5.102391,4.610755E-10,4.610755E-10,6.858192,13.8219
'[19:15:16.020 21/01/2026]',0.08771618,-2.16884,0.08608277,-4.260091,4.610755E-10,4.610755E-10,-3.804598,-7.278365
'[19:15:16.028 21/01/2026]',0.08771618,-2.16884,0.08608277,-4.260091,4.610755E-10,4.610755E-10,-3.804598,-7.278365
'[19:15:16.036 21/01/2026]',-3.550639,-9.011562,-2.358082,-3.277534,4.610755E-10,4.610755E-10,-2.154935,-1.277141
'[19:15:16.044 21/01/2026]',-3.550639,-9.011562,-2.358082,-3.277534,4.610755E-10,4.610755E-10,-2.154935,-1.277141
'[19:15:16.052 21/01/2026]',7.448578,17.71731,3.965084,9.409817,4.610755E-10,4.610755E-10,3.859004,-0.4771683
'[19:15:16.060 21/01/2026]',7.448578,17.71731,3.965084,9.409817,4.610755E-10,4.610755E-10,3.859004,-0.4771683
'[19:15:16.068 21/01/2026]',-3.786928,-5.889943,-2.211657,-6.058879,4.610755E-10,4.610755E-10,0.6332685,6.756166
'[19:15:16.076 21/01/2026]',-3.786928,-5.889943,-2.211657,-6.058879,4.610755E-10,4.610755E-10,0.6332685,6.756166
'[19:15:16.084 21/01/2026]',1.17294,0.09516586,0.5592546,4.008947,4.610755E-10,4.610755E-10,-0.3078105,-9.526415
'[19:15:16.092 21/01/2026]',1.17294,0.09516586,0.5592546,4.008947,4.610755E-10,4.610755E-10,-0.3078105,-9.526415
'[19:15:16.100 21/01/2026]',1.17294,0.09516586,0.5592546,4.008947,4.610755E-10,4.610755E-10,-0.3078105,-9.526415
'[19:15:16.108 21/01/2026]',-3.13943,-4.596008,-1.336812,-3.594663,4.610755E-10,4.610755E-10,-1.494131,8.596416
'[19:15:16.116 21/01/2026]',-3.13943,-4.596008,-1.336812,-3.594663,4.610755E-10,4.610755E-10,-1.494131,8.596416
'[19:15:16.124 21/01/2026]',-3.13943,-4.596008,-1.336812,-3.594663,4.610755E-10,4.610755E-10,-1.494131,8.596416
'[19:15:16.132 21/01/2026]',-3.13943,-4.596008,-1.336812,-3.594663,4.610755E-10,4.610755E-10,-1.494131,8.596416
'[19:15:16.140 21/01/2026]',2.818566,4.964108,2.08504,1.444613,4.610755E-10,4.610755E-10,2.164351,-14.98755
'[19:15:16.148 21/01/2026]',1.956313,1.512703,0.8561054,2.192387,4.610755E-10,4.610755E-10,-1.513267,-2.909724
'[19:15:16.156 21/01/2026]',1.956313,1.512703,0.8561054,2.192387,4.610755E-10,4.610755E-10,-1.513267,-2.909724
'[19:15:16.164 21/01/2026]',-3.108056,-3.222422,-2.221752,-2.365121,4.610755E-10,4.610755E-10,-0.0372941,10.48875
'[19:15:16.172 21/01/2026]',0.8267198,0.5384579,0.9841506,-0.47161,4.610755E-10,4.610755E-10,0.9222165,6.060506
'[19:15:16.180 21/01/2026]',0.8267198,0.5384579,0.9841506,-0.47161,4.610755E-10,4.610755E-10,0.9222165,6.060506
'[19:15:16.188 21/01/2026]',1.173143,1.765176,0.4220752,0.6377476,4.610755E-10,4.610755E-10,-0.4645793,-12.98249
'[19:15:16.196 21/01/2026]',1.173143,1.765176,0.4220752,0.6377476,4.610755E-10,4.610755E-10,-0.4645793,-12.98249
'[19:15:16.204 21/01/2026]',1.173143,1.765176,0.4220752,0.6377476,4.610755E-10,4.610755E-10,-0.4645793,-12.98249
'[19:15:16.212 21/01/2026]',-2.534345,-2.430331,-2.257134,1.526894,4.610755E-10,4.610755E-10,-2.055531,10.92352
'[19:15:16.220 21/01/2026]',-2.534345,-2.430331,-2.257134,1.526894,4.610755E-10,4.610755E-10,-2.055531,10.92352
'[19:15:16.228 21/01/2026]',0.01370347,-1.407198,0.05392593,-0.5958642,4.610755E-10,4.610755E-10,1.523847,0.3891515
'[19:15:16.236 21/01/2026]',0.01370347,-1.407198,0.05392593,-0.5958642,4.610755E-10,4.610755E-10,1.523847,0.3891515
'[19:15:16.244 21/01/2026]',2.537561,4.314252,2.394168,-1.580045,4.610755E-10,4.610755E-10,1.288358,4.658608
'[19:15:16.252 21/01/2026]',2.537561,4.314252,2.394168,-1.580045,4.610755E-10,4.610755E-10,1.288358,4.658608
'[19:15:16.260 21/01/2026]',-1.212402,-0.3929781,-0.7456004,3.125774,4.610755E-10,4.610755E-10,0.8687395,2.82289
'[19:15:16.268 21/01/2026]',-1.212402,-0.3929781,-0.7456004,3.125774,4.610755E-10,4.610755E-10,0.8687395,2.82289
'[19:15:16.276 21/01/2026]',0.1756449,-1.876068,1.014042,0.278234,4.610755E-10,4.610755E-10,-1.464521,3.171211
'[19:15:16.284 21/01/2026]',0.1756449,-1.876068,1.014042,0.278234,4.610755E-10,4.610755E-10,-1.464521,3.171211
'[19:15:16.292 21/01/2026]',0.1756449,-1.876068,1.014042,0.278234,4.610755E-10,4.610755E-10,-1.464521,3.171211
'[19:15:16.300 21/01/2026]',0.1756449,-1.876068,1.014042,0.278234,4.610755E-10,4.610755E-10,-1.464521,3.171211
'[19:15:16.308 21/01/2026]',-2.318928,-1.509331,-2.25256,-5.676615,4.610755E-10,4.610755E-10,-2.714323,-25.03656
'[19:15:16.316 21/01/2026]',-2.318928,-1.509331,-2.25256,-5.676615,4.610755E-10,4.610755E-10,-2.714323,-25.03656
'[19:15:16.324 21/01/2026]',-2.318928,-1.509331,-2.25256,-5.676615,4.610755E-10,4.610755E-10,-2.714323,-25.03656
'[19:15:16.332 21/01/2026]',4.360252,3.54463,2.38867,4.455389,4.610755E-10,4.610755E-10,4.964793,19.46576
'[19:15:16.340 21/01/2026]',0.01674366,0.9048258,1.740981,2.084904,4.610755E-10,4.610755E-10,-1.564102,-4.248896
'[19:15:16.348 21/01/2026]',-3.820096,-3.514358,-4.53696,-4.250229,4.610755E-10,4.610755E-10,-4.045601,-13.62387
'[19:15:16.356 21/01/2026]',1.919291,1.374215,2.473397,0.5707402,4.610755E-10,4.610755E-10,5.870655,6.909834
'[19:15:16.364 21/01/2026]',1.414687,-4.500966,1.980308,1.001664,4.610755E-10,4.610755E-10,-2.736088,3.51952
'[19:15:16.372 21/01/2026]',0.2650855,-1.997332,0.6362571,1.669594,4.610755E-10,4.610755E-10,2.571344,-3.749606
'[19:15:16.380 21/01/2026]',-8.133831,12.369,-9.255227,-6.155033,4.610755E-10,4.610755E-10,-7.755535,-1.435435
'[19:15:16.388 21/01/2026]',9.088039,-2.299586,9.150647,8.340577,4.610755E-10,4.610755E-10,7.951336,15.09988
'[19:15:16.396 21/01/2026]',9.088039,-2.299586,9.150647,8.340577,4.610755E-10,4.610755E-10,7.951336,15.09988
'[19:15:16.404 21/01/2026]',-4.707898,-7.728741,-4.297314,-5.197176,4.610755E-10,4.610755E-10,0.1547879,-2.058668
'[19:15:16.412 21/01/2026]',-4.707898,-7.728741,-4.297314,-5.197176,4.610755E-10,4.610755E-10,0.1547879,-2.058668
'[19:15:16.420 21/01/2026]',-1.498668,2.51,-0.9837644,-0.9575016,4.610755E-10,4.610755E-10,-5.26846,-2.035591
'[19:15:16.428 21/01/2026]',4.119602,5.173447,2.980054,3.265919,4.610755E-10,4.610755E-10,3.276504,-0.656943
'[19:15:16.436 21/01/2026]',0.2415044,-1.701598,-0.5823807,0.3125741,4.610755E-10,4.610755E-10,0.7677348,15.4751
'[19:15:16.444 21/01/2026]',-3.693909,-2.863649,-1.401861,-0.9066923,4.610755E-10,4.610755E-10,-1.906622,-13.65023
'[19:15:16.452 21/01/2026]',0.7634404,1.181062,-0.3036322,-1.634754,4.610755E-10,4.610755E-10,-0.1971531,-8.109543
'[19:15:16.460 21/01/2026]',1.899305,1.861825,1.76965,-0.5224034,4.610755E-10,4.610755E-10,1.272973,3.493516
'[19:15:16.468 21/01/2026]',-2.699943,-3.022006,-2.261275,-0.4562161,4.610755E-10,4.610755E-10,-1.273907,-4.436835
'[19:15:16.476 21/01/2026]',1.440678,1.068884,0.1465678,2.587501,4.610755E-10,4.610755E-10,2.979861,8.769948
'[19:15:16.484 21/01/2026]',1.259332,1.307042,2.657511,1.582575,4.610755E-10,4.610755E-10,-3.285668,2.022607
'[19:15:16.492 21/01/2026]',1.259332,1.307042,2.657511,1.582575,4.610755E-10,4.610755E-10,-3.285668,2.022607
'[19:15:16.500 21/01/2026]',-1.624593,-0.3083796,-1.604597,-2.998521,4.610755E-10,4.610755E-10,-0.7291648,-10.76773
'[19:15:16.508 21/01/2026]',-1.624593,-0.3083796,-1.604597,-2.998521,4.610755E-10,4.610755E-10,-0.7291648,-10.76773
'[19:15:16.516 21/01/2026]',-2.026696,-2.595881,-4.089587,0.9734563,4.610755E-10,4.610755E-10,0.7947201,2.341249
'[19:15:16.524 21/01/2026]',2.592181,1.069597,5.805098,-1.418223,4.610755E-10,4.610755E-10,1.725173,14.62627
'[19:15:16.532 21/01/2026]',1.848718,3.133258,-0.4618253,4.153602,4.610755E-10,4.610755E-10,-0.6279324,6.464714
'[19:15:16.540 21/01/2026]',-2.320655,-3.316051,-2.149161,-1.87884,4.610755E-10,4.610755E-10,-1.771509,-12.76981
'[19:15:16.548 21/01/2026]',2.353223,4.357374,3.862563,1.775801,4.610755E-10,4.610755E-10,3.382399,-9.852957
'[19:15:16.556 21/01/2026]',-14.2559,-23.39762,-8.257321,-11.80567,4.610755E-10,4.610755E-10,-5.232555,27.83095
'[19:15:16.564 21/01/2026]',22.54162,36.88104,9.175101,14.80328,4.610755E-10,4.610755E-10,6.312904,-30.96906
'[19:15:16.572 21/01/2026]',-7.01521,-10.06942,-1.785371,0.09757897,4.610755E-10,4.610755E-10,-2.087384,16.78653
'[19:15:16.580 21/01/2026]',-24.09782,-32.61239,-10.30431,-14.38781,4.610755E-10,4.610755E-10,-2.206076,-13.23565
'[19:15:16.588 21/01/2026]',8.689938,11.45774,3.661111,1.269552,4.610755E-10,4.610755E-10,-1.017645,-10.75468
'[19:15:16.596 21/01/2026]',8.689938,11.45774,3.661111,1.269552,4.610755E-10,4.610755E-10,-1.017645,-10.75468
'[19:15:16.604 21/01/2026]',48.31689,55.56697,17.88201,21.98489,4.610755E-10,4.610755E-10,4.114779,24.82377
'[19:15:16.612 21/01/2026]',48.31689,55.56697,17.88201,21.98489,4.610755E-10,4.610755E-10,4.114779,24.82377
'[19:15:16.620 21/01/2026]',48.31689,55.56697,17.88201,21.98489,4.610755E-10,4.610755E-10,4.114779,24.82377
'[19:15:16.628 21/01/2026]',-28.22046,-32.11668,-9.182261,-11.72122,4.610755E-10,4.610755E-10,-0.9717749,-7.656378
'[19:15:16.636 21/01/2026]',-21.25317,-24.76439,-7.294729,-7.718935,4.610755E-10,4.610755E-10,-2.065137,9.511647
'[19:15:16.644 21/01/2026]',17.77445,20.01832,5.363071,8.711802,4.610755E-10,4.610755E-10,2.720086,-0.6480496
'[19:15:16.652 21/01/2026]',17.77445,20.01832,5.363071,8.711802,4.610755E-10,4.610755E-10,2.720086,-0.6480496
'[19:15:16.660 21/01/2026]',17.77445,20.01832,5.363071,8.711802,4.610755E-10,4.610755E-10,2.720086,-0.6480496
'[19:15:16.668 21/01/2026]',1.784153,5.601541,-0.7848374,-2.260808,4.610755E-10,4.610755E-10,-2.861643,-1.761219
'[19:15:16.676 21/01/2026]',1.784153,5.601541,-0.7848374,-2.260808,4.610755E-10,4.610755E-10,-2.861643,-1.761219
'[19:15:16.684 21/01/2026]',-6.393554,-9.960625,-2.174954,-2.759812,4.610755E-10,4.610755E-10,1.106539,5.613655
'[19:15:16.692 21/01/2026]',-6.393554,-9.960625,-2.174954,-2.759812,4.610755E-10,4.610755E-10,1.106539,5.613655
'[19:15:16.700 21/01/2026]',0.02552949,-0.5851584,1.790261,4.173999,4.610755E-10,4.610755E-10,-0.6614553,2.213718
'[19:15:16.708 21/01/2026]',0.02552949,-0.5851584,1.790261,4.173999,4.610755E-10,4.610755E-10,-0.6614553,2.213718
'[19:15:16.716 21/01/2026]',2.763169,3.769701,1.237382,-1.48409,4.610755E-10,4.610755E-10,0.3464096,-6.525845
'[19:15:16.724 21/01/2026]',2.763169,3.769701,1.237382,-1.48409,4.610755E-10,4.610755E-10,0.3464096,-6.525845
'[19:15:16.732 21/01/2026]',-0.1411961,1.31156,-1.430132,1.27134,4.610755E-10,4.610755E-10,1.290412,8.963792
'[19:15:16.740 21/01/2026]',-0.1411961,1.31156,-1.430132,1.27134,4.610755E-10,4.610755E-10,1.290412,8.963792
'[19:15:16.748 21/01/2026]',-1.160284,-3.646608,-0.1984577,-2.122401,4.610755E-10,4.610755E-10,-0.2728058,-19.17787
'[19:15:16.756 21/01/2026]',-1.160284,-3.646608,-0.1984577,-2.122401,4.610755E-10,4.610755E-10,-0.2728058,-19.17787
'[19:15:16.764 21/01/2026]',-1.160284,-3.646608,-0.1984577,-2.122401,4.610755E-10,4.610755E-10,-0.2728058,-19.17787
'[19:15:16.772 21/01/2026]',-1.235042,-1.117156,-0.5023834,-1.113602,4.610755E-10,4.610755E-10,-3.491502,3.992481
'[19:15:16.780 21/01/2026]',-1.235042,-1.117156,-0.5023834,-1.113602,4.610755E-10,4.610755E-10,-3.491502,3.992481
'[19:15:16.788 21/01/2026]',-1.235042,-1.117156,-0.5023834,-1.113602,4.610755E-10,4.610755E-10,-3.491502,3.992481
'[19:15:16.796 21/01/2026]',-1.235042,-1.117156,-0.5023834,-1.113602,4.610755E-10,4.610755E-10,-3.491502,3.992481
'[19:15:16.804 21/01/2026]',-1.235042,-1.117156,-0.5023834,-1.113602,4.610755E-10,4.610755E-10,-3.491502,3.992481
'[19:15:16.812 21/01/2026]',2.740809,3.628465,-0.03321505,0.3156408,4.610755E-10,4.610755E-10,1.253239,-7.43863
'[19:15:16.820 21/01/2026]',-0.07810722,0.9554476,3.281686,3.548608,4.610755E-10,4.610755E-10,4.596825,-3.952202
'[19:15:16.828 21/01/2026]',-2.646677,-4.043423,-3.780803,-1.760669,4.610755E-10,4.610755E-10,-5.179733,15.20034
'[19:15:16.836 21/01/2026]',-2.646677,-4.043423,-3.780803,-1.760669,4.610755E-10,4.610755E-10,-5.179733,15.20034
'[19:15:16.844 21/01/2026]',-1.664517,-1.702639,-2.321403,-5.733375,4.610755E-10,4.610755E-10,-0.8133135,-5.775769
'[19:15:16.852 21/01/2026]',5.830719,5.751658,7.000461,8.584594,4.610755E-10,4.610755E-10,3.844351,-14.90482
'[19:15:16.860 21/01/2026]',5.830719,5.751658,7.000461,8.584594,4.610755E-10,4.610755E-10,3.844351,-14.90482
'[19:15:16.868 21/01/2026]',5.830719,5.751658,7.000461,8.584594,4.610755E-10,4.610755E-10,3.844351,-14.90482
'[19:15:16.876 21/01/2026]',-4.093487,-4.788462,-4.767282,-3.339711,4.610755E-10,4.610755E-10,-2.284502,15.17872
'[19:15:16.884 21/01/2026]',-4.093487,-4.788462,-4.767282,-3.339711,4.610755E-10,4.610755E-10,-2.284502,15.17872
'[19:15:16.892 21/01/2026]',-13.76594,-18.70441,-7.493813,-12.96393,4.610755E-10,4.610755E-10,-4.487367,-1.171384
'[19:15:16.900 21/01/2026]',-13.76594,-18.70441,-7.493813,-12.96393,4.610755E-10,4.610755E-10,-4.487367,-1.171384
'[19:15:16.908 21/01/2026]',30.31348,43.71206,16.57364,22.73685,4.610755E-10,4.610755E-10,8.451789,4.402467
'[19:15:16.916 21/01/2026]',30.31348,43.71206,16.57364,22.73685,4.610755E-10,4.610755E-10,8.451789,4.402467
'[19:15:16.924 21/01/2026]',-11.44403,-17.99656,-5.921602,-6.04915,4.610755E-10,4.610755E-10,-2.068949,-14.49061
'[19:15:16.932 21/01/2026]',-11.44403,-17.99656,-5.921602,-6.04915,4.610755E-10,4.610755E-10,-2.068949,-14.49061
'[19:15:16.940 21/01/2026]',-11.16907,-14.21223,-7.462104,-7.77883,4.610755E-10,4.610755E-10,-3.151772,16.8724
'[19:15:16.948 21/01/2026]',-11.16907,-14.21223,-7.462104,-7.77883,4.610755E-10,4.610755E-10,-3.151772,16.8724
'[19:15:16.956 21/01/2026]',-11.16907,-14.21223,-7.462104,-7.77883,4.610755E-10,4.610755E-10,-3.151772,16.8724
'[19:15:16.964 21/01/2026]',-11.16907,-14.21223,-7.462104,-7.77883,4.610755E-10,4.610755E-10,-3.151772,16.8724
'[19:15:16.972 21/01/2026]',-11.16907,-14.21223,-7.462104,-7.77883,4.610755E-10,4.610755E-10,-3.151772,16.8724
'[19:15:16.980 21/01/2026]',8.431984,13.25571,7.511185,3.166442,4.610755E-10,4.610755E-10,3.098327,13.316
'[19:15:16.988 21/01/2026]',3.141071,1.032935,-0.320132,4.663244,4.610755E-10,4.610755E-10,-0.5036982,-22.11003
'[19:15:16.996 21/01/2026]',-4.452457,-5.39628,-1.74958,-1.078585,4.610755E-10,4.610755E-10,-0.7297924,4.066695
'[19:15:17.004 21/01/2026]',-4.452457,-5.39628,-1.74958,-1.078585,4.610755E-10,4.610755E-10,-0.7297924,4.066695
'[19:15:17.012 21/01/2026]',-4.452457,-5.39628,-1.74958,-1.078585,4.610755E-10,4.610755E-10,-0.7297924,4.066695
'[19:15:17.020 21/01/2026]',-0.6545465,1.753731,0.3934445,-3.41239,4.610755E-10,4.610755E-10,-0.9253349,17.95306
'[19:15:17.028 21/01/2026]',2.219329,0.3119982,2.188204,2.357399,4.610755E-10,4.610755E-10,0.9088624,-3.743041
'[19:15:17.036 21/01/2026]',2.219329,0.3119982,2.188204,2.357399,4.610755E-10,4.610755E-10,0.9088624,-3.743041
'[19:15:17.044 21/01/2026]',1.496018,1.068989,-0.3513668,-0.2002869,4.610755E-10,4.610755E-10,0.9240484,-13.74378
'[19:15:17.052 21/01/2026]',1.496018,1.068989,-0.3513668,-0.2002869,4.610755E-10,4.610755E-10,0.9240484,-13.74378
'[19:15:17.060 21/01/2026]',-5.293392,-10.44061,-2.496603,-4.303179,4.610755E-10,4.610755E-10,-1.960861,1.670359
'[19:15:17.068 21/01/2026]',-5.293392,-10.44061,-2.496603,-4.303179,4.610755E-10,4.610755E-10,-1.960861,1.670359
'[19:15:17.076 21/01/2026]',-5.293392,-10.44061,-2.496603,-4.303179,4.610755E-10,4.610755E-10,-1.960861,1.670359
'[19:15:17.084 21/01/2026]',0.8330141,4.74027,-0.5931413,2.181104,4.610755E-10,4.610755E-10,-1.668369,-2.681427
'[19:15:17.092 21/01/2026]',3.334675,11.39927,3.045117,3.348685,4.610755E-10,4.610755E-10,4.928903,-0.7205539
'[19:15:17.100 21/01/2026]',-3.058597,-11.13602,-0.9190688,-2.219532,4.610755E-10,4.610755E-10,-0.6557438,-0.4333642
'[19:15:17.108 21/01/2026]',-3.058597,-11.13602,-0.9190688,-2.219532,4.610755E-10,4.610755E-10,-0.6557438,-0.4333642
'[19:15:17.116 21/01/2026]',3.50132,5.251261,2.541667,4.296244,4.610755E-10,4.610755E-10,2.470265,-7.901729
'[19:15:17.124 21/01/2026]',-4.277648,-3.92411,-4.890657,-6.868179,4.610755E-10,4.610755E-10,-9.079349,15.80918
'[19:15:17.132 21/01/2026]',5.182133,6.47266,5.85318,8.181145,4.610755E-10,4.610755E-10,9.535002,0.8692158
'[19:15:17.140 21/01/2026]',-2.720615,-3.733965,-2.082733,-1.472414,4.610755E-10,4.610755E-10,-0.3447044,-12.57692
'[19:15:17.148 21/01/2026]',-1.392974,-2.100904,-1.798625,-5.353652,4.610755E-10,4.610755E-10,-5.519983,5.137721
'[19:15:17.156 21/01/2026]',1.712862,2.41469,0.954269,2.589912,4.610755E-10,4.610755E-10,1.511065,10.99119
'[19:15:17.164 21/01/2026]',0.3617194,0.5222923,0.8910008,1.562066,4.610755E-10,4.610755E-10,2.199526,5.442562
'[19:15:17.172 21/01/2026]',-3.73198,-4.716478,-3.058119,-5.541654,4.610755E-10,4.610755E-10,-2.925686,-29.34205
'[19:15:17.180 21/01/2026]',-3.73198,-4.716478,-3.058119,-5.541654,4.610755E-10,4.610755E-10,-2.925686,-29.34205
'[19:15:17.188 21/01/2026]',2.809625,3.303986,1.840214,3.545352,4.610755E-10,4.610755E-10,0.8334981,13.23308
'[19:15:17.196 21/01/2026]',0.8454984,1.385403,2.438776,4.455083,4.610755E-10,4.610755E-10,4.317916,4.711584
'[19:15:17.204 21/01/2026]',-1.257053,-2.443608,-3.368224,-7.438196,4.610755E-10,4.610755E-10,-6.95969,-15.00796
'[19:15:17.212 21/01/2026]',-1.257053,-2.443608,-3.368224,-7.438196,4.610755E-10,4.610755E-10,-6.95969,-15.00796
'[19:15:17.220 21/01/2026]',-1.257053,-2.443608,-3.368224,-7.438196,4.610755E-10,4.610755E-10,-6.95969,-15.00796
'[19:15:17.228 21/01/2026]',-13.10047,-15.48096,-4.639756,-7.009521,4.610755E-10,4.610755E-10,1.182836,6.237931
'[19:15:17.236 21/01/2026]',22.61379,27.88326,10.68655,17.55667,4.610755E-10,4.610755E-10,5.879194,-6.58941
'[19:15:17.244 21/01/2026]',-3.659014,-4.839441,-3.117544,-5.997178,4.610755E-10,4.610755E-10,-3.740703,7.315087
'[19:15:17.252 21/01/2026]',-9.460203,-10.83144,-2.264702,-2.936162,4.610755E-10,4.610755E-10,-0.05029243,-1.256506
'[19:15:17.260 21/01/2026]',2.255439,2.503308,0.1018361,1.350319,4.610755E-10,4.610755E-10,-0.3035129,4.525623
'[19:15:17.268 21/01/2026]',3.453005,4.270583,0.5660459,2.332229,4.610755E-10,4.610755E-10,-1.417606,-4.671472
'[19:15:17.276 21/01/2026]',-0.288224,-0.8003919,0.139437,-3.030755,4.610755E-10,4.610755E-10,3.729864,16.60698
'[19:15:17.284 21/01/2026]',-1.605453,-1.600836,0.7152434,0.1052511,4.610755E-10,4.610755E-10,-1.133773,1.675149
'[19:15:17.292 21/01/2026]',-1.521473,-1.272135,-2.642305,0.7939809,4.610755E-10,4.610755E-10,-5.050728,-21.4438
'[19:15:17.300 21/01/2026]',-0.5523167,-2.720619,-0.5318899,-3.812591,4.610755E-10,4.610755E-10,2.098896,10.82485
'[19:15:17.308 21/01/2026]',-0.5523167,-2.720619,-0.5318899,-3.812591,4.610755E-10,4.610755E-10,2.098896,10.82485
'[19:15:17.316 21/01/2026]',5.375334,8.478114,4.269635,7.658348,4.610755E-10,4.610755E-10,5.485326,7.487256
'[19:15:17.324 21/01/2026]',-4.18456,-5.582644,-3.397262,-5.61791,4.610755E-10,4.610755E-10,-7.110456,-12.69117
'[19:15:17.332 21/01/2026]',1.374652,0.6997485,1.098529,0.2770239,4.610755E-10,4.610755E-10,2.361181,-1.82409
'[19:15:17.340 21/01/2026]',-0.730669,1.260116,-0.8000843,1.31468,4.610755E-10,4.610755E-10,1.00444,-3.355243
'[19:15:17.348 21/01/2026]',-0.3344254,-0.452387,0.1086147,2.198573,4.610755E-10,4.610755E-10,0.2415002,10.85994
'[19:15:17.356 21/01/2026]',-0.9354545,-3.500742,-1.462701,-5.791543,4.610755E-10,4.610755E-10,-3.012615,-3.335835
'[19:15:17.364 21/01/2026]',-0.9354545,-3.500742,-1.462701,-5.791543,4.610755E-10,4.610755E-10,-3.012615,-3.335835
'[19:15:17.372 21/01/2026]',1.314819,3.873322,2.509332,2.740327,4.610755E-10,4.610755E-10,-0.2117931,-11.25369
'[19:15:17.380 21/01/2026]',1.314819,3.873322,2.509332,2.740327,4.610755E-10,4.610755E-10,-0.2117931,-11.25369
'[19:15:17.388 21/01/2026]',1.552351,2.395914,0.1254813,4.464745,4.610755E-10,4.610755E-10,4.466996,38.96453
'[19:15:17.396 21/01/2026]',1.552351,2.395914,0.1254813,4.464745,4.610755E-10,4.610755E-10,4.466996,38.96453
'[19:15:17.404 21/01/2026]',1.552351,2.395914,0.1254813,4.464745,4.610755E-10,4.610755E-10,4.466996,38.96453
'[19:15:17.412 21/01/2026]',-0.7229037,-4.293923,-0.5430171,-4.329243,4.610755E-10,4.610755E-10,-3.211562,-28.18984
'[19:15:17.420 21/01/2026]',-0.7229037,-4.293923,-0.5430171,-4.329243,4.610755E-10,4.610755E-10,-3.211562,-28.18984
'[19:15:17.428 21/01/2026]',-0.7229037,-4.293923,-0.5430171,-4.329243,4.610755E-10,4.610755E-10,-3.211562,-28.18984
'[19:15:17.436 21/01/2026]',-0.7229037,-4.293923,-0.5430171,-4.329243,4.610755E-10,4.610755E-10,-3.211562,-28.18984
'[19:15:17.444 21/01/2026]',-3.085618,-0.1575349,-2.015653,-0.4077117,4.610755E-10,4.610755E-10,-1.904232,5.729568
'[19:15:17.452 21/01/2026]',-3.085618,-0.1575349,-2.015653,-0.4077117,4.610755E-10,4.610755E-10,-1.904232,5.729568
'[19:15:17.460 21/01/2026]',1.875964,2.18628,1.172256,1.792583,4.610755E-10,4.610755E-10,1.740112,14.91028
'[19:15:17.468 21/01/2026]',-1.472502,-1.946865,-1.482603,-2.818418,4.610755E-10,4.610755E-10,-0.4851373,-14.15631
'[19:15:17.476 21/01/2026]',-1.472502,-1.946865,-1.482603,-2.818418,4.610755E-10,4.610755E-10,-0.4851373,-14.15631
'[19:15:17.484 21/01/2026]',3.337611,3.022481,3.781408,2.63757,4.610755E-10,4.610755E-10,2.591346,4.469285
'[19:15:17.492 21/01/2026]',3.337611,3.022481,3.781408,2.63757,4.610755E-10,4.610755E-10,2.591346,4.469285
'[19:15:17.500 21/01/2026]',-1.963755,-2.978317,-2.072173,-0.4643281,4.610755E-10,4.610755E-10,-0.3372025,-13.75234
'[19:15:17.508 21/01/2026]',-3.625528,-3.251284,-2.315741,-1.863489,4.610755E-10,4.610755E-10,-2.626713,1.755589
'[19:15:17.516 21/01/2026]',-3.625528,-3.251284,-2.315741,-1.863489,4.610755E-10,4.610755E-10,-2.626713,1.755589
'[19:15:17.524 21/01/2026]',-3.625528,-3.251284,-2.315741,-1.863489,4.610755E-10,4.610755E-10,-2.626713,1.755589
'[19:15:17.532 21/01/2026]',-3.625528,-3.251284,-2.315741,-1.863489,4.610755E-10,4.610755E-10,-2.626713,1.755589
'[19:15:17.540 21/01/2026]',5.035261,4.684886,4.878457,2.080082,4.610755E-10,4.610755E-10,0.7923818,-4.193513
'[19:15:17.548 21/01/2026]',5.035261,4.684886,4.878457,2.080082,4.610755E-10,4.610755E-10,0.7923818,-4.193513
'[19:15:17.556 21/01/2026]',0.6908764,2.582909,-1.328066,-0.661677,4.610755E-10,4.610755E-10,1.784354,-3.134903
'[19:15:17.564 21/01/2026]',0.6908764,2.582909,-1.328066,-0.661677,4.610755E-10,4.610755E-10,1.784354,-3.134903
'[19:15:17.572 21/01/2026]',-6.992465,-7.541045,-5.82155,-2.579854,4.610755E-10,4.610755E-10,-1.89077,7.954784
'[19:15:17.580 21/01/2026]',-6.992465,-7.541045,-5.82155,-2.579854,4.610755E-10,4.610755E-10,-1.89077,7.954784
'[19:15:17.588 21/01/2026]',5.30724,5.916185,7.169229,4.34693,4.610755E-10,4.610755E-10,1.961739,1.249829
'[19:15:17.596 21/01/2026]',5.30724,5.916185,7.169229,4.34693,4.610755E-10,4.610755E-10,1.961739,1.249829
'[19:15:17.604 21/01/2026]',0.8024771,-0.6573415,-0.5575117,-0.8699102,4.610755E-10,4.610755E-10,-2.072374,-11.0197
'[19:15:17.612 21/01/2026]',0.8024771,-0.6573415,-0.5575117,-0.8699102,4.610755E-10,4.610755E-10,-2.072374,-11.0197
'[19:15:17.620 21/01/2026]',0.8024771,-0.6573415,-0.5575117,-0.8699102,4.610755E-10,4.610755E-10,-2.072374,-11.0197
'[19:15:17.628 21/01/2026]',0.8024771,-0.6573415,-0.5575117,-0.8699102,4.610755E-10,4.610755E-10,-2.072374,-11.0197
'[19:15:17.636 21/01/2026]',-2.85127,-2.094842,-4.488401,-1.755942,4.610755E-10,4.610755E-10,1.065632,23.57224
'[19:15:17.644 21/01/2026]',1.499816,1.764676,3.034711,2.027711,4.610755E-10,4.610755E-10,1.67123,-7.609584
'[19:15:17.652 21/01/2026]',-0.8387489,-1.115941,-0.8930759,-2.410749,4.610755E-10,4.610755E-10,-3.580374,-5.429833
'[19:15:17.660 21/01/2026]',-0.8387489,-1.115941,-0.8930759,-2.410749,4.610755E-10,4.610755E-10,-3.580374,-5.429833
'[19:15:17.668 21/01/2026]',0.8411496,0.13924,1.072356,2.762741,4.610755E-10,4.610755E-10,1.833547,19.04503
'[19:15:17.676 21/01/2026]',0.8411496,0.13924,1.072356,2.762741,4.610755E-10,4.610755E-10,1.833547,19.04503
'[19:15:17.684 21/01/2026]',-2.786726,-2.316571,-2.953518,-4.869338,4.610755E-10,4.610755E-10,0.1151144,-36.29989
'[19:15:17.692 21/01/2026]',-2.786726,-2.316571,-2.953518,-4.869338,4.610755E-10,4.610755E-10,0.1151144,-36.29989
'[19:15:17.700 21/01/2026]',2.047211,2.67221,2.646882,5.008249,4.610755E-10,4.610755E-10,1.934117,18.23468
'[19:15:17.708 21/01/2026]',2.047211,2.67221,2.646882,5.008249,4.610755E-10,4.610755E-10,1.934117,18.23468
'[19:15:17.716 21/01/2026]',2.047211,2.67221,2.646882,5.008249,4.610755E-10,4.610755E-10,1.934117,18.23468
'[19:15:17.724 21/01/2026]',-7.877131,-12.214,-3.022542,-1.918067,4.610755E-10,4.610755E-10,-3.414871,-3.171793
'[19:15:17.732 21/01/2026]',-7.877131,-12.214,-3.022542,-1.918067,4.610755E-10,4.610755E-10,-3.414871,-3.171793
'[19:15:17.740 21/01/2026]',-17.64429,-31.01383,-6.83146,-15.38247,4.610755E-10,4.610755E-10,-4.081184,5.307892
'[19:15:17.748 21/01/2026]',-17.64429,-31.01383,-6.83146,-15.38247,4.610755E-10,4.610755E-10,-4.081184,5.307892
'[19:15:17.756 21/01/2026]',53.16308,81.1187,18.37874,25.55279,4.610755E-10,4.610755E-10,7.848782,-23.07456
'[19:15:17.764 21/01/2026]',53.16308,81.1187,18.37874,25.55279,4.610755E-10,4.610755E-10,7.848782,-23.07456
'[19:15:17.772 21/01/2026]',-6.56415,-8.578288,0.1933691,0.1941283,4.610755E-10,4.610755E-10,0.7701998,18.20547
'[19:15:17.780 21/01/2026]',-6.56415,-8.578288,0.1933691,0.1941283,4.610755E-10,4.610755E-10,0.7701998,18.20547
'[19:15:17.788 21/01/2026]',-6.56415,-8.578288,0.1933691,0.1941283,4.610755E-10,4.610755E-10,0.7701998,18.20547
'[19:15:17.796 21/01/2026]',-6.56415,-8.578288,0.1933691,0.1941283,4.610755E-10,4.610755E-10,0.7701998,18.20547
'[19:15:17.804 21/01/2026]',-6.56415,-8.578288,0.1933691,0.1941283,4.610755E-10,4.610755E-10,0.7701998,18.20547
'[19:15:17.812 21/01/2026]',-35.07968,-50.02049,-14.5302,-16.39149,4.610755E-10,4.610755E-10,-7.172333,-18.40332
'[19:15:17.820 21/01/2026]',13.834,19.24131,4.341908,6.1764,4.610755E-10,4.610755E-10,4.939208,10.37909
'[19:15:17.828 21/01/2026]',6.216081,11.74514,4.26426,3.857527,4.610755E-10,4.610755E-10,1.653657,13.9203
'[19:15:17.836 21/01/2026]',-3.215594,-7.606867,-2.547094,-5.011435,4.610755E-10,4.610755E-10,-3.475968,-17.45827
'[19:15:17.844 21/01/2026]',-4.604776,-0.2687065,-1.172412,4.876996,4.610755E-10,4.610755E-10,0.8373646,17.14969
'[19:15:17.852 21/01/2026]',4.681098,0.8342839,3.218401,-0.002744383,4.610755E-10,4.610755E-10,2.597148,2.901436
'[19:15:17.860 21/01/2026]',-6.469071,-8.42528,-6.902419,-9.846747,4.610755E-10,4.610755E-10,-6.418852,-14.95002
'[19:15:17.868 21/01/2026]',3.003125,8.114388,3.984824,8.800012,4.610755E-10,4.610755E-10,6.408261,0.5041241
'[19:15:17.876 21/01/2026]',3.003125,8.114388,3.984824,8.800012,4.610755E-10,4.610755E-10,6.408261,0.5041241
'[19:15:17.884 21/01/2026]',3.110366,0.6507557,4.022727,3.396621,4.610755E-10,4.610755E-10,1.032991,1.961619
'[19:15:17.892 21/01/2026]',-3.368209,-4.445158,-3.49105,-8.037852,4.610755E-10,4.610755E-10,-5.290031,-7.55993
'[19:15:17.900 21/01/2026]',-3.368209,-4.445158,-3.49105,-8.037852,4.610755E-10,4.610755E-10,-5.290031,-7.55993
'[19:15:17.908 21/01/2026]',-0.2421454,1.405213,-3.426697,0.9021115,4.610755E-10,4.610755E-10,2.058702,-4.602985
'[19:15:17.916 21/01/2026]',0.8584937,0.4101381,3.846478,4.034819,4.610755E-10,4.610755E-10,0.9559227,9.907733
'[19:15:17.924 21/01/2026]',-0.05327861,-1.055578,1.138857,-1.336351,4.610755E-10,4.610755E-10,0.5321705,-9.126957
'[19:15:17.932 21/01/2026]',-0.6467884,-0.634276,-3.054328,-2.915317,4.610755E-10,4.610755E-10,-1.545063,-11.2242
'[19:15:17.940 21/01/2026]',0.04600212,2.264407,1.544514,3.764613,4.610755E-10,4.610755E-10,-0.05201172,3.879437
'[19:15:17.948 21/01/2026]',1.130637,0.2928654,0.1103187,-1.452044,4.610755E-10,4.610755E-10,2.094256,2.926385
'[19:15:17.956 21/01/2026]',-2.623445,-4.386495,-2.202398,-2.757558,4.610755E-10,4.610755E-10,-1.725242,-12.95681
'[19:15:17.964 21/01/2026]',2.479955,2.951852,2.708492,1.957511,4.610755E-10,4.610755E-10,-0.7763144,13.10294
'[19:15:17.972 21/01/2026]',-2.529056,-13.27942,1.237541,-0.242689,4.610755E-10,4.610755E-10,1.266117,-9.177865
'[19:15:17.980 21/01/2026]',0.3919317,10.62731,-2.998393,0.3725975,4.610755E-10,4.610755E-10,-1.144501,-17.55842
'[19:15:17.988 21/01/2026]',1.533252,10.15222,-0.4912337,1.915735,4.610755E-10,4.610755E-10,1.493418,24.16324
'[19:15:17.996 21/01/2026]',-1.72618,-13.36543,1.762777,-1.632447,4.610755E-10,4.610755E-10,-0.02644814,-0.2370657
'[19:15:18.004 21/01/2026]',-2.205405,-0.1777515,-3.182164,-3.691022,4.610755E-10,4.610755E-10,-2.048212,-7.667652
'[19:15:18.012 21/01/2026]',3.784567,6.427927,2.365804,5.030286,4.610755E-10,4.610755E-10,0.992263,11.56511
'[19:15:18.020 21/01/2026]',2.519078,4.322041,3.477733,2.851473,4.610755E-10,4.610755E-10,2.589869,-2.793753
'[19:15:18.028 21/01/2026]',-12.44424,-16.21782,-12.02672,-11.72469,4.610755E-10,4.610755E-10,-8.437438,10.64646
'[19:15:18.036 21/01/2026]',11.54956,11.93999,10.8747,10.63577,4.610755E-10,4.610755E-10,10.1624,-12.13873
'[19:15:18.044 21/01/2026]',-0.7998878,0.8908862,0.1355478,0.5110063,4.610755E-10,4.610755E-10,-0.9263572,-0.4203392
'[19:15:18.052 21/01/2026]',-4.132137,-4.514451,-7.250602,-6.075554,4.610755E-10,4.610755E-10,-4.973804,1.838476
'[19:15:18.060 21/01/2026]',1.549381,1.336875,5.468006,2.645745,4.610755E-10,4.610755E-10,2.015188,-14.65258
'[19:15:18.068 21/01/2026]',1.549381,1.336875,5.468006,2.645745,4.610755E-10,4.610755E-10,2.015188,-14.65258
'[19:15:18.076 21/01/2026]',0.5066436,0.7754683,-0.1573596,-0.3588019,4.610755E-10,4.610755E-10,1.339313,10.58164
'[19:15:18.084 21/01/2026]',0.5066436,0.7754683,-0.1573596,-0.3588019,4.610755E-10,4.610755E-10,1.339313,10.58164
'[19:15:18.092 21/01/2026]',0.5066436,0.7754683,-0.1573596,-0.3588019,4.610755E-10,4.610755E-10,1.339313,10.58164
'[19:15:18.100 21/01/2026]',0.5066436,0.7754683,-0.1573596,-0.3588019,4.610755E-10,4.610755E-10,1.339313,10.58164
'[19:15:18.108 21/01/2026]',0.5066436,0.7754683,-0.1573596,-0.3588019,4.610755E-10,4.610755E-10,1.339313,10.58164
'[19:15:18.116 21/01/2026]',0.04687511,-1.977734,-1.632814,-0.07570638,4.610755E-10,4.610755E-10,-2.749779,1.026714
'[19:15:18.124 21/01/2026]',-6.028986,9.163302,-3.250594,1.581309,4.610755E-10,4.610755E-10,4.30767,-6.36916
'[19:15:18.132 21/01/2026]',7.015726,4.49539,4.497085,2.177405,4.610755E-10,4.610755E-10,0.327622,6.201798
'[19:15:18.140 21/01/2026]',7.015726,4.49539,4.497085,2.177405,4.610755E-10,4.610755E-10,0.327622,6.201798
'[19:15:18.148 21/01/2026]',1.386729,-24.43159,0.9563881,-4.803771,4.610755E-10,4.610755E-10,-6.851722,8.396003
'[19:15:18.156 21/01/2026]',1.386729,-24.43159,0.9563881,-4.803771,4.610755E-10,4.610755E-10,-6.851722,8.396003
'[19:15:18.164 21/01/2026]',-6.015429,9.158768,-3.798887,0.2971696,4.610755E-10,4.610755E-10,3.633065,-12.42354
'[19:15:18.172 21/01/2026]',-6.015429,9.158768,-3.798887,0.2971696,4.610755E-10,4.610755E-10,3.633065,-12.42354
'[19:15:18.180 21/01/2026]',-0.3638932,5.443067,-0.8601874,0.680087,4.610755E-10,4.610755E-10,0.9166566,20.91032
'[19:15:18.188 21/01/2026]',-0.3638932,5.443067,-0.8601874,0.680087,4.610755E-10,4.610755E-10,0.9166566,20.91032
'[19:15:18.196 21/01/2026]',3.002917,-4.46483,3.065519,-0.1073551,4.610755E-10,4.610755E-10,-0.3761453,-23.44643
'[19:15:18.204 21/01/2026]',3.002917,-4.46483,3.065519,-0.1073551,4.610755E-10,4.610755E-10,-0.3761453,-23.44643
'[19:15:18.212 21/01/2026]',3.002917,-4.46483,3.065519,-0.1073551,4.610755E-10,4.610755E-10,-0.3761453,-23.44643
'[19:15:18.220 21/01/2026]',0.6784382,0.4440202,1.058103,-0.5892882,4.610755E-10,4.610755E-10,0.07347637,6.756046
'[19:15:18.228 21/01/2026]',-5.187427,-2.129057,-6.290323,-3.647673,4.610755E-10,4.610755E-10,-2.922159,-0.5037972
'[19:15:18.236 21/01/2026]',-5.187427,-2.129057,-6.290323,-3.647673,4.610755E-10,4.610755E-10,-2.922159,-0.5037972
'[19:15:18.244 21/01/2026]',-5.187427,-2.129057,-6.290323,-3.647673,4.610755E-10,4.610755E-10,-2.922159,-0.5037972
'[19:15:18.252 21/01/2026]',5.862628,-1.036546,4.632824,5.702919,4.610755E-10,4.610755E-10,0.8862007,-1.6574
'[19:15:18.260 21/01/2026]',5.862628,-1.036546,4.632824,5.702919,4.610755E-10,4.610755E-10,0.8862007,-1.6574
'[19:15:18.268 21/01/2026]',5.862628,-1.036546,4.632824,5.702919,4.610755E-10,4.610755E-10,0.8862007,-1.6574
'[19:15:18.276 21/01/2026]',5.862628,-1.036546,4.632824,5.702919,4.610755E-10,4.610755E-10,0.8862007,-1.6574
'[19:15:18.284 21/01/2026]',5.862628,-1.036546,4.632824,5.702919,4.610755E-10,4.610755E-10,0.8862007,-1.6574
'[19:15:18.292 21/01/2026]',-9.106183,-29.91111,-0.9059574,-12.14822,4.610755E-10,4.610755E-10,-0.6176661,-13.85072
'[19:15:18.300 21/01/2026]',14.89958,55.72042,2.524641,16.41774,4.610755E-10,4.610755E-10,2.521541,-1.106204
'[19:15:18.308 21/01/2026]',-8.73682,-14.04713,-4.9631,-6.221241,4.610755E-10,4.610755E-10,-2.554848,17.97197
'[19:15:18.316 21/01/2026]',-8.73682,-14.04713,-4.9631,-6.221241,4.610755E-10,4.610755E-10,-2.554848,17.97197
'[19:15:18.324 21/01/2026]',-4.732665,-24.60093,-0.4129257,-6.863005,4.610755E-10,4.610755E-10,0.5987425,-19.55258
'[19:15:18.332 21/01/2026]',7.487033,19.69452,4.370385,9.792959,4.610755E-10,4.610755E-10,1.608324,17.56324
'[19:15:18.340 21/01/2026]',7.487033,19.69452,4.370385,9.792959,4.610755E-10,4.610755E-10,1.608324,17.56324
'[19:15:18.348 21/01/2026]',-3.311816,-0.2316065,-3.63192,-4.749159,4.610755E-10,4.610755E-10,-3.191188,5.237639
'[19:15:18.356 21/01/2026]',-3.311816,-0.2316065,-3.63192,-4.749159,4.610755E-10,4.610755E-10,-3.191188,5.237639
'[19:15:18.364 21/01/2026]',-3.311816,-0.2316065,-3.63192,-4.749159,4.610755E-10,4.610755E-10,-3.191188,5.237639
'[19:15:18.372 21/01/2026]',1.246162,-2.312631,2.117394,3.076797,4.610755E-10,4.610755E-10,3.743816,12.19096
'[19:15:18.380 21/01/2026]',1.246162,-2.312631,2.117394,3.076797,4.610755E-10,4.610755E-10,3.743816,12.19096
'[19:15:18.388 21/01/2026]',-0.7974224,-2.499764,0.2725935,-2.867062,4.610755E-10,4.610755E-10,-2.014031,-22.52373
'[19:15:18.396 21/01/2026]',-0.7974224,-2.499764,0.2725935,-2.867062,4.610755E-10,4.610755E-10,-2.014031,-22.52373
'[19:15:18.404 21/01/2026]',-0.7974224,-2.499764,0.2725935,-2.867062,4.610755E-10,4.610755E-10,-2.014031,-22.52373
'[19:15:18.412 21/01/2026]',-0.6678662,0.2707491,-3.65308,0.00181755,4.610755E-10,4.610755E-10,-1.414816,-0.04467937
'[19:15:18.420 21/01/2026]',-0.6678662,0.2707491,-3.65308,0.00181755,4.610755E-10,4.610755E-10,-1.414816,-0.04467937
'[19:15:18.428 21/01/2026]',-1.414621,0.8831523,0.6687765,-0.6113094,4.610755E-10,4.610755E-10,1.21618,3.796453
'[19:15:18.436 21/01/2026]',-1.414621,0.8831523,0.6687765,-0.6113094,4.610755E-10,4.610755E-10,1.21618,3.796453
'[19:15:18.444 21/01/2026]',-1.414621,0.8831523,0.6687765,-0.6113094,4.610755E-10,4.610755E-10,1.21618,3.796453
'[19:15:18.452 21/01/2026]',-1.414621,0.8831523,0.6687765,-0.6113094,4.610755E-10,4.610755E-10,1.21618,3.796453
'[19:15:18.460 21/01/2026]',0.7357913,-1.091239,1.857951,1.163362,4.610755E-10,4.610755E-10,1.226688,20.44962
'[19:15:18.468 21/01/2026]',1.432572,0.7490433,-0.6932893,-0.2877026,4.610755E-10,4.610755E-10,0.5830482,-24.95533
'[19:15:18.476 21/01/2026]',-0.3941977,0.02000448,0.04368969,-2.16022,4.610755E-10,4.610755E-10,-3.113177,3.120219
'[19:15:18.484 21/01/2026]',-0.3941977,0.02000448,0.04368969,-2.16022,4.610755E-10,4.610755E-10,-3.113177,3.120219
'[19:15:18.492 21/01/2026]',-2.202996,-2.448179,-1.124163,0.6754138,4.610755E-10,4.610755E-10,-0.5799628,-5.224317
'[19:15:18.500 21/01/2026]',-2.202996,-2.448179,-1.124163,0.6754138,4.610755E-10,4.610755E-10,-0.5799628,-5.224317
'[19:15:18.508 21/01/2026]',1.401195,1.577687,0.6586989,0.4094279,4.610755E-10,4.610755E-10,3.258171,3.235972
'[19:15:18.516 21/01/2026]',1.401195,1.577687,0.6586989,0.4094279,4.610755E-10,4.610755E-10,3.258171,3.235972
'[19:15:18.524 21/01/2026]',3.456005,3.924711,3.307177,4.100804,4.610755E-10,4.610755E-10,2.33522,-6.615647
'[19:15:18.532 21/01/2026]',3.456005,3.924711,3.307177,4.100804,4.610755E-10,4.610755E-10,2.33522,-6.615647
'[19:15:18.540 21/01/2026]',3.456005,3.924711,3.307177,4.100804,4.610755E-10,4.610755E-10,2.33522,-6.615647
'[19:15:18.548 21/01/2026]',-2.566109,-3.857315,-2.187388,-4.401858,4.610755E-10,4.610755E-10,-3.442792,-1.734005
'[19:15:18.556 21/01/2026]',-2.441808,-1.678211,-2.948504,-3.082067,4.610755E-10,4.610755E-10,-2.187667,1.682493
'[19:15:18.564 21/01/2026]',-2.441808,-1.678211,-2.948504,-3.082067,4.610755E-10,4.610755E-10,-2.187667,1.682493
'[19:15:18.572 21/01/2026]',1.387656,1.715475,1.561868,6.778813,4.610755E-10,4.610755E-10,1.202353,13.05193
'[19:15:18.580 21/01/2026]',-8.08555,-10.97512,-1.55126,-4.78905,4.610755E-10,4.610755E-10,1.431713,-6.21231
'[19:15:18.588 21/01/2026]',-12.94686,-12.85198,-4.368363,-4.873224,4.610755E-10,4.610755E-10,-0.7629725,10.39364
'[19:15:18.596 21/01/2026]',-12.94686,-12.85198,-4.368363,-4.873224,4.610755E-10,4.610755E-10,-0.7629725,10.39364
'[19:15:18.604 21/01/2026]',32.12197,37.68602,9.251436,6.558373,4.610755E-10,4.610755E-10,-0.2562859,0.06782901
'[19:15:18.612 21/01/2026]',11.10766,16.72246,3.474562,8.294271,4.610755E-10,4.610755E-10,-0.2557029,-20.54595
'[19:15:18.620 21/01/2026]',-24.97941,-34.18325,-5.159227,-4.597397,4.610755E-10,4.610755E-10,-0.6870899,22.12698
'[19:15:18.628 21/01/2026]',-3.217921,-8.288534,-4.862525,-10.3476,4.610755E-10,4.610755E-10,2.534957,-17.00874
'[19:15:18.636 21/01/2026]',11.30093,21.43989,5.356995,9.877293,4.610755E-10,4.610755E-10,-0.3604683,6.437051
'[19:15:18.644 21/01/2026]',-1.086637,-4.925705,-0.3875089,-2.42267,4.610755E-10,4.610755E-10,-3.609783,14.29899
'[19:15:18.652 21/01/2026]',-8.306777,-8.055604,-2.728164,-4.324736,4.610755E-10,4.610755E-10,2.53007,-36.6035
'[19:15:18.660 21/01/2026]',-8.306777,-8.055604,-2.728164,-4.324736,4.610755E-10,4.610755E-10,2.53007,-36.6035
'[19:15:18.668 21/01/2026]',4.003887,3.180099,1.436265,4.999303,4.610755E-10,4.610755E-10,-2.730588,7.257241
'[19:15:18.676 21/01/2026]',1.374042,0.2989712,-0.6899095,-2.859338,4.610755E-10,4.610755E-10,1.716263,27.95115
'[19:15:18.684 21/01/2026]',-1.544267,1.310978,-1.187966,1.54989,4.610755E-10,4.610755E-10,-0.5543028,-14.14268
'[19:15:18.692 21/01/2026]',-1.544267,1.310978,-1.187966,1.54989,4.610755E-10,4.610755E-10,-0.5543028,-14.14268
'[19:15:18.700 21/01/2026]',-1.04661,-2.214677,1.92893,-1.674727,4.610755E-10,4.610755E-10,0.1474385,-1.967693
'[19:15:18.708 21/01/2026]',1.41269,0.07969862,0.2099524,1.78356,4.610755E-10,4.610755E-10,-1.76913,5.061142
'[19:15:18.716 21/01/2026]',0.2508374,2.364785,-1.139553,0.3219504,4.610755E-10,4.610755E-10,3.605339,-0.2477961
'[19:15:18.724 21/01/2026]',-0.5686343,-1.097332,0.2856877,-3.266281,4.610755E-10,4.610755E-10,-2.582749,3.477755
'[19:15:18.732 21/01/2026]',-0.4168012,-1.192412,-0.4479643,3.068758,4.610755E-10,4.610755E-10,-0.1927653,-4.000282
'[19:15:18.740 21/01/2026]',0.826313,1.930972,1.714038,1.300144,4.610755E-10,4.610755E-10,1.585429,-8.609411
'[19:15:18.748 21/01/2026]',-1.444889,-3.19435,-2.511808,-4.916322,4.610755E-10,4.610755E-10,-0.6153294,8.944427
'[19:15:18.756 21/01/2026]',0.09915344,1.091503,-0.08081497,3.341455,4.610755E-10,4.610755E-10,-2.425895,-21.50559
'[19:15:18.764 21/01/2026]',-0.8845503,-0.1542681,2.665342,0.01090438,4.610755E-10,4.610755E-10,4.164259,9.283622
'[19:15:18.772 21/01/2026]',-23.69537,-33.03563,-13.26429,-13.00413,4.610755E-10,4.610755E-10,-8.48212,-4.701458
'[19:15:18.780 21/01/2026]',-23.69537,-33.03563,-13.26429,-13.00413,4.610755E-10,4.610755E-10,-8.48212,-4.701458
'[19:15:18.788 21/01/2026]',12.27188,8.337083,5.537538,3.585513,4.610755E-10,4.610755E-10,3.821421,2.384256
'[19:15:18.796 21/01/2026]',57.87059,90.09746,22.1891,26.70626,4.610755E-10,4.610755E-10,7.953946,4.514183
'[19:15:18.804 21/01/2026]',-38.73116,-57.89903,-11.53575,-13.06254,4.610755E-10,4.610755E-10,-4.323021,3.813427
'[19:15:18.812 21/01/2026]',-27.70454,-37.8252,-14.58282,-16.22499,4.610755E-10,4.610755E-10,-4.156967,-24.05949
'[19:15:18.820 21/01/2026]',21.76276,35.41954,7.730876,11.71137,4.610755E-10,4.610755E-10,3.263515,30.99332
'[19:15:18.828 21/01/2026]',21.76276,35.41954,7.730876,11.71137,4.610755E-10,4.610755E-10,3.263515,30.99332
'[19:15:18.836 21/01/2026]',6.65531,5.246719,4.492367,2.708269,4.610755E-10,4.610755E-10,0.4811435,6.488202
'[19:15:18.844 21/01/2026]',6.65531,5.246719,4.492367,2.708269,4.610755E-10,4.610755E-10,0.4811435,6.488202
'[19:15:18.852 21/01/2026]',-10.48973,-15.15752,-5.512719,-7.554963,4.610755E-10,4.610755E-10,-3.538814,-45.41359
'[19:15:18.860 21/01/2026]',-10.48973,-15.15752,-5.512719,-7.554963,4.610755E-10,4.610755E-10,-3.538814,-45.41359
'[19:15:18.868 21/01/2026]',-0.5417171,0.7634054,2.577822,5.077886,4.610755E-10,4.610755E-10,3.279799,19.31914
'[19:15:18.876 21/01/2026]',-0.5417171,0.7634054,2.577822,5.077886,4.610755E-10,4.610755E-10,3.279799,19.31914
'[19:15:18.884 21/01/2026]',-0.5417171,0.7634054,2.577822,5.077886,4.610755E-10,4.610755E-10,3.279799,19.31914
'[19:15:18.892 21/01/2026]',4.724369,6.547413,1.022528,2.394998,4.610755E-10,4.610755E-10,-0.1010838,30.98794
'[19:15:18.900 21/01/2026]',4.724369,6.547413,1.022528,2.394998,4.610755E-10,4.610755E-10,-0.1010838,30.98794
'[19:15:18.908 21/01/2026]',-1.829015,-2.045326,-1.893521,-3.93639,4.610755E-10,4.610755E-10,-1.328894,-24.29444
'[19:15:18.916 21/01/2026]',-1.829015,-2.045326,-1.893521,-3.93639,4.610755E-10,4.610755E-10,-1.328894,-24.29444
'[19:15:18.924 21/01/2026]',-1.829015,-2.045326,-1.893521,-3.93639,4.610755E-10,4.610755E-10,-1.328894,-24.29444
'[19:15:18.932 21/01/2026]',-1.829015,-2.045326,-1.893521,-3.93639,4.610755E-10,4.610755E-10,-1.328894,-24.29444
'[19:15:18.940 21/01/2026]',-1.176672,-3.450431,0.343707,-0.4987991,4.610755E-10,4.610755E-10,0.9667469,-1.305798
'[19:15:18.948 21/01/2026]',-4.484569,9.134041,-2.743637,5.070759,4.610755E-10,4.610755E-10,1.097518,23.08202
'[19:15:18.956 21/01/2026]',-4.484569,9.134041,-2.743637,5.070759,4.610755E-10,4.610755E-10,1.097518,23.08202
'[19:15:18.964 21/01/2026]',5.597752,3.6735,2.787072,0.7098207,4.610755E-10,4.610755E-10,1.129139,-2.838448
'[19:15:18.972 21/01/2026]',5.747635,-17.50245,5.524667,-7.241838,4.610755E-10,4.610755E-10,-2.125529,-20.29097
'[19:15:18.980 21/01/2026]',5.747635,-17.50245,5.524667,-7.241838,4.610755E-10,4.610755E-10,-2.125529,-20.29097
'[19:15:18.988 21/01/2026]',-11.43846,3.62906,-7.779502,2.721955,4.610755E-10,4.610755E-10,-1.548567,1.301787
'[19:15:18.996 21/01/2026]',-11.43846,3.62906,-7.779502,2.721955,4.610755E-10,4.610755E-10,-1.548567,1.301787
'[19:15:19.004 21/01/2026]',-11.43846,3.62906,-7.779502,2.721955,4.610755E-10,4.610755E-10,-1.548567,1.301787
'[19:15:19.012 21/01/2026]',0.5276278,4.274264,-1.459968,-1.402575,4.610755E-10,4.610755E-10,0.01715204,9.52182
'[19:15:19.020 21/01/2026]',0.5276278,4.274264,-1.459968,-1.402575,4.610755E-10,4.610755E-10,0.01715204,9.52182
'[19:15:19.028 21/01/2026]',5.420377,-1.842035,3.680871,-0.1648103,4.610755E-10,4.610755E-10,-0.5252067,-12.52214
'[19:15:19.036 21/01/2026]',5.420377,-1.842035,3.680871,-0.1648103,4.610755E-10,4.610755E-10,-0.5252067,-12.52214
'[19:15:19.044 21/01/2026]',3.107968,4.104266,4.091757,4.772165,4.610755E-10,4.610755E-10,4.486919,4.078395
'[19:15:19.052 21/01/2026]',3.107968,4.104266,4.091757,4.772165,4.610755E-10,4.610755E-10,4.486919,4.078395
'[19:15:19.060 21/01/2026]',3.107968,4.104266,4.091757,4.772165,4.610755E-10,4.610755E-10,4.486919,4.078395
'[19:15:19.068 21/01/2026]',-11.05285,-10.02421,-8.16257,-7.668115,4.610755E-10,4.610755E-10,-5.884098,-16.56553
'[19:15:19.076 21/01/2026]',-11.05285,-10.02421,-8.16257,-7.668115,4.610755E-10,4.610755E-10,-5.884098,-16.56553
'[19:15:19.084 21/01/2026]',8.102363,9.611715,6.242912,6.357914,4.610755E-10,4.610755E-10,5.904943,9.879365
'[19:15:19.092 21/01/2026]',8.102363,9.611715,6.242912,6.357914,4.610755E-10,4.610755E-10,5.904943,9.879365
'[19:15:19.100 21/01/2026]',1.13665,-2.12467,-0.52196,-0.9951709,4.610755E-10,4.610755E-10,-3.091562,-4.73661
'[19:15:19.108 21/01/2026]',1.13665,-2.12467,-0.52196,-0.9951709,4.610755E-10,4.610755E-10,-3.091562,-4.73661
'[19:15:19.116 21/01/2026]',1.13665,-2.12467,-0.52196,-0.9951709,4.610755E-10,4.610755E-10,-3.091562,-4.73661
'[19:15:19.124 21/01/2026]',1.13665,-2.12467,-0.52196,-0.9951709,4.610755E-10,4.610755E-10,-3.091562,-4.73661
'[19:15:19.132 21/01/2026]',1.13665,-2.12467,-0.52196,-0.9951709,4.610755E-10,4.610755E-10,-3.091562,-4.73661
'[19:15:19.140 21/01/2026]',-8.524868,-7.040029,-4.0185,-2.362551,4.610755E-10,4.610755E-10,2.110946,14.64966
'[19:15:19.148 21/01/2026]',-8.524868,-7.040029,-4.0185,-2.362551,4.610755E-10,4.610755E-10,2.110946,14.64966
'[19:15:19.156 21/01/2026]',-18.16054,-21.8695,-5.534367,-5.609687,4.610755E-10,4.610755E-10,-4.377789,-4.24438
'[19:15:19.164 21/01/2026]',16.61242,1.704684,4.489539,-0.8589336,4.610755E-10,4.610755E-10,-1.845053,-11.03638
'[19:15:19.172 21/01/2026]',16.61242,1.704684,4.489539,-0.8589336,4.610755E-10,4.610755E-10,-1.845053,-11.03638
'[19:15:19.180 21/01/2026]',43.18034,70.1105,16.71472,22.33659,4.610755E-10,4.610755E-10,7.983237,23.55983
'[19:15:19.188 21/01/2026]',-32.83609,-30.13618,-12.20176,-10.68507,4.610755E-10,4.610755E-10,-3.769455,-12.32329
'[19:15:19.196 21/01/2026]',-32.83609,-30.13618,-12.20176,-10.68507,4.610755E-10,4.610755E-10,-3.769455,-12.32329
'[19:15:19.204 21/01/2026]',-17.73662,-37.77224,-7.616846,-12.20596,4.610755E-10,4.610755E-10,-3.175754,-6.109501
'[19:15:19.212 21/01/2026]',-17.73662,-37.77224,-7.616846,-12.20596,4.610755E-10,4.610755E-10,-3.175754,-6.109501
'[19:15:19.220 21/01/2026]',17.87583,24.19002,8.099879,10.57239,4.610755E-10,4.610755E-10,5.231047,-2.505855
'[19:15:19.228 21/01/2026]',17.87583,24.19002,8.099879,10.57239,4.610755E-10,4.610755E-10,5.231047,-2.505855
'[19:15:19.236 21/01/2026]',17.87583,24.19002,8.099879,10.57239,4.610755E-10,4.610755E-10,5.231047,-2.505855
'[19:15:19.244 21/01/2026]',-9.628802,0.5001238,-4.717131,-5.482334,4.610755E-10,4.610755E-10,-2.982027,-4.000957
'[19:15:19.252 21/01/2026]',17.42001,4.730305,7.96503,5.564593,4.610755E-10,4.610755E-10,-2.134636,-4.323654
'[19:15:19.260 21/01/2026]',17.42001,4.730305,7.96503,5.564593,4.610755E-10,4.610755E-10,-2.134636,-4.323654
'[19:15:19.268 21/01/2026]',-11.56146,-7.961993,-4.72841,-2.928001,4.610755E-10,4.610755E-10,4.092116,2.018463
'[19:15:19.276 21/01/2026]',-11.56146,-7.961993,-4.72841,-2.928001,4.610755E-10,4.610755E-10,4.092116,2.018463
'[19:15:19.284 21/01/2026]',-11.56146,-7.961993,-4.72841,-2.928001,4.610755E-10,4.610755E-10,4.092116,2.018463
'[19:15:19.292 21/01/2026]',-11.56146,-7.961993,-4.72841,-2.928001,4.610755E-10,4.610755E-10,4.092116,2.018463
'[19:15:19.300 21/01/2026]',-2.918116,-0.7087485,-1.315176,0.2900784,4.610755E-10,4.610755E-10,-1.305477,-3.470161
'[19:15:19.308 21/01/2026]',5.057773,4.751492,2.295914,-0.3212997,4.610755E-10,4.610755E-10,-1.267534,-12.06682
'[19:15:19.316 21/01/2026]',-1.309727,-3.214849,-0.1152625,0.3831161,4.610755E-10,4.610755E-10,0.4533868,30.16603
'[19:15:19.324 21/01/2026]',-1.43639,-0.9317672,-1.992082,-0.03551083,4.610755E-10,4.610755E-10,1.639551,-7.289397
'[19:15:19.332 21/01/2026]',2.161149,5.153405,1.411319,1.991344,4.610755E-10,4.610755E-10,-0.8718369,-17.04925
'[19:15:19.340 21/01/2026]',-3.784582,-6.621223,-1.936437,-4.405934,4.610755E-10,4.610755E-10,-2.672108,36.15921
'[19:15:19.348 21/01/2026]',0.102148,-2.190948,-0.4218697,1.001436,4.610755E-10,4.610755E-10,1.068454,-37.79071
'[19:15:19.356 21/01/2026]',0.102148,-2.190948,-0.4218697,1.001436,4.610755E-10,4.610755E-10,1.068454,-37.79071
'[19:15:19.364 21/01/2026]',4.732746,7.656445,2.810793,3.924631,4.610755E-10,4.610755E-10,1.803771,13.6292
'[19:15:19.372 21/01/2026]',-2.573333,-2.079157,-2.249994,-4.231469,4.610755E-10,4.610755E-10,-3.683126,4.545598
'[19:15:19.380 21/01/2026]',-0.4553688,-0.6256079,-0.8987728,-2.662915,4.610755E-10,4.610755E-10,-0.5642664,-20.2475
'[19:15:19.388 21/01/2026]',-0.4553688,-0.6256079,-0.8987728,-2.662915,4.610755E-10,4.610755E-10,-0.5642664,-20.2475
'[19:15:19.396 21/01/2026]',14.23908,11.43868,9.973903,13.15489,4.610755E-10,4.610755E-10,8.833864,20.48816
'[19:15:19.404 21/01/2026]',-14.89787,-11.48608,-9.154202,-8.574647,4.610755E-10,4.610755E-10,-8.758595,-13.82648
'[19:15:19.412 21/01/2026]',-8.851181,-8.910763,-5.529174,-9.597441,4.610755E-10,4.610755E-10,0.61414,2.136454
'[19:15:19.420 21/01/2026]',15.02676,12.36544,9.592985,13.48823,4.610755E-10,4.610755E-10,2.371399,-35.59511
'[19:15:19.428 21/01/2026]',-5.862952,-3.555123,-4.442113,-6.04366,4.610755E-10,4.610755E-10,1.058403,38.88674
'[19:15:19.436 21/01/2026]',-2.337612,-3.59217,0.1491508,-1.324361,4.610755E-10,4.610755E-10,-4.633102,6.842864
'[19:15:19.444 21/01/2026]',-14.4143,-14.88095,-5.594753,-3.049213,4.610755E-10,4.610755E-10,2.207437,-12.07023
'[19:15:19.452 21/01/2026]',-7.338599,-8.917632,-4.380137,-4.199801,4.610755E-10,4.610755E-10,0.2315934,-12.44778
'[19:15:19.460 21/01/2026]',62.69146,67.73982,26.55148,23.58554,4.610755E-10,4.610755E-10,2.965649,17.46497
'[19:15:19.468 21/01/2026]',-14.24643,-16.39273,-8.567542,-5.800424,4.610755E-10,4.610755E-10,-1.889772,5.702624
'[19:15:19.476 21/01/2026]',-14.24643,-16.39273,-8.567542,-5.800424,4.610755E-10,4.610755E-10,-1.889772,5.702624
'[19:15:19.484 21/01/2026]',-46.07757,-45.96928,-16.99468,-19.04095,4.610755E-10,4.610755E-10,-4.318954,-6.421934
'[19:15:19.492 21/01/2026]',21.93646,22.51513,12.55195,12.03152,4.610755E-10,4.610755E-10,8.098452,-14.63707
'[19:15:19.500 21/01/2026]',6.293605,3.356536,-0.9498073,4.879176,4.610755E-10,4.610755E-10,-0.9640476,7.716395
'[19:15:19.508 21/01/2026]',-34.36555,-35.78455,-16.63269,-24.0774,4.610755E-10,4.610755E-10,-11.20459,-48.63577
'[19:15:19.516 21/01/2026]',12.55386,12.09122,8.991221,10.23432,4.610755E-10,4.610755E-10,3.996111,0.2929466
'[19:15:19.524 21/01/2026]',61.36506,73.54877,26.01637,28.08796,4.610755E-10,4.610755E-10,12.75657,67.25979
'[19:15:19.532 21/01/2026]',-36.47828,-45.53394,-17.83836,-19.35995,4.610755E-10,4.610755E-10,-11.44541,-7.372131
'[19:15:19.540 21/01/2026]',-24.07598,-29.52508,-8.416542,-7.91199,4.610755E-10,4.610755E-10,-0.78307,-37.5798
'[19:15:19.548 21/01/2026]',15.34401,23.76775,6.362606,7.897478,4.610755E-10,4.610755E-10,3.529037,31.7522
'[19:15:19.556 21/01/2026]',5.400619,2.953911,2.047925,0.2218135,4.610755E-10,4.610755E-10,1.237044,23.78109
'[19:15:19.564 21/01/2026]',5.400619,2.953911,2.047925,0.2218135,4.610755E-10,4.610755E-10,1.237044,23.78109
'[19:15:19.572 21/01/2026]',5.400619,2.953911,2.047925,0.2218135,4.610755E-10,4.610755E-10,1.237044,23.78109
'[19:15:19.580 21/01/2026]',5.400619,2.953911,2.047925,0.2218135,4.610755E-10,4.610755E-10,1.237044,23.78109
'[19:15:19.588 21/01/2026]',5.400619,2.953911,2.047925,0.2218135,4.610755E-10,4.610755E-10,1.237044,23.78109
'[19:15:19.596 21/01/2026]',-16.80069,-21.61354,-7.754208,-6.902987,4.610755E-10,4.610755E-10,-8.095059,-35.21384
'[19:15:19.604 21/01/2026]',-16.80069,-21.61354,-7.754208,-6.902987,4.610755E-10,4.610755E-10,-8.095059,-35.21384
'[19:15:19.612 21/01/2026]',-16.80069,-21.61354,-7.754208,-6.902987,4.610755E-10,4.610755E-10,-8.095059,-35.21384
'[19:15:19.620 21/01/2026]',-2.363046,-2.36113,-0.1329675,1.491102,4.610755E-10,4.610755E-10,2.362808,-15.5579
'[19:15:19.628 21/01/2026]',1.065561,9.414303,-0.1578816,-0.6376867,4.610755E-10,4.610755E-10,3.51272,31.13168
'[19:15:19.636 21/01/2026]',1.065561,9.414303,-0.1578816,-0.6376867,4.610755E-10,4.610755E-10,3.51272,31.13168
'[19:15:19.644 21/01/2026]',43.55304,43.38771,19.21172,16.06266,4.610755E-10,4.610755E-10,3.706753,-8.664212
'[19:15:19.652 21/01/2026]',-16.67818,-20.16878,-8.282684,-7.495875,4.610755E-10,4.610755E-10,-3.829491,-13.39555
'[19:15:19.660 21/01/2026]',-16.67818,-20.16878,-8.282684,-7.495875,4.610755E-10,4.610755E-10,-3.829491,-13.39555
'[19:15:19.668 21/01/2026]',-16.67818,-20.16878,-8.282684,-7.495875,4.610755E-10,4.610755E-10,-3.829491,-13.39555
'[19:15:19.676 21/01/2026]',-29.41252,-30.02695,-12.23479,-8.457744,4.610755E-10,4.610755E-10,-1.26348,13.93558
'[19:15:19.684 21/01/2026]',15.73994,17.08237,6.239835,4.489199,4.610755E-10,4.610755E-10,0.4972548,-31.06857
'[19:15:19.692 21/01/2026]',15.73994,17.08237,6.239835,4.489199,4.610755E-10,4.610755E-10,0.4972548,-31.06857
'[19:15:19.700 21/01/2026]',10.16224,8.620378,6.168706,3.231566,4.610755E-10,4.610755E-10,1.565107,34.50238
'[19:15:19.708 21/01/2026]',10.16224,8.620378,6.168706,3.231566,4.610755E-10,4.610755E-10,1.565107,34.50238
'[19:15:19.716 21/01/2026]',-9.884513,-8.865191,-5.032506,-4.025988,4.610755E-10,4.610755E-10,-0.177867,1.619459
'[19:15:19.724 21/01/2026]',-9.884513,-8.865191,-5.032506,-4.025988,4.610755E-10,4.610755E-10,-0.177867,1.619459
'[19:15:19.732 21/01/2026]',-8.461349,-9.203891,-4.804939,-2.938479,4.610755E-10,4.610755E-10,-2.90592,-34.07411
'[19:15:19.740 21/01/2026]',-8.461349,-9.203891,-4.804939,-2.938479,4.610755E-10,4.610755E-10,-2.90592,-34.07411
'[19:15:19.748 21/01/2026]',-8.461349,-9.203891,-4.804939,-2.938479,4.610755E-10,4.610755E-10,-2.90592,-34.07411
'[19:15:19.756 21/01/2026]',-8.461349,-9.203891,-4.804939,-2.938479,4.610755E-10,4.610755E-10,-2.90592,-34.07411
'[19:15:19.764 21/01/2026]',-8.461349,-9.203891,-4.804939,-2.938479,4.610755E-10,4.610755E-10,-2.90592,-34.07411
'[19:15:19.772 21/01/2026]',11.94997,12.98171,8.268044,9.242908,4.610755E-10,4.610755E-10,5.177838,30.38287
'[19:15:19.780 21/01/2026]',11.94997,12.98171,8.268044,9.242908,4.610755E-10,4.610755E-10,5.177838,30.38287
'[19:15:19.788 21/01/2026]',0.9355257,2.08915,0.6857849,-2.429931,4.610755E-10,4.610755E-10,0.2776569,0.2768012
'[19:15:19.796 21/01/2026]',-13.01126,-18.49575,-10.6084,-9.006691,4.610755E-10,4.610755E-10,-8.845874,-6.379351
'[19:15:19.804 21/01/2026]',6.988064,14.68124,6.136217,6.255163,4.610755E-10,4.610755E-10,8.24173,-1.572112
'[19:15:19.812 21/01/2026]',6.988064,14.68124,6.136217,6.255163,4.610755E-10,4.610755E-10,8.24173,-1.572112
'[19:15:19.820 21/01/2026]',6.988064,14.68124,6.136217,6.255163,4.610755E-10,4.610755E-10,8.24173,-1.572112
'[19:15:19.828 21/01/2026]',-0.1857138,-3.716739,-1.71855,-1.123285,4.610755E-10,4.610755E-10,-6.090655,-25.85584
'[19:15:19.836 21/01/2026]',-0.1857138,-3.716739,-1.71855,-1.123285,4.610755E-10,4.610755E-10,-6.090655,-25.85584
'[19:15:19.844 21/01/2026]',-1.368258,-3.195944,0.1078023,-0.8109966,4.610755E-10,4.610755E-10,-0.7085571,33.02926
'[19:15:19.852 21/01/2026]',-1.368258,-3.195944,0.1078023,-0.8109966,4.610755E-10,4.610755E-10,-0.7085571,33.02926
'[19:15:19.860 21/01/2026]',3.076097,5.787847,2.228081,0.7826677,4.610755E-10,4.610755E-10,5.595994,-18.44682
'[19:15:19.868 21/01/2026]',3.076097,5.787847,2.228081,0.7826677,4.610755E-10,4.610755E-10,5.595994,-18.44682
'[19:15:19.876 21/01/2026]',3.076097,5.787847,2.228081,0.7826677,4.610755E-10,4.610755E-10,5.595994,-18.44682
'[19:15:19.884 21/01/2026]',-0.2935548,1.065507,0.009245037,2.714796,4.610755E-10,4.610755E-10,-0.4411385,4.637698
'[19:15:19.892 21/01/2026]',-1.954013,-4.622667,-3.069137,-3.523794,4.610755E-10,4.610755E-10,-4.227195,7.830859
'[19:15:19.900 21/01/2026]',-1.954013,-4.622667,-3.069137,-3.523794,4.610755E-10,4.610755E-10,-4.227195,7.830859
'[19:15:19.908 21/01/2026]',-1.954013,-4.622667,-3.069137,-3.523794,4.610755E-10,4.610755E-10,-4.227195,7.830859
'[19:15:19.916 21/01/2026]',-3.413986,-5.077655,-0.3754779,-2.229664,4.610755E-10,4.610755E-10,1.930852,-30.30239
'[19:15:19.924 21/01/2026]',-3.413986,-5.077655,-0.3754779,-2.229664,4.610755E-10,4.610755E-10,1.930852,-30.30239
'[19:15:19.932 21/01/2026]',-10.54684,-10.4057,-3.03462,1.090328,4.610755E-10,4.610755E-10,3.432486,18.61745
'[19:15:19.940 21/01/2026]',-10.54684,-10.4057,-3.03462,1.090328,4.610755E-10,4.610755E-10,3.432486,18.61745
'[19:15:19.948 21/01/2026]',-10.54684,-10.4057,-3.03462,1.090328,4.610755E-10,4.610755E-10,3.432486,18.61745
'[19:15:19.956 21/01/2026]',-6.777064,-6.198276,-3.780508,-6.269416,4.610755E-10,4.610755E-10,-4.300606,-4.216635
'[19:15:19.964 21/01/2026]',-6.777064,-6.198276,-3.780508,-6.269416,4.610755E-10,4.610755E-10,-4.300606,-4.216635
'[19:15:19.972 21/01/2026]',47.09672,52.84477,17.63441,14.82145,4.610755E-10,4.610755E-10,1.695388,-15.1584
'[19:15:19.980 21/01/2026]',1.651374,-5.835765,1.683766,0.9448444,4.610755E-10,4.610755E-10,-1.418478,3.227341
'[19:15:19.988 21/01/2026]',1.651374,-5.835765,1.683766,0.9448444,4.610755E-10,4.610755E-10,-1.418478,3.227341
'[19:15:19.996 21/01/2026]',-44.2742,-43.64813,-16.89897,-10.97273,4.610755E-10,4.610755E-10,1.752434,1.691435
'[19:15:20.004 21/01/2026]',-44.2742,-43.64813,-16.89897,-10.97273,4.610755E-10,4.610755E-10,1.752434,1.691435
'[19:15:20.012 21/01/2026]',14.11208,19.03204,6.103351,4.335729,4.610755E-10,4.610755E-10,0.4951736,9.632911
'[19:15:20.020 21/01/2026]',14.11208,19.03204,6.103351,4.335729,4.610755E-10,4.610755E-10,0.4951736,9.632911
'[19:15:20.028 21/01/2026]',11.03437,7.509952,3.227091,-1.143126,4.610755E-10,4.610755E-10,-0.453642,7.534804
'[19:15:20.036 21/01/2026]',11.03437,7.509952,3.227091,-1.143126,4.610755E-10,4.610755E-10,-0.453642,7.534804
'[19:15:20.044 21/01/2026]',-6.259817,-8.111433,-3.757015,-0.4304217,4.610755E-10,4.610755E-10,-4.054313,-6.567823
'[19:15:20.052 21/01/2026]',-6.259817,-8.111433,-3.757015,-0.4304217,4.610755E-10,4.610755E-10,-4.054313,-6.567823
'[19:15:20.060 21/01/2026]',-9.169366,-6.205619,-3.464929,-1.214923,4.610755E-10,4.610755E-10,0.4502686,-11.15555
'[19:15:20.068 21/01/2026]',7.833526,9.728572,5.50954,4.186924,4.610755E-10,4.610755E-10,6.031148,13.87206
'[19:15:20.076 21/01/2026]',7.833526,9.728572,5.50954,4.186924,4.610755E-10,4.610755E-10,6.031148,13.87206
'[19:15:20.084 21/01/2026]',-2.642594,-6.94782,-7.023395,-8.558726,4.610755E-10,4.610755E-10,-10.15355,1.943134
'[19:15:20.092 21/01/2026]',-2.642594,-6.94782,-7.023395,-8.558726,4.610755E-10,4.610755E-10,-10.15355,1.943134
'[19:15:20.100 21/01/2026]',0.442762,1.386191,4.617537,7.882184,4.610755E-10,4.610755E-10,4.733562,-4.42661
'[19:15:20.108 21/01/2026]',0.4840338,3.179796,2.097751,0.4013606,4.610755E-10,4.610755E-10,2.852082,15.13582
'[19:15:20.116 21/01/2026]',-2.960427,-5.052529,-5.773987,-6.971368,4.610755E-10,4.610755E-10,-4.190995,-20.80378
'[19:15:20.124 21/01/2026]',3.070473,2.013405,3.446514,5.691418,4.610755E-10,4.610755E-10,0.5497801,33.32285
'[19:15:20.132 21/01/2026]',-14.1052,-15.90414,-5.377413,-5.488116,4.610755E-10,4.610755E-10,-0.6454747,-21.92697
'[19:15:20.140 21/01/2026]',-10.28032,-4.014584,-3.49147,-3.355803,4.610755E-10,4.610755E-10,1.719464,-17.88882
'[19:15:20.148 21/01/2026]',40.16721,37.39772,13.51083,9.209553,4.610755E-10,4.610755E-10,-1.430226,-10.98518
'[19:15:20.156 21/01/2026]',15.85311,11.87045,5.782326,7.170403,4.610755E-10,4.610755E-10,3.20286,28.85188
'[19:15:20.164 21/01/2026]',-38.40205,-35.23067,-10.53748,-8.864392,4.610755E-10,4.610755E-10,-0.06883691,6.503467
'[19:15:20.172 21/01/2026]',-4.28635,-2.576064,-4.696963,-5.277379,4.610755E-10,4.610755E-10,-5.776966,-14.95555
'[19:15:20.180 21/01/2026]',-4.28635,-2.576064,-4.696963,-5.277379,4.610755E-10,4.610755E-10,-5.776966,-14.95555
'[19:15:20.188 21/01/2026]',16.44159,13.09167,5.330237,4.901146,4.610755E-10,4.610755E-10,4.82743,-7.578194
'[19:15:20.196 21/01/2026]',-2.746233,-0.9082183,1.82457,3.328789,4.610755E-10,4.610755E-10,2.298289,6.821996
'[19:15:20.204 21/01/2026]',-7.762002,-7.824183,-5.574871,-5.543476,4.610755E-10,4.610755E-10,-6.581417,0.2143976
'[19:15:20.212 21/01/2026]',4.815007,3.601551,3.846385,1.905235,4.610755E-10,4.610755E-10,2.17214,19.07839
'[19:15:20.220 21/01/2026]',1.607585,0.8870357,-1.495939,-0.8900276,4.610755E-10,4.610755E-10,-0.5872622,-31.40543
'[19:15:20.228 21/01/2026]',-3.590739,-0.9933023,0.08500782,1.526761,4.610755E-10,4.610755E-10,0.4688677,15.17011
'[19:15:20.236 21/01/2026]',2.418172,1.319094,1.585653,-0.0544569,4.610755E-10,4.610755E-10,2.35845,4.131695
'[19:15:20.244 21/01/2026]',-1.437945,-3.407465,-2.525905,-3.820834,4.610755E-10,4.610755E-10,-3.713573,-6.659736
'[19:15:20.252 21/01/2026]',-2.204459,0.2015624,-1.531476,0.7096746,4.610755E-10,4.610755E-10,-0.2441701,-4.409735
'[19:15:20.260 21/01/2026]',3.859857,3.816682,3.237468,2.910041,4.610755E-10,4.610755E-10,2.212847,0.1988842
'[19:15:20.268 21/01/2026]',-1.78837,-2.982226,0.5113785,-1.824759,4.610755E-10,4.610755E-10,-1.063873,11.56974
'[19:15:20.276 21/01/2026]',-1.78837,-2.982226,0.5113785,-1.824759,4.610755E-10,4.610755E-10,-1.063873,11.56974
'[19:15:20.284 21/01/2026]',-2.062625,-0.9597567,-4.404358,-0.2450015,4.610755E-10,4.610755E-10,-3.014757,-18.90005
'[19:15:20.292 21/01/2026]',1.789299,1.124936,3.131648,-0.0391084,4.610755E-10,4.610755E-10,2.915664,7.633231
'[19:15:20.300 21/01/2026]',0.3398793,1.775999,2.156996,2.416246,4.610755E-10,4.610755E-10,3.922177,-19.72245
'[19:15:20.308 21/01/2026]',0.3398793,1.775999,2.156996,2.416246,4.610755E-10,4.610755E-10,3.922177,-19.72245
'[19:15:20.316 21/01/2026]',-5.83463,-8.045403,-6.516637,-4.621127,4.610755E-10,4.610755E-10,-10.12392,-3.913616
'[19:15:20.324 21/01/2026]',-8.493571,-8.072693,-1.126489,0.03004664,4.610755E-10,4.610755E-10,5.611045,47.2024
'[19:15:20.332 21/01/2026]',-8.493571,-8.072693,-1.126489,0.03004664,4.610755E-10,4.610755E-10,5.611045,47.2024
'[19:15:20.340 21/01/2026]',-7.705235,0.1812133,-4.685871,-5.113885,4.610755E-10,4.610755E-10,-2.511001,23.29583
'[19:15:20.348 21/01/2026]',-7.705235,0.1812133,-4.685871,-5.113885,4.610755E-10,4.610755E-10,-2.511001,23.29583
'[19:15:20.356 21/01/2026]',-7.705235,0.1812133,-4.685871,-5.113885,4.610755E-10,4.610755E-10,-2.511001,23.29583
'[19:15:20.364 21/01/2026]',51.29348,37.4308,21.53216,16.46071,4.610755E-10,4.610755E-10,4.265363,-36.51206
'[19:15:20.372 21/01/2026]',51.29348,37.4308,21.53216,16.46071,4.610755E-10,4.610755E-10,4.265363,-36.51206
'[19:15:20.380 21/01/2026]',-12.46154,-2.699076,-6.26042,-2.479705,4.610755E-10,4.610755E-10,0.0195058,-12.51634
'[19:15:20.388 21/01/2026]',-29.40154,-28.63884,-11.35258,-9.026053,4.610755E-10,4.610755E-10,-1.924674,25.01532
'[19:15:20.396 21/01/2026]',-29.40154,-28.63884,-11.35258,-9.026053,4.610755E-10,4.610755E-10,-1.924674,25.01532
'[19:15:20.404 21/01/2026]',-29.40154,-28.63884,-11.35258,-9.026053,4.610755E-10,4.610755E-10,-1.924674,25.01532
'[19:15:20.412 21/01/2026]',-29.40154,-28.63884,-11.35258,-9.026053,4.610755E-10,4.610755E-10,-1.924674,25.01532
'[19:15:20.420 21/01/2026]',-29.40154,-28.63884,-11.35258,-9.026053,4.610755E-10,4.610755E-10,-1.924674,25.01532
'[19:15:20.428 21/01/2026]',-29.40154,-28.63884,-11.35258,-9.026053,4.610755E-10,4.610755E-10,-1.924674,25.01532
'[19:15:20.436 21/01/2026]',-29.40154,-28.63884,-11.35258,-9.026053,4.610755E-10,4.610755E-10,-1.924674,25.01532
'[19:15:20.444 21/01/2026]',10.17463,5.393821,6.769181,6.032114,4.610755E-10,4.610755E-10,2.103774,-16.81806
'[19:15:20.452 21/01/2026]',8.638105,10.09352,1.86726,-2.013959,4.610755E-10,4.610755E-10,-0.5820823,9.943296
'[19:15:20.460 21/01/2026]',-8.817686,-7.582943,-7.523813,-6.054853,4.610755E-10,4.610755E-10,-5.077754,-21.01125
'[19:15:20.468 21/01/2026]',-1.208184,-2.369151,2.37128,5.6989,4.610755E-10,4.610755E-10,3.601135,14.50159
'[19:15:20.476 21/01/2026]',-1.208184,-2.369151,2.37128,5.6989,4.610755E-10,4.610755E-10,3.601135,14.50159
'[19:15:20.484 21/01/2026]',6.872068,6.437409,7.298497,2.11413,4.610755E-10,4.610755E-10,4.549685,-3.089153
'[19:15:20.492 21/01/2026]',6.872068,6.437409,7.298497,2.11413,4.610755E-10,4.610755E-10,4.549685,-3.089153
'[19:15:20.500 21/01/2026]',6.872068,6.437409,7.298497,2.11413,4.610755E-10,4.610755E-10,4.549685,-3.089153
'[19:15:20.508 21/01/2026]',-7.305241,-7.089914,-9.551395,-7.792698,4.610755E-10,4.610755E-10,-6.623638,6.723361
'[19:15:20.516 21/01/2026]',1.601952,3.794938,1.792747,4.947485,4.610755E-10,4.610755E-10,0.3019537,-3.39115
'[19:15:20.524 21/01/2026]',1.601952,3.794938,1.792747,4.947485,4.610755E-10,4.610755E-10,0.3019537,-3.39115
'[19:15:20.532 21/01/2026]',2.911979,1.151879,3.107447,2.874698,4.610755E-10,4.610755E-10,2.294718,11.62426
'[19:15:20.540 21/01/2026]',2.911979,1.151879,3.107447,2.874698,4.610755E-10,4.610755E-10,2.294718,11.62426
'[19:15:20.548 21/01/2026]',-1.017557,-1.694884,-0.734004,-4.847325,4.610755E-10,4.610755E-10,-0.06506418,-12.68918
'[19:15:20.556 21/01/2026]',-1.017557,-1.694884,-0.734004,-4.847325,4.610755E-10,4.610755E-10,-0.06506418,-12.68918
'[19:15:20.564 21/01/2026]',-1.017557,-1.694884,-0.734004,-4.847325,4.610755E-10,4.610755E-10,-0.06506418,-12.68918
'[19:15:20.572 21/01/2026]',0.2007727,0.6887707,0.1723944,2.619215,4.610755E-10,4.610755E-10,-0.694411,26.65272
'[19:15:20.580 21/01/2026]',-2.480575,-1.947621,-2.680705,-0.3421486,4.610755E-10,4.610755E-10,-1.419158,-20.80061
'[19:15:20.588 21/01/2026]',-2.480575,-1.947621,-2.680705,-0.3421486,4.610755E-10,4.610755E-10,-1.419158,-20.80061
'[19:15:20.596 21/01/2026]',-2.480575,-1.947621,-2.680705,-0.3421486,4.610755E-10,4.610755E-10,-1.419158,-20.80061
'[19:15:20.604 21/01/2026]',-2.480575,-1.947621,-2.680705,-0.3421486,4.610755E-10,4.610755E-10,-1.419158,-20.80061
'[19:15:20.612 21/01/2026]',-2.480575,-1.947621,-2.680705,-0.3421486,4.610755E-10,4.610755E-10,-1.419158,-20.80061
'[19:15:20.620 21/01/2026]',3.40892,2.969119,3.997267,0.253517,4.610755E-10,4.610755E-10,2.215106,2.535454
'[19:15:20.628 21/01/2026]',-2.664412,-4.199856,-3.445981,-3.710126,4.610755E-10,4.610755E-10,-3.82884,-0.5042589
'[19:15:20.636 21/01/2026]',-2.664412,-4.199856,-3.445981,-3.710126,4.610755E-10,4.610755E-10,-3.82884,-0.5042589
'[19:15:20.644 21/01/2026]',-1.868633,4.423267,-0.5263943,2.71922,4.610755E-10,4.610755E-10,4.188315,10.83857
'[19:15:20.652 21/01/2026]',-1.868633,4.423267,-0.5263943,2.71922,4.610755E-10,4.610755E-10,4.188315,10.83857
'[19:15:20.660 21/01/2026]',4.738222,-2.148651,3.550833,1.809159,4.610755E-10,4.610755E-10,-0.6274655,-28.74612
'[19:15:20.668 21/01/2026]',4.738222,-2.148651,3.550833,1.809159,4.610755E-10,4.610755E-10,-0.6274655,-28.74612
'[19:15:20.676 21/01/2026]',-0.2426697,-1.581311,-0.4917392,-1.814997,4.610755E-10,4.610755E-10,-2.571873,1.854847
'[19:15:20.684 21/01/2026]',-0.2426697,-1.581311,-0.4917392,-1.814997,4.610755E-10,4.610755E-10,-2.571873,1.854847
'[19:15:20.692 21/01/2026]',-4.814458,0.9575181,-4.360764,-3.701969,4.610755E-10,4.610755E-10,0.6835471,18.89442
'[19:15:20.700 21/01/2026]',-4.814458,0.9575181,-4.360764,-3.701969,4.610755E-10,4.610755E-10,0.6835471,18.89442
'[19:15:20.708 21/01/2026]',4.878252,2.08446,3.627156,4.458821,4.610755E-10,4.610755E-10,2.302881,-13.90299
'[19:15:20.716 21/01/2026]',4.878252,2.08446,3.627156,4.458821,4.610755E-10,4.610755E-10,2.302881,-13.90299
'[19:15:20.724 21/01/2026]',-0.7622595,-0.8771733,0.605327,1.186996,4.610755E-10,4.610755E-10,-1.635761,-1.908686
'[19:15:20.732 21/01/2026]',-0.7622595,-0.8771733,0.605327,1.186996,4.610755E-10,4.610755E-10,-1.635761,-1.908686
'[19:15:20.740 21/01/2026]',-2.764817,-1.446118,-2.484768,-2.782128,4.610755E-10,4.610755E-10,-1.143411,24.53291
'[19:15:20.748 21/01/2026]',-2.764817,-1.446118,-2.484768,-2.782128,4.610755E-10,4.610755E-10,-1.143411,24.53291
'[19:15:20.756 21/01/2026]',1.604897,-0.073907,-1.242347,-1.731794,4.610755E-10,4.610755E-10,1.748686,-28.35165
'[19:15:20.764 21/01/2026]',1.604897,-0.073907,-1.242347,-1.731794,4.610755E-10,4.610755E-10,1.748686,-28.35165
'[19:15:20.772 21/01/2026]',1.604897,-0.073907,-1.242347,-1.731794,4.610755E-10,4.610755E-10,1.748686,-28.35165
'[19:15:20.780 21/01/2026]',1.604897,-0.073907,-1.242347,-1.731794,4.610755E-10,4.610755E-10,1.748686,-28.35165
'[19:15:20.788 21/01/2026]',-0.2958093,1.499321,4.382554,3.456642,4.610755E-10,4.610755E-10,0.07025692,18.40757
'[19:15:20.796 21/01/2026]',3.164251,3.218569,-0.1124402,0.9961643,4.610755E-10,4.610755E-10,-1.919102,18.09298
'[19:15:20.804 21/01/2026]',-6.91303,-10.80031,-7.262909,-6.093182,4.610755E-10,4.610755E-10,-2.593926,-38.72743
'[19:15:20.812 21/01/2026]',3.310279,7.786582,5.738441,1.692638,4.610755E-10,4.610755E-10,4.431683,3.09588
'[19:15:20.820 21/01/2026]',2.410555,1.682857,2.240841,4.104759,4.610755E-10,4.610755E-10,1.448087,26.88164
'[19:15:20.828 21/01/2026]',-1.520914,-3.70562,-2.657337,-1.956345,4.610755E-10,4.610755E-10,-1.377041,-24.57126
'[19:15:20.836 21/01/2026]',-1.558675,1.247584,0.1175618,-2.722182,4.610755E-10,4.610755E-10,-1.928831,15.68676
'[19:15:20.844 21/01/2026]',1.750844,-0.1626063,-0.8279116,1.886266,4.610755E-10,4.610755E-10,1.12187,-20.45225
'[19:15:20.852 21/01/2026]',-0.2018349,-0.6661707,1.201401,1.491897,4.610755E-10,4.610755E-10,-0.4881648,15.85198
'[19:15:20.860 21/01/2026]',-0.2018349,-0.6661707,1.201401,1.491897,4.610755E-10,4.610755E-10,-0.4881648,15.85198
'[19:15:20.868 21/01/2026]',0.4168306,4.250969,0.5065364,0.06935296,4.610755E-10,4.610755E-10,2.719932,-1.18956
'[19:15:20.876 21/01/2026]',0.4168306,4.250969,0.5065364,0.06935296,4.610755E-10,4.610755E-10,2.719932,-1.18956
'[19:15:20.884 21/01/2026]',1.531229,1.246273,0.4188604,2.188023,4.610755E-10,4.610755E-10,0.7653816,-4.900229
'[19:15:20.892 21/01/2026]',1.531229,1.246273,0.4188604,2.188023,4.610755E-10,4.610755E-10,0.7653816,-4.900229
'[19:15:20.900 21/01/2026]',-2.571272,-9.831136,-0.7977772,-5.281969,4.610755E-10,4.610755E-10,-4.86335,3.936025
'[19:15:20.908 21/01/2026]',-0.4157163,5.222706,-1.198038,1.150252,4.610755E-10,4.610755E-10,0.7778989,13.37414
'[19:15:20.916 21/01/2026]',1.094329,1.049393,-0.2312481,2.764517,4.610755E-10,4.610755E-10,3.123856,8.386333
'[19:15:20.924 21/01/2026]',0.4235668,-0.8160441,3.287832,-0.6969582,4.610755E-10,4.610755E-10,-1.154887,-15.82946
'[19:15:20.932 21/01/2026]',-1.494078,-2.176111,-2.948097,-2.081929,4.610755E-10,4.610755E-10,-2.908647,2.135274
'[19:15:20.940 21/01/2026]',-0.1310172,2.02588,-0.02486349,1.930023,4.610755E-10,4.610755E-10,4.422719,14.67152
'[19:15:20.948 21/01/2026]',0.8968755,-0.1327577,-0.7426032,-3.213361,4.610755E-10,4.610755E-10,-2.607612,-22.21891
'[19:15:20.956 21/01/2026]',1.932938,1.899693,4.617971,4.051859,4.610755E-10,4.610755E-10,1.62761,24.17164
'[19:15:20.964 21/01/2026]',-6.372928,-5.825916,-6.023228,-4.407908,4.610755E-10,4.610755E-10,-5.929092,-19.97819
'[19:15:20.972 21/01/2026]',-6.372928,-5.825916,-6.023228,-4.407908,4.610755E-10,4.610755E-10,-5.929092,-19.97819
'[19:15:20.980 21/01/2026]',1.954321,-0.03947305,-0.8934218,-0.3377197,4.610755E-10,4.610755E-10,4.432331,0.8015347
'[19:15:20.988 21/01/2026]',6.072714,7.718333,7.174254,5.858206,4.610755E-10,4.610755E-10,3.708061,-2.734401
'[19:15:20.996 21/01/2026]',-3.832422,-3.222676,-2.57158,-3.512326,4.610755E-10,4.610755E-10,-6.590177,15.32924
'[19:15:21.004 21/01/2026]',-2.117291,-3.222451,-3.145915,-1.662966,4.610755E-10,4.610755E-10,3.132679,-21.04051
'[19:15:21.012 21/01/2026]',1.530269,2.035903,2.336692,2.511694,4.610755E-10,4.610755E-10,-0.1538689,-4.389512
'[19:15:21.020 21/01/2026]',-0.9155401,-0.08738691,-1.042567,-1.21954,4.610755E-10,4.610755E-10,-0.05539547,15.81609
'[19:15:21.028 21/01/2026]',0.2944934,-2.290812,-0.2683353,-0.3730561,4.610755E-10,4.610755E-10,-0.7528605,-16.57778
'[19:15:21.036 21/01/2026]',-20.67696,-19.65989,-7.969546,-6.295551,4.610755E-10,4.610755E-10,-1.581626,-12.46063
'[19:15:21.044 21/01/2026]',5.621186,12.32364,3.166698,1.371674,4.610755E-10,4.610755E-10,1.254543,25.03656
'[19:15:21.052 21/01/2026]',57.35882,45.03806,21.30957,17.41913,4.610755E-10,4.610755E-10,1.816597,10.24907
'[19:15:21.060 21/01/2026]',57.35882,45.03806,21.30957,17.41913,4.610755E-10,4.610755E-10,1.816597,10.24907
'[19:15:21.068 21/01/2026]',57.35882,45.03806,21.30957,17.41913,4.610755E-10,4.610755E-10,1.816597,10.24907
'[19:15:21.076 21/01/2026]',57.35882,45.03806,21.30957,17.41913,4.610755E-10,4.610755E-10,1.816597,10.24907
'[19:15:21.084 21/01/2026]',-34.23398,-29.42929,-12.65495,-8.688151,4.610755E-10,4.610755E-10,-0.1550746,4.407805
'[19:15:21.092 21/01/2026]',-34.23398,-29.42929,-12.65495,-8.688151,4.610755E-10,4.610755E-10,-0.1550746,4.407805
'[19:15:21.100 21/01/2026]',-34.23398,-29.42929,-12.65495,-8.688151,4.610755E-10,4.610755E-10,-0.1550746,4.407805
'[19:15:21.108 21/01/2026]',-25.84044,-20.82947,-8.293471,-7.207825,4.610755E-10,4.610755E-10,0.546868,-26.29332
'[19:15:21.116 21/01/2026]',17.11403,14.02451,4.316668,3.091277,4.610755E-10,4.610755E-10,-0.7668282,-1.802279
'[19:15:21.124 21/01/2026]',7.046382,5.563084,3.092341,1.935448,4.610755E-10,4.610755E-10,-2.907666,15.34117
'[19:15:21.132 21/01/2026]',7.046382,5.563084,3.092341,1.935448,4.610755E-10,4.610755E-10,-2.907666,15.34117
'[19:15:21.140 21/01/2026]',7.046382,5.563084,3.092341,1.935448,4.610755E-10,4.610755E-10,-2.907666,15.34117
'[19:15:21.148 21/01/2026]',-6.784657,-5.432282,-1.617111,0.2095362,4.610755E-10,4.610755E-10,3.004227,13.80639
'[19:15:21.156 21/01/2026]',-6.784657,-5.432282,-1.617111,0.2095362,4.610755E-10,4.610755E-10,3.004227,13.80639
'[19:15:21.164 21/01/2026]',0.6470447,1.819645,-0.3417179,-1.129173,4.610755E-10,4.610755E-10,-2.412186,-18.26016
'[19:15:21.172 21/01/2026]',0.6470447,1.819645,-0.3417179,-1.129173,4.610755E-10,4.610755E-10,-2.412186,-18.26016
'[19:15:21.180 21/01/2026]',2.253973,-0.09183582,-0.1935199,-1.048056,4.610755E-10,4.610755E-10,-3.773087,-18.46183
'[19:15:21.188 21/01/2026]',2.253973,-0.09183582,-0.1935199,-1.048056,4.610755E-10,4.610755E-10,-3.773087,-18.46183
'[19:15:21.196 21/01/2026]',2.253973,-0.09183582,-0.1935199,-1.048056,4.610755E-10,4.610755E-10,-3.773087,-18.46183
'[19:15:21.204 21/01/2026]',2.253973,-0.09183582,-0.1935199,-1.048056,4.610755E-10,4.610755E-10,-3.773087,-18.46183
'[19:15:21.212 21/01/2026]',-34.82728,-42.54008,-16.0598,-17.80507,4.610755E-10,4.610755E-10,-4.609311,-43.47071
'[19:15:21.220 21/01/2026]',47.08702,54.51693,22.4207,25.02071,4.610755E-10,4.610755E-10,13.2261,4.190768
'[19:15:21.228 21/01/2026]',47.08702,54.51693,22.4207,25.02071,4.610755E-10,4.610755E-10,13.2261,4.190768
'[19:15:21.236 21/01/2026]',1.176466,5.414481,-2.47842,-1.518315,4.610755E-10,4.610755E-10,-5.283126,68.72939
'[19:15:21.244 21/01/2026]',1.176466,5.414481,-2.47842,-1.518315,4.610755E-10,4.610755E-10,-5.283126,68.72939
'[19:15:21.252 21/01/2026]',-33.85575,-40.36842,-10.9453,-11.83771,4.610755E-10,4.610755E-10,-1.358136,3.633791
'[19:15:21.260 21/01/2026]',-33.85575,-40.36842,-10.9453,-11.83771,4.610755E-10,4.610755E-10,-1.358136,3.633791
'[19:15:21.268 21/01/2026]',-33.85575,-40.36842,-10.9453,-11.83771,4.610755E-10,4.610755E-10,-1.358136,3.633791
'[19:15:21.276 21/01/2026]',-33.85575,-40.36842,-10.9453,-11.83771,4.610755E-10,4.610755E-10,-1.358136,3.633791
'[19:15:21.284 21/01/2026]',-33.85575,-40.36842,-10.9453,-11.83771,4.610755E-10,4.610755E-10,-1.358136,3.633791
'[19:15:21.292 21/01/2026]',16.10613,20.69293,6.352396,8.161213,4.610755E-10,4.610755E-10,3.912976,0.7203767
'[19:15:21.300 21/01/2026]',6.251296,5.340049,2.165577,0.251909,4.610755E-10,4.610755E-10,-3.284832,-22.68749
'[19:15:21.308 21/01/2026]',-6.704917,-7.211161,-1.581275,-1.804498,4.610755E-10,4.610755E-10,1.892443,23.7002
'[19:15:21.316 21/01/2026]',-4.275128,-3.166961,-5.541702,-4.023815,4.610755E-10,4.610755E-10,-2.291753,-0.3318494
'[19:15:21.324 21/01/2026]',-4.275128,-3.166961,-5.541702,-4.023815,4.610755E-10,4.610755E-10,-2.291753,-0.3318494
'[19:15:21.332 21/01/2026]',5.455358,4.29792,3.860996,6.660632,4.610755E-10,4.610755E-10,3.201933,-1.966682
'[19:15:21.340 21/01/2026]',5.455358,4.29792,3.860996,6.660632,4.610755E-10,4.610755E-10,3.201933,-1.966682
'[19:15:21.348 21/01/2026]',5.455358,4.29792,3.860996,6.660632,4.610755E-10,4.610755E-10,3.201933,-1.966682
'[19:15:21.356 21/01/2026]',0.8715765,0.8643429,3.484646,0.1980183,4.610755E-10,4.610755E-10,-1.764803,18.54406
'[19:15:21.364 21/01/2026]',-2.750922,-2.944224,-4.831686,-8.12522,4.610755E-10,4.610755E-10,-0.8049036,-25.76102
'[19:15:21.372 21/01/2026]',-2.750922,-2.944224,-4.831686,-8.12522,4.610755E-10,4.610755E-10,-0.8049036,-25.76102
'[19:15:21.380 21/01/2026]',-2.750922,-2.944224,-4.831686,-8.12522,4.610755E-10,4.610755E-10,-0.8049036,-25.76102
'[19:15:21.388 21/01/2026]',0.3453713,0.9160863,1.501927,6.29481,4.610755E-10,4.610755E-10,1.414589,5.516542
'[19:15:21.396 21/01/2026]',0.3453713,0.9160863,1.501927,6.29481,4.610755E-10,4.610755E-10,1.414589,5.516542
'[19:15:21.404 21/01/2026]',6.422132,6.60126,3.528665,2.617774,4.610755E-10,4.610755E-10,1.591708,-3.496503
'[19:15:21.412 21/01/2026]',6.422132,6.60126,3.528665,2.617774,4.610755E-10,4.610755E-10,1.591708,-3.496503
'[19:15:21.420 21/01/2026]',3.623732,4.844563,1.130602,-0.4755976,4.610755E-10,4.610755E-10,0.5353445,-3.405187
'[19:15:21.428 21/01/2026]',3.623732,4.844563,1.130602,-0.4755976,4.610755E-10,4.610755E-10,0.5353445,-3.405187
'[19:15:21.436 21/01/2026]',3.623732,4.844563,1.130602,-0.4755976,4.610755E-10,4.610755E-10,0.5353445,-3.405187
'[19:15:21.444 21/01/2026]',3.623732,4.844563,1.130602,-0.4755976,4.610755E-10,4.610755E-10,0.5353445,-3.405187
'[19:15:21.452 21/01/2026]',3.623732,4.844563,1.130602,-0.4755976,4.610755E-10,4.610755E-10,0.5353445,-3.405187
'[19:15:21.460 21/01/2026]',-18.77836,-19.41548,-8.756221,-7.955466,4.610755E-10,4.610755E-10,-7.226624,4.789221
'[19:15:21.468 21/01/2026]',9.116195,5.000582,3.689006,5.39599,4.610755E-10,4.610755E-10,4.905671,-6.395875
'[19:15:21.476 21/01/2026]',6.65692,12.86881,6.007927,3.619477,4.610755E-10,4.610755E-10,2.002873,-0.02638111
'[19:15:21.484 21/01/2026]',6.65692,12.86881,6.007927,3.619477,4.610755E-10,4.610755E-10,2.002873,-0.02638111
'[19:15:21.492 21/01/2026]',-10.77392,-11.44598,-8.694745,-7.210244,4.610755E-10,4.610755E-10,-6.07748,-6.138211
'[19:15:21.500 21/01/2026]',-10.77392,-11.44598,-8.694745,-7.210244,4.610755E-10,4.610755E-10,-6.07748,-6.138211
'[19:15:21.508 21/01/2026]',-10.77392,-11.44598,-8.694745,-7.210244,4.610755E-10,4.610755E-10,-6.07748,-6.138211
'[19:15:21.516 21/01/2026]',3.434171,3.48263,4.364066,5.461216,4.610755E-10,4.610755E-10,7.648473,13.21873
'[19:15:21.524 21/01/2026]',3.434171,3.48263,4.364066,5.461216,4.610755E-10,4.610755E-10,7.648473,13.21873
'[19:15:21.532 21/01/2026]',6.010758,6.377734,3.141883,2.846574,4.610755E-10,4.610755E-10,-2.198305,9.202803
'[19:15:21.540 21/01/2026]',-4.735341,-7.470644,-4.566932,-5.521531,4.610755E-10,4.610755E-10,-2.742285,-9.563787
'[19:15:21.548 21/01/2026]',-5.360649,-2.89441,-2.52812,-1.84032,4.610755E-10,4.610755E-10,-0.5541573,-1.755345
'[19:15:21.556 21/01/2026]',4.954733,4.222629,2.949311,3.386054,4.610755E-10,4.610755E-10,1.014607,9.931275
'[19:15:21.564 21/01/2026]',4.954733,4.222629,2.949311,3.386054,4.610755E-10,4.610755E-10,1.014607,9.931275
'[19:15:21.572 21/01/2026]',3.030276,0.8940088,1.076988,0.6831485,4.610755E-10,4.610755E-10,-0.5627847,-15.91449
'[19:15:21.580 21/01/2026]',3.030276,0.8940088,1.076988,0.6831485,4.610755E-10,4.610755E-10,-0.5627847,-15.91449
'[19:15:21.588 21/01/2026]',-7.610517,-5.117913,-4.993038,-5.402122,4.610755E-10,4.610755E-10,1.856128,-3.645643
'[19:15:21.596 21/01/2026]',2.721331,2.190904,3.693389,4.192315,4.610755E-10,4.610755E-10,0.2615954,18.18283
'[19:15:21.604 21/01/2026]',-2.976801,-1.854302,-4.005107,-2.381903,4.610755E-10,4.610755E-10,-5.621647,-12.32009
'[19:15:21.612 21/01/2026]',7.965782,4.482704,5.515132,3.633865,4.610755E-10,4.610755E-10,6.546142,10.95715
'[19:15:21.620 21/01/2026]',-2.040599,-0.2623841,-0.3334328,-1.583914,4.610755E-10,4.610755E-10,-1.436941,-17.29275
'[19:15:21.628 21/01/2026]',-0.3589059,1.504969,-1.409882,0.4104587,4.610755E-10,4.610755E-10,-1.510795,-5.125062
'[19:15:21.636 21/01/2026]',-2.868266,-1.963933,-3.836049,0.3679896,4.610755E-10,4.610755E-10,1.40474,6.532166
'[19:15:21.644 21/01/2026]',-1.831951,-1.354497,2.05282,-2.175564,4.610755E-10,4.610755E-10,-1.363645,9.158696
'[19:15:21.652 21/01/2026]',2.98138,1.670498,0.6333749,1.549421,4.610755E-10,4.610755E-10,-0.1429853,0.1247864
'[19:15:21.660 21/01/2026]',0.2137052,-0.972478,0.5408657,1.287167,4.610755E-10,4.610755E-10,2.410422,-2.4292
'[19:15:21.668 21/01/2026]',0.2137052,-0.972478,0.5408657,1.287167,4.610755E-10,4.610755E-10,2.410422,-2.4292
'[19:15:21.676 21/01/2026]',0.2137052,-0.972478,0.5408657,1.287167,4.610755E-10,4.610755E-10,2.410422,-2.4292
'[19:15:21.684 21/01/2026]',-3.006545,-2.516829,-1.41494,-2.492028,4.610755E-10,4.610755E-10,-3.312188,25.46068
'[19:15:21.692 21/01/2026]',-3.006545,-2.516829,-1.41494,-2.492028,4.610755E-10,4.610755E-10,-3.312188,25.46068
'[19:15:21.700 21/01/2026]',-15.75648,-17.33176,-11.38487,-7.714258,4.610755E-10,4.610755E-10,-6.271588,-34.71024
'[19:15:21.708 21/01/2026]',15.62368,25.94824,15.16371,11.6219,4.610755E-10,4.610755E-10,12.36106,-1.573934
'[19:15:21.716 21/01/2026]',32.23252,19.67384,7.9356,7.060048,4.610755E-10,4.610755E-10,-2.46548,24.40184
'[19:15:21.724 21/01/2026]',-23.96856,-22.4233,-10.099,-9.605779,4.610755E-10,4.610755E-10,-4.071451,-5.815362
'[19:15:21.732 21/01/2026]',-15.64236,-12.8547,-4.233481,-5.112698,4.610755E-10,4.610755E-10,0.05482558,-22.30374
'[19:15:21.740 21/01/2026]',11.43351,14.39557,3.100054,8.053154,4.610755E-10,4.610755E-10,5.48916,40.03395
'[19:15:21.748 21/01/2026]',4.702172,-0.4976083,1.442475,-0.2610998,4.610755E-10,4.610755E-10,-3.334001,-29.76463
'[19:15:21.756 21/01/2026]',-7.351307,-5.318771,0.0316618,-3.981811,4.610755E-10,4.610755E-10,-1.579787,-9.481581
'[19:15:21.764 21/01/2026]',-7.364564,-6.303811,-3.850934,-0.2635375,4.610755E-10,4.610755E-10,1.96199,33.7549
'[19:15:21.772 21/01/2026]',-6.651632,-6.387821,-6.968838,-5.211929,4.610755E-10,4.610755E-10,-6.015584,-20.10858
'[19:15:21.780 21/01/2026]',8.564206,7.923381,6.976785,5.783279,4.610755E-10,4.610755E-10,4.352222,9.94285
'[19:15:21.788 21/01/2026]',23.58819,26.20459,7.323272,6.170848,4.610755E-10,4.610755E-10,1.556839,-0.1228783
'[19:15:21.796 21/01/2026]',-4.740577,-5.826416,-2.390225,-1.512055,4.610755E-10,4.610755E-10,-3.605991,-0.3009631
'[19:15:21.804 21/01/2026]',-17.34209,-23.00282,-5.297028,-6.705039,4.610755E-10,4.610755E-10,1.970751,0.6214914
'[19:15:21.812 21/01/2026]',-17.34209,-23.00282,-5.297028,-6.705039,4.610755E-10,4.610755E-10,1.970751,0.6214914
'[19:15:21.820 21/01/2026]',5.624019,9.190933,3.200681,2.786547,4.610755E-10,4.610755E-10,1.932904,-1.509802
'[19:15:21.828 21/01/2026]',5.624019,9.190933,3.200681,2.786547,4.610755E-10,4.610755E-10,1.932904,-1.509802
'[19:15:21.836 21/01/2026]',2.800767,8.496957,-0.2382263,3.148235,4.610755E-10,4.610755E-10,-1.736222,-8.288436
'[19:15:21.844 21/01/2026]',2.800767,8.496957,-0.2382263,3.148235,4.610755E-10,4.610755E-10,-1.736222,-8.288436
'[19:15:21.852 21/01/2026]',2.800767,8.496957,-0.2382263,3.148235,4.610755E-10,4.610755E-10,-1.736222,-8.288436
'[19:15:21.860 21/01/2026]',-0.5702591,-6.486412,0.86832,-0.2895466,4.610755E-10,4.610755E-10,1.349808,-5.222656
'[19:15:21.868 21/01/2026]',-0.5702591,-6.486412,0.86832,-0.2895466,4.610755E-10,4.610755E-10,1.349808,-5.222656
'[19:15:21.876 21/01/2026]',-3.744013,-4.573435,-5.47852,-5.909259,4.610755E-10,4.610755E-10,-4.373259,-2.828621
'[19:15:21.884 21/01/2026]',-3.637213,0.5740243,0.8508449,-0.1782586,4.610755E-10,4.610755E-10,3.295947,6.609887
'[19:15:21.892 21/01/2026]',-3.637213,0.5740243,0.8508449,-0.1782586,4.610755E-10,4.610755E-10,3.295947,6.609887
'[19:15:21.900 21/01/2026]',-3.637213,0.5740243,0.8508449,-0.1782586,4.610755E-10,4.610755E-10,3.295947,6.609887
'[19:15:21.908 21/01/2026]',8.999681,7.335025,6.781098,7.98161,4.610755E-10,4.610755E-10,1.520708,2.49121
'[19:15:21.916 21/01/2026]',8.999681,7.335025,6.781098,7.98161,4.610755E-10,4.610755E-10,1.520708,2.49121
'[19:15:21.924 21/01/2026]',-2.768346,-3.048039,-4.75965,0.058196,4.610755E-10,4.610755E-10,-0.9663622,3.047189
'[19:15:21.932 21/01/2026]',-2.768346,-3.048039,-4.75965,0.058196,4.610755E-10,4.610755E-10,-0.9663622,3.047189
'[19:15:21.940 21/01/2026]',-2.020019,-2.336742,-0.6611992,-6.160051,4.610755E-10,4.610755E-10,-0.1997151,-3.360954
'[19:15:21.948 21/01/2026]',-2.020019,-2.336742,-0.6611992,-6.160051,4.610755E-10,4.610755E-10,-0.1997151,-3.360954
'[19:15:21.956 21/01/2026]',2.210573,3.443226,2.179827,2.027513,4.610755E-10,4.610755E-10,-1.785199,-7.060106
'[19:15:21.964 21/01/2026]',2.210573,3.443226,2.179827,2.027513,4.610755E-10,4.610755E-10,-1.785199,-7.060106
'[19:15:21.972 21/01/2026]',-0.4113176,-1.504714,-2.102485,1.5706,4.610755E-10,4.610755E-10,0.7532213,-0.3208778
'[19:15:21.980 21/01/2026]',-0.4113176,-1.504714,-2.102485,1.5706,4.610755E-10,4.610755E-10,0.7532213,-0.3208778
'[19:15:21.988 21/01/2026]',-0.4113176,-1.504714,-2.102485,1.5706,4.610755E-10,4.610755E-10,0.7532213,-0.3208778
'[19:15:21.996 21/01/2026]',-0.4113176,-1.504714,-2.102485,1.5706,4.610755E-10,4.610755E-10,0.7532213,-0.3208778
'[19:15:22.004 21/01/2026]',-1.991289,-3.417559,0.705054,-1.163215,4.610755E-10,4.610755E-10,-0.1172945,9.714895
'[19:15:22.012 21/01/2026]',0.0208814,2.919231,-0.1786506,-2.653728,4.610755E-10,4.610755E-10,1.611875,-17.04634
'[19:15:22.020 21/01/2026]',0.0208814,2.919231,-0.1786506,-2.653728,4.610755E-10,4.610755E-10,1.611875,-17.04634
'[19:15:22.028 21/01/2026]',1.985807,-0.518273,0.4893382,2.824533,4.610755E-10,4.610755E-10,-1.224796,11.31946
'[19:15:22.036 21/01/2026]',1.985807,-0.518273,0.4893382,2.824533,4.610755E-10,4.610755E-10,-1.224796,11.31946
'[19:15:22.044 21/01/2026]',-0.7211906,-0.0839298,-0.2030239,0.9059083,4.610755E-10,4.610755E-10,-0.5058776,-1.106484
'[19:15:22.052 21/01/2026]',-0.7211906,-0.0839298,-0.2030239,0.9059083,4.610755E-10,4.610755E-10,-0.5058776,-1.106484
'[19:15:22.060 21/01/2026]',1.092245,1.130054,4.082577,-2.249402,4.610755E-10,4.610755E-10,0.7948301,15.94544
'[19:15:22.068 21/01/2026]',1.092245,1.130054,4.082577,-2.249402,4.610755E-10,4.610755E-10,0.7948301,15.94544
'[19:15:22.076 21/01/2026]',1.092245,1.130054,4.082577,-2.249402,4.610755E-10,4.610755E-10,0.7948301,15.94544
'[19:15:22.084 21/01/2026]',-2.928294,-3.004096,-5.618959,-2.73585,4.610755E-10,4.610755E-10,-3.685701,-19.63448
'[19:15:22.092 21/01/2026]',-2.928294,-3.004096,-5.618959,-2.73585,4.610755E-10,4.610755E-10,-3.685701,-19.63448
'[19:15:22.100 21/01/2026]',1.806381,2.249967,0.9398047,6.32344,4.610755E-10,4.610755E-10,5.926921,11.19081
'[19:15:22.108 21/01/2026]',1.806381,2.249967,0.9398047,6.32344,4.610755E-10,4.610755E-10,5.926921,11.19081
'[19:15:22.116 21/01/2026]',-1.791963,-3.440944,-0.6576846,-5.652883,4.610755E-10,4.610755E-10,-3.493328,6.822184
'[19:15:22.124 21/01/2026]',-1.791963,-3.440944,-0.6576846,-5.652883,4.610755E-10,4.610755E-10,-3.493328,6.822184
'[19:15:22.132 21/01/2026]',2.294601,3.887659,3.137553,3.614411,4.610755E-10,4.610755E-10,0.2542702,-1.682266
'[19:15:22.140 21/01/2026]',2.294601,3.887659,3.137553,3.614411,4.610755E-10,4.610755E-10,0.2542702,-1.682266
'[19:15:22.148 21/01/2026]',0.2672169,-0.4374856,0.280836,-0.6948655,4.610755E-10,4.610755E-10,-0.6438316,-16.29021
'[19:15:22.156 21/01/2026]',0.2672169,-0.4374856,0.280836,-0.6948655,4.610755E-10,4.610755E-10,-0.6438316,-16.29021
'[19:15:22.164 21/01/2026]',-2.074843,-0.7898249,-2.241849,-1.006246,4.610755E-10,4.610755E-10,1.178622,3.084038
'[19:15:22.172 21/01/2026]',-2.074843,-0.7898249,-2.241849,-1.006246,4.610755E-10,4.610755E-10,1.178622,3.084038
'[19:15:22.180 21/01/2026]',-2.074843,-0.7898249,-2.241849,-1.006246,4.610755E-10,4.610755E-10,1.178622,3.084038
'[19:15:22.188 21/01/2026]',3.135676,5.290104,1.482891,2.775605,4.610755E-10,4.610755E-10,3.547688,6.592346
'[19:15:22.196 21/01/2026]',3.135676,5.290104,1.482891,2.775605,4.610755E-10,4.610755E-10,3.547688,6.592346
'[19:15:22.204 21/01/2026]',3.135676,5.290104,1.482891,2.775605,4.610755E-10,4.610755E-10,3.547688,6.592346
'[19:15:22.212 21/01/2026]',-5.627204,-10.14821,-3.682289,-7.499479,4.610755E-10,4.610755E-10,-7.699053,-14.39974
'[19:15:22.220 21/01/2026]',3.903949,7.208418,2.301711,4.530481,4.610755E-10,4.610755E-10,4.892354,6.858564
'[19:15:22.228 21/01/2026]',3.903949,7.208418,2.301711,4.530481,4.610755E-10,4.610755E-10,4.892354,6.858564
'[19:15:22.236 21/01/2026]',0.1412577,0.04603269,2.363951,3.996458,4.610755E-10,4.610755E-10,0.9372809,6.965003
'[19:15:22.244 21/01/2026]',0.1412577,0.04603269,2.363951,3.996458,4.610755E-10,4.610755E-10,0.9372809,6.965003
'[19:15:22.252 21/01/2026]',-0.984855,-2.622869,-1.260389,-2.061691,4.610755E-10,4.610755E-10,-1.877725,-10.13291
'[19:15:22.260 21/01/2026]',-0.984855,-2.622869,-1.260389,-2.061691,4.610755E-10,4.610755E-10,-1.877725,-10.13291
'[19:15:22.268 21/01/2026]',-0.984855,-2.622869,-1.260389,-2.061691,4.610755E-10,4.610755E-10,-1.877725,-10.13291
'[19:15:22.276 21/01/2026]',-2.012763,-0.5541089,-1.737333,-5.787261,4.610755E-10,4.610755E-10,-1.453442,15.04097
'[19:15:22.284 21/01/2026]',1.871907,1.602057,0.3470822,4.39604,4.610755E-10,4.610755E-10,0.7848737,-8.477264
'[19:15:22.292 21/01/2026]',0.931833,1.593436,1.524601,4.393424,4.610755E-10,4.610755E-10,0.2693169,4.844939
'[19:15:22.300 21/01/2026]',-4.223207,-5.225568,-2.632463,-7.282475,4.610755E-10,4.610755E-10,-2.411441,0.08421449
'[19:15:22.308 21/01/2026]',-1.497837,7.958497,-1.468311,4.046103,4.610755E-10,4.610755E-10,4.847298,5.039357
'[19:15:22.316 21/01/2026]',4.786844,-0.7680981,3.524895,-0.461384,4.610755E-10,4.610755E-10,-0.01458922,-10.1809
'[19:15:22.324 21/01/2026]',0.5243152,-11.93607,0.3628575,-1.667852,4.610755E-10,4.610755E-10,-4.373384,3.917466
'[19:15:22.332 21/01/2026]',0.5243152,-11.93607,0.3628575,-1.667852,4.610755E-10,4.610755E-10,-4.373384,3.917466
'[19:15:22.340 21/01/2026]',-4.820199,7.127791,-2.926679,1.488044,4.610755E-10,4.610755E-10,2.790829,-0.01033466
'[19:15:22.348 21/01/2026]',1.165277,-0.1081503,-0.7817086,-2.304997,4.610755E-10,4.610755E-10,0.505035,-8.016563
'[19:15:22.356 21/01/2026]',2.446047,0.1543173,1.550601,1.080082,4.610755E-10,4.610755E-10,-3.468333,-11.7215
'[19:15:22.364 21/01/2026]',2.446047,0.1543173,1.550601,1.080082,4.610755E-10,4.610755E-10,-3.468333,-11.7215
'[19:15:22.372 21/01/2026]',2.446047,0.1543173,1.550601,1.080082,4.610755E-10,4.610755E-10,-3.468333,-11.7215
'[19:15:22.380 21/01/2026]',-0.8743973,-0.1486808,1.798195,2.821408,4.610755E-10,4.610755E-10,3.665706,9.114987
'[19:15:22.388 21/01/2026]',-0.2297575,-0.8037646,-2.003129,-1.381806,4.610755E-10,4.610755E-10,-0.3160848,3.459352
'[19:15:22.396 21/01/2026]',-1.306038,-1.6463,-2.699823,-2.843946,4.610755E-10,4.610755E-10,-3.427361,-5.32597
'[19:15:22.404 21/01/2026]',0.7432303,3.371332,1.231247,1.594563,4.610755E-10,4.610755E-10,2.138039,12.69924
'[19:15:22.412 21/01/2026]',3.519775,2.90275,2.829734,2.372212,4.610755E-10,4.610755E-10,-0.1016973,-7.275046
'[19:15:22.420 21/01/2026]',-14.33358,-34.75014,-5.76478,-12.70532,4.610755E-10,4.610755E-10,-5.606354,2.096145
'[19:15:22.428 21/01/2026]',21.14912,50.42946,6.889996,16.56005,4.610755E-10,4.610755E-10,6.165529,23.66002
'[19:15:22.436 21/01/2026]',-3.110034,-7.093177,-0.9271064,-1.703359,4.610755E-10,4.610755E-10,1.639422,-13.58158
'[19:15:22.444 21/01/2026]',-8.570458,-21.37345,0.4648587,-5.35248,4.610755E-10,4.610755E-10,0.008340019,-3.122864
'[19:15:22.452 21/01/2026]',3.63614,9.299541,-2.390416,1.274745,4.610755E-10,4.610755E-10,-3.075775,-5.127614
'[19:15:22.460 21/01/2026]',-5.062285,8.262584,-4.202252,0.4615581,4.610755E-10,4.610755E-10,-0.8233547,11.76114
'[19:15:22.468 21/01/2026]',7.254416,-7.343358,6.582527,-2.27158,4.610755E-10,4.610755E-10,-0.6617563,-21.06429
'[19:15:22.476 21/01/2026]',-2.031826,-4.737791,-1.374306,2.256746,4.610755E-10,4.610755E-10,1.790868,11.66467
'[19:15:22.484 21/01/2026]',-1.647076,7.103024,-1.706953,1.089733,4.610755E-10,4.610755E-10,2.010787,7.991648
'[19:15:22.492 21/01/2026]',1.05989,0.2178741,0.09139128,-3.018733,4.610755E-10,4.610755E-10,-3.33044,-16.68348
'[19:15:22.500 21/01/2026]',-0.4902804,-3.811005,1.529714,2.796147,4.610755E-10,4.610755E-10,0.1671121,19.8133
'[19:15:22.508 21/01/2026]',0.707086,0.8509698,-1.818114,-0.1303129,4.610755E-10,4.610755E-10,1.958784,-10.03391
'[19:15:22.516 21/01/2026]',-2.959435,-1.308513,-1.777139,-4.345081,4.610755E-10,4.610755E-10,-3.671686,-4.207396
'[19:15:22.524 21/01/2026]',4.064265,3.482556,3.965651,5.633138,4.610755E-10,4.610755E-10,2.658665,14.79566
'[19:15:22.532 21/01/2026]',4.064265,3.482556,3.965651,5.633138,4.610755E-10,4.610755E-10,2.658665,14.79566
'[19:15:22.540 21/01/2026]',4.064265,3.482556,3.965651,5.633138,4.610755E-10,4.610755E-10,2.658665,14.79566
'[19:15:22.548 21/01/2026]',-6.116452,1.518025,-6.568214,-4.212034,4.610755E-10,4.610755E-10,-0.6465559,-22.94094
'[19:15:22.556 21/01/2026]',-6.116452,1.518025,-6.568214,-4.212034,4.610755E-10,4.610755E-10,-0.6465559,-22.94094
'[19:15:22.564 21/01/2026]',-6.116452,1.518025,-6.568214,-4.212034,4.610755E-10,4.610755E-10,-0.6465559,-22.94094
'[19:15:22.572 21/01/2026]',6.603885,-5.161809,6.147348,-0.7165023,4.610755E-10,4.610755E-10,-1.532485,11.83254
'[19:15:22.580 21/01/2026]',6.603885,-5.161809,6.147348,-0.7165023,4.610755E-10,4.610755E-10,-1.532485,11.83254
'[19:15:22.588 21/01/2026]',6.603885,-5.161809,6.147348,-0.7165023,4.610755E-10,4.610755E-10,-1.532485,11.83254
'[19:15:22.596 21/01/2026]',1.151044,0.9293694,1.220246,3.241933,4.610755E-10,4.610755E-10,1.484574,-7.971065
'[19:15:22.604 21/01/2026]',1.151044,0.9293694,1.220246,3.241933,4.610755E-10,4.610755E-10,1.484574,-7.971065
'[19:15:22.612 21/01/2026]',1.151044,0.9293694,1.220246,3.241933,4.610755E-10,4.610755E-10,1.484574,-7.971065
'[19:15:22.620 21/01/2026]',-3.406083,3.391434,-2.692338,-1.21439,4.610755E-10,4.610755E-10,1.703,5.034397
'[19:15:22.628 21/01/2026]',-3.456047,-6.412025,-3.52493,-5.516502,4.610755E-10,4.610755E-10,-4.556304,-33.22659
'[19:15:22.636 21/01/2026]',3.473528,2.323292,3.631274,5.900338,4.610755E-10,4.610755E-10,0.833426,30.26585
'[19:15:22.644 21/01/2026]',3.89661,3.882676,3.133009,1.487841,4.610755E-10,4.610755E-10,3.107362,-15.81391
'[19:15:22.652 21/01/2026]',3.89661,3.882676,3.133009,1.487841,4.610755E-10,4.610755E-10,3.107362,-15.81391
'[19:15:22.660 21/01/2026]',3.89661,3.882676,3.133009,1.487841,4.610755E-10,4.610755E-10,3.107362,-15.81391
'[19:15:22.668 21/01/2026]',-6.357389,-3.957098,-6.156157,-5.74313,4.610755E-10,4.610755E-10,-2.961093,18.85536
'[19:15:22.676 21/01/2026]',-6.357389,-3.957098,-6.156157,-5.74313,4.610755E-10,4.610755E-10,-2.961093,18.85536
'[19:15:22.684 21/01/2026]',3.078726,1.677004,5.259228,4.002534,4.610755E-10,4.610755E-10,2.500091,-4.132915
'[19:15:22.692 21/01/2026]',3.078726,1.677004,5.259228,4.002534,4.610755E-10,4.610755E-10,2.500091,-4.132915
'[19:15:22.700 21/01/2026]',-0.1662734,-0.3214439,-2.926371,-1.178608,4.610755E-10,4.610755E-10,-2.243308,-12.27406
'[19:15:22.708 21/01/2026]',-0.1662734,-0.3214439,-2.926371,-1.178608,4.610755E-10,4.610755E-10,-2.243308,-12.27406
'[19:15:22.716 21/01/2026]',-0.1662734,-0.3214439,-2.926371,-1.178608,4.610755E-10,4.610755E-10,-2.243308,-12.27406
'[19:15:22.724 21/01/2026]',-0.7248437,0.7012578,-0.364864,1.769312,4.610755E-10,4.610755E-10,-1.557702,29.04724
'[19:15:22.732 21/01/2026]',-0.7248437,0.7012578,-0.364864,1.769312,4.610755E-10,4.610755E-10,-1.557702,29.04724
'[19:15:22.740 21/01/2026]',-2.45745,-4.10883,-0.4350624,-4.756165,4.610755E-10,4.610755E-10,0.6790366,-22.36014
'[19:15:22.748 21/01/2026]',-2.45745,-4.10883,-0.4350624,-4.756165,4.610755E-10,4.610755E-10,0.6790366,-22.36014
'[19:15:22.756 21/01/2026]',-2.45745,-4.10883,-0.4350624,-4.756165,4.610755E-10,4.610755E-10,0.6790366,-22.36014
'[19:15:22.764 21/01/2026]',-2.45745,-4.10883,-0.4350624,-4.756165,4.610755E-10,4.610755E-10,0.6790366,-22.36014
'[19:15:22.772 21/01/2026]',3.087966,2.448602,1.068869,2.701722,4.610755E-10,4.610755E-10,0.7006865,5.727226
'[19:15:22.780 21/01/2026]',3.087966,2.448602,1.068869,2.701722,4.610755E-10,4.610755E-10,0.7006865,5.727226
'[19:15:22.788 21/01/2026]',1.400501,2.859758,1.696155,3.922553,4.610755E-10,4.610755E-10,-0.0398455,19.53426
'[19:15:22.796 21/01/2026]',-2.625888,-3.44536,-2.697546,-5.943632,4.610755E-10,4.610755E-10,-0.2932796,-28.78204
'[19:15:22.804 21/01/2026]',-2.625888,-3.44536,-2.697546,-5.943632,4.610755E-10,4.610755E-10,-0.2932796,-28.78204
'[19:15:22.812 21/01/2026]',1.985062,2.345358,2.166331,4.202693,4.610755E-10,4.610755E-10,0.8793493,27.03079
'[19:15:22.820 21/01/2026]',1.985062,2.345358,2.166331,4.202693,4.610755E-10,4.610755E-10,0.8793493,27.03079
'[19:15:22.828 21/01/2026]',-1.382731,-2.185308,-0.7790287,-1.87985,4.610755E-10,4.610755E-10,0.9466252,-33.24802
'[19:15:22.836 21/01/2026]',-1.382731,-2.185308,-0.7790287,-1.87985,4.610755E-10,4.610755E-10,0.9466252,-33.24802
'[19:15:22.844 21/01/2026]',0.5476882,3.292268,1.409107,1.264978,4.610755E-10,4.610755E-10,-1.567253,10.27362
'[19:15:22.852 21/01/2026]',0.5476882,3.292268,1.409107,1.264978,4.610755E-10,4.610755E-10,-1.567253,10.27362
'[19:15:22.860 21/01/2026]',2.122901,-1.036713,-0.6327054,-2.096294,4.610755E-10,4.610755E-10,0.1650341,3.024702
'[19:15:22.868 21/01/2026]',2.122901,-1.036713,-0.6327054,-2.096294,4.610755E-10,4.610755E-10,0.1650341,3.024702
'[19:15:22.876 21/01/2026]',2.122901,-1.036713,-0.6327054,-2.096294,4.610755E-10,4.610755E-10,0.1650341,3.024702
'[19:15:22.884 21/01/2026]',-2.755349,-1.529196,-1.148926,1.709722,4.610755E-10,4.610755E-10,1.870394,1.269145
'[19:15:22.892 21/01/2026]',-2.755349,-1.529196,-1.148926,1.709722,4.610755E-10,4.610755E-10,1.870394,1.269145
'[19:15:22.900 21/01/2026]',-2.755349,-1.529196,-1.148926,1.709722,4.610755E-10,4.610755E-10,1.870394,1.269145
'[19:15:22.908 21/01/2026]',-2.755349,-1.529196,-1.148926,1.709722,4.610755E-10,4.610755E-10,1.870394,1.269145
'[19:15:22.916 21/01/2026]',0.1666303,1.088345,0.6611428,0.1266393,4.610755E-10,4.610755E-10,-1.91311,-25.61372
'[19:15:22.924 21/01/2026]',-1.90785,-2.710765,-2.74795,-4.091838,4.610755E-10,4.610755E-10,-2.368376,26.93752
'[19:15:22.932 21/01/2026]',-1.90785,-2.710765,-2.74795,-4.091838,4.610755E-10,4.610755E-10,-2.368376,26.93752
'[19:15:22.940 21/01/2026]',-1.90785,-2.710765,-2.74795,-4.091838,4.610755E-10,4.610755E-10,-2.368376,26.93752
'[19:15:22.948 21/01/2026]',-5.131192,2.835448,3.848017,6.336488,4.610755E-10,4.610755E-10,6.345538,24.61476
'[19:15:22.956 21/01/2026]',-4.420657,-13.7226,-8.696872,-9.342228,4.610755E-10,4.610755E-10,-9.64732,-37.39233
'[19:15:22.964 21/01/2026]',28.12262,24.40295,11.58041,11.21599,4.610755E-10,4.610755E-10,5.229762,27.52561
'[19:15:22.972 21/01/2026]',28.12262,24.40295,11.58041,11.21599,4.610755E-10,4.610755E-10,5.229762,27.52561
'[19:15:22.980 21/01/2026]',-17.35925,-7.972982,-1.536415,-1.4734,4.610755E-10,4.610755E-10,3.726854,-16.39893
'[19:15:22.988 21/01/2026]',-17.35925,-7.972982,-1.536415,-1.4734,4.610755E-10,4.610755E-10,3.726854,-16.39893
'[19:15:22.996 21/01/2026]',-17.35925,-7.972982,-1.536415,-1.4734,4.610755E-10,4.610755E-10,3.726854,-16.39893
'[19:15:23.004 21/01/2026]',-7.424408,-7.611236,-6.208739,-7.897948,4.610755E-10,4.610755E-10,-3.992193,2.439674
'[19:15:23.012 21/01/2026]',-7.424408,-7.611236,-6.208739,-7.897948,4.610755E-10,4.610755E-10,-3.992193,2.439674
'[19:15:23.020 21/01/2026]',9.148143,5.65171,1.463033,6.164843,4.610755E-10,4.610755E-10,-0.9411097,17.36134
'[19:15:23.028 21/01/2026]',0.621563,-0.693699,3.271739,-0.8527511,4.610755E-10,4.610755E-10,2.729643,-15.67998
'[19:15:23.036 21/01/2026]',-4.75952,-1.617995,-4.48553,-2.34254,4.610755E-10,4.610755E-10,-0.3916153,-14.4044
'[19:15:23.044 21/01/2026]',0.5946497,-0.4791223,2.806564,1.266587,4.610755E-10,4.610755E-10,-0.8524413,15.31353
'[19:15:23.052 21/01/2026]',1.880558,0.5347193,-1.450623,-0.5921303,4.610755E-10,4.610755E-10,-2.707564,-16.40816
'[19:15:23.060 21/01/2026]',1.880558,0.5347193,-1.450623,-0.5921303,4.610755E-10,4.610755E-10,-2.707564,-16.40816
'[19:15:23.068 21/01/2026]',3.520046,4.843532,2.387234,2.551108,4.610755E-10,4.610755E-10,3.878147,7.703091
'[19:15:23.076 21/01/2026]',0.5511256,5.336572,-0.2469383,-0.2492052,4.610755E-10,4.610755E-10,1.280231,4.664001
'[19:15:23.084 21/01/2026]',-4.813779,-11.30054,-0.7720948,-2.245463,4.610755E-10,4.610755E-10,-4.558759,2.210069
'[19:15:23.092 21/01/2026]',0.2847487,0.4779362,0.577597,-0.336052,4.610755E-10,4.610755E-10,-0.4296548,-14.85745
'[19:15:23.100 21/01/2026]',0.2847487,0.4779362,0.577597,-0.336052,4.610755E-10,4.610755E-10,-0.4296548,-14.85745
'[19:15:23.108 21/01/2026]',3.309159,7.44997,-0.6946948,4.045518,4.610755E-10,4.610755E-10,3.341995,9.254132
'[19:15:23.116 21/01/2026]',-1.34356,-3.760567,0.8894796,-1.609794,4.610755E-10,4.610755E-10,1.257794,-10.37038
'[19:15:23.124 21/01/2026]',-0.9714999,-3.167557,-0.2180551,-1.234282,4.610755E-10,4.610755E-10,-0.8588705,7.260516
'[19:15:23.132 21/01/2026]',-0.6607096,2.044234,-0.7698477,-0.4907087,4.610755E-10,4.610755E-10,-3.308214,0.3678891
'[19:15:23.140 21/01/2026]',-0.686996,-0.811109,-1.165029,-0.08801099,4.610755E-10,4.610755E-10,0.3631834,-8.100403
'[19:15:23.148 21/01/2026]',3.93748,4.563632,3.16194,2.889056,4.610755E-10,4.610755E-10,3.653556,4.223839
'[19:15:23.156 21/01/2026]',-7.089128,-8.387238,-5.032384,-5.556149,4.610755E-10,4.610755E-10,-6.263385,20.76363
'[19:15:23.164 21/01/2026]',-7.089128,-8.387238,-5.032384,-5.556149,4.610755E-10,4.610755E-10,-6.263385,20.76363
'[19:15:23.172 21/01/2026]',5.721437,5.586517,5.492203,5.599998,4.610755E-10,4.610755E-10,5.504767,-16.26144
'[19:15:23.180 21/01/2026]',0.6399086,2.505677,-1.466396,-0.7439051,4.610755E-10,4.610755E-10,-1.549327,-0.8802343
'[19:15:23.188 21/01/2026]',-2.446773,-4.256182,-2.562351,-3.230927,4.610755E-10,4.610755E-10,-3.01281,3.470509
'[19:15:23.196 21/01/2026]',-0.1387082,0.2737724,1.181636,0.6867385,4.610755E-10,4.610755E-10,1.207059,-8.683483
'[19:15:23.204 21/01/2026]',1.265501,1.252623,2.29223,1.356444,4.610755E-10,4.610755E-10,1.303332,-6.73354
'[19:15:23.212 21/01/2026]',-0.4504182,-0.9452982,-1.455264,-0.5589747,4.610755E-10,4.610755E-10,-0.5598365,20.33756
'[19:15:23.220 21/01/2026]',-2.46086,-1.765237,-3.724842,-2.98803,4.610755E-10,4.610755E-10,-0.2642339,-15.42124
'[19:15:23.228 21/01/2026]',-2.46086,-1.765237,-3.724842,-2.98803,4.610755E-10,4.610755E-10,-0.2642339,-15.42124
'[19:15:23.236 21/01/2026]',3.932911,4.06429,4.89934,3.107296,4.610755E-10,4.610755E-10,1.88397,-18.50648
'[19:15:23.244 21/01/2026]',-1.763537,-2.901911,-0.5591666,1.447188,4.610755E-10,4.610755E-10,-1.664929,34.23965
'[19:15:23.252 21/01/2026]',-0.5420882,2.561802,-3.69138,-2.176228,4.610755E-10,4.610755E-10,-1.337656,-11.92021
'[19:15:23.260 21/01/2026]',-0.5420882,2.561802,-3.69138,-2.176228,4.610755E-10,4.610755E-10,-1.337656,-11.92021
'[19:15:23.268 21/01/2026]',0.06995712,4.286746,1.795053,0.5469858,4.610755E-10,4.610755E-10,3.198869,-1.163775
'[19:15:23.276 21/01/2026]',1.641442,-12.23793,1.452503,-3.061576,4.610755E-10,4.610755E-10,-4.343875,3.548624
'[19:15:23.284 21/01/2026]',-1.112162,5.47708,-1.354814,4.229486,4.610755E-10,4.610755E-10,1.751194,-2.147501
'[19:15:23.292 21/01/2026]',-2.065673,0.8920314,-0.3293853,-1.651318,4.610755E-10,4.610755E-10,-0.8006262,6.953153
'[19:15:23.300 21/01/2026]',-2.065673,0.8920314,-0.3293853,-1.651318,4.610755E-10,4.610755E-10,-0.8006262,6.953153
'[19:15:23.308 21/01/2026]',0.9981446,-2.469866,0.6763462,-3.270779,4.610755E-10,4.610755E-10,1.921039,-12.16194
'[19:15:23.316 21/01/2026]',0.9981446,-2.469866,0.6763462,-3.270779,4.610755E-10,4.610755E-10,1.921039,-12.16194
'[19:15:23.324 21/01/2026]',0.9981446,-2.469866,0.6763462,-3.270779,4.610755E-10,4.610755E-10,1.921039,-12.16194
'[19:15:23.332 21/01/2026]',0.9981446,-2.469866,0.6763462,-3.270779,4.610755E-10,4.610755E-10,1.921039,-12.16194
'[19:15:23.340 21/01/2026]',1.443207,1.052941,-0.7655295,3.262138,4.610755E-10,4.610755E-10,-0.09820325,2.980857
'[19:15:23.348 21/01/2026]',-1.685768,0.6972473,1.460535,1.16252,4.610755E-10,4.610755E-10,-1.784719,2.391501
'[19:15:23.356 21/01/2026]',-1.685768,0.6972473,1.460535,1.16252,4.610755E-10,4.610755E-10,-1.784719,2.391501
'[19:15:23.364 21/01/2026]',-1.004039,-2.924164,-3.383798,-2.810462,4.610755E-10,4.610755E-10,0.3058141,-2.969457
'[19:15:23.372 21/01/2026]',-1.004039,-2.924164,-3.383798,-2.810462,4.610755E-10,4.610755E-10,0.3058141,-2.969457
'[19:15:23.380 21/01/2026]',-2.503339,-2.618041,-0.3700292,-3.857221,4.610755E-10,4.610755E-10,-2.079148,-2.369049
'[19:15:23.388 21/01/2026]',-2.503339,-2.618041,-0.3700292,-3.857221,4.610755E-10,4.610755E-10,-2.079148,-2.369049
'[19:15:23.396 21/01/2026]',-2.503339,-2.618041,-0.3700292,-3.857221,4.610755E-10,4.610755E-10,-2.079148,-2.369049
'[19:15:23.404 21/01/2026]',6.512295,8.243849,6.413821,6.850025,4.610755E-10,4.610755E-10,3.889469,-3.949461
'[19:15:23.412 21/01/2026]',6.512295,8.243849,6.413821,6.850025,4.610755E-10,4.610755E-10,3.889469,-3.949461
'[19:15:23.420 21/01/2026]',6.512295,8.243849,6.413821,6.850025,4.610755E-10,4.610755E-10,3.889469,-3.949461
'[19:15:23.428 21/01/2026]',6.512295,8.243849,6.413821,6.850025,4.610755E-10,4.610755E-10,3.889469,-3.949461
'[19:15:23.436 21/01/2026]',-1.521918,-2.328901,-4.059601,-0.3770991,4.610755E-10,4.610755E-10,-2.39371,7.734181
'[19:15:23.444 21/01/2026]',-2.844399,-2.268673,-1.771832,-4.395462,4.610755E-10,4.610755E-10,-0.7353511,-2.625345
'[19:15:23.452 21/01/2026]',-2.844399,-2.268673,-1.771832,-4.395462,4.610755E-10,4.610755E-10,-0.7353511,-2.625345
'[19:15:23.460 21/01/2026]',-2.844399,-2.268673,-1.771832,-4.395462,4.610755E-10,4.610755E-10,-0.7353511,-2.625345
'[19:15:23.468 21/01/2026]',0.9161041,1.101189,1.540735,2.866121,4.610755E-10,4.610755E-10,1.256068,10.69528
'[19:15:23.476 21/01/2026]',0.9161041,1.101189,1.540735,2.866121,4.610755E-10,4.610755E-10,1.256068,10.69528
'[19:15:23.484 21/01/2026]',1.596372,0.01680007,0.718542,1.777175,4.610755E-10,4.610755E-10,0.5343115,-10.0564
'[19:15:23.492 21/01/2026]',1.596372,0.01680007,0.718542,1.777175,4.610755E-10,4.610755E-10,0.5343115,-10.0564
'[19:15:23.500 21/01/2026]',-1.594019,-0.9603865,-1.020429,-3.51167,4.610755E-10,4.610755E-10,-3.441177,-2.643051
'[19:15:23.508 21/01/2026]',-1.594019,-0.9603865,-1.020429,-3.51167,4.610755E-10,4.610755E-10,-3.441177,-2.643051
'[19:15:23.516 21/01/2026]',-1.324139,0.4948766,-1.605306,1.579202,4.610755E-10,4.610755E-10,4.392857,22.58416
'[19:15:23.524 21/01/2026]',-1.324139,0.4948766,-1.605306,1.579202,4.610755E-10,4.610755E-10,4.392857,22.58416
'[19:15:23.532 21/01/2026]',3.579439,2.680331,4.166239,2.199715,4.610755E-10,4.610755E-10,0.7441977,-3.96538
'[19:15:23.540 21/01/2026]',3.579439,2.680331,4.166239,2.199715,4.610755E-10,4.610755E-10,0.7441977,-3.96538
'[19:15:23.548 21/01/2026]',-1.273039,-2.111523,-3.054474,-1.995991,4.610755E-10,4.610755E-10,-3.739517,-24.3812
'[19:15:23.556 21/01/2026]',-0.7087186,0.02859922,0.4463084,-0.492849,4.610755E-10,4.610755E-10,3.2453,32.01486
'[19:15:23.564 21/01/2026]',-0.7087186,0.02859922,0.4463084,-0.492849,4.610755E-10,4.610755E-10,3.2453,32.01486
'[19:15:23.572 21/01/2026]',1.27867,0.003558677,-0.5051129,-0.4965147,4.610755E-10,4.610755E-10,-2.471581,-19.38716
'[19:15:23.580 21/01/2026]',1.27867,0.003558677,-0.5051129,-0.4965147,4.610755E-10,4.610755E-10,-2.471581,-19.38716
'[19:15:23.588 21/01/2026]',1.27867,0.003558677,-0.5051129,-0.4965147,4.610755E-10,4.610755E-10,-2.471581,-19.38716
'[19:15:23.596 21/01/2026]',1.27867,0.003558677,-0.5051129,-0.4965147,4.610755E-10,4.610755E-10,-2.471581,-19.38716
'[19:15:23.604 21/01/2026]',-10.61517,1.64762,-1.867951,0.8159572,4.610755E-10,4.610755E-10,2.652498,-5.134049
'[19:15:23.612 21/01/2026]',-10.61517,1.64762,-1.867951,0.8159572,4.610755E-10,4.610755E-10,2.652498,-5.134049
'[19:15:23.620 21/01/2026]',-10.61517,1.64762,-1.867951,0.8159572,4.610755E-10,4.610755E-10,2.652498,-5.134049
'[19:15:23.628 21/01/2026]',-10.61517,1.64762,-1.867951,0.8159572,4.610755E-10,4.610755E-10,2.652498,-5.134049
'[19:15:23.636 21/01/2026]',9.830727,-2.609965,0.8464783,-0.1753727,4.610755E-10,4.610755E-10,-2.040349,-1.946497
'[19:15:23.644 21/01/2026]',5.504211,1.109678,4.657187,-0.2440935,4.610755E-10,4.610755E-10,-1.838228,9.129067
'[19:15:23.652 21/01/2026]',-9.341737,0.1379499,-4.88835,0.07840003,4.610755E-10,4.610755E-10,2.013094,-23.21247
'[19:15:23.660 21/01/2026]',0.3499056,-0.08703916,1.016175,0.4468909,4.610755E-10,4.610755E-10,1.569332,15.73554
'[19:15:23.668 21/01/2026]',0.3499056,-0.08703916,1.016175,0.4468909,4.610755E-10,4.610755E-10,1.569332,15.73554
'[19:15:23.676 21/01/2026]',9.38339,5.980242,6.64633,6.366982,4.610755E-10,4.610755E-10,4.804835,13.80931
'[19:15:23.684 21/01/2026]',9.38339,5.980242,6.64633,6.366982,4.610755E-10,4.610755E-10,4.804835,13.80931
'[19:15:23.692 21/01/2026]',9.38339,5.980242,6.64633,6.366982,4.610755E-10,4.610755E-10,4.804835,13.80931
'[19:15:23.700 21/01/2026]',-9.582699,-11.0242,-8.992544,-9.056017,4.610755E-10,4.610755E-10,-11.98179,-26.69195
'[19:15:23.708 21/01/2026]',-9.582699,-11.0242,-8.992544,-9.056017,4.610755E-10,4.610755E-10,-11.98179,-26.69195
'[19:15:23.716 21/01/2026]',2.822648,6.362184,2.779362,2.907793,4.610755E-10,4.610755E-10,7.002235,19.88737
'[19:15:23.724 21/01/2026]',2.822648,6.362184,2.779362,2.907793,4.610755E-10,4.610755E-10,7.002235,19.88737
'[19:15:23.732 21/01/2026]',2.905668,1.973695,3.268227,3.741296,4.610755E-10,4.610755E-10,2.673293,-1.156629
'[19:15:23.740 21/01/2026]',2.905668,1.973695,3.268227,3.741296,4.610755E-10,4.610755E-10,2.673293,-1.156629
'[19:15:23.748 21/01/2026]',-3.295369,-4.283837,-2.699151,-2.946721,4.610755E-10,4.610755E-10,-2.633311,-0.2345933
'[19:15:23.756 21/01/2026]',-3.295369,-4.283837,-2.699151,-2.946721,4.610755E-10,4.610755E-10,-2.633311,-0.2345933
'[19:15:23.764 21/01/2026]',0.5537764,1.616744,-1.943757,-2.070915,4.610755E-10,4.610755E-10,-3.26619,7.878277
'[19:15:23.772 21/01/2026]',0.1601454,-0.07054769,1.446604,2.354684,4.610755E-10,4.610755E-10,2.672331,-10.09516
'[19:15:23.780 21/01/2026]',0.2867459,0.177613,0.5045567,0.966673,4.610755E-10,4.610755E-10,2.339086,-3.058697
'[19:15:23.788 21/01/2026]',-0.8410795,-1.776066,-0.5733732,-3.656043,4.610755E-10,4.610755E-10,-4.457342,-4.687477
'[19:15:23.796 21/01/2026]',1.028399,2.477156,0.654914,1.65727,4.610755E-10,4.610755E-10,2.187334,-1.904639
'[19:15:23.804 21/01/2026]',1.028399,2.477156,0.654914,1.65727,4.610755E-10,4.610755E-10,2.187334,-1.904639
'[19:15:23.812 21/01/2026]',0.5874887,1.246007,0.5268964,2.933306,4.610755E-10,4.610755E-10,0.6543714,22.28805
'[19:15:23.820 21/01/2026]',-2.085742,-2.875112,-2.12064,-2.716198,4.610755E-10,4.610755E-10,-1.059497,-15.96027
'[19:15:23.828 21/01/2026]',1.90035,1.128505,1.920378,0.7608079,4.610755E-10,4.610755E-10,-0.6831701,-0.1063664
'[19:15:23.836 21/01/2026]',2.524877,4.880041,1.687341,5.054487,4.610755E-10,4.610755E-10,4.267208,32.15049
'[19:15:23.844 21/01/2026]',-5.922736,-3.018297,-5.08578,-5.201832,4.610755E-10,4.610755E-10,-4.645593,-22.19891
'[19:15:23.852 21/01/2026]',-0.104917,3.186147,1.581072,1.916493,4.610755E-10,4.610755E-10,3.410683,-6.285968
'[19:15:23.860 21/01/2026]',-0.104917,3.186147,1.581072,1.916493,4.610755E-10,4.610755E-10,3.410683,-6.285968
'[19:15:23.868 21/01/2026]',6.180549,-10.4984,2.215856,-3.634985,4.610755E-10,4.610755E-10,-4.713918,27.1383
'[19:15:23.876 21/01/2026]',-5.188116,5.258834,-2.473934,1.643067,4.610755E-10,4.610755E-10,1.422463,-10.87875
'[19:15:23.884 21/01/2026]',4.439116,5.773958,4.134295,7.633294,4.610755E-10,4.610755E-10,6.379913,-12.38856
'[19:15:23.892 21/01/2026]',-7.39955,-11.80007,-8.674783,-14.33853,4.610755E-10,4.610755E-10,-11.0968,-2.370159
'[19:15:23.900 21/01/2026]',3.006081,4.416043,5.450539,3.850427,4.610755E-10,4.610755E-10,2.490851,7.055572
'[19:15:23.908 21/01/2026]',1.687714,-9.184202,3.14144,4.176974,4.610755E-10,4.610755E-10,9.048153,-2.977338
'[19:15:23.916 21/01/2026]',-2.131923,10.49159,-5.481161,-2.014422,4.610755E-10,4.610755E-10,-6.55929,-7.652966
'[19:15:23.924 21/01/2026]',2.121041,4.391316,2.326613,2.134287,4.610755E-10,4.610755E-10,-1.420918,0.7697241
'[19:15:23.932 21/01/2026]',-3.921754,-13.60058,-0.7626196,-5.596543,4.610755E-10,4.610755E-10,2.101861,-1.162655
'[19:15:23.940 21/01/2026]',-3.921754,-13.60058,-0.7626196,-5.596543,4.610755E-10,4.610755E-10,2.101861,-1.162655
'[19:15:23.948 21/01/2026]',3.577548,7.243124,1.061259,4.287625,4.610755E-10,4.610755E-10,0.1470229,11.59234
'[19:15:23.956 21/01/2026]',0.009704596,1.975306,0.1568817,2.518961,4.610755E-10,4.610755E-10,-1.347999,5.235429
'[19:15:23.964 21/01/2026]',-2.816644,-3.769765,-1.329613,-6.156284,4.610755E-10,4.610755E-10,2.112243,-12.72494
'[19:15:23.972 21/01/2026]',1.847379,1.163461,-0.3034824,2.533039,4.610755E-10,4.610755E-10,-1.530939,21.54267
'[19:15:23.980 21/01/2026]',-1.174937,-1.365432,-0.3491324,0.8843645,4.610755E-10,4.610755E-10,-1.421497,-15.46692
'[19:15:23.988 21/01/2026]',2.040658,3.014808,2.190394,0.1104882,4.610755E-10,4.610755E-10,0.2508496,13.81811
'[19:15:23.996 21/01/2026]',-0.6715209,-0.6768949,-1.620587,-0.8686852,4.610755E-10,4.610755E-10,2.839944,-13.46807
'[19:15:24.004 21/01/2026]',-0.6715209,-0.6768949,-1.620587,-0.8686852,4.610755E-10,4.610755E-10,2.839944,-13.46807
'[19:15:24.012 21/01/2026]',-1.090532,-1.209861,-1.226897,0.6288657,4.610755E-10,4.610755E-10,-2.923934,2.005138
'[19:15:24.020 21/01/2026]',1.126119,1.64562,2.526418,2.019336,4.610755E-10,4.610755E-10,2.341554,17.10774
'[19:15:24.028 21/01/2026]',1.126119,1.64562,2.526418,2.019336,4.610755E-10,4.610755E-10,2.341554,17.10774
'[19:15:24.036 21/01/2026]',1.126119,1.64562,2.526418,2.019336,4.610755E-10,4.610755E-10,2.341554,17.10774
'[19:15:24.044 21/01/2026]',1.126119,1.64562,2.526418,2.019336,4.610755E-10,4.610755E-10,2.341554,17.10774
'[19:15:24.052 21/01/2026]',-0.6608902,-1.884972,0.1715217,-2.348514,4.610755E-10,4.610755E-10,0.9917476,-19.52257
'[19:15:24.060 21/01/2026]',-0.5267166,0.9629489,-2.828209,-1.657418,4.610755E-10,4.610755E-10,-3.474583,13.49931
'[19:15:24.068 21/01/2026]',-0.5267166,0.9629489,-2.828209,-1.657418,4.610755E-10,4.610755E-10,-3.474583,13.49931
'[19:15:24.076 21/01/2026]',-0.5267166,0.9629489,-2.828209,-1.657418,4.610755E-10,4.610755E-10,-3.474583,13.49931
'[19:15:24.084 21/01/2026]',-0.5267166,0.9629489,-2.828209,-1.657418,4.610755E-10,4.610755E-10,-3.474583,13.49931
'[19:15:24.092 21/01/2026]',-0.5267166,0.9629489,-2.828209,-1.657418,4.610755E-10,4.610755E-10,-3.474583,13.49931
'[19:15:24.100 21/01/2026]',2.047735,0.927123,0.6178178,1.982495,4.610755E-10,4.610755E-10,0.5607553,-12.61793
'[19:15:24.108 21/01/2026]',-3.131576,-2.749302,-0.2166974,-0.2692166,4.610755E-10,4.610755E-10,-0.04435407,7.872667
'[19:15:24.116 21/01/2026]',-5.872326,1.106542,-2.846969,-1.614462,4.610755E-10,4.610755E-10,4.415228,-6.765922
'[19:15:24.124 21/01/2026]',-5.872326,1.106542,-2.846969,-1.614462,4.610755E-10,4.610755E-10,4.415228,-6.765922
'[19:15:24.132 21/01/2026]',5.960301,1.30599,3.328619,0.6639504,4.610755E-10,4.610755E-10,-4.453108,-13.28206
'[19:15:24.140 21/01/2026]',5.960301,1.30599,3.328619,0.6639504,4.610755E-10,4.610755E-10,-4.453108,-13.28206
'[19:15:24.148 21/01/2026]',5.478164,-6.090136,1.923944,1.028173,4.610755E-10,4.610755E-10,-0.9293652,13.51709
'[19:15:24.156 21/01/2026]',-4.633054,7.539027,-1.004171,2.501705,4.610755E-10,4.610755E-10,3.229762,-9.388106
'[19:15:24.164 21/01/2026]',-4.633054,7.539027,-1.004171,2.501705,4.610755E-10,4.610755E-10,3.229762,-9.388106
'[19:15:24.172 21/01/2026]',-4.633054,7.539027,-1.004171,2.501705,4.610755E-10,4.610755E-10,3.229762,-9.388106
'[19:15:24.180 21/01/2026]',-2.517103,-2.980443,-3.003767,-4.240589,4.610755E-10,4.610755E-10,0.499734,12.71309
'[19:15:24.188 21/01/2026]',-2.517103,-2.980443,-3.003767,-4.240589,4.610755E-10,4.610755E-10,0.499734,12.71309
'[19:15:24.196 21/01/2026]',2.424521,-2.070287,3.61191,1.41948,4.610755E-10,4.610755E-10,-2.006578,-13.00859
'[19:15:24.204 21/01/2026]',2.424521,-2.070287,3.61191,1.41948,4.610755E-10,4.610755E-10,-2.006578,-13.00859
'[19:15:24.212 21/01/2026]',2.424521,-2.070287,3.61191,1.41948,4.610755E-10,4.610755E-10,-2.006578,-13.00859
'[19:15:24.220 21/01/2026]',0.3637134,1.739471,0.1043899,2.522141,4.610755E-10,4.610755E-10,1.147087,-2.12849
'[19:15:24.228 21/01/2026]',-1.87213,-0.3094341,-4.049583,-3.267359,4.610755E-10,4.610755E-10,0.5609714,10.67882
'[19:15:24.236 21/01/2026]',-1.87213,-0.3094341,-4.049583,-3.267359,4.610755E-10,4.610755E-10,0.5609714,10.67882
'[19:15:24.244 21/01/2026]',-1.87213,-0.3094341,-4.049583,-3.267359,4.610755E-10,4.610755E-10,0.5609714,10.67882
'[19:15:24.252 21/01/2026]',-1.87213,-0.3094341,-4.049583,-3.267359,4.610755E-10,4.610755E-10,0.5609714,10.67882
'[19:15:24.260 21/01/2026]',-0.04369088,-0.3619761,1.673287,0.3179565,4.610755E-10,4.610755E-10,-2.180622,31.10772
'[19:15:24.268 21/01/2026]',-0.04369088,-0.3619761,1.673287,0.3179565,4.610755E-10,4.610755E-10,-2.180622,31.10772
'[19:15:24.276 21/01/2026]',-0.842283,-1.148047,-1.380803,2.494222,4.610755E-10,4.610755E-10,0.4044227,-22.84728
'[19:15:24.284 21/01/2026]',3.30595,2.290498,1.573548,-0.7393996,4.610755E-10,4.610755E-10,1.159175,-3.09682
'[19:15:24.292 21/01/2026]',3.30595,2.290498,1.573548,-0.7393996,4.610755E-10,4.610755E-10,1.159175,-3.09682
'[19:15:24.300 21/01/2026]',-3.220993,-1.100867,-1.091979,-2.226748,4.610755E-10,4.610755E-10,0.7451168,9.287906
'[19:15:24.308 21/01/2026]',-3.220993,-1.100867,-1.091979,-2.226748,4.610755E-10,4.610755E-10,0.7451168,9.287906
'[19:15:24.316 21/01/2026]',1.9616,1.438621,-1.256326,1.064654,4.610755E-10,4.610755E-10,-3.781463,1.345514
'[19:15:24.324 21/01/2026]',1.9616,1.438621,-1.256326,1.064654,4.610755E-10,4.610755E-10,-3.781463,1.345514
'[19:15:24.332 21/01/2026]',0.6099251,1.307183,3.974838,4.754849,4.610755E-10,4.610755E-10,2.185601,-0.7326043
'[19:15:24.340 21/01/2026]',0.6099251,1.307183,3.974838,4.754849,4.610755E-10,4.610755E-10,2.185601,-0.7326043
'[19:15:24.348 21/01/2026]',0.6099251,1.307183,3.974838,4.754849,4.610755E-10,4.610755E-10,2.185601,-0.7326043
'[19:15:24.356 21/01/2026]',-2.980341,-2.051524,-5.193486,-5.575967,4.610755E-10,4.610755E-10,0.5324673,-7.52401
'[19:15:24.364 21/01/2026]',-2.980341,-2.051524,-5.193486,-5.575967,4.610755E-10,4.610755E-10,0.5324673,-7.52401
'[19:15:24.372 21/01/2026]',0.3576024,-3.018507,-0.4902585,-4.238801,4.610755E-10,4.610755E-10,-2.807681,-17.70276
'[19:15:24.380 21/01/2026]',0.3576024,-3.018507,-0.4902585,-4.238801,4.610755E-10,4.610755E-10,-2.807681,-17.70276
'[19:15:24.388 21/01/2026]',0.6270598,6.412971,6.026228,8.548271,4.610755E-10,4.610755E-10,3.275812,15.55661
'[19:15:24.396 21/01/2026]',0.6270598,6.412971,6.026228,8.548271,4.610755E-10,4.610755E-10,3.275812,15.55661
'[19:15:24.404 21/01/2026]',0.6270598,6.412971,6.026228,8.548271,4.610755E-10,4.610755E-10,3.275812,15.55661
'[19:15:24.412 21/01/2026]',1.07467,-1.070472,-1.742347,-0.1140451,4.610755E-10,4.610755E-10,-0.4371307,-3.025225
'[19:15:24.420 21/01/2026]',1.07467,-1.070472,-1.742347,-0.1140451,4.610755E-10,4.610755E-10,-0.4371307,-3.025225
'[19:15:24.428 21/01/2026]',1.07467,-1.070472,-1.742347,-0.1140451,4.610755E-10,4.610755E-10,-0.4371307,-3.025225
'[19:15:24.436 21/01/2026]',1.07467,-1.070472,-1.742347,-0.1140451,4.610755E-10,4.610755E-10,-0.4371307,-3.025225
'[19:15:24.444 21/01/2026]',-1.774376,-9.343281,-4.90032,-8.04586,4.610755E-10,4.610755E-10,-4.391589,-1.202832
'[19:15:24.452 21/01/2026]',1.751975,8.955849,5.549982,8.516678,4.610755E-10,4.610755E-10,8.220496,18.16213
'[19:15:24.460 21/01/2026]',-0.9078443,0.76697,0.4439981,0.07913212,4.610755E-10,4.610755E-10,-5.048631,-16.97021
'[19:15:24.468 21/01/2026]',1.989607,-1.88716,-0.3434846,-1.888706,4.610755E-10,4.610755E-10,2.072097,6.440263
'[19:15:24.476 21/01/2026]',1.989607,-1.88716,-0.3434846,-1.888706,4.610755E-10,4.610755E-10,2.072097,6.440263
'[19:15:24.484 21/01/2026]',1.989607,-1.88716,-0.3434846,-1.888706,4.610755E-10,4.610755E-10,2.072097,6.440263
'[19:15:24.492 21/01/2026]',-2.921802,-3.208629,-3.151377,-0.3731459,4.610755E-10,4.610755E-10,-3.337062,8.283228
'[19:15:24.500 21/01/2026]',-2.921802,-3.208629,-3.151377,-0.3731459,4.610755E-10,4.610755E-10,-3.337062,8.283228
'[19:15:24.508 21/01/2026]',-3.692837,-2.705855,0.3659871,-1.793377,4.610755E-10,4.610755E-10,1.471594,-4.617456
'[19:15:24.516 21/01/2026]',8.055355,11.3183,3.384139,2.333951,4.610755E-10,4.610755E-10,-0.3195733,-2.185833
'[19:15:24.524 21/01/2026]',-2.964937,-7.418287,-3.130833,-0.6620185,4.610755E-10,4.610755E-10,0.7079062,0.6258498
'[19:15:24.532 21/01/2026]',-1.089066,0.09068551,0.1500874,-0.194679,4.610755E-10,4.610755E-10,0.686507,-18.79512
'[19:15:24.540 21/01/2026]',-1.089066,0.09068551,0.1500874,-0.194679,4.610755E-10,4.610755E-10,0.686507,-18.79512
'[19:15:24.548 21/01/2026]',0.5969684,2.458057,3.733297,-0.08738531,4.610755E-10,4.610755E-10,-1.164981,21.88134
'[19:15:24.556 21/01/2026]',0.5969684,2.458057,3.733297,-0.08738531,4.610755E-10,4.610755E-10,-1.164981,21.88134
'[19:15:24.564 21/01/2026]',0.5969684,2.458057,3.733297,-0.08738531,4.610755E-10,4.610755E-10,-1.164981,21.88134
'[19:15:24.572 21/01/2026]',0.7329518,-0.1300739,-2.409096,-1.274588,4.610755E-10,4.610755E-10,0.598811,-26.56006
'[19:15:24.580 21/01/2026]',1.315058,0.05873574,0.9181967,1.344878,4.610755E-10,4.610755E-10,0.6963125,14.77437
'[19:15:24.588 21/01/2026]',-3.085619,-1.011411,-0.9260433,1.51997,4.610755E-10,4.610755E-10,-1.561034,17.96483
'[19:15:24.596 21/01/2026]',0.5924814,0.3741957,1.025041,0.3320918,4.610755E-10,4.610755E-10,1.820575,-28.91036
'[19:15:24.604 21/01/2026]',0.9008799,-0.2203943,-2.269855,-2.683392,4.610755E-10,4.610755E-10,-1.739013,3.702654
'[19:15:24.612 21/01/2026]',-1.164976,-0.5785831,1.35772,-0.6194178,4.610755E-10,4.610755E-10,-0.8390559,30.58814
'[19:15:24.620 21/01/2026]',-0.956605,-0.4597858,-1.007162,0.8228263,4.610755E-10,4.610755E-10,0.3852889,-9.295512
'[19:15:24.628 21/01/2026]',2.67856,3.597476,3.391581,3.270445,4.610755E-10,4.610755E-10,3.3665,6.403925
'[19:15:24.636 21/01/2026]',-3.1679,-6.275152,-5.246845,-5.45729,4.610755E-10,4.610755E-10,-6.421212,-37.46682
'[19:15:24.644 21/01/2026]',-1.243677,-0.1327228,0.7608908,0.4083671,4.610755E-10,4.610755E-10,1.592402,27.26891
'[19:15:24.652 21/01/2026]',3.655564,6.440853,2.886609,3.573403,4.610755E-10,4.610755E-10,4.75613,3.030907
'[19:15:24.660 21/01/2026]',3.655564,6.440853,2.886609,3.573403,4.610755E-10,4.610755E-10,4.75613,3.030907
'[19:15:24.668 21/01/2026]',-1.226572,-3.206901,-0.9758233,-1.984375,4.610755E-10,4.610755E-10,-4.915316,-20.6004
'[19:15:24.676 21/01/2026]',1.636389,0.3660844,0.409358,0.8954657,4.610755E-10,4.610755E-10,3.366888,7.786981
'[19:15:24.684 21/01/2026]',-1.864499,-0.5835682,0.1083437,-1.479355,4.610755E-10,4.610755E-10,-1.244347,7.810751
'[19:15:24.692 21/01/2026]',-0.6977638,-0.8096657,-2.244982,-1.290404,4.610755E-10,4.610755E-10,-4.704546,-15.92253
'[19:15:24.700 21/01/2026]',11.23067,10.80156,5.880075,7.216901,4.610755E-10,4.610755E-10,6.612535,-0.5799652
'[19:15:24.708 21/01/2026]',-5.071852,-7.542905,-2.752639,-2.800274,4.610755E-10,4.610755E-10,-0.644953,20.04878
'[19:15:24.716 21/01/2026]',-16.61899,-11.23037,-6.474508,-6.139826,4.610755E-10,4.610755E-10,-5.970193,-1.882255
'[19:15:24.724 21/01/2026]',12.553,10.52454,4.786028,3.566653,4.610755E-10,4.610755E-10,2.981612,-15.37732
'[19:15:24.732 21/01/2026]',12.553,10.52454,4.786028,3.566653,4.610755E-10,4.610755E-10,2.981612,-15.37732
'[19:15:24.740 21/01/2026]',-0.6161509,-1.873736,-0.8195778,-1.220203,4.610755E-10,4.610755E-10,1.182675,12.2434
'[19:15:24.748 21/01/2026]',-1.524332,-0.4022663,1.943806,3.523203,4.610755E-10,4.610755E-10,1.58876,2.870635
'[19:15:24.756 21/01/2026]',-1.524332,-0.4022663,1.943806,3.523203,4.610755E-10,4.610755E-10,1.58876,2.870635
'[19:15:24.764 21/01/2026]',-0.8508886,-1.845058,-1.552796,-3.146069,4.610755E-10,4.610755E-10,-2.302996,-7.544394
'[19:15:24.772 21/01/2026]',0.107424,1.217316,-2.116846,-0.0387166,4.610755E-10,4.610755E-10,-1.799758,6.593576
'[19:15:24.780 21/01/2026]',2.373473,1.217725,3.533053,1.459647,4.610755E-10,4.610755E-10,2.820155,1.052682
'[19:15:24.788 21/01/2026]',2.373473,1.217725,3.533053,1.459647,4.610755E-10,4.610755E-10,2.820155,1.052682
'[19:15:24.796 21/01/2026]',-2.920162,-0.8946612,-1.244915,-1.196548,4.610755E-10,4.610755E-10,0.8840641,-24.39414
'[19:15:24.804 21/01/2026]',-2.920162,-0.8946612,-1.244915,-1.196548,4.610755E-10,4.610755E-10,0.8840641,-24.39414
'[19:15:24.812 21/01/2026]',0.6639116,-1.854272,0.4842373,-1.041463,4.610755E-10,4.610755E-10,-3.70699,6.899834
'[19:15:24.820 21/01/2026]',0.6639116,-1.854272,0.4842373,-1.041463,4.610755E-10,4.610755E-10,-3.70699,6.899834
'[19:15:24.828 21/01/2026]',-1.546523,-1.93639,-0.5398554,3.657529,4.610755E-10,4.610755E-10,3.164911,4.719805
'[19:15:24.836 21/01/2026]',-1.546523,-1.93639,-0.5398554,3.657529,4.610755E-10,4.610755E-10,3.164911,4.719805
'[19:15:24.844 21/01/2026]',5.712047,9.349986,-0.1020188,-1.656528,4.610755E-10,4.610755E-10,-1.917559,8.589083
'[19:15:24.852 21/01/2026]',5.712047,9.349986,-0.1020188,-1.656528,4.610755E-10,4.610755E-10,-1.917559,8.589083
'[19:15:24.860 21/01/2026]',5.712047,9.349986,-0.1020188,-1.656528,4.610755E-10,4.610755E-10,-1.917559,8.589083
'[19:15:24.868 21/01/2026]',5.712047,9.349986,-0.1020188,-1.656528,4.610755E-10,4.610755E-10,-1.917559,8.589083
'[19:15:24.876 21/01/2026]',-2.278195,-3.616327,0.1300357,-0.3772726,4.610755E-10,4.610755E-10,1.638646,-10.07857
'[19:15:24.884 21/01/2026]',-0.5966058,-0.1665223,0.9404625,1.499928,4.610755E-10,4.610755E-10,-0.8882623,9.467436
'[19:15:24.892 21/01/2026]',-0.5966058,-0.1665223,0.9404625,1.499928,4.610755E-10,4.610755E-10,-0.8882623,9.467436
'[19:15:24.900 21/01/2026]',1.624044,1.295296,1.079036,3.284011,4.610755E-10,4.610755E-10,2.192909,3.140936
'[19:15:24.908 21/01/2026]',1.624044,1.295296,1.079036,3.284011,4.610755E-10,4.610755E-10,2.192909,3.140936
'[19:15:24.916 21/01/2026]',1.624044,1.295296,1.079036,3.284011,4.610755E-10,4.610755E-10,2.192909,3.140936
'[19:15:24.924 21/01/2026]',-0.7661615,-0.6094683,-2.354958,-3.319695,4.610755E-10,4.610755E-10,-2.566056,2.272793
'[19:15:24.932 21/01/2026]',-0.7661615,-0.6094683,-2.354958,-3.319695,4.610755E-10,4.610755E-10,-2.566056,2.272793
'[19:15:24.940 21/01/2026]',-0.7661615,-0.6094683,-2.354958,-3.319695,4.610755E-10,4.610755E-10,-2.566056,2.272793
'[19:15:24.948 21/01/2026]',-0.7661615,-0.6094683,-2.354958,-3.319695,4.610755E-10,4.610755E-10,-2.566056,2.272793
'[19:15:24.956 21/01/2026]',-0.4037298,0.2975551,0.1441566,-0.4673186,4.610755E-10,4.610755E-10,-0.2759938,-7.243322
'[19:15:24.964 21/01/2026]',1.495439,0.855211,0.279655,-0.8294678,4.610755E-10,4.610755E-10,-0.3528458,7.313782
'[19:15:24.972 21/01/2026]',8.128338,5.49879,6.075888,6.971843,4.610755E-10,4.610755E-10,2.93131,-0.2956561
'[19:15:24.980 21/01/2026]',-11.1056,-6.390185,-6.326577,-7.006976,4.610755E-10,4.610755E-10,-4.045936,-13.38979
'[19:15:24.988 21/01/2026]',-11.1056,-6.390185,-6.326577,-7.006976,4.610755E-10,4.610755E-10,-4.045936,-13.38979
'[19:15:24.996 21/01/2026]',-11.1056,-6.390185,-6.326577,-7.006976,4.610755E-10,4.610755E-10,-4.045936,-13.38979
'[19:15:25.004 21/01/2026]',-0.7554582,-1.524291,-1.469358,2.294562,4.610755E-10,4.610755E-10,2.201118,10.55096
'[19:15:25.012 21/01/2026]',-0.7554582,-1.524291,-1.469358,2.294562,4.610755E-10,4.610755E-10,2.201118,10.55096
'[19:15:25.020 21/01/2026]',-0.7554582,-1.524291,-1.469358,2.294562,4.610755E-10,4.610755E-10,2.201118,10.55096
'[19:15:25.028 21/01/2026]',4.952528,4.741659,2.517329,0.3393192,4.610755E-10,4.610755E-10,1.334797,5.209518
'[19:15:25.036 21/01/2026]',-1.251736,-2.549599,-0.2927018,-1.881668,4.610755E-10,4.610755E-10,-3.33533,-18.47841
'[19:15:25.044 21/01/2026]',-1.251736,-2.549599,-0.2927018,-1.881668,4.610755E-10,4.610755E-10,-3.33533,-18.47841
'[19:15:25.052 21/01/2026]',-0.6388883,0.1289927,0.7216372,3.298947,4.610755E-10,4.610755E-10,2.55192,-3.221854
'[19:15:25.060 21/01/2026]',-0.6388883,0.1289927,0.7216372,3.298947,4.610755E-10,4.610755E-10,2.55192,-3.221854
'[19:15:25.068 21/01/2026]',-2.503343,-1.233359,-3.048174,-4.298459,4.610755E-10,4.610755E-10,-1.796417,24.77772
'[19:15:25.076 21/01/2026]',-2.503343,-1.233359,-3.048174,-4.298459,4.610755E-10,4.610755E-10,-1.796417,24.77772
'[19:15:25.084 21/01/2026]',-2.503343,-1.233359,-3.048174,-4.298459,4.610755E-10,4.610755E-10,-1.796417,24.77772
'[19:15:25.092 21/01/2026]',-2.503343,-1.233359,-3.048174,-4.298459,4.610755E-10,4.610755E-10,-1.796417,24.77772
'[19:15:25.100 21/01/2026]',-2.503343,-1.233359,-3.048174,-4.298459,4.610755E-10,4.610755E-10,-1.796417,24.77772
'[19:15:25.108 21/01/2026]',4.029301,2.846156,3.597265,2.40474,4.610755E-10,4.610755E-10,0.6337261,-13.98652
'[19:15:25.116 21/01/2026]',4.029301,2.846156,3.597265,2.40474,4.610755E-10,4.610755E-10,0.6337261,-13.98652
'[19:15:25.124 21/01/2026]',-2.023095,-1.652651,-2.67135,0.8877718,4.610755E-10,4.610755E-10,-0.7679307,2.609702
'[19:15:25.132 21/01/2026]',-0.2965651,-0.2517061,2.567143,-1.604668,4.610755E-10,4.610755E-10,1.435336,-7.532763
'[19:15:25.140 21/01/2026]',0.6661874,-0.7546628,-3.115133,-0.7175621,4.610755E-10,4.610755E-10,-2.179164,-2.518338
'[19:15:25.148 21/01/2026]',0.6661874,-0.7546628,-3.115133,-0.7175621,4.610755E-10,4.610755E-10,-2.179164,-2.518338
'[19:15:25.156 21/01/2026]',0.9099305,3.784992,2.680976,2.343033,4.610755E-10,4.610755E-10,1.524397,13.03809
'[19:15:25.164 21/01/2026]',0.9099305,3.784992,2.680976,2.343033,4.610755E-10,4.610755E-10,1.524397,13.03809
'[19:15:25.172 21/01/2026]',0.9099305,3.784992,2.680976,2.343033,4.610755E-10,4.610755E-10,1.524397,13.03809
'[19:15:25.180 21/01/2026]',-5.245601,-7.456267,-3.766343,-4.478618,4.610755E-10,4.610755E-10,-2.767723,-10.44489
'[19:15:25.188 21/01/2026]',7.927146,9.619769,5.719075,7.259557,4.610755E-10,4.610755E-10,3.431009,23.81988
'[19:15:25.196 21/01/2026]',7.927146,9.619769,5.719075,7.259557,4.610755E-10,4.610755E-10,3.431009,23.81988
'[19:15:25.204 21/01/2026]',7.927146,9.619769,5.719075,7.259557,4.610755E-10,4.610755E-10,3.431009,23.81988
'[19:15:25.212 21/01/2026]',-4.501992,-5.917098,-4.557138,-7.290617,4.610755E-10,4.610755E-10,-3.361792,-18.43226
'[19:15:25.220 21/01/2026]',-4.501992,-5.917098,-4.557138,-7.290617,4.610755E-10,4.610755E-10,-3.361792,-18.43226
'[19:15:25.228 21/01/2026]',-4.501992,-5.917098,-4.557138,-7.290617,4.610755E-10,4.610755E-10,-3.361792,-18.43226
'[19:15:25.236 21/01/2026]',-0.5014079,-0.2599753,0.0296821,3.56231,4.610755E-10,4.610755E-10,3.070062,3.518221
'[19:15:25.244 21/01/2026]',1.755177,3.863509,1.541757,0.4104276,4.610755E-10,4.610755E-10,-0.6054208,21.72167
'[19:15:25.252 21/01/2026]',-0.9758918,-2.929617,-2.013026,-2.11763,4.610755E-10,4.610755E-10,-2.991069,-18.7243
'[19:15:25.260 21/01/2026]',-0.9758918,-2.929617,-2.013026,-2.11763,4.610755E-10,4.610755E-10,-2.991069,-18.7243
'[19:15:25.268 21/01/2026]',-2.06497,-2.428821,0.5118571,-0.5036941,4.610755E-10,4.610755E-10,0.5599494,6.360862
'[19:15:25.276 21/01/2026]',1.915755,4.49282,1.664364,3.388393,4.610755E-10,4.610755E-10,4.318994,-1.783523
'[19:15:25.284 21/01/2026]',1.915755,4.49282,1.664364,3.388393,4.610755E-10,4.610755E-10,4.318994,-1.783523
'[19:15:25.292 21/01/2026]',1.914996,-0.3994583,-0.7962481,-0.5404863,4.610755E-10,4.610755E-10,-0.5978799,4.966001
'[19:15:25.300 21/01/2026]',-3.647259,-3.919921,-1.451754,-3.637368,4.610755E-10,4.610755E-10,-6.40139,-31.96042
'[19:15:25.308 21/01/2026]',1.432746,1.675609,0.457627,2.203406,4.610755E-10,4.610755E-10,2.676469,20.38074
'[19:15:25.316 21/01/2026]',1.087763,0.318945,2.969963,0.7358274,4.610755E-10,4.610755E-10,4.064936,-11.05047
'[19:15:25.324 21/01/2026]',-0.6462194,0.4741919,-4.841344,-2.366993,4.610755E-10,4.610755E-10,-2.777871,-12.04859
'[19:15:25.332 21/01/2026]',-0.3549159,0.3054589,1.756138,1.925496,4.610755E-10,4.610755E-10,-1.514832,14.02921
'[19:15:25.340 21/01/2026]',0.1600479,-1.838139,1.795055,2.072663,4.610755E-10,4.610755E-10,-0.4188076,3.361789
'[19:15:25.348 21/01/2026]',-0.4183668,1.28219,-0.2194285,-2.731836,4.610755E-10,4.610755E-10,5.992624,-0.03558098
'[19:15:25.356 21/01/2026]',-0.4183668,1.28219,-0.2194285,-2.731836,4.610755E-10,4.610755E-10,5.992624,-0.03558098
'[19:15:25.364 21/01/2026]',-0.4183668,1.28219,-0.2194285,-2.731836,4.610755E-10,4.610755E-10,5.992624,-0.03558098
'[19:15:25.372 21/01/2026]',-1.588438,-0.85631,-1.926704,0.8955131,4.610755E-10,4.610755E-10,-4.258827,10.49908
'[19:15:25.380 21/01/2026]',4.218358,3.881972,2.276077,1.735091,4.610755E-10,4.610755E-10,-2.454609,-16.67213
'[19:15:25.388 21/01/2026]',-4.727579,-6.890699,-1.562449,-5.590878,4.610755E-10,4.610755E-10,1.557017,3.266265
'[19:15:25.396 21/01/2026]',3.079752,4.008108,1.280941,5.150316,4.610755E-10,4.610755E-10,4.405483,-0.7133402
'[19:15:25.404 21/01/2026]',-0.388431,0.9083432,-2.724785,-1.293024,4.610755E-10,4.610755E-10,-2.608327,14.01272
'[19:15:25.412 21/01/2026]',1.082936,1.111657,1.662771,0.616421,4.610755E-10,4.610755E-10,-2.79521,-21.58325
'[19:15:25.420 21/01/2026]',5.19361,12.99013,3.13837,4.042777,4.610755E-10,4.610755E-10,5.323877,9.08028
'[19:15:25.428 21/01/2026]',-5.455479,-20.16685,-4.490584,-8.565408,4.610755E-10,4.610755E-10,-6.130867,-11.03068
'[19:15:25.436 21/01/2026]',-3.127131,1.655265,0.4522888,4.196557,4.610755E-10,4.610755E-10,1.612373,0.5611167
'[19:15:25.444 21/01/2026]',2.51891,6.313238,0.4751912,-0.4773152,4.610755E-10,4.610755E-10,1.646635,-14.59141
'[19:15:25.452 21/01/2026]',2.51891,6.313238,0.4751912,-0.4773152,4.610755E-10,4.610755E-10,1.646635,-14.59141
'[19:15:25.460 21/01/2026]',2.51891,6.313238,0.4751912,-0.4773152,4.610755E-10,4.610755E-10,1.646635,-14.59141
'[19:15:25.468 21/01/2026]',1.990233,-0.8295884,0.6793348,-0.7092208,4.610755E-10,4.610755E-10,-1.011145,32.4459
'[19:15:25.476 21/01/2026]',1.990233,-0.8295884,0.6793348,-0.7092208,4.610755E-10,4.610755E-10,-1.011145,32.4459
'[19:15:25.484 21/01/2026]',-3.471238,-3.187838,-2.195297,-1.358299,4.610755E-10,4.610755E-10,-0.3598573,-29.34273
'[19:15:25.492 21/01/2026]',0.2978433,-0.5012335,0.6691996,2.867454,4.610755E-10,4.610755E-10,-0.8125308,19.16021
'[19:15:25.500 21/01/2026]',1.619243,2.823742,1.163045,-0.7859663,4.610755E-10,4.610755E-10,1.338333,2.29479
'[19:15:25.508 21/01/2026]',0.4521491,1.095419,0.6934865,0.5386721,4.610755E-10,4.610755E-10,0.9742563,-8.307494
'[19:15:25.516 21/01/2026]',-2.449637,-4.517655,-3.327892,-3.460756,4.610755E-10,4.610755E-10,-2.80703,-5.305809
'[19:15:25.524 21/01/2026]',0.4172946,1.064444,0.05473983,1.644288,4.610755E-10,4.610755E-10,0.04823514,23.0527
'[19:15:25.532 21/01/2026]',0.4172946,1.064444,0.05473983,1.644288,4.610755E-10,4.610755E-10,0.04823514,23.0527
'[19:15:25.540 21/01/2026]',0.4172946,1.064444,0.05473983,1.644288,4.610755E-10,4.610755E-10,0.04823514,23.0527
'[19:15:25.548 21/01/2026]',1.234952,2.410244,4.036456,3.192814,4.610755E-10,4.610755E-10,3.415358,-13.70658
'[19:15:25.556 21/01/2026]',1.234952,2.410244,4.036456,3.192814,4.610755E-10,4.610755E-10,3.415358,-13.70658
'[19:15:25.564 21/01/2026]',0.6313332,-1.43217,-0.2413039,-4.972139,4.610755E-10,4.610755E-10,-2.893528,-5.756456
'[19:15:25.572 21/01/2026]',1.619167,2.810287,-0.7457666,4.238298,4.610755E-10,4.610755E-10,1.821095,7.125187
'[19:15:25.580 21/01/2026]',1.619167,2.810287,-0.7457666,4.238298,4.610755E-10,4.610755E-10,1.821095,7.125187
'[19:15:25.588 21/01/2026]',-6.270891,-6.311059,-4.439759,-5.048531,4.610755E-10,4.610755E-10,-4.216992,-16.25805
'[19:15:25.596 21/01/2026]',-6.270891,-6.311059,-4.439759,-5.048531,4.610755E-10,4.610755E-10,-4.216992,-16.25805
'[19:15:25.604 21/01/2026]',-6.270891,-6.311059,-4.439759,-5.048531,4.610755E-10,4.610755E-10,-4.216992,-16.25805
'[19:15:25.612 21/01/2026]',-6.270891,-6.311059,-4.439759,-5.048531,4.610755E-10,4.610755E-10,-4.216992,-16.25805
'[19:15:25.620 21/01/2026]',-2.988152,-3.633537,1.510675,-1.584355,4.610755E-10,4.610755E-10,1.931934,13.84552
'[19:15:25.628 21/01/2026]',15.91431,15.29928,6.888805,10.00153,4.610755E-10,4.610755E-10,5.180275,5.228716
'[19:15:25.636 21/01/2026]',15.91431,15.29928,6.888805,10.00153,4.610755E-10,4.610755E-10,5.180275,5.228716
'[19:15:25.644 21/01/2026]',-8.612771,-7.975187,-4.781272,-4.87979,4.610755E-10,4.610755E-10,-6.511485,-11.10569
'[19:15:25.652 21/01/2026]',-8.612771,-7.975187,-4.781272,-4.87979,4.610755E-10,4.610755E-10,-6.511485,-11.10569
'[19:15:25.660 21/01/2026]',-3.380378,-2.176472,0.200144,-2.053432,4.610755E-10,4.610755E-10,2.610661,7.521617
'[19:15:25.668 21/01/2026]',-3.380378,-2.176472,0.200144,-2.053432,4.610755E-10,4.610755E-10,2.610661,7.521617
'[19:15:25.676 21/01/2026]',1.375504,1.284268,-1.462244,1.501036,4.610755E-10,4.610755E-10,-0.7281127,1.98615
'[19:15:25.684 21/01/2026]',1.375504,1.284268,-1.462244,1.501036,4.610755E-10,4.610755E-10,-0.7281127,1.98615
'[19:15:25.692 21/01/2026]',2.154767,1.224263,1.924915,-1.08919,4.610755E-10,4.610755E-10,0.3397733,2.889001
'[19:15:25.700 21/01/2026]',2.154767,1.224263,1.924915,-1.08919,4.610755E-10,4.610755E-10,0.3397733,2.889001
'[19:15:25.708 21/01/2026]',2.516157,-0.03945045,1.505558,1.662978,4.610755E-10,4.610755E-10,-0.8831869,-8.798197
'[19:15:25.716 21/01/2026]',2.516157,-0.03945045,1.505558,1.662978,4.610755E-10,4.610755E-10,-0.8831869,-8.798197
'[19:15:25.724 21/01/2026]',2.516157,-0.03945045,1.505558,1.662978,4.610755E-10,4.610755E-10,-0.8831869,-8.798197
'[19:15:25.732 21/01/2026]',2.516157,-0.03945045,1.505558,1.662978,4.610755E-10,4.610755E-10,-0.8831869,-8.798197
'[19:15:25.740 21/01/2026]',3.372619,13.64773,0.5866551,5.549928,4.610755E-10,4.610755E-10,1.611027,6.544594
'[19:15:25.748 21/01/2026]',-7.275554,-17.89136,-3.079268,-10.96089,4.610755E-10,4.610755E-10,-3.93603,-13.26886
'[19:15:25.756 21/01/2026]',-7.275554,-17.89136,-3.079268,-10.96089,4.610755E-10,4.610755E-10,-3.93603,-13.26886
'[19:15:25.764 21/01/2026]',-7.275554,-17.89136,-3.079268,-10.96089,4.610755E-10,4.610755E-10,-3.93603,-13.26886
'[19:15:25.772 21/01/2026]',-1.740887,-1.504299,-0.3598602,3.865162,4.610755E-10,4.610755E-10,1.451237,19.79006
'[19:15:25.780 21/01/2026]',4.913862,8.523293,1.755771,1.682939,4.610755E-10,4.610755E-10,1.87292,-23.34217
'[19:15:25.788 21/01/2026]',4.913862,8.523293,1.755771,1.682939,4.610755E-10,4.610755E-10,1.87292,-23.34217
'[19:15:25.796 21/01/2026]',-1.679152,-2.185283,-1.37337,-3.267415,4.610755E-10,4.610755E-10,-0.0490936,12.42074
'[19:15:25.804 21/01/2026]',-1.679152,-2.185283,-1.37337,-3.267415,4.610755E-10,4.610755E-10,-0.0490936,12.42074
'[19:15:25.812 21/01/2026]',-0.2388749,-1.798355,1.903063,4.695935,4.610755E-10,4.610755E-10,0.3406462,-7.641727
'[19:15:25.820 21/01/2026]',-0.2388749,-1.798355,1.903063,4.695935,4.610755E-10,4.610755E-10,0.3406462,-7.641727
'[19:15:25.828 21/01/2026]',0.5280566,0.5227717,-0.3143812,-3.395304,4.610755E-10,4.610755E-10,-0.4253303,-7.666017
'[19:15:25.836 21/01/2026]',0.5280566,0.5227717,-0.3143812,-3.395304,4.610755E-10,4.610755E-10,-0.4253303,-7.666017
'[19:15:25.844 21/01/2026]',0.5280566,0.5227717,-0.3143812,-3.395304,4.610755E-10,4.610755E-10,-0.4253303,-7.666017
'[19:15:25.852 21/01/2026]',-1.684989,0.03834032,-2.100181,-0.2868033,4.610755E-10,4.610755E-10,-3.999468,20.22003
'[19:15:25.860 21/01/2026]',1.830932,1.466957,2.095385,3.705806,4.610755E-10,4.610755E-10,1.905953,-15.73838
'[19:15:25.868 21/01/2026]',1.830932,1.466957,2.095385,3.705806,4.610755E-10,4.610755E-10,1.905953,-15.73838
'[19:15:25.876 21/01/2026]',1.830932,1.466957,2.095385,3.705806,4.610755E-10,4.610755E-10,1.905953,-15.73838
'[19:15:25.884 21/01/2026]',0.7155459,1.896473,0.008732408,-0.2546375,4.610755E-10,4.610755E-10,4.018313,17.89643
'[19:15:25.892 21/01/2026]',0.7155459,1.896473,0.008732408,-0.2546375,4.610755E-10,4.610755E-10,4.018313,17.89643
'[19:15:25.900 21/01/2026]',-3.351581,-5.580886,-2.841837,-3.987533,4.610755E-10,4.610755E-10,-6.159598,5.269498
'[19:15:25.908 21/01/2026]',-3.351581,-5.580886,-2.841837,-3.987533,4.610755E-10,4.610755E-10,-6.159598,5.269498
'[19:15:25.916 21/01/2026]',-2.379446,-2.653662,-1.211328,-2.764748,4.610755E-10,4.610755E-10,0.09821492,-20.20613
'[19:15:25.924 21/01/2026]',-2.379446,-2.653662,-1.211328,-2.764748,4.610755E-10,4.610755E-10,0.09821492,-20.20613
'[19:15:25.932 21/01/2026]',8.357656,10.31199,6.951009,10.41544,4.610755E-10,4.610755E-10,5.400531,18.72327
'[19:15:25.940 21/01/2026]',8.357656,10.31199,6.951009,10.41544,4.610755E-10,4.610755E-10,5.400531,18.72327
'[19:15:25.948 21/01/2026]',8.357656,10.31199,6.951009,10.41544,4.610755E-10,4.610755E-10,5.400531,18.72327
'[19:15:25.956 21/01/2026]',8.357656,10.31199,6.951009,10.41544,4.610755E-10,4.610755E-10,5.400531,18.72327
'[19:15:25.964 21/01/2026]',8.357656,10.31199,6.951009,10.41544,4.610755E-10,4.610755E-10,5.400531,18.72327
'[19:15:25.972 21/01/2026]',8.357656,10.31199,6.951009,10.41544,4.610755E-10,4.610755E-10,5.400531,18.72327
'[19:15:25.980 21/01/2026]',-5.041526,-4.051178,-2.90794,-4.355412,4.610755E-10,4.610755E-10,-2.998194,-10.866
'[19:15:25.988 21/01/2026]',-0.5822955,-1.888381,-2.373975,-3.952635,4.610755E-10,4.610755E-10,-1.903482,12.15028
'[19:15:25.996 21/01/2026]',2.998431,1.886411,2.025288,1.48689,4.610755E-10,4.610755E-10,1.968371,-17.74863
'[19:15:26.004 21/01/2026]',-4.887494,-2.426131,-3.499552,-0.100365,4.610755E-10,4.610755E-10,-0.8806653,-12.87017
'[19:15:26.012 21/01/2026]',4.170488,1.169904,4.378555,1.977724,4.610755E-10,4.610755E-10,1.529544,30.88408
'[19:15:26.020 21/01/2026]',4.170488,1.169904,4.378555,1.977724,4.610755E-10,4.610755E-10,1.529544,30.88408
'[19:15:26.028 21/01/2026]',-0.8140511,1.659672,0.2281916,-2.103724,4.610755E-10,4.610755E-10,0.7808613,-10.33728
'[19:15:26.036 21/01/2026]',-0.6168293,-1.586146,-4.702435,1.529062,4.610755E-10,4.610755E-10,-0.8714988,-6.443479
'[19:15:26.044 21/01/2026]',1.32046,1.790718,2.718803,0.5325122,4.610755E-10,4.610755E-10,-2.668898,9.902987
'[19:15:26.052 21/01/2026]',-2.632303,-2.17975,-0.2695917,-3.353598,4.610755E-10,4.610755E-10,2.124703,-2.87456
'[19:15:26.060 21/01/2026]',1.127233,1.391767,0.3359897,2.527477,4.610755E-10,4.610755E-10,2.261118,15.2328
'[19:15:26.068 21/01/2026]',1.127233,1.391767,0.3359897,2.527477,4.610755E-10,4.610755E-10,2.261118,15.2328
'[19:15:26.076 21/01/2026]',1.127233,1.391767,0.3359897,2.527477,4.610755E-10,4.610755E-10,2.261118,15.2328
'[19:15:26.084 21/01/2026]',0.6024293,0.443889,1.08328,1.450282,4.610755E-10,4.610755E-10,-1.052427,-2.037832
'[19:15:26.092 21/01/2026]',-0.3074986,-1.107086,-2.984537,-1.000558,4.610755E-10,4.610755E-10,-3.079724,-13.653
'[19:15:26.100 21/01/2026]',-1.452771,-1.33403,2.21876,-2.061853,4.610755E-10,4.610755E-10,1.099604,26.08511
'[19:15:26.108 21/01/2026]',0.9244013,0.5797525,-0.7860293,0.7055986,4.610755E-10,4.610755E-10,1.345754,-17.62972
'[19:15:26.116 21/01/2026]',-0.2031044,2.306414,-1.073206,2.870433,4.610755E-10,4.610755E-10,-0.465907,-8.990623
'[19:15:26.124 21/01/2026]',3.920867,2.890141,5.40831,2.027242,4.610755E-10,4.610755E-10,2.685706,23.8868
'[19:15:26.132 21/01/2026]',-7.396539,-9.525435,-7.226598,-7.426106,4.610755E-10,4.610755E-10,-6.052643,-27.53125
'[19:15:26.140 21/01/2026]',6.367184,8.898084,5.135863,5.68619,4.610755E-10,4.610755E-10,7.129813,24.11011
'[19:15:26.148 21/01/2026]',-2.338004,-3.332343,-1.831655,-1.510891,4.610755E-10,4.610755E-10,-5.153662,-6.2677
'[19:15:26.156 21/01/2026]',0.796621,1.536065,1.675671,1.584051,4.610755E-10,4.610755E-10,1.844678,-0.8270531
'[19:15:26.164 21/01/2026]',0.796621,1.536065,1.675671,1.584051,4.610755E-10,4.610755E-10,1.844678,-0.8270531
'[19:15:26.172 21/01/2026]',0.611083,-0.1041189,0.4979417,-2.663048,4.610755E-10,4.610755E-10,0.9270586,-9.560556
'[19:15:26.180 21/01/2026]',3.475935,13.90072,-0.2973176,6.936198,4.610755E-10,4.610755E-10,2.738344,19.93746
'[19:15:26.188 21/01/2026]',-0.8379485,-11.16562,0.1594343,-4.230342,4.610755E-10,4.610755E-10,-3.983356,-18.92062
'[19:15:26.196 21/01/2026]',-12.86184,-18.18844,-4.932746,-6.566317,4.610755E-10,4.610755E-10,-4.070631,-23.04342
'[19:15:26.204 21/01/2026]',8.07078,17.31451,3.078119,6.694221,4.610755E-10,4.610755E-10,7.943958,29.22732
'[19:15:26.212 21/01/2026]',1.235256,-0.9691247,0.6419652,-1.158492,4.610755E-10,4.610755E-10,-1.235501,2.36158
'[19:15:26.220 21/01/2026]',-4.037412,-5.471425,-2.904266,-1.87506,4.610755E-10,4.610755E-10,-3.075744,-25.93709
'[19:15:26.228 21/01/2026]',0.6499276,0.8984011,0.2684589,0.3185748,4.610755E-10,4.610755E-10,0.5862715,19.41272
'[19:15:26.236 21/01/2026]',0.2761178,1.101292,1.549021,-0.2423543,4.610755E-10,4.610755E-10,-0.01638738,-3.599858
'[19:15:26.244 21/01/2026]',0.7050789,0.2430845,-0.2497168,-0.0639273,4.610755E-10,4.610755E-10,-0.07257542,5.15814
'[19:15:26.252 21/01/2026]',0.7050789,0.2430845,-0.2497168,-0.0639273,4.610755E-10,4.610755E-10,-0.07257542,5.15814
'[19:15:26.260 21/01/2026]',-0.5217357,-0.9381787,0.1673797,-0.6265529,4.610755E-10,4.610755E-10,-0.1589352,-1.62045
'[19:15:26.268 21/01/2026]',-0.5217357,-0.9381787,0.1673797,-0.6265529,4.610755E-10,4.610755E-10,-0.1589352,-1.62045
'[19:15:26.276 21/01/2026]',-0.5217357,-0.9381787,0.1673797,-0.6265529,4.610755E-10,4.610755E-10,-0.1589352,-1.62045
'[19:15:26.284 21/01/2026]',-0.443068,-0.1942766,-0.5939833,2.503141,4.610755E-10,4.610755E-10,-0.9802536,-2.143393
'[19:15:26.292 21/01/2026]',2.078167,2.604643,1.798119,0.9462224,4.610755E-10,4.610755E-10,4.509483,16.77536
'[19:15:26.300 21/01/2026]',2.078167,2.604643,1.798119,0.9462224,4.610755E-10,4.610755E-10,4.509483,16.77536
'[19:15:26.308 21/01/2026]',2.078167,2.604643,1.798119,0.9462224,4.610755E-10,4.610755E-10,4.509483,16.77536
'[19:15:26.316 21/01/2026]',0.3536838,-1.690213,-0.2766593,-2.574326,4.610755E-10,4.610755E-10,-3.570327,-15.06697
'[19:15:26.324 21/01/2026]',-7.264938,-6.458112,-7.161838,-6.077977,4.610755E-10,4.610755E-10,-4.746652,-26.87972
'[19:15:26.332 21/01/2026]',-7.264938,-6.458112,-7.161838,-6.077977,4.610755E-10,4.610755E-10,-4.746652,-26.87972
'[19:15:26.340 21/01/2026]',8.040373,10.87155,7.501077,9.624562,4.610755E-10,4.610755E-10,8.336278,23.49261
'[19:15:26.348 21/01/2026]',8.040373,10.87155,7.501077,9.624562,4.610755E-10,4.610755E-10,8.336278,23.49261
'[19:15:26.356 21/01/2026]',-1.577144,-4.685664,0.4335868,-2.075073,4.610755E-10,4.610755E-10,-2.807011,0.3596606
'[19:15:26.364 21/01/2026]',-1.577144,-4.685664,0.4335868,-2.075073,4.610755E-10,4.610755E-10,-2.807011,0.3596606
'[19:15:26.372 21/01/2026]',-1.577144,-4.685664,0.4335868,-2.075073,4.610755E-10,4.610755E-10,-2.807011,0.3596606
'[19:15:26.380 21/01/2026]',-3.285113,-2.284565,-4.016076,-4.15609,4.610755E-10,4.610755E-10,-3.668431,-13.70817
'[19:15:26.388 21/01/2026]',-3.285113,-2.284565,-4.016076,-4.15609,4.610755E-10,4.610755E-10,-3.668431,-13.70817
'[19:15:26.396 21/01/2026]',3.490398,2.758879,1.859082,4.076379,4.610755E-10,4.610755E-10,3.532451,8.802576
'[19:15:26.404 21/01/2026]',3.490398,2.758879,1.859082,4.076379,4.610755E-10,4.610755E-10,3.532451,8.802576
'[19:15:26.412 21/01/2026]',-0.6482394,0.530745,0.03044713,0.4851119,4.610755E-10,4.610755E-10,1.023878,13.00678
'[19:15:26.420 21/01/2026]',-0.6482394,0.530745,0.03044713,0.4851119,4.610755E-10,4.610755E-10,1.023878,13.00678
'[19:15:26.428 21/01/2026]',-0.3833435,-2.10307,-0.6819874,-4.732399,4.610755E-10,4.610755E-10,-1.873179,-17.75605
'[19:15:26.436 21/01/2026]',-0.3833435,-2.10307,-0.6819874,-4.732399,4.610755E-10,4.610755E-10,-1.873179,-17.75605
'[19:15:26.444 21/01/2026]',-0.3833435,-2.10307,-0.6819874,-4.732399,4.610755E-10,4.610755E-10,-1.873179,-17.75605
'[19:15:26.452 21/01/2026]',-0.3833435,-2.10307,-0.6819874,-4.732399,4.610755E-10,4.610755E-10,-1.873179,-17.75605
'[19:15:26.460 21/01/2026]',0.7312687,8.181223,-1.126376,2.850975,4.610755E-10,4.610755E-10,-1.679895,8.919123
'[19:15:26.468 21/01/2026]',1.040255,-7.723246,2.122696,1.302547,4.610755E-10,4.610755E-10,0.8436587,11.79059
'[19:15:26.476 21/01/2026]',-3.761189,-3.871719,-1.52501,-1.880593,4.610755E-10,4.610755E-10,-0.2370118,-14.28368
'[19:15:26.484 21/01/2026]',-3.761189,-3.871719,-1.52501,-1.880593,4.610755E-10,4.610755E-10,-0.2370118,-14.28368
'[19:15:26.492 21/01/2026]',3.080811,7.368996,1.126599,2.464499,4.610755E-10,4.610755E-10,2.702529,14.26534
'[19:15:26.500 21/01/2026]',3.080811,7.368996,1.126599,2.464499,4.610755E-10,4.610755E-10,2.702529,14.26534
'[19:15:26.508 21/01/2026]',-1.800424,-2.186749,-2.070672,-5.665433,4.610755E-10,4.610755E-10,-4.96861,-10.95223
'[19:15:26.516 21/01/2026]',-1.800424,-2.186749,-2.070672,-5.665433,4.610755E-10,4.610755E-10,-4.96861,-10.95223
'[19:15:26.524 21/01/2026]',-1.800424,-2.186749,-2.070672,-5.665433,4.610755E-10,4.610755E-10,-4.96861,-10.95223
'[19:15:26.532 21/01/2026]',0.8309976,-1.153239,1.856711,3.667763,4.610755E-10,4.610755E-10,3.035259,4.942384
'[19:15:26.540 21/01/2026]',0.8309976,-1.153239,1.856711,3.667763,4.610755E-10,4.610755E-10,3.035259,4.942384
'[19:15:26.548 21/01/2026]',0.9846635,1.391952,1.314674,2.594089,4.610755E-10,4.610755E-10,2.913306,-11.54572
'[19:15:26.556 21/01/2026]',0.9846635,1.391952,1.314674,2.594089,4.610755E-10,4.610755E-10,2.913306,-11.54572
'[19:15:26.564 21/01/2026]',-2.72805,-1.527348,-4.274976,-4.45473,4.610755E-10,4.610755E-10,-4.554714,15.87597
'[19:15:26.572 21/01/2026]',-2.72805,-1.527348,-4.274976,-4.45473,4.610755E-10,4.610755E-10,-4.554714,15.87597
'[19:15:26.580 21/01/2026]',0.1529096,-1.571236,0.09105048,-1.776595,4.610755E-10,4.610755E-10,-1.93105,-26.98754
'[19:15:26.588 21/01/2026]',0.1529096,-1.571236,0.09105048,-1.776595,4.610755E-10,4.610755E-10,-1.93105,-26.98754
'[19:15:26.596 21/01/2026]',2.376689,4.152783,3.229113,5.263661,4.610755E-10,4.610755E-10,5.165074,2.215041
'[19:15:26.604 21/01/2026]',2.376689,4.152783,3.229113,5.263661,4.610755E-10,4.610755E-10,5.165074,2.215041
'[19:15:26.612 21/01/2026]',2.376689,4.152783,3.229113,5.263661,4.610755E-10,4.610755E-10,5.165074,2.215041
'[19:15:26.620 21/01/2026]',2.376689,4.152783,3.229113,5.263661,4.610755E-10,4.610755E-10,5.165074,2.215041
'[19:15:26.628 21/01/2026]',2.376689,4.152783,3.229113,5.263661,4.610755E-10,4.610755E-10,5.165074,2.215041
'[19:15:26.636 21/01/2026]',2.376689,4.152783,3.229113,5.263661,4.610755E-10,4.610755E-10,5.165074,2.215041
'[19:15:26.644 21/01/2026]',-3.206091,-4.578469,-2.456882,-4.853631,4.610755E-10,4.610755E-10,-3.809332,8.73528
'[19:15:26.652 21/01/2026]',-1.313582,-0.6460424,-2.522267,-1.281046,4.610755E-10,4.610755E-10,-0.3856986,10.8526
'[19:15:26.660 21/01/2026]',2.927808,3.392936,3.590085,3.568046,4.610755E-10,4.610755E-10,0.1141932,-16.91266
'[19:15:26.668 21/01/2026]',-0.3337943,-1.251027,-0.455547,0.767711,4.610755E-10,4.610755E-10,1.282885,10.38869
'[19:15:26.676 21/01/2026]',-0.3337943,-1.251027,-0.455547,0.767711,4.610755E-10,4.610755E-10,1.282885,10.38869
'[19:15:26.684 21/01/2026]',-0.3337943,-1.251027,-0.455547,0.767711,4.610755E-10,4.610755E-10,1.282885,10.38869
'[19:15:26.692 21/01/2026]',1.615949,4.973703,-0.5036657,0.07109208,4.610755E-10,4.610755E-10,1.674522,12.83366
'[19:15:26.700 21/01/2026]',1.615949,4.973703,-0.5036657,0.07109208,4.610755E-10,4.610755E-10,1.674522,12.83366
'[19:15:26.708 21/01/2026]',2.726213,2.541796,2.887997,2.19684,4.610755E-10,4.610755E-10,-0.8992761,-8.986184
'[19:15:26.716 21/01/2026]',2.726213,2.541796,2.887997,2.19684,4.610755E-10,4.610755E-10,-0.8992761,-8.986184
'[19:15:26.724 21/01/2026]',-10.23017,-15.78419,-5.655925,-7.449094,4.610755E-10,4.610755E-10,-2.425433,-11.71327
'[19:15:26.732 21/01/2026]',-10.23017,-15.78419,-5.655925,-7.449094,4.610755E-10,4.610755E-10,-2.425433,-11.71327
'[19:15:26.740 21/01/2026]',-10.23017,-15.78419,-5.655925,-7.449094,4.610755E-10,4.610755E-10,-2.425433,-11.71327
'[19:15:26.748 21/01/2026]',2.085347,5.145762,1.233307,0.5017738,4.610755E-10,4.610755E-10,-0.5373624,4.557907
'[19:15:26.756 21/01/2026]',3.635495,5.179974,2.166888,3.542324,4.610755E-10,4.610755E-10,-1.519775,-9.50703
'[19:15:26.764 21/01/2026]',-0.02670254,-2.51843,0.7623305,-0.05782361,4.610755E-10,4.610755E-10,5.958708,16.15408
'[19:15:26.772 21/01/2026]',-0.02670254,-2.51843,0.7623305,-0.05782361,4.610755E-10,4.610755E-10,5.958708,16.15408
'[19:15:26.780 21/01/2026]',-0.02670254,-2.51843,0.7623305,-0.05782361,4.610755E-10,4.610755E-10,5.958708,16.15408
'[19:15:26.788 21/01/2026]',-1.786528,-1.26933,-2.550591,0.5245088,4.610755E-10,4.610755E-10,-0.5656583,-2.576252
'[19:15:26.796 21/01/2026]',-5.874807,-6.223102,-1.92512,-3.843125,4.610755E-10,4.610755E-10,-3.10756,-22.18369
'[19:15:26.804 21/01/2026]',14.99616,18.05606,8.423077,6.03815,4.610755E-10,4.610755E-10,0.9660631,24.70456
'[19:15:26.812 21/01/2026]',-5.672549,-8.239338,-3.946757,1.145979,4.610755E-10,4.610755E-10,3.06058,-9.275266
'[19:15:26.820 21/01/2026]',-5.454412,-4.769481,-1.753178,-5.721861,4.610755E-10,4.610755E-10,-3.546781,6.158758
'[19:15:26.828 21/01/2026]',4.385776,3.370198,-0.4820095,1.598019,4.610755E-10,4.610755E-10,0.5914437,16.15823
'[19:15:26.836 21/01/2026]',-0.08003263,1.026282,1.714592,1.992518,4.610755E-10,4.610755E-10,-1.102618,-16.21242
'[19:15:26.844 21/01/2026]',0.4134359,1.153022,1.485849,1.65205,4.610755E-10,4.610755E-10,3.275642,21.46484
'[19:15:26.852 21/01/2026]',-3.205173,-3.956864,-4.957482,-5.838963,4.610755E-10,4.610755E-10,-1.804653,-23.359
'[19:15:26.860 21/01/2026]',2.455774,2.468875,3.336287,2.163638,4.610755E-10,4.610755E-10,-3.33025,11.88058
'[19:15:26.868 21/01/2026]',2.455774,2.468875,3.336287,2.163638,4.610755E-10,4.610755E-10,-3.33025,11.88058
'[19:15:26.876 21/01/2026]',2.455774,2.468875,3.336287,2.163638,4.610755E-10,4.610755E-10,-3.33025,11.88058
'[19:15:26.884 21/01/2026]',4.327447,11.03112,0.8907416,4.564753,4.610755E-10,4.610755E-10,5.100005,-1.311407
'[19:15:26.892 21/01/2026]',-6.503711,-19.96616,-4.294147,-7.698116,4.610755E-10,4.610755E-10,-7.787858,-14.43657
'[19:15:26.900 21/01/2026]',1.345634,5.528173,3.066652,4.386351,4.610755E-10,4.610755E-10,7.60513,7.453679
'[19:15:26.908 21/01/2026]',2.374205,5.816816,-0.2316979,-1.120614,4.610755E-10,4.610755E-10,-2.569147,-12.2213
'[19:15:26.916 21/01/2026]',-4.257937,-4.784084,-2.254076,-2.300128,4.610755E-10,4.610755E-10,-4.407092,-19.22873
'[19:15:26.924 21/01/2026]',2.407444,0.6013795,2.891305,4.0708,4.610755E-10,4.610755E-10,6.386042,35.89633
'[19:15:26.932 21/01/2026]',0.8077392,0.2645495,-0.4545127,-1.239322,4.610755E-10,4.610755E-10,-0.3947041,-4.507888
'[19:15:26.940 21/01/2026]',-1.785181,-0.04247712,-2.301434,-2.193584,4.610755E-10,4.610755E-10,-4.723423,-4.384312
'[19:15:26.948 21/01/2026]',1.045563,1.162381,2.264841,1.418021,4.610755E-10,4.610755E-10,2.262051,7.281062
'[19:15:26.956 21/01/2026]',-1.752508,-2.804643,-1.770582,-0.1909138,4.610755E-10,4.610755E-10,-0.1448037,2.222557
'[19:15:26.964 21/01/2026]',1.922927,1.881811,0.173121,-0.8644315,4.610755E-10,4.610755E-10,0.894985,4.778937
'[19:15:26.972 21/01/2026]',1.922927,1.881811,0.173121,-0.8644315,4.610755E-10,4.610755E-10,0.894985,4.778937
'[19:15:26.980 21/01/2026]',-0.7140651,-0.0005744945,0.3264265,2.003732,4.610755E-10,4.610755E-10,-1.992645,3.344667
'[19:15:26.988 21/01/2026]',0.2447362,-0.222677,-0.01921114,-1.034866,4.610755E-10,4.610755E-10,1.439256,-0.07035135
'[19:15:26.996 21/01/2026]',0.2687101,0.4090653,0.5799806,0.0633562,4.610755E-10,4.610755E-10,1.531586,-9.700609
'[19:15:27.004 21/01/2026]',-0.5713526,-1.086445,-0.8107804,-0.6473066,4.610755E-10,4.610755E-10,-1.027698,-8.545685
'[19:15:27.012 21/01/2026]',1.895625,3.147907,1.395579,3.707321,4.610755E-10,4.610755E-10,-0.02237888,10.14179
'[19:15:27.020 21/01/2026]',0.7394043,6.335545,0.3491274,-1.7808,4.610755E-10,4.610755E-10,-0.5412199,-2.888783
'[19:15:27.028 21/01/2026]',0.7394043,6.335545,0.3491274,-1.7808,4.610755E-10,4.610755E-10,-0.5412199,-2.888783
'[19:15:27.036 21/01/2026]',0.7394043,6.335545,0.3491274,-1.7808,4.610755E-10,4.610755E-10,-0.5412199,-2.888783
'[19:15:27.044 21/01/2026]',-4.468183,-11.68353,-4.076594,-5.396102,4.610755E-10,4.610755E-10,-3.452276,2.437484
'[19:15:27.052 21/01/2026]',-4.468183,-11.68353,-4.076594,-5.396102,4.610755E-10,4.610755E-10,-3.452276,2.437484
'[19:15:27.060 21/01/2026]',2.384347,0.4948069,5.688451,6.656338,4.610755E-10,4.610755E-10,7.809973,-8.370445
'[19:15:27.068 21/01/2026]',2.384347,0.4948069,5.688451,6.656338,4.610755E-10,4.610755E-10,7.809973,-8.370445
'[19:15:27.076 21/01/2026]',2.384347,0.4948069,5.688451,6.656338,4.610755E-10,4.610755E-10,7.809973,-8.370445
'[19:15:27.084 21/01/2026]',-0.3859546,5.8258,-1.986187,0.5591495,4.610755E-10,4.610755E-10,-1.53739,28.45713
'[19:15:27.092 21/01/2026]',-0.5666626,-4.543673,-0.9432018,-3.84096,4.610755E-10,4.610755E-10,-5.124923,-25.17223
'[19:15:27.100 21/01/2026]',-0.5666626,-4.543673,-0.9432018,-3.84096,4.610755E-10,4.610755E-10,-5.124923,-25.17223
'[19:15:27.108 21/01/2026]',-0.5666626,-4.543673,-0.9432018,-3.84096,4.610755E-10,4.610755E-10,-5.124923,-25.17223
'[19:15:27.116 21/01/2026]',-0.5666626,-4.543673,-0.9432018,-3.84096,4.610755E-10,4.610755E-10,-5.124923,-25.17223
'[19:15:27.124 21/01/2026]',-0.5666626,-4.543673,-0.9432018,-3.84096,4.610755E-10,4.610755E-10,-5.124923,-25.17223
'[19:15:27.132 21/01/2026]',0.7990632,1.362386,0.8972667,1.034029,4.610755E-10,4.610755E-10,3.71809,3.444375
'[19:15:27.140 21/01/2026]',0.7990632,1.362386,0.8972667,1.034029,4.610755E-10,4.610755E-10,3.71809,3.444375
'[19:15:27.148 21/01/2026]',-0.7805439,0.4264082,-1.07223,1.052287,4.610755E-10,4.610755E-10,-2.244111,6.814884
'[19:15:27.156 21/01/2026]',-2.008858,-4.123422,-2.384444,-3.969341,4.610755E-10,4.610755E-10,-1.224506,4.748845
'[19:15:27.164 21/01/2026]',0.4158933,1.765584,1.342651,2.62618,4.610755E-10,4.610755E-10,1.73477,-15.0188
'[19:15:27.172 21/01/2026]',3.758034,3.988094,2.931839,3.773478,4.610755E-10,4.610755E-10,1.309693,0.6509324
'[19:15:27.180 21/01/2026]',3.758034,3.988094,2.931839,3.773478,4.610755E-10,4.610755E-10,1.309693,0.6509324
'[19:15:27.188 21/01/2026]',3.758034,3.988094,2.931839,3.773478,4.610755E-10,4.610755E-10,1.309693,0.6509324
'[19:15:27.196 21/01/2026]',-3.607023,-3.150223,-2.582574,-5.049278,4.610755E-10,4.610755E-10,-2.757454,12.80725
'[19:15:27.204 21/01/2026]',-3.607023,-3.150223,-2.582574,-5.049278,4.610755E-10,4.610755E-10,-2.757454,12.80725
'[19:15:27.212 21/01/2026]',1.309986,-0.4255877,-1.743478,2.122968,4.610755E-10,4.610755E-10,1.684471,20.16281
'[19:15:27.220 21/01/2026]',1.309986,-0.4255877,-1.743478,2.122968,4.610755E-10,4.610755E-10,1.684471,20.16281
'[19:15:27.228 21/01/2026]',1.309986,-0.4255877,-1.743478,2.122968,4.610755E-10,4.610755E-10,1.684471,20.16281
'[19:15:27.236 21/01/2026]',-0.8066081,0.4283858,2.535446,-0.6277349,4.610755E-10,4.610755E-10,-0.05215851,-29.1278
'[19:15:27.244 21/01/2026]',-0.8066081,0.4283858,2.535446,-0.6277349,4.610755E-10,4.610755E-10,-0.05215851,-29.1278
'[19:15:27.252 21/01/2026]',-1.093426,-1.073144,-0.449073,-0.1623733,4.610755E-10,4.610755E-10,-0.2429288,8.85494
'[19:15:27.260 21/01/2026]',-1.093426,-1.073144,-0.449073,-0.1623733,4.610755E-10,4.610755E-10,-0.2429288,8.85494
'[19:15:27.268 21/01/2026]',2.174367,0.9004463,-0.08386791,-0.554688,4.610755E-10,4.610755E-10,-1.653119,-6.018563
'[19:15:27.276 21/01/2026]',2.174367,0.9004463,-0.08386791,-0.554688,4.610755E-10,4.610755E-10,-1.653119,-6.018563
'[19:15:27.284 21/01/2026]',2.174367,0.9004463,-0.08386791,-0.554688,4.610755E-10,4.610755E-10,-1.653119,-6.018563
'[19:15:27.292 21/01/2026]',2.174367,0.9004463,-0.08386791,-0.554688,4.610755E-10,4.610755E-10,-1.653119,-6.018563
'[19:15:27.300 21/01/2026]',2.174367,0.9004463,-0.08386791,-0.554688,4.610755E-10,4.610755E-10,-1.653119,-6.018563
'[19:15:27.308 21/01/2026]',-1.162167,0.4889489,-2.954428,-1.443515,4.610755E-10,4.610755E-10,-1.587297,4.494289
'[19:15:27.316 21/01/2026]',-0.06150237,-0.3640166,3.663054,2.274221,4.610755E-10,4.610755E-10,4.21668,-8.390142
'[19:15:27.324 21/01/2026]',1.137034,-0.8333774,0.4734539,1.661762,4.610755E-10,4.610755E-10,-1.095944,6.074848
'[19:15:27.332 21/01/2026]',0.7291495,2.271986,0.6464934,-0.6041606,4.610755E-10,4.610755E-10,1.880003,-13.11051
'[19:15:27.340 21/01/2026]',0.7291495,2.271986,0.6464934,-0.6041606,4.610755E-10,4.610755E-10,1.880003,-13.11051
'[19:15:27.348 21/01/2026]',-4.875385,-4.304115,-4.650355,-5.972621,4.610755E-10,4.610755E-10,-5.220814,-7.689318
'[19:15:27.356 21/01/2026]',-4.875385,-4.304115,-4.650355,-5.972621,4.610755E-10,4.610755E-10,-5.220814,-7.689318
'[19:15:27.364 21/01/2026]',5.907316,3.099326,3.88883,4.957145,4.610755E-10,4.610755E-10,2.878619,15.1256
'[19:15:27.372 21/01/2026]',5.907316,3.099326,3.88883,4.957145,4.610755E-10,4.610755E-10,2.878619,15.1256
'[19:15:27.380 21/01/2026]',5.907316,3.099326,3.88883,4.957145,4.610755E-10,4.610755E-10,2.878619,15.1256
'[19:15:27.388 21/01/2026]',5.907316,3.099326,3.88883,4.957145,4.610755E-10,4.610755E-10,2.878619,15.1256
'[19:15:27.396 21/01/2026]',-0.9620287,0.400473,1.458018,2.862725,4.610755E-10,4.610755E-10,0.637891,-16.80811
'[19:15:27.404 21/01/2026]',-6.072045,-4.311965,-5.505753,-4.946358,4.610755E-10,4.610755E-10,-0.9573481,4.698098
'[19:15:27.412 21/01/2026]',-6.072045,-4.311965,-5.505753,-4.946358,4.610755E-10,4.610755E-10,-0.9573481,4.698098
'[19:15:27.420 21/01/2026]',6.705976,3.765491,4.537219,2.192861,4.610755E-10,4.610755E-10,1.75609,21.85025
'[19:15:27.428 21/01/2026]',6.705976,3.765491,4.537219,2.192861,4.610755E-10,4.610755E-10,1.75609,21.85025
'[19:15:27.436 21/01/2026]',-2.040008,0.8806337,-0.9057647,0.4100102,4.610755E-10,4.610755E-10,-3.51889,-19.46873
'[19:15:27.444 21/01/2026]',-2.040008,0.8806337,-0.9057647,0.4100102,4.610755E-10,4.610755E-10,-3.51889,-19.46873
'[19:15:27.452 21/01/2026]',-2.040008,0.8806337,-0.9057647,0.4100102,4.610755E-10,4.610755E-10,-3.51889,-19.46873
'[19:15:27.460 21/01/2026]',-2.040008,0.8806337,-0.9057647,0.4100102,4.610755E-10,4.610755E-10,-3.51889,-19.46873
'[19:15:27.468 21/01/2026]',-2.419308,-1.961641,-1.930187,-2.3645,4.610755E-10,4.610755E-10,1.07923,12.82218
'[19:15:27.476 21/01/2026]',-2.419308,-1.961641,-1.930187,-2.3645,4.610755E-10,4.610755E-10,1.07923,12.82218
'[19:15:27.484 21/01/2026]',-2.419308,-1.961641,-1.930187,-2.3645,4.610755E-10,4.610755E-10,1.07923,12.82218
'[19:15:27.492 21/01/2026]',1.240363,-1.481816,2.645594,1.236053,4.610755E-10,4.610755E-10,-0.5773626,-10.1392
'[19:15:27.500 21/01/2026]',1.057004,2.090419,-1.318041,0.7794516,4.610755E-10,4.610755E-10,1.523492,-8.371506
'[19:15:27.508 21/01/2026]',0.02885129,0.7356016,1.317875,-0.2120246,4.610755E-10,4.610755E-10,2.111259,11.25992
'[19:15:27.516 21/01/2026]',-2.007171,-3.12273,-2.687472,-3.491261,4.610755E-10,4.610755E-10,-6.449991,-12.10028
'[19:15:27.524 21/01/2026]',0.834534,2.111392,1.912463,3.241405,4.610755E-10,4.610755E-10,2.174654,27.56152
'[19:15:27.532 21/01/2026]',2.464102,1.541285,2.145608,3.024704,4.610755E-10,4.610755E-10,5.355526,-31.34898
'[19:15:27.540 21/01/2026]',-0.1578919,-0.1108386,-1.948985,-2.854178,4.610755E-10,4.610755E-10,-2.071373,-5.185167
'[19:15:27.548 21/01/2026]',-2.000309,-0.4594012,-0.7195888,-0.9051819,4.610755E-10,4.610755E-10,-4.191351,25.42815
'[19:15:27.556 21/01/2026]',-2.000309,-0.4594012,-0.7195888,-0.9051819,4.610755E-10,4.610755E-10,-4.191351,25.42815
'[19:15:27.564 21/01/2026]',-0.06280654,-0.9309791,-0.04990824,-0.3806763,4.610755E-10,4.610755E-10,2.311765,-7.614594
'[19:15:27.572 21/01/2026]',-0.06280654,-0.9309791,-0.04990824,-0.3806763,4.610755E-10,4.610755E-10,2.311765,-7.614594
'[19:15:27.580 21/01/2026]',3.312385,0.9463457,1.122565,2.464912,4.610755E-10,4.610755E-10,2.712231,-5.643786
'[19:15:27.588 21/01/2026]',-3.815761,-1.345464,-1.906602,-1.280809,4.610755E-10,4.610755E-10,-3.068402,13.66576
'[19:15:27.596 21/01/2026]',-1.683005,-0.7414099,-0.05740005,-2.078924,4.610755E-10,4.610755E-10,-2.282813,-11.94634
'[19:15:27.604 21/01/2026]',-0.9750243,-6.291663,-2.807581,-1.67374,4.610755E-10,4.610755E-10,-0.720107,6.243762
'[19:15:27.612 21/01/2026]',-8.286583,-29.0371,0.7159771,-5.451221,4.610755E-10,4.610755E-10,3.168877,11.95887
'[19:15:27.620 21/01/2026]',23.51163,57.14688,6.583695,13.85006,4.610755E-10,4.610755E-10,0.9244491,-30.46474
'[19:15:27.628 21/01/2026]',-1.25823,6.556976,-1.915596,3.040729,4.610755E-10,4.610755E-10,-0.08018562,7.400451
'[19:15:27.636 21/01/2026]',-18.42316,-46.01742,-4.205423,-12.94942,4.610755E-10,4.610755E-10,-0.4381224,-2.376735
'[19:15:27.644 21/01/2026]',4.825277,11.65652,-0.05488617,2.238341,4.610755E-10,4.610755E-10,-0.1616518,9.741545
'[19:15:27.652 21/01/2026]',4.35827,12.7035,0.9955313,1.604102,4.610755E-10,4.610755E-10,-3.4218,10.85758
'[19:15:27.660 21/01/2026]',-1.144553,-5.132269,2.230241,0.9292153,4.610755E-10,4.610755E-10,4.214866,-31.4061
'[19:15:27.668 21/01/2026]',-1.144553,-5.132269,2.230241,0.9292153,4.610755E-10,4.610755E-10,4.214866,-31.4061
'[19:15:27.676 21/01/2026]',-1.687566,-4.216481,-2.554284,-0.4754894,4.610755E-10,4.610755E-10,-0.3521787,12.28922
'[19:15:27.684 21/01/2026]',0.4510025,2.826819,0.647387,-0.6585909,4.610755E-10,4.610755E-10,-0.4380182,3.149929
'[19:15:27.692 21/01/2026]',-8.811551,1.978956,-3.631717,0.213695,4.610755E-10,4.610755E-10,-0.1417183,0.4181491
'[19:15:27.700 21/01/2026]',6.025293,-0.7362718,2.130823,-0.1658635,4.610755E-10,4.610755E-10,1.431116,-12.55507
'[19:15:27.708 21/01/2026]',12.48682,0.7836075,6.321303,3.189164,4.610755E-10,4.610755E-10,-1.612944,30.8758
'[19:15:27.716 21/01/2026]',-12.8322,-3.985582,-6.437085,-4.265728,4.610755E-10,4.610755E-10,0.4149212,-17.45592
'[19:15:27.724 21/01/2026]',-6.056724,-0.8157145,-3.898701,-0.764498,4.610755E-10,4.610755E-10,0.2550436,0.1313129
'[19:15:27.732 21/01/2026]',5.10264,4.930588,2.843724,-2.590973,4.610755E-10,4.610755E-10,-1.73452,12.05693
'[19:15:27.740 21/01/2026]',14.09576,-2.763096,7.862271,-2.295479,4.610755E-10,4.610755E-10,2.102943,-4.450568
'[19:15:27.748 21/01/2026]',-10.59467,2.301986,-4.168276,20.76355,4.610755E-10,4.610755E-10,1.858194,-26.55633
'[19:15:27.756 21/01/2026]',-7.12415,-6.457538,-7.217902,-18.08112,4.610755E-10,4.610755E-10,-7.172594,-3.356901
'[19:15:27.764 21/01/2026]',-7.12415,-6.457538,-7.217902,-18.08112,4.610755E-10,4.610755E-10,-7.172594,-3.356901
'[19:15:27.772 21/01/2026]',0.6305975,-19.31557,4.906023,-4.563013,4.610755E-10,4.610755E-10,6.593025,16.113
'[19:15:27.780 21/01/2026]',0.6305975,-19.31557,4.906023,-4.563013,4.610755E-10,4.610755E-10,6.593025,16.113
'[19:15:27.788 21/01/2026]',0.6305975,-19.31557,4.906023,-4.563013,4.610755E-10,4.610755E-10,6.593025,16.113
'[19:15:27.796 21/01/2026]',13.09026,18.38673,6.895745,12.43578,4.610755E-10,4.610755E-10,-2.149179,9.7402
'[19:15:27.804 21/01/2026]',13.09026,18.38673,6.895745,12.43578,4.610755E-10,4.610755E-10,-2.149179,9.7402
'[19:15:27.812 21/01/2026]',0.723085,28.33779,-5.94366,4.305883,4.610755E-10,4.610755E-10,1.703921,-23.7858
'[19:15:27.820 21/01/2026]',0.723085,28.33779,-5.94366,4.305883,4.610755E-10,4.610755E-10,1.703921,-23.7858
'[19:15:27.828 21/01/2026]',0.723085,28.33779,-5.94366,4.305883,4.610755E-10,4.610755E-10,1.703921,-23.7858
'[19:15:27.836 21/01/2026]',-16.36825,-35.26057,-6.208867,-13.95438,4.610755E-10,4.610755E-10,-3.572055,11.23303
'[19:15:27.844 21/01/2026]',8.291398,6.120528,8.470372,5.842367,4.610755E-10,4.610755E-10,5.011864,36.59592
'[19:15:27.852 21/01/2026]',8.291398,6.120528,8.470372,5.842367,4.610755E-10,4.610755E-10,5.011864,36.59592
'[19:15:27.860 21/01/2026]',-0.2820268,4.869212,-3.665056,-1.866368,4.610755E-10,4.610755E-10,-5.650842,-34.76197
'[19:15:27.868 21/01/2026]',-0.2820268,4.869212,-3.665056,-1.866368,4.610755E-10,4.610755E-10,-5.650842,-34.76197
'[19:15:27.876 21/01/2026]',-3.026034,-1.750424,-2.828938,0.6071717,4.610755E-10,4.610755E-10,-0.4068184,-7.609485
'[19:15:27.884 21/01/2026]',-3.026034,-1.750424,-2.828938,0.6071717,4.610755E-10,4.610755E-10,-0.4068184,-7.609485
'[19:15:27.892 21/01/2026]',2.132691,-1.734883,4.558344,0.9667519,4.610755E-10,4.610755E-10,5.315876,19.39087
'[19:15:27.900 21/01/2026]',2.132691,-1.734883,4.558344,0.9667519,4.610755E-10,4.610755E-10,5.315876,19.39087
'[19:15:27.908 21/01/2026]',2.132691,-1.734883,4.558344,0.9667519,4.610755E-10,4.610755E-10,5.315876,19.39087
'[19:15:27.916 21/01/2026]',1.157651,5.199636,-0.7428766,0.8861391,4.610755E-10,4.610755E-10,-2.26527,-7.718119
'[19:15:27.924 21/01/2026]',1.157651,5.199636,-0.7428766,0.8861391,4.610755E-10,4.610755E-10,-2.26527,-7.718119
'[19:15:27.932 21/01/2026]',1.157651,5.199636,-0.7428766,0.8861391,4.610755E-10,4.610755E-10,-2.26527,-7.718119
'[19:15:27.940 21/01/2026]',1.157651,5.199636,-0.7428766,0.8861391,4.610755E-10,4.610755E-10,-2.26527,-7.718119
'[19:15:27.948 21/01/2026]',1.157651,5.199636,-0.7428766,0.8861391,4.610755E-10,4.610755E-10,-2.26527,-7.718119
'[19:15:27.956 21/01/2026]',1.157651,5.199636,-0.7428766,0.8861391,4.610755E-10,4.610755E-10,-2.26527,-7.718119
'[19:15:27.964 21/01/2026]',0.535604,-0.5597272,0.968258,-0.7686641,4.610755E-10,4.610755E-10,0.8203114,9.941266
'[19:15:27.972 21/01/2026]',-0.3514933,-3.122332,-1.319243,0.3529507,4.610755E-10,4.610755E-10,-0.8206645,-26.78276
'[19:15:27.980 21/01/2026]',-1.559375,1.239,1.64792,1.201415,4.610755E-10,4.610755E-10,-2.073225,18.26707
'[19:15:27.988 21/01/2026]',3.92789,4.517515,2.209505,0.7364987,4.610755E-10,4.610755E-10,6.171227,3.874469
'[19:15:27.996 21/01/2026]',3.92789,4.517515,2.209505,0.7364987,4.610755E-10,4.610755E-10,6.171227,3.874469
'[19:15:28.004 21/01/2026]',-2.87887,-4.827536,-4.550299,-2.081952,4.610755E-10,4.610755E-10,-4.487924,-18.93778
'[19:15:28.012 21/01/2026]',-2.87887,-4.827536,-4.550299,-2.081952,4.610755E-10,4.610755E-10,-4.487924,-18.93778
'[19:15:28.020 21/01/2026]',-2.906091,-2.25266,0.3112687,-1.621772,4.610755E-10,4.610755E-10,-0.0965043,4.127364
'[19:15:28.028 21/01/2026]',3.38302,4.705114,1.801536,1.304638,4.610755E-10,4.610755E-10,1.879341,1.415666
'[19:15:28.036 21/01/2026]',3.38302,4.705114,1.801536,1.304638,4.610755E-10,4.610755E-10,1.879341,1.415666
'[19:15:28.044 21/01/2026]',3.38302,4.705114,1.801536,1.304638,4.610755E-10,4.610755E-10,1.879341,1.415666
'[19:15:28.052 21/01/2026]',3.38302,4.705114,1.801536,1.304638,4.610755E-10,4.610755E-10,1.879341,1.415666
'[19:15:28.060 21/01/2026]',1.867584,1.685694,0.8670813,3.527283,4.610755E-10,4.610755E-10,0.2320266,7.372348
'[19:15:28.068 21/01/2026]',1.867584,1.685694,0.8670813,3.527283,4.610755E-10,4.610755E-10,0.2320266,7.372348
'[19:15:28.076 21/01/2026]',-5.473459,-7.290083,-6.436163,-6.414976,4.610755E-10,4.610755E-10,-4.533698,7.034099
'[19:15:28.084 21/01/2026]',-2.660425,-2.66728,0.9824065,-1.140839,4.610755E-10,4.610755E-10,-1.041716,-27.7745
'[19:15:28.092 21/01/2026]',-2.660425,-2.66728,0.9824065,-1.140839,4.610755E-10,4.610755E-10,-1.041716,-27.7745
'[19:15:28.100 21/01/2026]',-2.660425,-2.66728,0.9824065,-1.140839,4.610755E-10,4.610755E-10,-1.041716,-27.7745
'[19:15:28.108 21/01/2026]',-2.660425,-2.66728,0.9824065,-1.140839,4.610755E-10,4.610755E-10,-1.041716,-27.7745
'[19:15:28.116 21/01/2026]',-2.660425,-2.66728,0.9824065,-1.140839,4.610755E-10,4.610755E-10,-1.041716,-27.7745
'[19:15:28.124 21/01/2026]',9.713556,12.49179,9.460724,10.26307,4.610755E-10,4.610755E-10,7.418065,35.34089
'[19:15:28.132 21/01/2026]',9.713556,12.49179,9.460724,10.26307,4.610755E-10,4.610755E-10,7.418065,35.34089
'[19:15:28.140 21/01/2026]',-3.841326,-5.019883,-7.699028,-5.30643,4.610755E-10,4.610755E-10,-2.410758,8.73667
'[19:15:28.148 21/01/2026]',-3.841326,-5.019883,-7.699028,-5.30643,4.610755E-10,4.610755E-10,-2.410758,8.73667
'[19:15:28.156 21/01/2026]',-6.017294,-4.389926,-2.34705,-3.242565,4.610755E-10,4.610755E-10,-1.62435,-28.88507
'[19:15:28.164 21/01/2026]',1.480074,5.908345,1.630342,2.88629,4.610755E-10,4.610755E-10,0.1064334,-5.461893
'[19:15:28.172 21/01/2026]',1.480074,5.908345,1.630342,2.88629,4.610755E-10,4.610755E-10,0.1064334,-5.461893
'[19:15:28.180 21/01/2026]',1.480074,5.908345,1.630342,2.88629,4.610755E-10,4.610755E-10,0.1064334,-5.461893
'[19:15:28.188 21/01/2026]',7.215732,6.640213,4.231653,4.07922,4.610755E-10,4.610755E-10,4.688096,21.89889
'[19:15:28.196 21/01/2026]',7.215732,6.640213,4.231653,4.07922,4.610755E-10,4.610755E-10,4.688096,21.89889
'[19:15:28.204 21/01/2026]',0.1465329,-12.58238,-1.570285,-5.671649,4.610755E-10,4.610755E-10,-6.096077,-26.95137
'[19:15:28.212 21/01/2026]',0.1465329,-12.58238,-1.570285,-5.671649,4.610755E-10,4.610755E-10,-6.096077,-26.95137
'[19:15:28.220 21/01/2026]',-8.451035,-4.126607,-3.487343,-2.335616,4.610755E-10,4.610755E-10,-1.596759,7.277793
'[19:15:28.228 21/01/2026]',5.099522,10.98615,3.799059,5.570039,4.610755E-10,4.610755E-10,8.403934,-5.672122
'[19:15:28.236 21/01/2026]',2.505493,-0.3565646,-0.7063172,-2.579134,4.610755E-10,4.610755E-10,-6.970539,10.00836
'[19:15:28.244 21/01/2026]',-7.950712,-4.234414,-4.164761,-0.9611458,4.610755E-10,4.610755E-10,1.243771,-19.84051
'[19:15:28.252 21/01/2026]',12.29737,1.967975,6.697566,1.802637,4.610755E-10,4.610755E-10,2.243371,15.26399
'[19:15:28.260 21/01/2026]',12.29737,1.967975,6.697566,1.802637,4.610755E-10,4.610755E-10,2.243371,15.26399
'[19:15:28.268 21/01/2026]',-8.346052,-3.434416,-2.439698,-2.91551,4.610755E-10,4.610755E-10,-3.474828,-5.159655
'[19:15:28.276 21/01/2026]',3.047728,6.856231,1.72535,4.1356,4.610755E-10,4.610755E-10,3.822309,-8.314841
'[19:15:28.284 21/01/2026]',3.704058,-1.919613,-0.330852,-2.992538,4.610755E-10,4.610755E-10,-4.227293,8.844847
'[19:15:28.292 21/01/2026]',-8.968326,-28.23212,-1.805287,-4.469096,4.610755E-10,4.610755E-10,-1.731578,-2.493188
'[19:15:28.300 21/01/2026]',11.80396,39.88859,3.488859,9.622243,4.610755E-10,4.610755E-10,7.170742,9.866156
'[19:15:28.308 21/01/2026]',-4.532032,2.597556,-2.337427,3.020406,4.610755E-10,4.610755E-10,-2.673573,12.59786
'[19:15:28.316 21/01/2026]',-9.130797,-28.96737,-5.907197,-12.41951,4.610755E-10,4.610755E-10,-5.060473,-24.09246
'[19:15:28.324 21/01/2026]',8.4425,11.95371,6.601084,4.176382,4.610755E-10,4.610755E-10,5.198217,13.4976
'[19:15:28.332 21/01/2026]',-0.8273917,5.429497,-1.707899,3.554906,4.610755E-10,4.610755E-10,-3.942318,-50.94163
'[19:15:28.340 21/01/2026]',-0.8273917,5.429497,-1.707899,3.554906,4.610755E-10,4.610755E-10,-3.942318,-50.94163
'[19:15:28.348 21/01/2026]',-0.6998571,-0.9956611,-0.838114,-2.749714,4.610755E-10,4.610755E-10,3.151087,82.47914
'[19:15:28.356 21/01/2026]',-0.4442985,-4.988912,0.5219144,-0.5700118,4.610755E-10,4.610755E-10,-0.8998937,25.8461
'[19:15:28.364 21/01/2026]',-0.2916807,0.8279899,-0.5678118,1.097632,4.610755E-10,4.610755E-10,-1.105944,-87.70499
'[19:15:28.372 21/01/2026]',0.2342587,1.210988,0.8210695,-1.588122,4.610755E-10,4.610755E-10,0.6763409,-4.496879
'[19:15:28.380 21/01/2026]',-0.4970902,-0.9518519,-0.5869496,-0.0759104,4.610755E-10,4.610755E-10,-0.4739046,29.80693
'[19:15:28.388 21/01/2026]',0.6239728,-0.05678376,0.6952958,2.195407,4.610755E-10,4.610755E-10,1.107445,-0.4267728
'[19:15:28.396 21/01/2026]',0.3461597,1.728186,0.9482746,-0.8655323,4.610755E-10,4.610755E-10,0.176104,-0.2935509
'[19:15:28.404 21/01/2026]',-0.468067,-1.281797,-2.163133,0.1039412,4.610755E-10,4.610755E-10,-1.262997,-25.23113
'[19:15:28.412 21/01/2026]',-0.06420296,0.05857423,1.050984,-0.8269738,4.610755E-10,4.610755E-10,-2.03637,19.68635
'[19:15:28.420 21/01/2026]',-0.6015062,-0.07119881,-0.5613075,2.169697,4.610755E-10,4.610755E-10,1.558322,3.300816
'[19:15:28.428 21/01/2026]',1.005974,0.9268249,0.2139036,-1.349603,4.610755E-10,4.610755E-10,1.723269,7.02033
'[19:15:28.436 21/01/2026]',-2.90566,7.364885,-1.064363,1.721555,4.610755E-10,4.610755E-10,2.203758,1.621629
'[19:15:28.444 21/01/2026]',10.5137,10.87683,5.408306,6.139444,4.610755E-10,4.610755E-10,0.5050831,-8.590689
'[19:15:28.452 21/01/2026]',-10.24616,-31.98613,-4.98367,-12.06434,4.610755E-10,4.610755E-10,-7.881776,-4.844973
'[19:15:28.460 21/01/2026]',-5.554501,7.270683,-1.808874,3.024408,4.610755E-10,4.610755E-10,5.581758,8.409757
'[19:15:28.468 21/01/2026]',3.932694,6.217607,-2.396245,-2.591721,4.610755E-10,4.610755E-10,-3.216572,-17.35597
'[19:15:28.476 21/01/2026]',5.625237,3.590083,8.823361,7.972744,4.610755E-10,4.610755E-10,4.893649,16.89101
'[19:15:28.484 21/01/2026]',5.625237,3.590083,8.823361,7.972744,4.610755E-10,4.610755E-10,4.893649,16.89101
'[19:15:28.492 21/01/2026]',-4.945611,-8.277058,-2.625826,-5.336286,4.610755E-10,4.610755E-10,-4.229403,-18.57882
'[19:15:28.500 21/01/2026]',-4.945611,-8.277058,-2.625826,-5.336286,4.610755E-10,4.610755E-10,-4.229403,-18.57882
'[19:15:28.508 21/01/2026]',-4.945611,-8.277058,-2.625826,-5.336286,4.610755E-10,4.610755E-10,-4.229403,-18.57882
'[19:15:28.516 21/01/2026]',-0.9933639,1.486543,-2.852052,-0.6702524,4.610755E-10,4.610755E-10,1.411522,4.00161
'[19:15:28.524 21/01/2026]',-0.9933639,1.486543,-2.852052,-0.6702524,4.610755E-10,4.610755E-10,1.411522,4.00161
'[19:15:28.532 21/01/2026]',2.850472,4.722428,0.6091945,3.780845,4.610755E-10,4.610755E-10,1.805396,-1.449061
'[19:15:28.540 21/01/2026]',2.850472,4.722428,0.6091945,3.780845,4.610755E-10,4.610755E-10,1.805396,-1.449061
'[19:15:28.548 21/01/2026]',2.850472,4.722428,0.6091945,3.780845,4.610755E-10,4.610755E-10,1.805396,-1.449061
'[19:15:28.556 21/01/2026]',2.850472,4.722428,0.6091945,3.780845,4.610755E-10,4.610755E-10,1.805396,-1.449061
'[19:15:28.564 21/01/2026]',2.850472,4.722428,0.6091945,3.780845,4.610755E-10,4.610755E-10,1.805396,-1.449061
'[19:15:28.572 21/01/2026]',2.850472,4.722428,0.6091945,3.780845,4.610755E-10,4.610755E-10,1.805396,-1.449061
'[19:15:28.580 21/01/2026]',-0.6089303,-3.010282,0.05374154,-3.150772,4.610755E-10,4.610755E-10,-4.369566,-3.816078
'[19:15:28.588 21/01/2026]',1.485268,2.222996,1.668676,0.609349,4.610755E-10,4.610755E-10,2.813414,6.356361
'[19:15:28.596 21/01/2026]',2.510262,6.37401,-0.2191712,3.617456,4.610755E-10,4.610755E-10,-1.083742,1.079372
'[19:15:28.604 21/01/2026]',-3.632352,-12.82207,-0.9002728,-5.393841,4.610755E-10,4.610755E-10,-1.925763,-1.399938
'[19:15:28.612 21/01/2026]',-3.632352,-12.82207,-0.9002728,-5.393841,4.610755E-10,4.610755E-10,-1.925763,-1.399938
'[19:15:28.620 21/01/2026]',-2.979617,0.5008583,-1.042101,0.206866,4.610755E-10,4.610755E-10,0.2717807,0.9355119
'[19:15:28.628 21/01/2026]',-2.979617,0.5008583,-1.042101,0.206866,4.610755E-10,4.610755E-10,0.2717807,0.9355119
'[19:15:28.636 21/01/2026]',2.833816,6.261927,0.05010323,1.69603,4.610755E-10,4.610755E-10,1.199523,12.65814
'[19:15:28.644 21/01/2026]',2.833816,6.261927,0.05010323,1.69603,4.610755E-10,4.610755E-10,1.199523,12.65814
'[19:15:28.652 21/01/2026]',1.836419,-0.3513309,1.301379,1.745275,4.610755E-10,4.610755E-10,-0.1597644,-9.224253
'[19:15:28.660 21/01/2026]',1.836419,-0.3513309,1.301379,1.745275,4.610755E-10,4.610755E-10,-0.1597644,-9.224253
'[19:15:28.668 21/01/2026]',-2.153534,-3.315662,0.16493,-1.678846,4.610755E-10,4.610755E-10,0.9801736,-19.63265
'[19:15:28.676 21/01/2026]',-2.153534,-3.315662,0.16493,-1.678846,4.610755E-10,4.610755E-10,0.9801736,-19.63265
'[19:15:28.684 21/01/2026]',-2.153534,-3.315662,0.16493,-1.678846,4.610755E-10,4.610755E-10,0.9801736,-19.63265
'[19:15:28.692 21/01/2026]',-0.8743503,-0.1929573,-1.746449,-0.8395907,4.610755E-10,4.610755E-10,1.13945,5.016202
'[19:15:28.700 21/01/2026]',-0.8743503,-0.1929573,-1.746449,-0.8395907,4.610755E-10,4.610755E-10,1.13945,5.016202
'[19:15:28.708 21/01/2026]',0.3633657,0.7067749,-0.759825,-1.25028,4.610755E-10,4.610755E-10,-7.001119,-0.1559
'[19:15:28.716 21/01/2026]',0.3633657,0.7067749,-0.759825,-1.25028,4.610755E-10,4.610755E-10,-7.001119,-0.1559
'[19:15:28.724 21/01/2026]',3.331095,4.034126,3.560368,3.309201,4.610755E-10,4.610755E-10,5.11523,-1.100901
'[19:15:28.732 21/01/2026]',3.331095,4.034126,3.560368,3.309201,4.610755E-10,4.610755E-10,5.11523,-1.100901
'[19:15:28.740 21/01/2026]',3.331095,4.034126,3.560368,3.309201,4.610755E-10,4.610755E-10,5.11523,-1.100901
'[19:15:28.748 21/01/2026]',3.331095,4.034126,3.560368,3.309201,4.610755E-10,4.610755E-10,5.11523,-1.100901
'[19:15:28.756 21/01/2026]',-10.33933,-13.22452,-5.799436,-4.679995,4.610755E-10,4.610755E-10,2.536415,-3.327851
'[19:15:28.764 21/01/2026]',7.621309,10.69825,0.9917066,0.3333054,4.610755E-10,4.610755E-10,-8.51622,-2.330907
'[19:15:28.772 21/01/2026]',1.958324,0.4701444,3.281857,3.57865,4.610755E-10,4.610755E-10,4.949564,2.096897
'[19:15:28.780 21/01/2026]',1.958324,0.4701444,3.281857,3.57865,4.610755E-10,4.610755E-10,4.949564,2.096897
'[19:15:28.788 21/01/2026]',-0.9113023,0.1050354,2.545937,3.711993,4.610755E-10,4.610755E-10,5.050652,7.500645
'[19:15:28.796 21/01/2026]',-0.9113023,0.1050354,2.545937,3.711993,4.610755E-10,4.610755E-10,5.050652,7.500645
'[19:15:28.804 21/01/2026]',-0.9113023,0.1050354,2.545937,3.711993,4.610755E-10,4.610755E-10,5.050652,7.500645
'[19:15:28.812 21/01/2026]',-0.9113023,0.1050354,2.545937,3.711993,4.610755E-10,4.610755E-10,5.050652,7.500645
'[19:15:28.820 21/01/2026]',-4.366902,-3.035259,-7.226568,-9.076776,4.610755E-10,4.610755E-10,-9.823681,6.922116
'[19:15:28.828 21/01/2026]',0.1054645,-0.918193,1.685888,4.107769,4.610755E-10,4.610755E-10,3.692198,1.675262
'[19:15:28.836 21/01/2026]',-12.41949,-7.235196,-3.431175,-3.12054,4.610755E-10,4.610755E-10,1.823096,-4.280348
'[19:15:28.844 21/01/2026]',-12.41949,-7.235196,-3.431175,-3.12054,4.610755E-10,4.610755E-10,1.823096,-4.280348
'[19:15:28.852 21/01/2026]',-12.41949,-7.235196,-3.431175,-3.12054,4.610755E-10,4.610755E-10,1.823096,-4.280348
'[19:15:28.860 21/01/2026]',30.84459,18.81183,10.40152,7.554773,4.610755E-10,4.610755E-10,-1.120729,5.182012
'[19:15:28.868 21/01/2026]',30.84459,18.81183,10.40152,7.554773,4.610755E-10,4.610755E-10,-1.120729,5.182012
'[19:15:28.876 21/01/2026]',-12.88821,-5.898492,-1.85841,-2.105483,4.610755E-10,4.610755E-10,0.9558313,-5.655417
'[19:15:28.884 21/01/2026]',-12.88821,-5.898492,-1.85841,-2.105483,4.610755E-10,4.610755E-10,0.9558313,-5.655417
'[19:15:28.892 21/01/2026]',-10.89248,-9.704033,-7.393448,-6.02652,4.610755E-10,4.610755E-10,-2.474165,-11.83879
'[19:15:28.900 21/01/2026]',-10.89248,-9.704033,-7.393448,-6.02652,4.610755E-10,4.610755E-10,-2.474165,-11.83879
'[19:15:28.908 21/01/2026]',11.13599,7.916128,4.104447,4.664328,4.610755E-10,4.610755E-10,0.8701637,1.605225
'[19:15:28.916 21/01/2026]',11.13599,7.916128,4.104447,4.664328,4.610755E-10,4.610755E-10,0.8701637,1.605225
'[19:15:28.924 21/01/2026]',11.13599,7.916128,4.104447,4.664328,4.610755E-10,4.610755E-10,0.8701637,1.605225
'[19:15:28.932 21/01/2026]',11.13599,7.916128,4.104447,4.664328,4.610755E-10,4.610755E-10,0.8701637,1.605225
'[19:15:28.940 21/01/2026]',0.6853226,2.497618,2.791074,1.317339,4.610755E-10,4.610755E-10,3.614417,-13.73131
'[19:15:28.948 21/01/2026]',-5.436222,-6.151574,-4.914088,-5.971032,4.610755E-10,4.610755E-10,-5.735865,29.80482
'[19:15:28.956 21/01/2026]',0.8949366,0.9889683,1.203517,2.233286,4.610755E-10,4.610755E-10,3.45758,-30.14413
'[19:15:28.964 21/01/2026]',5.335101,7.075455,2.394254,3.824906,4.610755E-10,4.610755E-10,-3.264309,4.237672
'[19:15:28.972 21/01/2026]',16.19511,11.05424,10.04877,8.105713,4.610755E-10,4.610755E-10,8.714345,36.68454
'[19:15:28.980 21/01/2026]',-26.54977,-19.25018,-14.4382,-13.26739,4.610755E-10,4.610755E-10,-7.437877,-14.01622
'[19:15:28.988 21/01/2026]',-3.44024,-7.736124,-2.452585,-4.149027,4.610755E-10,4.610755E-10,-5.67409,-13.58562
'[19:15:28.996 21/01/2026]',-3.44024,-7.736124,-2.452585,-4.149027,4.610755E-10,4.610755E-10,-5.67409,-13.58562
'[19:15:29.004 21/01/2026]',20.87544,23.90943,11.92424,16.37856,4.610755E-10,4.610755E-10,13.48573,22.67941
'[19:15:29.012 21/01/2026]',-12.6388,-15.90648,-8.585884,-12.01273,4.610755E-10,4.610755E-10,-10.94099,-16.37366
'[19:15:29.020 21/01/2026]',-12.6388,-15.90648,-8.585884,-12.01273,4.610755E-10,4.610755E-10,-10.94099,-16.37366
'[19:15:29.028 21/01/2026]',-12.6388,-15.90648,-8.585884,-12.01273,4.610755E-10,4.610755E-10,-10.94099,-16.37366
'[19:15:29.036 21/01/2026]',-12.6388,-15.90648,-8.585884,-12.01273,4.610755E-10,4.610755E-10,-10.94099,-16.37366
'[19:15:29.044 21/01/2026]',-1.865947,0.03605429,2.953928,1.185124,4.610755E-10,4.610755E-10,5.757872,2.545289
'[19:15:29.052 21/01/2026]',6.032676,6.156163,0.1935819,4.808279,4.610755E-10,4.610755E-10,-0.1257147,13.54892
'[19:15:29.060 21/01/2026]',0.07151426,-2.14793,-0.1444508,-2.288404,4.610755E-10,4.610755E-10,-1.375148,-36.56605
'[19:15:29.068 21/01/2026]',-3.31994,-2.076374,-1.344934,-1.659715,4.610755E-10,4.610755E-10,0.2966802,10.93211
'[19:15:29.076 21/01/2026]',-0.1845885,8.722929,0.4167373,2.269816,4.610755E-10,4.610755E-10,3.515312,3.438643
'[19:15:29.084 21/01/2026]',3.00996,-5.489204,1.298366,-0.06689588,4.610755E-10,4.610755E-10,-3.979859,0.5236595
'[19:15:29.092 21/01/2026]',-4.321283,-10.42874,-2.442574,-4.948972,4.610755E-10,4.610755E-10,-2.622992,-21.91781
'[19:15:29.100 21/01/2026]',1.270935,9.48485,0.1405629,5.237931,4.610755E-10,4.610755E-10,5.24966,28.89136
'[19:15:29.108 21/01/2026]',-0.5208547,-1.32513,-0.08387203,-2.645356,4.610755E-10,4.610755E-10,-3.256992,-9.71074
'[19:15:29.116 21/01/2026]',0.7718294,-1.985729,0.236215,0.6458041,4.610755E-10,4.610755E-10,0.6608416,-13.57694
'[19:15:29.124 21/01/2026]',0.3686041,3.052395,0.4923621,0.5140021,4.610755E-10,4.610755E-10,1.511153,27.40632
'[19:15:29.132 21/01/2026]',-2.893352,-4.344077,-1.931783,-1.970682,4.610755E-10,4.610755E-10,-2.409337,-10.06986
'[19:15:29.140 21/01/2026]',1.95776,1.728599,0.9407043,1.751593,4.610755E-10,4.610755E-10,0.07429734,-2.561109
'[19:15:29.148 21/01/2026]',0.2705854,-0.7248625,0.5031965,-1.377743,4.610755E-10,4.610755E-10,0.3482735,-10.76513
'[19:15:29.156 21/01/2026]',-1.983427,0.3908156,-1.892658,-1.274463,4.610755E-10,4.610755E-10,0.7364817,10.65426
'[19:15:29.164 21/01/2026]',0.9336554,0.5018407,0.628092,1.8724,4.610755E-10,4.610755E-10,-1.282828,15.23899
'[19:15:29.172 21/01/2026]',2.061024,1.117476,0.7171324,0.9959151,4.610755E-10,4.610755E-10,2.113802,-27.17027
'[19:15:29.180 21/01/2026]',-6.105932,-8.569056,-3.265676,-6.555266,4.610755E-10,4.610755E-10,-4.623268,-5.870849
'[19:15:29.188 21/01/2026]',7.079983,11.23015,6.038432,8.926822,4.610755E-10,4.610755E-10,5.664823,36.05839
'[19:15:29.196 21/01/2026]',-2.500937,-2.740986,-2.950762,-2.93919,4.610755E-10,4.610755E-10,-2.105233,-29.58302
'[19:15:29.204 21/01/2026]',-0.9989468,-3.973384,-2.227074,-3.41355,4.610755E-10,4.610755E-10,-2.338244,-2.800824
'[19:15:29.212 21/01/2026]',-0.9989468,-3.973384,-2.227074,-3.41355,4.610755E-10,4.610755E-10,-2.338244,-2.800824
'[19:15:29.220 21/01/2026]',-0.9989468,-3.973384,-2.227074,-3.41355,4.610755E-10,4.610755E-10,-2.338244,-2.800824
'[19:15:29.228 21/01/2026]',-0.9989468,-3.973384,-2.227074,-3.41355,4.610755E-10,4.610755E-10,-2.338244,-2.800824
'[19:15:29.236 21/01/2026]',-0.9989468,-3.973384,-2.227074,-3.41355,4.610755E-10,4.610755E-10,-2.338244,-2.800824
'[19:15:29.244 21/01/2026]',-0.9989468,-3.973384,-2.227074,-3.41355,4.610755E-10,4.610755E-10,-2.338244,-2.800824
'[19:15:29.252 21/01/2026]',0.7775624,2.829191,2.198562,2.8001,4.610755E-10,4.610755E-10,2.372818,17.22193
'[19:15:29.260 21/01/2026]',0.9228836,0.07428324,-0.08289066,-1.570761,4.610755E-10,4.610755E-10,0.2341741,-21.86812
'[19:15:29.268 21/01/2026]',-3.355915,-2.543836,-2.242249,-1.9171,4.610755E-10,4.610755E-10,-3.191176,-6.157031
'[19:15:29.276 21/01/2026]',2.671978,1.022332,1.923421,2.888463,4.610755E-10,4.610755E-10,1.802709,7.845355
'[19:15:29.284 21/01/2026]',2.671978,1.022332,1.923421,2.888463,4.610755E-10,4.610755E-10,1.802709,7.845355
'[19:15:29.292 21/01/2026]',2.671978,1.022332,1.923421,2.888463,4.610755E-10,4.610755E-10,1.802709,7.845355
'[19:15:29.300 21/01/2026]',0.5368957,1.442136,1.364341,0.6113989,4.610755E-10,4.610755E-10,2.42815,-3.342262
'[19:15:29.308 21/01/2026]',-1.070929,-0.3961106,-1.542682,-1.416408,4.610755E-10,4.610755E-10,-1.994502,17.18557
'[19:15:29.316 21/01/2026]',-1.070929,-0.3961106,-1.542682,-1.416408,4.610755E-10,4.610755E-10,-1.994502,17.18557
'[19:15:29.324 21/01/2026]',0.1000653,0.1453825,0.2530042,0.3852968,4.610755E-10,4.610755E-10,-1.57332,-6.602491
'[19:15:29.332 21/01/2026]',0.1000653,0.1453825,0.2530042,0.3852968,4.610755E-10,4.610755E-10,-1.57332,-6.602491
'[19:15:29.340 21/01/2026]',1.690591,1.709439,2.632586,3.940402,4.610755E-10,4.610755E-10,2.3455,-3.492448
'[19:15:29.348 21/01/2026]',1.690591,1.709439,2.632586,3.940402,4.610755E-10,4.610755E-10,2.3455,-3.492448
'[19:15:29.356 21/01/2026]',-2.614961,-4.003604,-4.010761,-5.425536,4.610755E-10,4.610755E-10,-3.33795,-0.8456167
'[19:15:29.364 21/01/2026]',-2.614961,-4.003604,-4.010761,-5.425536,4.610755E-10,4.610755E-10,-3.33795,-0.8456167
'[19:15:29.372 21/01/2026]',0.6955603,2.57179,0.8580445,1.8646,4.610755E-10,4.610755E-10,2.132966,23.28686
'[19:15:29.380 21/01/2026]',0.6955603,2.57179,0.8580445,1.8646,4.610755E-10,4.610755E-10,2.132966,23.28686
'[19:15:29.388 21/01/2026]',0.6955603,2.57179,0.8580445,1.8646,4.610755E-10,4.610755E-10,2.132966,23.28686
'[19:15:29.396 21/01/2026]',0.6955603,2.57179,0.8580445,1.8646,4.610755E-10,4.610755E-10,2.132966,23.28686
'[19:15:29.404 21/01/2026]',0.6955603,2.57179,0.8580445,1.8646,4.610755E-10,4.610755E-10,2.132966,23.28686
'[19:15:29.412 21/01/2026]',-0.4477763,1.690253,0.8204395,1.99305,4.610755E-10,4.610755E-10,4.408592,-10.18492
'[19:15:29.420 21/01/2026]',-0.4477763,1.690253,0.8204395,1.99305,4.610755E-10,4.610755E-10,4.408592,-10.18492
'[19:15:29.428 21/01/2026]',-0.9394246,0.4783879,-1.791478,-0.7254401,4.610755E-10,4.610755E-10,-5.68437,-14.3966
'[19:15:29.436 21/01/2026]',7.687571,-3.627179,6.889498,0.9313479,4.610755E-10,4.610755E-10,1.352731,12.35925
'[19:15:29.444 21/01/2026]',7.687571,-3.627179,6.889498,0.9313479,4.610755E-10,4.610755E-10,1.352731,12.35925
'[19:15:29.452 21/01/2026]',-10.75112,-5.082021,-8.87426,-6.492672,4.610755E-10,4.610755E-10,-0.02373206,-1.186954
'[19:15:29.460 21/01/2026]',-10.75112,-5.082021,-8.87426,-6.492672,4.610755E-10,4.610755E-10,-0.02373206,-1.186954
'[19:15:29.468 21/01/2026]',1.640072,4.388906,1.613443,3.465806,4.610755E-10,4.610755E-10,2.276985,-23.20622
'[19:15:29.476 21/01/2026]',1.640072,4.388906,1.613443,3.465806,4.610755E-10,4.610755E-10,2.276985,-23.20622
'[19:15:29.484 21/01/2026]',7.295793,4.456751,5.168951,3.597915,4.610755E-10,4.610755E-10,0.7140267,16.71133
'[19:15:29.492 21/01/2026]',7.295793,4.456751,5.168951,3.597915,4.610755E-10,4.610755E-10,0.7140267,16.71133
'[19:15:29.500 21/01/2026]',7.295793,4.456751,5.168951,3.597915,4.610755E-10,4.610755E-10,0.7140267,16.71133
'[19:15:29.508 21/01/2026]',-4.235381,-4.982047,-4.036594,-2.889296,4.610755E-10,4.610755E-10,-5.264832,-12.75366
'[19:15:29.516 21/01/2026]',-1.084936,-0.7140892,1.810105,1.000502,4.610755E-10,4.610755E-10,2.582009,-24.9002
'[19:15:29.524 21/01/2026]',-1.084936,-0.7140892,1.810105,1.000502,4.610755E-10,4.610755E-10,2.582009,-24.9002
'[19:15:29.532 21/01/2026]',1.013024,2.2522,-1.537841,0.9646346,4.610755E-10,4.610755E-10,0.8911712,47.58864
'[19:15:29.540 21/01/2026]',1.013024,2.2522,-1.537841,0.9646346,4.610755E-10,4.610755E-10,0.8911712,47.58864
'[19:15:29.548 21/01/2026]',-0.009977547,-0.1550753,0.3274086,-2.928487,4.610755E-10,4.610755E-10,0.6662953,-13.59511
'[19:15:29.556 21/01/2026]',-0.009977547,-0.1550753,0.3274086,-2.928487,4.610755E-10,4.610755E-10,0.6662953,-13.59511
'[19:15:29.564 21/01/2026]',-0.009977547,-0.1550753,0.3274086,-2.928487,4.610755E-10,4.610755E-10,0.6662953,-13.59511
'[19:15:29.572 21/01/2026]',-0.009977547,-0.1550753,0.3274086,-2.928487,4.610755E-10,4.610755E-10,0.6662953,-13.59511
'[19:15:29.580 21/01/2026]',-5.404948,-5.908653,-3.458981,-3.322709,4.610755E-10,4.610755E-10,-7.275036,-19.66418
'[19:15:29.588 21/01/2026]',-5.404948,-5.908653,-3.458981,-3.322709,4.610755E-10,4.610755E-10,-7.275036,-19.66418
'[19:15:29.596 21/01/2026]',7.453028,6.412134,5.621799,7.789824,4.610755E-10,4.610755E-10,6.518868,23.98402
'[19:15:29.604 21/01/2026]',-0.8307527,0.1873246,-1.17517,-3.031421,4.610755E-10,4.610755E-10,0.7193733,9.088681
'[19:15:29.612 21/01/2026]',-0.8307527,0.1873246,-1.17517,-3.031421,4.610755E-10,4.610755E-10,0.7193733,9.088681
'[19:15:29.620 21/01/2026]',-4.09385,-3.460235,-3.264009,-1.010057,4.610755E-10,4.610755E-10,-4.666038,-14.64544
'[19:15:29.628 21/01/2026]',-4.09385,-3.460235,-3.264009,-1.010057,4.610755E-10,4.610755E-10,-4.666038,-14.64544
'[19:15:29.636 21/01/2026]',-4.09385,-3.460235,-3.264009,-1.010057,4.610755E-10,4.610755E-10,-4.666038,-14.64544
'[19:15:29.644 21/01/2026]',2.164861,2.268189,2.223537,0.49856,4.610755E-10,4.610755E-10,1.117733,-7.101415
'[19:15:29.652 21/01/2026]',1.188497,1.350629,-0.2133082,2.367059,4.610755E-10,4.610755E-10,3.21114,18.52608
'[19:15:29.660 21/01/2026]',1.188497,1.350629,-0.2133082,2.367059,4.610755E-10,4.610755E-10,3.21114,18.52608
'[19:15:29.668 21/01/2026]',1.188497,1.350629,-0.2133082,2.367059,4.610755E-10,4.610755E-10,3.21114,18.52608
'[19:15:29.676 21/01/2026]',-1.248326,-1.800036,0.5890282,-2.152505,4.610755E-10,4.610755E-10,-1.865858,-18.48635
'[19:15:29.684 21/01/2026]',-0.8866463,-1.021628,0.005759218,-1.816548,4.610755E-10,4.610755E-10,0.2702546,-4.984343
'[19:15:29.692 21/01/2026]',-3.920015,-3.710523,-3.69304,2.591764,4.610755E-10,4.610755E-10,-0.4629062,9.364826
'[19:15:29.700 21/01/2026]',-3.920015,-3.710523,-3.69304,2.591764,4.610755E-10,4.610755E-10,-0.4629062,9.364826
'[19:15:29.708 21/01/2026]',11.44777,12.36687,7.048279,2.904945,4.610755E-10,4.610755E-10,1.594104,-5.738675
'[19:15:29.716 21/01/2026]',-4.017846,-3.588469,-1.761331,-2.528236,4.610755E-10,4.610755E-10,-0.1896744,4.469863
'[19:15:29.724 21/01/2026]',-4.017846,-3.588469,-1.761331,-2.528236,4.610755E-10,4.610755E-10,-0.1896744,4.469863
'[19:15:29.732 21/01/2026]',-7.622514,-9.449625,-5.518642,-3.87138,4.610755E-10,4.610755E-10,-4.173815,4.686181
'[19:15:29.740 21/01/2026]',9.001294,11.44209,6.116565,6.674715,4.610755E-10,4.610755E-10,3.140568,0.6875563
'[19:15:29.748 21/01/2026]',-2.385962,-4.760867,-2.118321,-3.237498,4.610755E-10,4.610755E-10,-1.623039,-2.064621
'[19:15:29.756 21/01/2026]',-1.620457,0.365106,-0.3148686,1.937211,4.610755E-10,4.610755E-10,4.529724,24.33407
'[19:15:29.764 21/01/2026]',0.5035158,-0.3590949,-0.5006698,-1.87538,4.610755E-10,4.610755E-10,-4.314986,-17.08702
'[19:15:29.772 21/01/2026]',0.05393362,0.02634562,1.032354,-1.859308,4.610755E-10,4.610755E-10,-2.779112,1.657688
'[19:15:29.780 21/01/2026]',-0.01209002,0.8440922,-1.921116,1.734102,4.610755E-10,4.610755E-10,2.974392,2.458128
'[19:15:29.788 21/01/2026]',0.4834822,-0.07712958,0.9650101,1.545076,4.610755E-10,4.610755E-10,3.569677,-8.412678
'[19:15:29.796 21/01/2026]',0.9930094,2.611042,3.730509,0.008015798,4.610755E-10,4.610755E-10,-4.246521,-8.043656
'[19:15:29.804 21/01/2026]',0.571818,-5.382744,-1.832192,-0.3683475,4.610755E-10,4.610755E-10,3.299772,2.154222
'[19:15:29.812 21/01/2026]',0.571818,-5.382744,-1.832192,-0.3683475,4.610755E-10,4.610755E-10,3.299772,2.154222
'[19:15:29.820 21/01/2026]',-3.307054,3.715091,-2.819422,-1.954693,4.610755E-10,4.610755E-10,-3.184218,-3.820919
'[19:15:29.828 21/01/2026]',-0.4521631,-1.738799,-1.48844,-0.7678407,4.610755E-10,4.610755E-10,0.3076028,5.314821
'[19:15:29.836 21/01/2026]',-0.1992394,-1.985222,1.27672,1.266692,4.610755E-10,4.610755E-10,0.2025962,-19.20158
'[19:15:29.844 21/01/2026]',6.613688,6.701587,7.530284,5.845814,4.610755E-10,4.610755E-10,5.292682,19.1994
'[19:15:29.852 21/01/2026]',-5.89999,-4.845959,-8.066855,-7.934803,4.610755E-10,4.610755E-10,-7.602851,11.87827
'[19:15:29.860 21/01/2026]',-1.735125,-2.017794,-0.5573274,0.4526081,4.610755E-10,4.610755E-10,-1.952176,-30.98208
'[19:15:29.868 21/01/2026]',8.741124,9.022814,8.121434,9.767403,4.610755E-10,4.610755E-10,10.81489,36.91352
'[19:15:29.876 21/01/2026]',-10.19462,-10.42375,-10.02531,-12.9858,4.610755E-10,4.610755E-10,-12.17842,9.066305
'[19:15:29.884 21/01/2026]',4.719079,2.464826,5.374965,4.653663,4.610755E-10,4.610755E-10,6.440898,-17.86562
'[19:15:29.892 21/01/2026]',4.719079,2.464826,5.374965,4.653663,4.610755E-10,4.610755E-10,6.440898,-17.86562
'[19:15:29.900 21/01/2026]',1.836936,4.251816,0.5338073,5.230555,4.610755E-10,4.610755E-10,4.365844,-15.56813
'[19:15:29.908 21/01/2026]',-4.453239,-6.094435,-3.735248,-6.700981,4.610755E-10,4.610755E-10,-6.733988,18.15927
'[19:15:29.916 21/01/2026]',1.791229,2.496035,1.554591,0.9702113,4.610755E-10,4.610755E-10,1.775403,-11.75899
'[19:15:29.924 21/01/2026]',2.589514,0.9217647,2.537097,2.405566,4.610755E-10,4.610755E-10,-0.694801,3.947142
'[19:15:29.932 21/01/2026]',-5.791581,-4.170096,-4.755709,-2.602809,4.610755E-10,4.610755E-10,1.609834,1.888813
'[19:15:29.940 21/01/2026]',2.694564,2.170723,2.341231,0.5046067,4.610755E-10,4.610755E-10,-0.5802211,-1.624896
'[19:15:29.948 21/01/2026]',2.694564,2.170723,2.341231,0.5046067,4.610755E-10,4.610755E-10,-0.5802211,-1.624896
'[19:15:29.956 21/01/2026]',2.297038,3.330348,0.236151,0.3243699,4.610755E-10,4.610755E-10,-1.067219,-3.027938
'[19:15:29.964 21/01/2026]',2.297038,3.330348,0.236151,0.3243699,4.610755E-10,4.610755E-10,-1.067219,-3.027938
'[19:15:29.972 21/01/2026]',-3.219432,-3.787223,-0.4236383,1.336787,4.610755E-10,4.610755E-10,-0.4032326,6.742485
'[19:15:29.980 21/01/2026]',-3.219432,-3.787223,-0.4236383,1.336787,4.610755E-10,4.610755E-10,-0.4032326,6.742485
'[19:15:29.988 21/01/2026]',-0.006382099,1.362618,-0.4394029,-0.5329796,4.610755E-10,4.610755E-10,1.40264,6.310217
'[19:15:29.996 21/01/2026]',-0.006382099,1.362618,-0.4394029,-0.5329796,4.610755E-10,4.610755E-10,1.40264,6.310217
'[19:15:30.004 21/01/2026]',-0.006382099,1.362618,-0.4394029,-0.5329796,4.610755E-10,4.610755E-10,1.40264,6.310217
'[19:15:30.012 21/01/2026]',3.143758,1.835703,2.277911,-0.3253914,4.610755E-10,4.610755E-10,-0.9642492,2.424971
'[19:15:30.020 21/01/2026]',2.047099,1.588544,1.913356,3.9375,4.610755E-10,4.610755E-10,3.567299,5.921635
'[19:15:30.028 21/01/2026]',2.047099,1.588544,1.913356,3.9375,4.610755E-10,4.610755E-10,3.567299,5.921635
'[19:15:30.036 21/01/2026]',2.047099,1.588544,1.913356,3.9375,4.610755E-10,4.610755E-10,3.567299,5.921635
'[19:15:30.044 21/01/2026]',-3.503401,-2.174378,-1.988737,-3.000093,4.610755E-10,4.610755E-10,-3.240376,-8.071692
'[19:15:30.052 21/01/2026]',-3.503401,-2.174378,-1.988737,-3.000093,4.610755E-10,4.610755E-10,-3.240376,-8.071692
'[19:15:30.060 21/01/2026]',-3.503401,-2.174378,-1.988737,-3.000093,4.610755E-10,4.610755E-10,-3.240376,-8.071692
'[19:15:30.068 21/01/2026]',-3.503401,-2.174378,-1.988737,-3.000093,4.610755E-10,4.610755E-10,-3.240376,-8.071692
'[19:15:30.076 21/01/2026]',-1.982868,-2.433704,-3.330161,-3.461286,4.610755E-10,4.610755E-10,-2.271454,2.565529
'[19:15:30.084 21/01/2026]',-1.647142,-1.563331,-1.375756,0.7484435,4.610755E-10,4.610755E-10,-1.065327,-28.52335
'[19:15:30.092 21/01/2026]',-1.647142,-1.563331,-1.375756,0.7484435,4.610755E-10,4.610755E-10,-1.065327,-28.52335
'[19:15:30.100 21/01/2026]',4.756779,5.231544,5.671417,3.526273,4.610755E-10,4.610755E-10,7.616529,12.39085
'[19:15:30.108 21/01/2026]',4.756779,5.231544,5.671417,3.526273,4.610755E-10,4.610755E-10,7.616529,12.39085
'[19:15:30.116 21/01/2026]',1.966211,1.786577,1.607128,2.833945,4.610755E-10,4.610755E-10,-0.6370239,0.8459318
'[19:15:30.124 21/01/2026]',1.966211,1.786577,1.607128,2.833945,4.610755E-10,4.610755E-10,-0.6370239,0.8459318
'[19:15:30.132 21/01/2026]',-6.485942,-7.281563,-7.534139,-9.888843,4.610755E-10,4.610755E-10,-9.492247,-11.63212
'[19:15:30.140 21/01/2026]',-6.485942,-7.281563,-7.534139,-9.888843,4.610755E-10,4.610755E-10,-9.492247,-11.63212
'[19:15:30.148 21/01/2026]',0.2394627,0.3090006,2.529963,4.046119,4.610755E-10,4.610755E-10,7.663717,9.247111
'[19:15:30.156 21/01/2026]',0.2394627,0.3090006,2.529963,4.046119,4.610755E-10,4.610755E-10,7.663717,9.247111
'[19:15:30.164 21/01/2026]',7.031037,7.859076,5.377337,7.9911,4.610755E-10,4.610755E-10,2.491839,17.41911
'[19:15:30.172 21/01/2026]',7.031037,7.859076,5.377337,7.9911,4.610755E-10,4.610755E-10,2.491839,17.41911
'[19:15:30.180 21/01/2026]',-4.934321,-6.069663,-4.731588,-7.919533,4.610755E-10,4.610755E-10,-4.945135,-23.58788
'[19:15:30.188 21/01/2026]',-4.934321,-6.069663,-4.731588,-7.919533,4.610755E-10,4.610755E-10,-4.945135,-23.58788
'[19:15:30.196 21/01/2026]',-4.934321,-6.069663,-4.731588,-7.919533,4.610755E-10,4.610755E-10,-4.945135,-23.58788
'[19:15:30.204 21/01/2026]',-4.934321,-6.069663,-4.731588,-7.919533,4.610755E-10,4.610755E-10,-4.945135,-23.58788
'[19:15:30.212 21/01/2026]',-0.1156134,0.9234897,-0.2375748,1.756096,4.610755E-10,4.610755E-10,-0.6562366,26.78834
'[19:15:30.220 21/01/2026]',2.451277,1.55318,0.9222497,0.7520741,4.610755E-10,4.610755E-10,0.9448469,-17.64722
'[19:15:30.228 21/01/2026]',2.451277,1.55318,0.9222497,0.7520741,4.610755E-10,4.610755E-10,0.9448469,-17.64722
'[19:15:30.236 21/01/2026]',2.451277,1.55318,0.9222497,0.7520741,4.610755E-10,4.610755E-10,0.9448469,-17.64722
'[19:15:30.244 21/01/2026]',2.451277,1.55318,0.9222497,0.7520741,4.610755E-10,4.610755E-10,0.9448469,-17.64722
'[19:15:30.252 21/01/2026]',-3.361783,-2.850468,-0.660817,-2.359324,4.610755E-10,4.610755E-10,0.5397893,-6.183694
'[19:15:30.260 21/01/2026]',0.3176776,8.10739,0.5413071,4.812365,4.610755E-10,4.610755E-10,2.875037,18.90586
'[19:15:30.268 21/01/2026]',1.875776,-5.464773,-0.04000631,-2.175475,4.610755E-10,4.610755E-10,-4.073079,1.225117
'[19:15:30.276 21/01/2026]',1.875776,-5.464773,-0.04000631,-2.175475,4.610755E-10,4.610755E-10,-4.073079,1.225117
'[19:15:30.284 21/01/2026]',-1.815792,-5.480485,-0.2840636,-1.40608,4.610755E-10,4.610755E-10,0.01987833,-13.49057
'[19:15:30.292 21/01/2026]',-1.815792,-5.480485,-0.2840636,-1.40608,4.610755E-10,4.610755E-10,0.01987833,-13.49057
'[19:15:30.300 21/01/2026]',-1.815792,-5.480485,-0.2840636,-1.40608,4.610755E-10,4.610755E-10,0.01987833,-13.49057
'[19:15:30.308 21/01/2026]',-0.226203,5.076848,-1.293699,0.9462796,4.610755E-10,4.610755E-10,2.134844,10.31223
'[19:15:30.316 21/01/2026]',-0.226203,5.076848,-1.293699,0.9462796,4.610755E-10,4.610755E-10,2.134844,10.31223
'[19:15:30.324 21/01/2026]',0.5112127,1.12344,1.981741,-1.381375,4.610755E-10,4.610755E-10,-0.3517842,30.13685
'[19:15:30.332 21/01/2026]',-1.974022,-3.905272,-2.959846,1.940247,4.610755E-10,4.610755E-10,-1.918721,-34.44002
'[19:15:30.340 21/01/2026]',-1.974022,-3.905272,-2.959846,1.940247,4.610755E-10,4.610755E-10,-1.918721,-34.44002
'[19:15:30.348 21/01/2026]',-1.974022,-3.905272,-2.959846,1.940247,4.610755E-10,4.610755E-10,-1.918721,-34.44002
'[19:15:30.356 21/01/2026]',1.209108,1.295959,2.353604,1.399475,4.610755E-10,4.610755E-10,2.104961,-2.609324
'[19:15:30.364 21/01/2026]',1.209108,1.295959,2.353604,1.399475,4.610755E-10,4.610755E-10,2.104961,-2.609324
'[19:15:30.372 21/01/2026]',0.5701344,-1.051761,-1.810054,-6.843476,4.610755E-10,4.610755E-10,-1.995124,29.71676
'[19:15:30.380 21/01/2026]',0.5701344,-1.051761,-1.810054,-6.843476,4.610755E-10,4.610755E-10,-1.995124,29.71676
'[19:15:30.388 21/01/2026]',-0.8371939,0.4603404,1.307502,3.730386,4.610755E-10,4.610755E-10,0.1843045,-28.37757
'[19:15:30.396 21/01/2026]',-0.8371939,0.4603404,1.307502,3.730386,4.610755E-10,4.610755E-10,0.1843045,-28.37757
'[19:15:30.404 21/01/2026]',-0.8371939,0.4603404,1.307502,3.730386,4.610755E-10,4.610755E-10,0.1843045,-28.37757
'[19:15:30.412 21/01/2026]',-0.8371939,0.4603404,1.307502,3.730386,4.610755E-10,4.610755E-10,0.1843045,-28.37757
'[19:15:30.420 21/01/2026]',-0.8371939,0.4603404,1.307502,3.730386,4.610755E-10,4.610755E-10,0.1843045,-28.37757
'[19:15:30.428 21/01/2026]',-2.045242,-1.109165,-1.052354,1.448391,4.610755E-10,4.610755E-10,-1.527958,3.92498
'[19:15:30.436 21/01/2026]',4.472125,4.377498,2.774406,1.237861,4.610755E-10,4.610755E-10,5.23157,8.013207
'[19:15:30.444 21/01/2026]',-3.118368,-5.854712,-3.102989,-4.706967,4.610755E-10,4.610755E-10,-5.183167,-21.13031
'[19:15:30.452 21/01/2026]',-0.9562654,-0.1899172,-1.533072,-0.6904505,4.610755E-10,4.610755E-10,0.2843629,12.7322
'[19:15:30.460 21/01/2026]',2.667327,6.037362,4.539017,5.93888,4.610755E-10,4.610755E-10,3.507307,-5.680505
'[19:15:30.468 21/01/2026]',-2.160691,-5.407973,-3.681949,-4.752196,4.610755E-10,4.610755E-10,-3.381745,14.14784
'[19:15:30.476 21/01/2026]',3.040672,3.031764,3.355448,4.558218,4.610755E-10,4.610755E-10,3.150387,-16.74694
'[19:15:30.484 21/01/2026]',-2.501817,-1.564535,-1.931164,-2.396331,4.610755E-10,4.610755E-10,-2.189697,19.99741
'[19:15:30.492 21/01/2026]',-0.1345921,-1.000961,-0.1300924,-1.219643,4.610755E-10,4.610755E-10,-2.712088,-18.20813
'[19:15:30.500 21/01/2026]',-2.565715,-1.484643,-5.396146,-2.379884,4.610755E-10,4.610755E-10,-0.03858216,12.06746
'[19:15:30.508 21/01/2026]',-2.565715,-1.484643,-5.396146,-2.379884,4.610755E-10,4.610755E-10,-0.03858216,12.06746
'[19:15:30.516 21/01/2026]',-2.565715,-1.484643,-5.396146,-2.379884,4.610755E-10,4.610755E-10,-0.03858216,12.06746
'[19:15:30.524 21/01/2026]',2.956597,2.988638,7.368995,3.159354,4.610755E-10,4.610755E-10,3.641852,16.75986
'[19:15:30.532 21/01/2026]',2.583282,1.634787,1.564616,2.7174,4.610755E-10,4.610755E-10,-0.248179,-27.92339
'[19:15:30.540 21/01/2026]',-2.914811,-0.8411872,-4.471364,-0.7445768,4.610755E-10,4.610755E-10,0.7373776,1.906811
'[19:15:30.548 21/01/2026]',-1.211953,-2.931913,-0.3793163,-3.804765,4.610755E-10,4.610755E-10,-1.38906,15.72479
'[19:15:30.556 21/01/2026]',1.930637,1.430451,1.666478,1.024229,4.610755E-10,4.610755E-10,-0.3140332,-29.03724
'[19:15:30.564 21/01/2026]',1.074056,2.480319,2.545702,3.889752,4.610755E-10,4.610755E-10,1.372821,7.635612
'[19:15:30.572 21/01/2026]',-3.244708,-4.094062,-4.506367,-6.005355,4.610755E-10,4.610755E-10,-2.597215,-0.4933721
'[19:15:30.580 21/01/2026]',1.760987,0.3601775,0.8530059,2.806399,4.610755E-10,4.610755E-10,2.667623,8.752198
'[19:15:30.588 21/01/2026]',-0.1890491,2.640411,1.149922,1.434594,4.610755E-10,4.610755E-10,-2.004908,-1.320551
'[19:15:30.596 21/01/2026]',1.779517,2.029294,2.0953,0.5709292,4.610755E-10,4.610755E-10,2.268229,7.820935
'[19:15:30.604 21/01/2026]',4.395708,2.84025,0.3529498,1.767995,4.610755E-10,4.610755E-10,-0.900544,-13.01167
'[19:15:30.612 21/01/2026]',-9.273752,-10.84326,-4.514353,-7.551467,4.610755E-10,4.610755E-10,-2.628593,17.72004
'[19:15:30.620 21/01/2026]',0.004502395,3.1821,0.1657062,2.582813,4.610755E-10,4.610755E-10,0.381219,-12.35529
'[19:15:30.628 21/01/2026]',5.124318,4.49185,1.638906,4.218086,4.610755E-10,4.610755E-10,3.28863,11.44583
'[19:15:30.636 21/01/2026]',0.1993557,-0.8887641,1.405289,-1.68715,4.610755E-10,4.610755E-10,-0.9471543,-14.3936
'[19:15:30.644 21/01/2026]',-2.59089,-0.9328975,-0.6817149,-3.161781,4.610755E-10,4.610755E-10,-1.542976,1.835137
'[19:15:30.652 21/01/2026]',-1.137088,-1.37177,-2.833086,2.169719,4.610755E-10,4.610755E-10,0.4968247,3.597068
'[19:15:30.660 21/01/2026]',1.739869,-0.7195294,1.456785,-1.326318,4.610755E-10,4.610755E-10,-1.083211,-15.83709
'[19:15:30.668 21/01/2026]',-0.6655868,0.7710982,0.5128977,-0.4935842,4.610755E-10,4.610755E-10,1.264242,4.875596
'[19:15:30.676 21/01/2026]',-0.6655868,0.7710982,0.5128977,-0.4935842,4.610755E-10,4.610755E-10,1.264242,4.875596
'[19:15:30.684 21/01/2026]',1.515347,1.845389,1.292053,2.66786,4.610755E-10,4.610755E-10,1.957056,-2.378592
'[19:15:30.692 21/01/2026]',1.515347,1.845389,1.292053,2.66786,4.610755E-10,4.610755E-10,1.957056,-2.378592
'[19:15:30.700 21/01/2026]',1.515347,1.845389,1.292053,2.66786,4.610755E-10,4.610755E-10,1.957056,-2.378592
'[19:15:30.708 21/01/2026]',1.515347,1.845389,1.292053,2.66786,4.610755E-10,4.610755E-10,1.957056,-2.378592
'[19:15:30.716 21/01/2026]',1.515347,1.845389,1.292053,2.66786,4.610755E-10,4.610755E-10,1.957056,-2.378592
'[19:15:30.724 21/01/2026]',-2.321193,-3.381445,-2.35601,-3.442041,4.610755E-10,4.610755E-10,-3.724269,0.2712897
'[19:15:30.732 21/01/2026]',-2.321193,-3.381445,-2.35601,-3.442041,4.610755E-10,4.610755E-10,-3.724269,0.2712897
'[19:15:30.740 21/01/2026]',0.6174321,1.367664,0.7034959,1.741913,4.610755E-10,4.610755E-10,2.556268,1.205765
'[19:15:30.748 21/01/2026]',2.060986,1.505724,0.2800632,3.444483,4.610755E-10,4.610755E-10,-0.2139549,15.78829
'[19:15:30.756 21/01/2026]',-3.784211,-4.465884,-1.898793,-7.009954,4.610755E-10,4.610755E-10,-3.319474,-11.96422
'[19:15:30.764 21/01/2026]',-3.784211,-4.465884,-1.898793,-7.009954,4.610755E-10,4.610755E-10,-3.319474,-11.96422
'[19:15:30.772 21/01/2026]',-3.784211,-4.465884,-1.898793,-7.009954,4.610755E-10,4.610755E-10,-3.319474,-11.96422
'[19:15:30.780 21/01/2026]',3.109668,4.572446,2.955791,4.071033,4.610755E-10,4.610755E-10,3.165428,14.55709
'[19:15:30.788 21/01/2026]',-6.922062,-2.679404,-4.322714,-1.504193,4.610755E-10,4.610755E-10,-1.914422,-14.97692
'[19:15:30.796 21/01/2026]',-6.922062,-2.679404,-4.322714,-1.504193,4.610755E-10,4.610755E-10,-1.914422,-14.97692
'[19:15:30.804 21/01/2026]',8.351052,0.6574761,2.59112,1.500205,4.610755E-10,4.610755E-10,1.640243,15.83662
'[19:15:30.812 21/01/2026]',8.351052,0.6574761,2.59112,1.500205,4.610755E-10,4.610755E-10,1.640243,15.83662
'[19:15:30.820 21/01/2026]',2.414927,4.393568,3.993597,2.058387,4.610755E-10,4.610755E-10,0.1377834,0.4140069
'[19:15:30.828 21/01/2026]',2.414927,4.393568,3.993597,2.058387,4.610755E-10,4.610755E-10,0.1377834,0.4140069
'[19:15:30.836 21/01/2026]',2.414927,4.393568,3.993597,2.058387,4.610755E-10,4.610755E-10,0.1377834,0.4140069
'[19:15:30.844 21/01/2026]',-8.79355,-6.031209,-6.352185,-5.088401,4.610755E-10,4.610755E-10,-2.121839,-20.46478
'[19:15:30.852 21/01/2026]',-8.79355,-6.031209,-6.352185,-5.088401,4.610755E-10,4.610755E-10,-2.121839,-20.46478
'[19:15:30.860 21/01/2026]',0.4638734,-1.852419,-0.7990753,-1.164333,4.610755E-10,4.610755E-10,-1.661753,-4.789611
'[19:15:30.868 21/01/2026]',0.4638734,-1.852419,-0.7990753,-1.164333,4.610755E-10,4.610755E-10,-1.661753,-4.789611
'[19:15:30.876 21/01/2026]',8.151126,10.25177,6.728724,6.418167,4.610755E-10,4.610755E-10,7.95637,12.1035
'[19:15:30.884 21/01/2026]',8.151126,10.25177,6.728724,6.418167,4.610755E-10,4.610755E-10,7.95637,12.1035
'[19:15:30.892 21/01/2026]',8.151126,10.25177,6.728724,6.418167,4.610755E-10,4.610755E-10,7.95637,12.1035
'[19:15:30.900 21/01/2026]',8.151126,10.25177,6.728724,6.418167,4.610755E-10,4.610755E-10,7.95637,12.1035
'[19:15:30.908 21/01/2026]',-5.252195,-7.374673,-3.496492,-3.710413,4.610755E-10,4.610755E-10,-6.642629,-14.91361
'[19:15:30.916 21/01/2026]',-5.252195,-7.374673,-3.496492,-3.710413,4.610755E-10,4.610755E-10,-6.642629,-14.91361
'[19:15:30.924 21/01/2026]',-5.252195,-7.374673,-3.496492,-3.710413,4.610755E-10,4.610755E-10,-6.642629,-14.91361
'[19:15:30.932 21/01/2026]',-0.414035,0.02256275,-2.083886,-1.447938,4.610755E-10,4.610755E-10,-0.9347015,1.472834
'[19:15:30.940 21/01/2026]',2.75676,3.233047,3.013152,4.859015,4.610755E-10,4.610755E-10,4.060948,2.796861
'[19:15:30.948 21/01/2026]',-1.550932,-2.168545,-1.729604,-2.7095,4.610755E-10,4.610755E-10,-0.0142373,7.212574
'[19:15:30.956 21/01/2026]',-1.550932,-2.168545,-1.729604,-2.7095,4.610755E-10,4.610755E-10,-0.0142373,7.212574
'[19:15:30.964 21/01/2026]',-1.691855,-0.5489916,-1.017965,-2.140427,4.610755E-10,4.610755E-10,-3.706247,2.904628
'[19:15:30.972 21/01/2026]',-1.691855,-0.5489916,-1.017965,-2.140427,4.610755E-10,4.610755E-10,-3.706247,2.904628
'[19:15:30.980 21/01/2026]',0.5329278,-1.109237,1.044863,2.177633,4.610755E-10,4.610755E-10,-0.2724291,-19.23598
'[19:15:30.988 21/01/2026]',0.5329278,-1.109237,1.044863,2.177633,4.610755E-10,4.610755E-10,-0.2724291,-19.23598
'[19:15:30.996 21/01/2026]',2.015089,5.833888,0.1856842,2.05624,4.610755E-10,4.610755E-10,4.118891,43.52512
'[19:15:31.004 21/01/2026]',2.015089,5.833888,0.1856842,2.05624,4.610755E-10,4.610755E-10,4.118891,43.52512
'[19:15:31.012 21/01/2026]',-0.6556687,-2.631754,0.4709619,-1.737104,4.610755E-10,4.610755E-10,-0.240332,-24.14223
'[19:15:31.020 21/01/2026]',-0.6556687,-2.631754,0.4709619,-1.737104,4.610755E-10,4.610755E-10,-0.240332,-24.14223
'[19:15:31.028 21/01/2026]',-0.8333982,-4.637198,1.460254,-0.1655421,4.610755E-10,4.610755E-10,-0.2620795,-12.00255
'[19:15:31.036 21/01/2026]',-0.8333982,-4.637198,1.460254,-0.1655421,4.610755E-10,4.610755E-10,-0.2620795,-12.00255
'[19:15:31.044 21/01/2026]',-0.8333982,-4.637198,1.460254,-0.1655421,4.610755E-10,4.610755E-10,-0.2620795,-12.00255
'[19:15:31.052 21/01/2026]',1.349424,5.505184,-1.195175,0.7727689,4.610755E-10,4.610755E-10,-3.402448,17.58343
'[19:15:31.060 21/01/2026]',1.349424,5.505184,-1.195175,0.7727689,4.610755E-10,4.610755E-10,-3.402448,17.58343
'[19:15:31.068 21/01/2026]',1.349424,5.505184,-1.195175,0.7727689,4.610755E-10,4.610755E-10,-3.402448,17.58343
'[19:15:31.076 21/01/2026]',1.836021,0.4466753,-0.7629529,-1.71864,4.610755E-10,4.610755E-10,2.737195,-21.86289
'[19:15:31.084 21/01/2026]',-0.3594217,5.12434,-0.7822567,1.261978,4.610755E-10,4.610755E-10,2.464562,-1.047573
'[19:15:31.092 21/01/2026]',-0.3594217,5.12434,-0.7822567,1.261978,4.610755E-10,4.610755E-10,2.464562,-1.047573
'[19:15:31.100 21/01/2026]',-2.251271,-12.88208,0.6682003,-3.90718,4.610755E-10,4.610755E-10,-7.734316,-0.9774283
'[19:15:31.108 21/01/2026]',-2.251271,-12.88208,0.6682003,-3.90718,4.610755E-10,4.610755E-10,-7.734316,-0.9774283
'[19:15:31.116 21/01/2026]',2.184131,6.637277,4.536759,7.610834,4.610755E-10,4.610755E-10,5.163842,1.272518
'[19:15:31.124 21/01/2026]',2.184131,6.637277,4.536759,7.610834,4.610755E-10,4.610755E-10,5.163842,1.272518
'[19:15:31.132 21/01/2026]',-1.36706,1.636331,-5.530756,-6.01662,4.610755E-10,4.610755E-10,0.1840309,2.115081
'[19:15:31.140 21/01/2026]',-1.36706,1.636331,-5.530756,-6.01662,4.610755E-10,4.610755E-10,0.1840309,2.115081
'[19:15:31.148 21/01/2026]',-0.1892098,-3.931275,-0.5963187,-1.559924,4.610755E-10,4.610755E-10,-3.654296,-3.147054
'[19:15:31.156 21/01/2026]',-0.1892098,-3.931275,-0.5963187,-1.559924,4.610755E-10,4.610755E-10,-3.654296,-3.147054
'[19:15:31.164 21/01/2026]',-2.182724,-1.783548,0.8422176,3.935942,4.610755E-10,4.610755E-10,0.6732163,12.1437
'[19:15:31.172 21/01/2026]',-2.182724,-1.783548,0.8422176,3.935942,4.610755E-10,4.610755E-10,0.6732163,12.1437
'[19:15:31.180 21/01/2026]',4.835302,6.635578,6.012344,4.996805,4.610755E-10,4.610755E-10,4.822786,2.474558
'[19:15:31.188 21/01/2026]',-2.725388,-3.303737,-6.918648,-7.724504,4.610755E-10,4.610755E-10,-5.246699,-1.945805
'[19:15:31.196 21/01/2026]',-0.1571795,-0.4890587,1.244895,2.651107,4.610755E-10,4.610755E-10,1.550385,15.37301
'[19:15:31.204 21/01/2026]',-0.1571795,-0.4890587,1.244895,2.651107,4.610755E-10,4.610755E-10,1.550385,15.37301
'[19:15:31.212 21/01/2026]',0.4137751,0.4692184,2.125767,0.2483777,4.610755E-10,4.610755E-10,-0.4526344,-16.90298
'[19:15:31.220 21/01/2026]',-0.4813021,-0.7389908,-0.5991166,-0.507854,4.610755E-10,4.610755E-10,2.395445,-3.77762
'[19:15:31.228 21/01/2026]',2.759313,2.407296,1.504145,-0.3304859,4.610755E-10,4.610755E-10,-2.71939,12.41579
'[19:15:31.236 21/01/2026]',-3.397255,5.419741,-3.388224,1.167861,4.610755E-10,4.610755E-10,0.5644341,-30.41263
'[19:15:31.244 21/01/2026]',3.711237,-9.287,1.832667,-1.322231,4.610755E-10,4.610755E-10,-2.277617,3.234797
'[19:15:31.252 21/01/2026]',3.711237,-9.287,1.832667,-1.322231,4.610755E-10,4.610755E-10,-2.277617,3.234797
'[19:15:31.260 21/01/2026]',-0.944307,1.51788,1.028683,-0.7088584,4.610755E-10,4.610755E-10,3.438608,25.38785
'[19:15:31.268 21/01/2026]',-2.52749,2.555294,-2.326245,-0.03552036,4.610755E-10,4.610755E-10,-0.6934182,-18.86729
'[19:15:31.276 21/01/2026]',2.463983,-0.8892478,2.610484,2.572003,4.610755E-10,4.610755E-10,-1.319581,8.360817
'[19:15:31.284 21/01/2026]',-1.568598,-2.928741,-1.653347,-4.246405,4.610755E-10,4.610755E-10,-0.3850226,-18.07076
'[19:15:31.292 21/01/2026]',1.307397,2.975659,-1.583033,1.914642,4.610755E-10,4.610755E-10,1.71382,1.76887
'[19:15:31.300 21/01/2026]',-1.525842,-0.409886,1.507952,-0.5734296,4.610755E-10,4.610755E-10,-2.429303,11.74946
'[19:15:31.308 21/01/2026]',-1.525842,-0.409886,1.507952,-0.5734296,4.610755E-10,4.610755E-10,-2.429303,11.74946
'[19:15:31.316 21/01/2026]',-0.2256387,-3.276113,-0.05592763,0.7887672,4.610755E-10,4.610755E-10,1.403059,-9.056649
'[19:15:31.324 21/01/2026]',0.9870698,0.9392288,-1.401322,-2.16976,4.610755E-10,4.610755E-10,-0.0187633,-4.679314
'[19:15:31.332 21/01/2026]',2.053076,4.913161,2.901838,3.573257,4.610755E-10,4.610755E-10,1.755926,1.922252
'[19:15:31.340 21/01/2026]',-6.800594,-8.087688,-7.010605,-6.937355,4.610755E-10,4.610755E-10,-9.786593,1.833194
'[19:15:31.348 21/01/2026]',7.072398,7.966651,7.07212,8.263775,4.610755E-10,4.610755E-10,12.73309,17.68912
'[19:15:31.356 21/01/2026]',-1.736184,0.2461317,-0.6927163,-0.3124812,4.610755E-10,4.610755E-10,-2.274446,-22.63508
'[19:15:31.364 21/01/2026]',-3.06097,-0.02903946,-5.269384,-3.980696,4.610755E-10,4.610755E-10,-2.919566,14.36393
'[19:15:31.372 21/01/2026]',2.78706,-10.16055,3.254319,-1.866203,4.610755E-10,4.610755E-10,-6.765852,1.248715
'[19:15:31.380 21/01/2026]',-2.301939,4.877141,-0.797658,2.528374,4.610755E-10,4.610755E-10,6.376867,-2.111434
'[19:15:31.388 21/01/2026]',-1.285482,0.7191088,-2.191146,-1.53368,4.610755E-10,4.610755E-10,1.636188,-15.73417
'[19:15:31.396 21/01/2026]',3.215359,0.4823986,3.752684,1.497364,4.610755E-10,4.610755E-10,-1.933364,11.87381
'[19:15:31.404 21/01/2026]',-1.134565,-1.18216,-1.051978,-0.3670715,4.610755E-10,4.610755E-10,-0.672454,-8.122899
'[19:15:31.412 21/01/2026]',0.09280399,0.7720838,1.794418,-0.362229,4.610755E-10,4.610755E-10,2.273615,-3.420515
'[19:15:31.420 21/01/2026]',0.09280399,0.7720838,1.794418,-0.362229,4.610755E-10,4.610755E-10,2.273615,-3.420515
'[19:15:31.428 21/01/2026]',0.8707218,1.304078,-2.825422,0.07641569,4.610755E-10,4.610755E-10,1.622411,8.578132
'[19:15:31.436 21/01/2026]',0.8707218,1.304078,-2.825422,0.07641569,4.610755E-10,4.610755E-10,1.622411,8.578132
'[19:15:31.444 21/01/2026]',-1.505239,-1.816465,0.5287783,1.412611,4.610755E-10,4.610755E-10,-4.747261,-13.54268
'[19:15:31.452 21/01/2026]',1.975372,2.373029,2.85007,0.9179421,4.610755E-10,4.610755E-10,3.272103,15.28337
'[19:15:31.460 21/01/2026]',1.975372,2.373029,2.85007,0.9179421,4.610755E-10,4.610755E-10,3.272103,15.28337
'[19:15:31.468 21/01/2026]',-1.270505,-0.03853266,-2.133657,-2.688948,4.610755E-10,4.610755E-10,-0.0001576856,3.227439
'[19:15:31.476 21/01/2026]',-1.270505,-0.03853266,-2.133657,-2.688948,4.610755E-10,4.610755E-10,-0.0001576856,3.227439
'[19:15:31.484 21/01/2026]',-1.495714,-3.47833,-0.7089433,0.4656587,4.610755E-10,4.610755E-10,-2.824637,-2.332801
'[19:15:31.492 21/01/2026]',-1.495714,-3.47833,-0.7089433,0.4656587,4.610755E-10,4.610755E-10,-2.824637,-2.332801
'[19:15:31.500 21/01/2026]',0.7310562,-0.1336292,0.3198363,-0.232352,4.610755E-10,4.610755E-10,1.115699,-6.926243
'[19:15:31.508 21/01/2026]',0.7310562,-0.1336292,0.3198363,-0.232352,4.610755E-10,4.610755E-10,1.115699,-6.926243
'[19:15:31.516 21/01/2026]',0.7310562,-0.1336292,0.3198363,-0.232352,4.610755E-10,4.610755E-10,1.115699,-6.926243
'[19:15:31.524 21/01/2026]',0.4655074,1.87316,-0.3316275,0.9876097,4.610755E-10,4.610755E-10,2.096576,9.156781
'[19:15:31.532 21/01/2026]',0.4655074,1.87316,-0.3316275,0.9876097,4.610755E-10,4.610755E-10,2.096576,9.156781
'[19:15:31.540 21/01/2026]',0.4655074,1.87316,-0.3316275,0.9876097,4.610755E-10,4.610755E-10,2.096576,9.156781
'[19:15:31.548 21/01/2026]',0.4655074,1.87316,-0.3316275,0.9876097,4.610755E-10,4.610755E-10,2.096576,9.156781
'[19:15:31.556 21/01/2026]',0.4655074,1.87316,-0.3316275,0.9876097,4.610755E-10,4.610755E-10,2.096576,9.156781
'[19:15:31.564 21/01/2026]',0.4151038,2.157418,1.827164,-0.194763,4.610755E-10,4.610755E-10,-0.5970637,9.335719
'[19:15:31.572 21/01/2026]',-3.777798,-7.328865,-4.261301,-4.320169,4.610755E-10,4.610755E-10,-7.904562,-25.62695
'[19:15:31.580 21/01/2026]',-3.777798,-7.328865,-4.261301,-4.320169,4.610755E-10,4.610755E-10,-7.904562,-25.62695
'[19:15:31.588 21/01/2026]',5.796662,7.062836,4.880842,8.187361,4.610755E-10,4.610755E-10,9.207668,7.029879
'[19:15:31.596 21/01/2026]',-2.556257,-1.731123,-2.391993,-4.257384,4.610755E-10,4.610755E-10,-0.8039732,24.3958
'[19:15:31.604 21/01/2026]',-1.802095,-2.641457,-0.6139243,-3.683446,4.610755E-10,4.610755E-10,-3.876804,-45.96315
'[19:15:31.612 21/01/2026]',-1.802095,-2.641457,-0.6139243,-3.683446,4.610755E-10,4.610755E-10,-3.876804,-45.96315
'[19:15:31.620 21/01/2026]',4.246433,3.423273,3.090359,5.635448,4.610755E-10,4.610755E-10,1.819668,17.44843
'[19:15:31.628 21/01/2026]',4.246433,3.423273,3.090359,5.635448,4.610755E-10,4.610755E-10,1.819668,17.44843
'[19:15:31.636 21/01/2026]',4.246433,3.423273,3.090359,5.635448,4.610755E-10,4.610755E-10,1.819668,17.44843
'[19:15:31.644 21/01/2026]',4.246433,3.423273,3.090359,5.635448,4.610755E-10,4.610755E-10,1.819668,17.44843
'[19:15:31.652 21/01/2026]',-0.1793946,1.444303,-0.4866516,1.498979,4.610755E-10,4.610755E-10,-0.02503385,14.53961
'[19:15:31.660 21/01/2026]',-3.541588,-3.669405,-2.114022,-5.18811,4.610755E-10,4.610755E-10,0.363224,-6.212503
'[19:15:31.668 21/01/2026]',-3.541588,-3.669405,-2.114022,-5.18811,4.610755E-10,4.610755E-10,0.363224,-6.212503
'[19:15:31.676 21/01/2026]',-1.095755,-1.56747,-1.818902,-1.049703,4.610755E-10,4.610755E-10,-1.596398,-7.440508
'[19:15:31.684 21/01/2026]',-1.095755,-1.56747,-1.818902,-1.049703,4.610755E-10,4.610755E-10,-1.596398,-7.440508
'[19:15:31.692 21/01/2026]',3.358103,3.854579,2.133144,4.768543,4.610755E-10,4.610755E-10,1.366914,16.65589
'[19:15:31.700 21/01/2026]',3.358103,3.854579,2.133144,4.768543,4.610755E-10,4.610755E-10,1.366914,16.65589
'[19:15:31.708 21/01/2026]',3.358103,3.854579,2.133144,4.768543,4.610755E-10,4.610755E-10,1.366914,16.65589
'[19:15:31.716 21/01/2026]',3.358103,3.854579,2.133144,4.768543,4.610755E-10,4.610755E-10,1.366914,16.65589
'[19:15:31.724 21/01/2026]',3.358103,3.854579,2.133144,4.768543,4.610755E-10,4.610755E-10,1.366914,16.65589
'[19:15:31.732 21/01/2026]',3.358103,3.854579,2.133144,4.768543,4.610755E-10,4.610755E-10,1.366914,16.65589
'[19:15:31.740 21/01/2026]',-0.09525045,0.01115035,1.869165,-0.5996823,4.610755E-10,4.610755E-10,-1.616717,-2.526968
'[19:15:31.748 21/01/2026]',-1.269182,-2.505167,-2.523692,-2.723618,4.610755E-10,4.610755E-10,-1.147402,-0.6654006
'[19:15:31.756 21/01/2026]',-0.6232366,6.888725,-0.7852094,3.547592,4.610755E-10,4.610755E-10,5.357084,2.470022
'[19:15:31.764 21/01/2026]',0.5149864,-0.924333,2.744367,-0.08528995,4.610755E-10,4.610755E-10,-0.833342,15.23125
'[19:15:31.772 21/01/2026]',0.5149864,-0.924333,2.744367,-0.08528995,4.610755E-10,4.610755E-10,-0.833342,15.23125
'[19:15:31.780 21/01/2026]',0.5149864,-0.924333,2.744367,-0.08528995,4.610755E-10,4.610755E-10,-0.833342,15.23125
'[19:15:31.788 21/01/2026]',0.5149864,-0.924333,2.744367,-0.08528995,4.610755E-10,4.610755E-10,-0.833342,15.23125
'[19:15:31.796 21/01/2026]',1.265927,-13.62692,-0.3552024,-4.171917,4.610755E-10,4.610755E-10,-4.661771,-31.44269
'[19:15:31.804 21/01/2026]',-2.593719,9.971227,-2.107236,2.863175,4.610755E-10,4.610755E-10,1.41228,24.48292
'[19:15:31.812 21/01/2026]',-2.593719,9.971227,-2.107236,2.863175,4.610755E-10,4.610755E-10,1.41228,24.48292
'[19:15:31.820 21/01/2026]',-2.593719,9.971227,-2.107236,2.863175,4.610755E-10,4.610755E-10,1.41228,24.48292
'[19:15:31.828 21/01/2026]',-2.593719,9.971227,-2.107236,2.863175,4.610755E-10,4.610755E-10,1.41228,24.48292
'[19:15:31.836 21/01/2026]',-2.593719,9.971227,-2.107236,2.863175,4.610755E-10,4.610755E-10,1.41228,24.48292
'[19:15:31.844 21/01/2026]',0.4898073,0.1313728,1.082036,-0.1211655,4.610755E-10,4.610755E-10,3.051137,-10.28229
'[19:15:31.852 21/01/2026]',2.757119,-2.809055,2.672956,-0.6366862,4.610755E-10,4.610755E-10,-1.29559,-23.95256
'[19:15:31.860 21/01/2026]',3.089274,5.808934,1.818538,5.81035,4.610755E-10,4.610755E-10,2.194259,30.06952
'[19:15:31.868 21/01/2026]',3.089274,5.808934,1.818538,5.81035,4.610755E-10,4.610755E-10,2.194259,30.06952
'[19:15:31.876 21/01/2026]',3.089274,5.808934,1.818538,5.81035,4.610755E-10,4.610755E-10,2.194259,30.06952
'[19:15:31.884 21/01/2026]',3.089274,5.808934,1.818538,5.81035,4.610755E-10,4.610755E-10,2.194259,30.06952
'[19:15:31.892 21/01/2026]',-10.27053,-11.4572,-9.531641,-10.4011,4.610755E-10,4.610755E-10,-7.40321,-16.40407
'[19:15:31.900 21/01/2026]',7.363371,10.52739,9.960283,7.946703,4.610755E-10,4.610755E-10,7.919826,-15.59222
'[19:15:31.908 21/01/2026]',0.9514081,0.9310731,-3.31392,-0.3526929,4.610755E-10,4.610755E-10,0.9606823,36.09547
'[19:15:31.916 21/01/2026]',-3.486872,-7.23816,-3.006772,-1.023805,4.610755E-10,4.610755E-10,-6.394328,-15.39345
'[19:15:31.924 21/01/2026]',0.8595247,4.457102,4.213461,2.455512,4.610755E-10,4.610755E-10,4.185789,19.04491
'[19:15:31.932 21/01/2026]',-2.105351,-2.062636,-4.174066,-6.474872,4.610755E-10,4.610755E-10,-2.741853,-12.92847
'[19:15:31.940 21/01/2026]',1.709643,0.920752,3.035303,2.044093,4.610755E-10,4.610755E-10,2.097647,-21.13075
'[19:15:31.948 21/01/2026]',-0.618837,3.24841,-2.82918,2.709146,4.610755E-10,4.610755E-10,-2.168701,34.70067
'[19:15:31.956 21/01/2026]',1.919094,-9.180397,2.999038,-3.063474,4.610755E-10,4.610755E-10,-0.3755228,-15.10959
'[19:15:31.964 21/01/2026]',-0.8857045,5.372186,-0.3864899,1.73487,4.610755E-10,4.610755E-10,2.311547,-21.67708
'[19:15:31.972 21/01/2026]',-0.07325931,1.101744,-1.602316,-0.1591454,4.610755E-10,4.610755E-10,-0.3564918,32.61326
'[19:15:31.980 21/01/2026]',-1.106055,-5.077484,0.9650282,-2.329066,4.610755E-10,4.610755E-10,-1.650671,-30.20126
'[19:15:31.988 21/01/2026]',1.989286,2.826112,1.339266,4.257474,4.610755E-10,4.610755E-10,1.423301,-0.8724088
'[19:15:31.996 21/01/2026]',1.989286,2.826112,1.339266,4.257474,4.610755E-10,4.610755E-10,1.423301,-0.8724088
'[19:15:32.004 21/01/2026]',0.4116585,1.460628,-0.9377246,-3.740196,4.610755E-10,4.610755E-10,1.057258,27.41825
'[19:15:32.012 21/01/2026]',-3.529531,-4.908966,-3.724675,-1.119386,4.610755E-10,4.610755E-10,-4.696068,-36.78198
'[19:15:32.020 21/01/2026]',2.987397,5.649708,3.756596,6.171421,4.610755E-10,4.610755E-10,5.247288,41.72456
'[19:15:32.028 21/01/2026]',1.063455,-2.070799,0.0364485,-4.245179,4.610755E-10,4.610755E-10,-0.9989964,-12.12612
'[19:15:32.036 21/01/2026]',1.023562,2.4038,0.6189697,2.104543,4.610755E-10,4.610755E-10,-1.074027,-24.85304
'[19:15:32.044 21/01/2026]',-7.545278,-5.295739,-6.61472,-5.44142,4.610755E-10,4.610755E-10,-3.8919,41.2944
'[19:15:32.052 21/01/2026]',8.658381,5.363769,9.828803,8.389548,4.610755E-10,4.610755E-10,8.871873,-28.16348
'[19:15:32.060 21/01/2026]',0.6719792,0.7605391,-1.216467,0.8303301,4.610755E-10,4.610755E-10,-1.924937,12.50233
'[19:15:32.068 21/01/2026]',-4.048094,-2.724377,-3.13405,-6.950922,4.610755E-10,4.610755E-10,-3.418871,0.5078378
'[19:15:32.076 21/01/2026]',-1.326204,-0.3076344,-1.228059,-0.411884,4.610755E-10,4.610755E-10,-2.66062,-27.90107
'[19:15:32.084 21/01/2026]',3.273327,1.854171,1.950636,5.680491,4.610755E-10,4.610755E-10,4.353504,20.44005
'[19:15:32.092 21/01/2026]',-0.2792372,-2.375076,2.147526,-1.499667,4.610755E-10,4.610755E-10,2.881621,0.9192806
'[19:15:32.100 21/01/2026]',-3.378226,4.388865,-4.109577,-0.9485788,4.610755E-10,4.610755E-10,-4.075858,-24.79358
'[19:15:32.108 21/01/2026]',3.084347,-2.051024,1.401376,-0.7523714,4.610755E-10,4.610755E-10,-2.273131,21.34342
'[19:15:32.116 21/01/2026]',1.613213,-0.8801007,2.589616,3.123795,4.610755E-10,4.610755E-10,5.980392,15.43175
'[19:15:32.124 21/01/2026]',-4.330794,0.4053631,-3.085364,-1.745746,4.610755E-10,4.610755E-10,-2.787058,-30.21358
'[19:15:32.132 21/01/2026]',-4.330794,0.4053631,-3.085364,-1.745746,4.610755E-10,4.610755E-10,-2.787058,-30.21358
'[19:15:32.140 21/01/2026]',2.056127,0.9108242,0.7137179,-0.2256477,4.610755E-10,4.610755E-10,-2.275038,20.69923
'[19:15:32.148 21/01/2026]',-0.756954,-2.823846,-0.5402043,0.3428735,4.610755E-10,4.610755E-10,1.993691,2.436477
'[19:15:32.156 21/01/2026]',1.040968,2.392681,1.821561,-0.7974419,4.610755E-10,4.610755E-10,-0.487218,1.252923
'[19:15:32.164 21/01/2026]',1.040968,2.392681,1.821561,-0.7974419,4.610755E-10,4.610755E-10,-0.487218,1.252923
'[19:15:32.172 21/01/2026]',1.040968,2.392681,1.821561,-0.7974419,4.610755E-10,4.610755E-10,-0.487218,1.252923
'[19:15:32.180 21/01/2026]',1.040968,2.392681,1.821561,-0.7974419,4.610755E-10,4.610755E-10,-0.487218,1.252923
'[19:15:32.188 21/01/2026]',-1.002259,0.396652,-2.850998,-0.2929564,4.610755E-10,4.610755E-10,-0.8986995,13.09263
'[19:15:32.196 21/01/2026]',0.6084641,1.052425,1.892599,1.769092,4.610755E-10,4.610755E-10,2.098504,-25.12303
'[19:15:32.204 21/01/2026]',0.6084641,1.052425,1.892599,1.769092,4.610755E-10,4.610755E-10,2.098504,-25.12303
'[19:15:32.212 21/01/2026]',0.6084641,1.052425,1.892599,1.769092,4.610755E-10,4.610755E-10,2.098504,-25.12303
'[19:15:32.220 21/01/2026]',0.6084641,1.052425,1.892599,1.769092,4.610755E-10,4.610755E-10,2.098504,-25.12303
'[19:15:32.228 21/01/2026]',0.6084641,1.052425,1.892599,1.769092,4.610755E-10,4.610755E-10,2.098504,-25.12303
'[19:15:32.236 21/01/2026]',1.093549,-4.309332,-0.04476821,-2.141936,4.610755E-10,4.610755E-10,-4.563943,3.190838
'[19:15:32.244 21/01/2026]',4.704751,7.859197,5.300203,7.768641,4.610755E-10,4.610755E-10,7.894421,24.48033
'[19:15:32.252 21/01/2026]',-12.14233,-13.11574,-10.2107,-12.08028,4.610755E-10,4.610755E-10,-9.444177,-49.17664
'[19:15:32.260 21/01/2026]',-0.3329292,4.819703,2.040586,7.186383,4.610755E-10,4.610755E-10,7.20807,48.25604
'[19:15:32.268 21/01/2026]',-0.3329292,4.819703,2.040586,7.186383,4.610755E-10,4.610755E-10,7.20807,48.25604
'[19:15:32.276 21/01/2026]',-0.9980075,0.2947545,2.329094,-2.429789,4.610755E-10,4.610755E-10,0.9787359,-7.868541
'[19:15:32.284 21/01/2026]',23.58293,4.191079,6.300844,0.6620257,4.610755E-10,4.610755E-10,-3.840342,-27.87803
'[19:15:32.292 21/01/2026]',-4.4155,10.31265,0.2430846,7.344181,4.610755E-10,4.610755E-10,3.188233,25.3949
'[19:15:32.300 21/01/2026]',-4.4155,10.31265,0.2430846,7.344181,4.610755E-10,4.610755E-10,3.188233,25.3949
'[19:15:32.308 21/01/2026]',-4.4155,10.31265,0.2430846,7.344181,4.610755E-10,4.610755E-10,3.188233,25.3949
'[19:15:32.316 21/01/2026]',-4.4155,10.31265,0.2430846,7.344181,4.610755E-10,4.610755E-10,3.188233,25.3949
'[19:15:32.324 21/01/2026]',-4.4155,10.31265,0.2430846,7.344181,4.610755E-10,4.610755E-10,3.188233,25.3949
'[19:15:32.332 21/01/2026]',-18.90827,-17.70153,-9.833183,-9.251442,4.610755E-10,4.610755E-10,-3.201427,-22.79686
'[19:15:32.340 21/01/2026]',7.583969,2.866179,3.505089,0.220111,4.610755E-10,4.610755E-10,1.445003,25.61963
'[19:15:32.348 21/01/2026]',7.583969,2.866179,3.505089,0.220111,4.610755E-10,4.610755E-10,1.445003,25.61963
'[19:15:32.356 21/01/2026]',7.583969,2.866179,3.505089,0.220111,4.610755E-10,4.610755E-10,1.445003,25.61963
'[19:15:32.364 21/01/2026]',7.583969,2.866179,3.505089,0.220111,4.610755E-10,4.610755E-10,1.445003,25.61963
'[19:15:32.372 21/01/2026]',4.383697,4.391792,1.291076,2.616825,4.610755E-10,4.610755E-10,-0.2958869,-30.12882
'[19:15:32.380 21/01/2026]',-5.89013,-4.11854,-1.806074,-1.554,4.610755E-10,4.610755E-10,-0.514993,-8.235163
'[19:15:32.388 21/01/2026]',2.396659,2.667598,1.268689,1.087179,4.610755E-10,4.610755E-10,1.40459,41.24928
'[19:15:32.396 21/01/2026]',2.396659,2.667598,1.268689,1.087179,4.610755E-10,4.610755E-10,1.40459,41.24928
'[19:15:32.404 21/01/2026]',2.396659,2.667598,1.268689,1.087179,4.610755E-10,4.610755E-10,1.40459,41.24928
'[19:15:32.412 21/01/2026]',2.396659,2.667598,1.268689,1.087179,4.610755E-10,4.610755E-10,1.40459,41.24928
'[19:15:32.420 21/01/2026]',-1.234711,-2.19662,-1.089727,-0.9550017,4.610755E-10,4.610755E-10,-1.747188,-20.38675
'[19:15:32.428 21/01/2026]',0.6726224,2.481292,0.7193173,1.184057,4.610755E-10,4.610755E-10,-2.213545,-19.90911
'[19:15:32.436 21/01/2026]',0.6726224,2.481292,0.7193173,1.184057,4.610755E-10,4.610755E-10,-2.213545,-19.90911
'[19:15:32.444 21/01/2026]',0.6726224,2.481292,0.7193173,1.184057,4.610755E-10,4.610755E-10,-2.213545,-19.90911
'[19:15:32.452 21/01/2026]',0.6726224,2.481292,0.7193173,1.184057,4.610755E-10,4.610755E-10,-2.213545,-19.90911
'[19:15:32.460 21/01/2026]',1.568817,-0.2598953,1.810761,1.100034,4.610755E-10,4.610755E-10,6.636603,48.01295
'[19:15:32.468 21/01/2026]',-2.041721,-2.157214,-2.952221,-2.220073,4.610755E-10,4.610755E-10,-2.878537,-22.77601
'[19:15:32.476 21/01/2026]',0.03305341,1.235995,-0.7781764,0.1476312,4.610755E-10,4.610755E-10,-3.597152,-4.834601
'[19:15:32.484 21/01/2026]',0.03305341,1.235995,-0.7781764,0.1476312,4.610755E-10,4.610755E-10,-3.597152,-4.834601
'[19:15:32.492 21/01/2026]',0.1766268,-0.04927893,2.030261,-0.3499309,4.610755E-10,4.610755E-10,3.87427,17.26427
'[19:15:32.500 21/01/2026]',0.1766268,-0.04927893,2.030261,-0.3499309,4.610755E-10,4.610755E-10,3.87427,17.26427
'[19:15:32.508 21/01/2026]',0.1766268,-0.04927893,2.030261,-0.3499309,4.610755E-10,4.610755E-10,3.87427,17.26427
'[19:15:32.516 21/01/2026]',0.1766268,-0.04927893,2.030261,-0.3499309,4.610755E-10,4.610755E-10,3.87427,17.26427
'[19:15:32.524 21/01/2026]',3.060597,1.647108,2.244848,3.761035,4.610755E-10,4.610755E-10,2.579667,-20.97733
'[19:15:32.532 21/01/2026]',3.060597,1.647108,2.244848,3.761035,4.610755E-10,4.610755E-10,2.579667,-20.97733
'[19:15:32.540 21/01/2026]',-0.9905834,-0.943691,-0.9997032,-1.502705,4.610755E-10,4.610755E-10,-4.213879,14.93227
'[19:15:32.548 21/01/2026]',-8.063651,-8.134866,-6.49535,-7.9617,4.610755E-10,4.610755E-10,-2.538004,-24.48219
'[19:15:32.556 21/01/2026]',11.12131,11.35962,10.12092,12.02194,4.610755E-10,4.610755E-10,9.114306,12.53495
'[19:15:32.564 21/01/2026]',11.12131,11.35962,10.12092,12.02194,4.610755E-10,4.610755E-10,9.114306,12.53495
'[19:15:32.572 21/01/2026]',-5.205444,-4.747241,-4.930588,-5.154713,4.610755E-10,4.610755E-10,-6.477939,-8.935153
'[19:15:32.580 21/01/2026]',-5.205444,-4.747241,-4.930588,-5.154713,4.610755E-10,4.610755E-10,-6.477939,-8.935153
'[19:15:32.588 21/01/2026]',-5.205444,-4.747241,-4.930588,-5.154713,4.610755E-10,4.610755E-10,-6.477939,-8.935153
'[19:15:32.596 21/01/2026]',-0.9826564,-1.530445,-1.507647,-2.450858,4.610755E-10,4.610755E-10,-0.5532486,-1.615164
'[19:15:32.604 21/01/2026]',1.485898,0.7110095,0.7517998,2.260614,4.610755E-10,4.610755E-10,0.9204345,-12.48363
'[19:15:32.612 21/01/2026]',-0.01844864,1.852783,1.240859,1.752064,4.610755E-10,4.610755E-10,2.323726,24.03538
'[19:15:32.620 21/01/2026]',-2.68073,-4.611052,-1.85606,-4.955251,4.610755E-10,4.610755E-10,-4.419025,-7.844168
'[19:15:32.628 21/01/2026]',1.074212,2.680659,-0.6451411,3.810831,4.610755E-10,4.610755E-10,1.385359,-6.781818
'[19:15:32.636 21/01/2026]',1.074212,2.680659,-0.6451411,3.810831,4.610755E-10,4.610755E-10,1.385359,-6.781818
'[19:15:32.644 21/01/2026]',1.305688,0.3164143,0.09384458,-2.305429,4.610755E-10,4.610755E-10,0.125129,15.26043
'[19:15:32.652 21/01/2026]',-1.45832,-1.333405,2.774729,0.474855,4.610755E-10,4.610755E-10,-0.2124238,-7.338619
'[19:15:32.660 21/01/2026]',0.9299524,1.413864,-2.588385,1.255883,4.610755E-10,4.610755E-10,1.52687,2.319366
'[19:15:32.668 21/01/2026]',-2.479771,6.34059,-1.386768,0.4597545,4.610755E-10,4.610755E-10,-0.471022,1.677836
'[19:15:32.676 21/01/2026]',4.126864,-4.983052,4.907224,-0.5183528,4.610755E-10,4.610755E-10,-1.466826,-6.25054
'[19:15:32.684 21/01/2026]',-1.575856,-4.828171,-2.329616,-0.4892197,4.610755E-10,4.610755E-10,0.5201714,2.778733
'[19:15:32.692 21/01/2026]',-3.112186,2.843601,-3.548535,-1.520184,4.610755E-10,4.610755E-10,-1.196049,-21.75651
'[19:15:32.700 21/01/2026]',1.137208,1.627229,2.993731,-0.06320934,4.610755E-10,4.610755E-10,2.572868,25.07202
'[19:15:32.708 21/01/2026]',2.274948,-0.8242819,1.505075,5.03969,4.610755E-10,4.610755E-10,-0.7551469,-9.264977
'[19:15:32.716 21/01/2026]',0.8604676,1.409473,-0.3008372,-1.339417,4.610755E-10,4.610755E-10,-0.2158704,-2.737549
'[19:15:32.724 21/01/2026]',0.8604676,1.409473,-0.3008372,-1.339417,4.610755E-10,4.610755E-10,-0.2158704,-2.737549
'[19:15:32.732 21/01/2026]',0.8604676,1.409473,-0.3008372,-1.339417,4.610755E-10,4.610755E-10,-0.2158704,-2.737549
'[19:15:32.740 21/01/2026]',-6.532895,-6.2985,-5.344179,-7.672112,4.610755E-10,4.610755E-10,-2.33621,0.3161814
'[19:15:32.748 21/01/2026]',7.800406,8.607676,7.667595,11.303,4.610755E-10,4.610755E-10,5.89467,14.59737
'[19:15:32.756 21/01/2026]',-3.878963,-3.921684,-4.330318,-6.353406,4.610755E-10,4.610755E-10,-6.287715,-2.996751
'[19:15:32.764 21/01/2026]',-1.802216,-3.075256,-1.616899,-1.886409,4.610755E-10,4.610755E-10,-1.053574,-7.412308
'[19:15:32.772 21/01/2026]',3.199155,5.110435,3.705844,5.781394,4.610755E-10,4.610755E-10,7.003667,5.798832
'[19:15:32.780 21/01/2026]',1.242759,-2.182148,0.3396954,-2.24691,4.610755E-10,4.610755E-10,-3.706586,2.982168
'[19:15:32.788 21/01/2026]',-2.618652,-0.3007604,-1.679428,0.07991799,4.610755E-10,4.610755E-10,-0.6888429,5.342239
'[19:15:32.796 21/01/2026]',-2.879736,-3.424887,-3.625,-4.840292,4.610755E-10,4.610755E-10,-1.539952,-21.82031
'[19:15:32.804 21/01/2026]',5.968281,3.930765,6.15819,4.683832,4.610755E-10,4.610755E-10,3.951478,-5.646309
'[19:15:32.812 21/01/2026]',-2.275728,0.02147678,-0.3236393,-0.02690236,4.610755E-10,4.610755E-10,-0.335051,14.81601
'[19:15:32.820 21/01/2026]',-2.275728,0.02147678,-0.3236393,-0.02690236,4.610755E-10,4.610755E-10,-0.335051,14.81601
'[19:15:32.828 21/01/2026]',-2.275728,0.02147678,-0.3236393,-0.02690236,4.610755E-10,4.610755E-10,-0.335051,14.81601
'[19:15:32.836 21/01/2026]',-0.9186363,-0.5538429,-1.829481,-0.697535,4.610755E-10,4.610755E-10,-2.122588,-6.631185
'[19:15:32.844 21/01/2026]',-0.4710971,-1.207914,-2.296996,-0.738547,4.610755E-10,4.610755E-10,-0.2088852,-4.566315
'[19:15:32.852 21/01/2026]',1.326144,0.6349897,2.870738,-0.1712015,4.610755E-10,4.610755E-10,1.360798,2.784726
'[19:15:32.860 21/01/2026]',1.70031,2.132394,2.261591,3.073098,4.610755E-10,4.610755E-10,0.2020251,-1.052526
'[19:15:32.868 21/01/2026]',-3.08999,-2.967809,-2.254664,-0.2768152,4.610755E-10,4.610755E-10,-0.7399319,10.17041
'[19:15:32.876 21/01/2026]',0.2542392,-0.6129039,-2.711077,-4.330456,4.610755E-10,4.610755E-10,-2.896847,-8.058292
'[19:15:32.884 21/01/2026]',0.2542392,-0.6129039,-2.711077,-4.330456,4.610755E-10,4.610755E-10,-2.896847,-8.058292
'[19:15:32.892 21/01/2026]',1.634477,2.235657,1.82501,2.128692,4.610755E-10,4.610755E-10,4.591835,14.94477
'[19:15:32.900 21/01/2026]',2.150278,4.499479,2.441621,2.587333,4.610755E-10,4.610755E-10,-0.3127207,-14.72684
'[19:15:32.908 21/01/2026]',2.150278,4.499479,2.441621,2.587333,4.610755E-10,4.610755E-10,-0.3127207,-14.72684
'[19:15:32.916 21/01/2026]',2.150278,4.499479,2.441621,2.587333,4.610755E-10,4.610755E-10,-0.3127207,-14.72684
'[19:15:32.924 21/01/2026]',2.150278,4.499479,2.441621,2.587333,4.610755E-10,4.610755E-10,-0.3127207,-14.72684
'[19:15:32.932 21/01/2026]',-7.111304,-3.993774,-5.936246,-4.792931,4.610755E-10,4.610755E-10,-6.296794,0.4954964
'[19:15:32.940 21/01/2026]',8.054724,-4.426557,6.906783,2.688476,4.610755E-10,4.610755E-10,5.558911,-5.469106
'[19:15:32.948 21/01/2026]',8.054724,-4.426557,6.906783,2.688476,4.610755E-10,4.610755E-10,5.558911,-5.469106
'[19:15:32.956 21/01/2026]',-2.594911,3.614273,-1.122674,0.9183818,4.610755E-10,4.610755E-10,0.2154302,9.194013
'[19:15:32.964 21/01/2026]',-2.594911,3.614273,-1.122674,0.9183818,4.610755E-10,4.610755E-10,0.2154302,9.194013
'[19:15:32.972 21/01/2026]',-2.594911,3.614273,-1.122674,0.9183818,4.610755E-10,4.610755E-10,0.2154302,9.194013
'[19:15:32.980 21/01/2026]',-2.594911,3.614273,-1.122674,0.9183818,4.610755E-10,4.610755E-10,0.2154302,9.194013
'[19:15:32.988 21/01/2026]',-2.594911,3.614273,-1.122674,0.9183818,4.610755E-10,4.610755E-10,0.2154302,9.194013
'[19:15:32.996 21/01/2026]',-3.420473,-0.1713601,-4.591702,-3.176955,4.610755E-10,4.610755E-10,-2.093378,-13.31034
'[19:15:33.004 21/01/2026]',2.311809,-1.436809,2.869208,1.612691,4.610755E-10,4.610755E-10,-1.574534,5.264637
'[19:15:33.012 21/01/2026]',2.037223,1.26512,1.461876,1.010536,4.610755E-10,4.610755E-10,4.037124,-2.183066
'[19:15:33.020 21/01/2026]',-3.535808,-3.224262,-2.17562,-2.906255,4.610755E-10,4.610755E-10,-3.633378,-3.690651
'[19:15:33.028 21/01/2026]',-3.535808,-3.224262,-2.17562,-2.906255,4.610755E-10,4.610755E-10,-3.633378,-3.690651
'[19:15:33.036 21/01/2026]',0.1909031,2.261943,0.441684,1.45706,4.610755E-10,4.610755E-10,0.008757418,9.072029
'[19:15:33.044 21/01/2026]',0.1909031,2.261943,0.441684,1.45706,4.610755E-10,4.610755E-10,0.008757418,9.072029
'[19:15:33.052 21/01/2026]',0.1909031,2.261943,0.441684,1.45706,4.610755E-10,4.610755E-10,0.008757418,9.072029
'[19:15:33.060 21/01/2026]',3.875182,3.354253,0.8355666,4.181997,4.610755E-10,4.610755E-10,6.316486,13.98575
'[19:15:33.068 21/01/2026]',3.875182,3.354253,0.8355666,4.181997,4.610755E-10,4.610755E-10,6.316486,13.98575
'[19:15:33.076 21/01/2026]',3.875182,3.354253,0.8355666,4.181997,4.610755E-10,4.610755E-10,6.316486,13.98575
'[19:15:33.084 21/01/2026]',-3.248155,-5.289274,0.4105627,-5.116657,4.610755E-10,4.610755E-10,-5.442129,-12.12444
'[19:15:33.092 21/01/2026]',-0.9736444,0.2821654,-1.293658,-0.1546876,4.610755E-10,4.610755E-10,-2.981239,0.4383006
'[19:15:33.100 21/01/2026]',-0.9736444,0.2821654,-1.293658,-0.1546876,4.610755E-10,4.610755E-10,-2.981239,0.4383006
'[19:15:33.108 21/01/2026]',0.632198,2.472079,-1.177778,1.211701,4.610755E-10,4.610755E-10,3.168982,0.1705425
'[19:15:33.116 21/01/2026]',0.632198,2.472079,-1.177778,1.211701,4.610755E-10,4.610755E-10,3.168982,0.1705425
'[19:15:33.124 21/01/2026]',3.097905,0.9594876,3.567189,1.019364,4.610755E-10,4.610755E-10,1.614289,2.630095
'[19:15:33.132 21/01/2026]',3.097905,0.9594876,3.567189,1.019364,4.610755E-10,4.610755E-10,1.614289,2.630095
'[19:15:33.140 21/01/2026]',3.097905,0.9594876,3.567189,1.019364,4.610755E-10,4.610755E-10,1.614289,2.630095
'[19:15:33.148 21/01/2026]',3.097905,0.9594876,3.567189,1.019364,4.610755E-10,4.610755E-10,1.614289,2.630095
'[19:15:33.156 21/01/2026]',3.097905,0.9594876,3.567189,1.019364,4.610755E-10,4.610755E-10,1.614289,2.630095
'[19:15:33.164 21/01/2026]',-2.758942,-3.289837,-2.73202,-0.8572786,4.610755E-10,4.610755E-10,-2.893446,-2.743019
'[19:15:33.172 21/01/2026]',-2.758942,-3.289837,-2.73202,-0.8572786,4.610755E-10,4.610755E-10,-2.893446,-2.743019
'[19:15:33.180 21/01/2026]',-2.812344,-2.316549,-1.108784,-3.41113,4.610755E-10,4.610755E-10,-1.923109,-14.29897
'[19:15:33.188 21/01/2026]',4.814249,5.576903,3.7941,4.404489,4.610755E-10,4.610755E-10,5.864624,4.206423
'[19:15:33.196 21/01/2026]',-2.73115,-3.669084,-4.687226,-2.088313,4.610755E-10,4.610755E-10,-2.844134,0.6324754
'[19:15:33.204 21/01/2026]',-2.73115,-3.669084,-4.687226,-2.088313,4.610755E-10,4.610755E-10,-2.844134,0.6324754
'[19:15:33.212 21/01/2026]',1.984198,3.041309,5.128075,2.567261,4.610755E-10,4.610755E-10,-0.9826192,-9.853464
'[19:15:33.220 21/01/2026]',1.984198,3.041309,5.128075,2.567261,4.610755E-10,4.610755E-10,-0.9826192,-9.853464
'[19:15:33.228 21/01/2026]',1.984198,3.041309,5.128075,2.567261,4.610755E-10,4.610755E-10,-0.9826192,-9.853464
'[19:15:33.236 21/01/2026]',-5.124216,-6.873751,-5.829776,-6.670363,4.610755E-10,4.610755E-10,-2.808356,9.370492
'[19:15:33.244 21/01/2026]',-5.124216,-6.873751,-5.829776,-6.670363,4.610755E-10,4.610755E-10,-2.808356,9.370492
'[19:15:33.252 21/01/2026]',5.643321,5.975952,4.226902,5.425754,4.610755E-10,4.610755E-10,4.031867,-14.16865
'[19:15:33.260 21/01/2026]',5.643321,5.975952,4.226902,5.425754,4.610755E-10,4.610755E-10,4.031867,-14.16865
'[19:15:33.268 21/01/2026]',-0.2508722,1.725628,0.7482363,2.030043,4.610755E-10,4.610755E-10,1.596453,6.665635
'[19:15:33.276 21/01/2026]',-0.2508722,1.725628,0.7482363,2.030043,4.610755E-10,4.610755E-10,1.596453,6.665635
'[19:15:33.284 21/01/2026]',-1.816794,-2.56512,-1.888027,-3.589385,4.610755E-10,4.610755E-10,-2.180014,-0.6028618
'[19:15:33.292 21/01/2026]',-1.816794,-2.56512,-1.888027,-3.589385,4.610755E-10,4.610755E-10,-2.180014,-0.6028618
'[19:15:33.300 21/01/2026]',-0.2497132,1.340418,-1.367641,-0.2717054,4.610755E-10,4.610755E-10,-3.205848,-2.808599
'[19:15:33.308 21/01/2026]',-0.2497132,1.340418,-1.367641,-0.2717054,4.610755E-10,4.610755E-10,-3.205848,-2.808599
'[19:15:33.316 21/01/2026]',-0.2497132,1.340418,-1.367641,-0.2717054,4.610755E-10,4.610755E-10,-3.205848,-2.808599
'[19:15:33.324 21/01/2026]',-0.2497132,1.340418,-1.367641,-0.2717054,4.610755E-10,4.610755E-10,-3.205848,-2.808599
'[19:15:33.332 21/01/2026]',-0.2497132,1.340418,-1.367641,-0.2717054,4.610755E-10,4.610755E-10,-3.205848,-2.808599
'[19:15:33.340 21/01/2026]',4.837001,3.089552,3.594518,3.91757,4.610755E-10,4.610755E-10,3.640909,4.316694
'[19:15:33.348 21/01/2026]',-7.149789,-12.08956,-3.76499,-5.95767,4.610755E-10,4.610755E-10,1.096501,-15.56024
'[19:15:33.356 21/01/2026]',-0.7214848,4.557677,0.8828273,4.157722,4.610755E-10,4.610755E-10,-3.498989,10.25953
'[19:15:33.364 21/01/2026]',4.987081,5.649642,1.480289,-0.2528428,4.610755E-10,4.610755E-10,1.647466,23.3317
'[19:15:33.372 21/01/2026]',-2.754217,-6.044004,-2.047583,-4.442993,4.610755E-10,4.610755E-10,-0.4663157,-24.15891
'[19:15:33.380 21/01/2026]',1.516808,3.004052,2.062496,4.870213,4.610755E-10,4.610755E-10,-0.07390932,14.81388
'[19:15:33.388 21/01/2026]',-2.607686,-2.212932,-1.243293,-2.573955,4.610755E-10,4.610755E-10,2.128169,-4.324632
'[19:15:33.396 21/01/2026]',1.317216,0.135466,0.08076862,-0.2664155,4.610755E-10,4.610755E-10,-2.559186,3.974397
'[19:15:33.404 21/01/2026]',1.230229,1.277448,0.7751364,1.479121,4.610755E-10,4.610755E-10,-0.1634381,-14.12085
'[19:15:33.412 21/01/2026]',-1.930794,-1.090438,-1.362536,-1.05156,4.610755E-10,4.610755E-10,1.369773,-1.594784
'[19:15:33.420 21/01/2026]',-0.6002215,-2.025431,0.06168957,-2.54717,4.610755E-10,4.610755E-10,0.4788922,9.938025
'[19:15:33.428 21/01/2026]',-0.6002215,-2.025431,0.06168957,-2.54717,4.610755E-10,4.610755E-10,0.4788922,9.938025
'[19:15:33.436 21/01/2026]',-0.8740622,0.2254383,-0.8478228,1.649344,4.610755E-10,4.610755E-10,-0.874185,-21.95116
'[19:15:33.444 21/01/2026]',8.382685,7.989061,6.544068,7.320017,4.610755E-10,4.610755E-10,1.598861,22.96786
'[19:15:33.452 21/01/2026]',-10.03329,-11.39627,-8.987251,-11.11648,4.610755E-10,4.610755E-10,-6.547637,-33.32201
'[19:15:33.460 21/01/2026]',4.633078,7.911915,5.152729,6.653124,4.610755E-10,4.610755E-10,8.829711,14.6103
'[19:15:33.468 21/01/2026]',1.928044,-0.7355681,-0.1072704,2.171684,4.610755E-10,4.610755E-10,-1.331239,25.18633
'[19:15:33.476 21/01/2026]',-2.38699,-1.539499,-1.157489,-4.727021,4.610755E-10,4.610755E-10,-4.921766,-30.34567
'[19:15:33.484 21/01/2026]',0.8595582,2.497534,1.384247,3.193437,4.610755E-10,4.610755E-10,3.181814,22.02087
'[19:15:33.492 21/01/2026]',-1.901184,-3.091632,-2.449244,-1.681228,4.610755E-10,4.610755E-10,1.658767,-7.769817
'[19:15:33.500 21/01/2026]',-1.763115,-1.581328,-0.3858949,-2.363175,4.610755E-10,4.610755E-10,-6.140188,-1.373549
'[19:15:33.508 21/01/2026]',3.784438,2.670216,3.772039,2.571106,4.610755E-10,4.610755E-10,3.41929,4.413052
'[19:15:33.516 21/01/2026]',3.784438,2.670216,3.772039,2.571106,4.610755E-10,4.610755E-10,3.41929,4.413052
'[19:15:33.524 21/01/2026]',-1.581928,0.7857539,-3.539822,-0.6950172,4.610755E-10,4.610755E-10,0.9243822,-6.404686
'[19:15:33.532 21/01/2026]',-0.9095237,-2.616608,0.03748805,-0.9623421,4.610755E-10,4.610755E-10,-1.60266,1.721895
'[19:15:33.540 21/01/2026]',1.092581,0.668814,2.053216,2.028719,4.610755E-10,4.610755E-10,1.500681,-18.29954
'[19:15:33.548 21/01/2026]',1.155649,1.87059,-0.2596089,0.1541771,4.610755E-10,4.610755E-10,-0.1115329,12.83402
'[19:15:33.556 21/01/2026]',-2.113137,-1.303893,-1.429382,-2.351802,4.610755E-10,4.610755E-10,-0.5934058,1.642221
'[19:15:33.564 21/01/2026]',2.923745,2.282993,1.888855,4.361896,4.610755E-10,4.610755E-10,2.864397,-10.4382
'[19:15:33.572 21/01/2026]',-1.794952,-2.073425,-0.7164525,-2.763835,4.610755E-10,4.610755E-10,-3.577035,6.576581
'[19:15:33.580 21/01/2026]',-0.9192475,-0.9456203,0.3952214,0.7947235,4.610755E-10,4.610755E-10,0.518594,-4.704676
'[19:15:33.588 21/01/2026]',1.087704,0.336186,-1.816711,-2.462187,4.610755E-10,4.610755E-10,-0.5469545,-7.364192
'[19:15:33.596 21/01/2026]',1.087704,0.336186,-1.816711,-2.462187,4.610755E-10,4.610755E-10,-0.5469545,-7.364192
'[19:15:33.604 21/01/2026]',1.087704,0.336186,-1.816711,-2.462187,4.610755E-10,4.610755E-10,-0.5469545,-7.364192
'[19:15:33.612 21/01/2026]',1.087704,0.336186,-1.816711,-2.462187,4.610755E-10,4.610755E-10,-0.5469545,-7.364192
'[19:15:33.620 21/01/2026]',1.960186,3.572802,2.450061,4.607607,4.610755E-10,4.610755E-10,4.090565,26.36194
'[19:15:33.628 21/01/2026]',1.960186,3.572802,2.450061,4.607607,4.610755E-10,4.610755E-10,4.090565,26.36194
'[19:15:33.636 21/01/2026]',1.960186,3.572802,2.450061,4.607607,4.610755E-10,4.610755E-10,4.090565,26.36194
'[19:15:33.644 21/01/2026]',-14.27492,-18.2936,-8.476647,-8.114584,4.610755E-10,4.610755E-10,-7.735503,-8.789308
'[19:15:33.652 21/01/2026]',-14.27492,-18.2936,-8.476647,-8.114584,4.610755E-10,4.610755E-10,-7.735503,-8.789308
'[19:15:33.660 21/01/2026]',-13.31269,-28.97797,-1.323321,-10.18885,4.610755E-10,4.610755E-10,-0.3057291,-14.81876
'[19:15:33.668 21/01/2026]',53.62041,89.92251,17.35645,28.74003,4.610755E-10,4.610755E-10,7.393369,10.788
'[19:15:33.676 21/01/2026]',-5.962847,-17.56426,0.5027184,-1.919542,4.610755E-10,4.610755E-10,2.591202,2.85369
'[19:15:33.684 21/01/2026]',-5.962847,-17.56426,0.5027184,-1.919542,4.610755E-10,4.610755E-10,2.591202,2.85369
'[19:15:33.692 21/01/2026]',-32.75851,-48.4812,-11.43209,-16.84645,4.610755E-10,4.610755E-10,-7.611927,0.4537136
'[19:15:33.700 21/01/2026]',-32.75851,-48.4812,-11.43209,-16.84645,4.610755E-10,4.610755E-10,-7.611927,0.4537136
'[19:15:33.708 21/01/2026]',7.236653,19.67617,-1.371479,3.661592,4.610755E-10,4.610755E-10,2.521791,-11.37933
'[19:15:33.716 21/01/2026]',7.236653,19.67617,-1.371479,3.661592,4.610755E-10,4.610755E-10,2.521791,-11.37933
'[19:15:33.724 21/01/2026]',10.67616,11.60873,6.904567,4.11861,4.610755E-10,4.610755E-10,1.646379,4.05178
'[19:15:33.732 21/01/2026]',10.67616,11.60873,6.904567,4.11861,4.610755E-10,4.610755E-10,1.646379,4.05178
'[19:15:33.740 21/01/2026]',-8.91444,-8.230806,-4.774988,-2.661227,4.610755E-10,4.610755E-10,-2.42799,-19.29988
'[19:15:33.748 21/01/2026]',-8.91444,-8.230806,-4.774988,-2.661227,4.610755E-10,4.610755E-10,-2.42799,-19.29988
'[19:15:33.756 21/01/2026]',-8.91444,-8.230806,-4.774988,-2.661227,4.610755E-10,4.610755E-10,-2.42799,-19.29988
'[19:15:33.764 21/01/2026]',6.97897,-4.855578,3.278994,1.768566,4.610755E-10,4.610755E-10,-2.19471,27.93808
'[19:15:33.772 21/01/2026]',-5.338912,2.867306,-0.7808306,-1.634873,4.610755E-10,4.610755E-10,2.541639,-21.25974
'[19:15:33.780 21/01/2026]',-5.338912,2.867306,-0.7808306,-1.634873,4.610755E-10,4.610755E-10,2.541639,-21.25974
'[19:15:33.788 21/01/2026]',-5.338912,2.867306,-0.7808306,-1.634873,4.610755E-10,4.610755E-10,2.541639,-21.25974
'[19:15:33.796 21/01/2026]',-5.338912,2.867306,-0.7808306,-1.634873,4.610755E-10,4.610755E-10,2.541639,-21.25974
'[19:15:33.804 21/01/2026]',-5.338912,2.867306,-0.7808306,-1.634873,4.610755E-10,4.610755E-10,2.541639,-21.25974
'[19:15:33.812 21/01/2026]',-5.338912,2.867306,-0.7808306,-1.634873,4.610755E-10,4.610755E-10,2.541639,-21.25974
'[19:15:33.820 21/01/2026]',-5.338912,2.867306,-0.7808306,-1.634873,4.610755E-10,4.610755E-10,2.541639,-21.25974
'[19:15:33.828 21/01/2026]',-0.5697652,2.373788,-1.730143,-2.226473,4.610755E-10,4.610755E-10,-2.733773,5.850549
'[19:15:33.836 21/01/2026]',3.693364,-1.98524,1.195472,3.375258,4.610755E-10,4.610755E-10,3.029315,16.17942
'[19:15:33.844 21/01/2026]',-1.71726,-2.943363,0.1812289,0.02860631,4.610755E-10,4.610755E-10,-1.841804,-3.80671
'[19:15:33.852 21/01/2026]',-1.355592,2.457245,-0.420547,-1.326651,4.610755E-10,4.610755E-10,0.6074927,-15.17222
'[19:15:33.860 21/01/2026]',-1.355592,2.457245,-0.420547,-1.326651,4.610755E-10,4.610755E-10,0.6074927,-15.17222
'[19:15:33.868 21/01/2026]',0.8171402,-0.9218262,-0.8778235,-0.3149692,4.610755E-10,4.610755E-10,-1.864279,20.30737
'[19:15:33.876 21/01/2026]',5.83134,6.578382,3.156492,2.695335,4.610755E-10,4.610755E-10,2.286378,-8.127894
'[19:15:33.884 21/01/2026]',5.83134,6.578382,3.156492,2.695335,4.610755E-10,4.610755E-10,2.286378,-8.127894
'[19:15:33.892 21/01/2026]',7.326507,5.671468,5.098636,4.869871,4.610755E-10,4.610755E-10,4.957808,4.663936
'[19:15:33.900 21/01/2026]',7.326507,5.671468,5.098636,4.869871,4.610755E-10,4.610755E-10,4.957808,4.663936
'[19:15:33.908 21/01/2026]',-20.99528,-17.61762,-9.116881,-9.580317,4.610755E-10,4.610755E-10,-7.657557,-23.08766
'[19:15:33.916 21/01/2026]',-20.99528,-17.61762,-9.116881,-9.580317,4.610755E-10,4.610755E-10,-7.657557,-23.08766
'[19:15:33.924 21/01/2026]',-20.99528,-17.61762,-9.116881,-9.580317,4.610755E-10,4.610755E-10,-7.657557,-23.08766
'[19:15:33.932 21/01/2026]',0.155797,-3.112983,-3.399652,-2.734804,4.610755E-10,4.610755E-10,-2.28904,15.36565
'[19:15:33.940 21/01/2026]',0.155797,-3.112983,-3.399652,-2.734804,4.610755E-10,4.610755E-10,-2.28904,15.36565
'[19:15:33.948 21/01/2026]',0.155797,-3.112983,-3.399652,-2.734804,4.610755E-10,4.610755E-10,-2.28904,15.36565
'[19:15:33.956 21/01/2026]',12.47898,12.23276,6.451457,6.844177,4.610755E-10,4.610755E-10,4.957534,10.65372
'[19:15:33.964 21/01/2026]',12.47898,12.23276,6.451457,6.844177,4.610755E-10,4.610755E-10,4.957534,10.65372
'[19:15:33.972 21/01/2026]',12.47898,12.23276,6.451457,6.844177,4.610755E-10,4.610755E-10,4.957534,10.65372
'[19:15:33.980 21/01/2026]',-4.69359,-1.768734,-0.3847661,-0.04311765,4.610755E-10,4.610755E-10,2.605093,-25.95715
'[19:15:33.988 21/01/2026]',-1.915279,-4.045496,-1.247109,-1.248252,4.610755E-10,4.610755E-10,-3.644778,8.602111
'[19:15:33.996 21/01/2026]',-1.915279,-4.045496,-1.247109,-1.248252,4.610755E-10,4.610755E-10,-3.644778,8.602111
'[19:15:34.004 21/01/2026]',0.2568645,1.441548,-0.056908,-0.1773188,4.610755E-10,4.610755E-10,-1.816017,20.98804
'[19:15:34.012 21/01/2026]',0.2568645,1.441548,-0.056908,-0.1773188,4.610755E-10,4.610755E-10,-1.816017,20.98804
'[19:15:34.020 21/01/2026]',-0.1589694,-1.707181,-3.232418,-2.545875,4.610755E-10,4.610755E-10,-0.2755501,-28.27624
'[19:15:34.028 21/01/2026]',-0.1589694,-1.707181,-3.232418,-2.545875,4.610755E-10,4.610755E-10,-0.2755501,-28.27624
'[19:15:34.036 21/01/2026]',1.716127,1.238041,4.643462,2.315725,4.610755E-10,4.610755E-10,2.630778,20.79493
'[19:15:34.044 21/01/2026]',1.716127,1.238041,4.643462,2.315725,4.610755E-10,4.610755E-10,2.630778,20.79493
'[19:15:34.052 21/01/2026]',-4.03066,-1.430814,-3.11362,-2.732615,4.610755E-10,4.610755E-10,-1.534481,0.5131884
'[19:15:34.060 21/01/2026]',-4.03066,-1.430814,-3.11362,-2.732615,4.610755E-10,4.610755E-10,-1.534481,0.5131884
'[19:15:34.068 21/01/2026]',1.626366,0.2791241,-0.1610124,1.65029,4.610755E-10,4.610755E-10,-1.971381,-11.66976
'[19:15:34.076 21/01/2026]',-4.027348,-5.761513,-0.6289976,0.5839185,4.610755E-10,4.610755E-10,3.100907,11.56668
'[19:15:34.084 21/01/2026]',-12.59165,-11.61864,-4.605789,-5.936775,4.610755E-10,4.610755E-10,-0.153768,0.7141353
'[19:15:34.092 21/01/2026]',-12.59165,-11.61864,-4.605789,-5.936775,4.610755E-10,4.610755E-10,-0.153768,0.7141353
'[19:15:34.100 21/01/2026]',24.84192,25.42138,9.407817,6.025179,4.610755E-10,4.610755E-10,-4.772942,-30.95356
'[19:15:34.108 21/01/2026]',15.67288,10.99773,5.106241,6.078528,4.610755E-10,4.610755E-10,5.749428,20.85043
'[19:15:34.116 21/01/2026]',15.67288,10.99773,5.106241,6.078528,4.610755E-10,4.610755E-10,5.749428,20.85043
'[19:15:34.124 21/01/2026]',-23.34993,-14.45249,-7.824512,-5.207335,4.610755E-10,4.610755E-10,1.918718,13.30629
'[19:15:34.132 21/01/2026]',-5.034182,-7.984393,-1.665723,-3.788675,4.610755E-10,4.610755E-10,-5.451865,-44.53957
'[19:15:34.140 21/01/2026]',6.834312,2.214442,0.3050456,1.684193,4.610755E-10,4.610755E-10,-2.495463,29.09186
'[19:15:34.148 21/01/2026]',2.621494,6.20498,2.629596,1.02643,4.610755E-10,4.610755E-10,6.181536,10.85311
'[19:15:34.156 21/01/2026]',-1.632763,0.5290943,0.3931479,4.610162,4.610755E-10,4.610755E-10,2.613296,-20.55533
'[19:15:34.164 21/01/2026]',-6.551339,-9.446386,-6.302426,-7.866885,4.610755E-10,4.610755E-10,-9.564775,17.72442
'[19:15:34.172 21/01/2026]',3.893744,2.372548,4.261692,0.8572128,4.610755E-10,4.610755E-10,3.17818,-13.42956
'[19:15:34.180 21/01/2026]',3.893744,2.372548,4.261692,0.8572128,4.610755E-10,4.610755E-10,3.17818,-13.42956
'[19:15:34.188 21/01/2026]',2.494078,4.233794,0.3869908,2.960001,4.610755E-10,4.610755E-10,3.214787,17.57865
'[19:15:34.196 21/01/2026]',-4.594748,-4.660431,-2.614315,-2.988913,4.610755E-10,4.610755E-10,-2.170671,-5.672202
'[19:15:34.204 21/01/2026]',4.146756,7.989824,3.328741,6.051357,4.610755E-10,4.610755E-10,2.42838,10.21286
'[19:15:34.212 21/01/2026]',4.146756,7.989824,3.328741,6.051357,4.610755E-10,4.610755E-10,2.42838,10.21286
'[19:15:34.220 21/01/2026]',-2.01716,-6.821815,-2.157579,-4.61731,4.610755E-10,4.610755E-10,-3.857976,-22.56971
'[19:15:34.228 21/01/2026]',-1.219176,-0.6021149,-1.12414,-2.247288,4.610755E-10,4.610755E-10,-0.304433,-4.29687
'[19:15:34.236 21/01/2026]',0.1607118,1.070578,1.334104,1.025752,4.610755E-10,4.610755E-10,1.583972,29.40787
'[19:15:34.244 21/01/2026]',1.974322,1.793321,1.46499,3.057894,4.610755E-10,4.610755E-10,1.580318,-35.15883
'[19:15:34.252 21/01/2026]',-1.657485,-0.9835314,-2.611043,-2.590145,4.610755E-10,4.610755E-10,-1.296287,11.1887
'[19:15:34.260 21/01/2026]',-1.594623,4.640247,1.246392,2.775807,4.610755E-10,4.610755E-10,0.3817262,12.85209
'[19:15:34.268 21/01/2026]',4.629644,-0.5382126,3.384336,2.335747,4.610755E-10,4.610755E-10,2.466027,-17.32022
'[19:15:34.276 21/01/2026]',-3.395916,-10.75962,-5.048409,-8.015316,4.610755E-10,4.610755E-10,-6.332432,-5.758661
'[19:15:34.284 21/01/2026]',-1.541705,7.516567,1.351345,3.807425,4.610755E-10,4.610755E-10,3.752529,-5.055752
'[19:15:34.292 21/01/2026]',-0.07218983,-0.8102111,-2.011768,-1.769932,4.610755E-10,4.610755E-10,-0.2657275,14.06275
'[19:15:34.300 21/01/2026]',-0.07218983,-0.8102111,-2.011768,-1.769932,4.610755E-10,4.610755E-10,-0.2657275,14.06275
'[19:15:34.308 21/01/2026]',2.818162,-1.706137,1.815658,1.826441,4.610755E-10,4.610755E-10,1.024817,-6.005532
'[19:15:34.316 21/01/2026]',0.2454927,2.747916,3.07855,1.913953,4.610755E-10,4.610755E-10,1.037671,-1.442913
'[19:15:34.324 21/01/2026]',0.3605255,2.366304,0.1268363,1.74239,4.610755E-10,4.610755E-10,1.097863,6.839966
'[19:15:34.332 21/01/2026]',-7.205275,-10.82052,-8.764126,-8.819504,4.610755E-10,4.610755E-10,-8.405783,-17.92628
'[19:15:34.340 21/01/2026]',-7.205275,-10.82052,-8.764126,-8.819504,4.610755E-10,4.610755E-10,-8.405783,-17.92628
'[19:15:34.348 21/01/2026]',-7.205275,-10.82052,-8.764126,-8.819504,4.610755E-10,4.610755E-10,-8.405783,-17.92628
'[19:15:34.356 21/01/2026]',7.53416,8.110392,6.895714,7.013242,4.610755E-10,4.610755E-10,6.2811,16.56241
'[19:15:34.364 21/01/2026]',7.53416,8.110392,6.895714,7.013242,4.610755E-10,4.610755E-10,6.2811,16.56241
'[19:15:34.372 21/01/2026]',-1.353928,1.898843,-0.04575257,-0.5420579,4.610755E-10,4.610755E-10,1.33741,0.1727367
'[19:15:34.380 21/01/2026]',-1.353928,1.898843,-0.04575257,-0.5420579,4.610755E-10,4.610755E-10,1.33741,0.1727367
'[19:15:34.388 21/01/2026]',-3.188934,-5.69986,-1.543788,-2.074334,4.610755E-10,4.610755E-10,-2.608578,11.58071
'[19:15:34.396 21/01/2026]',-3.188934,-5.69986,-1.543788,-2.074334,4.610755E-10,4.610755E-10,-2.608578,11.58071
'[19:15:34.404 21/01/2026]',2.157153,2.342219,-0.5273912,1.654029,4.610755E-10,4.610755E-10,-0.7637334,-8.585981
'[19:15:34.412 21/01/2026]',2.157153,2.342219,-0.5273912,1.654029,4.610755E-10,4.610755E-10,-0.7637334,-8.585981
'[19:15:34.420 21/01/2026]',-0.5362511,1.935916,1.162132,-1.092049,4.610755E-10,4.610755E-10,1.988278,-8.099502
'[19:15:34.428 21/01/2026]',-0.5362511,1.935916,1.162132,-1.092049,4.610755E-10,4.610755E-10,1.988278,-8.099502
'[19:15:34.436 21/01/2026]',-0.5362511,1.935916,1.162132,-1.092049,4.610755E-10,4.610755E-10,1.988278,-8.099502
'[19:15:34.444 21/01/2026]',1.293932,-1.183734,-0.006427003,1.20465,4.610755E-10,4.610755E-10,-1.485264,12.4678
'[19:15:34.452 21/01/2026]',1.293932,-1.183734,-0.006427003,1.20465,4.610755E-10,4.610755E-10,-1.485264,12.4678
'[19:15:34.460 21/01/2026]',1.293932,-1.183734,-0.006427003,1.20465,4.610755E-10,4.610755E-10,-1.485264,12.4678
'[19:15:34.468 21/01/2026]',1.293932,-1.183734,-0.006427003,1.20465,4.610755E-10,4.610755E-10,-1.485264,12.4678
'[19:15:34.476 21/01/2026]',1.293932,-1.183734,-0.006427003,1.20465,4.610755E-10,4.610755E-10,-1.485264,12.4678
'[19:15:34.484 21/01/2026]',-1.732823,-5.53082,-0.8834918,-2.111821,4.610755E-10,4.610755E-10,-0.6305603,-0.0007327825
'[19:15:34.492 21/01/2026]',-1.732823,-5.53082,-0.8834918,-2.111821,4.610755E-10,4.610755E-10,-0.6305603,-0.0007327825
'[19:15:34.500 21/01/2026]',-0.02257075,9.665724,-0.4965506,1.289744,4.610755E-10,4.610755E-10,0.5155281,-29.7458
'[19:15:34.508 21/01/2026]',0.1872609,-3.196662,-0.3389347,-0.02096631,4.610755E-10,4.610755E-10,0.9687138,20.40705
'[19:15:34.516 21/01/2026]',0.3524595,-2.278395,1.754571,-0.1429099,4.610755E-10,4.610755E-10,-0.5267403,-0.001069693
'[19:15:34.524 21/01/2026]',2.386564,3.387514,1.171845,3.818148,4.610755E-10,4.610755E-10,1.5008,-4.728004
'[19:15:34.532 21/01/2026]',2.386564,3.387514,1.171845,3.818148,4.610755E-10,4.610755E-10,1.5008,-4.728004
'[19:15:34.540 21/01/2026]',-3.412081,-8.36838,-2.07362,-4.357962,4.610755E-10,4.610755E-10,-1.144758,15.22417
'[19:15:34.548 21/01/2026]',-3.412081,-8.36838,-2.07362,-4.357962,4.610755E-10,4.610755E-10,-1.144758,15.22417
'[19:15:34.556 21/01/2026]',-3.412081,-8.36838,-2.07362,-4.357962,4.610755E-10,4.610755E-10,-1.144758,15.22417
'[19:15:34.564 21/01/2026]',-3.412081,-8.36838,-2.07362,-4.357962,4.610755E-10,4.610755E-10,-1.144758,15.22417
'[19:15:34.572 21/01/2026]',-9.455281,-17.42752,-3.976374,-7.649812,4.610755E-10,4.610755E-10,-5.572997,-18.39278
'[19:15:34.580 21/01/2026]',21.11106,46.98515,8.258488,15.20285,4.610755E-10,4.610755E-10,5.572304,19.80066
'[19:15:34.588 21/01/2026]',21.11106,46.98515,8.258488,15.20285,4.610755E-10,4.610755E-10,5.572304,19.80066
'[19:15:34.596 21/01/2026]',-9.454136,-17.90701,-4.965165,-2.824114,4.610755E-10,4.610755E-10,-0.4163874,5.748488
'[19:15:34.604 21/01/2026]',-9.454136,-17.90701,-4.965165,-2.824114,4.610755E-10,4.610755E-10,-0.4163874,5.748488
'[19:15:34.612 21/01/2026]',-4.745569,-13.77837,0.4775104,-5.84027,4.610755E-10,4.610755E-10,1.705099,-1.008233
'[19:15:34.620 21/01/2026]',-4.745569,-13.77837,0.4775104,-5.84027,4.610755E-10,4.610755E-10,1.705099,-1.008233
'[19:15:34.628 21/01/2026]',-4.745569,-13.77837,0.4775104,-5.84027,4.610755E-10,4.610755E-10,1.705099,-1.008233
'[19:15:34.636 21/01/2026]',-4.745569,-13.77837,0.4775104,-5.84027,4.610755E-10,4.610755E-10,1.705099,-1.008233
'[19:15:34.644 21/01/2026]',-4.745569,-13.77837,0.4775104,-5.84027,4.610755E-10,4.610755E-10,1.705099,-1.008233
'[19:15:34.652 21/01/2026]',-4.745569,-13.77837,0.4775104,-5.84027,4.610755E-10,4.610755E-10,1.705099,-1.008233
'[19:15:34.660 21/01/2026]',-4.745569,-13.77837,0.4775104,-5.84027,4.610755E-10,4.610755E-10,1.705099,-1.008233
'[19:15:34.668 21/01/2026]',3.874396,10.74646,0.9993232,0.9617243,4.610755E-10,4.610755E-10,-2.729286,-27.29654
'[19:15:34.676 21/01/2026]',-3.777013,-4.456077,-4.961854,-1.337906,4.610755E-10,4.610755E-10,-6.689441,-2.703059
'[19:15:34.684 21/01/2026]',5.703362,5.303333,7.015981,6.608386,4.610755E-10,4.610755E-10,12.46299,27.99136
'[19:15:34.692 21/01/2026]',5.703362,5.303333,7.015981,6.608386,4.610755E-10,4.610755E-10,12.46299,27.99136
'[19:15:34.700 21/01/2026]',-2.909879,-5.595061,-3.595813,-5.522447,4.610755E-10,4.610755E-10,-6.216348,-28.7
'[19:15:34.708 21/01/2026]',-5.25237,3.041589,-3.49615,-2.448571,4.610755E-10,4.610755E-10,-1.092079,1.145195
'[19:15:34.716 21/01/2026]',-1.03735,4.712157,1.888734,5.047043,4.610755E-10,4.610755E-10,6.926919,23.39281
'[19:15:34.724 21/01/2026]',-1.03735,4.712157,1.888734,5.047043,4.610755E-10,4.610755E-10,6.926919,23.39281
'[19:15:34.732 21/01/2026]',17.4742,-6.91947,7.034196,1.109577,4.610755E-10,4.610755E-10,-7.601509,-21.75494
'[19:15:34.740 21/01/2026]',17.4742,-6.91947,7.034196,1.109577,4.610755E-10,4.610755E-10,-7.601509,-21.75494
'[19:15:34.748 21/01/2026]',17.4742,-6.91947,7.034196,1.109577,4.610755E-10,4.610755E-10,-7.601509,-21.75494
'[19:15:34.756 21/01/2026]',-10.43517,2.245898,-3.304791,1.143683,4.610755E-10,4.610755E-10,4.212171,2.644403
'[19:15:34.764 21/01/2026]',-10.43517,2.245898,-3.304791,1.143683,4.610755E-10,4.610755E-10,4.212171,2.644403
'[19:15:34.772 21/01/2026]',-6.80982,-2.694663,-4.322495,-7.089973,4.610755E-10,4.610755E-10,-2.27567,6.307578
'[19:15:34.780 21/01/2026]',-6.80982,-2.694663,-4.322495,-7.089973,4.610755E-10,4.610755E-10,-2.27567,6.307578
'[19:15:34.788 21/01/2026]',6.496541,1.163326,2.128924,3.560199,4.610755E-10,4.610755E-10,1.304191,-2.888604
'[19:15:34.796 21/01/2026]',6.496541,1.163326,2.128924,3.560199,4.610755E-10,4.610755E-10,1.304191,-2.888604
'[19:15:34.804 21/01/2026]',1.699233,0.1449929,1.546432,0.8460249,4.610755E-10,4.610755E-10,-1.574674,-1.833591
'[19:15:34.812 21/01/2026]',1.699233,0.1449929,1.546432,0.8460249,4.610755E-10,4.610755E-10,-1.574674,-1.833591
'[19:15:34.820 21/01/2026]',1.699233,0.1449929,1.546432,0.8460249,4.610755E-10,4.610755E-10,-1.574674,-1.833591
'[19:15:34.828 21/01/2026]',-2.410551,0.8601262,-0.4825555,0.4785654,4.610755E-10,4.610755E-10,1.345826,12.62116
'[19:15:34.836 21/01/2026]',1.126933,8.101437,-0.8448045,0.5792353,4.610755E-10,4.610755E-10,0.8744684,-2.592886
'[19:15:34.844 21/01/2026]',1.259273,-8.002827,1.886759,-0.6871754,4.610755E-10,4.610755E-10,1.381305,-1.007886
'[19:15:34.852 21/01/2026]',-5.715704,-7.54688,-1.258177,-1.270041,4.610755E-10,4.610755E-10,-3.341808,-13.94624
'[19:15:34.860 21/01/2026]',-11.47531,-18.81988,-5.355384,-8.510006,4.610755E-10,4.610755E-10,-5.039988,0.7483891
'[19:15:34.868 21/01/2026]',27.58954,49.29042,7.979894,14.54247,4.610755E-10,4.610755E-10,7.738749,8.071497
'[19:15:34.876 21/01/2026]',-7.567748,-12.50351,-2.136382,-2.478606,4.610755E-10,4.610755E-10,-0.9152616,-17.5298
'[19:15:34.884 21/01/2026]',4.183794,10.79294,8.922984,10.54775,4.610755E-10,4.610755E-10,12.48866,27.43278
'[19:15:34.892 21/01/2026]',-13.79342,-36.47149,-12.5464,-22.30506,4.610755E-10,4.610755E-10,-23.25791,-35.50454
'[19:15:34.900 21/01/2026]',2.048585,11.31521,0.4164307,5.927877,4.610755E-10,4.610755E-10,4.529171,10.99084
'[19:15:34.908 21/01/2026]',2.048585,11.31521,0.4164307,5.927877,4.610755E-10,4.610755E-10,4.529171,10.99084
'[19:15:34.916 21/01/2026]',10.14586,18.15612,7.300376,11.28345,4.610755E-10,4.610755E-10,13.96613,-0.4592355
'[19:15:34.924 21/01/2026]',-7.837418,-14.8542,-4.543738,-10.50862,4.610755E-10,4.610755E-10,-9.478453,14.23467
'[19:15:34.932 21/01/2026]',-0.562362,-2.570687,-1.125851,0.2761544,4.610755E-10,4.610755E-10,-3.500892,-5.03485
'[19:15:34.940 21/01/2026]',3.594833,5.812559,2.330036,4.998687,4.610755E-10,4.610755E-10,4.579492,-2.881231
'[19:15:34.948 21/01/2026]',-1.818821,-0.407547,-0.6307845,-2.838796,4.610755E-10,4.610755E-10,-0.1328804,-21.76332
'[19:15:34.956 21/01/2026]',-0.5919718,-1.088715,-0.5849685,-0.1314645,4.610755E-10,4.610755E-10,-0.1667686,52.03291
'[19:15:34.964 21/01/2026]',1.590246,-0.2525069,1.799771,2.785727,4.610755E-10,4.610755E-10,2.402683,-36.73586
'[19:15:34.972 21/01/2026]',1.535268,1.613374,-0.4824103,-1.433494,4.610755E-10,4.610755E-10,-3.459148,-13.1437
'[19:15:34.980 21/01/2026]',-2.272185,0.5504653,-0.1546923,0.2186959,4.610755E-10,4.610755E-10,1.169086,14.96306
'[19:15:34.988 21/01/2026]',-2.272185,0.5504653,-0.1546923,0.2186959,4.610755E-10,4.610755E-10,1.169086,14.96306
'[19:15:34.996 21/01/2026]',-1.802182,-3.510616,-3.113161,-3.759705,4.610755E-10,4.610755E-10,-2.659142,-6.29379
'[19:15:35.004 21/01/2026]',2.127321,0.4863223,2.736403,0.6311025,4.610755E-10,4.610755E-10,3.149287,0.2119026
'[19:15:35.012 21/01/2026]',-0.3547748,5.932744,0.8482562,5.758024,4.610755E-10,4.610755E-10,0.5795622,-5.140131
'[19:15:35.020 21/01/2026]',-1.287892,-2.882203,-0.9071233,-2.667779,4.610755E-10,4.610755E-10,2.121805,9.981649
'[19:15:35.028 21/01/2026]',2.113707,-7.179941,-0.8283833,-4.140105,4.610755E-10,4.610755E-10,-5.235526,-9.402389
'[19:15:35.036 21/01/2026]',-1.813309,5.561086,1.193342,4.990344,4.610755E-10,4.610755E-10,2.332011,0.5121597
'[19:15:35.044 21/01/2026]',1.558752,1.609929,-0.1397597,-1.189585,4.610755E-10,4.610755E-10,0.2317857,10.99055
'[19:15:35.052 21/01/2026]',-4.99349,-8.577623,-5.553659,-5.956434,4.610755E-10,4.610755E-10,-3.517653,4.883099
'[19:15:35.060 21/01/2026]',5.809631,8.642748,7.843384,9.197836,4.610755E-10,4.610755E-10,5.796309,-0.4609933
'[19:15:35.068 21/01/2026]',-0.3696392,-1.314787,-1.655056,-3.234108,4.610755E-10,4.610755E-10,-3.071614,2.030763
'[19:15:35.076 21/01/2026]',-0.3696392,-1.314787,-1.655056,-3.234108,4.610755E-10,4.610755E-10,-3.071614,2.030763
'[19:15:35.084 21/01/2026]',-0.3696392,-1.314787,-1.655056,-3.234108,4.610755E-10,4.610755E-10,-3.071614,2.030763
'[19:15:35.092 21/01/2026]',-3.888941,-4.217918,-3.877014,-2.939307,4.610755E-10,4.610755E-10,-0.2960858,-19.92056
'[19:15:35.100 21/01/2026]',-3.888941,-4.217918,-3.877014,-2.939307,4.610755E-10,4.610755E-10,-0.2960858,-19.92056
'[19:15:35.108 21/01/2026]',-3.888941,-4.217918,-3.877014,-2.939307,4.610755E-10,4.610755E-10,-0.2960858,-19.92056
'[19:15:35.116 21/01/2026]',-3.888941,-4.217918,-3.877014,-2.939307,4.610755E-10,4.610755E-10,-0.2960858,-19.92056
'[19:15:35.124 21/01/2026]',2.035191,3.55615,3.592183,2.969652,4.610755E-10,4.610755E-10,1.539943,13.73899
'[19:15:35.132 21/01/2026]',2.035191,3.55615,3.592183,2.969652,4.610755E-10,4.610755E-10,1.539943,13.73899
'[19:15:35.140 21/01/2026]',1.702654,0.1429285,0.4467807,-0.384182,4.610755E-10,4.610755E-10,0.6627046,-0.1558412
'[19:15:35.148 21/01/2026]',-4.446836,-3.307054,-4.510784,-2.753247,4.610755E-10,4.610755E-10,-3.872647,-11.65397
'[19:15:35.156 21/01/2026]',-4.446836,-3.307054,-4.510784,-2.753247,4.610755E-10,4.610755E-10,-3.872647,-11.65397
'[19:15:35.164 21/01/2026]',1.344235,1.391265,2.597141,2.199542,4.610755E-10,4.610755E-10,3.104029,1.052909
'[19:15:35.172 21/01/2026]',1.344235,1.391265,2.597141,2.199542,4.610755E-10,4.610755E-10,3.104029,1.052909
'[19:15:35.180 21/01/2026]',1.344235,1.391265,2.597141,2.199542,4.610755E-10,4.610755E-10,3.104029,1.052909
'[19:15:35.188 21/01/2026]',4.944097,3.929355,4.779797,4.638339,4.610755E-10,4.610755E-10,3.697263,6.944603
'[19:15:35.196 21/01/2026]',4.944097,3.929355,4.779797,4.638339,4.610755E-10,4.610755E-10,3.697263,6.944603
'[19:15:35.204 21/01/2026]',-2.920142,-2.025272,-4.018476,-4.242866,4.610755E-10,4.610755E-10,-4.988278,12.73219
'[19:15:35.212 21/01/2026]',-2.920142,-2.025272,-4.018476,-4.242866,4.610755E-10,4.610755E-10,-4.988278,12.73219
'[19:15:35.220 21/01/2026]',-4.692451,-3.530406,-3.244887,-3.92384,4.610755E-10,4.610755E-10,-3.468085,-3.008545
'[19:15:35.228 21/01/2026]',-4.692451,-3.530406,-3.244887,-3.92384,4.610755E-10,4.610755E-10,-3.468085,-3.008545
'[19:15:35.236 21/01/2026]',-4.692451,-3.530406,-3.244887,-3.92384,4.610755E-10,4.610755E-10,-3.468085,-3.008545
'[19:15:35.244 21/01/2026]',4.369658,3.433392,2.758005,4.321173,4.610755E-10,4.610755E-10,3.583664,0.1339526
'[19:15:35.252 21/01/2026]',-0.3287785,-1.128704,-0.6138123,0.1367353,4.610755E-10,4.610755E-10,1.179917,-14.80801
'[19:15:35.260 21/01/2026]',-0.3287785,-1.128704,-0.6138123,0.1367353,4.610755E-10,4.610755E-10,1.179917,-14.80801
'[19:15:35.268 21/01/2026]',-0.3287785,-1.128704,-0.6138123,0.1367353,4.610755E-10,4.610755E-10,1.179917,-14.80801
'[19:15:35.276 21/01/2026]',1.293724,2.610139,3.628196,1.575585,4.610755E-10,4.610755E-10,2.582031,34.59995
'[19:15:35.284 21/01/2026]',1.293724,2.610139,3.628196,1.575585,4.610755E-10,4.610755E-10,2.582031,34.59995
'[19:15:35.292 21/01/2026]',1.293724,2.610139,3.628196,1.575585,4.610755E-10,4.610755E-10,2.582031,34.59995
'[19:15:35.300 21/01/2026]',-2.858711,-2.400185,-3.121433,-2.001865,4.610755E-10,4.610755E-10,-4.878398,-45.55362
'[19:15:35.308 21/01/2026]',-2.858711,-2.400185,-3.121433,-2.001865,4.610755E-10,4.610755E-10,-4.878398,-45.55362
'[19:15:35.316 21/01/2026]',-1.472216,-3.702037,-4.237761,-4.523363,4.610755E-10,4.610755E-10,-1.506485,31.33283
'[19:15:35.324 21/01/2026]',-1.472216,-3.702037,-4.237761,-4.523363,4.610755E-10,4.610755E-10,-1.506485,31.33283
'[19:15:35.332 21/01/2026]',-1.472216,-3.702037,-4.237761,-4.523363,4.610755E-10,4.610755E-10,-1.506485,31.33283
'[19:15:35.340 21/01/2026]',4.539606,7.272838,5.763721,7.826571,4.610755E-10,4.610755E-10,5.651003,17.97595
'[19:15:35.348 21/01/2026]',1.024079,0.6594244,1.823658,1.535976,4.610755E-10,4.610755E-10,-0.1554604,-38.57148
'[19:15:35.356 21/01/2026]',-9.186557,-10.2651,-9.901386,-10.29303,4.610755E-10,4.610755E-10,-6.926781,25.03296
'[19:15:35.364 21/01/2026]',-9.186557,-10.2651,-9.901386,-10.29303,4.610755E-10,4.610755E-10,-6.926781,25.03296
'[19:15:35.372 21/01/2026]',-9.186557,-10.2651,-9.901386,-10.29303,4.610755E-10,4.610755E-10,-6.926781,25.03296
'[19:15:35.380 21/01/2026]',9.453383,9.640457,9.084247,8.567869,4.610755E-10,4.610755E-10,5.759637,8.300619
'[19:15:35.388 21/01/2026]',9.453383,9.640457,9.084247,8.567869,4.610755E-10,4.610755E-10,5.759637,8.300619
'[19:15:35.396 21/01/2026]',-2.289065,-1.409351,-2.056728,-2.988775,4.610755E-10,4.610755E-10,1.691372,-2.172547
'[19:15:35.404 21/01/2026]',-2.289065,-1.409351,-2.056728,-2.988775,4.610755E-10,4.610755E-10,1.691372,-2.172547
'[19:15:35.412 21/01/2026]',-2.606896,-3.35977,-1.619413,-1.409297,4.610755E-10,4.610755E-10,-4.803081,-25.17682
'[19:15:35.420 21/01/2026]',3.113346,2.389146,2.229778,2.739635,4.610755E-10,4.610755E-10,-0.916068,7.969392
'[19:15:35.428 21/01/2026]',3.113346,2.389146,2.229778,2.739635,4.610755E-10,4.610755E-10,-0.916068,7.969392
'[19:15:35.436 21/01/2026]',3.113346,2.389146,2.229778,2.739635,4.610755E-10,4.610755E-10,-0.916068,7.969392
'[19:15:35.444 21/01/2026]',-0.7444053,-0.4593319,-0.3510474,0.5331985,4.610755E-10,4.610755E-10,5.875785,14.28813
'[19:15:35.452 21/01/2026]',-0.7444053,-0.4593319,-0.3510474,0.5331985,4.610755E-10,4.610755E-10,5.875785,14.28813
'[19:15:35.460 21/01/2026]',-3.30053,-3.776609,-3.250258,-5.994774,4.610755E-10,4.610755E-10,-3.560964,-42.53312
'[19:15:35.468 21/01/2026]',-3.30053,-3.776609,-3.250258,-5.994774,4.610755E-10,4.610755E-10,-3.560964,-42.53312
'[19:15:35.476 21/01/2026]',-3.30053,-3.776609,-3.250258,-5.994774,4.610755E-10,4.610755E-10,-3.560964,-42.53312
'[19:15:35.484 21/01/2026]',-3.30053,-3.776609,-3.250258,-5.994774,4.610755E-10,4.610755E-10,-3.560964,-42.53312
'[19:15:35.492 21/01/2026]',3.473775,5.223016,3.92234,5.636994,4.610755E-10,4.610755E-10,-0.09652595,24.34169
'[19:15:35.500 21/01/2026]',0.4863624,-0.6001061,-0.8438076,0.1736184,4.610755E-10,4.610755E-10,2.16002,-2.895034
'[19:15:35.508 21/01/2026]',0.4863624,-0.6001061,-0.8438076,0.1736184,4.610755E-10,4.610755E-10,2.16002,-2.895034
'[19:15:35.516 21/01/2026]',0.4863624,-0.6001061,-0.8438076,0.1736184,4.610755E-10,4.610755E-10,2.16002,-2.895034
'[19:15:35.524 21/01/2026]',-1.675475,-2.24619,-0.2571134,-2.069142,4.610755E-10,4.610755E-10,-2.324125,22.00678
'[19:15:35.532 21/01/2026]',1.186039,1.090861,1.014784,1.698282,4.610755E-10,4.610755E-10,1.021762,-10.71767
'[19:15:35.540 21/01/2026]',1.186039,1.090861,1.014784,1.698282,4.610755E-10,4.610755E-10,1.021762,-10.71767
'[19:15:35.548 21/01/2026]',-3.177497,-0.4536545,-2.574683,-2.324646,4.610755E-10,4.610755E-10,0.37223,-31.73232
'[19:15:35.556 21/01/2026]',5.437272,3.195099,1.515711,3.465587,4.610755E-10,4.610755E-10,-0.2119771,52.38771
'[19:15:35.564 21/01/2026]',5.437272,3.195099,1.515711,3.465587,4.610755E-10,4.610755E-10,-0.2119771,52.38771
'[19:15:35.572 21/01/2026]',-3.426389,-4.185458,-0.9424352,-3.008581,4.610755E-10,4.610755E-10,-1.896742,-21.86047
'[19:15:35.580 21/01/2026]',-0.3815143,2.477471,0.8909112,2.772677,4.610755E-10,4.610755E-10,3.010859,-5.449735
'[19:15:35.588 21/01/2026]',0.6397295,-1.586462,-0.8151791,-2.643829,4.610755E-10,4.610755E-10,-1.342131,17.92327
'[19:15:35.596 21/01/2026]',0.6397295,-1.586462,-0.8151791,-2.643829,4.610755E-10,4.610755E-10,-1.342131,17.92327
'[19:15:35.604 21/01/2026]',0.6397295,-1.586462,-0.8151791,-2.643829,4.610755E-10,4.610755E-10,-1.342131,17.92327
'[19:15:35.612 21/01/2026]',0.06065676,-0.1050742,0.8354409,0.7201954,4.610755E-10,4.610755E-10,-1.51763,-22.62498
'[19:15:35.620 21/01/2026]',0.06065676,-0.1050742,0.8354409,0.7201954,4.610755E-10,4.610755E-10,-1.51763,-22.62498
'[19:15:35.628 21/01/2026]',5.009502,6.921176,2.258737,4.613729,4.610755E-10,4.610755E-10,4.602977,22.66681
'[19:15:35.636 21/01/2026]',-11.34318,-13.23654,-8.076419,-11.59477,4.610755E-10,4.610755E-10,-7.381639,-41.18131
'[19:15:35.644 21/01/2026]',8.362767,9.579551,8.214301,9.762414,4.610755E-10,4.610755E-10,6.310835,-3.793176
'[19:15:35.652 21/01/2026]',0.7889411,-0.2791229,-2.023496,-0.4907277,4.610755E-10,4.610755E-10,-0.1843446,32.04247
'[19:15:35.660 21/01/2026]',-3.036357,-2.650625,-0.3387367,-1.843557,4.610755E-10,4.610755E-10,0.5525033,-5.275678
'[19:15:35.668 21/01/2026]',-0.1873452,1.137623,-1.341282,-0.4311592,4.610755E-10,4.610755E-10,-4.18229,-6.080852
'[19:15:35.676 21/01/2026]',-0.5220641,-1.792314,-0.2390767,-1.332646,4.610755E-10,4.610755E-10,-0.5315555,2.04453
'[19:15:35.684 21/01/2026]',2.256547,2.457787,2.865255,3.386745,4.610755E-10,4.610755E-10,3.947728,8.756919
'[19:15:35.692 21/01/2026]',-2.30875,-0.4607649,-3.042946,-1.372147,4.610755E-10,4.610755E-10,-2.679529,6.757011
'[19:15:35.700 21/01/2026]',0.8150254,-0.2766629,0.4408314,-0.6587157,4.610755E-10,4.610755E-10,0.3006731,-15.03409
'[19:15:35.708 21/01/2026]',1.166359,-0.009490354,1.052035,0.7499064,4.610755E-10,4.610755E-10,0.9699871,19.41889
'[19:15:35.716 21/01/2026]',-0.3414275,0.2972061,0.3886113,1.410177,4.610755E-10,4.610755E-10,2.11161,-18.13803
'[19:15:35.724 21/01/2026]',-2.833736,-1.19702,-3.351161,-3.730075,4.610755E-10,4.610755E-10,-6.123889,10.20917
'[19:15:35.732 21/01/2026]',3.114811,2.194762,3.217803,1.482392,4.610755E-10,4.610755E-10,3.503371,-18.85749
'[19:15:35.740 21/01/2026]',-5.456896,1.528993,-4.252521,-0.02823417,4.610755E-10,4.610755E-10,3.878186,1.979721
'[19:15:35.748 21/01/2026]',11.79772,-3.414416,8.561989,1.992305,4.610755E-10,4.610755E-10,-5.1594,1.018984
'[19:15:35.756 21/01/2026]',-5.659959,2.376933,-3.479697,-0.1862573,4.610755E-10,4.610755E-10,0.4670902,-0.8235123
'[19:15:35.764 21/01/2026]',-3.659892,-1.04414,-3.929788,-3.514741,4.610755E-10,4.610755E-10,2.228166,12.00839
'[19:15:35.772 21/01/2026]',4.094884,0.9065802,3.973416,4.08742,4.610755E-10,4.610755E-10,-1.382243,-19.0685
'[19:15:35.780 21/01/2026]',-2.484614,-3.558538,-2.939632,-2.899065,4.610755E-10,4.610755E-10,-1.082991,24.45564
'[19:15:35.788 21/01/2026]',-2.484614,-3.558538,-2.939632,-2.899065,4.610755E-10,4.610755E-10,-1.082991,24.45564
'[19:15:35.796 21/01/2026]',-2.484614,-3.558538,-2.939632,-2.899065,4.610755E-10,4.610755E-10,-1.082991,24.45564
'[19:15:35.804 21/01/2026]',3.122908,6.100514,3.462113,4.650298,4.610755E-10,4.610755E-10,4.723144,-19.89973
'[19:15:35.812 21/01/2026]',-2.417001,-3.443702,-2.01426,-2.368582,4.610755E-10,4.610755E-10,-3.713309,11.4975
'[19:15:35.820 21/01/2026]',1.559302,1.186693,0.4849178,0.06600536,4.610755E-10,4.610755E-10,0.1804889,5.821056
'[19:15:35.828 21/01/2026]',-1.491686,-2.186804,-1.390466,-2.372724,4.610755E-10,4.610755E-10,-1.941886,-29.77284
'[19:15:35.836 21/01/2026]',-1.491686,-2.186804,-1.390466,-2.372724,4.610755E-10,4.610755E-10,-1.941886,-29.77284
'[19:15:35.844 21/01/2026]',-0.3742881,1.153526,0.2214726,0.06675995,4.610755E-10,4.610755E-10,2.470965,11.31584
'[19:15:35.852 21/01/2026]',-0.3742881,1.153526,0.2214726,0.06675995,4.610755E-10,4.610755E-10,2.470965,11.31584
'[19:15:35.860 21/01/2026]',0.8463015,0.9414117,1.849927,2.267723,4.610755E-10,4.610755E-10,0.6003357,36.18203
'[19:15:35.868 21/01/2026]',0.8463015,0.9414117,1.849927,2.267723,4.610755E-10,4.610755E-10,0.6003357,36.18203
'[19:15:35.876 21/01/2026]',0.04239172,-2.105423,-2.139426,-1.317813,4.610755E-10,4.610755E-10,-1.019241,-28.63521
'[19:15:35.884 21/01/2026]',0.04239172,-2.105423,-2.139426,-1.317813,4.610755E-10,4.610755E-10,-1.019241,-28.63521
'[19:15:35.892 21/01/2026]',0.04239172,-2.105423,-2.139426,-1.317813,4.610755E-10,4.610755E-10,-1.019241,-28.63521
'[19:15:35.900 21/01/2026]',0.04239172,-2.105423,-2.139426,-1.317813,4.610755E-10,4.610755E-10,-1.019241,-28.63521
'[19:15:35.908 21/01/2026]',1.741473,3.117161,3.285254,2.026742,4.610755E-10,4.610755E-10,-0.7564847,-24.95712
'[19:15:35.916 21/01/2026]',-2.172098,-0.732132,-1.739878,-2.315274,4.610755E-10,4.610755E-10,2.392779,23.24724
'[19:15:35.924 21/01/2026]',-2.172098,-0.732132,-1.739878,-2.315274,4.610755E-10,4.610755E-10,2.392779,23.24724
'[19:15:35.932 21/01/2026]',-0.4572253,-1.970763,-2.045554,0.4940422,4.610755E-10,4.610755E-10,-3.375702,5.948089
'[19:15:35.940 21/01/2026]',-0.4572253,-1.970763,-2.045554,0.4940422,4.610755E-10,4.610755E-10,-3.375702,5.948089
'[19:15:35.948 21/01/2026]',2.973017,1.693882,3.624589,2.707771,4.610755E-10,4.610755E-10,3.315683,-4.621695
'[19:15:35.956 21/01/2026]',2.973017,1.693882,3.624589,2.707771,4.610755E-10,4.610755E-10,3.315683,-4.621695
'[19:15:35.964 21/01/2026]',2.973017,1.693882,3.624589,2.707771,4.610755E-10,4.610755E-10,3.315683,-4.621695
'[19:15:35.972 21/01/2026]',2.973017,1.693882,3.624589,2.707771,4.610755E-10,4.610755E-10,3.315683,-4.621695
'[19:15:35.980 21/01/2026]',2.973017,1.693882,3.624589,2.707771,4.610755E-10,4.610755E-10,3.315683,-4.621695
'[19:15:35.988 21/01/2026]',-1.291126,-0.4476958,-1.40601,-2.93237,4.610755E-10,4.610755E-10,-2.39542,-3.706669
'[19:15:35.996 21/01/2026]',-1.916286,-0.2806697,-2.446197,0.4470643,4.610755E-10,4.610755E-10,0.8929995,10.0907
'[19:15:36.004 21/01/2026]',1.261889,1.19424,3.059699,2.395689,4.610755E-10,4.610755E-10,0.7293135,2.629688
'[19:15:36.012 21/01/2026]',1.261889,1.19424,3.059699,2.395689,4.610755E-10,4.610755E-10,0.7293135,2.629688
'[19:15:36.020 21/01/2026]',1.261889,1.19424,3.059699,2.395689,4.610755E-10,4.610755E-10,0.7293135,2.629688
'[19:15:36.028 21/01/2026]',0.5001006,-1.55681,-1.496302,-2.164208,4.610755E-10,4.610755E-10,-2.540127,-5.854451
'[19:15:36.036 21/01/2026]',0.8923136,1.183597,1.354838,1.296616,4.610755E-10,4.610755E-10,2.677162,4.631196
'[19:15:36.044 21/01/2026]',0.8923136,1.183597,1.354838,1.296616,4.610755E-10,4.610755E-10,2.677162,4.631196
'[19:15:36.052 21/01/2026]',-1.940103,0.7769849,0.4772108,-1.534206,4.610755E-10,4.610755E-10,-1.071557,13.6688
'[19:15:36.060 21/01/2026]',-1.940103,0.7769849,0.4772108,-1.534206,4.610755E-10,4.610755E-10,-1.071557,13.6688
'[19:15:36.068 21/01/2026]',-3.23707,-6.521597,-7.53,-3.853718,4.610755E-10,4.610755E-10,-2.642854,-19.11603
'[19:15:36.076 21/01/2026]',-3.23707,-6.521597,-7.53,-3.853718,4.610755E-10,4.610755E-10,-2.642854,-19.11603
'[19:15:36.084 21/01/2026]',-3.23707,-6.521597,-7.53,-3.853718,4.610755E-10,4.610755E-10,-2.642854,-19.11603
'[19:15:36.092 21/01/2026]',8.735186,9.477309,10.53783,8.655661,4.610755E-10,4.610755E-10,5.549161,-17.13446
'[19:15:36.100 21/01/2026]',-7.078438,-4.799355,-5.801472,-7.611161,4.610755E-10,4.610755E-10,-4.596321,6.505847
'[19:15:36.108 21/01/2026]',-7.078438,-4.799355,-5.801472,-7.611161,4.610755E-10,4.610755E-10,-4.596321,6.505847
'[19:15:36.116 21/01/2026]',-7.078438,-4.799355,-5.801472,-7.611161,4.610755E-10,4.610755E-10,-4.596321,6.505847
'[19:15:36.124 21/01/2026]',0.8698873,-1.194622,-0.6842425,1.995128,4.610755E-10,4.610755E-10,0.5662761,10.43879
'[19:15:36.132 21/01/2026]',0.8698873,-1.194622,-0.6842425,1.995128,4.610755E-10,4.610755E-10,0.5662761,10.43879
'[19:15:36.140 21/01/2026]',0.8698873,-1.194622,-0.6842425,1.995128,4.610755E-10,4.610755E-10,0.5662761,10.43879
'[19:15:36.148 21/01/2026]',0.8698873,-1.194622,-0.6842425,1.995128,4.610755E-10,4.610755E-10,0.5662761,10.43879
'[19:15:36.156 21/01/2026]',3.679043,3.531888,4.523474,3.690415,4.610755E-10,4.610755E-10,2.970324,-4.072107
'[19:15:36.164 21/01/2026]',3.679043,3.531888,4.523474,3.690415,4.610755E-10,4.610755E-10,2.970324,-4.072107
'[19:15:36.172 21/01/2026]',-2.9381,-0.7665551,-3.148455,-4.652685,4.610755E-10,4.610755E-10,-2.3994,-3.203747
'[19:15:36.180 21/01/2026]',-2.523865,-1.37211,-2.291744,0.9691405,4.610755E-10,4.610755E-10,-1.888064,-2.094368
'[19:15:36.188 21/01/2026]',-2.523865,-1.37211,-2.291744,0.9691405,4.610755E-10,4.610755E-10,-1.888064,-2.094368
'[19:15:36.196 21/01/2026]',5.387923,-1.265112,3.806036,1.406274,4.610755E-10,4.610755E-10,1.408363,23.53686
'[19:15:36.204 21/01/2026]',5.387923,-1.265112,3.806036,1.406274,4.610755E-10,4.610755E-10,1.408363,23.53686
'[19:15:36.212 21/01/2026]',-0.5207807,2.537901,1.587655,1.177064,4.610755E-10,4.610755E-10,1.911789,-17.36474
'[19:15:36.220 21/01/2026]',-3.720389,-1.420652,-5.474369,-3.541043,4.610755E-10,4.610755E-10,-3.044019,18.82415
'[19:15:36.228 21/01/2026]',-3.720389,-1.420652,-5.474369,-3.541043,4.610755E-10,4.610755E-10,-3.044019,18.82415
'[19:15:36.236 21/01/2026]',0.2770246,-1.631349,0.4801205,-1.75717,4.610755E-10,4.610755E-10,-3.026605,-23.78618
'[19:15:36.244 21/01/2026]',0.2770246,-1.631349,0.4801205,-1.75717,4.610755E-10,4.610755E-10,-3.026605,-23.78618
'[19:15:36.252 21/01/2026]',3.188107,1.928322,4.040249,5.313175,4.610755E-10,4.610755E-10,6.143955,15.19844
'[19:15:36.260 21/01/2026]',3.188107,1.928322,4.040249,5.313175,4.610755E-10,4.610755E-10,6.143955,15.19844
'[19:15:36.268 21/01/2026]',-2.099785,-0.7981534,-2.542289,-2.68506,4.610755E-10,4.610755E-10,-2.826845,3.638396
'[19:15:36.276 21/01/2026]',-2.099785,-0.7981534,-2.542289,-2.68506,4.610755E-10,4.610755E-10,-2.826845,3.638396
'[19:15:36.284 21/01/2026]',-2.099785,-0.7981534,-2.542289,-2.68506,4.610755E-10,4.610755E-10,-2.826845,3.638396
'[19:15:36.292 21/01/2026]',0.6245176,1.328133,0.4848148,-0.01650471,4.610755E-10,4.610755E-10,0.5310771,-1.693884
'[19:15:36.300 21/01/2026]',0.6245176,1.328133,0.4848148,-0.01650471,4.610755E-10,4.610755E-10,0.5310771,-1.693884
'[19:15:36.308 21/01/2026]',-0.5104828,-1.546508,0.4915125,-0.02787368,4.610755E-10,4.610755E-10,-1.091238,-7.037987
'[19:15:36.316 21/01/2026]',-0.5104828,-1.546508,0.4915125,-0.02787368,4.610755E-10,4.610755E-10,-1.091238,-7.037987
'[19:15:36.324 21/01/2026]',0.6007745,-0.569429,-1.499155,-0.471817,4.610755E-10,4.610755E-10,0.4524228,-16.22086
'[19:15:36.332 21/01/2026]',-1.543133,2.430582,1.055258,1.049515,4.610755E-10,4.610755E-10,1.803105,12.82952
'[19:15:36.340 21/01/2026]',4.317009,-0.4655699,3.03324,1.385084,4.610755E-10,4.610755E-10,-0.4388452,3.256003
'[19:15:36.348 21/01/2026]',-10.61152,0.2843771,-9.795897,-5.110692,4.610755E-10,4.610755E-10,-4.815704,-13.70201
'[19:15:36.356 21/01/2026]',12.3362,2.57193,10.39192,6.462005,4.610755E-10,4.610755E-10,6.010571,-0.3981449
'[19:15:36.364 21/01/2026]',-1.593568,-4.281067,-1.14839,-1.692338,4.610755E-10,4.610755E-10,-2.829237,21.71753
'[19:15:36.372 21/01/2026]',-6.686999,1.56624,-5.543497,-2.383793,4.610755E-10,4.610755E-10,0.8459854,-24.40226
'[19:15:36.380 21/01/2026]',2.34155,-1.961041,1.100738,-1.884015,4.610755E-10,4.610755E-10,-0.9579433,13.09873
'[19:15:36.388 21/01/2026]',2.781604,4.311961,2.931938,6.053516,4.610755E-10,4.610755E-10,1.995253,10.17763
'[19:15:36.396 21/01/2026]',2.781604,4.311961,2.931938,6.053516,4.610755E-10,4.610755E-10,1.995253,10.17763
'[19:15:36.404 21/01/2026]',-2.343724,-3.307604,-0.5002538,-1.826508,4.610755E-10,4.610755E-10,-0.1111842,-27.57229
'[19:15:36.412 21/01/2026]',-2.343724,-3.307604,-0.5002538,-1.826508,4.610755E-10,4.610755E-10,-0.1111842,-27.57229
'[19:15:36.420 21/01/2026]',0.3464684,-0.3517007,-0.8669508,-1.78887,4.610755E-10,4.610755E-10,-1.905562,20.05935
'[19:15:36.428 21/01/2026]',-0.1817545,2.325877,-0.9999319,0.9751838,4.610755E-10,4.610755E-10,1.336077,-1.93965
'[19:15:36.436 21/01/2026]',-0.824428,-2.663017,0.7738032,-1.942902,4.610755E-10,4.610755E-10,-2.93395,-20.72966
'[19:15:36.444 21/01/2026]',-0.6496927,-0.1398675,-0.9315351,1.287282,4.610755E-10,4.610755E-10,2.431069,31.27901
'[19:15:36.452 21/01/2026]',1.497795,0.4260451,0.7830617,-0.6987425,4.610755E-10,4.610755E-10,-1.000291,1.74602
'[19:15:36.460 21/01/2026]',-0.014999,1.703487,-0.2162822,1.901207,4.610755E-10,4.610755E-10,-0.04637374,-4.076816
'[19:15:36.468 21/01/2026]',-1.723255,-1.254662,-0.7910154,-1.40329,4.610755E-10,4.610755E-10,1.574733,-9.762632
'[19:15:36.476 21/01/2026]',0.1833343,-0.976162,0.3201783,-3.597964,4.610755E-10,4.610755E-10,-4.96781,-2.759202
'[19:15:36.484 21/01/2026]',1.172932,6.835741,0.9006417,7.280177,4.610755E-10,4.610755E-10,7.813882,9.220637
'[19:15:36.492 21/01/2026]',1.172932,6.835741,0.9006417,7.280177,4.610755E-10,4.610755E-10,7.813882,9.220637
'[19:15:36.500 21/01/2026]',6.817986,-4.155396,4.917827,-0.009920492,4.610755E-10,4.610755E-10,-2.634516,-2.198074
'[19:15:36.508 21/01/2026]',-10.74614,-7.03758,-7.674996,-9.300367,4.610755E-10,4.610755E-10,-6.977144,-12.54676
'[19:15:36.516 21/01/2026]',1.569882,5.573406,0.6265866,4.783786,4.610755E-10,4.610755E-10,4.808355,9.531419
'[19:15:36.524 21/01/2026]',7.68921,5.53149,5.259975,4.827653,4.610755E-10,4.610755E-10,5.652544,14.85821
'[19:15:36.532 21/01/2026]',-6.947261,-8.537733,-3.797639,-5.553475,4.610755E-10,4.610755E-10,-7.625837,-24.48416
'[19:15:36.540 21/01/2026]',2.909051,4.048173,2.311198,2.670518,4.610755E-10,4.610755E-10,2.058632,14.84634
'[19:15:36.548 21/01/2026]',-0.5396373,0.481203,-2.873711,0.3456722,4.610755E-10,4.610755E-10,2.274605,10.23921
'[19:15:36.556 21/01/2026]',-0.711527,-2.82574,0.3872275,-3.675404,4.610755E-10,4.610755E-10,-6.214989,-9.56497
'[19:15:36.564 21/01/2026]',-1.525504,0.1347793,-1.107156,-0.2412519,4.610755E-10,4.610755E-10,1.861217,2.822999
'[19:15:36.572 21/01/2026]',-1.525504,0.1347793,-1.107156,-0.2412519,4.610755E-10,4.610755E-10,1.861217,2.822999
'[19:15:36.580 21/01/2026]',1.794753,1.652677,2.521473,3.461758,4.610755E-10,4.610755E-10,4.569878,-0.1378051
'[19:15:36.588 21/01/2026]',1.794753,1.652677,2.521473,3.461758,4.610755E-10,4.610755E-10,4.569878,-0.1378051
'[19:15:36.596 21/01/2026]',1.794753,1.652677,2.521473,3.461758,4.610755E-10,4.610755E-10,4.569878,-0.1378051
'[19:15:36.604 21/01/2026]',1.794753,1.652677,2.521473,3.461758,4.610755E-10,4.610755E-10,4.569878,-0.1378051
'[19:15:36.612 21/01/2026]',1.887418,0.07965679,1.180507,0.1841824,4.610755E-10,4.610755E-10,-0.9876274,-0.7897816
'[19:15:36.620 21/01/2026]',1.887418,0.07965679,1.180507,0.1841824,4.610755E-10,4.610755E-10,-0.9876274,-0.7897816
'[19:15:36.628 21/01/2026]',1.887418,0.07965679,1.180507,0.1841824,4.610755E-10,4.610755E-10,-0.9876274,-0.7897816
'[19:15:36.636 21/01/2026]',1.887418,0.07965679,1.180507,0.1841824,4.610755E-10,4.610755E-10,-0.9876274,-0.7897816
'[19:15:36.644 21/01/2026]',-3.4178,-1.931638,-2.524836,-2.129128,4.610755E-10,4.610755E-10,-4.164755,-6.41145
'[19:15:36.652 21/01/2026]',1.616678,3.529022,1.041611,2.792214,4.610755E-10,4.610755E-10,3.370099,13.94147
'[19:15:36.660 21/01/2026]',1.184314,-4.080215,-0.5901462,-3.722815,4.610755E-10,4.610755E-10,-0.6404184,-23.36277
'[19:15:36.668 21/01/2026]',-1.605424,0.1836416,-0.6475963,0.7512653,4.610755E-10,4.610755E-10,-0.9648715,5.149991
'[19:15:36.676 21/01/2026]',-1.605424,0.1836416,-0.6475963,0.7512653,4.610755E-10,4.610755E-10,-0.9648715,5.149991
'[19:15:36.684 21/01/2026]',-1.605424,0.1836416,-0.6475963,0.7512653,4.610755E-10,4.610755E-10,-0.9648715,5.149991
'[19:15:36.692 21/01/2026]',-2.087107,0.2999424,-0.1465115,-0.5044957,4.610755E-10,4.610755E-10,-0.7662845,0.2543653
'[19:15:36.700 21/01/2026]',-2.087107,0.2999424,-0.1465115,-0.5044957,4.610755E-10,4.610755E-10,-0.7662845,0.2543653
'[19:15:36.708 21/01/2026]',2.787462,3.638996,1.510797,3.196429,4.610755E-10,4.610755E-10,3.612814,2.468927
'[19:15:36.716 21/01/2026]',2.787462,3.638996,1.510797,3.196429,4.610755E-10,4.610755E-10,3.612814,2.468927
'[19:15:36.724 21/01/2026]',-1.368484,0.7430948,-0.8082103,0.8616518,4.610755E-10,4.610755E-10,-2.250303,13.37597
'[19:15:36.732 21/01/2026]',-1.368484,0.7430948,-0.8082103,0.8616518,4.610755E-10,4.610755E-10,-2.250303,13.37597
'[19:15:36.740 21/01/2026]',7.598768,-2.735733,5.491328,-0.05663155,4.610755E-10,4.610755E-10,1.18508,-1.109979
'[19:15:36.748 21/01/2026]',7.598768,-2.735733,5.491328,-0.05663155,4.610755E-10,4.610755E-10,1.18508,-1.109979
'[19:15:36.756 21/01/2026]',-12.38929,-8.009212,-10.2239,-8.603453,4.610755E-10,4.610755E-10,-4.616204,-27.05327
'[19:15:36.764 21/01/2026]',-12.38929,-8.009212,-10.2239,-8.603453,4.610755E-10,4.610755E-10,-4.616204,-27.05327
'[19:15:36.772 21/01/2026]',-12.38929,-8.009212,-10.2239,-8.603453,4.610755E-10,4.610755E-10,-4.616204,-27.05327
'[19:15:36.780 21/01/2026]',4.3912,8.45847,4.747445,7.426107,4.610755E-10,4.610755E-10,4.409619,42.03187
'[19:15:36.788 21/01/2026]',4.3912,8.45847,4.747445,7.426107,4.610755E-10,4.610755E-10,4.409619,42.03187
'[19:15:36.796 21/01/2026]',4.3912,8.45847,4.747445,7.426107,4.610755E-10,4.610755E-10,4.409619,42.03187
'[19:15:36.804 21/01/2026]',4.452305,0.765942,3.188164,1.939229,4.610755E-10,4.610755E-10,-0.8826501,-14.5875
'[19:15:36.812 21/01/2026]',-2.80337,-4.302024,-2.195403,-5.021851,4.610755E-10,4.610755E-10,-1.625848,-21.81714
'[19:15:36.820 21/01/2026]',-2.80337,-4.302024,-2.195403,-5.021851,4.610755E-10,4.610755E-10,-1.625848,-21.81714
'[19:15:36.828 21/01/2026]',-2.80337,-4.302024,-2.195403,-5.021851,4.610755E-10,4.610755E-10,-1.625848,-21.81714
'[19:15:36.836 21/01/2026]',-1.798582,2.018255,-1.278721,0.7355905,4.610755E-10,4.610755E-10,3.392573,19.68553
'[19:15:36.844 21/01/2026]',-1.798582,2.018255,-1.278721,0.7355905,4.610755E-10,4.610755E-10,3.392573,19.68553
'[19:15:36.852 21/01/2026]',2.074973,-1.36977,2.087522,1.815206,4.610755E-10,4.610755E-10,-2.109465,-19.57867
'[19:15:36.860 21/01/2026]',-0.408581,1.060318,-0.8871725,-0.06214299,4.610755E-10,4.610755E-10,-0.03068365,19.12474
'[19:15:36.868 21/01/2026]',-0.408581,1.060318,-0.8871725,-0.06214299,4.610755E-10,4.610755E-10,-0.03068365,19.12474
'[19:15:36.876 21/01/2026]',-1.705821,-1.780495,-2.540636,-2.930096,4.610755E-10,4.610755E-10,-0.6863965,-26.35442
'[19:15:36.884 21/01/2026]',-1.705821,-1.780495,-2.540636,-2.930096,4.610755E-10,4.610755E-10,-0.6863965,-26.35442
'[19:15:36.892 21/01/2026]',1.93603,1.386341,2.581158,1.029673,4.610755E-10,4.610755E-10,1.049791,3.377985
'[19:15:36.900 21/01/2026]',1.93603,1.386341,2.581158,1.029673,4.610755E-10,4.610755E-10,1.049791,3.377985
'[19:15:36.908 21/01/2026]',1.93603,1.386341,2.581158,1.029673,4.610755E-10,4.610755E-10,1.049791,3.377985
'[19:15:36.916 21/01/2026]',1.93603,1.386341,2.581158,1.029673,4.610755E-10,4.610755E-10,1.049791,3.377985
'[19:15:36.924 21/01/2026]',1.66147,1.808778,1.293244,4.068325,4.610755E-10,4.610755E-10,1.837666,9.772786
'[19:15:36.932 21/01/2026]',-6.489501,0.4394302,-4.189329,-3.110989,4.610755E-10,4.610755E-10,-1.688369,3.135433
'[19:15:36.940 21/01/2026]',-6.489501,0.4394302,-4.189329,-3.110989,4.610755E-10,4.610755E-10,-1.688369,3.135433
'[19:15:36.948 21/01/2026]',4.181571,-1.91736,2.659686,0.6851627,4.610755E-10,4.610755E-10,0.3156897,-8.440755
'[19:15:36.956 21/01/2026]',4.181571,-1.91736,2.659686,0.6851627,4.610755E-10,4.610755E-10,0.3156897,-8.440755
'[19:15:36.964 21/01/2026]',4.181571,-1.91736,2.659686,0.6851627,4.610755E-10,4.610755E-10,0.3156897,-8.440755
'[19:15:36.972 21/01/2026]',4.181571,-1.91736,2.659686,0.6851627,4.610755E-10,4.610755E-10,0.3156897,-8.440755
'[19:15:36.980 21/01/2026]',4.181571,-1.91736,2.659686,0.6851627,4.610755E-10,4.610755E-10,0.3156897,-8.440755
'[19:15:36.988 21/01/2026]',2.235016,-0.4200235,1.895167,0.3235228,4.610755E-10,4.610755E-10,-2.213617,7.778209
'[19:15:36.996 21/01/2026]',-2.808558,2.643908,-2.613311,0.264738,4.610755E-10,4.610755E-10,3.324317,-7.101575
'[19:15:37.004 21/01/2026]',-2.808558,2.643908,-2.613311,0.264738,4.610755E-10,4.610755E-10,3.324317,-7.101575
'[19:15:37.012 21/01/2026]',-2.122551,-2.886703,-2.129053,-1.746769,4.610755E-10,4.610755E-10,-4.243326,15.45642
'[19:15:37.020 21/01/2026]',-2.122551,-2.886703,-2.129053,-1.746769,4.610755E-10,4.610755E-10,-4.243326,15.45642
'[19:15:37.028 21/01/2026]',3.170931,-0.1782802,4.846865,1.656193,4.610755E-10,4.610755E-10,2.937745,-18.6526
'[19:15:37.036 21/01/2026]',1.42671,4.093584,0.1811972,1.693656,4.610755E-10,4.610755E-10,3.334361,10.87726
'[19:15:37.044 21/01/2026]',1.42671,4.093584,0.1811972,1.693656,4.610755E-10,4.610755E-10,3.334361,10.87726
'[19:15:37.052 21/01/2026]',-2.018947,-2.453932,-3.822551,-3.458547,4.610755E-10,4.610755E-10,-6.95116,3.948488
'[19:15:37.060 21/01/2026]',-5.530867,-6.249313,-3.29282,-3.252053,4.610755E-10,4.610755E-10,1.995036,-28.00866
'[19:15:37.068 21/01/2026]',10.44304,9.871284,10.12398,7.946511,4.610755E-10,4.610755E-10,6.532763,24.8573
'[19:15:37.076 21/01/2026]',-6.111558,-3.465558,-6.904637,-4.322883,4.610755E-10,4.610755E-10,-7.899765,-3.568741
'[19:15:37.084 21/01/2026]',0.765215,-1.089101,1.882564,1.661148,4.610755E-10,4.610755E-10,3.005069,-5.419782
'[19:15:37.092 21/01/2026]',0.765215,-1.089101,1.882564,1.661148,4.610755E-10,4.610755E-10,3.005069,-5.419782
'[19:15:37.100 21/01/2026]',0.765215,-1.089101,1.882564,1.661148,4.610755E-10,4.610755E-10,3.005069,-5.419782
'[19:15:37.108 21/01/2026]',2.197492,1.317451,-0.1201374,-0.2113994,4.610755E-10,4.610755E-10,0.9483965,-9.425959
'[19:15:37.116 21/01/2026]',-3.522105,1.248298,-1.477251,-0.2177318,4.610755E-10,4.610755E-10,0.4305173,32.31999
'[19:15:37.124 21/01/2026]',-0.9546966,-2.427884,1.106446,0.6973218,4.610755E-10,4.610755E-10,-2.657243,-18.16314
'[19:15:37.132 21/01/2026]',4.512751,-3.023894,0.1143165,-2.466671,4.610755E-10,4.610755E-10,-1.847277,0.4754075
'[19:15:37.140 21/01/2026]',0.2193892,6.485435,2.363962,6.620153,4.610755E-10,4.610755E-10,5.845365,4.949407
'[19:15:37.148 21/01/2026]',-3.850329,-5.091531,-3.988923,-6.454725,4.610755E-10,4.610755E-10,-3.667595,-6.749366
'[19:15:37.156 21/01/2026]',2.005808,1.368181,3.370868,1.995961,4.610755E-10,4.610755E-10,0.7230707,28.19494
'[19:15:37.164 21/01/2026]',-0.3834465,-1.197819,-1.492064,-0.9245337,4.610755E-10,4.610755E-10,-1.78703,-38.99375
'[19:15:37.172 21/01/2026]',0.9859252,2.54239,-0.4123441,1.280114,4.610755E-10,4.610755E-10,4.304226,6.545879
'[19:15:37.180 21/01/2026]',-0.2621283,-0.9892556,0.8829669,0.7452043,4.610755E-10,4.610755E-10,-1.333584,14.3083
'[19:15:37.188 21/01/2026]',-2.250035,-3.766368,-1.533184,-4.411178,4.610755E-10,4.610755E-10,-4.231295,-25.24072
'[19:15:37.196 21/01/2026]',-2.250035,-3.766368,-1.533184,-4.411178,4.610755E-10,4.610755E-10,-4.231295,-25.24072
'[19:15:37.204 21/01/2026]',2.783951,4.091805,1.959909,2.824768,4.610755E-10,4.610755E-10,2.623914,-3.232253
'[19:15:37.212 21/01/2026]',2.033309,4.19548,1.692873,4.004715,4.610755E-10,4.610755E-10,4.065959,32.1515
'[19:15:37.220 21/01/2026]',-7.425169,-10.49402,-7.480254,-8.274798,4.610755E-10,4.610755E-10,-7.74221,-25.42176
'[19:15:37.228 21/01/2026]',2.410375,3.061446,3.10441,2.396,4.610755E-10,4.610755E-10,2.847863,-4.608907
'[19:15:37.236 21/01/2026]',4.844558,6.918733,5.527249,5.572985,4.610755E-10,4.610755E-10,2.802495,23.9155
'[19:15:37.244 21/01/2026]',-4.119034,-7.037818,-5.256229,-5.477518,4.610755E-10,4.610755E-10,-3.125122,2.347813
'[19:15:37.252 21/01/2026]',0.009542438,2.053714,-1.347927,0.1507921,4.610755E-10,4.610755E-10,0.3896849,1.718923
'[19:15:37.260 21/01/2026]',0.6742051,0.4924653,4.112999,3.592769,4.610755E-10,4.610755E-10,2.393143,-17.46525
'[19:15:37.268 21/01/2026]',-0.5020386,-2.452077,-3.748229,-4.264564,4.610755E-10,4.610755E-10,-4.655289,4.545102
'[19:15:37.276 21/01/2026]',-0.6226403,1.431463,0.07122625,0.7299538,4.610755E-10,4.610755E-10,2.502483,19.52657
'[19:15:37.284 21/01/2026]',-0.6226403,1.431463,0.07122625,0.7299538,4.610755E-10,4.610755E-10,2.502483,19.52657
'[19:15:37.292 21/01/2026]',1.183562,0.8204772,2.449594,2.440008,4.610755E-10,4.610755E-10,1.184853,-16.07263
'[19:15:37.300 21/01/2026]',-0.9924955,0.1812693,-0.9579754,-1.632898,4.610755E-10,4.610755E-10,-1.693519,8.322122
'[19:15:37.308 21/01/2026]',-0.9924955,0.1812693,-0.9579754,-1.632898,4.610755E-10,4.610755E-10,-1.693519,8.322122
'[19:15:37.316 21/01/2026]',-1.007565,-1.613882,-2.592329,-2.979016,4.610755E-10,4.610755E-10,-2.21257,-10.66978
'[19:15:37.324 21/01/2026]',-1.007565,-1.613882,-2.592329,-2.979016,4.610755E-10,4.610755E-10,-2.21257,-10.66978
'[19:15:37.332 21/01/2026]',-1.007565,-1.613882,-2.592329,-2.979016,4.610755E-10,4.610755E-10,-2.21257,-10.66978
'[19:15:37.340 21/01/2026]',2.737543,1.613503,3.327085,4.936554,4.610755E-10,4.610755E-10,3.978603,4.142045
'[19:15:37.348 21/01/2026]',-2.10745,0.05855326,-0.7256667,-1.132871,4.610755E-10,4.610755E-10,-0.6084831,12.74998
'[19:15:37.356 21/01/2026]',-2.10745,0.05855326,-0.7256667,-1.132871,4.610755E-10,4.610755E-10,-0.6084831,12.74998
'[19:15:37.364 21/01/2026]',-2.10745,0.05855326,-0.7256667,-1.132871,4.610755E-10,4.610755E-10,-0.6084831,12.74998
'[19:15:37.372 21/01/2026]',0.6921268,-0.3665343,-1.207484,-0.8929873,4.610755E-10,4.610755E-10,-0.7942361,-20.43546
'[19:15:37.380 21/01/2026]',0.6921268,-0.3665343,-1.207484,-0.8929873,4.610755E-10,4.610755E-10,-0.7942361,-20.43546
'[19:15:37.388 21/01/2026]',0.6921268,-0.3665343,-1.207484,-0.8929873,4.610755E-10,4.610755E-10,-0.7942361,-20.43546
'[19:15:37.396 21/01/2026]',2.062428,4.523555,3.484318,2.734398,4.610755E-10,4.610755E-10,2.941441,3.063396
'[19:15:37.404 21/01/2026]',0.4663377,-0.4062085,-1.644408,-1.562813,4.610755E-10,4.610755E-10,-2.414495,-7.363403
'[19:15:37.412 21/01/2026]',0.4663377,-0.4062085,-1.644408,-1.562813,4.610755E-10,4.610755E-10,-2.414495,-7.363403
'[19:15:37.420 21/01/2026]',0.4663377,-0.4062085,-1.644408,-1.562813,4.610755E-10,4.610755E-10,-2.414495,-7.363403
'[19:15:37.428 21/01/2026]',0.4663377,-0.4062085,-1.644408,-1.562813,4.610755E-10,4.610755E-10,-2.414495,-7.363403
'[19:15:37.436 21/01/2026]',-3.050945,-10.89047,-1.070042,-2.057032,4.610755E-10,4.610755E-10,0.393122,12.1404
'[19:15:37.444 21/01/2026]',2.445218,10.15485,2.233986,4.318032,4.610755E-10,4.610755E-10,3.446709,-1.575587
'[19:15:37.452 21/01/2026]',2.445218,10.15485,2.233986,4.318032,4.610755E-10,4.610755E-10,3.446709,-1.575587
'[19:15:37.460 21/01/2026]',2.445218,10.15485,2.233986,4.318032,4.610755E-10,4.610755E-10,3.446709,-1.575587
'[19:15:37.468 21/01/2026]',2.445218,10.15485,2.233986,4.318032,4.610755E-10,4.610755E-10,3.446709,-1.575587
'[19:15:37.476 21/01/2026]',-6.474527,-7.012181,-4.278791,-6.777323,4.610755E-10,4.610755E-10,-5.034767,-2.948831
'[19:15:37.484 21/01/2026]',6.79589,4.068436,5.362089,6.542513,4.610755E-10,4.610755E-10,4.289587,-9.011628
'[19:15:37.492 21/01/2026]',0.5077143,0.8826751,0.007701615,1.483647,4.610755E-10,4.610755E-10,-2.879512,19.65839
'[19:15:37.500 21/01/2026]',0.5077143,0.8826751,0.007701615,1.483647,4.610755E-10,4.610755E-10,-2.879512,19.65839
'[19:15:37.508 21/01/2026]',-4.194795,-2.057941,-5.758255,-6.306103,4.610755E-10,4.610755E-10,1.126832,-14.26854
'[19:15:37.516 21/01/2026]',-4.194795,-2.057941,-5.758255,-6.306103,4.610755E-10,4.610755E-10,1.126832,-14.26854
'[19:15:37.524 21/01/2026]',1.773467,0.3742435,3.304721,2.704061,4.610755E-10,4.610755E-10,0.921537,19.2002
'[19:15:37.532 21/01/2026]',1.773467,0.3742435,3.304721,2.704061,4.610755E-10,4.610755E-10,0.921537,19.2002
'[19:15:37.540 21/01/2026]',1.773467,0.3742435,3.304721,2.704061,4.610755E-10,4.610755E-10,0.921537,19.2002
'[19:15:37.548 21/01/2026]',1.773467,0.3742435,3.304721,2.704061,4.610755E-10,4.610755E-10,0.921537,19.2002
'[19:15:37.556 21/01/2026]',-0.3247999,-0.6720556,1.332688,-0.3036635,4.610755E-10,4.610755E-10,-3.988688,-17.86423
'[19:15:37.564 21/01/2026]',-0.7342694,0.2353522,-2.445315,0.1102934,4.610755E-10,4.610755E-10,2.840766,17.54028
'[19:15:37.572 21/01/2026]',-0.7342694,0.2353522,-2.445315,0.1102934,4.610755E-10,4.610755E-10,2.840766,17.54028
'[19:15:37.580 21/01/2026]',1.082587,0.5895782,1.750804,0.520417,4.610755E-10,4.610755E-10,0.8667324,-7.510258
'[19:15:37.588 21/01/2026]',1.082587,0.5895782,1.750804,0.520417,4.610755E-10,4.610755E-10,0.8667324,-7.510258
'[19:15:37.596 21/01/2026]',-0.4056181,-0.01464343,-0.6391867,0.2442851,4.610755E-10,4.610755E-10,0.067342,-9.796609
'[19:15:37.604 21/01/2026]',-0.4056181,-0.01464343,-0.6391867,0.2442851,4.610755E-10,4.610755E-10,0.067342,-9.796609
'[19:15:37.612 21/01/2026]',0.8015809,0.2483487,0.1440469,-1.396175,4.610755E-10,4.610755E-10,-3.329195,1.395085
'[19:15:37.620 21/01/2026]',0.8015809,0.2483487,0.1440469,-1.396175,4.610755E-10,4.610755E-10,-3.329195,1.395085
'[19:15:37.628 21/01/2026]',0.8015809,0.2483487,0.1440469,-1.396175,4.610755E-10,4.610755E-10,-3.329195,1.395085
'[19:15:37.636 21/01/2026]',-0.1243483,-0.4015727,0.4797251,0.3121896,4.610755E-10,4.610755E-10,1.811856,-3.675577
'[19:15:37.644 21/01/2026]',-0.1243483,-0.4015727,0.4797251,0.3121896,4.610755E-10,4.610755E-10,1.811856,-3.675577
'[19:15:37.652 21/01/2026]',-0.1243483,-0.4015727,0.4797251,0.3121896,4.610755E-10,4.610755E-10,1.811856,-3.675577
'[19:15:37.660 21/01/2026]',0.6747227,1.696115,-1.61508,1.563915,4.610755E-10,4.610755E-10,3.284929,14.70261
'[19:15:37.668 21/01/2026]',0.6747227,1.696115,-1.61508,1.563915,4.610755E-10,4.610755E-10,3.284929,14.70261
'[19:15:37.676 21/01/2026]',-0.9270745,-8.524368,3.285381,-1.081408,4.610755E-10,4.610755E-10,-2.187788,-17.14688
'[19:15:37.684 21/01/2026]',-0.9270745,-8.524368,3.285381,-1.081408,4.610755E-10,4.610755E-10,-2.187788,-17.14688
'[19:15:37.692 21/01/2026]',-0.9270745,-8.524368,3.285381,-1.081408,4.610755E-10,4.610755E-10,-2.187788,-17.14688
'[19:15:37.700 21/01/2026]',2.414835,10.54607,0.07511506,0.5468255,4.610755E-10,4.610755E-10,-2.975178,-1.021414
'[19:15:37.708 21/01/2026]',-2.478267,-0.6161679,-3.104187,1.312184,4.610755E-10,4.610755E-10,2.083904,5.452532
'[19:15:37.716 21/01/2026]',-0.4334198,-6.138102,0.2333746,-2.41986,4.610755E-10,4.610755E-10,2.793103,16.4112
'[19:15:37.724 21/01/2026]',-0.4334198,-6.138102,0.2333746,-2.41986,4.610755E-10,4.610755E-10,2.793103,16.4112
'[19:15:37.732 21/01/2026]',2.562102,4.36264,3.85965,2.764385,4.610755E-10,4.610755E-10,-0.3734935,-5.492915
'[19:15:37.740 21/01/2026]',2.562102,4.36264,3.85965,2.764385,4.610755E-10,4.610755E-10,-0.3734935,-5.492915
'[19:15:37.748 21/01/2026]',2.562102,4.36264,3.85965,2.764385,4.610755E-10,4.610755E-10,-0.3734935,-5.492915
'[19:15:37.756 21/01/2026]',-2.127768,2.389632,-2.74538,-1.010738,4.610755E-10,4.610755E-10,-5.907815,8.412128
'[19:15:37.764 21/01/2026]',-1.659057,-5.058993,-1.227498,-2.115973,4.610755E-10,4.610755E-10,2.694125,-13.71206
'[19:15:37.772 21/01/2026]',-1.659057,-5.058993,-1.227498,-2.115973,4.610755E-10,4.610755E-10,2.694125,-13.71206
'[19:15:37.780 21/01/2026]',-1.659057,-5.058993,-1.227498,-2.115973,4.610755E-10,4.610755E-10,2.694125,-13.71206
'[19:15:37.788 21/01/2026]',3.603356,0.4117973,2.20815,4.545704,4.610755E-10,4.610755E-10,5.268144,-4.794506
'[19:15:37.796 21/01/2026]',3.603356,0.4117973,2.20815,4.545704,4.610755E-10,4.610755E-10,5.268144,-4.794506
'[19:15:37.804 21/01/2026]',-1.826914,2.757629,-1.239036,-2.703995,4.610755E-10,4.610755E-10,-2.583044,26.8688
'[19:15:37.812 21/01/2026]',0.763011,-2.479248,0.4789672,-2.021681,4.610755E-10,4.610755E-10,-3.032864,-32.44646
'[19:15:37.820 21/01/2026]',1.561214,2.817146,1.811805,5.065784,4.610755E-10,4.610755E-10,1.611428,10.82463
'[19:15:37.828 21/01/2026]',-1.368614,-2.305756,-1.414503,-2.513896,4.610755E-10,4.610755E-10,1.423941,8.666051
'[19:15:37.836 21/01/2026]',-4.008792,-1.87825,-2.694927,-3.993051,4.610755E-10,4.610755E-10,-4.621989,-29.96269
'[19:15:37.844 21/01/2026]',3.546079,2.325845,2.383043,3.566791,4.610755E-10,4.610755E-10,2.629871,30.65089
'[19:15:37.852 21/01/2026]',-0.3998938,0.3589137,-1.527406,-1.259034,4.610755E-10,4.610755E-10,1.325179,-8.053452
'[19:15:37.860 21/01/2026]',-0.2554529,0.01350089,2.752281,2.861716,4.610755E-10,4.610755E-10,0.6306769,2.664098
'[19:15:37.868 21/01/2026]',1.526975,0.4401542,0.2443648,2.10238,4.610755E-10,4.610755E-10,-2.356111,12.42067
'[19:15:37.876 21/01/2026]',-4.324452,-2.706733,-4.513993,-7.722378,4.610755E-10,4.610755E-10,-1.865086,-23.53324
'[19:15:37.884 21/01/2026]',-4.324452,-2.706733,-4.513993,-7.722378,4.610755E-10,4.610755E-10,-1.865086,-23.53324
'[19:15:37.892 21/01/2026]',-4.324452,-2.706733,-4.513993,-7.722378,4.610755E-10,4.610755E-10,-1.865086,-23.53324
'[19:15:37.900 21/01/2026]',4.070517,2.091337,2.334866,3.29845,4.610755E-10,4.610755E-10,3.250101,22.57915
'[19:15:37.908 21/01/2026]',-1.927216,-1.394646,0.5860216,2.315047,4.610755E-10,4.610755E-10,-0.8479559,0.598174
'[19:15:37.916 21/01/2026]',-1.675702,1.541098,-1.290401,0.03630084,4.610755E-10,4.610755E-10,-1.461599,-12.75552
'[19:15:37.924 21/01/2026]',1.955517,-0.5764446,-0.3364494,-2.434392,4.610755E-10,4.610755E-10,1.873385,15.5832
'[19:15:37.932 21/01/2026]',3.035894,2.907489,3.591424,1.448971,4.610755E-10,4.610755E-10,0.8044534,-24.45415
'[19:15:37.940 21/01/2026]',-7.601582,-8.030929,-5.166952,-4.652194,4.610755E-10,4.610755E-10,-5.430522,13.36354
'[19:15:37.948 21/01/2026]',6.801693,6.49844,5.308652,7.213449,4.610755E-10,4.610755E-10,7.438705,-15.16152
'[19:15:37.956 21/01/2026]',-1.407784,0.3161784,-1.750645,-2.426485,4.610755E-10,4.610755E-10,-4.053257,12.18243
'[19:15:37.964 21/01/2026]',-2.632344,-3.745264,-2.879696,-4.173582,4.610755E-10,4.610755E-10,0.2737902,-19.86562
'[19:15:37.972 21/01/2026]',1.3662,2.406646,2.535601,5.34308,4.610755E-10,4.610755E-10,-0.5513471,4.978422
'[19:15:37.980 21/01/2026]',0.3422412,-0.9715701,-0.2860284,-1.969469,4.610755E-10,4.610755E-10,-0.1105978,23.43177
'[19:15:37.988 21/01/2026]',0.3422412,-0.9715701,-0.2860284,-1.969469,4.610755E-10,4.610755E-10,-0.1105978,23.43177
'[19:15:37.996 21/01/2026]',-1.948496,-1.525098,-0.6669131,-0.9966795,4.610755E-10,4.610755E-10,2.077267,-15.91083
'[19:15:38.004 21/01/2026]',1.351773,2.026597,1.488354,2.521943,4.610755E-10,4.610755E-10,-0.2962204,12.072
'[19:15:38.012 21/01/2026]',0.0755951,-1.263734,-2.659877,-2.699894,4.610755E-10,4.610755E-10,-3.439764,-3.349815
'[19:15:38.020 21/01/2026]',-2.36823,-0.7758128,-1.856215,-1.121446,4.610755E-10,4.610755E-10,0.04425251,-21.64898
'[19:15:38.028 21/01/2026]',2.013588,1.266081,5.183577,1.878018,4.610755E-10,4.610755E-10,2.926889,21.02951
'[19:15:38.036 21/01/2026]',2.197968,3.396695,-1.450654,0.5099502,4.610755E-10,4.610755E-10,0.593205,-10.66248
'[19:15:38.044 21/01/2026]',0.1245444,3.201949,-2.635778,0.3134981,4.610755E-10,4.610755E-10,-3.238811,-5.215416
'[19:15:38.052 21/01/2026]',0.1245444,3.201949,-2.635778,0.3134981,4.610755E-10,4.610755E-10,-3.238811,-5.215416
'[19:15:38.060 21/01/2026]',0.1245444,3.201949,-2.635778,0.3134981,4.610755E-10,4.610755E-10,-3.238811,-5.215416
'[19:15:38.068 21/01/2026]',-2.373329,-13.2575,4.17439,-0.8021047,4.610755E-10,4.610755E-10,0.8337534,-2.929927
'[19:15:38.076 21/01/2026]',-0.842418,3.540912,-2.016603,-1.572464,4.610755E-10,4.610755E-10,2.128443,-2.045521
'[19:15:38.084 21/01/2026]',-0.842418,3.540912,-2.016603,-1.572464,4.610755E-10,4.610755E-10,2.128443,-2.045521
'[19:15:38.092 21/01/2026]',-0.842418,3.540912,-2.016603,-1.572464,4.610755E-10,4.610755E-10,2.128443,-2.045521
'[19:15:38.100 21/01/2026]',0.4711454,4.549202,-2.443388,0.2945449,4.610755E-10,4.610755E-10,-2.706805,11.40668
'[19:15:38.108 21/01/2026]',0.4711454,4.549202,-2.443388,0.2945449,4.610755E-10,4.610755E-10,-2.706805,11.40668
'[19:15:38.116 21/01/2026]',0.4711454,4.549202,-2.443388,0.2945449,4.610755E-10,4.610755E-10,-2.706805,11.40668
'[19:15:38.124 21/01/2026]',0.4711454,4.549202,-2.443388,0.2945449,4.610755E-10,4.610755E-10,-2.706805,11.40668
'[19:15:38.132 21/01/2026]',0.4711454,4.549202,-2.443388,0.2945449,4.610755E-10,4.610755E-10,-2.706805,11.40668
'[19:15:38.140 21/01/2026]',2.629572,0.8700823,4.581113,4.088521,4.610755E-10,4.610755E-10,3.060501,-12.94588
'[19:15:38.148 21/01/2026]',-2.221435,-3.622814,-1.445616,-0.8744802,4.610755E-10,4.610755E-10,-2.111231,19.14078
'[19:15:38.156 21/01/2026]',-4.352442,-5.317234,-4.506831,-8.018775,4.610755E-10,4.610755E-10,-2.439066,-10.00141
'[19:15:38.164 21/01/2026]',-4.352442,-5.317234,-4.506831,-8.018775,4.610755E-10,4.610755E-10,-2.439066,-10.00141
'[19:15:38.172 21/01/2026]',-4.352442,-5.317234,-4.506831,-8.018775,4.610755E-10,4.610755E-10,-2.439066,-10.00141
'[19:15:38.180 21/01/2026]',6.4087,9.331781,5.608665,9.401174,4.610755E-10,4.610755E-10,5.863625,4.107447
'[19:15:38.188 21/01/2026]',-1.884291,-3.168267,-1.627498,-3.235656,4.610755E-10,4.610755E-10,-4.158348,8.489082
'[19:15:38.196 21/01/2026]',-1.884291,-3.168267,-1.627498,-3.235656,4.610755E-10,4.610755E-10,-4.158348,8.489082
'[19:15:38.204 21/01/2026]',-1.489224,-0.7061845,-2.138565,-1.336779,4.610755E-10,4.610755E-10,-0.5197242,5.733811
'[19:15:38.212 21/01/2026]',-1.489224,-0.7061845,-2.138565,-1.336779,4.610755E-10,4.610755E-10,-0.5197242,5.733811
'[19:15:38.220 21/01/2026]',-1.489224,-0.7061845,-2.138565,-1.336779,4.610755E-10,4.610755E-10,-0.5197242,5.733811
'[19:15:38.228 21/01/2026]',1.160604,-0.128856,1.153609,1.925395,4.610755E-10,4.610755E-10,2.628121,-16.80732
'[19:15:38.236 21/01/2026]',-1.477793,-1.14454,-0.512841,-0.3443943,4.610755E-10,4.610755E-10,-2.025202,-1.048857
'[19:15:38.244 21/01/2026]',-1.477793,-1.14454,-0.512841,-0.3443943,4.610755E-10,4.610755E-10,-2.025202,-1.048857
'[19:15:38.252 21/01/2026]',-0.8823242,-0.6402779,-1.727046,-4.57225,4.610755E-10,4.610755E-10,-2.401037,11.73777
'[19:15:38.260 21/01/2026]',-0.8823242,-0.6402779,-1.727046,-4.57225,4.610755E-10,4.610755E-10,-2.401037,11.73777
'[19:15:38.268 21/01/2026]',-0.8823242,-0.6402779,-1.727046,-4.57225,4.610755E-10,4.610755E-10,-2.401037,11.73777
'[19:15:38.276 21/01/2026]',2.627784,2.280115,3.31989,4.348551,4.610755E-10,4.610755E-10,5.428295,-4.520708
'[19:15:38.284 21/01/2026]',2.627784,2.280115,3.31989,4.348551,4.610755E-10,4.610755E-10,5.428295,-4.520708
'[19:15:38.292 21/01/2026]',2.627784,2.280115,3.31989,4.348551,4.610755E-10,4.610755E-10,5.428295,-4.520708
'[19:15:38.300 21/01/2026]',2.627784,2.280115,3.31989,4.348551,4.610755E-10,4.610755E-10,5.428295,-4.520708
'[19:15:38.308 21/01/2026]',0.6680908,-0.2259948,1.350142,2.541685,4.610755E-10,4.610755E-10,-1.070721,-23.33154
'[19:15:38.316 21/01/2026]',0.6680908,-0.2259948,1.350142,2.541685,4.610755E-10,4.610755E-10,-1.070721,-23.33154
'[19:15:38.324 21/01/2026]',-2.68182,0.8684369,-3.201991,-3.597687,4.610755E-10,4.610755E-10,-0.4294992,12.08075
'[19:15:38.332 21/01/2026]',-0.4189451,-1.883321,0.2539635,-1.768496,4.610755E-10,4.610755E-10,-3.052315,8.335372
'[19:15:38.340 21/01/2026]',2.854185,0.7319174,1.365934,4.553152,4.610755E-10,4.610755E-10,4.041282,-19.84489
'[19:15:38.348 21/01/2026]',2.854185,0.7319174,1.365934,4.553152,4.610755E-10,4.610755E-10,4.041282,-19.84489
'[19:15:38.356 21/01/2026]',0.9381981,0.3853731,0.4366454,-0.5133554,4.610755E-10,4.610755E-10,0.1842826,2.932534
'[19:15:38.364 21/01/2026]',0.9381981,0.3853731,0.4366454,-0.5133554,4.610755E-10,4.610755E-10,0.1842826,2.932534
'[19:15:38.372 21/01/2026]',-5.517395,-1.216189,-2.676386,-4.782714,4.610755E-10,4.610755E-10,-6.041098,21.92281
'[19:15:38.380 21/01/2026]',-5.517395,-1.216189,-2.676386,-4.782714,4.610755E-10,4.610755E-10,-6.041098,21.92281
'[19:15:38.388 21/01/2026]',-5.517395,-1.216189,-2.676386,-4.782714,4.610755E-10,4.610755E-10,-6.041098,21.92281
'[19:15:38.396 21/01/2026]',1.517781,-1.869292,-0.4499438,1.431722,4.610755E-10,4.610755E-10,3.663449,-30.62865
'[19:15:38.404 21/01/2026]',1.517781,-1.869292,-0.4499438,1.431722,4.610755E-10,4.610755E-10,3.663449,-30.62865
'[19:15:38.412 21/01/2026]',5.711697,5.72357,4.810992,7.595755,4.610755E-10,4.610755E-10,2.296672,14.55063
'[19:15:38.420 21/01/2026]',5.711697,5.72357,4.810992,7.595755,4.610755E-10,4.610755E-10,2.296672,14.55063
'[19:15:38.428 21/01/2026]',5.711697,5.72357,4.810992,7.595755,4.610755E-10,4.610755E-10,2.296672,14.55063
'[19:15:38.436 21/01/2026]',-1.951504,1.213925,-1.090669,-4.063676,4.610755E-10,4.610755E-10,2.278799,11.42727
'[19:15:38.444 21/01/2026]',-1.951504,1.213925,-1.090669,-4.063676,4.610755E-10,4.610755E-10,2.278799,11.42727
'[19:15:38.452 21/01/2026]',-7.599428,-11.58196,-6.452171,-7.611104,4.610755E-10,4.610755E-10,-8.885245,-21.66001
'[19:15:38.460 21/01/2026]',-7.599428,-11.58196,-6.452171,-7.611104,4.610755E-10,4.610755E-10,-8.885245,-21.66001
'[19:15:38.468 21/01/2026]',-7.599428,-11.58196,-6.452171,-7.611104,4.610755E-10,4.610755E-10,-8.885245,-21.66001
'[19:15:38.476 21/01/2026]',-7.599428,-11.58196,-6.452171,-7.611104,4.610755E-10,4.610755E-10,-8.885245,-21.66001
'[19:15:38.484 21/01/2026]',7.83499,8.987078,5.528656,9.220702,4.610755E-10,4.610755E-10,5.239473,14.982
'[19:15:38.492 21/01/2026]',-0.8681543,1.818868,-0.1806686,-1.957444,4.610755E-10,4.610755E-10,0.3880472,2.145842
'[19:15:38.500 21/01/2026]',-0.8681543,1.818868,-0.1806686,-1.957444,4.610755E-10,4.610755E-10,0.3880472,2.145842
'[19:15:38.508 21/01/2026]',-1.120003,-4.059809,-0.5425547,-0.8386882,4.610755E-10,4.610755E-10,-0.03219628,21.39866
'[19:15:38.516 21/01/2026]',-0.5302324,0.9439612,-0.7606699,1.140723,4.610755E-10,4.610755E-10,1.096087,-25.38838
'[19:15:38.524 21/01/2026]',-2.07128,-1.435104,-1.421727,-3.196455,4.610755E-10,4.610755E-10,-5.170961,12.07632
'[19:15:38.532 21/01/2026]',2.789866,1.279542,2.869895,1.065255,4.610755E-10,4.610755E-10,2.987904,-0.9253564
'[19:15:38.540 21/01/2026]',2.789866,1.279542,2.869895,1.065255,4.610755E-10,4.610755E-10,2.987904,-0.9253564
'[19:15:38.548 21/01/2026]',0.6858776,-0.3890957,-0.9113467,1.460891,4.610755E-10,4.610755E-10,1.579047,-11.22259
'[19:15:38.556 21/01/2026]',0.02282842,2.635142,0.5226818,-0.1373226,4.610755E-10,4.610755E-10,-2.521554,1.860019
'[19:15:38.564 21/01/2026]',-0.2914966,3.707626,0.1713622,1.07092,4.610755E-10,4.610755E-10,4.049696,8.83683
'[19:15:38.572 21/01/2026]',0.5210881,-11.43872,0.5086611,-3.625555,4.610755E-10,4.610755E-10,-5.866363,-27.95627
'[19:15:38.580 21/01/2026]',0.5210881,-11.43872,0.5086611,-3.625555,4.610755E-10,4.610755E-10,-5.866363,-27.95627
'[19:15:38.588 21/01/2026]',-1.019434,4.460003,-0.5258942,0.7623806,4.610755E-10,4.610755E-10,2.558135,13.05024
'[19:15:38.596 21/01/2026]',0.2437264,3.422587,-1.20451,0.9807206,4.610755E-10,4.610755E-10,1.148109,4.488921
'[19:15:38.604 21/01/2026]',-0.1327181,-2.814404,1.532636,-0.6926398,4.610755E-10,4.610755E-10,-3.299965,-13.32058
'[19:15:38.612 21/01/2026]',-0.188131,-1.72962,-1.149424,0.4856846,4.610755E-10,4.610755E-10,2.195819,16.27793
'[19:15:38.620 21/01/2026]',0.9307345,2.056841,0.08661275,0.04894187,4.610755E-10,4.610755E-10,0.6802714,-15.21017
'[19:15:38.628 21/01/2026]',2.916673,5.173813,4.692599,4.633564,4.610755E-10,4.610755E-10,3.64441,28.43205
'[19:15:38.636 21/01/2026]',2.916673,5.173813,4.692599,4.633564,4.610755E-10,4.610755E-10,3.64441,28.43205
'[19:15:38.644 21/01/2026]',-7.165475,-10.80509,-8.217896,-9.719315,4.610755E-10,4.610755E-10,-10.2176,-26.38101
'[19:15:38.652 21/01/2026]',1.25081,2.42089,1.353336,4.897284,4.610755E-10,4.610755E-10,4.75853,-0.8820186
'[19:15:38.660 21/01/2026]',5.806835,6.868472,5.782285,2.799111,4.610755E-10,4.610755E-10,4.004922,14.87791
'[19:15:38.668 21/01/2026]',-5.396354,-6.533472,-4.280096,-7.004193,4.610755E-10,4.610755E-10,-3.878923,0.03358622
'[19:15:38.676 21/01/2026]',-5.396354,-6.533472,-4.280096,-7.004193,4.610755E-10,4.610755E-10,-3.878923,0.03358622
'[19:15:38.684 21/01/2026]',1.275705,-2.005186,0.7310598,4.650047,4.610755E-10,4.610755E-10,1.723112,-24.52217
'[19:15:38.692 21/01/2026]',2.110414,10.1515,0.8069469,2.328927,4.610755E-10,4.610755E-10,-1.282805,6.959834
'[19:15:38.700 21/01/2026]',-1.405959,-3.681447,-0.001594939,-3.021024,4.610755E-10,4.610755E-10,0.5985668,6.178985
'[19:15:38.708 21/01/2026]',-3.963312,-6.416612,-3.70685,-4.97356,4.610755E-10,4.610755E-10,-2.549173,-1.329034
'[19:15:38.716 21/01/2026]',4.191,4.287311,2.608009,5.214737,4.610755E-10,4.610755E-10,1.761856,-6.549997
'[19:15:38.724 21/01/2026]',0.8750883,3.160736,2.757475,3.447567,4.610755E-10,4.610755E-10,4.461311,15.01388
'[19:15:38.732 21/01/2026]',-2.821715,-3.542878,-4.052744,-5.764325,4.610755E-10,4.610755E-10,-5.992955,-15.115
'[19:15:38.740 21/01/2026]',-1.814319,-1.863539,-1.812289,-1.570096,4.610755E-10,4.610755E-10,-2.286125,-0.6695898
'[19:15:38.748 21/01/2026]',3.656439,4.565923,5.176764,6.379491,4.610755E-10,4.610755E-10,7.239284,19.16176
'[19:15:38.756 21/01/2026]',-0.6068482,-1.915876,-2.341949,-2.718841,4.610755E-10,4.610755E-10,-3.490416,-12.38646
'[19:15:38.764 21/01/2026]',-1.901485,-1.714129,-0.6505404,-1.899902,4.610755E-10,4.610755E-10,-0.8342251,10.34815
'[19:15:38.772 21/01/2026]',-1.901485,-1.714129,-0.6505404,-1.899902,4.610755E-10,4.610755E-10,-0.8342251,10.34815
'[19:15:38.780 21/01/2026]',-0.554334,0.1338753,-0.09107684,-0.6093194,4.610755E-10,4.610755E-10,-0.3679114,-17.61377
'[19:15:38.788 21/01/2026]',1.974767,2.898539,1.800648,3.717758,4.610755E-10,4.610755E-10,3.050965,3.630116
'[19:15:38.796 21/01/2026]',1.974767,2.898539,1.800648,3.717758,4.610755E-10,4.610755E-10,3.050965,3.630116
'[19:15:38.804 21/01/2026]',4.949793,3.396741,1.76736,1.445375,4.610755E-10,4.610755E-10,0.3133965,9.273161
'[19:15:38.812 21/01/2026]',4.949793,3.396741,1.76736,1.445375,4.610755E-10,4.610755E-10,0.3133965,9.273161
'[19:15:38.820 21/01/2026]',4.949793,3.396741,1.76736,1.445375,4.610755E-10,4.610755E-10,0.3133965,9.273161
'[19:15:38.828 21/01/2026]',4.949793,3.396741,1.76736,1.445375,4.610755E-10,4.610755E-10,0.3133965,9.273161
'[19:15:38.836 21/01/2026]',-10.19971,-11.83502,-7.937027,-9.065418,4.610755E-10,4.610755E-10,-7.194754,-26.39019
'[19:15:38.844 21/01/2026]',7.547471,9.896647,8.427296,8.364196,4.610755E-10,4.610755E-10,9.526579,16.73692
'[19:15:38.852 21/01/2026]',7.547471,9.896647,8.427296,8.364196,4.610755E-10,4.610755E-10,9.526579,16.73692
'[19:15:38.860 21/01/2026]',-0.5738137,-1.136624,-1.002558,0.4226318,4.610755E-10,4.610755E-10,-3.03883,-12.39747
'[19:15:38.868 21/01/2026]',-0.5738137,-1.136624,-1.002558,0.4226318,4.610755E-10,4.610755E-10,-3.03883,-12.39747
'[19:15:38.876 21/01/2026]',-0.5738137,-1.136624,-1.002558,0.4226318,4.610755E-10,4.610755E-10,-3.03883,-12.39747
'[19:15:38.884 21/01/2026]',-1.456171,-0.4208263,-2.453393,-1.443282,4.610755E-10,4.610755E-10,-2.581002,25.14321
'[19:15:38.892 21/01/2026]',-1.456171,-0.4208263,-2.453393,-1.443282,4.610755E-10,4.610755E-10,-2.581002,25.14321
'[19:15:38.900 21/01/2026]',-0.2154873,-1.685155,1.61397,-2.396393,4.610755E-10,4.610755E-10,1.766486,-28.05402
'[19:15:38.908 21/01/2026]',-0.2154873,-1.685155,1.61397,-2.396393,4.610755E-10,4.610755E-10,1.766486,-28.05402
'[19:15:38.916 21/01/2026]',-0.2995755,-0.1258889,-1.920851,1.673651,4.610755E-10,4.610755E-10,0.2457024,14.99757
'[19:15:38.924 21/01/2026]',0.6880125,1.794662,0.007341579,0.5958141,4.610755E-10,4.610755E-10,-0.6364399,6.954264
'[19:15:38.932 21/01/2026]',0.6880125,1.794662,0.007341579,0.5958141,4.610755E-10,4.610755E-10,-0.6364399,6.954264
'[19:15:38.940 21/01/2026]',0.6880125,1.794662,0.007341579,0.5958141,4.610755E-10,4.610755E-10,-0.6364399,6.954264
'[19:15:38.948 21/01/2026]',0.6880125,1.794662,0.007341579,0.5958141,4.610755E-10,4.610755E-10,-0.6364399,6.954264
'[19:15:38.956 21/01/2026]',0.6880125,1.794662,0.007341579,0.5958141,4.610755E-10,4.610755E-10,-0.6364399,6.954264
'[19:15:38.964 21/01/2026]',-1.948652,-2.333048,-0.5885784,-3.148425,4.610755E-10,4.610755E-10,-1.7181,-18.90436
'[19:15:38.972 21/01/2026]',2.885178,2.739815,2.925919,4.242824,4.610755E-10,4.610755E-10,2.93326,24.14025
'[19:15:38.980 21/01/2026]',2.885178,2.739815,2.925919,4.242824,4.610755E-10,4.610755E-10,2.93326,24.14025
'[19:15:38.988 21/01/2026]',-1.046591,-0.318422,-2.045968,-1.400275,4.610755E-10,4.610755E-10,-1.530991,-8.07514
'[19:15:38.996 21/01/2026]',-1.046591,-0.318422,-2.045968,-1.400275,4.610755E-10,4.610755E-10,-1.530991,-8.07514
'[19:15:39.004 21/01/2026]',-0.3259847,-1.389201,1.019507,-0.4517769,4.610755E-10,4.610755E-10,0.3927996,-11.62455
'[19:15:39.012 21/01/2026]',-0.3259847,-1.389201,1.019507,-0.4517769,4.610755E-10,4.610755E-10,0.3927996,-11.62455
'[19:15:39.020 21/01/2026]',-0.6520984,-1.938636,-0.3935278,-1.604432,4.610755E-10,4.610755E-10,0.072597,6.828398
'[19:15:39.028 21/01/2026]',-0.6520984,-1.938636,-0.3935278,-1.604432,4.610755E-10,4.610755E-10,0.072597,6.828398
'[19:15:39.036 21/01/2026]',3.471915,5.870014,1.718355,4.410494,4.610755E-10,4.610755E-10,1.917353,7.832654
'[19:15:39.044 21/01/2026]',3.471915,5.870014,1.718355,4.410494,4.610755E-10,4.610755E-10,1.917353,7.832654
'[19:15:39.052 21/01/2026]',-4.185007,-5.012445,-2.115014,-5.319814,4.610755E-10,4.610755E-10,-4.04696,-25.08907
'[19:15:39.060 21/01/2026]',-4.185007,-5.012445,-2.115014,-5.319814,4.610755E-10,4.610755E-10,-4.04696,-25.08907
'[19:15:39.068 21/01/2026]',2.003336,0.4755909,1.627252,2.940378,4.610755E-10,4.610755E-10,1.888901,1.644776
'[19:15:39.076 21/01/2026]',2.003336,0.4755909,1.627252,2.940378,4.610755E-10,4.610755E-10,1.888901,1.644776
'[19:15:39.084 21/01/2026]',-0.9982585,0.8469588,-2.197925,-0.7185813,4.610755E-10,4.610755E-10,0.003998825,9.04929
'[19:15:39.092 21/01/2026]',-0.9982585,0.8469588,-2.197925,-0.7185813,4.610755E-10,4.610755E-10,0.003998825,9.04929
'[19:15:39.100 21/01/2026]',2.358197,4.360293,3.046007,2.839093,4.610755E-10,4.610755E-10,2.15308,18.6521
'[19:15:39.108 21/01/2026]',2.358197,4.360293,3.046007,2.839093,4.610755E-10,4.610755E-10,2.15308,18.6521
'[19:15:39.116 21/01/2026]',2.358197,4.360293,3.046007,2.839093,4.610755E-10,4.610755E-10,2.15308,18.6521
'[19:15:39.124 21/01/2026]',2.358197,4.360293,3.046007,2.839093,4.610755E-10,4.610755E-10,2.15308,18.6521
'[19:15:39.132 21/01/2026]',-3.224343,-7.377149,-2.449749,-3.946806,4.610755E-10,4.610755E-10,-4.920337,-16.09038
'[19:15:39.140 21/01/2026]',-3.224343,-7.377149,-2.449749,-3.946806,4.610755E-10,4.610755E-10,-4.920337,-16.09038
'[19:15:39.148 21/01/2026]',-3.224343,-7.377149,-2.449749,-3.946806,4.610755E-10,4.610755E-10,-4.920337,-16.09038
'[19:15:39.156 21/01/2026]',-3.224343,-7.377149,-2.449749,-3.946806,4.610755E-10,4.610755E-10,-4.920337,-16.09038
'[19:15:39.164 21/01/2026]',-2.418946,-0.4191761,-1.756374,0.1599236,4.610755E-10,4.610755E-10,2.725589,-10.14949
'[19:15:39.172 21/01/2026]',-8.71601,-10.54693,-2.298916,-2.935565,4.610755E-10,4.610755E-10,-1.153923,33.57355
'[19:15:39.180 21/01/2026]',14.64352,18.17615,6.023064,5.993001,4.610755E-10,4.610755E-10,-0.04516771,-17.41746
'[19:15:39.188 21/01/2026]',16.96818,14.89469,6.385528,4.568968,4.610755E-10,4.610755E-10,4.524667,1.858215
'[19:15:39.196 21/01/2026]',16.96818,14.89469,6.385528,4.568968,4.610755E-10,4.610755E-10,4.524667,1.858215
'[19:15:39.204 21/01/2026]',-22.93221,-25.20228,-8.97071,-6.949245,4.610755E-10,4.610755E-10,-4.363231,1.065499
'[19:15:39.212 21/01/2026]',-22.93221,-25.20228,-8.97071,-6.949245,4.610755E-10,4.610755E-10,-4.363231,1.065499
'[19:15:39.220 21/01/2026]',-22.93221,-25.20228,-8.97071,-6.949245,4.610755E-10,4.610755E-10,-4.363231,1.065499
'[19:15:39.228 21/01/2026]',-2.063278,1.562354,-0.8584734,-1.500465,4.610755E-10,4.610755E-10,-0.6205944,-2.14603
'[19:15:39.236 21/01/2026]',-2.063278,1.562354,-0.8584734,-1.500465,4.610755E-10,4.610755E-10,-0.6205944,-2.14603
'[19:15:39.244 21/01/2026]',8.390461,6.009896,2.379063,0.3868552,4.610755E-10,4.610755E-10,0.3489587,-14.37195
'[19:15:39.252 21/01/2026]',8.390461,6.009896,2.379063,0.3868552,4.610755E-10,4.610755E-10,0.3489587,-14.37195
'[19:15:39.260 21/01/2026]',-0.1527547,0.2133406,1.863661,3.983266,4.610755E-10,4.610755E-10,2.941689,-8.860129
'[19:15:39.268 21/01/2026]',-2.204758,-0.6508598,-0.0473655,-1.119823,4.610755E-10,4.610755E-10,-1.56059,17.07937
'[19:15:39.276 21/01/2026]',-2.763361,-4.227363,-4.499084,-4.730057,4.610755E-10,4.610755E-10,-1.554227,-0.2502894
'[19:15:39.284 21/01/2026]',-2.763361,-4.227363,-4.499084,-4.730057,4.610755E-10,4.610755E-10,-1.554227,-0.2502894
'[19:15:39.292 21/01/2026]',1.667387,0.481087,0.5105394,2.567967,4.610755E-10,4.610755E-10,-3.140191,-25.69701
'[19:15:39.300 21/01/2026]',2.721321,4.603638,3.800767,3.855849,4.610755E-10,4.610755E-10,6.959133,19.56939
'[19:15:39.308 21/01/2026]',-1.803105,-1.927002,-0.4609922,-2.741353,4.610755E-10,4.610755E-10,-0.1401168,26.99967
'[19:15:39.316 21/01/2026]',-2.521427,-2.391988,-4.110548,-1.595592,4.610755E-10,4.610755E-10,-8.025995,-32.47235
'[19:15:39.324 21/01/2026]',2.163923,1.342688,1.557243,1.234116,4.610755E-10,4.610755E-10,5.449101,14.28646
'[19:15:39.332 21/01/2026]',2.163923,1.342688,1.557243,1.234116,4.610755E-10,4.610755E-10,5.449101,14.28646
'[19:15:39.340 21/01/2026]',1.773857,3.59259,4.072137,3.197168,4.610755E-10,4.610755E-10,3.447042,17.49025
'[19:15:39.348 21/01/2026]',-2.023148,-2.849904,-3.281967,-2.923629,4.610755E-10,4.610755E-10,-6.222161,-13.86777
'[19:15:39.356 21/01/2026]',-4.377091,-6.072927,-4.160982,-5.079051,4.610755E-10,4.610755E-10,-2.079777,-1.539557
'[19:15:39.364 21/01/2026]',7.973306,10.46448,5.889338,8.143411,4.610755E-10,4.610755E-10,8.552548,6.714435
'[19:15:39.372 21/01/2026]',-2.569525,-2.327569,-1.194629,-1.445829,4.610755E-10,4.610755E-10,-1.943801,-12.81304
'[19:15:39.380 21/01/2026]',-2.569525,-2.327569,-1.194629,-1.445829,4.610755E-10,4.610755E-10,-1.943801,-12.81304
'[19:15:39.388 21/01/2026]',-2.569525,-2.327569,-1.194629,-1.445829,4.610755E-10,4.610755E-10,-1.943801,-12.81304
'[19:15:39.396 21/01/2026]',-1.096686,-2.314137,0.5697084,-0.2672155,4.610755E-10,4.610755E-10,-1.685012,-0.9970356
'[19:15:39.404 21/01/2026]',10.1189,6.08979,3.539087,3.040431,4.610755E-10,4.610755E-10,0.4825204,9.563403
'[19:15:39.412 21/01/2026]',0.4164936,2.974627,-0.6428232,-0.6232399,4.610755E-10,4.610755E-10,2.024669,-16.42973
'[19:15:39.420 21/01/2026]',-26.41703,-20.96255,-10.30328,-10.9935,4.610755E-10,4.610755E-10,-6.325742,-10.34649
'[19:15:39.428 21/01/2026]',17.04648,12.10064,7.607414,9.994874,4.610755E-10,4.610755E-10,3.121064,26.87792
'[19:15:39.436 21/01/2026]',3.973403,3.621371,-0.9353885,-2.248319,4.610755E-10,4.610755E-10,0.3368903,-10.46529
'[19:15:39.444 21/01/2026]',5.040678,0.4244916,4.338043,1.310735,4.610755E-10,4.610755E-10,-0.2137948,-2.876429
'[19:15:39.452 21/01/2026]',-9.780157,-2.761735,-3.498229,0.4964455,4.610755E-10,4.610755E-10,0.2056924,-3.640973
'[19:15:39.460 21/01/2026]',-8.681052,-7.394977,-5.363358,-4.947553,4.610755E-10,4.610755E-10,-1.051243,-6.221516
'[19:15:39.468 21/01/2026]',12.21341,5.980145,4.604315,1.849343,4.610755E-10,4.610755E-10,-0.01494754,14.18339
'[19:15:39.476 21/01/2026]',12.21341,5.980145,4.604315,1.849343,4.610755E-10,4.610755E-10,-0.01494754,14.18339
'[19:15:39.484 21/01/2026]',-3.761903,3.960782,0.893725,2.337421,4.610755E-10,4.610755E-10,4.570868,-0.8036458
'[19:15:39.492 21/01/2026]',-22.03093,3.374534,-10.3572,0.7830639,4.610755E-10,4.610755E-10,-0.7159535,9.480188
'[19:15:39.500 21/01/2026]',32.14397,-4.301942,10.90142,-1.673148,4.610755E-10,4.610755E-10,-7.336794,-9.738445
'[19:15:39.508 21/01/2026]',3.715254,-6.640098,6.914196,1.585799,4.610755E-10,4.610755E-10,3.684399,3.859929
'[19:15:39.516 21/01/2026]',-24.57358,0.1331001,-13.18642,-3.875864,4.610755E-10,4.610755E-10,0.275254,-3.219242
'[19:15:39.524 21/01/2026]',10.13035,7.2665,3.55822,3.318083,4.610755E-10,4.610755E-10,2.89237,7.984304
'[19:15:39.532 21/01/2026]',5.62084,0.8098298,3.034328,0.5511015,4.610755E-10,4.610755E-10,-2.180569,-8.539245
'[19:15:39.540 21/01/2026]',5.62084,0.8098298,3.034328,0.5511015,4.610755E-10,4.610755E-10,-2.180569,-8.539245
'[19:15:39.548 21/01/2026]',-2.838704,-4.794192,0.8487499,-0.2340047,4.610755E-10,4.610755E-10,0.8100563,4.383302
'[19:15:39.556 21/01/2026]',-2.838704,-4.794192,0.8487499,-0.2340047,4.610755E-10,4.610755E-10,0.8100563,4.383302
'[19:15:39.564 21/01/2026]',-3.948016,-3.220454,-0.7445076,0.8650486,4.610755E-10,4.610755E-10,2.521506,-13.00405
'[19:15:39.572 21/01/2026]',-3.948016,-3.220454,-0.7445076,0.8650486,4.610755E-10,4.610755E-10,2.521506,-13.00405
'[19:15:39.580 21/01/2026]',-3.948016,-3.220454,-0.7445076,0.8650486,4.610755E-10,4.610755E-10,2.521506,-13.00405
'[19:15:39.588 21/01/2026]',1.216607,4.156436,-4.621202,-4.725379,4.610755E-10,4.610755E-10,-4.208025,16.22618
'[19:15:39.596 21/01/2026]',1.216607,4.156436,-4.621202,-4.725379,4.610755E-10,4.610755E-10,-4.208025,16.22618
'[19:15:39.604 21/01/2026]',1.216607,4.156436,-4.621202,-4.725379,4.610755E-10,4.610755E-10,-4.208025,16.22618
'[19:15:39.612 21/01/2026]',1.216607,4.156436,-4.621202,-4.725379,4.610755E-10,4.610755E-10,-4.208025,16.22618
'[19:15:39.620 21/01/2026]',1.216607,4.156436,-4.621202,-4.725379,4.610755E-10,4.610755E-10,-4.208025,16.22618
'[19:15:39.628 21/01/2026]',0.9431483,-1.350751,3.154191,1.441021,4.610755E-10,4.610755E-10,-0.7694908,-14.73655
'[19:15:39.636 21/01/2026]',-4.902839,1.815819,0.02348129,3.227693,4.610755E-10,4.610755E-10,1.944472,-7.111965
'[19:15:39.644 21/01/2026]',5.935912,1.417683,1.477447,1.267746,4.610755E-10,4.610755E-10,5.756728,32.25341
'[19:15:39.652 21/01/2026]',5.935912,1.417683,1.477447,1.267746,4.610755E-10,4.610755E-10,5.756728,32.25341
'[19:15:39.660 21/01/2026]',0.9689942,-6.457725,-1.101227,-3.605024,4.610755E-10,4.610755E-10,-7.330788,-28.54015
'[19:15:39.668 21/01/2026]',-4.623528,2.823341,-3.323839,-0.8691015,4.610755E-10,4.610755E-10,-2.7466,8.187726
'[19:15:39.676 21/01/2026]',-4.623528,2.823341,-3.323839,-0.8691015,4.610755E-10,4.610755E-10,-2.7466,8.187726
'[19:15:39.684 21/01/2026]',1.051861,1.705994,2.914854,1.685441,4.610755E-10,4.610755E-10,6.614832,32.09898
'[19:15:39.692 21/01/2026]',1.051861,1.705994,2.914854,1.685441,4.610755E-10,4.610755E-10,6.614832,32.09898
'[19:15:39.700 21/01/2026]',1.051861,1.705994,2.914854,1.685441,4.610755E-10,4.610755E-10,6.614832,32.09898
'[19:15:39.708 21/01/2026]',0.2193085,-1.213084,0.8948306,1.734131,4.610755E-10,4.610755E-10,-1.389936,-29.2477
'[19:15:39.716 21/01/2026]',-0.9050863,-1.271681,-1.397058,-2.240762,4.610755E-10,4.610755E-10,-0.9642176,4.384011
'[19:15:39.724 21/01/2026]',-0.9050863,-1.271681,-1.397058,-2.240762,4.610755E-10,4.610755E-10,-0.9642176,4.384011
'[19:15:39.732 21/01/2026]',-0.9050863,-1.271681,-1.397058,-2.240762,4.610755E-10,4.610755E-10,-0.9642176,4.384011
'[19:15:39.740 21/01/2026]',-0.9050863,-1.271681,-1.397058,-2.240762,4.610755E-10,4.610755E-10,-0.9642176,4.384011
'[19:15:39.748 21/01/2026]',-0.363215,-2.555824,-2.638787,-2.936286,4.610755E-10,4.610755E-10,-2.094148,0.4055399
'[19:15:39.756 21/01/2026]',1.367398,6.086639,2.345317,4.498429,4.610755E-10,4.610755E-10,3.22164,5.710233
'[19:15:39.764 21/01/2026]',1.367398,6.086639,2.345317,4.498429,4.610755E-10,4.610755E-10,3.22164,5.710233
'[19:15:39.772 21/01/2026]',-28.73756,-46.90693,-7.506279,-13.72071,4.610755E-10,4.610755E-10,-3.334723,-12.68028
'[19:15:39.780 21/01/2026]',-28.73756,-46.90693,-7.506279,-13.72071,4.610755E-10,4.610755E-10,-3.334723,-12.68028
'[19:15:39.788 21/01/2026]',-28.73756,-46.90693,-7.506279,-13.72071,4.610755E-10,4.610755E-10,-3.334723,-12.68028
'[19:15:39.796 21/01/2026]',-28.73756,-46.90693,-7.506279,-13.72071,4.610755E-10,4.610755E-10,-3.334723,-12.68028
'[19:15:39.804 21/01/2026]',-28.73756,-46.90693,-7.506279,-13.72071,4.610755E-10,4.610755E-10,-3.334723,-12.68028
'[19:15:39.812 21/01/2026]',15.65625,10.43612,1.281894,1.338359,4.610755E-10,4.610755E-10,-4.396669,-17.94803
'[19:15:39.820 21/01/2026]',15.65625,10.43612,1.281894,1.338359,4.610755E-10,4.610755E-10,-4.396669,-17.94803
'[19:15:39.828 21/01/2026]',48.93187,65.60334,18.13802,19.83246,4.610755E-10,4.610755E-10,8.607874,25.85468
'[19:15:39.836 21/01/2026]',-26.65967,-5.528374,-6.99165,0.6673472,4.610755E-10,4.610755E-10,2.832611,-14.16811
'[19:15:39.844 21/01/2026]',-26.65967,-5.528374,-6.99165,0.6673472,4.610755E-10,4.610755E-10,2.832611,-14.16811
'[19:15:39.852 21/01/2026]',-26.65967,-5.528374,-6.99165,0.6673472,4.610755E-10,4.610755E-10,2.832611,-14.16811
'[19:15:39.860 21/01/2026]',-24.36952,-46.51601,-11.27997,-14.77304,4.610755E-10,4.610755E-10,-6.343086,-8.26276
'[19:15:39.868 21/01/2026]',19.68488,16.7598,9.580807,5.420658,4.610755E-10,4.610755E-10,2.651537,13.96998
'[19:15:39.876 21/01/2026]',19.68488,16.7598,9.580807,5.420658,4.610755E-10,4.610755E-10,2.651537,13.96998
'[19:15:39.884 21/01/2026]',3.541669,14.63072,-0.4302128,3.866169,4.610755E-10,4.610755E-10,-0.8630129,5.719423
'[19:15:39.892 21/01/2026]',3.541669,14.63072,-0.4302128,3.866169,4.610755E-10,4.610755E-10,-0.8630129,5.719423
'[19:15:39.900 21/01/2026]',-7.989006,-10.72073,-3.133225,-4.321855,4.610755E-10,4.610755E-10,-0.1614477,-16.12379
'[19:15:39.908 21/01/2026]',-7.989006,-10.72073,-3.133225,-4.321855,4.610755E-10,4.610755E-10,-0.1614477,-16.12379
'[19:15:39.916 21/01/2026]',-2.123491,-6.015298,-1.689015,-1.940063,4.610755E-10,4.610755E-10,-2.338782,5.981965
'[19:15:39.924 21/01/2026]',-2.123491,-6.015298,-1.689015,-1.940063,4.610755E-10,4.610755E-10,-2.338782,5.981965
'[19:15:39.932 21/01/2026]',5.250172,4.753144,4.524601,5.077024,4.610755E-10,4.610755E-10,3.845641,18.64464
'[19:15:39.940 21/01/2026]',5.250172,4.753144,4.524601,5.077024,4.610755E-10,4.610755E-10,3.845641,18.64464
'[19:15:39.948 21/01/2026]',5.250172,4.753144,4.524601,5.077024,4.610755E-10,4.610755E-10,3.845641,18.64464
'[19:15:39.956 21/01/2026]',-2.513998,-18.85965,-0.6651979,-8.404247,4.610755E-10,4.610755E-10,-2.578537,-13.85421
'[19:15:39.964 21/01/2026]',-2.513998,-18.85965,-0.6651979,-8.404247,4.610755E-10,4.610755E-10,-2.578537,-13.85421
'[19:15:39.972 21/01/2026]',-2.513998,-18.85965,-0.6651979,-8.404247,4.610755E-10,4.610755E-10,-2.578537,-13.85421
'[19:15:39.980 21/01/2026]',7.840061,38.44385,0.4059535,10.80921,4.610755E-10,4.610755E-10,-0.7079199,-14.66317
'[19:15:39.988 21/01/2026]',-7.438652,-13.50717,-1.170048,-3.296201,4.610755E-10,4.610755E-10,1.831538,22.6143
'[19:15:39.996 21/01/2026]',-1.621067,-14.05322,-0.6792243,-4.546936,4.610755E-10,4.610755E-10,0.9530869,-2.164543
'[19:15:40.004 21/01/2026]',-1.621067,-14.05322,-0.6792243,-4.546936,4.610755E-10,4.610755E-10,0.9530869,-2.164543
'[19:15:40.012 21/01/2026]',4.523129,11.95444,1.714037,4.243587,4.610755E-10,4.610755E-10,-0.8249095,-20.90613
'[19:15:40.020 21/01/2026]',-19.94644,-27.24928,-10.60777,-12.11737,4.610755E-10,4.610755E-10,-4.687639,-10.7277
'[19:15:40.028 21/01/2026]',19.65259,30.23416,10.66127,12.23044,4.610755E-10,4.610755E-10,4.74671,20.78111
'[19:15:40.036 21/01/2026]',19.65259,30.23416,10.66127,12.23044,4.610755E-10,4.610755E-10,4.74671,20.78111
'[19:15:40.044 21/01/2026]',15.83555,15.95117,7.201046,8.250538,4.610755E-10,4.610755E-10,2.98436,7.253191
'[19:15:40.052 21/01/2026]',-24.71316,-31.71871,-10.60382,-12.87861,4.610755E-10,4.610755E-10,-5.505094,-12.36334
'[19:15:40.060 21/01/2026]',-8.171076,-10.12833,-6.054199,-6.012523,4.610755E-10,4.610755E-10,-1.994305,17.86485
'[19:15:40.068 21/01/2026]',-8.171076,-10.12833,-6.054199,-6.012523,4.610755E-10,4.610755E-10,-1.994305,17.86485
'[19:15:40.076 21/01/2026]',16.99089,23.62091,9.992444,11.94567,4.610755E-10,4.610755E-10,5.298044,-8.040483
'[19:15:40.084 21/01/2026]',16.99089,23.62091,9.992444,11.94567,4.610755E-10,4.610755E-10,5.298044,-8.040483
'[19:15:40.092 21/01/2026]',8.256039,12.56861,4.090041,4.337627,4.610755E-10,4.610755E-10,0.4492376,7.281406
'[19:15:40.100 21/01/2026]',-15.42633,-24.87845,-8.910329,-11.45333,4.610755E-10,4.610755E-10,-5.526254,-0.7443206
'[19:15:40.108 21/01/2026]',-0.4485297,2.747705,-0.4261517,2.46697,4.610755E-10,4.610755E-10,6.177981,-0.7746484
'[19:15:40.116 21/01/2026]',7.429017,8.814228,4.902544,3.489941,4.610755E-10,4.610755E-10,-4.283757,-10.61987
'[19:15:40.124 21/01/2026]',-2.662484,-4.187388,-2.594574,-2.134822,4.610755E-10,4.610755E-10,-0.5827163,-13.70645
'[19:15:40.132 21/01/2026]',-2.595059,-2.750838,-0.5977378,-0.5651101,4.610755E-10,4.610755E-10,4.235524,22.63582
'[19:15:40.140 21/01/2026]',5.106578,4.777548,2.963124,2.226933,4.610755E-10,4.610755E-10,-1.923822,-2.070239
'[19:15:40.148 21/01/2026]',-1.617214,-2.309841,-0.2625978,-1.425001,4.610755E-10,4.610755E-10,1.252178,-28.02415
'[19:15:40.156 21/01/2026]',-3.270666,-2.506113,-3.82631,-1.671904,4.610755E-10,4.610755E-10,-4.567245,6.011569
'[19:15:40.164 21/01/2026]',3.092074,3.992727,3.139997,2.412422,4.610755E-10,4.610755E-10,4.453226,18.0431
'[19:15:40.172 21/01/2026]',3.092074,3.992727,3.139997,2.412422,4.610755E-10,4.610755E-10,4.453226,18.0431
'[19:15:40.180 21/01/2026]',2.248666,-3.24103,0.7657316,0.04333697,4.610755E-10,4.610755E-10,-1.99861,-9.076181
'[19:15:40.188 21/01/2026]',-11.10277,8.077475,-6.413179,1.009534,4.610755E-10,4.610755E-10,2.414068,3.413254
'[19:15:40.196 21/01/2026]',6.739417,1.148887,2.949567,0.2538068,4.610755E-10,4.610755E-10,0.3230538,4.925335
'[19:15:40.204 21/01/2026]',5.800451,-18.23629,3.598896,-6.652379,4.610755E-10,4.610755E-10,-5.484976,-5.781461
'[19:15:40.212 21/01/2026]',-7.523277,10.35871,-1.165648,7.224278,4.610755E-10,4.610755E-10,3.976172,-0.2662289
'[19:15:40.220 21/01/2026]',-2.710021,-1.768304,-5.610706,-4.932961,4.610755E-10,4.610755E-10,-1.572997,-2.944059
'[19:15:40.228 21/01/2026]',1.945582,1.040186,1.153071,-0.4816464,4.610755E-10,4.610755E-10,2.824613,5.777668
'[19:15:40.236 21/01/2026]',4.488053,-1.374499,5.718957,3.696371,4.610755E-10,4.610755E-10,-1.217656,-1.265901
'[19:15:40.244 21/01/2026]',0.0924269,0.7581607,-0.417303,0.3387944,4.610755E-10,4.610755E-10,-0.6450239,-19.80751
'[19:15:40.252 21/01/2026]',-4.743851,1.179005,-5.472921,-1.79337,4.610755E-10,4.610755E-10,0.3207687,11.21069
'[19:15:40.260 21/01/2026]',1.170195,-1.712818,1.735216,-2.506034,4.610755E-10,4.610755E-10,1.42661,3.469082
'[19:15:40.268 21/01/2026]',2.457695,-0.7556314,3.475616,3.98944,4.610755E-10,4.610755E-10,-1.609986,-3.523052
'[19:15:40.276 21/01/2026]',2.457695,-0.7556314,3.475616,3.98944,4.610755E-10,4.610755E-10,-1.609986,-3.523052
'[19:15:40.284 21/01/2026]',2.457695,-0.7556314,3.475616,3.98944,4.610755E-10,4.610755E-10,-1.609986,-3.523052
'[19:15:40.292 21/01/2026]',-1.831569,2.047762,-1.61417,0.1074834,4.610755E-10,4.610755E-10,-0.4146538,2.202269
'[19:15:40.300 21/01/2026]',-1.831569,2.047762,-1.61417,0.1074834,4.610755E-10,4.610755E-10,-0.4146538,2.202269
'[19:15:40.308 21/01/2026]',-0.712918,-2.040546,-2.520025,-4.161335,4.610755E-10,4.610755E-10,1.993596,-20.25754
'[19:15:40.316 21/01/2026]',0.6377712,0.640938,1.892992,3.113295,4.610755E-10,4.610755E-10,-2.412251,39.34375
'[19:15:40.324 21/01/2026]',0.6377712,0.640938,1.892992,3.113295,4.610755E-10,4.610755E-10,-2.412251,39.34375
'[19:15:40.332 21/01/2026]',-1.367532,-2.147965,-1.954911,-3.303123,4.610755E-10,4.610755E-10,-2.23902,-23.16018
'[19:15:40.340 21/01/2026]',-1.367532,-2.147965,-1.954911,-3.303123,4.610755E-10,4.610755E-10,-2.23902,-23.16018
'[19:15:40.348 21/01/2026]',-1.367532,-2.147965,-1.954911,-3.303123,4.610755E-10,4.610755E-10,-2.23902,-23.16018
'[19:15:40.356 21/01/2026]',4.216493,4.422689,4.457313,6.281508,4.610755E-10,4.610755E-10,5.745144,2.356514
'[19:15:40.364 21/01/2026]',4.216493,4.422689,4.457313,6.281508,4.610755E-10,4.610755E-10,5.745144,2.356514
'[19:15:40.372 21/01/2026]',4.847869,5.271348,2.097294,0.243388,4.610755E-10,4.610755E-10,-0.2049295,16.31282
'[19:15:40.380 21/01/2026]',4.847869,5.271348,2.097294,0.243388,4.610755E-10,4.610755E-10,-0.2049295,16.31282
'[19:15:40.388 21/01/2026]',8.208694,5.253085,2.022689,2.46205,4.610755E-10,4.610755E-10,-0.3093949,-4.880852
'[19:15:40.396 21/01/2026]',8.208694,5.253085,2.022689,2.46205,4.610755E-10,4.610755E-10,-0.3093949,-4.880852
'[19:15:40.404 21/01/2026]',8.208694,5.253085,2.022689,2.46205,4.610755E-10,4.610755E-10,-0.3093949,-4.880852
'[19:15:40.412 21/01/2026]',-29.63226,-21.55156,-14.27381,-13.67969,4.610755E-10,4.610755E-10,-8.614123,-17.94387
'[19:15:40.420 21/01/2026]',-29.63226,-21.55156,-14.27381,-13.67969,4.610755E-10,4.610755E-10,-8.614123,-17.94387
'[19:15:40.428 21/01/2026]',-29.63226,-21.55156,-14.27381,-13.67969,4.610755E-10,4.610755E-10,-8.614123,-17.94387
'[19:15:40.436 21/01/2026]',10.3003,5.6109,7.075689,5.585015,4.610755E-10,4.610755E-10,4.84947,24.75828
'[19:15:40.444 21/01/2026]',10.3003,5.6109,7.075689,5.585015,4.610755E-10,4.610755E-10,4.84947,24.75828
'[19:15:40.452 21/01/2026]',13.41941,11.79267,5.541523,8.680327,4.610755E-10,4.610755E-10,6.745482,-11.90949
'[19:15:40.460 21/01/2026]',-16.31135,-14.28809,-11.61202,-14.51902,4.610755E-10,4.610755E-10,-12.54993,-1.89507
'[19:15:40.468 21/01/2026]',-16.31135,-14.28809,-11.61202,-14.51902,4.610755E-10,4.610755E-10,-12.54993,-1.89507
'[19:15:40.476 21/01/2026]',4.596938,3.96232,6.371612,6.722493,4.610755E-10,4.610755E-10,5.572397,16.71297
'[19:15:40.484 21/01/2026]',4.596938,3.96232,6.371612,6.722493,4.610755E-10,4.610755E-10,5.572397,16.71297
'[19:15:40.492 21/01/2026]',2.675583,11.42755,4.020538,6.859534,4.610755E-10,4.610755E-10,8.204477,1.173252
'[19:15:40.500 21/01/2026]',2.675583,11.42755,4.020538,6.859534,4.610755E-10,4.610755E-10,8.204477,1.173252
'[19:15:40.508 21/01/2026]',2.675583,11.42755,4.020538,6.859534,4.610755E-10,4.610755E-10,8.204477,1.173252
'[19:15:40.516 21/01/2026]',2.675583,11.42755,4.020538,6.859534,4.610755E-10,4.610755E-10,8.204477,1.173252
'[19:15:40.524 21/01/2026]',-1.170415,-11.86094,-4.344795,-8.878231,4.610755E-10,4.610755E-10,-9.164258,-23.30174
'[19:15:40.532 21/01/2026]',1.709334,1.778262,0.6898606,1.150981,4.610755E-10,4.610755E-10,-0.07824245,16.58682
'[19:15:40.540 21/01/2026]',1.709334,1.778262,0.6898606,1.150981,4.610755E-10,4.610755E-10,-0.07824245,16.58682
'[19:15:40.548 21/01/2026]',-4.896375,1.822785,-1.689268,0.4949113,4.610755E-10,4.610755E-10,3.979896,-6.604135
'[19:15:40.556 21/01/2026]',-4.896375,1.822785,-1.689268,0.4949113,4.610755E-10,4.610755E-10,3.979896,-6.604135
'[19:15:40.564 21/01/2026]',4.784122,0.3369107,2.670943,1.894631,4.610755E-10,4.610755E-10,-0.4760793,-9.336399
'[19:15:40.572 21/01/2026]',4.784122,0.3369107,2.670943,1.894631,4.610755E-10,4.610755E-10,-0.4760793,-9.336399
'[19:15:40.580 21/01/2026]',0.869925,0.1690358,-0.07446606,-1.552907,4.610755E-10,4.610755E-10,-5.17692,1.189117
'[19:15:40.588 21/01/2026]',0.869925,0.1690358,-0.07446606,-1.552907,4.610755E-10,4.610755E-10,-5.17692,1.189117
'[19:15:40.596 21/01/2026]',-23.70873,-4.717479,-11.40642,-2.835371,4.610755E-10,4.610755E-10,7.798194,6.353091
'[19:15:40.604 21/01/2026]',-23.70873,-4.717479,-11.40642,-2.835371,4.610755E-10,4.610755E-10,7.798194,6.353091
'[19:15:40.612 21/01/2026]',-23.70873,-4.717479,-11.40642,-2.835371,4.610755E-10,4.610755E-10,7.798194,6.353091
'[19:15:40.620 21/01/2026]',-23.70873,-4.717479,-11.40642,-2.835371,4.610755E-10,4.610755E-10,7.798194,6.353091
'[19:15:40.628 21/01/2026]',20.26785,11.93103,10.27886,6.42198,4.610755E-10,4.610755E-10,-1.349891,13.63255
'[19:15:40.636 21/01/2026]',26.37562,-1.218659,14.15869,1.379797,4.610755E-10,4.610755E-10,-4.411934,14.31295
'[19:15:40.644 21/01/2026]',26.37562,-1.218659,14.15869,1.379797,4.610755E-10,4.610755E-10,-4.411934,14.31295
'[19:15:40.652 21/01/2026]',-43.86175,-20.70245,-28.08371,-15.62774,4.610755E-10,4.610755E-10,-8.204779,-44.14362
'[19:15:40.660 21/01/2026]',-43.86175,-20.70245,-28.08371,-15.62774,4.610755E-10,4.610755E-10,-8.204779,-44.14362
'[19:15:40.668 21/01/2026]',11.11972,13.84126,14.92707,10.26349,4.610755E-10,4.610755E-10,10.62232,-44.54766
'[19:15:40.676 21/01/2026]',11.11972,13.84126,14.92707,10.26349,4.610755E-10,4.610755E-10,10.62232,-44.54766
'[19:15:40.684 21/01/2026]',18.39737,10.89156,7.219688,7.340611,4.610755E-10,4.610755E-10,5.759703,97.66923
'[19:15:40.692 21/01/2026]',18.39737,10.89156,7.219688,7.340611,4.610755E-10,4.610755E-10,5.759703,97.66923
'[19:15:40.700 21/01/2026]',18.39737,10.89156,7.219688,7.340611,4.610755E-10,4.610755E-10,5.759703,97.66923
'[19:15:40.708 21/01/2026]',-12.85174,-16.98071,-7.447404,-11.74044,4.610755E-10,4.610755E-10,-11.95534,-23.74067
'[19:15:40.716 21/01/2026]',-1.047079,1.447651,-1.317833,2.204298,4.610755E-10,4.610755E-10,3.290316,-28.17473
'[19:15:40.724 21/01/2026]',-1.047079,1.447651,-1.317833,2.204298,4.610755E-10,4.610755E-10,3.290316,-28.17473
'[19:15:40.732 21/01/2026]',-1.047079,1.447651,-1.317833,2.204298,4.610755E-10,4.610755E-10,3.290316,-28.17473
'[19:15:40.740 21/01/2026]',1.521771,5.053303,-0.6833311,3.362406,4.610755E-10,4.610755E-10,2.325297,-23.92986
'[19:15:40.748 21/01/2026]',1.936281,-0.621093,4.283516,-1.325365,4.610755E-10,4.610755E-10,-1.711356,17.26749
'[19:15:40.756 21/01/2026]',-4.960116,-5.868361,-4.971488,-6.243151,4.610755E-10,4.610755E-10,-3.945154,9.489726
'[19:15:40.764 21/01/2026]',-4.960116,-5.868361,-4.971488,-6.243151,4.610755E-10,4.610755E-10,-3.945154,9.489726
'[19:15:40.772 21/01/2026]',5.229281,8.120261,5.916193,8.434797,4.610755E-10,4.610755E-10,7.14538,18.34703
'[19:15:40.780 21/01/2026]',0.1647558,-1.660564,-0.9711245,-0.5305834,4.610755E-10,4.610755E-10,-3.443112,-13.56064
'[19:15:40.788 21/01/2026]',3.553296,2.186264,1.38775,0.3893842,4.610755E-10,4.610755E-10,1.50926,-3.481147
'[19:15:40.796 21/01/2026]',-8.055372,-6.274673,-2.667044,-3.214764,4.610755E-10,4.610755E-10,-2.788273,-4.160274
'[19:15:40.804 21/01/2026]',-1.870327,-0.04331477,-3.889841,-2.378395,4.610755E-10,4.610755E-10,-0.4209968,13.16837
'[19:15:40.812 21/01/2026]',0.8581638,-0.3269074,-1.660206,-1.114943,4.610755E-10,4.610755E-10,-0.6329983,-4.267007
'[19:15:40.820 21/01/2026]',2.579661,4.657746,8.151158,9.367246,4.610755E-10,4.610755E-10,5.418437,-7.296445
'[19:15:40.828 21/01/2026]',3.566834,-0.2929225,0.4032236,-3.589025,4.610755E-10,4.610755E-10,-1.659431,17.41147
'[19:15:40.836 21/01/2026]',0.7485818,-0.9267713,-1.554319,-0.7622166,4.610755E-10,4.610755E-10,0.3348362,-11.51738
'[19:15:40.844 21/01/2026]',-17.14161,-8.309952,-8.254412,-6.4647,4.610755E-10,4.610755E-10,-4.260306,3.940642
'[19:15:40.852 21/01/2026]',-17.14161,-8.309952,-8.254412,-6.4647,4.610755E-10,4.610755E-10,-4.260306,3.940642
'[19:15:40.860 21/01/2026]',1.594159,-5.790496,2.392261,0.747391,4.610755E-10,4.610755E-10,-0.6396903,-20.88697
'[19:15:40.868 21/01/2026]',40.87297,3.929311,19.17776,10.39223,4.610755E-10,4.610755E-10,6.411996,0.6319243
'[19:15:40.876 21/01/2026]',-23.2684,5.823678,-11.67069,-5.119826,4.610755E-10,4.610755E-10,-3.882118,18.54411
'[19:15:40.884 21/01/2026]',-19.53394,-6.339634,-11.02043,-8.014217,4.610755E-10,4.610755E-10,-3.882534,-20.49945
'[19:15:40.892 21/01/2026]',34.91306,29.46446,16.57355,16.87605,4.610755E-10,4.610755E-10,9.201543,3.220458
'[19:15:40.900 21/01/2026]',-15.30846,-16.89298,-4.600446,-6.549008,4.610755E-10,4.610755E-10,-3.959306,-7.079755
'[19:15:40.908 21/01/2026]',-15.30846,-16.89298,-4.600446,-6.549008,4.610755E-10,4.610755E-10,-3.959306,-7.079755
'[19:15:40.916 21/01/2026]',-19.01892,-13.99667,-11.89751,-8.732981,4.610755E-10,4.610755E-10,-4.693603,24.56533
'[19:15:40.924 21/01/2026]',15.52766,15.89322,9.847474,9.165631,4.610755E-10,4.610755E-10,7.445179,6.706916
'[19:15:40.932 21/01/2026]',2.847636,-3.808436,-1.874565,-2.836674,4.610755E-10,4.610755E-10,-5.882005,-34.63224
'[19:15:40.940 21/01/2026]',-8.168649,-2.61223,-2.006428,-0.7242329,4.610755E-10,4.610755E-10,2.385158,22.51063
'[19:15:40.948 21/01/2026]',-8.168649,-2.61223,-2.006428,-0.7242329,4.610755E-10,4.610755E-10,2.385158,22.51063
'[19:15:40.956 21/01/2026]',1.425293,0.9338881,1.229451,1.305263,4.610755E-10,4.610755E-10,0.664692,15.79685
'[19:15:40.964 21/01/2026]',1.760042,-0.3260754,-0.4060437,-2.30677,4.610755E-10,4.610755E-10,-1.059573,-46.21189
'[19:15:40.972 21/01/2026]',0.3251266,1.281199,0.3412354,1.684559,4.610755E-10,4.610755E-10,-1.873796,45.65144
'[19:15:40.980 21/01/2026]',-3.842485,-5.11156,-2.793433,-5.034921,4.610755E-10,4.610755E-10,0.6506149,-46.88668
'[19:15:40.988 21/01/2026]',4.19986,3.232713,4.070294,4.511125,4.610755E-10,4.610755E-10,1.43529,-5.759624
'[19:15:40.996 21/01/2026]',-1.037513,0.3787101,-0.2074969,0.04229746,4.610755E-10,4.610755E-10,-2.223385,41.76137
'[19:15:41.004 21/01/2026]',-1.037513,0.3787101,-0.2074969,0.04229746,4.610755E-10,4.610755E-10,-2.223385,41.76137
'[19:15:41.012 21/01/2026]',-1.317713,-0.3388997,-2.222571,-1.18041,4.610755E-10,4.610755E-10,2.763812,-22.60428
'[19:15:41.020 21/01/2026]',-1.317713,-0.3388997,-2.222571,-1.18041,4.610755E-10,4.610755E-10,2.763812,-22.60428
'[19:15:41.028 21/01/2026]',1.732266,0.06300475,1.086939,0.5663364,4.610755E-10,4.610755E-10,-3.079439,6.545755
'[19:15:41.036 21/01/2026]',1.732266,0.06300475,1.086939,0.5663364,4.610755E-10,4.610755E-10,-3.079439,6.545755
'[19:15:41.044 21/01/2026]',1.732266,0.06300475,1.086939,0.5663364,4.610755E-10,4.610755E-10,-3.079439,6.545755
'[19:15:41.052 21/01/2026]',-2.271589,-0.5896674,-1.556596,-1.903965,4.610755E-10,4.610755E-10,0.9621062,-18.79181
'[19:15:41.060 21/01/2026]',-2.271589,-0.5896674,-1.556596,-1.903965,4.610755E-10,4.610755E-10,0.9621062,-18.79181
'[19:15:41.068 21/01/2026]',0.9930891,0.04194377,3.140688,2.131521,4.610755E-10,4.610755E-10,0.01315105,29.63385
'[19:15:41.076 21/01/2026]',-0.40525,-1.056378,-2.728067,-0.7883078,4.610755E-10,4.610755E-10,-0.7470213,1.898995
'[19:15:41.084 21/01/2026]',-0.40525,-1.056378,-2.728067,-0.7883078,4.610755E-10,4.610755E-10,-0.7470213,1.898995
'[19:15:41.092 21/01/2026]',-0.40525,-1.056378,-2.728067,-0.7883078,4.610755E-10,4.610755E-10,-0.7470213,1.898995
'[19:15:41.100 21/01/2026]',-0.40525,-1.056378,-2.728067,-0.7883078,4.610755E-10,4.610755E-10,-0.7470213,1.898995
'[19:15:41.108 21/01/2026]',-0.40525,-1.056378,-2.728067,-0.7883078,4.610755E-10,4.610755E-10,-0.7470213,1.898995
'[19:15:41.116 21/01/2026]',-0.40525,-1.056378,-2.728067,-0.7883078,4.610755E-10,4.610755E-10,-0.7470213,1.898995
'[19:15:41.124 21/01/2026]',0.8058476,1.89132,0.240053,0.5559388,4.610755E-10,4.610755E-10,2.918357,-1.650043
'[19:15:41.132 21/01/2026]',0.7962365,1.227424,1.198645,0.1538968,4.610755E-10,4.610755E-10,-2.699339,-4.043103
'[19:15:41.140 21/01/2026]',-0.7256704,-3.008253,0.6949068,-0.9359202,4.610755E-10,4.610755E-10,0.1399446,-6.876973
'[19:15:41.148 21/01/2026]',-0.7256704,-3.008253,0.6949068,-0.9359202,4.610755E-10,4.610755E-10,0.1399446,-6.876973
'[19:15:41.156 21/01/2026]',-3.337759,-3.292368,-5.924282,-3.846171,4.610755E-10,4.610755E-10,-4.075203,3.70458
'[19:15:41.164 21/01/2026]',-34.19186,-4.713564,-10.60915,-1.792262,4.610755E-10,4.610755E-10,8.349426,-43.92234
'[19:15:41.172 21/01/2026]',-34.19186,-4.713564,-10.60915,-1.792262,4.610755E-10,4.610755E-10,8.349426,-43.92234
'[19:15:41.180 21/01/2026]',-34.19186,-4.713564,-10.60915,-1.792262,4.610755E-10,4.610755E-10,8.349426,-43.92234
'[19:15:41.188 21/01/2026]',25.00742,12.46684,9.473614,4.532607,4.610755E-10,4.610755E-10,-3.866403,22.80947
'[19:15:41.196 21/01/2026]',25.00742,12.46684,9.473614,4.532607,4.610755E-10,4.610755E-10,-3.866403,22.80947
'[19:15:41.204 21/01/2026]',25.00742,12.46684,9.473614,4.532607,4.610755E-10,4.610755E-10,-3.866403,22.80947
'[19:15:41.212 21/01/2026]',25.00742,12.46684,9.473614,4.532607,4.610755E-10,4.610755E-10,-3.866403,22.80947
'[19:15:41.220 21/01/2026]',54.86586,14.78986,22.65467,10.31719,4.610755E-10,4.610755E-10,-2.317957,133.7403
'[19:15:41.228 21/01/2026]',-49.46428,-29.18194,-17.96553,-12.19345,4.610755E-10,4.610755E-10,-0.1650215,-137.9978
'[19:15:41.236 21/01/2026]',-49.46428,-29.18194,-17.96553,-12.19345,4.610755E-10,4.610755E-10,-0.1650215,-137.9978
'[19:15:41.244 21/01/2026]',-9.028976,7.153554,-6.075851,1.395389,4.610755E-10,4.610755E-10,4.722664,-13.03962
'[19:15:41.252 21/01/2026]',21.26137,7.535786,8.445267,1.601235,4.610755E-10,4.610755E-10,-5.655794,48.62668
'[19:15:41.260 21/01/2026]',21.26137,7.535786,8.445267,1.601235,4.610755E-10,4.610755E-10,-5.655794,48.62668
'[19:15:41.268 21/01/2026]',21.26137,7.535786,8.445267,1.601235,4.610755E-10,4.610755E-10,-5.655794,48.62668
'[19:15:41.276 21/01/2026]',21.26137,7.535786,8.445267,1.601235,4.610755E-10,4.610755E-10,-5.655794,48.62668
'[19:15:41.284 21/01/2026]',21.26137,7.535786,8.445267,1.601235,4.610755E-10,4.610755E-10,-5.655794,48.62668
'[19:15:41.292 21/01/2026]',-9.741762,-7.213714,-5.697735,-2.561959,4.610755E-10,4.610755E-10,1.51695,-14.92966
'[19:15:41.300 21/01/2026]',5.440187,4.409496,6.844442,5.831172,4.610755E-10,4.610755E-10,4.967692,11.78893
'[19:15:41.308 21/01/2026]',-1.402081,-6.226611,-4.305973,-6.648586,4.610755E-10,4.610755E-10,-6.420289,-9.995241
'[19:15:41.316 21/01/2026]',-2.208756,3.408316,-0.5660182,3.773011,4.610755E-10,4.610755E-10,1.769523,21.33212
'[19:15:41.324 21/01/2026]',-2.208756,3.408316,-0.5660182,3.773011,4.610755E-10,4.610755E-10,1.769523,21.33212
'[19:15:41.332 21/01/2026]',-2.208756,3.408316,-0.5660182,3.773011,4.610755E-10,4.610755E-10,1.769523,21.33212
'[19:15:41.340 21/01/2026]',2.825986,2.719222,3.917926,0.5835873,4.610755E-10,4.610755E-10,4.193992,1.219579
'[19:15:41.348 21/01/2026]',2.825986,2.719222,3.917926,0.5835873,4.610755E-10,4.610755E-10,4.193992,1.219579
'[19:15:41.356 21/01/2026]',-1.067896,-4.974351,-4.100785,-2.512996,4.610755E-10,4.610755E-10,-6.534898,-29.42289
