'Time and date','Fp1.','Fp2.','C3.','C4.','P3.','P4.','O1.','O2.'
'hh:mm:ss.mmm dd/mm/yyyy','uV','uV','uV','uV','uV','uV','uV','uV'
'[19:08:00.000 20/01/2026]',-14.11046,25.03099,6.49716,13.56165,4.610755E-10,4.610755E-10,-2.855111,1.360322
'[19:08:00.004 20/01/2026]',11.2148,-2.589546,-5.407115,-37.64365,4.610755E-10,4.610755E-10,-1.838855,-20.92699
'[19:08:00.012 20/01/2026]',-8.169209,-8.830463,-0.7435216,25.04138,4.610755E-10,4.610755E-10,-3.956224,15.65382
'[19:08:00.020 20/01/2026]',18.64932,14.75039,16.10991,13.42247,4.610755E-10,4.610755E-10,19.01066,16.1907
'[19:08:00.028 20/01/2026]',-23.26916,-9.615922,-17.99506,-33.33176,4.610755E-10,4.610755E-10,-22.15895,-34.29398
'[19:08:00.036 20/01/2026]',10.04257,-1.495319,2.174783,23.31652,4.610755E-10,4.610755E-10,5.54108,18.25854
'[19:08:00.044 20/01/2026]',19.34291,3.576787,7.215394,2.501428,4.610755E-10,4.610755E-10,10.87063,12.99799
'[19:08:00.052 20/01/2026]',-28.38981,-5.312944,-8.13896,-18.63848,4.610755E-10,4.610755E-10,-10.09376,-22.38414
'[19:08:00.060 20/01/2026]',-2.711253,-0.4725809,1.66489,11.86396,4.610755E-10,4.610755E-10,-3.993846,-0.5844319
'[19:08:00.068 20/01/2026]',-2.14916,-9.567011,-9.430707,-6.825014,4.610755E-10,4.610755E-10,10.20599,16.79102
'[19:08:00.076 20/01/2026]',25.65598,29.36885,17.85337,6.940598,4.610755E-10,4.610755E-10,-0.7511229,-3.720456
'[19:08:00.084 20/01/2026]',23.73945,5.768266,8.674726,24.16512,4.610755E-10,4.610755E-10,0.1133808,5.95195
'[19:08:00.092 20/01/2026]',-31.25899,-33.246,-20.80424,-38.95099,4.610755E-10,4.610755E-10,-6.629235,-18.40675
'[19:08:00.100 20/01/2026]',-18.22406,10.74092,3.178127,7.932683,4.610755E-10,4.610755E-10,3.817122,5.131663
'[19:08:00.108 20/01/2026]',13.44119,8.689752,6.700342,19.74823,4.610755E-10,4.610755E-10,0.5885689,14.8251
'[19:08:00.116 20/01/2026]',16.95932,-6.035615,-3.990269,-18.02728,4.610755E-10,4.610755E-10,-0.7958226,-17.86901
'[19:08:00.124 20/01/2026]',-3.887122,-1.905559,1.080943,6.922236,4.610755E-10,4.610755E-10,1.238893,7.813717
'[19:08:00.132 20/01/2026]',-26.78429,-2.538992,-3.817663,-3.766116,4.610755E-10,4.610755E-10,-4.871534,3.309821
'[19:08:00.140 20/01/2026]',22.47584,2.961211,0.8658803,-3.13671,4.610755E-10,4.610755E-10,1.449765,-7.807966
'[19:08:00.148 20/01/2026]',-5.963611,3.88133,3.476749,5.551145,4.610755E-10,4.610755E-10,3.790148,4.189588
'[19:08:00.156 20/01/2026]',-3.042967,-6.473552,-3.998765,-2.997036,4.610755E-10,4.610755E-10,-5.765724,-3.560174
'[19:08:00.164 20/01/2026]',4.781883,-2.196312,-2.339806,3.553903,4.610755E-10,4.610755E-10,-3.583305,7.256974
'[19:08:00.172 20/01/2026]',-4.256578,12.66006,8.19231,-5.409602,4.610755E-10,4.610755E-10,15.28624,-7.890642
'[19:08:00.180 20/01/2026]',10.91428,-6.008444,-3.742501,9.195815,4.610755E-10,4.610755E-10,-8.94458,9.088169
'[19:08:00.188 20/01/2026]',-21.32444,-9.783607,-5.063837,-10.18108,4.610755E-10,4.610755E-10,-6.463726,-9.435476
'[19:08:00.196 20/01/2026]',9.413153,2.770226,0.8134606,-0.5041724,4.610755E-10,4.610755E-10,6.603327,-0.6616703
'[19:08:00.204 20/01/2026]',19.31719,9.448493,6.064404,12.69529,4.610755E-10,4.610755E-10,1.702058,14.59659
'[19:08:00.212 20/01/2026]',1.287674,3.767781,5.749482,-1.091167,4.610755E-10,4.610755E-10,6.35443,-3.760264
'[19:08:00.220 20/01/2026]',-46.84121,-20.80676,-19.73786,-19.40422,4.610755E-10,4.610755E-10,-20.62729,-22.37588
'[19:08:00.228 20/01/2026]',29.32248,9.989028,8.996183,14.53082,4.610755E-10,4.610755E-10,12.36077,22.16045
'[19:08:00.236 20/01/2026]',14.8607,5.540857,4.418061,3.364353,4.610755E-10,4.610755E-10,5.748749,0.1513372
'[19:08:00.244 20/01/2026]',-24.27308,-2.640223,-1.967262,-9.307666,4.610755E-10,4.610755E-10,-6.840728,-10.58706
'[19:08:00.252 20/01/2026]',7.992023,-5.179247,-3.892916,1.831617,4.610755E-10,4.610755E-10,-3.032275,0.7883476
'[19:08:00.260 20/01/2026]',-6.450714,-0.5417103,0.07624882,-2.058311,4.610755E-10,4.610755E-10,1.102888,-1.450525
'[19:08:00.268 20/01/2026]',-3.807623,3.102641,1.748031,-0.3830589,4.610755E-10,4.610755E-10,3.492878,4.859328
'[19:08:00.276 20/01/2026]',-3.807623,3.102641,1.748031,-0.3830589,4.610755E-10,4.610755E-10,3.492878,4.859328
'[19:08:00.284 20/01/2026]',-3.807623,3.102641,1.748031,-0.3830589,4.610755E-10,4.610755E-10,3.492878,4.859328
'[19:08:00.292 20/01/2026]',20.03485,6.177565,7.017354,9.780568,4.610755E-10,4.610755E-10,4.912678,4.709717
'[19:08:00.300 20/01/2026]',-7.693103,-9.546498,-8.813939,-8.038162,4.610755E-10,4.610755E-10,-10.91398,-11.06833
'[19:08:00.308 20/01/2026]',0.5272374,6.490362,5.106322,5.928698,4.610755E-10,4.610755E-10,9.991202,11.292
'[19:08:00.316 20/01/2026]',-2.426773,-2.597116,-3.105319,-5.769044,4.610755E-10,4.610755E-10,-4.188645,-4.75884
'[19:08:00.324 20/01/2026]',-8.611022,-10.5246,-9.39462,-6.443427,4.610755E-10,4.610755E-10,-12.80574,-9.052871
'[19:08:00.332 20/01/2026]',-8.611022,-10.5246,-9.39462,-6.443427,4.610755E-10,4.610755E-10,-12.80574,-9.052871
'[19:08:00.340 20/01/2026]',7.867386,20.66843,19.76879,15.88375,4.610755E-10,4.610755E-10,22.75405,12.72197
'[19:08:00.348 20/01/2026]',7.867386,20.66843,19.76879,15.88375,4.610755E-10,4.610755E-10,22.75405,12.72197
'[19:08:00.356 20/01/2026]',9.504023,-11.96751,-10.07623,-10.80216,4.610755E-10,4.610755E-10,-12.28046,-5.178513
'[19:08:00.364 20/01/2026]',9.504023,-11.96751,-10.07623,-10.80216,4.610755E-10,4.610755E-10,-12.28046,-5.178513
'[19:08:00.372 20/01/2026]',9.504023,-11.96751,-10.07623,-10.80216,4.610755E-10,4.610755E-10,-12.28046,-5.178513
'[19:08:00.380 20/01/2026]',-10.72188,-1.53888,-0.3121222,12.41673,4.610755E-10,4.610755E-10,-1.471369,11.71933
'[19:08:00.388 20/01/2026]',-10.72188,-1.53888,-0.3121222,12.41673,4.610755E-10,4.610755E-10,-1.471369,11.71933
'[19:08:00.396 20/01/2026]',-10.72188,-1.53888,-0.3121222,12.41673,4.610755E-10,4.610755E-10,-1.471369,11.71933
'[19:08:00.404 20/01/2026]',-10.72188,-1.53888,-0.3121222,12.41673,4.610755E-10,4.610755E-10,-1.471369,11.71933
'[19:08:00.412 20/01/2026]',-10.59825,2.242693,-1.143637,-24.57943,4.610755E-10,4.610755E-10,5.287566,-27.24925
'[19:08:00.420 20/01/2026]',14.82825,2.44061,3.000947,21.52359,4.610755E-10,4.610755E-10,-2.627811,19.10077
'[19:08:00.428 20/01/2026]',-4.44838,-2.752038,-3.018429,-4.995009,4.610755E-10,4.610755E-10,0.8609736,4.891023
'[19:08:00.436 20/01/2026]',-4.44838,-2.752038,-3.018429,-4.995009,4.610755E-10,4.610755E-10,0.8609736,4.891023
'[19:08:00.444 20/01/2026]',-4.44838,-2.752038,-3.018429,-4.995009,4.610755E-10,4.610755E-10,0.8609736,4.891023
'[19:08:00.452 20/01/2026]',-4.44838,-2.752038,-3.018429,-4.995009,4.610755E-10,4.610755E-10,0.8609736,4.891023
'[19:08:00.460 20/01/2026]',-14.96344,-4.494504,-3.777915,-16.72198,4.610755E-10,4.610755E-10,-3.351114,-18.44462
'[19:08:00.468 20/01/2026]',30.75031,4.665517,7.71563,25.0623,4.610755E-10,4.610755E-10,1.427257,13.49344
'[19:08:00.476 20/01/2026]',30.75031,4.665517,7.71563,25.0623,4.610755E-10,4.610755E-10,1.427257,13.49344
'[19:08:00.484 20/01/2026]',-7.245431,-3.392488,-6.024945,-11.40952,4.610755E-10,4.610755E-10,-0.6793938,-0.6003554
'[19:08:00.492 20/01/2026]',-7.245431,-3.392488,-6.024945,-11.40952,4.610755E-10,4.610755E-10,-0.6793938,-0.6003554
'[19:08:00.500 20/01/2026]',-17.29925,0.9260467,0.8019575,-8.927427,4.610755E-10,4.610755E-10,1.180206,-7.887268
'[19:08:00.508 20/01/2026]',-17.29925,0.9260467,0.8019575,-8.927427,4.610755E-10,4.610755E-10,1.180206,-7.887268
'[19:08:00.516 20/01/2026]',14.47468,2.519342,5.207726,19.49018,4.610755E-10,4.610755E-10,1.210979,7.135023
'[19:08:00.524 20/01/2026]',14.47468,2.519342,5.207726,19.49018,4.610755E-10,4.610755E-10,1.210979,7.135023
'[19:08:00.532 20/01/2026]',-6.663272,0.8081234,-0.8031248,-4.988342,4.610755E-10,4.610755E-10,1.072117,-0.1152276
'[19:08:00.540 20/01/2026]',6.109467,-2.80458,-2.414806,-11.14026,4.610755E-10,4.610755E-10,-0.4023883,-5.103991
'[19:08:00.548 20/01/2026]',6.259795,8.291508,6.957593,18.60314,4.610755E-10,4.610755E-10,3.933652,15.22012
'[19:08:00.556 20/01/2026]',-12.57885,-4.471286,-5.632671,-12.89467,4.610755E-10,4.610755E-10,-2.889784,-12.54767
'[19:08:00.564 20/01/2026]',6.485247,-7.041562,-3.74063,-3.01929,4.610755E-10,4.610755E-10,-6.33297,-6.007153
'[19:08:00.572 20/01/2026]',1.862253,9.08569,7.072186,14.36139,4.610755E-10,4.610755E-10,9.269884,19.89831
'[19:08:00.580 20/01/2026]',-7.276466,-2.483694,-2.131382,-16.31805,4.610755E-10,4.610755E-10,-2.862177,-17.40108
'[19:08:00.588 20/01/2026]',-0.1683056,-4.027814,-4.979262,7.402079,4.610755E-10,4.610755E-10,-6.512189,0.2958898
'[19:08:00.596 20/01/2026]',1.575007,2.581331,3.194752,-1.519789,4.610755E-10,4.610755E-10,4.392229,5.437312
'[19:08:00.604 20/01/2026]',5.202549,4.971869,1.396782,-2.505477,4.610755E-10,4.610755E-10,2.263281,-2.150469
'[19:08:00.612 20/01/2026]',-11.94052,-7.584171,-1.870189,5.242621,4.610755E-10,4.610755E-10,-2.424163,-0.4515484
'[19:08:00.620 20/01/2026]',19.56719,-0.03892402,-0.1216667,-5.597877,4.610755E-10,4.610755E-10,-1.804845,-0.3470487
'[19:08:00.628 20/01/2026]',-22.90624,5.035213,1.738552,4.684732,4.610755E-10,4.610755E-10,1.47756,0.7115139
'[19:08:00.636 20/01/2026]',-0.8321623,-4.818554,-3.10979,-10.84488,4.610755E-10,4.610755E-10,0.05814158,-9.320083
'[19:08:00.644 20/01/2026]',18.44039,2.164351,2.560795,12.16082,4.610755E-10,4.610755E-10,-0.06162257,13.41718
'[19:08:00.652 20/01/2026]',-9.373575,-4.401227,-2.970884,-2.486142,4.610755E-10,4.610755E-10,-1.308812,-2.063593
'[19:08:00.660 20/01/2026]',-9.170985,-0.8682222,-5.289979,-15.19499,4.610755E-10,4.610755E-10,-7.64808,-14.36003
'[19:08:00.668 20/01/2026]',12.34276,10.80906,13.1045,18.19521,4.610755E-10,4.610755E-10,16.13296,13.21348
'[19:08:00.676 20/01/2026]',11.88958,-3.779858,-1.773351,7.85146,4.610755E-10,4.610755E-10,-5.733251,9.142475
'[19:08:00.684 20/01/2026]',-22.50435,-12.99427,-14.58132,-27.06841,4.610755E-10,4.610755E-10,-13.8316,-23.44591
'[19:08:00.692 20/01/2026]',2.119387,10.03509,10.79614,9.580084,4.610755E-10,4.610755E-10,11.83334,3.283343
'[19:08:00.700 20/01/2026]',17.4691,8.444267,7.442084,17.90065,4.610755E-10,4.610755E-10,9.805286,23.1274
'[19:08:00.708 20/01/2026]',-8.732473,-19.13405,-17.09142,-18.5296,4.610755E-10,4.610755E-10,-20.82871,-16.8699
'[19:08:00.716 20/01/2026]',-15.15227,3.595146,2.892746,-6.180061,4.610755E-10,4.610755E-10,3.682627,-15.35514
'[19:08:00.724 20/01/2026]',19.70128,15.83218,12.05498,18.70385,4.610755E-10,4.610755E-10,15.93842,26.10832
'[19:08:00.732 20/01/2026]',0.6391711,-17.71459,-11.45013,-4.463639,4.610755E-10,4.610755E-10,-14.82937,-4.031745
'[19:08:00.740 20/01/2026]',-5.992839,8.620491,6.647005,-8.904178,4.610755E-10,4.610755E-10,4.781582,-11.43417
'[19:08:00.748 20/01/2026]',-10.96468,1.045664,-2.47045,9.482789,4.610755E-10,4.610755E-10,2.396782,12.4439
'[19:08:00.756 20/01/2026]',24.25702,-6.332402,-0.09308217,-1.250267,4.610755E-10,4.610755E-10,-3.495385,-4.199366
'[19:08:00.764 20/01/2026]',-11.67566,8.1785,4.831673,-1.083989,4.610755E-10,4.610755E-10,3.421447,-6.734352
'[19:08:00.772 20/01/2026]',-2.243087,1.92983,-0.9451075,2.808764,4.610755E-10,4.610755E-10,0.5195352,12.87645
'[19:08:00.780 20/01/2026]',12.33373,-10.29768,-8.208692,-6.256528,4.610755E-10,4.610755E-10,-5.287232,-5.677272
'[19:08:00.788 20/01/2026]',-5.830663,3.833594,7.710771,8.451967,4.610755E-10,4.610755E-10,1.854063,3.080344
'[19:08:00.796 20/01/2026]',-3.251418,13.74007,7.290732,1.354211,4.610755E-10,4.610755E-10,11.1848,-2.593556
'[19:08:00.804 20/01/2026]',-7.604075,-8.923298,-7.511637,-8.427591,4.610755E-10,4.610755E-10,-4.592309,-0.1937191
'[19:08:00.812 20/01/2026]',11.84624,-5.574889,-1.634712,4.696481,4.610755E-10,4.610755E-10,-10.58738,0.4084975
'[19:08:00.820 20/01/2026]',-0.6443173,6.790584,4.898079,-1.61932,4.610755E-10,4.610755E-10,10.59237,-1.25784
'[19:08:00.828 20/01/2026]',-0.6264091,7.207613,4.023214,8.316658,4.610755E-10,4.610755E-10,2.920713,10.85661
'[19:08:00.836 20/01/2026]',9.862531,-7.627507,-3.800439,-4.380488,4.610755E-10,4.610755E-10,-3.484017,-8.083842
'[19:08:00.844 20/01/2026]',9.862531,-7.627507,-3.800439,-4.380488,4.610755E-10,4.610755E-10,-3.484017,-8.083842
'[19:08:00.852 20/01/2026]',9.862531,-7.627507,-3.800439,-4.380488,4.610755E-10,4.610755E-10,-3.484017,-8.083842
'[19:08:00.860 20/01/2026]',-33.9977,-16.88864,-13.9557,-14.11356,4.610755E-10,4.610755E-10,-13.23114,-11.33495
'[19:08:00.868 20/01/2026]',16.74899,22.92868,12.96325,7.256187,4.610755E-10,4.610755E-10,8.590363,4.56808
'[19:08:00.876 20/01/2026]',23.76306,0.3513222,4.128016,11.87601,4.610755E-10,4.610755E-10,5.542912,12.30059
'[19:08:00.884 20/01/2026]',-17.25936,-2.19977,1.685851,-1.316352,4.610755E-10,4.610755E-10,5.507185,1.647233
'[19:08:00.892 20/01/2026]',-17.25936,-2.19977,1.685851,-1.316352,4.610755E-10,4.610755E-10,5.507185,1.647233
'[19:08:00.900 20/01/2026]',-14.30305,-5.483303,-7.898095,-12.29605,4.610755E-10,4.610755E-10,-13.23473,-16.17218
'[19:08:00.908 20/01/2026]',-14.30305,-5.483303,-7.898095,-12.29605,4.610755E-10,4.610755E-10,-13.23473,-16.17218
'[19:08:00.916 20/01/2026]',-14.30305,-5.483303,-7.898095,-12.29605,4.610755E-10,4.610755E-10,-13.23473,-16.17218
'[19:08:00.924 20/01/2026]',-14.30305,-5.483303,-7.898095,-12.29605,4.610755E-10,4.610755E-10,-13.23473,-16.17218
'[19:08:00.932 20/01/2026]',17.18068,3.591588,1.976179,9.428945,4.610755E-10,4.610755E-10,5.35068,9.70931
'[19:08:00.940 20/01/2026]',17.18068,3.591588,1.976179,9.428945,4.610755E-10,4.610755E-10,5.35068,9.70931
'[19:08:00.948 20/01/2026]',-0.3182951,0.1312325,1.265656,-2.882978,4.610755E-10,4.610755E-10,0.1755152,2.499078
'[19:08:00.956 20/01/2026]',-0.3182951,0.1312325,1.265656,-2.882978,4.610755E-10,4.610755E-10,0.1755152,2.499078
'[19:08:00.964 20/01/2026]',-0.3182951,0.1312325,1.265656,-2.882978,4.610755E-10,4.610755E-10,0.1755152,2.499078
'[19:08:00.972 20/01/2026]',-12.53571,1.62717,1.469931,-2.340338,4.610755E-10,4.610755E-10,0.4226634,-8.276145
'[19:08:00.980 20/01/2026]',3.535708,-5.708519,-5.107211,2.194555,4.610755E-10,4.610755E-10,-3.064238,0.7705018
'[19:08:00.988 20/01/2026]',6.552792,4.145327,5.422621,1.370369,4.610755E-10,4.610755E-10,3.911981,7.540358
'[19:08:00.996 20/01/2026]',6.552792,4.145327,5.422621,1.370369,4.610755E-10,4.610755E-10,3.911981,7.540358
'[19:08:01.004 20/01/2026]',-4.321352,0.6836186,-0.9318712,-2.452683,4.610755E-10,4.610755E-10,-1.594121,-7.611158
'[19:08:01.012 20/01/2026]',-4.321352,0.6836186,-0.9318712,-2.452683,4.610755E-10,4.610755E-10,-1.594121,-7.611158
'[19:08:01.020 20/01/2026]',3.988378,2.905021,0.02948885,5.106286,4.610755E-10,4.610755E-10,2.935915,11.62207
'[19:08:01.028 20/01/2026]',3.988378,2.905021,0.02948885,5.106286,4.610755E-10,4.610755E-10,2.935915,11.62207
'[19:08:01.036 20/01/2026]',-4.766484,-11.83532,-13.28977,-20.1398,4.610755E-10,4.610755E-10,-12.84245,-22.55925
'[19:08:01.044 20/01/2026]',-4.766484,-11.83532,-13.28977,-20.1398,4.610755E-10,4.610755E-10,-12.84245,-22.55925
'[19:08:01.052 20/01/2026]',-4.766484,-11.83532,-13.28977,-20.1398,4.610755E-10,4.610755E-10,-12.84245,-22.55925
'[19:08:01.060 20/01/2026]',17.66457,19.31536,25.59474,36.50142,4.610755E-10,4.610755E-10,20.40357,30.56745
'[19:08:01.068 20/01/2026]',17.66457,19.31536,25.59474,36.50142,4.610755E-10,4.610755E-10,20.40357,30.56745
'[19:08:01.076 20/01/2026]',-18.72388,-10.48214,-7.971219,-20.86909,4.610755E-10,4.610755E-10,-5.074651,-13.17782
'[19:08:01.084 20/01/2026]',-18.72388,-10.48214,-7.971219,-20.86909,4.610755E-10,4.610755E-10,-5.074651,-13.17782
'[19:08:01.092 20/01/2026]',-13.31861,-7.689964,-16.21509,-17.38955,4.610755E-10,4.610755E-10,-17.07675,-22.38809
'[19:08:01.100 20/01/2026]',-13.31861,-7.689964,-16.21509,-17.38955,4.610755E-10,4.610755E-10,-17.07675,-22.38809
'[19:08:01.108 20/01/2026]',27.41902,4.782423,8.479075,25.58006,4.610755E-10,4.610755E-10,10.20661,23.75852
'[19:08:01.116 20/01/2026]',27.41902,4.782423,8.479075,25.58006,4.610755E-10,4.610755E-10,10.20661,23.75852
'[19:08:01.124 20/01/2026]',-15.41835,0.6178512,2.662696,-14.93353,4.610755E-10,4.610755E-10,3.557772,-6.243205
'[19:08:01.132 20/01/2026]',-4.560966,1.466317,-0.7444057,3.122919,4.610755E-10,4.610755E-10,-6.840593,-0.3211843
'[19:08:01.140 20/01/2026]',12.74113,-4.821842,-2.202775,0.6881686,4.610755E-10,4.610755E-10,3.01805,-6.538562
'[19:08:01.148 20/01/2026]',-13.37614,-4.511447,-2.821704,4.637422,4.610755E-10,4.610755E-10,0.008872254,11.45737
'[19:08:01.156 20/01/2026]',-5.434866,-10.712,-1.866031,-7.475051,4.610755E-10,4.610755E-10,1.159223,-0.2122482
'[19:08:01.164 20/01/2026]',9.150856,24.71102,2.350595,-5.991485,4.610755E-10,4.610755E-10,-8.618952,-17.69657
'[19:08:01.172 20/01/2026]',41.66722,29.19193,20.77257,23.45803,4.610755E-10,4.610755E-10,11.71895,18.11414
'[19:08:01.180 20/01/2026]',-33.69934,-52.34886,-25.35942,-13.37538,4.610755E-10,4.610755E-10,-11.40389,-5.788341
'[19:08:01.188 20/01/2026]',-10.71964,12.53822,9.327099,-2.830524,4.610755E-10,4.610755E-10,17.23636,6.510399
'[19:08:01.196 20/01/2026]',8.237913,13.93114,3.171953,5.928029,4.610755E-10,4.610755E-10,-9.301406,-3.997392
'[19:08:01.204 20/01/2026]',3.815241,-10.22424,-6.615628,-2.860346,4.610755E-10,4.610755E-10,-8.664868,-6.581748
'[19:08:01.212 20/01/2026]',16.35584,8.312176,14.43243,11.6798,4.610755E-10,4.610755E-10,24.60064,21.18956
'[19:08:01.220 20/01/2026]',-36.8957,-17.09827,-21.90675,-23.35522,4.610755E-10,4.610755E-10,-27.68296,-28.63884
'[19:08:01.228 20/01/2026]',17.67231,14.6453,12.37393,12.96541,4.610755E-10,4.610755E-10,10.1558,9.542422
'[19:08:01.236 20/01/2026]',9.877937,-0.2289014,5.365953,7.812937,4.610755E-10,4.610755E-10,10.40702,13.28019
'[19:08:01.244 20/01/2026]',-15.15756,-10.51867,-12.56381,-15.26588,4.610755E-10,4.610755E-10,-6.04825,-13.32746
'[19:08:01.252 20/01/2026]',25.49933,17.94781,12.99447,20.75239,4.610755E-10,4.610755E-10,-6.739663,11.81264
'[19:08:01.260 20/01/2026]',-12.02622,-5.213435,-5.55914,-4.827312,4.610755E-10,4.610755E-10,11.04986,-1.693812
'[19:08:01.268 20/01/2026]',-23.1202,-15.08567,-2.804274,-24.96116,4.610755E-10,4.610755E-10,1.949318,-15.45385
'[19:08:01.276 20/01/2026]',17.71949,10.52552,3.300902,28.69424,4.610755E-10,4.610755E-10,-15.66804,13.80732
'[19:08:01.284 20/01/2026]',9.504292,0.1905103,-3.85356,-8.769424,4.610755E-10,4.610755E-10,6.840791,-0.7313071
'[19:08:01.292 20/01/2026]',-18.03018,-11.12329,-4.037053,-14.93882,4.610755E-10,4.610755E-10,1.835881,-6.500427
'[19:08:01.300 20/01/2026]',14.45663,15.32436,13.33993,17.4501,4.610755E-10,4.610755E-10,5.651877,1.486698
'[19:08:01.308 20/01/2026]',-4.584194,-0.677674,-2.517732,7.145651,4.610755E-10,4.610755E-10,-11.61976,9.706892
'[19:08:01.316 20/01/2026]',6.51719,-9.645338,-9.206384,-16.67049,4.610755E-10,4.610755E-10,10.46938,-7.464876
'[19:08:01.324 20/01/2026]',-17.48393,-1.783986,-2.382775,-6.472093,4.610755E-10,4.610755E-10,-8.347327,-11.51654
'[19:08:01.332 20/01/2026]',18.58899,13.19722,12.54348,24.6445,4.610755E-10,4.610755E-10,1.084537,22.51199
'[19:08:01.340 20/01/2026]',-0.05523177,-13.02876,-6.683934,-10.2819,4.610755E-10,4.610755E-10,2.406018,-11.49012
'[19:08:01.348 20/01/2026]',-13.82595,3.115725,-4.524234,-14.39756,4.610755E-10,4.610755E-10,1.245374,-6.420158
'[19:08:01.356 20/01/2026]',-2.738695,3.410693,0.6403212,11.51585,4.610755E-10,4.610755E-10,-4.208063,12.82096
'[19:08:01.364 20/01/2026]',15.62097,1.862975,10.4194,8.147825,4.610755E-10,4.610755E-10,3.892097,-6.539428
'[19:08:01.372 20/01/2026]',-8.782517,-19.95313,-21.30021,-22.931,4.610755E-10,4.610755E-10,-13.95249,-10.73612
'[19:08:01.380 20/01/2026]',5.231409,22.94909,21.78797,17.59891,4.610755E-10,4.610755E-10,19.05163,17.98762
'[19:08:01.388 20/01/2026]',-9.52527,-5.979976,-6.656375,-1.750678,4.610755E-10,4.610755E-10,-4.923212,-6.757651
'[19:08:01.396 20/01/2026]',3.160232,-10.09153,-8.635917,-8.078661,4.610755E-10,4.610755E-10,-12.51489,-9.98785
'[19:08:01.404 20/01/2026]',10.9334,6.363834,5.544269,1.222275,4.610755E-10,4.610755E-10,9.885219,6.732089
'[19:08:01.412 20/01/2026]',-0.2252679,4.876892,5.873593,11.08195,4.610755E-10,4.610755E-10,2.843506,13.34933
'[19:08:01.420 20/01/2026]',-24.05836,-9.770514,-10.97037,-16.38022,4.610755E-10,4.610755E-10,-9.085529,-23.23918
'[19:08:01.428 20/01/2026]',10.95673,6.776453,8.251574,4.463613,4.610755E-10,4.610755E-10,8.012712,5.074895
'[19:08:01.436 20/01/2026]',10.95673,6.776453,8.251574,4.463613,4.610755E-10,4.610755E-10,8.012712,5.074895
'[19:08:01.444 20/01/2026]',10.95673,6.776453,8.251574,4.463613,4.610755E-10,4.610755E-10,8.012712,5.074895
'[19:08:01.452 20/01/2026]',10.95673,6.776453,8.251574,4.463613,4.610755E-10,4.610755E-10,8.012712,5.074895
'[19:08:01.460 20/01/2026]',10.92443,-0.01847837,-2.778358,9.405309,4.610755E-10,4.610755E-10,-5.676944,15.52708
'[19:08:01.468 20/01/2026]',-14.16422,-5.162136,-3.000799,-17.57164,4.610755E-10,4.610755E-10,0.5122718,-19.91959
'[19:08:01.476 20/01/2026]',4.867575,5.330636,4.072991,13.36227,4.610755E-10,4.610755E-10,2.5999,8.721709
'[19:08:01.484 20/01/2026]',4.867575,5.330636,4.072991,13.36227,4.610755E-10,4.610755E-10,2.5999,8.721709
'[19:08:01.492 20/01/2026]',4.867575,5.330636,4.072991,13.36227,4.610755E-10,4.610755E-10,2.5999,8.721709
'[19:08:01.500 20/01/2026]',4.867575,5.330636,4.072991,13.36227,4.610755E-10,4.610755E-10,2.5999,8.721709
'[19:08:01.508 20/01/2026]',9.665055,-0.9198407,1.139709,0.9886312,4.610755E-10,4.610755E-10,2.438934,4.589601
'[19:08:01.516 20/01/2026]',-14.43206,1.166985,-1.751895,-6.174139,4.610755E-10,4.610755E-10,-6.046564,-6.803898
'[19:08:01.524 20/01/2026]',-3.455709,-7.569846,-4.485002,-5.894212,4.610755E-10,4.610755E-10,-0.2153086,-4.064682
'[19:08:01.532 20/01/2026]',-3.455709,-7.569846,-4.485002,-5.894212,4.610755E-10,4.610755E-10,-0.2153086,-4.064682
'[19:08:01.540 20/01/2026]',-3.455709,-7.569846,-4.485002,-5.894212,4.610755E-10,4.610755E-10,-0.2153086,-4.064682
'[19:08:01.548 20/01/2026]',23.73531,10.96376,8.966338,13.62114,4.610755E-10,4.610755E-10,7.971097,10.67552
'[19:08:01.556 20/01/2026]',-12.12496,0.9929826,-1.973339,-1.114625,4.610755E-10,4.610755E-10,-2.571017,-1.994484
'[19:08:01.564 20/01/2026]',-12.12496,0.9929826,-1.973339,-1.114625,4.610755E-10,4.610755E-10,-2.571017,-1.994484
'[19:08:01.572 20/01/2026]',-12.12496,0.9929826,-1.973339,-1.114625,4.610755E-10,4.610755E-10,-2.571017,-1.994484
'[19:08:01.580 20/01/2026]',-12.12496,0.9929826,-1.973339,-1.114625,4.610755E-10,4.610755E-10,-2.571017,-1.994484
'[19:08:01.588 20/01/2026]',-12.12496,0.9929826,-1.973339,-1.114625,4.610755E-10,4.610755E-10,-2.571017,-1.994484
'[19:08:01.596 20/01/2026]',-11.35523,-13.64305,-7.327127,-7.817189,4.610755E-10,4.610755E-10,-6.878098,-5.276714
'[19:08:01.604 20/01/2026]',-1.001989,5.365265,2.710523,-3.286752,4.610755E-10,4.610755E-10,5.30015,-1.489783
'[19:08:01.612 20/01/2026]',9.497512,4.224844,2.957401,5.821699,4.610755E-10,4.610755E-10,-1.185921,5.517487
'[19:08:01.620 20/01/2026]',9.497512,4.224844,2.957401,5.821699,4.610755E-10,4.610755E-10,-1.185921,5.517487
'[19:08:01.628 20/01/2026]',9.497512,4.224844,2.957401,5.821699,4.610755E-10,4.610755E-10,-1.185921,5.517487
'[19:08:01.636 20/01/2026]',9.497512,4.224844,2.957401,5.821699,4.610755E-10,4.610755E-10,-1.185921,5.517487
'[19:08:01.644 20/01/2026]',0.7277423,-3.859305,-0.6974562,0.3924363,4.610755E-10,4.610755E-10,-1.745064,-5.759309
'[19:08:01.652 20/01/2026]',-17.06059,-2.156056,-5.63547,-6.674512,4.610755E-10,4.610755E-10,0.4766484,-0.9371278
'[19:08:01.660 20/01/2026]',15.31317,3.939904,5.011888,5.874815,4.610755E-10,4.610755E-10,1.514267,6.73436
'[19:08:01.668 20/01/2026]',15.31317,3.939904,5.011888,5.874815,4.610755E-10,4.610755E-10,1.514267,6.73436
'[19:08:01.676 20/01/2026]',15.31317,3.939904,5.011888,5.874815,4.610755E-10,4.610755E-10,1.514267,6.73436
'[19:08:01.684 20/01/2026]',15.31317,3.939904,5.011888,5.874815,4.610755E-10,4.610755E-10,1.514267,6.73436
'[19:08:01.692 20/01/2026]',16.73311,0.2950443,1.887948,3.108395,4.610755E-10,4.610755E-10,0.8974275,-2.292153
'[19:08:01.700 20/01/2026]',-41.4766,-11.61218,-10.40154,-7.341956,4.610755E-10,4.610755E-10,-8.096322,-3.005989
'[19:08:01.708 20/01/2026]',31.88186,16.84213,11.04162,-2.646447,4.610755E-10,4.610755E-10,10.54195,-1.335694
'[19:08:01.716 20/01/2026]',-2.011756,2.041209,7.299421,22.22079,4.610755E-10,4.610755E-10,2.097649,16.75892
'[19:08:01.724 20/01/2026]',-34.8754,-21.85341,-24.94898,-32.95506,4.610755E-10,4.610755E-10,-17.7052,-27.27799
'[19:08:01.732 20/01/2026]',24.78521,3.658196,6.893985,10.41246,4.610755E-10,4.610755E-10,10.58834,8.920097
'[19:08:01.740 20/01/2026]',9.766585,16.98357,12.26255,9.882042,4.610755E-10,4.610755E-10,-3.08707,5.464349
'[19:08:01.748 20/01/2026]',-13.52662,-6.766632,-2.717471,-4.518092,4.610755E-10,4.610755E-10,1.534977,-1.910574
'[19:08:01.756 20/01/2026]',9.579152,-1.310071,-1.66643,5.547017,4.610755E-10,4.610755E-10,10.93337,7.538427
'[19:08:01.764 20/01/2026]',-15.44849,-9.551256,-9.993099,-16.88347,4.610755E-10,4.610755E-10,-22.41003,-17.53584
'[19:08:01.772 20/01/2026]',19.23165,18.6594,19.81425,19.2964,4.610755E-10,4.610755E-10,22.39668,17.27329
'[19:08:01.780 20/01/2026]',0.8722484,0.9175305,-1.206048,2.226966,4.610755E-10,4.610755E-10,-0.5522869,1.463794
'[19:08:01.788 20/01/2026]',-17.51032,-20.65861,-17.01549,-15.19082,4.610755E-10,4.610755E-10,-15.09993,-12.33114
'[19:08:01.796 20/01/2026]',6.181578,14.74971,7.499477,2.244061,4.610755E-10,4.610755E-10,7.253493,3.689626
'[19:08:01.804 20/01/2026]',5.080652,4.647307,11.90904,13.93122,4.610755E-10,4.610755E-10,9.22107,8.786249
'[19:08:01.812 20/01/2026]',16.46106,-2.865802,-3.0671,1.121081,4.610755E-10,4.610755E-10,-2.347768,4.331704
'[19:08:01.820 20/01/2026]',-32.68689,-12.74381,-15.35879,-23.44283,4.610755E-10,4.610755E-10,-13.2149,-23.28733
'[19:08:01.828 20/01/2026]',-0.3820859,9.125206,6.090981,12.14859,4.610755E-10,4.610755E-10,7.536769,12.42439
'[19:08:01.836 20/01/2026]',27.36032,7.008027,9.301013,12.95095,4.610755E-10,4.610755E-10,8.681242,12.5276
'[19:08:01.844 20/01/2026]',-5.879021,-4.845769,-6.983189,-14.54997,4.610755E-10,4.610755E-10,-6.135711,-14.89616
'[19:08:01.852 20/01/2026]',-26.4783,-8.310589,-1.924668,-0.9284349,4.610755E-10,4.610755E-10,-9.187886,2.283714
'[19:08:01.860 20/01/2026]',24.66045,5.597304,3.208585,0.4961509,4.610755E-10,4.610755E-10,11.06902,-5.135235
'[19:08:01.868 20/01/2026]',7.513985,2.439479,2.733048,13.45963,4.610755E-10,4.610755E-10,-0.8055889,15.42902
'[19:08:01.876 20/01/2026]',-41.86547,-17.11149,-15.41671,-26.88574,4.610755E-10,4.610755E-10,-18.08689,-24.50678
'[19:08:01.884 20/01/2026]',56.11834,45.68826,41.96585,36.3503,4.610755E-10,4.610755E-10,48.31209,38.0728
'[19:08:01.892 20/01/2026]',-39.28166,-39.17583,-38.5984,-19.1899,4.610755E-10,4.610755E-10,-44.22744,-27.24336
'[19:08:01.900 20/01/2026]',-5.644105,-16.42077,-14.22101,-24.5317,4.610755E-10,4.610755E-10,-7.338608,-17.05367
'[19:08:01.908 20/01/2026]',21.22977,28.19707,27.69274,22.95927,4.610755E-10,4.610755E-10,21.11166,21.42276
'[19:08:01.916 20/01/2026]',16.8285,18.55197,17.6045,22.53232,4.610755E-10,4.610755E-10,19.64603,22.55551
'[19:08:01.924 20/01/2026]',-29.08366,-32.91969,-33.99409,-22.7756,4.610755E-10,4.610755E-10,-30.88508,-24.18757
'[19:08:01.932 20/01/2026]',-12.30191,-12.8876,-10.62198,-30.15466,4.610755E-10,4.610755E-10,-12.37983,-29.98808
'[19:08:01.940 20/01/2026]',47.74809,47.29322,47.12358,55.85493,4.610755E-10,4.610755E-10,40.39025,55.82417
'[19:08:01.948 20/01/2026]',-17.89703,-19.68391,-22.46909,-18.24134,4.610755E-10,4.610755E-10,-11.76863,-15.4422
'[19:08:01.956 20/01/2026]',-15.14221,-6.805051,-2.159492,-7.434155,4.610755E-10,4.610755E-10,-7.688637,-9.174891
'[19:08:01.964 20/01/2026]',-14.70919,-17.06158,-20.4763,-21.41599,4.610755E-10,4.610755E-10,-20.68665,-24.33797
'[19:08:01.972 20/01/2026]',43.27674,42.21657,41.78113,45.35854,4.610755E-10,4.610755E-10,42.99496,49.93459
'[19:08:01.980 20/01/2026]',-36.86149,-41.31237,-37.65062,-41.56385,4.610755E-10,4.610755E-10,-39.77685,-42.67702
'[19:08:01.988 20/01/2026]',13.26088,16.86109,13.8134,13.36787,4.610755E-10,4.610755E-10,17.98398,13.17219
'[19:08:01.996 20/01/2026]',-1.871514,-2.49472,-2.749908,4.973344,4.610755E-10,4.610755E-10,-8.381527,3.128516
'[19:08:02.004 20/01/2026]',3.373425,-4.100526,-3.542788,-4.190697,4.610755E-10,4.610755E-10,1.698195,-4.718941
'[19:08:02.012 20/01/2026]',3.373425,-4.100526,-3.542788,-4.190697,4.610755E-10,4.610755E-10,1.698195,-4.718941
'[19:08:02.020 20/01/2026]',3.373425,-4.100526,-3.542788,-4.190697,4.610755E-10,4.610755E-10,1.698195,-4.718941
'[19:08:02.028 20/01/2026]',3.373425,-4.100526,-3.542788,-4.190697,4.610755E-10,4.610755E-10,1.698195,-4.718941
'[19:08:02.036 20/01/2026]',1.699085,10.38816,10.56698,3.009495,4.610755E-10,4.610755E-10,8.539478,7.091052
'[19:08:02.044 20/01/2026]',-7.219955,-13.13374,-10.67533,-7.375419,4.610755E-10,4.610755E-10,-12.21133,-11.60983
'[19:08:02.052 20/01/2026]',21.68685,11.93448,10.23205,24.0822,4.610755E-10,4.610755E-10,14.00415,26.05408
'[19:08:02.060 20/01/2026]',21.68685,11.93448,10.23205,24.0822,4.610755E-10,4.610755E-10,14.00415,26.05408
'[19:08:02.068 20/01/2026]',21.68685,11.93448,10.23205,24.0822,4.610755E-10,4.610755E-10,14.00415,26.05408
'[19:08:02.076 20/01/2026]',-11.91132,1.640041,0.6349903,-19.46216,4.610755E-10,4.610755E-10,-4.414582,-24.55236
'[19:08:02.084 20/01/2026]',-28.84235,-15.48853,-18.46077,-10.59577,4.610755E-10,4.610755E-10,-10.60207,0.6122617
'[19:08:02.092 20/01/2026]',29.55999,11.66362,17.04598,20.48561,4.610755E-10,4.610755E-10,9.829453,10.35009
'[19:08:02.100 20/01/2026]',29.55999,11.66362,17.04598,20.48561,4.610755E-10,4.610755E-10,9.829453,10.35009
'[19:08:02.108 20/01/2026]',29.55999,11.66362,17.04598,20.48561,4.610755E-10,4.610755E-10,9.829453,10.35009
'[19:08:02.116 20/01/2026]',29.55999,11.66362,17.04598,20.48561,4.610755E-10,4.610755E-10,9.829453,10.35009
'[19:08:02.124 20/01/2026]',0.7605788,-3.420355,-4.346136,-11.7504,4.610755E-10,4.610755E-10,-4.221275,-7.585086
'[19:08:02.132 20/01/2026]',-6.510086,3.261125,2.297479,7.102542,4.610755E-10,4.610755E-10,8.192329,10.3299
'[19:08:02.140 20/01/2026]',-6.510086,3.261125,2.297479,7.102542,4.610755E-10,4.610755E-10,8.192329,10.3299
'[19:08:02.148 20/01/2026]',-6.510086,3.261125,2.297479,7.102542,4.610755E-10,4.610755E-10,8.192329,10.3299
'[19:08:02.156 20/01/2026]',-6.510086,3.261125,2.297479,7.102542,4.610755E-10,4.610755E-10,8.192329,10.3299
'[19:08:02.164 20/01/2026]',-6.510086,3.261125,2.297479,7.102542,4.610755E-10,4.610755E-10,8.192329,10.3299
'[19:08:02.172 20/01/2026]',12.40595,3.968855,3.964676,6.510438,4.610755E-10,4.610755E-10,-2.933584,-2.292134
'[19:08:02.180 20/01/2026]',-7.136261,3.74904,6.677097,-1.974038,4.610755E-10,4.610755E-10,8.139116,-0.6145315
'[19:08:02.188 20/01/2026]',-3.545534,-7.815833,-12.5483,-3.953473,4.610755E-10,4.610755E-10,-9.560679,0.3661624
'[19:08:02.196 20/01/2026]',-3.545534,-7.815833,-12.5483,-3.953473,4.610755E-10,4.610755E-10,-9.560679,0.3661624
'[19:08:02.204 20/01/2026]',-3.545534,-7.815833,-12.5483,-3.953473,4.610755E-10,4.610755E-10,-9.560679,0.3661624
'[19:08:02.212 20/01/2026]',-3.545534,-7.815833,-12.5483,-3.953473,4.610755E-10,4.610755E-10,-9.560679,0.3661624
'[19:08:02.220 20/01/2026]',5.50102,-0.08745939,2.203837,-0.5292178,4.610755E-10,4.610755E-10,0.9733948,-1.518808
'[19:08:02.228 20/01/2026]',-7.685885,-2.951584,-2.326987,-4.552197,4.610755E-10,4.610755E-10,-3.619981,-6.679172
'[19:08:02.236 20/01/2026]',16.97657,10.70245,9.193159,17.49409,4.610755E-10,4.610755E-10,12.54723,21.61908
'[19:08:02.244 20/01/2026]',16.97657,10.70245,9.193159,17.49409,4.610755E-10,4.610755E-10,12.54723,21.61908
'[19:08:02.252 20/01/2026]',16.97657,10.70245,9.193159,17.49409,4.610755E-10,4.610755E-10,12.54723,21.61908
'[19:08:02.260 20/01/2026]',16.97657,10.70245,9.193159,17.49409,4.610755E-10,4.610755E-10,12.54723,21.61908
'[19:08:02.268 20/01/2026]',-5.292574,0.4391075,1.555464,-10.07489,4.610755E-10,4.610755E-10,-3.524456,-12.09234
'[19:08:02.276 20/01/2026]',-24.48497,-12.17708,-10.86151,-7.580059,4.610755E-10,4.610755E-10,-7.371187,-12.64879
'[19:08:02.284 20/01/2026]',34.65705,21.90042,15.55507,19.59327,4.610755E-10,4.610755E-10,13.66781,24.69293
'[19:08:02.292 20/01/2026]',34.65705,21.90042,15.55507,19.59327,4.610755E-10,4.610755E-10,13.66781,24.69293
'[19:08:02.300 20/01/2026]',34.65705,21.90042,15.55507,19.59327,4.610755E-10,4.610755E-10,13.66781,24.69293
'[19:08:02.308 20/01/2026]',-10.42447,-19.09273,-10.4806,-14.34858,4.610755E-10,4.610755E-10,-11.09993,-14.30717
'[19:08:02.316 20/01/2026]',-8.181881,0.9022395,-3.909014,-1.298906,4.610755E-10,4.610755E-10,-3.419259,-5.349625
'[19:08:02.324 20/01/2026]',4.273776,14.04105,10.64886,8.273434,4.610755E-10,4.610755E-10,12.78137,13.89172
'[19:08:02.332 20/01/2026]',-11.63962,-13.02186,-9.471814,-15.8573,4.610755E-10,4.610755E-10,-10.44664,-18.04048
'[19:08:02.340 20/01/2026]',27.71018,3.029228,6.145471,20.6915,4.610755E-10,4.610755E-10,0.832509,19.60711
'[19:08:02.348 20/01/2026]',-21.94671,-2.836915,-6.638417,-14.10547,4.610755E-10,4.610755E-10,3.016954,-12.52759
'[19:08:02.356 20/01/2026]',-14.81246,4.194684,3.125416,-9.232828,4.610755E-10,4.610755E-10,-3.162406,-12.07132
'[19:08:02.364 20/01/2026]',31.85389,9.356503,8.911021,31.18818,4.610755E-10,4.610755E-10,9.753768,32.19194
'[19:08:02.372 20/01/2026]',-22.21716,-17.7462,-20.57373,-31.70021,4.610755E-10,4.610755E-10,-16.60403,-27.15322
'[19:08:02.380 20/01/2026]',7.103527,8.345901,16.24013,12.33058,4.610755E-10,4.610755E-10,10.33117,7.873528
'[19:08:02.388 20/01/2026]',11.92078,1.1849,-0.2829255,10.79678,4.610755E-10,4.610755E-10,2.800406,8.346995
'[19:08:02.396 20/01/2026]',-18.57367,-2.057789,-5.742512,-12.33744,4.610755E-10,4.610755E-10,-3.334045,-7.820148
'[19:08:02.404 20/01/2026]',-0.5048957,-2.745225,-0.4548997,-4.980868,4.610755E-10,4.610755E-10,-5.633402,-4.732953
'[19:08:02.412 20/01/2026]',10.4953,0.5313337,0.7740184,6.028423,4.610755E-10,4.610755E-10,3.243127,5.040778
'[19:08:02.420 20/01/2026]',0.4821156,8.212782,7.016465,10.12821,4.610755E-10,4.610755E-10,8.120013,8.629189
'[19:08:02.428 20/01/2026]',2.47552,-0.2302426,-2.308211,-1.188014,4.610755E-10,4.610755E-10,-1.737339,-2.565527
'[19:08:02.436 20/01/2026]',-14.37973,-12.58194,-8.155642,-17.55738,4.610755E-10,4.610755E-10,-11.11083,-14.94549
'[19:08:02.444 20/01/2026]',6.791987,7.093122,4.155568,6.605633,4.610755E-10,4.610755E-10,3.68895,8.59551
'[19:08:02.452 20/01/2026]',14.92846,8.505503,9.78654,16.67817,4.610755E-10,4.610755E-10,14.03485,13.24226
'[19:08:02.460 20/01/2026]',-29.32049,-13.57821,-12.89377,-18.00983,4.610755E-10,4.610755E-10,-14.20776,-18.97948
'[19:08:02.468 20/01/2026]',14.51656,2.854803,1.399094,-1.014316,4.610755E-10,4.610755E-10,-1.239308,3.196292
'[19:08:02.476 20/01/2026]',16.98369,9.414929,10.41552,18.41772,4.610755E-10,4.610755E-10,11.16779,12.22338
'[19:08:02.484 20/01/2026]',-36.18998,-8.499797,-9.636539,-18.37408,4.610755E-10,4.610755E-10,-8.526351,-13.25242
'[19:08:02.492 20/01/2026]',17.04222,-5.73685,-3.912971,-3.078268,4.610755E-10,4.610755E-10,-4.22762,-1.630651
'[19:08:02.500 20/01/2026]',19.67814,5.997477,5.689054,18.35148,4.610755E-10,4.610755E-10,6.211756,13.16119
'[19:08:02.508 20/01/2026]',-15.77132,19.39661,16.269,7.197186,4.610755E-10,4.610755E-10,17.47074,5.617896
'[19:08:02.516 20/01/2026]',-7.992698,-25.87407,-22.07425,-29.48977,4.610755E-10,4.610755E-10,-27.30213,-25.13579
'[19:08:02.524 20/01/2026]',6.77548,2.663387,0.9851428,13.26229,4.610755E-10,4.610755E-10,3.141391,12.1588
'[19:08:02.532 20/01/2026]',6.189459,12.13526,11.16514,7.033716,4.610755E-10,4.610755E-10,15.77541,8.416201
'[19:08:02.540 20/01/2026]',-18.35112,-13.10328,-12.10224,-18.68807,4.610755E-10,4.610755E-10,-15.77252,-19.23244
'[19:08:02.548 20/01/2026]',7.993177,2.616114,4.579292,17.00971,4.610755E-10,4.610755E-10,3.243793,13.64408
'[19:08:02.556 20/01/2026]',59.80209,12.53941,11.65933,23.78298,4.610755E-10,4.610755E-10,17.01951,25.60198
'[19:08:02.564 20/01/2026]',-51.27147,-2.925737,-6.86284,-33.77486,4.610755E-10,4.610755E-10,-9.982878,-30.51695
'[19:08:02.572 20/01/2026]',-40.84862,-17.78266,-15.62763,-6.384336,4.610755E-10,4.610755E-10,-18.99656,-9.261406
'[19:08:02.580 20/01/2026]',53.93608,22.89163,25.99873,36.14203,4.610755E-10,4.610755E-10,30.99991,30.99595
'[19:08:02.588 20/01/2026]',-5.610201,-13.59617,-15.72456,-38.25664,4.610755E-10,4.610755E-10,-19.47399,-26.21106
'[19:08:02.596 20/01/2026]',-24.25404,-3.535205,-4.320147,6.28988,4.610755E-10,4.610755E-10,-3.70264,8.164402
'[19:08:02.604 20/01/2026]',26.34864,15.41117,16.7857,27.37421,4.610755E-10,4.610755E-10,21.85458,16.38544
'[19:08:02.612 20/01/2026]',-20.98156,-10.23204,-9.170887,-14.43941,4.610755E-10,4.610755E-10,-12.8044,-17.54304
'[19:08:02.620 20/01/2026]',56.81288,1.844103,3.667671,14.42663,4.610755E-10,4.610755E-10,-0.5001138,15.55369
'[19:08:02.628 20/01/2026]',56.81288,1.844103,3.667671,14.42663,4.610755E-10,4.610755E-10,-0.5001138,15.55369
'[19:08:02.636 20/01/2026]',56.81288,1.844103,3.667671,14.42663,4.610755E-10,4.610755E-10,-0.5001138,15.55369
'[19:08:02.644 20/01/2026]',56.81288,1.844103,3.667671,14.42663,4.610755E-10,4.610755E-10,-0.5001138,15.55369
'[19:08:02.652 20/01/2026]',-58.78702,-7.656071,-12.22559,-36.38199,4.610755E-10,4.610755E-10,-8.980142,-28.08456
'[19:08:02.660 20/01/2026]',-43.29027,19.1419,17.30864,10.99082,4.610755E-10,4.610755E-10,22.51989,4.646331
'[19:08:02.668 20/01/2026]',105.4053,-14.17601,-8.638432,29.49531,4.610755E-10,4.610755E-10,-14.64913,21.90141
'[19:08:02.676 20/01/2026]',105.4053,-14.17601,-8.638432,29.49531,4.610755E-10,4.610755E-10,-14.64913,21.90141
'[19:08:02.684 20/01/2026]',105.4053,-14.17601,-8.638432,29.49531,4.610755E-10,4.610755E-10,-14.64913,21.90141
'[19:08:02.692 20/01/2026]',105.4053,-14.17601,-8.638432,29.49531,4.610755E-10,4.610755E-10,-14.64913,21.90141
'[19:08:02.700 20/01/2026]',105.4053,-14.17601,-8.638432,29.49531,4.610755E-10,4.610755E-10,-14.64913,21.90141
'[19:08:02.708 20/01/2026]',-17.83531,-10.05591,-11.79226,-21.22018,4.610755E-10,4.610755E-10,-12.19261,-14.0081
'[19:08:02.716 20/01/2026]',-43.63429,17.39304,16.40148,-4.462276,4.610755E-10,4.610755E-10,17.59076,0.4708498
'[19:08:02.724 20/01/2026]',13.18356,-10.30545,-7.959341,1.454113,4.610755E-10,4.610755E-10,-6.578874,-0.6262745
'[19:08:02.732 20/01/2026]',13.18356,-10.30545,-7.959341,1.454113,4.610755E-10,4.610755E-10,-6.578874,-0.6262745
'[19:08:02.740 20/01/2026]',13.18356,-10.30545,-7.959341,1.454113,4.610755E-10,4.610755E-10,-6.578874,-0.6262745
'[19:08:02.748 20/01/2026]',-33.05931,-1.137203,-5.709411,-5.203057,4.610755E-10,4.610755E-10,-5.899877,-10.41445
'[19:08:02.756 20/01/2026]',14.31026,15.43214,16.97496,36.70866,4.610755E-10,4.610755E-10,16.38829,27.37285
'[19:08:02.764 20/01/2026]',14.31026,15.43214,16.97496,36.70866,4.610755E-10,4.610755E-10,16.38829,27.37285
'[19:08:02.772 20/01/2026]',14.31026,15.43214,16.97496,36.70866,4.610755E-10,4.610755E-10,16.38829,27.37285
'[19:08:02.780 20/01/2026]',14.31026,15.43214,16.97496,36.70866,4.610755E-10,4.610755E-10,16.38829,27.37285
'[19:08:02.788 20/01/2026]',39.90228,-8.784008,-4.522609,-20.32159,4.610755E-10,4.610755E-10,-5.000302,-11.87224
'[19:08:02.796 20/01/2026]',-64.60552,-7.95585,-12.87398,-50.3357,4.610755E-10,4.610755E-10,-15.20288,-15.39791
'[19:08:02.804 20/01/2026]',40.7603,0.8236738,-1.942972,34.70202,4.610755E-10,4.610755E-10,2.135964,4.083784
'[19:08:02.812 20/01/2026]',40.7603,0.8236738,-1.942972,34.70202,4.610755E-10,4.610755E-10,2.135964,4.083784
'[19:08:02.820 20/01/2026]',40.7603,0.8236738,-1.942972,34.70202,4.610755E-10,4.610755E-10,2.135964,4.083784
'[19:08:02.828 20/01/2026]',40.7603,0.8236738,-1.942972,34.70202,4.610755E-10,4.610755E-10,2.135964,4.083784
'[19:08:02.836 20/01/2026]',40.7603,0.8236738,-1.942972,34.70202,4.610755E-10,4.610755E-10,2.135964,4.083784
'[19:08:02.844 20/01/2026]',-21.55004,1.69803,18.78386,20.06468,4.610755E-10,4.610755E-10,6.652137,-16.41458
'[19:08:02.852 20/01/2026]',21.80774,9.282816,-11.15217,-4.189583,4.610755E-10,4.610755E-10,6.405962,39.16689
'[19:08:02.860 20/01/2026]',21.80774,9.282816,-11.15217,-4.189583,4.610755E-10,4.610755E-10,6.405962,39.16689
'[19:08:02.868 20/01/2026]',21.80774,9.282816,-11.15217,-4.189583,4.610755E-10,4.610755E-10,6.405962,39.16689
'[19:08:02.876 20/01/2026]',21.80774,9.282816,-11.15217,-4.189583,4.610755E-10,4.610755E-10,6.405962,39.16689
'[19:08:02.884 20/01/2026]',-23.22612,-12.267,-7.527632,-64.77682,4.610755E-10,4.610755E-10,-17.61596,-40.56665
'[19:08:02.892 20/01/2026]',-36.47642,-1.259139,1.312207,-8.439342,4.610755E-10,4.610755E-10,1.52257,2.228423
'[19:08:02.900 20/01/2026]',33.30098,14.74447,15.0802,101.756,4.610755E-10,4.610755E-10,17.45766,24.39897
'[19:08:02.908 20/01/2026]',33.30098,14.74447,15.0802,101.756,4.610755E-10,4.610755E-10,17.45766,24.39897
'[19:08:02.916 20/01/2026]',33.30098,14.74447,15.0802,101.756,4.610755E-10,4.610755E-10,17.45766,24.39897
'[19:08:02.924 20/01/2026]',6.668079,-15.07026,-10.11462,-36.42994,4.610755E-10,4.610755E-10,-10.03384,-35.6172
'[19:08:02.932 20/01/2026]',-13.3606,-2.739486,-15.55043,-74.87149,4.610755E-10,4.610755E-10,-16.42198,27.73778
'[19:08:02.940 20/01/2026]',26.36427,20.74872,33.65009,102.309,4.610755E-10,4.610755E-10,26.86868,-2.85845
'[19:08:02.948 20/01/2026]',26.79683,-20.05317,-20.23685,-25.47716,4.610755E-10,4.610755E-10,-13.6724,3.229774
'[19:08:02.956 20/01/2026]',-102.1068,7.913296,-8.336896,-59.15642,4.610755E-10,4.610755E-10,-1.405031,-2.919317
'[19:08:02.964 20/01/2026]',62.23743,1.483938,20.29425,81.0773,4.610755E-10,4.610755E-10,4.627523,-26.92442
'[19:08:02.972 20/01/2026]',33.32689,-11.60056,-16.35474,-36.49911,4.610755E-10,4.610755E-10,-8.64191,35.89361
'[19:08:02.980 20/01/2026]',-54.22177,16.05807,5.309169,-28.49178,4.610755E-10,4.610755E-10,15.89269,-12.4486
'[19:08:02.988 20/01/2026]',31.79416,2.720944,11.45151,56.37305,4.610755E-10,4.610755E-10,-5.245665,26.55617
'[19:08:02.996 20/01/2026]',-16.43391,-16.29936,-10.98386,-36.41254,4.610755E-10,4.610755E-10,-8.535201,-30.14686
'[19:08:03.004 20/01/2026]',20.7139,12.13728,4.526291,15.30929,4.610755E-10,4.610755E-10,11.0608,-5.617798
'[19:08:03.012 20/01/2026]',-24.42616,-3.690122,-8.780749,-17.02612,4.610755E-10,4.610755E-10,-5.491123,24.66451
'[19:08:03.020 20/01/2026]',10.22628,-10.21627,7.420929,9.734137,4.610755E-10,4.610755E-10,4.212738,-13.45964
'[19:08:03.028 20/01/2026]',-47.98389,-48.27829,-23.2789,-3.847526,4.610755E-10,4.610755E-10,-19.12573,-17.99725
'[19:08:03.036 20/01/2026]',102.5213,107.6251,49.40321,16.69286,4.610755E-10,4.610755E-10,32.73525,41.99044
'[19:08:03.044 20/01/2026]',-24.92824,-9.940349,-17.15483,3.111579,4.610755E-10,4.610755E-10,-18.92742,-25.37717
'[19:08:03.052 20/01/2026]',-43.37187,-68.55411,-20.94264,-19.57609,4.610755E-10,4.610755E-10,1.603936,2.959767
'[19:08:03.060 20/01/2026]',19.5928,24.35541,11.06152,-0.2115797,4.610755E-10,4.610755E-10,4.162457,4.087446
'[19:08:03.068 20/01/2026]',11.91009,21.84697,10.90677,20.58461,4.610755E-10,4.610755E-10,0.3941756,-3.236275
'[19:08:03.076 20/01/2026]',-14.91571,-16.98992,-12.62891,-20.6613,4.610755E-10,4.610755E-10,-10.12298,-10.76462
'[19:08:03.084 20/01/2026]',-14.30773,-2.329787,0.8968917,1.555757,4.610755E-10,4.610755E-10,10.82273,5.843435
'[19:08:03.092 20/01/2026]',32.32228,8.741445,7.253735,11.92541,4.610755E-10,4.610755E-10,6.449118,18.26018
'[19:08:03.100 20/01/2026]',-36.03892,-0.3282703,-4.271688,-21.17698,4.610755E-10,4.610755E-10,-18.72574,-5.957784
'[19:08:03.108 20/01/2026]',-23.50202,5.440012,-2.367552,-14.58585,4.610755E-10,4.610755E-10,13.38673,-25.76869
'[19:08:03.116 20/01/2026]',95.67626,-18.03692,-2.326879,60.01934,4.610755E-10,4.610755E-10,11.38081,-15.40947
'[19:08:03.124 20/01/2026]',-41.8328,3.894804,11.44342,2.95806,4.610755E-10,4.610755E-10,-34.35569,90.64748
'[19:08:03.132 20/01/2026]',-24.88968,6.406166,-13.43152,-55.47631,4.610755E-10,4.610755E-10,16.97313,-37.54548
'[19:08:03.140 20/01/2026]',12.88379,-3.454622,-0.08045667,-0.8150631,4.610755E-10,4.610755E-10,11.8923,-61.11383
'[19:08:03.148 20/01/2026]',-27.08951,0.5109205,5.631711,-10.86305,4.610755E-10,4.610755E-10,-17.9215,37.05804
'[19:08:03.156 20/01/2026]',25.57797,-0.6138552,2.092226,48.98251,4.610755E-10,4.610755E-10,5.893239,17.44511
'[19:08:03.164 20/01/2026]',29.53408,2.339974,-1.802863,-3.743312,4.610755E-10,4.610755E-10,12.38639,-16.61156
'[19:08:03.172 20/01/2026]',-50.3687,-0.1203172,-3.115191,-42.43142,4.610755E-10,4.610755E-10,-9.466718,-8.441811
'[19:08:03.180 20/01/2026]',24.6439,-2.143403,6.823892,52.06829,4.610755E-10,4.610755E-10,-3.478897,39.01479
'[19:08:03.188 20/01/2026]',45.83594,-0.07941128,-1.573331,22.5428,4.610755E-10,4.610755E-10,0.3378682,0.2704875
'[19:08:03.196 20/01/2026]',-129.7998,1.912796,-12.29311,-171.4765,4.610755E-10,4.610755E-10,6.606924,-75.23125
'[19:08:03.204 20/01/2026]',50.76777,0.2765262,10.74961,138.2334,4.610755E-10,4.610755E-10,-14.40202,38.47653
'[19:08:03.212 20/01/2026]',96.65378,-2.704679,4.816632,101.9764,4.610755E-10,4.610755E-10,8.909194,43.71962
'[19:08:03.220 20/01/2026]',-124.9339,4.27716,-18.8925,-260.2379,4.610755E-10,4.610755E-10,11.27902,-90.81091
'[19:08:03.228 20/01/2026]',124.695,-7.158091,16.6963,193.3303,4.610755E-10,4.610755E-10,-14.72157,85.41856
'[19:08:03.236 20/01/2026]',-41.0094,3.318848,2.231978,24.11447,4.610755E-10,4.610755E-10,-7.911298,33.09177
'[19:08:03.244 20/01/2026]',-88.46263,0.8712619,-20.21951,-191.7104,4.610755E-10,4.610755E-10,25.87866,-136.1782
'[19:08:03.252 20/01/2026]',146.9306,-1.70845,19.84382,197.4975,4.610755E-10,4.610755E-10,-14.77614,98.2241
'[19:08:03.260 20/01/2026]',-65.02166,1.917968,-0.6404629,-24.10852,4.610755E-10,4.610755E-10,-4.32158,31.65665
'[19:08:03.268 20/01/2026]',-57.72647,0.9173751,-13.49351,-156.3401,4.610755E-10,4.610755E-10,13.67015,-104.7049
'[19:08:03.276 20/01/2026]',-57.72647,0.9173751,-13.49351,-156.3401,4.610755E-10,4.610755E-10,13.67015,-104.7049
'[19:08:03.284 20/01/2026]',-57.72647,0.9173751,-13.49351,-156.3401,4.610755E-10,4.610755E-10,13.67015,-104.7049
'[19:08:03.292 20/01/2026]',40.3513,-2.26369,11.57372,164.6956,4.610755E-10,4.610755E-10,-17.83701,70.46124
'[19:08:03.300 20/01/2026]',46.06586,-6.996932,-9.018006,-49.27095,4.610755E-10,4.610755E-10,5.504427,0.9041522
'[19:08:03.308 20/01/2026]',46.06586,-6.996932,-9.018006,-49.27095,4.610755E-10,4.610755E-10,5.504427,0.9041522
'[19:08:03.316 20/01/2026]',46.06586,-6.996932,-9.018006,-49.27095,4.610755E-10,4.610755E-10,5.504427,0.9041522
'[19:08:03.324 20/01/2026]',46.06586,-6.996932,-9.018006,-49.27095,4.610755E-10,4.610755E-10,5.504427,0.9041522
'[19:08:03.332 20/01/2026]',46.06586,-6.996932,-9.018006,-49.27095,4.610755E-10,4.610755E-10,5.504427,0.9041522
'[19:08:03.340 20/01/2026]',-81.78951,15.17765,8.892856,-73.02589,4.610755E-10,4.610755E-10,15.28582,-53.56541
'[19:08:03.348 20/01/2026]',67.62376,-8.741419,-2.880567,102.3478,4.610755E-10,4.610755E-10,-23.80289,53.01287
'[19:08:03.356 20/01/2026]',67.62376,-8.741419,-2.880567,102.3478,4.610755E-10,4.610755E-10,-23.80289,53.01287
'[19:08:03.364 20/01/2026]',67.62376,-8.741419,-2.880567,102.3478,4.610755E-10,4.610755E-10,-23.80289,53.01287
'[19:08:03.372 20/01/2026]',67.62376,-8.741419,-2.880567,102.3478,4.610755E-10,4.610755E-10,-23.80289,53.01287
'[19:08:03.380 20/01/2026]',-39.08191,-4.798909,-3.415503,-34.60181,4.610755E-10,4.610755E-10,14.91306,-15.60943
'[19:08:03.388 20/01/2026]',-3.913523,9.313598,2.498302,-38.34073,4.610755E-10,4.610755E-10,6.102087,-26.79636
'[19:08:03.396 20/01/2026]',55.87672,-1.589843,1.662898,65.54188,4.610755E-10,4.610755E-10,-20.22672,54.70655
'[19:08:03.404 20/01/2026]',55.87672,-1.589843,1.662898,65.54188,4.610755E-10,4.610755E-10,-20.22672,54.70655
'[19:08:03.412 20/01/2026]',55.87672,-1.589843,1.662898,65.54188,4.610755E-10,4.610755E-10,-20.22672,54.70655
'[19:08:03.420 20/01/2026]',55.87672,-1.589843,1.662898,65.54188,4.610755E-10,4.610755E-10,-20.22672,54.70655
'[19:08:03.428 20/01/2026]',-28.20153,-3.191105,2.705397,-9.546527,4.610755E-10,4.610755E-10,18.56258,-17.04743
'[19:08:03.436 20/01/2026]',-32.93322,2.124064,-5.377649,-53.61721,4.610755E-10,4.610755E-10,-0.9170364,-35.16748
'[19:08:03.444 20/01/2026]',5.361549,1.051949,-0.5707299,26.1942,4.610755E-10,4.610755E-10,-13.75364,22.48924
'[19:08:03.452 20/01/2026]',23.25876,-2.840553,2.695413,5.148587,4.610755E-10,4.610755E-10,5.663044,6.027036
'[19:08:03.460 20/01/2026]',23.25876,-2.840553,2.695413,5.148587,4.610755E-10,4.610755E-10,5.663044,6.027036
'[19:08:03.468 20/01/2026]',23.25876,-2.840553,2.695413,5.148587,4.610755E-10,4.610755E-10,5.663044,6.027036
'[19:08:03.476 20/01/2026]',4.280768,4.682016,3.778155,11.14665,4.610755E-10,4.610755E-10,10.5895,-4.270809
'[19:08:03.484 20/01/2026]',10.59761,-5.372275,-5.782447,-4.960553,4.610755E-10,4.610755E-10,-8.809048,0.7164038
'[19:08:03.492 20/01/2026]',-67.65573,-12.63191,-3.389094,-42.33867,4.610755E-10,4.610755E-10,-7.846562,-14.31142
'[19:08:03.500 20/01/2026]',28.97692,23.32483,5.904071,42.63853,4.610755E-10,4.610755E-10,1.86567,5.587566
'[19:08:03.508 20/01/2026]',39.36226,-0.21959,0.5835919,-4.363076,4.610755E-10,4.610755E-10,12.66079,4.446763
'[19:08:03.516 20/01/2026]',-28.70973,-12.62448,-2.416813,-15.90541,4.610755E-10,4.610755E-10,-6.468445,3.576972
'[19:08:03.524 20/01/2026]',-1.052101,0.6744682,-0.9890481,9.715228,4.610755E-10,4.610755E-10,-7.684124,-8.816289
'[19:08:03.532 20/01/2026]',-0.5392296,1.05893,-0.5726107,1.100545,4.610755E-10,4.610755E-10,7.721573,-1.760338
'[19:08:03.540 20/01/2026]',-20.84387,0.7116588,-0.4137497,-12.41138,4.610755E-10,4.610755E-10,-6.487072,-6.85951
'[19:08:03.548 20/01/2026]',25.82294,14.47917,13.16362,12.75505,4.610755E-10,4.610755E-10,15.09875,30.46259
'[19:08:03.556 20/01/2026]',17.60779,-19.58801,-16.79364,-0.1500201,4.610755E-10,4.610755E-10,-11.38645,-14.84101
'[19:08:03.564 20/01/2026]',-33.03565,-1.971291,-0.6487762,-13.39067,4.610755E-10,4.610755E-10,-6.259995,-17.18996
'[19:08:03.572 20/01/2026]',5.648695,13.31326,11.72168,15.66403,4.610755E-10,4.610755E-10,9.474358,18.79252
'[19:08:03.580 20/01/2026]',8.732613,-2.726107,-4.83937,0.9043546,4.610755E-10,4.610755E-10,-1.930953,-8.134165
'[19:08:03.588 20/01/2026]',14.31594,4.408553,0.8143315,0.498065,4.610755E-10,4.610755E-10,6.102986,11.83514
'[19:08:03.596 20/01/2026]',-18.3771,-7.234565,-3.507922,-13.15892,4.610755E-10,4.610755E-10,-9.991895,-8.944336
'[19:08:03.604 20/01/2026]',-29.98955,-9.729547,-3.807323,-13.8673,4.610755E-10,4.610755E-10,-7.953733,-22.04079
'[19:08:03.612 20/01/2026]',40.14933,13.22064,8.29898,38.70322,4.610755E-10,4.610755E-10,16.47659,22.5323
'[19:08:03.620 20/01/2026]',-4.6005,3.376067,1.784586,-17.24996,4.610755E-10,4.610755E-10,0.1920097,11.89102
'[19:08:03.628 20/01/2026]',-33.77037,-13.57539,-10.26517,-30.56341,4.610755E-10,4.610755E-10,-13.09971,-31.24629
'[19:08:03.636 20/01/2026]',40.70821,9.667628,7.96292,42.22807,4.610755E-10,4.610755E-10,10.79928,22.12664
'[19:08:03.644 20/01/2026]',-11.30619,-0.7449613,-0.814119,-1.274239,4.610755E-10,4.610755E-10,-2.326107,7.377716
'[19:08:03.652 20/01/2026]',-12.66009,-3.156377,-3.848931,-30.17732,4.610755E-10,4.610755E-10,-0.3750189,-26.29322
'[19:08:03.660 20/01/2026]',0.08545087,-2.811391,-1.016383,11.83219,4.610755E-10,4.610755E-10,-7.288688,6.089376
'[19:08:03.668 20/01/2026]',0.7405771,0.6990141,0.6597428,7.297284,4.610755E-10,4.610755E-10,1.897122,8.704748
'[19:08:03.676 20/01/2026]',10.18067,-0.2745866,-1.314233,-9.672602,4.610755E-10,4.610755E-10,6.78613,-6.524938
'[19:08:03.684 20/01/2026]',8.358171,12.0323,13.5158,19.35419,4.610755E-10,4.610755E-10,4.236398,20.57308
'[19:08:03.692 20/01/2026]',-30.23797,-14.01094,-15.43336,-24.82462,4.610755E-10,4.610755E-10,-12.65509,-26.46841
'[19:08:03.700 20/01/2026]',7.859781,-5.624816,-5.026766,-2.62429,4.610755E-10,4.610755E-10,-2.830739,-8.754188
'[19:08:03.708 20/01/2026]',18.46946,20.5704,19.74847,32.74759,4.610755E-10,4.610755E-10,15.69162,41.6065
'[19:08:03.716 20/01/2026]',-28.51682,-10.63764,-13.28614,-37.55516,4.610755E-10,4.610755E-10,-8.988685,-39.48704
'[19:08:03.724 20/01/2026]',18.86346,-5.458947,-0.3500325,12.02433,4.610755E-10,4.610755E-10,-0.611955,4.953743
'[19:08:03.732 20/01/2026]',12.21798,0.7114643,3.245379,27.85831,4.610755E-10,4.610755E-10,0.5834311,37.57497
'[19:08:03.740 20/01/2026]',-19.76132,-10.3116,-4.672793,-42.07704,4.610755E-10,4.610755E-10,1.61725,-44.58091
'[19:08:03.748 20/01/2026]',17.45544,36.95501,13.15253,19.93279,4.610755E-10,4.610755E-10,4.39616,13.49855
'[19:08:03.756 20/01/2026]',-9.328966,-22.54883,-9.452532,12.65848,4.610755E-10,4.610755E-10,-8.826644,20.45105
'[19:08:03.764 20/01/2026]',8.985707,-6.993737,-2.489494,-16.94225,4.610755E-10,4.610755E-10,7.190551,-18.30404
'[19:08:03.772 20/01/2026]',-4.737334,11.33262,4.870948,-3.498326,4.610755E-10,4.610755E-10,-1.380571,-8.383544
'[19:08:03.780 20/01/2026]',-4.650301,3.522444,0.7846823,18.90649,4.610755E-10,4.610755E-10,-3.267519,15.30532
'[19:08:03.788 20/01/2026]',1.518255,-8.809978,-1.964032,-3.521898,4.610755E-10,4.610755E-10,4.541882,7.398606
'[19:08:03.796 20/01/2026]',1.518255,-8.809978,-1.964032,-3.521898,4.610755E-10,4.610755E-10,4.541882,7.398606
'[19:08:03.804 20/01/2026]',1.518255,-8.809978,-1.964032,-3.521898,4.610755E-10,4.610755E-10,4.541882,7.398606
'[19:08:03.812 20/01/2026]',7.904519,-0.6992372,0.7566277,-17.10441,4.610755E-10,4.610755E-10,1.86909,-17.28596
'[19:08:03.820 20/01/2026]',-7.774786,-0.005769305,-0.3810402,8.459263,4.610755E-10,4.610755E-10,-9.565826,5.220181
'[19:08:03.828 20/01/2026]',2.870816,10.18749,-1.706626,8.378148,4.610755E-10,4.610755E-10,6.461944,4.259429
'[19:08:03.836 20/01/2026]',2.870816,10.18749,-1.706626,8.378148,4.610755E-10,4.610755E-10,6.461944,4.259429
'[19:08:03.844 20/01/2026]',2.870816,10.18749,-1.706626,8.378148,4.610755E-10,4.610755E-10,6.461944,4.259429
'[19:08:03.852 20/01/2026]',9.752722,-3.401939,0.8626108,-5.753697,4.610755E-10,4.610755E-10,-2.011346,-1.82629
'[19:08:03.860 20/01/2026]',-26.99827,-6.204134,1.547369,-13.15814,4.610755E-10,4.610755E-10,3.395355,-12.78435
'[19:08:03.868 20/01/2026]',-26.99827,-6.204134,1.547369,-13.15814,4.610755E-10,4.610755E-10,3.395355,-12.78435
'[19:08:03.876 20/01/2026]',-26.99827,-6.204134,1.547369,-13.15814,4.610755E-10,4.610755E-10,3.395355,-12.78435
'[19:08:03.884 20/01/2026]',-26.99827,-6.204134,1.547369,-13.15814,4.610755E-10,4.610755E-10,3.395355,-12.78435
'[19:08:03.892 20/01/2026]',-26.99827,-6.204134,1.547369,-13.15814,4.610755E-10,4.610755E-10,3.395355,-12.78435
'[19:08:03.900 20/01/2026]',18.95936,1.820148,-1.875404,15.56424,4.610755E-10,4.610755E-10,-3.041351,17.41767
'[19:08:03.908 20/01/2026]',17.2109,9.142704,4.45324,15.61411,4.610755E-10,4.610755E-10,0.9233205,11.82645
'[19:08:03.916 20/01/2026]',-0.5972967,-6.812015,-1.748071,-24.72857,4.610755E-10,4.610755E-10,7.504859,-21.57241
'[19:08:03.924 20/01/2026]',-0.5972967,-6.812015,-1.748071,-24.72857,4.610755E-10,4.610755E-10,7.504859,-21.57241
'[19:08:03.932 20/01/2026]',-0.5972967,-6.812015,-1.748071,-24.72857,4.610755E-10,4.610755E-10,7.504859,-21.57241
'[19:08:03.940 20/01/2026]',-0.5972967,-6.812015,-1.748071,-24.72857,4.610755E-10,4.610755E-10,7.504859,-21.57241
'[19:08:03.948 20/01/2026]',-24.0981,-5.316001,-5.405281,4.469717,4.610755E-10,4.610755E-10,-12.53387,1.921772
'[19:08:03.956 20/01/2026]',15.07091,9.89103,4.962732,13.15763,4.610755E-10,4.610755E-10,3.363757,8.560425
'[19:08:03.964 20/01/2026]',-24.80891,-6.68579,-1.932289,-30.67523,4.610755E-10,4.610755E-10,3.451736,-17.90335
'[19:08:03.972 20/01/2026]',-24.80891,-6.68579,-1.932289,-30.67523,4.610755E-10,4.610755E-10,3.451736,-17.90335
'[19:08:03.980 20/01/2026]',-24.80891,-6.68579,-1.932289,-30.67523,4.610755E-10,4.610755E-10,3.451736,-17.90335
'[19:08:03.988 20/01/2026]',-24.80891,-6.68579,-1.932289,-30.67523,4.610755E-10,4.610755E-10,3.451736,-17.90335
'[19:08:03.996 20/01/2026]',10.28867,5.730047,3.678483,24.70429,4.610755E-10,4.610755E-10,-2.098491,17.13017
'[19:08:04.004 20/01/2026]',21.64445,-4.260839,-3.138424,3.348426,4.610755E-10,4.610755E-10,1.513438,0.5065311
'[19:08:04.012 20/01/2026]',21.64445,-4.260839,-3.138424,3.348426,4.610755E-10,4.610755E-10,1.513438,0.5065311
'[19:08:04.020 20/01/2026]',21.64445,-4.260839,-3.138424,3.348426,4.610755E-10,4.610755E-10,1.513438,0.5065311
'[19:08:04.028 20/01/2026]',21.64445,-4.260839,-3.138424,3.348426,4.610755E-10,4.610755E-10,1.513438,0.5065311
'[19:08:04.036 20/01/2026]',21.64445,-4.260839,-3.138424,3.348426,4.610755E-10,4.610755E-10,1.513438,0.5065311
'[19:08:04.044 20/01/2026]',-17.76064,0.4266027,-1.843999,-23.30474,4.610755E-10,4.610755E-10,1.243633,-20.97779
'[19:08:04.052 20/01/2026]',-0.836114,2.005882,4.428753,25.44106,4.610755E-10,4.610755E-10,-7.681553,26.57562
'[19:08:04.060 20/01/2026]',12.50096,-1.171823,-2.422931,-8.245522,4.610755E-10,4.610755E-10,7.289979,-4.686165
'[19:08:04.068 20/01/2026]',12.50096,-1.171823,-2.422931,-8.245522,4.610755E-10,4.610755E-10,7.289979,-4.686165
'[19:08:04.076 20/01/2026]',12.50096,-1.171823,-2.422931,-8.245522,4.610755E-10,4.610755E-10,7.289979,-4.686165
'[19:08:04.084 20/01/2026]',-12.63628,-0.3176578,-3.015149,-12.78886,4.610755E-10,4.610755E-10,0.8745759,-24.77809
'[19:08:04.092 20/01/2026]',-19.01834,0.3619053,5.199131,7.760812,4.610755E-10,4.610755E-10,-5.704333,24.17496
'[19:08:04.100 20/01/2026]',12.83129,-2.584125,-3.356499,-2.408866,4.610755E-10,4.610755E-10,-3.238075,-3.393098
'[19:08:04.108 20/01/2026]',23.74199,2.154407,0.5003381,5.439824,4.610755E-10,4.610755E-10,9.458152,-14.60306
'[19:08:04.116 20/01/2026]',-17.22408,-1.014425,1.347837,-4.918742,4.610755E-10,4.610755E-10,-2.315522,12.67983
'[19:08:04.124 20/01/2026]',21.84166,5.611463,4.97991,29.51312,4.610755E-10,4.610755E-10,-2.889579,19.29359
'[19:08:04.132 20/01/2026]',-36.98222,-8.806145,-11.24896,-40.5907,4.610755E-10,4.610755E-10,0.7213662,-37.72153
'[19:08:04.140 20/01/2026]',-10.77484,3.737154,3.648204,-5.852599,4.610755E-10,4.610755E-10,0.8279501,11.39858
'[19:08:04.148 20/01/2026]',47.26583,-4.115863,2.198743,35.86764,4.610755E-10,4.610755E-10,-3.846739,14.7367
'[19:08:04.156 20/01/2026]',-7.871202,7.882402,-0.4688102,-8.374082,4.610755E-10,4.610755E-10,11.30965,-10.11139
'[19:08:04.164 20/01/2026]',-38.07863,-6.834966,-0.2995764,-25.97416,4.610755E-10,4.610755E-10,-7.545327,-6.259303
'[19:08:04.172 20/01/2026]',26.70345,1.328249,-1.464135,29.01164,4.610755E-10,4.610755E-10,-10.88581,12.35768
'[19:08:04.180 20/01/2026]',5.253567,6.372112,6.594281,-7.383287,4.610755E-10,4.610755E-10,21.07379,-6.246199
'[19:08:04.188 20/01/2026]',0.5667288,-5.587209,-6.48674,-0.06880652,4.610755E-10,4.610755E-10,-9.347635,-6.438179
'[19:08:04.196 20/01/2026]',-20.34527,-0.9655082,0.3039771,-7.13343,4.610755E-10,4.610755E-10,-7.02671,13.2786
'[19:08:04.204 20/01/2026]',14.91331,2.034536,5.85092,6.300912,4.610755E-10,4.610755E-10,9.076672,-5.021826
'[19:08:04.212 20/01/2026]',-2.137257,1.207641,-6.452039,4.972675,4.610755E-10,4.610755E-10,-1.700376,-6.67207
'[19:08:04.220 20/01/2026]',6.624776,-0.7086601,3.477598,-14.1318,4.610755E-10,4.610755E-10,-0.0312472,5.457895
'[19:08:04.228 20/01/2026]',-13.13582,1.998711,1.119672,15.94684,4.610755E-10,4.610755E-10,2.645221,21.73042
'[19:08:04.236 20/01/2026]',-14.15552,6.281698,-3.214051,-12.91928,4.610755E-10,4.610755E-10,-3.956098,-39.39999
'[19:08:04.244 20/01/2026]',31.69602,-9.219968,5.740695,16.03827,4.610755E-10,4.610755E-10,-1.485614,14.6925
'[19:08:04.252 20/01/2026]',-10.48646,-7.956004,-8.117833,-15.71726,4.610755E-10,4.610755E-10,4.584328,9.528041
'[19:08:04.260 20/01/2026]',-21.39694,15.53872,7.854793,6.144732,4.610755E-10,4.610755E-10,1.767427,-9.366711
'[19:08:04.268 20/01/2026]',19.70662,-7.747979,-6.939867,0.3759584,4.610755E-10,4.610755E-10,-6.097805,6.95446
'[19:08:04.276 20/01/2026]',8.615999,-4.666274,-1.206608,-3.524214,4.610755E-10,4.610755E-10,-1.799796,-11.0185
'[19:08:04.284 20/01/2026]',-7.097367,9.80367,9.760208,16.20525,4.610755E-10,4.610755E-10,11.87861,8.188627
'[19:08:04.292 20/01/2026]',-18.02485,-1.445091,-5.971262,-29.25644,4.610755E-10,4.610755E-10,-8.17197,6.043367
'[19:08:04.300 20/01/2026]',12.98645,-5.300745,-3.806298,11.4006,4.610755E-10,4.610755E-10,-4.341207,-8.56171
'[19:08:04.308 20/01/2026]',18.7914,3.576867,6.138402,11.73374,4.610755E-10,4.610755E-10,4.959596,-1.338726
'[19:08:04.316 20/01/2026]',0.02796442,-0.6991512,0.9710343,7.109024,4.610755E-10,4.610755E-10,4.474604,12.33258
'[19:08:04.324 20/01/2026]',-17.00174,0.4072251,-5.902088,-21.59239,4.610755E-10,4.610755E-10,-2.720838,-7.510746
'[19:08:04.332 20/01/2026]',-12.03335,-7.869182,-5.581478,-16.88772,4.610755E-10,4.610755E-10,-12.01893,-13.8866
'[19:08:04.340 20/01/2026]',20.30125,8.498985,13.16787,39.37411,4.610755E-10,4.610755E-10,6.464017,21.82365
'[19:08:04.348 20/01/2026]',-9.0474,-4.678974,-9.11528,-23.04954,4.610755E-10,4.610755E-10,-0.160328,-17.17601
'[19:08:04.356 20/01/2026]',-15.3076,-23.91615,-9.364196,-7.011258,4.610755E-10,4.610755E-10,1.459977,-7.598709
'[19:08:04.364 20/01/2026]',11.87621,45.74569,19.63396,9.382676,4.610755E-10,4.610755E-10,-1.884824,4.2959
'[19:08:04.372 20/01/2026]',-36.31621,-10.55605,-4.137454,-2.196797,4.610755E-10,4.610755E-10,0.1542664,8.363647
'[19:08:04.380 20/01/2026]',-36.31621,-10.55605,-4.137454,-2.196797,4.610755E-10,4.610755E-10,0.1542664,8.363647
'[19:08:04.388 20/01/2026]',53.47724,-23.26307,-11.38219,4.920683,4.610755E-10,4.610755E-10,-0.09876332,-3.077064
'[19:08:04.396 20/01/2026]',-16.76079,15.16475,6.49284,1.510027,4.610755E-10,4.610755E-10,1.01039,-4.752005
'[19:08:04.404 20/01/2026]',-39.8963,6.037165,3.88511,-18.34486,4.610755E-10,4.610755E-10,-1.136769,-5.503238
'[19:08:04.412 20/01/2026]',-39.8963,6.037165,3.88511,-18.34486,4.610755E-10,4.610755E-10,-1.136769,-5.503238
'[19:08:04.420 20/01/2026]',-39.8963,6.037165,3.88511,-18.34486,4.610755E-10,4.610755E-10,-1.136769,-5.503238
'[19:08:04.428 20/01/2026]',-39.8963,6.037165,3.88511,-18.34486,4.610755E-10,4.610755E-10,-1.136769,-5.503238
'[19:08:04.436 20/01/2026]',19.50473,-10.5361,-5.329323,3.223669,4.610755E-10,4.610755E-10,-2.936056,11.66895
'[19:08:04.444 20/01/2026]',49.76254,-1.102709,4.000962,25.15897,4.610755E-10,4.610755E-10,2.877378,-0.7331913
'[19:08:04.452 20/01/2026]',3.527161,9.042759,0.01767376,10.18054,4.610755E-10,4.610755E-10,8.807331,12.7214
'[19:08:04.460 20/01/2026]',3.527161,9.042759,0.01767376,10.18054,4.610755E-10,4.610755E-10,8.807331,12.7214
'[19:08:04.468 20/01/2026]',3.527161,9.042759,0.01767376,10.18054,4.610755E-10,4.610755E-10,8.807331,12.7214
'[19:08:04.476 20/01/2026]',3.527161,9.042759,0.01767376,10.18054,4.610755E-10,4.610755E-10,8.807331,12.7214
'[19:08:04.484 20/01/2026]',-57.34297,-7.733542,-5.736413,-54.57904,4.610755E-10,4.610755E-10,-8.055595,-16.80081
'[19:08:04.492 20/01/2026]',-47.81633,-1.422751,-1.83286,1.421902,4.610755E-10,4.610755E-10,-15.1163,-27.26312
'[19:08:04.500 20/01/2026]',71.38121,7.02357,6.650306,57.03347,4.610755E-10,4.610755E-10,15.48993,34.4658
'[19:08:04.508 20/01/2026]',71.38121,7.02357,6.650306,57.03347,4.610755E-10,4.610755E-10,15.48993,34.4658
'[19:08:04.516 20/01/2026]',71.38121,7.02357,6.650306,57.03347,4.610755E-10,4.610755E-10,15.48993,34.4658
'[19:08:04.524 20/01/2026]',71.38121,7.02357,6.650306,57.03347,4.610755E-10,4.610755E-10,15.48993,34.4658
'[19:08:04.532 20/01/2026]',18.63713,-2.008509,-0.02863678,-33.48199,4.610755E-10,4.610755E-10,3.054071,3.034476
'[19:08:04.540 20/01/2026]',14.80316,-0.6956428,2.545396,18.69432,4.610755E-10,4.610755E-10,-0.4353018,4.839298
'[19:08:04.548 20/01/2026]',-37.74085,6.996794,0.1483796,-13.34251,4.610755E-10,4.610755E-10,0.5865425,-12.08443
'[19:08:04.556 20/01/2026]',-37.74085,6.996794,0.1483796,-13.34251,4.610755E-10,4.610755E-10,0.5865425,-12.08443
'[19:08:04.564 20/01/2026]',-37.74085,6.996794,0.1483796,-13.34251,4.610755E-10,4.610755E-10,0.5865425,-12.08443
'[19:08:04.572 20/01/2026]',-61.28167,-11.57562,-11.03609,-30.46642,4.610755E-10,4.610755E-10,-12.70838,-30.1082
'[19:08:04.580 20/01/2026]',71.43968,13.62785,17.86004,47.42278,4.610755E-10,4.610755E-10,18.71303,39.96679
'[19:08:04.588 20/01/2026]',71.43968,13.62785,17.86004,47.42278,4.610755E-10,4.610755E-10,18.71303,39.96679
'[19:08:04.596 20/01/2026]',71.43968,13.62785,17.86004,47.42278,4.610755E-10,4.610755E-10,18.71303,39.96679
'[19:08:04.604 20/01/2026]',71.43968,13.62785,17.86004,47.42278,4.610755E-10,4.610755E-10,18.71303,39.96679
'[19:08:04.612 20/01/2026]',71.43968,13.62785,17.86004,47.42278,4.610755E-10,4.610755E-10,18.71303,39.96679
'[19:08:04.620 20/01/2026]',0.06674743,-9.929262,-15.69396,-19.91392,4.610755E-10,4.610755E-10,-13.1606,-8.886215
'[19:08:04.628 20/01/2026]',-8.424994,13.58193,8.496394,15.43186,4.610755E-10,4.610755E-10,11.88105,9.693922
'[19:08:04.636 20/01/2026]',-7.586927,-15.68401,-4.005175,-22.52743,4.610755E-10,4.610755E-10,-12.91356,-16.44735
'[19:08:04.644 20/01/2026]',-7.586927,-15.68401,-4.005175,-22.52743,4.610755E-10,4.610755E-10,-12.91356,-16.44735
'[19:08:04.652 20/01/2026]',-7.586927,-15.68401,-4.005175,-22.52743,4.610755E-10,4.610755E-10,-12.91356,-16.44735
'[19:08:04.660 20/01/2026]',-7.586927,-15.68401,-4.005175,-22.52743,4.610755E-10,4.610755E-10,-12.91356,-16.44735
'[19:08:04.668 20/01/2026]',-18.55302,11.63175,11.734,-0.8314537,4.610755E-10,4.610755E-10,11.94813,-5.396306
'[19:08:04.676 20/01/2026]',25.81083,-6.437161,-13.708,25.17674,4.610755E-10,4.610755E-10,-7.824171,14.20627
'[19:08:04.684 20/01/2026]',0.624305,-19.53045,-15.33224,-34.06179,4.610755E-10,4.610755E-10,-16.01531,-14.10166
'[19:08:04.692 20/01/2026]',0.624305,-19.53045,-15.33224,-34.06179,4.610755E-10,4.610755E-10,-16.01531,-14.10166
'[19:08:04.700 20/01/2026]',0.624305,-19.53045,-15.33224,-34.06179,4.610755E-10,4.610755E-10,-16.01531,-14.10166
'[19:08:04.708 20/01/2026]',20.10561,43.84774,46.07267,43.5675,4.610755E-10,4.610755E-10,44.72855,25.66596
'[19:08:04.716 20/01/2026]',-59.532,-39.61159,-46.03127,-35.89817,4.610755E-10,4.610755E-10,-48.38199,-21.11247
'[19:08:04.724 20/01/2026]',16.03034,2.280822,7.041533,-21.53033,4.610755E-10,4.610755E-10,7.737591,-23.8676
'[19:08:04.732 20/01/2026]',33.82196,10.57872,11.90114,44.09988,4.610755E-10,4.610755E-10,17.45332,19.97695
'[19:08:04.740 20/01/2026]',-2.331025,17.04346,11.29243,12.38466,4.610755E-10,4.610755E-10,8.466549,39.9994
'[19:08:04.748 20/01/2026]',-55.92007,-29.90826,-26.54642,-64.37222,4.610755E-10,4.610755E-10,-32.47671,-54.76487
'[19:08:04.756 20/01/2026]',48.47427,8.905221,13.12225,49.47456,4.610755E-10,4.610755E-10,18.30666,14.54899
'[19:08:04.764 20/01/2026]',26.75407,14.59023,8.596561,11.9875,4.610755E-10,4.610755E-10,10.13302,32.54498
'[19:08:04.772 20/01/2026]',-49.21493,-12.74103,-13.18203,-42.51332,4.610755E-10,4.610755E-10,-14.24077,-34.1649
'[19:08:04.780 20/01/2026]',25.58342,-3.790676,-0.7568277,21.04154,4.610755E-10,4.610755E-10,-0.8777477,8.20954
'[19:08:04.788 20/01/2026]',-0.7705092,5.382865,5.166929,9.518254,4.610755E-10,4.610755E-10,3.056386,6.957918
'[19:08:04.796 20/01/2026]',-27.21594,1.885548,-1.491577,-25.47337,4.610755E-10,4.610755E-10,2.774361,-24.59556
'[19:08:04.804 20/01/2026]',5.81255,-1.226798,0.005460449,10.74796,4.610755E-10,4.610755E-10,-4.06851,17.64312
'[19:08:04.812 20/01/2026]',5.691719,0.2230086,2.428716,3.753261,4.610755E-10,4.610755E-10,-2.260064,7.671639
'[19:08:04.820 20/01/2026]',-9.061515,-2.778937,-7.667217,-13.77957,4.610755E-10,4.610755E-10,3.893745,-22.24119
'[19:08:04.828 20/01/2026]',57.79898,6.075262,11.33061,36.4478,4.610755E-10,4.610755E-10,5.619358,37.63427
'[19:08:04.836 20/01/2026]',-7.139597,-4.616159,-2.241912,-9.94406,4.610755E-10,4.610755E-10,-1.100441,-3.823417
'[19:08:04.844 20/01/2026]',-56.85218,1.315487,-5.218323,-28.57407,4.610755E-10,4.610755E-10,-8.30665,-39.46922
'[19:08:04.852 20/01/2026]',16.32147,0.1234206,0.7033311,14.06027,4.610755E-10,4.610755E-10,0.6560642,23.78498
'[19:08:04.860 20/01/2026]',-23.60481,0.1687341,-0.18163,-13.68715,4.610755E-10,4.610755E-10,4.068337,-7.697392
'[19:08:04.868 20/01/2026]',30.07871,-4.286841,-1.260519,25.44826,4.610755E-10,4.610755E-10,-2.040731,2.024086
'[19:08:04.876 20/01/2026]',35.04588,6.77415,8.854292,4.90396,4.610755E-10,4.610755E-10,6.645616,14.31746
'[19:08:04.884 20/01/2026]',-57.31717,-2.226682,-8.23418,-30.54711,4.610755E-10,4.610755E-10,-3.30745,-18.60046
'[19:08:04.892 20/01/2026]',-6.669145,-7.62963,-5.530335,1.207691,4.610755E-10,4.610755E-10,-12.83717,-7.480412
'[19:08:04.900 20/01/2026]',41.74866,6.683457,10.35694,29.0666,4.610755E-10,4.610755E-10,14.74635,24.82931
'[19:08:04.908 20/01/2026]',8.249242,3.627472,1.232881,-3.609923,4.610755E-10,4.610755E-10,2.554096,4.830899
'[19:08:04.916 20/01/2026]',-7.775572,-4.592653,-6.031594,-10.23605,4.610755E-10,4.610755E-10,-5.432781,-19.43955
'[19:08:04.924 20/01/2026]',-16.18116,3.509547,2.300853,2.57812,4.610755E-10,4.610755E-10,2.729042,4.588064
'[19:08:04.932 20/01/2026]',-56.79546,-8.552491,-6.983869,-32.00767,4.610755E-10,4.610755E-10,-15.02906,-17.61133
'[19:08:04.940 20/01/2026]',43.63526,6.457771,7.377804,19.071,4.610755E-10,4.610755E-10,7.11654,8.604835
'[19:08:04.948 20/01/2026]',44.45872,0.5844172,0.4125034,33.64189,4.610755E-10,4.610755E-10,10.88012,18.15307
'[19:08:04.956 20/01/2026]',-5.609809,1.754212,0.5614196,-10.3361,4.610755E-10,4.610755E-10,1.540669,6.263373
'[19:08:04.964 20/01/2026]',-60.05934,-5.438375,-6.042679,-40.25332,4.610755E-10,4.610755E-10,-16.91667,-37.07648
'[19:08:04.972 20/01/2026]',13.88355,-1.550309,0.4774098,18.9291,4.610755E-10,4.610755E-10,2.373541,17.98041
'[19:08:04.980 20/01/2026]',36.64275,1.82178,2.322286,15.83931,4.610755E-10,4.610755E-10,10.21662,13.61172
'[19:08:04.988 20/01/2026]',0.3766721,1.713485,1.796336,-1.918979,4.610755E-10,4.610755E-10,3.971086,-12.84941
'[19:08:04.996 20/01/2026]',-28.23766,-0.3274957,-2.187641,-16.24574,4.610755E-10,4.610755E-10,-13.21543,-0.5689207
'[19:08:05.004 20/01/2026]',8.378413,-1.881879,-1.021554,10.72237,4.610755E-10,4.610755E-10,-2.081671,10.48532
'[19:08:05.012 20/01/2026]',38.08248,1.793135,3.104552,11.26141,4.610755E-10,4.610755E-10,14.13929,-2.481699
'[19:08:05.020 20/01/2026]',-25.65423,0.8914958,-2.448622,-16.49177,4.610755E-10,4.610755E-10,-3.243766,-6.771567
'[19:08:05.028 20/01/2026]',-25.65423,0.8914958,-2.448622,-16.49177,4.610755E-10,4.610755E-10,-3.243766,-6.771567
'[19:08:05.036 20/01/2026]',-25.65423,0.8914958,-2.448622,-16.49177,4.610755E-10,4.610755E-10,-3.243766,-6.771567
'[19:08:05.044 20/01/2026]',-25.65423,0.8914958,-2.448622,-16.49177,4.610755E-10,4.610755E-10,-3.243766,-6.771567
'[19:08:05.052 20/01/2026]',-76.99616,-1.684272,-2.107546,-25.92006,4.610755E-10,4.610755E-10,-11.58196,-20.35504
'[19:08:05.060 20/01/2026]',44.38059,-1.331705,1.995579,25.24077,4.610755E-10,4.610755E-10,1.532201,20.1901
'[19:08:05.068 20/01/2026]',64.43671,0.3881658,0.7340649,16.37647,4.610755E-10,4.610755E-10,10.69857,6.018549
'[19:08:05.076 20/01/2026]',64.43671,0.3881658,0.7340649,16.37647,4.610755E-10,4.610755E-10,10.69857,6.018549
'[19:08:05.084 20/01/2026]',64.43671,0.3881658,0.7340649,16.37647,4.610755E-10,4.610755E-10,10.69857,6.018549
'[19:08:05.092 20/01/2026]',64.43671,0.3881658,0.7340649,16.37647,4.610755E-10,4.610755E-10,10.69857,6.018549
'[19:08:05.100 20/01/2026]',-4.8503,5.722278,6.215971,0.3065738,4.610755E-10,4.610755E-10,4.78548,13.80118
'[19:08:05.108 20/01/2026]',-62.39208,-4.425941,-7.460355,-14.6897,4.610755E-10,4.610755E-10,-14.14229,-28.39105
'[19:08:05.116 20/01/2026]',9.70515,-15.15685,-0.02192675,-14.16983,4.610755E-10,4.610755E-10,7.350072,4.37738
'[19:08:05.124 20/01/2026]',9.70515,-15.15685,-0.02192675,-14.16983,4.610755E-10,4.610755E-10,7.350072,4.37738
'[19:08:05.132 20/01/2026]',9.70515,-15.15685,-0.02192675,-14.16983,4.610755E-10,4.610755E-10,7.350072,4.37738
'[19:08:05.140 20/01/2026]',9.70515,-15.15685,-0.02192675,-14.16983,4.610755E-10,4.610755E-10,7.350072,4.37738
'[19:08:05.148 20/01/2026]',-35.42228,32.10341,4.416321,-11.59416,4.610755E-10,4.610755E-10,-5.394958,-22.70765
'[19:08:05.156 20/01/2026]',9.812181,-10.178,-6.236329,21.68312,4.610755E-10,4.610755E-10,-4.198559,6.344162
'[19:08:05.164 20/01/2026]',62.19382,-13.78844,3.323078,26.92639,4.610755E-10,4.610755E-10,8.170197,50.46265
'[19:08:05.172 20/01/2026]',62.19382,-13.78844,3.323078,26.92639,4.610755E-10,4.610755E-10,8.170197,50.46265
'[19:08:05.180 20/01/2026]',62.19382,-13.78844,3.323078,26.92639,4.610755E-10,4.610755E-10,8.170197,50.46265
'[19:08:05.188 20/01/2026]',62.19382,-13.78844,3.323078,26.92639,4.610755E-10,4.610755E-10,8.170197,50.46265
'[19:08:05.196 20/01/2026]',13.28868,9.626876,4.170152,-18.84752,4.610755E-10,4.610755E-10,1.317374,-25.73568
'[19:08:05.204 20/01/2026]',-91.15762,1.41311,-8.613241,-32.50785,4.610755E-10,4.610755E-10,-11.97591,-51.20472
'[19:08:05.212 20/01/2026]',-91.15762,1.41311,-8.613241,-32.50785,4.610755E-10,4.610755E-10,-11.97591,-51.20472
'[19:08:05.220 20/01/2026]',-91.15762,1.41311,-8.613241,-32.50785,4.610755E-10,4.610755E-10,-11.97591,-51.20472
'[19:08:05.228 20/01/2026]',-91.15762,1.41311,-8.613241,-32.50785,4.610755E-10,4.610755E-10,-11.97591,-51.20472
'[19:08:05.236 20/01/2026]',-91.15762,1.41311,-8.613241,-32.50785,4.610755E-10,4.610755E-10,-11.97591,-51.20472
'[19:08:05.244 20/01/2026]',97.19717,-14.82266,-4.689308,50.54755,4.610755E-10,4.610755E-10,5.855437,79.85336
'[19:08:05.252 20/01/2026]',40.51251,19.76101,24.49266,8.811995,4.610755E-10,4.610755E-10,17.92089,17.64335
'[19:08:05.260 20/01/2026]',-64.34892,1.948346,-9.234519,-31.74003,4.610755E-10,4.610755E-10,-8.430361,-60.52753
'[19:08:05.268 20/01/2026]',-64.34892,1.948346,-9.234519,-31.74003,4.610755E-10,4.610755E-10,-8.430361,-60.52753
'[19:08:05.276 20/01/2026]',-64.34892,1.948346,-9.234519,-31.74003,4.610755E-10,4.610755E-10,-8.430361,-60.52753
'[19:08:05.284 20/01/2026]',-64.34892,1.948346,-9.234519,-31.74003,4.610755E-10,4.610755E-10,-8.430361,-60.52753
'[19:08:05.292 20/01/2026]',-67.84693,-17.17559,-16.3055,-17.59488,4.610755E-10,4.610755E-10,-17.61077,-8.907032
'[19:08:05.300 20/01/2026]',45.86927,8.628051,15.02979,22.44972,4.610755E-10,4.610755E-10,13.52686,27.98028
'[19:08:05.308 20/01/2026]',38.0756,4.211868,1.637606,8.984861,4.610755E-10,4.610755E-10,4.12468,0.9263974
'[19:08:05.316 20/01/2026]',-38.50253,-7.910736,-11.3625,-23.23541,4.610755E-10,4.610755E-10,-10.12355,-25.76365
'[19:08:05.324 20/01/2026]',9.605706,2.508105,7.030051,18.1244,4.610755E-10,4.610755E-10,1.033482,23.34785
'[19:08:05.332 20/01/2026]',0.5193416,0.375883,-2.39458,-8.408419,4.610755E-10,4.610755E-10,3.52056,-0.5474997
'[19:08:05.340 20/01/2026]',-29.39421,-10.94555,-12.70915,-22.50977,4.610755E-10,4.610755E-10,-16.33885,-35.61572
'[19:08:05.348 20/01/2026]',26.14107,12.93685,14.84104,33.01161,4.610755E-10,4.610755E-10,16.34561,29.89971
'[19:08:05.356 20/01/2026]',11.40216,12.17706,6.252892,-6.562766,4.610755E-10,4.610755E-10,10.4425,9.411561
'[19:08:05.364 20/01/2026]',-33.95647,-14.73684,-13.88773,-16.63882,4.610755E-10,4.610755E-10,-21.81078,-21.658
'[19:08:05.372 20/01/2026]',21.04348,-12.10748,0.8611103,12.90862,4.610755E-10,4.610755E-10,2.079476,6.523486
'[19:08:05.380 20/01/2026]',12.40896,15.47269,9.262586,9.619607,4.610755E-10,4.610755E-10,12.8718,11.15566
'[19:08:05.388 20/01/2026]',-4.783529,6.255776,0.1649101,-10.36261,4.610755E-10,4.610755E-10,0.04603955,-10.08978
'[19:08:05.396 20/01/2026]',-24.92317,-20.85137,-16.09432,-12.1939,4.610755E-10,4.610755E-10,-18.80324,-7.418559
'[19:08:05.404 20/01/2026]',-4.740653,9.34836,11.43023,6.018397,4.610755E-10,4.610755E-10,10.45258,4.816778
'[19:08:05.412 20/01/2026]',52.24519,7.835532,7.451118,24.01765,4.610755E-10,4.610755E-10,11.782,17.17581
'[19:08:05.420 20/01/2026]',-35.25724,-15.2237,-18.45173,-35.09803,4.610755E-10,4.610755E-10,-16.90343,-29.1675
'[19:08:05.428 20/01/2026]',-13.96663,7.674244,8.845828,12.38308,4.610755E-10,4.610755E-10,2.379089,12.29493
'[19:08:05.436 20/01/2026]',17.0766,4.184707,3.80741,12.73295,4.610755E-10,4.610755E-10,7.349809,13.93901
'[19:08:05.444 20/01/2026]',-0.4834418,-11.33941,-10.9477,-21.40541,4.610755E-10,4.610755E-10,-7.530535,-25.21945
'[19:08:05.452 20/01/2026]',2.575774,7.859898,8.949143,18.76775,4.610755E-10,4.610755E-10,2.912373,15.35614
'[19:08:05.460 20/01/2026]',-20.0231,-0.1951385,-0.6082878,-14.76629,4.610755E-10,4.610755E-10,0.05683489,-6.264935
'[19:08:05.468 20/01/2026]',30.93039,-1.271153,-2.754016,7.348567,4.610755E-10,4.610755E-10,1.386746,4.419326
'[19:08:05.476 20/01/2026]',-2.855699,-3.122732,1.224284,17.80397,4.610755E-10,4.610755E-10,-3.32392,10.93712
'[19:08:05.484 20/01/2026]',-7.256485,2.026088,-1.008461,-20.72031,4.610755E-10,4.610755E-10,4.586055,-11.32787
'[19:08:05.492 20/01/2026]',-40.43991,0.9198049,-0.5335201,-22.65487,4.610755E-10,4.610755E-10,-5.642992,-22.02361
'[19:08:05.500 20/01/2026]',15.03684,-16.54386,-7.256147,31.96913,4.610755E-10,4.610755E-10,-4.110887,19.23194
'[19:08:05.508 20/01/2026]',29.17582,3.417574,7.221159,3.160075,4.610755E-10,4.610755E-10,8.700171,23.60368
'[19:08:05.516 20/01/2026]',12.36641,31.59648,7.385507,-19.83136,4.610755E-10,4.610755E-10,3.821489,-36.10205
'[19:08:05.524 20/01/2026]',-29.66407,-20.02296,-13.62439,-2.314326,4.610755E-10,4.610755E-10,-14.50305,10.03478
'[19:08:05.532 20/01/2026]',-34.89362,-16.15026,-1.877049,16.29238,4.610755E-10,4.610755E-10,-1.788965,13.35344
'[19:08:05.540 20/01/2026]',31.04595,-1.422266,2.588364,-11.87926,4.610755E-10,4.610755E-10,13.14498,-34.37109
'[19:08:05.548 20/01/2026]',-2.644317,-0.8648318,-10.2399,-8.808439,4.610755E-10,4.610755E-10,-14.47724,12.13862
'[19:08:05.556 20/01/2026]',46.65992,75.39982,45.77318,38.63962,4.610755E-10,4.610755E-10,19.81365,26.33326
'[19:08:05.564 20/01/2026]',-22.06163,-68.93076,-36.58373,-23.20986,4.610755E-10,4.610755E-10,-14.68044,-19.13477
'[19:08:05.572 20/01/2026]',-38.83352,-19.6246,-14.54954,-24.22615,4.610755E-10,4.610755E-10,-5.342483,-14.02609
'[19:08:05.580 20/01/2026]',5.827882,40.90988,24.28847,28.08952,4.610755E-10,4.610755E-10,9.599194,8.699307
'[19:08:05.588 20/01/2026]',17.53144,-4.775768,-1.298525,-6.200646,4.610755E-10,4.610755E-10,1.671482,17.94644
'[19:08:05.596 20/01/2026]',-6.708984,-12.60618,-9.868872,-10.00599,4.610755E-10,4.610755E-10,-7.252079,-25.081
'[19:08:05.604 20/01/2026]',22.79906,-3.089729,-1.276932,11.32931,4.610755E-10,4.610755E-10,-0.4022108,2.537391
'[19:08:05.612 20/01/2026]',-33.60247,7.310934,1.314691,-8.234752,4.610755E-10,4.610755E-10,-0.922986,19.43943
'[19:08:05.620 20/01/2026]',-9.054912,-0.07820658,2.382809,-6.338376,4.610755E-10,4.610755E-10,-1.612903,-36.77577
'[19:08:05.628 20/01/2026]',34.48489,4.124689,7.795983,21.19177,4.610755E-10,4.610755E-10,12.58315,26.15142
'[19:08:05.636 20/01/2026]',34.48489,4.124689,7.795983,21.19177,4.610755E-10,4.610755E-10,12.58315,26.15142
'[19:08:05.644 20/01/2026]',34.48489,4.124689,7.795983,21.19177,4.610755E-10,4.610755E-10,12.58315,26.15142
'[19:08:05.652 20/01/2026]',34.48489,4.124689,7.795983,21.19177,4.610755E-10,4.610755E-10,12.58315,26.15142
'[19:08:05.660 20/01/2026]',40.19403,3.473789,0.7659956,1.666052,4.610755E-10,4.610755E-10,2.798895,21.5808
'[19:08:05.668 20/01/2026]',-90.39081,-10.52478,-9.848107,-21.32992,4.610755E-10,4.610755E-10,-14.44645,-21.09605
'[19:08:05.676 20/01/2026]',76.41971,5.310674,3.590945,18.30136,4.610755E-10,4.610755E-10,5.192452,-3.339961
'[19:08:05.684 20/01/2026]',76.41971,5.310674,3.590945,18.30136,4.610755E-10,4.610755E-10,5.192452,-3.339961
'[19:08:05.692 20/01/2026]',76.41971,5.310674,3.590945,18.30136,4.610755E-10,4.610755E-10,5.192452,-3.339961
'[19:08:05.700 20/01/2026]',76.41971,5.310674,3.590945,18.30136,4.610755E-10,4.610755E-10,5.192452,-3.339961
'[19:08:05.708 20/01/2026]',-42.00877,1.627091,3.478966,-12.61719,4.610755E-10,4.610755E-10,1.742214,8.11721
'[19:08:05.716 20/01/2026]',-42.00877,1.627091,3.478966,-12.61719,4.610755E-10,4.610755E-10,1.742214,8.11721
'[19:08:05.724 20/01/2026]',-42.00877,1.627091,3.478966,-12.61719,4.610755E-10,4.610755E-10,1.742214,8.11721
'[19:08:05.732 20/01/2026]',-42.00877,1.627091,3.478966,-12.61719,4.610755E-10,4.610755E-10,1.742214,8.11721
'[19:08:05.740 20/01/2026]',-42.00877,1.627091,3.478966,-12.61719,4.610755E-10,4.610755E-10,1.742214,8.11721
'[19:08:05.748 20/01/2026]',-42.00877,1.627091,3.478966,-12.61719,4.610755E-10,4.610755E-10,1.742214,8.11721
'[19:08:05.756 20/01/2026]',-64.0982,0.9200857,-8.232537,-10.97426,4.610755E-10,4.610755E-10,-5.519369,-19.81934
'[19:08:05.764 20/01/2026]',120.3705,0.1284429,6.633172,34.2935,4.610755E-10,4.610755E-10,3.792949,33.26566
'[19:08:05.772 20/01/2026]',-10.71189,-10.40176,3.81612,-13.85529,4.610755E-10,4.610755E-10,1.105333,0.2004031
'[19:08:05.780 20/01/2026]',-106.5901,1.657429,-14.68089,-33.63782,4.610755E-10,4.610755E-10,-8.512758,-62.03405
'[19:08:05.788 20/01/2026]',-106.5901,1.657429,-14.68089,-33.63782,4.610755E-10,4.610755E-10,-8.512758,-62.03405
'[19:08:05.796 20/01/2026]',-106.5901,1.657429,-14.68089,-33.63782,4.610755E-10,4.610755E-10,-8.512758,-62.03405
'[19:08:05.804 20/01/2026]',79.60589,7.551392,9.519011,37.73684,4.610755E-10,4.610755E-10,9.143443,45.60399
'[19:08:05.812 20/01/2026]',57.70809,-4.156585,2.86502,4.508126,4.610755E-10,4.610755E-10,-0.9469259,33.0785
'[19:08:05.820 20/01/2026]',-42.70655,0.7700465,-7.181957,-23.60505,4.610755E-10,4.610755E-10,2.883731,-61.20772
'[19:08:05.828 20/01/2026]',-42.70655,0.7700465,-7.181957,-23.60505,4.610755E-10,4.610755E-10,2.883731,-61.20772
'[19:08:05.836 20/01/2026]',-42.70655,0.7700465,-7.181957,-23.60505,4.610755E-10,4.610755E-10,2.883731,-61.20772
'[19:08:05.844 20/01/2026]',-61.22136,-1.693147,6.951339,21.00592,4.610755E-10,4.610755E-10,-8.052571,15.07418
'[19:08:05.852 20/01/2026]',25.5297,1.283497,-1.036128,-13.53948,4.610755E-10,4.610755E-10,3.649717,41.59398
'[19:08:05.860 20/01/2026]',1.384675,-3.135239,-15.27298,-23.53399,4.610755E-10,4.610755E-10,-4.901306,-31.85309
'[19:08:05.868 20/01/2026]',1.384675,-3.135239,-15.27298,-23.53399,4.610755E-10,4.610755E-10,-4.901306,-31.85309
'[19:08:05.876 20/01/2026]',1.384675,-3.135239,-15.27298,-23.53399,4.610755E-10,4.610755E-10,-4.901306,-31.85309
'[19:08:05.884 20/01/2026]',1.384675,-3.135239,-15.27298,-23.53399,4.610755E-10,4.610755E-10,-4.901306,-31.85309
'[19:08:05.892 20/01/2026]',-33.91732,-13.45147,1.800839,14.7369,4.610755E-10,4.610755E-10,-11.69227,-43.59521
'[19:08:05.900 20/01/2026]',69.93129,31.38917,27.66051,27.89302,4.610755E-10,4.610755E-10,33.94111,55.92728
'[19:08:05.908 20/01/2026]',-37.1563,-8.660309,-17.37724,-15.99611,4.610755E-10,4.610755E-10,-16.35419,0.1608637
'[19:08:05.916 20/01/2026]',21.66346,-10.16932,-5.502071,-7.001054,4.610755E-10,4.610755E-10,-2.597533,-19.0808
'[19:08:05.924 20/01/2026]',-5.100546,16.33738,19.98973,14.9574,4.610755E-10,4.610755E-10,14.79018,10.54454
'[19:08:05.932 20/01/2026]',-55.28671,-6.358665,-10.05047,5.041251,4.610755E-10,4.610755E-10,-6.399386,-3.722044
'[19:08:05.940 20/01/2026]',68.15997,-17.9685,-9.651925,-28.14956,4.610755E-10,4.610755E-10,-20.56603,-5.402695
'[19:08:05.948 20/01/2026]',18.2523,15.63771,6.960803,-9.523516,4.610755E-10,4.610755E-10,19.30414,-21.17277
'[19:08:05.956 20/01/2026]',-72.62005,0.9580362,-2.975406,20.50159,4.610755E-10,4.610755E-10,-3.485643,3.629485
'[19:08:05.964 20/01/2026]',-4.029763,-28.37115,-4.116149,14.30899,4.610755E-10,4.610755E-10,-10.42962,36.58435
'[19:08:05.972 20/01/2026]',84.5314,31.53311,10.84152,2.015914,4.610755E-10,4.610755E-10,21.45952,3.242637
'[19:08:05.980 20/01/2026]',-35.04739,9.251032,-4.256876,-37.58234,4.610755E-10,4.610755E-10,-12.25235,-49.20749
'[19:08:05.988 20/01/2026]',-67.24867,-27.64124,1.725487,21.89393,4.610755E-10,4.610755E-10,-7.20271,30.14676
'[19:08:05.996 20/01/2026]',57.18781,13.5385,0.6531801,1.637532,4.610755E-10,4.610755E-10,14.65576,16.16492
'[19:08:06.004 20/01/2026]',17.95891,-2.135898,-8.778341,6.861239,4.610755E-10,4.610755E-10,-8.643535,-12.65057
'[19:08:06.012 20/01/2026]',-38.59648,-0.002945917,15.4305,-11.70945,4.610755E-10,4.610755E-10,6.411051,-35.10934
'[19:08:06.020 20/01/2026]',-45.20557,11.0946,-3.187649,18.06754,4.610755E-10,4.610755E-10,3.063243,64.67403
'[19:08:06.028 20/01/2026]',153.3202,-19.47963,-12.53385,3.387983,4.610755E-10,4.610755E-10,-5.145002,-12.67226
'[19:08:06.036 20/01/2026]',44.8302,12.73189,8.9583,-47.13144,4.610755E-10,4.610755E-10,1.436949,-62.29231
'[19:08:06.044 20/01/2026]',-234.1225,0.2858097,5.722525,50.72278,4.610755E-10,4.610755E-10,-3.294473,54.89164
'[19:08:06.052 20/01/2026]',113.287,-4.310775,-9.721997,4.607421,4.610755E-10,4.610755E-10,7.121389,10.49002
'[19:08:06.060 20/01/2026]',16.10587,1.577272,-0.7464085,-67.61446,4.610755E-10,4.610755E-10,-8.344045,-31.40059
'[19:08:06.068 20/01/2026]',-106.5117,-4.316282,7.254151,27.15897,4.610755E-10,4.610755E-10,0.7928058,13.60984
'[19:08:06.076 20/01/2026]',99.04997,13.9341,0.9742227,47.99292,4.610755E-10,4.610755E-10,17.67752,-42.72392
'[19:08:06.084 20/01/2026]',71.5994,-13.32914,5.670322,6.397005,4.610755E-10,4.610755E-10,-17.26565,105.4438
'[19:08:06.092 20/01/2026]',-146.9494,-9.902897,-35.0446,-102.0526,4.610755E-10,4.610755E-10,-14.13446,-129.5185
'[19:08:06.100 20/01/2026]',29.93244,29.24011,36.85902,74.47866,4.610755E-10,4.610755E-10,19.983,64.50922
'[19:08:06.108 20/01/2026]',95.60778,-10.37304,5.731353,22.67656,4.610755E-10,4.610755E-10,14.54799,37.57938
'[19:08:06.116 20/01/2026]',-156.5366,-21.50502,-41.22586,-73.01424,4.610755E-10,4.610755E-10,-42.52863,-67.9239
'[19:08:06.124 20/01/2026]',69.09439,20.77828,33.55829,50.68647,4.610755E-10,4.610755E-10,19.40656,43.38898
'[19:08:06.132 20/01/2026]',106.0461,-5.811674,-13.23022,-3.748894,4.610755E-10,4.610755E-10,20.53311,-36.23266
'[19:08:06.140 20/01/2026]',-136.329,2.540463,5.348343,-12.72925,4.610755E-10,4.610755E-10,-20.0659,34.85685
'[19:08:06.148 20/01/2026]',-10.71531,-2.472111,-0.5025216,-1.996887,4.610755E-10,4.610755E-10,-7.294556,2.798779
'[19:08:06.156 20/01/2026]',101.6955,-3.31876,-6.866635,4.99422,4.610755E-10,4.610755E-10,14.87061,-50.79548
'[19:08:06.164 20/01/2026]',-92.74053,-0.5182084,4.615458,3.516965,4.610755E-10,4.610755E-10,-7.083575,49.09167
'[19:08:06.172 20/01/2026]',20.23857,6.122525,-3.988754,-24.78767,4.610755E-10,4.610755E-10,-7.057236,-28.20289
'[19:08:06.180 20/01/2026]',57.93951,22.91246,24.17555,66.59264,4.610755E-10,4.610755E-10,28.59245,52.52778
'[19:08:06.188 20/01/2026]',59.9192,-50.2826,-27.82092,-65.48272,4.610755E-10,4.610755E-10,-8.540367,-37.66443
'[19:08:06.196 20/01/2026]',-115.1847,20.44047,4.01539,-17.21867,4.610755E-10,4.610755E-10,-38.33627,-50.53957
'[19:08:06.204 20/01/2026]',-115.1847,20.44047,4.01539,-17.21867,4.610755E-10,4.610755E-10,-38.33627,-50.53957
'[19:08:06.212 20/01/2026]',-115.1847,20.44047,4.01539,-17.21867,4.610755E-10,4.610755E-10,-38.33627,-50.53957
'[19:08:06.220 20/01/2026]',-115.1847,20.44047,4.01539,-17.21867,4.610755E-10,4.610755E-10,-38.33627,-50.53957
'[19:08:06.228 20/01/2026]',-72.03853,14.50379,5.935219,73.16518,4.610755E-10,4.610755E-10,18.55458,70.34855
'[19:08:06.236 20/01/2026]',121.0899,-11.55814,-6.426138,-35.67187,4.610755E-10,4.610755E-10,20.6363,-27.97944
'[19:08:06.244 20/01/2026]',34.06192,3.550985,21.81498,-11.3272,4.610755E-10,4.610755E-10,-5.265742,51.31205
'[19:08:06.252 20/01/2026]',34.06192,3.550985,21.81498,-11.3272,4.610755E-10,4.610755E-10,-5.265742,51.31205
'[19:08:06.260 20/01/2026]',34.06192,3.550985,21.81498,-11.3272,4.610755E-10,4.610755E-10,-5.265742,51.31205
'[19:08:06.268 20/01/2026]',-114.482,-10.56222,-16.32768,10.90671,4.610755E-10,4.610755E-10,-15.94566,-51.02962
'[19:08:06.276 20/01/2026]',3.21543,9.437466,-13.51057,-53.14983,4.610755E-10,4.610755E-10,-0.3576803,-69.40279
'[19:08:06.284 20/01/2026]',139.5856,5.398402,17.3142,89.43274,4.610755E-10,4.610755E-10,21.8262,122.416
'[19:08:06.292 20/01/2026]',139.5856,5.398402,17.3142,89.43274,4.610755E-10,4.610755E-10,21.8262,122.416
'[19:08:06.300 20/01/2026]',139.5856,5.398402,17.3142,89.43274,4.610755E-10,4.610755E-10,21.8262,122.416
'[19:08:06.308 20/01/2026]',139.5856,5.398402,17.3142,89.43274,4.610755E-10,4.610755E-10,21.8262,122.416
'[19:08:06.316 20/01/2026]',-133.7855,-10.42888,-1.798459,-34.82604,4.610755E-10,4.610755E-10,-10.77938,-25.27578
'[19:08:06.324 20/01/2026]',34.47443,4.210351,-2.878872,-26.14932,4.610755E-10,4.610755E-10,-6.058223,-51.24364
'[19:08:06.332 20/01/2026]',34.47443,4.210351,-2.878872,-26.14932,4.610755E-10,4.610755E-10,-6.058223,-51.24364
'[19:08:06.340 20/01/2026]',34.47443,4.210351,-2.878872,-26.14932,4.610755E-10,4.610755E-10,-6.058223,-51.24364
'[19:08:06.348 20/01/2026]',34.47443,4.210351,-2.878872,-26.14932,4.610755E-10,4.610755E-10,-6.058223,-51.24364
'[19:08:06.356 20/01/2026]',34.47443,4.210351,-2.878872,-26.14932,4.610755E-10,4.610755E-10,-6.058223,-51.24364
'[19:08:06.364 20/01/2026]',9.173034,-3.401143,1.686845,10.25059,4.610755E-10,4.610755E-10,3.060328,1.508291
'[19:08:06.372 20/01/2026]',-61.05138,5.121343,-3.827493,-9.629333,4.610755E-10,4.610755E-10,-0.4359375,-4.31323
'[19:08:06.380 20/01/2026]',105.7199,7.012424,6.542292,75.41917,4.610755E-10,4.610755E-10,6.435476,131.8587
'[19:08:06.388 20/01/2026]',105.7199,7.012424,6.542292,75.41917,4.610755E-10,4.610755E-10,6.435476,131.8587
'[19:08:06.396 20/01/2026]',105.7199,7.012424,6.542292,75.41917,4.610755E-10,4.610755E-10,6.435476,131.8587
'[19:08:06.404 20/01/2026]',105.7199,7.012424,6.542292,75.41917,4.610755E-10,4.610755E-10,6.435476,131.8587
'[19:08:06.412 20/01/2026]',-37.12817,-26.20769,0.7143369,-46.42397,4.610755E-10,4.610755E-10,-1.053046,-104.9617
'[19:08:06.420 20/01/2026]',-62.58564,10.41975,12.4638,-22.43488,4.610755E-10,4.610755E-10,-16.17974,-38.74734
'[19:08:06.428 20/01/2026]',-62.58564,10.41975,12.4638,-22.43488,4.610755E-10,4.610755E-10,-16.17974,-38.74734
'[19:08:06.436 20/01/2026]',-62.58564,10.41975,12.4638,-22.43488,4.610755E-10,4.610755E-10,-16.17974,-38.74734
'[19:08:06.444 20/01/2026]',-62.58564,10.41975,12.4638,-22.43488,4.610755E-10,4.610755E-10,-16.17974,-38.74734
'[19:08:06.452 20/01/2026]',64.67287,33.76698,-39.02862,-64.83866,4.610755E-10,4.610755E-10,45.36687,82.98492
'[19:08:06.460 20/01/2026]',-21.42164,-23.01784,9.933743,126.4902,4.610755E-10,4.610755E-10,-63.93008,-193.2375
'[19:08:06.468 20/01/2026]',19.05686,-22.35966,42.50246,18.93395,4.610755E-10,4.610755E-10,13.58854,307.278
'[19:08:06.476 20/01/2026]',67.25706,27.57833,-39.06752,-108.9159,4.610755E-10,4.610755E-10,55.38728,-80.01652
'[19:08:06.484 20/01/2026]',67.25706,27.57833,-39.06752,-108.9159,4.610755E-10,4.610755E-10,55.38728,-80.01652
'[19:08:06.492 20/01/2026]',67.25706,27.57833,-39.06752,-108.9159,4.610755E-10,4.610755E-10,55.38728,-80.01652
'[19:08:06.500 20/01/2026]',67.25706,27.57833,-39.06752,-108.9159,4.610755E-10,4.610755E-10,55.38728,-80.01652
'[19:08:06.508 20/01/2026]',-128.9263,-3.926079,12.54081,-10.8272,4.610755E-10,4.610755E-10,-44.90393,-265.498
'[19:08:06.516 20/01/2026]',-55.54069,-12.77317,-11.47047,144.1782,4.610755E-10,4.610755E-10,-23.28482,251.3711
'[19:08:06.524 20/01/2026]',234.2709,16.25729,11.28577,-73.47878,4.610755E-10,4.610755E-10,50.25582,68.8737
'[19:08:06.532 20/01/2026]',-49.25976,-11.11097,9.662332,-62.62709,4.610755E-10,4.610755E-10,-9.02891,-233.1412
'[19:08:06.540 20/01/2026]',-198.0666,-5.423178,-30.52859,61.19489,4.610755E-10,4.610755E-10,-39.16754,102.4716
'[19:08:06.548 20/01/2026]',111.7953,9.863284,12.61664,6.925806,4.610755E-10,4.610755E-10,34.99854,35.55454
'[19:08:06.556 20/01/2026]',118.8171,4.18618,20.26745,-10.1744,4.610755E-10,4.610755E-10,6.441459,-6.107212
'[19:08:06.564 20/01/2026]',-113.9588,-14.41106,-22.27838,-9.377447,4.610755E-10,4.610755E-10,-30.2431,-45.07334
'[19:08:06.572 20/01/2026]',-58.64058,-1.825442,-8.549138,-28.93228,4.610755E-10,4.610755E-10,12.29965,-14.6182
'[19:08:06.580 20/01/2026]',109.9219,18.98559,26.82805,76.63029,4.610755E-10,4.610755E-10,14.84461,85.90114
'[19:08:06.588 20/01/2026]',-51.28022,-8.053477,-9.189731,-62.76941,4.610755E-10,4.610755E-10,-16.38248,-66.28333
'[19:08:06.596 20/01/2026]',-28.90983,-12.68664,-15.31865,-3.065878,4.610755E-10,4.610755E-10,-4.807952,-20.63095
'[19:08:06.604 20/01/2026]',83.2938,19.09035,21.54914,57.74049,4.610755E-10,4.610755E-10,19.95199,70.83051
'[19:08:06.612 20/01/2026]',-64.72789,-12.51907,-14.4314,-49.44574,4.610755E-10,4.610755E-10,-12.4653,-45.05015
'[19:08:06.620 20/01/2026]',-12.63968,-3.189673,-4.591044,-13.2609,4.610755E-10,4.610755E-10,-10.17888,-19.86802
'[19:08:06.628 20/01/2026]',58.24636,13.0675,18.24195,41.07164,4.610755E-10,4.610755E-10,18.71382,52.64116
'[19:08:06.636 20/01/2026]',-15.38578,-3.471765,-5.827449,-4.230891,4.610755E-10,4.610755E-10,-4.98481,-15.4113
'[19:08:06.644 20/01/2026]',-28.65869,-5.421368,-8.884164,-17.21721,4.610755E-10,4.610755E-10,3.181859,-27.09145
'[19:08:06.652 20/01/2026]',-13.62511,-36.29818,-7.848701,-12.397,4.610755E-10,4.610755E-10,-14.5667,6.648094
'[19:08:06.660 20/01/2026]',5.562492,5.428437,6.644224,3.56245,4.610755E-10,4.610755E-10,0.3465545,30.80927
'[19:08:06.668 20/01/2026]',78.83974,112.6705,36.75871,46.66046,4.610755E-10,4.610755E-10,25.67199,-20.29392
'[19:08:06.676 20/01/2026]',-79.55754,-77.2743,-32.53948,-21.92351,4.610755E-10,4.610755E-10,-19.60764,-5.229064
'[19:08:06.684 20/01/2026]',24.25587,-41.12839,-9.430871,-8.266395,4.610755E-10,4.610755E-10,-2.143019,26.2535
'[19:08:06.692 20/01/2026]',6.025617,54.5822,17.60349,-20.27685,4.610755E-10,4.610755E-10,16.44067,-46.93785
'[19:08:06.700 20/01/2026]',-33.02306,-2.463132,-0.5424421,32.06987,4.610755E-10,4.610755E-10,-23.52233,37.06719
'[19:08:06.708 20/01/2026]',65.46218,-20.06726,-3.397249,16.34157,4.610755E-10,4.610755E-10,17.3046,21.52197
'[19:08:06.716 20/01/2026]',-43.3644,-5.807801,-8.311154,-62.61882,4.610755E-10,4.610755E-10,2.094246,-73.33926
'[19:08:06.724 20/01/2026]',-47.4207,28.50801,7.716591,7.638524,4.610755E-10,4.610755E-10,-13.63182,39.1812
'[19:08:06.732 20/01/2026]',22.76506,-13.93938,-0.4260398,26.90707,4.610755E-10,4.610755E-10,1.525704,23.9934
'[19:08:06.740 20/01/2026]',37.07075,-14.07908,-7.296741,-11.33054,4.610755E-10,4.610755E-10,3.573614,-34.52926
'[19:08:06.748 20/01/2026]',8.60511,18.84076,10.40002,21.26698,4.610755E-10,4.610755E-10,2.63457,22.15825
'[19:08:06.756 20/01/2026]',8.60511,18.84076,10.40002,21.26698,4.610755E-10,4.610755E-10,2.63457,22.15825
'[19:08:06.764 20/01/2026]',8.60511,18.84076,10.40002,21.26698,4.610755E-10,4.610755E-10,2.63457,22.15825
'[19:08:06.772 20/01/2026]',8.60511,18.84076,10.40002,21.26698,4.610755E-10,4.610755E-10,2.63457,22.15825
'[19:08:06.780 20/01/2026]',8.60511,18.84076,10.40002,21.26698,4.610755E-10,4.610755E-10,2.63457,22.15825
'[19:08:06.788 20/01/2026]',1.029009,16.71055,3.865316,10.07268,4.610755E-10,4.610755E-10,12.65064,6.93171
'[19:08:06.796 20/01/2026]',-43.59933,-22.34175,-11.74712,-40.45123,4.610755E-10,4.610755E-10,-16.85459,-32.40732
'[19:08:06.804 20/01/2026]',-3.214386,-12.43633,-0.8640713,0.112514,4.610755E-10,4.610755E-10,-17.30356,1.31735
'[19:08:06.812 20/01/2026]',22.80061,12.64595,4.355784,17.89251,4.610755E-10,4.610755E-10,27.24984,13.15333
'[19:08:06.820 20/01/2026]',22.80061,12.64595,4.355784,17.89251,4.610755E-10,4.610755E-10,27.24984,13.15333
'[19:08:06.828 20/01/2026]',22.80061,12.64595,4.355784,17.89251,4.610755E-10,4.610755E-10,27.24984,13.15333
'[19:08:06.836 20/01/2026]',7.861953,6.118471,3.930295,10.37695,4.610755E-10,4.610755E-10,1.496157,12.8819
'[19:08:06.844 20/01/2026]',19.97878,-11.38753,-6.452072,-9.846064,4.610755E-10,4.610755E-10,-16.70546,-11.22156
'[19:08:06.852 20/01/2026]',-46.92886,-4.854232,-3.781228,-13.02764,4.610755E-10,4.610755E-10,-2.225965,-18.26755
'[19:08:06.860 20/01/2026]',39.37702,11.30154,6.769539,20.09432,4.610755E-10,4.610755E-10,15.61478,30.2148
'[19:08:06.868 20/01/2026]',-28.54217,-4.445445,-0.8040836,-17.91059,4.610755E-10,4.610755E-10,-5.267466,-13.31129
'[19:08:06.876 20/01/2026]',2.675058,-8.785126,-11.34077,-1.061107,4.610755E-10,4.610755E-10,-14.11387,-22.41087
'[19:08:06.884 20/01/2026]',40.84774,18.12374,21.51942,38.07153,4.610755E-10,4.610755E-10,21.195,37.64739
'[19:08:06.892 20/01/2026]',-63.73591,-9.828442,-12.58653,-45.46569,4.610755E-10,4.610755E-10,-11.25653,-19.49684
'[19:08:06.900 20/01/2026]',14.07985,-1.765437,-1.78176,4.925537,4.610755E-10,4.610755E-10,3.6877,-1.575629
'[19:08:06.908 20/01/2026]',14.07985,-1.765437,-1.78176,4.925537,4.610755E-10,4.610755E-10,3.6877,-1.575629
'[19:08:06.916 20/01/2026]',14.07985,-1.765437,-1.78176,4.925537,4.610755E-10,4.610755E-10,3.6877,-1.575629
'[19:08:06.924 20/01/2026]',14.07985,-1.765437,-1.78176,4.925537,4.610755E-10,4.610755E-10,3.6877,-1.575629
'[19:08:06.932 20/01/2026]',44.71716,-0.9765201,3.089582,24.22892,4.610755E-10,4.610755E-10,1.326934,11.75113
'[19:08:06.940 20/01/2026]',-26.22461,4.137386,1.79719,-7.292348,4.610755E-10,4.610755E-10,-6.613806,2.679898
'[19:08:06.948 20/01/2026]',22.19319,1.247531,-0.560313,0.3678188,4.610755E-10,4.610755E-10,14.42341,5.452229
'[19:08:06.956 20/01/2026]',22.19319,1.247531,-0.560313,0.3678188,4.610755E-10,4.610755E-10,14.42341,5.452229
'[19:08:06.964 20/01/2026]',22.19319,1.247531,-0.560313,0.3678188,4.610755E-10,4.610755E-10,14.42341,5.452229
'[19:08:06.972 20/01/2026]',22.19319,1.247531,-0.560313,0.3678188,4.610755E-10,4.610755E-10,14.42341,5.452229
'[19:08:06.980 20/01/2026]',-57.37946,-5.511485,-5.320207,-35.90404,4.610755E-10,4.610755E-10,-27.99103,-32.00357
'[19:08:06.988 20/01/2026]',18.84048,4.588816,-0.5945643,10.2682,4.610755E-10,4.610755E-10,23.72649,-15.50731
'[19:08:06.996 20/01/2026]',6.85291,-1.697991,11.41605,54.51649,4.610755E-10,4.610755E-10,-9.082201,46.45088
'[19:08:07.004 20/01/2026]',6.85291,-1.697991,11.41605,54.51649,4.610755E-10,4.610755E-10,-9.082201,46.45088
'[19:08:07.012 20/01/2026]',6.85291,-1.697991,11.41605,54.51649,4.610755E-10,4.610755E-10,-9.082201,46.45088
'[19:08:07.020 20/01/2026]',2.291592,2.543159,-7.550794,-31.8858,4.610755E-10,4.610755E-10,5.519941,-6.435962
'[19:08:07.028 20/01/2026]',6.991125,-2.988975,-2.475639,-30.96852,4.610755E-10,4.610755E-10,0.7513703,-35.36335
'[19:08:07.036 20/01/2026]',6.991125,-2.988975,-2.475639,-30.96852,4.610755E-10,4.610755E-10,0.7513703,-35.36335
'[19:08:07.044 20/01/2026]',6.991125,-2.988975,-2.475639,-30.96852,4.610755E-10,4.610755E-10,0.7513703,-35.36335
'[19:08:07.052 20/01/2026]',6.991125,-2.988975,-2.475639,-30.96852,4.610755E-10,4.610755E-10,0.7513703,-35.36335
'[19:08:07.060 20/01/2026]',6.991125,-2.988975,-2.475639,-30.96852,4.610755E-10,4.610755E-10,0.7513703,-35.36335
'[19:08:07.068 20/01/2026]',-4.978443,-0.7872941,6.343614,42.8939,4.610755E-10,4.610755E-10,-8.459572,53.74868
'[19:08:07.076 20/01/2026]',-7.316604,7.482159,0.45521,-9.534921,4.610755E-10,4.610755E-10,11.25718,-18.10064
'[19:08:07.084 20/01/2026]',-0.1308081,-8.821732,-7.943228,-27.03825,4.610755E-10,4.610755E-10,-8.088837,-40.18457
'[19:08:07.092 20/01/2026]',-0.1308081,-8.821732,-7.943228,-27.03825,4.610755E-10,4.610755E-10,-8.088837,-40.18457
'[19:08:07.100 20/01/2026]',-0.1308081,-8.821732,-7.943228,-27.03825,4.610755E-10,4.610755E-10,-8.088837,-40.18457
'[19:08:07.108 20/01/2026]',-0.1308081,-8.821732,-7.943228,-27.03825,4.610755E-10,4.610755E-10,-8.088837,-40.18457
'[19:08:07.116 20/01/2026]',25.59922,4.042106,6.632779,21.55173,4.610755E-10,4.610755E-10,4.643071,36.27943
'[19:08:07.124 20/01/2026]',-52.72339,-5.004735,-3.377546,0.8004864,4.610755E-10,4.610755E-10,-9.284379,9.533119
'[19:08:07.132 20/01/2026]',19.37483,-0.1291286,-2.523126,-17.98385,4.610755E-10,4.610755E-10,5.684626,-42.96748
'[19:08:07.140 20/01/2026]',21.59014,-14.62273,-2.084721,8.818341,4.610755E-10,4.610755E-10,-5.169513,15.53541
'[19:08:07.148 20/01/2026]',-6.489949,39.42179,15.51493,30.29263,4.610755E-10,4.610755E-10,7.321978,52.36072
'[19:08:07.156 20/01/2026]',24.16842,-21.04952,-12.29897,-25.36586,4.610755E-10,4.610755E-10,-0.3850821,-49.43242
'[19:08:07.164 20/01/2026]',-62.84595,-4.930034,1.382803,-26.48683,4.610755E-10,4.610755E-10,-9.574292,-14.65297
'[19:08:07.172 20/01/2026]',26.2153,5.474826,0.1978451,36.6279,4.610755E-10,4.610755E-10,7.734932,22.00066
'[19:08:07.180 20/01/2026]',34.65306,-16.42382,-1.532986,2.176662,4.610755E-10,4.610755E-10,6.097774,8.159874
'[19:08:07.188 20/01/2026]',-57.33683,29.1374,1.542024,-40.76665,4.610755E-10,4.610755E-10,-18.58859,-11.77467
'[19:08:07.196 20/01/2026]',56.63254,-11.99329,1.634709,32.06065,4.610755E-10,4.610755E-10,9.46035,-0.9215838
'[19:08:07.204 20/01/2026]',-35.69376,-7.593063,-3.397832,0.6783414,4.610755E-10,4.610755E-10,8.522292,7.940126
'[19:08:07.212 20/01/2026]',-11.88008,8.218449,0.1298134,-16.59493,4.610755E-10,4.610755E-10,-8.776989,-6.680345
'[19:08:07.220 20/01/2026]',38.23527,-0.8479832,5.641009,13.68671,4.610755E-10,4.610755E-10,5.115713,2.655388
'[19:08:07.228 20/01/2026]',-16.03716,7.522526,-1.565523,5.060874,4.610755E-10,4.610755E-10,-1.326256,8.186887
'[19:08:07.236 20/01/2026]',-10.32532,-6.048671,-4.113697,-14.11209,4.610755E-10,4.610755E-10,-1.356827,-7.479246
'[19:08:07.244 20/01/2026]',36.23363,-11.15968,4.086392,20.40913,4.610755E-10,4.610755E-10,5.129741,-8.703249
'[19:08:07.252 20/01/2026]',-15.25422,12.37938,-2.132063,0.5181727,4.610755E-10,4.610755E-10,-5.608445,16.66888
'[19:08:07.260 20/01/2026]',-59.29868,-5.490842,-4.689662,-48.4283,4.610755E-10,4.610755E-10,-5.707756,-5.35675
'[19:08:07.268 20/01/2026]',65.1577,1.120766,8.184802,38.1684,4.610755E-10,4.610755E-10,5.919865,-14.89606
'[19:08:07.276 20/01/2026]',18.98072,1.400665,-3.05827,15.55979,4.610755E-10,4.610755E-10,8.496182,-3.475477
'[19:08:07.284 20/01/2026]',-17.11325,-3.321746,-8.658793,-19.92176,4.610755E-10,4.610755E-10,-6.295547,34.91625
'[19:08:07.292 20/01/2026]',-71.99705,3.829758,13.67849,-9.612496,4.610755E-10,4.610755E-10,-6.142219,-0.4375946
'[19:08:07.300 20/01/2026]',-20.64078,-5.096316,-5.552865,-29.2902,4.610755E-10,4.610755E-10,-7.730595,-34.96155
'[19:08:07.308 20/01/2026]',148.7495,1.431094,-5.939548,44.32033,4.610755E-10,4.610755E-10,11.18972,16.09372
'[19:08:07.316 20/01/2026]',-67.38248,2.458654,7.244969,2.615084,4.610755E-10,4.610755E-10,9.076624,10.74264
'[19:08:07.324 20/01/2026]',-63.04863,0.1457301,-2.44372,-29.24594,4.610755E-10,4.610755E-10,-12.5886,-8.07718
'[19:08:07.332 20/01/2026]',44.05714,-25.48158,-8.609957,6.913456,4.610755E-10,4.610755E-10,-2.942412,-12.38695
'[19:08:07.340 20/01/2026]',25.66137,23.64178,12.80271,14.51018,4.610755E-10,4.610755E-10,11.88935,5.443495
'[19:08:07.348 20/01/2026]',-13.37178,18.46606,-0.9836995,2.050087,4.610755E-10,4.610755E-10,-2.653581,4.43656
'[19:08:07.356 20/01/2026]',17.61045,-24.87078,-2.465126,20.18286,4.610755E-10,4.610755E-10,-3.40272,9.197371
'[19:08:07.364 20/01/2026]',-14.65687,-2.249983,-3.669293,-10.1427,4.610755E-10,4.610755E-10,3.901016,-41.78475
'[19:08:07.372 20/01/2026]',-18.79766,2.89977,-1.468603,-27.03043,4.610755E-10,4.610755E-10,-3.588884,-15.20047
'[19:08:07.380 20/01/2026]',34.04498,9.720681,4.880061,-25.16871,4.610755E-10,4.610755E-10,-5.835292,90.13029
'[19:08:07.388 20/01/2026]',-8.896739,-7.567639,1.030464,34.22927,4.610755E-10,4.610755E-10,6.472706,-18.94825
'[19:08:07.396 20/01/2026]',-2.871898,-1.482141,-5.214656,-2.325672,4.610755E-10,4.610755E-10,1.040486,-43.82523
'[19:08:07.404 20/01/2026]',-97.27942,4.026935,-2.058776,-20.07994,4.610755E-10,4.610755E-10,-3.245584,57.03771
'[19:08:07.412 20/01/2026]',61.41504,-0.07013714,5.314772,25.20156,4.610755E-10,4.610755E-10,-5.65997,-22.18817
'[19:08:07.420 20/01/2026]',75.42722,-0.4660359,-0.7182486,-1.960065,4.610755E-10,4.610755E-10,15.54184,-28.24915
'[19:08:07.428 20/01/2026]',-64.86461,-4.821442,-2.702455,-8.571322,4.610755E-10,4.610755E-10,-11.23638,2.699928
'[19:08:07.436 20/01/2026]',-5.165178,6.316706,5.473972,12.89785,4.610755E-10,4.610755E-10,4.007267,24.52152
'[19:08:07.444 20/01/2026]',-5.165178,6.316706,5.473972,12.89785,4.610755E-10,4.610755E-10,4.007267,24.52152
'[19:08:07.452 20/01/2026]',-5.165178,6.316706,5.473972,12.89785,4.610755E-10,4.610755E-10,4.007267,24.52152
'[19:08:07.460 20/01/2026]',17.76704,-2.668755,-5.145172,-12.20276,4.610755E-10,4.610755E-10,-3.56903,-15.07037
'[19:08:07.468 20/01/2026]',11.48443,-2.449331,1.3414,1.278054,4.610755E-10,4.610755E-10,1.508704,-7.724338
'[19:08:07.476 20/01/2026]',11.48443,-2.449331,1.3414,1.278054,4.610755E-10,4.610755E-10,1.508704,-7.724338
'[19:08:07.484 20/01/2026]',-7.644118,8.293267,3.014125,10.9317,4.610755E-10,4.610755E-10,6.998943,16.73818
'[19:08:07.492 20/01/2026]',-7.644118,8.293267,3.014125,10.9317,4.610755E-10,4.610755E-10,6.998943,16.73818
'[19:08:07.500 20/01/2026]',-7.644118,8.293267,3.014125,10.9317,4.610755E-10,4.610755E-10,6.998943,16.73818
'[19:08:07.508 20/01/2026]',-32.73568,-0.2634288,-6.333449,-23.43045,4.610755E-10,4.610755E-10,-6.892522,-8.350161
'[19:08:07.516 20/01/2026]',-32.73568,-0.2634288,-6.333449,-23.43045,4.610755E-10,4.610755E-10,-6.892522,-8.350161
'[19:08:07.524 20/01/2026]',46.95381,-7.293987,4.409597,4.82376,4.610755E-10,4.610755E-10,-1.347283,-0.3924645
'[19:08:07.532 20/01/2026]',46.95381,-7.293987,4.409597,4.82376,4.610755E-10,4.610755E-10,-1.347283,-0.3924645
'[19:08:07.540 20/01/2026]',46.95381,-7.293987,4.409597,4.82376,4.610755E-10,4.610755E-10,-1.347283,-0.3924645
'[19:08:07.548 20/01/2026]',46.95381,-7.293987,4.409597,4.82376,4.610755E-10,4.610755E-10,-1.347283,-0.3924645
'[19:08:07.556 20/01/2026]',46.95381,-7.293987,4.409597,4.82376,4.610755E-10,4.610755E-10,-1.347283,-0.3924645
'[19:08:07.564 20/01/2026]',-4.85847,4.408851,8.011993,7.325277,4.610755E-10,4.610755E-10,7.272367,10.0792
'[19:08:07.572 20/01/2026]',-38.75137,-4.717088,-11.74807,-15.71797,4.610755E-10,4.610755E-10,-3.069993,-9.31249
'[19:08:07.580 20/01/2026]',34.60921,-0.3855842,1.764688,31.69435,4.610755E-10,4.610755E-10,-3.831532,-2.965893
'[19:08:07.588 20/01/2026]',7.683568,4.033037,2.004291,24.0911,4.610755E-10,4.610755E-10,-1.544662,-4.345228
'[19:08:07.596 20/01/2026]',7.683568,4.033037,2.004291,24.0911,4.610755E-10,4.610755E-10,-1.544662,-4.345228
'[19:08:07.604 20/01/2026]',7.683568,4.033037,2.004291,24.0911,4.610755E-10,4.610755E-10,-1.544662,-4.345228
'[19:08:07.612 20/01/2026]',-24.79195,3.636954,4.157188,-49.69613,4.610755E-10,4.610755E-10,14.43371,7.25255
'[19:08:07.620 20/01/2026]',3.077323,-7.186542,-4.093596,-17.84706,4.610755E-10,4.610755E-10,-11.50753,1.66487
'[19:08:07.628 20/01/2026]',3.077323,-7.186542,-4.093596,-17.84706,4.610755E-10,4.610755E-10,-11.50753,1.66487
'[19:08:07.636 20/01/2026]',18.7916,-6.271216,-3.460448,35.31072,4.610755E-10,4.610755E-10,-7.773286,-1.55297
'[19:08:07.644 20/01/2026]',18.7916,-6.271216,-3.460448,35.31072,4.610755E-10,4.610755E-10,-7.773286,-1.55297
'[19:08:07.652 20/01/2026]',18.7916,-6.271216,-3.460448,35.31072,4.610755E-10,4.610755E-10,-7.773286,-1.55297
'[19:08:07.660 20/01/2026]',-14.80231,17.2906,10.24322,14.99837,4.610755E-10,4.610755E-10,9.854045,-7.789103
'[19:08:07.668 20/01/2026]',-14.80231,17.2906,10.24322,14.99837,4.610755E-10,4.610755E-10,9.854045,-7.789103
'[19:08:07.676 20/01/2026]',-14.80231,17.2906,10.24322,14.99837,4.610755E-10,4.610755E-10,9.854045,-7.789103
'[19:08:07.684 20/01/2026]',-4.871925,-9.211974,-6.095339,-25.93635,4.610755E-10,4.610755E-10,6.064118,-3.353107
'[19:08:07.692 20/01/2026]',-4.871925,-9.211974,-6.095339,-25.93635,4.610755E-10,4.610755E-10,6.064118,-3.353107
'[19:08:07.700 20/01/2026]',5.61168,-2.796192,-1.704986,-1.90783,4.610755E-10,4.610755E-10,-7.892342,13.74038
'[19:08:07.708 20/01/2026]',5.61168,-2.796192,-1.704986,-1.90783,4.610755E-10,4.610755E-10,-7.892342,13.74038
'[19:08:07.716 20/01/2026]',15.52222,3.220516,0.8454913,8.537059,4.610755E-10,4.610755E-10,-3.340856,7.314237
'[19:08:07.724 20/01/2026]',15.52222,3.220516,0.8454913,8.537059,4.610755E-10,4.610755E-10,-3.340856,7.314237
'[19:08:07.732 20/01/2026]',15.52222,3.220516,0.8454913,8.537059,4.610755E-10,4.610755E-10,-3.340856,7.314237
'[19:08:07.740 20/01/2026]',-12.01477,-0.6439241,-0.8799568,12.97905,4.610755E-10,4.610755E-10,4.730799,-17.13042
'[19:08:07.748 20/01/2026]',-23.13002,-6.32598,-3.107467,-16.89741,4.610755E-10,4.610755E-10,-1.936738,3.863159
'[19:08:07.756 20/01/2026]',21.57358,0.07964434,0.8372303,-5.553824,4.610755E-10,4.610755E-10,-2.158949,4.390932
'[19:08:07.764 20/01/2026]',9.948228,10.39631,6.584128,7.480651,4.610755E-10,4.610755E-10,3.259368,-6.306333
'[19:08:07.772 20/01/2026]',-36.96212,-16.16339,-8.949757,-0.2485276,4.610755E-10,4.610755E-10,2.429304,3.369034
'[19:08:07.780 20/01/2026]',-0.5955819,-15.4169,-10.55647,-19.76428,4.610755E-10,4.610755E-10,-8.394156,6.019521
'[19:08:07.788 20/01/2026]',52.26795,56.37479,29.35899,27.27162,4.610755E-10,4.610755E-10,4.356982,-14.38885
'[19:08:07.796 20/01/2026]',5.905613,-15.56694,-2.988788,9.815519,4.610755E-10,4.610755E-10,3.671451,11.85281
'[19:08:07.804 20/01/2026]',-65.65862,-37.15281,-22.80288,-31.38075,4.610755E-10,4.610755E-10,-3.765655,2.942081
'[19:08:07.812 20/01/2026]',25.90194,23.46431,12.19176,-0.7694057,4.610755E-10,4.610755E-10,-0.936437,-11.45728
'[19:08:07.820 20/01/2026]',46.87082,14.57684,14.48718,44.18244,4.610755E-10,4.610755E-10,11.55834,14.1425
'[19:08:07.828 20/01/2026]',-63.26001,-20.50874,-18.71943,-29.70099,4.610755E-10,4.610755E-10,-10.39151,-1.114176
'[19:08:07.836 20/01/2026]',23.32419,0.586702,0.9419693,-19.04987,4.610755E-10,4.610755E-10,-0.6201744,-12.84276
'[19:08:07.844 20/01/2026]',8.048598,7.30155,8.696068,26.23598,4.610755E-10,4.610755E-10,4.338124,9.353302
'[19:08:07.852 20/01/2026]',-11.30677,-1.518813,-4.832625,11.12067,4.610755E-10,4.610755E-10,-0.2050948,0.9276943
'[19:08:07.860 20/01/2026]',21.1027,6.882831,8.537571,-19.32311,4.610755E-10,4.610755E-10,7.634731,4.450501
'[19:08:07.868 20/01/2026]',-27.03115,-5.240286,-3.736298,-5.646122,4.610755E-10,4.610755E-10,-6.49895,-5.677078
'[19:08:07.876 20/01/2026]',18.28509,2.284472,0.00178887,23.99775,4.610755E-10,4.610755E-10,2.852174,6.108317
'[19:08:07.884 20/01/2026]',-15.44543,-13.14749,-11.06499,-18.94462,4.610755E-10,4.610755E-10,-11.64392,-13.52134
'[19:08:07.892 20/01/2026]',10.37941,20.9775,17.98163,0.9322375,4.610755E-10,4.610755E-10,18.24433,16.27508
'[19:08:07.900 20/01/2026]',-0.3232545,-13.98859,-11.55397,-0.1835449,4.610755E-10,4.610755E-10,-13.84637,-13.83905
'[19:08:07.908 20/01/2026]',-6.377919,-0.3756427,0.9807336,14.22025,4.610755E-10,4.610755E-10,5.458941,7.178527
'[19:08:07.916 20/01/2026]',-0.8751521,-1.859201,-3.083324,-20.0424,4.610755E-10,4.610755E-10,-4.634295,-1.664306
'[19:08:07.924 20/01/2026]',10.44671,8.512733,9.898082,5.964499,4.610755E-10,4.610755E-10,5.500771,-0.8848333
'[19:08:07.932 20/01/2026]',-17.20745,-19.15933,-11.25238,5.77316,4.610755E-10,4.610755E-10,-4.999973,-3.104954
'[19:08:07.940 20/01/2026]',6.095774,21.33577,1.310571,-4.944902,4.610755E-10,4.610755E-10,-3.180722,3.037653
'[19:08:07.948 20/01/2026]',20.32142,3.350934,14.07443,0.400451,4.610755E-10,4.610755E-10,13.40301,2.319211
'[19:08:07.956 20/01/2026]',-25.59485,-27.09174,-25.6442,-3.5453,4.610755E-10,4.610755E-10,-23.26457,-13.45089
'[19:08:07.964 20/01/2026]',15.70024,32.776,22.80099,18.51243,4.610755E-10,4.610755E-10,25.03399,26.41869
'[19:08:07.972 20/01/2026]',-9.399947,-32.94414,-23.21785,-36.95146,4.610755E-10,4.610755E-10,-28.89384,-42.73804
'[19:08:07.980 20/01/2026]',0.02505005,19.6228,19.96392,28.63486,4.610755E-10,4.610755E-10,22.28828,37.45015
'[19:08:07.988 20/01/2026]',4.847072,-8.437377,-12.37566,-8.595023,4.610755E-10,4.610755E-10,-10.984,-9.758343
'[19:08:07.996 20/01/2026]',-4.698348,-6.456346,-4.464509,-2.503657,4.610755E-10,4.610755E-10,-3.842121,-17.21319
'[19:08:08.004 20/01/2026]',-7.121509,8.790615,6.983495,-4.27384,4.610755E-10,4.610755E-10,4.322248,19.12643
'[19:08:08.012 20/01/2026]',6.201177,-3.404074,-2.241396,-0.3001476,4.610755E-10,4.610755E-10,-3.14223,-13.47902
'[19:08:08.020 20/01/2026]',7.310936,8.656696,11.67618,22.01048,4.610755E-10,4.610755E-10,12.4523,14.83477
'[19:08:08.028 20/01/2026]',-5.886828,-6.584325,-10.48397,-15.30622,4.610755E-10,4.610755E-10,-7.609873,-6.56084
'[19:08:08.036 20/01/2026]',4.782319,4.182328,6.588664,-4.670452,4.610755E-10,4.610755E-10,3.373941,3.700306
'[19:08:08.044 20/01/2026]',-13.15906,-12.85243,-13.0681,-2.727804,4.610755E-10,4.610755E-10,-13.96136,-19.71443
'[19:08:08.052 20/01/2026]',9.230721,11.43434,8.455484,17.62468,4.610755E-10,4.610755E-10,12.17836,21.73482
'[19:08:08.060 20/01/2026]',9.230721,11.43434,8.455484,17.62468,4.610755E-10,4.610755E-10,12.17836,21.73482
'[19:08:08.068 20/01/2026]',9.230721,11.43434,8.455484,17.62468,4.610755E-10,4.610755E-10,12.17836,21.73482
'[19:08:08.076 20/01/2026]',9.230721,11.43434,8.455484,17.62468,4.610755E-10,4.610755E-10,12.17836,21.73482
'[19:08:08.084 20/01/2026]',-8.390036,3.165501,3.891127,-16.29494,4.610755E-10,4.610755E-10,2.986877,-0.9411173
'[19:08:08.092 20/01/2026]',-8.390036,3.165501,3.891127,-16.29494,4.610755E-10,4.610755E-10,2.986877,-0.9411173
'[19:08:08.100 20/01/2026]',19.35748,-7.394082,-2.037878,4.682256,4.610755E-10,4.610755E-10,-3.217487,-14.19684
'[19:08:08.108 20/01/2026]',-25.52243,-5.906899,-11.22552,-2.519949,4.610755E-10,4.610755E-10,-12.00389,4.752737
'[19:08:08.116 20/01/2026]',-25.52243,-5.906899,-11.22552,-2.519949,4.610755E-10,4.610755E-10,-12.00389,4.752737
'[19:08:08.124 20/01/2026]',-0.7392601,4.962256,5.79344,-0.8882468,4.610755E-10,4.610755E-10,7.282795,-2.155881
'[19:08:08.132 20/01/2026]',-0.7392601,4.962256,5.79344,-0.8882468,4.610755E-10,4.610755E-10,7.282795,-2.155881
'[19:08:08.140 20/01/2026]',23.55615,0.04578941,3.381209,5.405943,4.610755E-10,4.610755E-10,2.64077,4.687856
'[19:08:08.148 20/01/2026]',23.55615,0.04578941,3.381209,5.405943,4.610755E-10,4.610755E-10,2.64077,4.687856
'[19:08:08.156 20/01/2026]',23.55615,0.04578941,3.381209,5.405943,4.610755E-10,4.610755E-10,2.64077,4.687856
'[19:08:08.164 20/01/2026]',-5.517548,6.57483,3.847183,4.371956,4.610755E-10,4.610755E-10,2.582854,8.695505
'[19:08:08.172 20/01/2026]',-19.84485,-13.95758,-14.22823,-20.62008,4.610755E-10,4.610755E-10,-13.6193,-21.89825
'[19:08:08.180 20/01/2026]',-19.84485,-13.95758,-14.22823,-20.62008,4.610755E-10,4.610755E-10,-13.6193,-21.89825
'[19:08:08.188 20/01/2026]',1.788138,9.353587,8.559452,11.08743,4.610755E-10,4.610755E-10,8.96718,4.237556
'[19:08:08.196 20/01/2026]',1.788138,9.353587,8.559452,11.08743,4.610755E-10,4.610755E-10,8.96718,4.237556
'[19:08:08.204 20/01/2026]',1.788138,9.353587,8.559452,11.08743,4.610755E-10,4.610755E-10,8.96718,4.237556
'[19:08:08.212 20/01/2026]',1.788138,9.353587,8.559452,11.08743,4.610755E-10,4.610755E-10,8.96718,4.237556
'[19:08:08.220 20/01/2026]',19.74536,0.06779198,3.538711,7.526798,4.610755E-10,4.610755E-10,5.027853,16.28539
'[19:08:08.228 20/01/2026]',-21.63116,-10.00442,-13.61666,-16.50744,4.610755E-10,4.610755E-10,-17.74866,-15.68059
'[19:08:08.236 20/01/2026]',-21.63116,-10.00442,-13.61666,-16.50744,4.610755E-10,4.610755E-10,-17.74866,-15.68059
'[19:08:08.244 20/01/2026]',-21.63116,-10.00442,-13.61666,-16.50744,4.610755E-10,4.610755E-10,-17.74866,-15.68059
'[19:08:08.252 20/01/2026]',21.09704,11.66033,13.11776,13.90406,4.610755E-10,4.610755E-10,14.70555,-2.840484
'[19:08:08.260 20/01/2026]',21.09704,11.66033,13.11776,13.90406,4.610755E-10,4.610755E-10,14.70555,-2.840484
'[19:08:08.268 20/01/2026]',21.09704,11.66033,13.11776,13.90406,4.610755E-10,4.610755E-10,14.70555,-2.840484
'[19:08:08.276 20/01/2026]',-14.56085,-2.824251,-3.747657,-7.080812,4.610755E-10,4.610755E-10,0.4740764,21.36965
'[19:08:08.284 20/01/2026]',-14.56085,-2.824251,-3.747657,-7.080812,4.610755E-10,4.610755E-10,0.4740764,21.36965
'[19:08:08.292 20/01/2026]',-10.90034,-6.954945,-5.186714,-6.473053,4.610755E-10,4.610755E-10,-12.65689,-20.85316
'[19:08:08.300 20/01/2026]',42.26523,3.979464,4.568713,24.11109,4.610755E-10,4.610755E-10,9.999922,5.263889
'[19:08:08.308 20/01/2026]',-46.86103,6.793535,3.010189,-22.21955,4.610755E-10,4.610755E-10,2.577507,11.92275
'[19:08:08.316 20/01/2026]',-46.86103,6.793535,3.010189,-22.21955,4.610755E-10,4.610755E-10,2.577507,11.92275
'[19:08:08.324 20/01/2026]',22.57802,-3.104211,-0.6958274,0.3025921,4.610755E-10,4.610755E-10,-3.138521,-14.87361
'[19:08:08.332 20/01/2026]',22.57802,-3.104211,-0.6958274,0.3025921,4.610755E-10,4.610755E-10,-3.138521,-14.87361
'[19:08:08.340 20/01/2026]',-5.247611,-6.317173,-4.279462,15.49127,4.610755E-10,4.610755E-10,-4.000935,-1.738741
'[19:08:08.348 20/01/2026]',-5.247611,-6.317173,-4.279462,15.49127,4.610755E-10,4.610755E-10,-4.000935,-1.738741
'[19:08:08.356 20/01/2026]',-0.9594353,3.622187,1.825384,-7.742749,4.610755E-10,4.610755E-10,4.297334,17.50968
'[19:08:08.364 20/01/2026]',8.326722,5.875453,4.887631,-2.70548,4.610755E-10,4.610755E-10,3.782261,-9.29634
'[19:08:08.372 20/01/2026]',0.9389817,-7.633608,-5.983232,1.382939,4.610755E-10,4.610755E-10,-9.092259,-11.57544
'[19:08:08.380 20/01/2026]',-7.419213,2.91808,1.039254,3.894158,4.610755E-10,4.610755E-10,6.052838,21.92402
'[19:08:08.388 20/01/2026]',-7.091493,-1.734756,2.142528,-4.028648,4.610755E-10,4.610755E-10,-2.935563,-15.73067
'[19:08:08.396 20/01/2026]',17.79517,3.39295,0.6465405,3.527745,4.610755E-10,4.610755E-10,3.41504,2.096463
'[19:08:08.404 20/01/2026]',-12.62343,-4.59184,-4.587866,-7.437272,4.610755E-10,4.610755E-10,-4.077031,6.370765
'[19:08:08.412 20/01/2026]',4.762803,2.235914,3.719523,7.648829,4.610755E-10,4.610755E-10,1.633961,-8.150477
'[19:08:08.420 20/01/2026]',5.9241,7.487447,5.8223,9.622397,4.610755E-10,4.610755E-10,8.105928,13.75354
'[19:08:08.428 20/01/2026]',-11.4152,-10.21868,-10.28819,-21.26019,4.610755E-10,4.610755E-10,-11.42389,-11.30735
'[19:08:08.436 20/01/2026]',5.269714,0.9365741,1.797905,4.041171,4.610755E-10,4.610755E-10,1.899867,-3.39834
'[19:08:08.444 20/01/2026]',2.468624,3.227698,7.504639,17.07651,4.610755E-10,4.610755E-10,7.759689,13.39765
'[19:08:08.452 20/01/2026]',-1.997859,-17.70711,-5.195667,-12.95108,4.610755E-10,4.610755E-10,-7.929719,-12.02823
'[19:08:08.460 20/01/2026]',-16.17396,14.76523,-9.246257,-13.12738,4.610755E-10,4.610755E-10,-9.000947,-8.939471
'[19:08:08.468 20/01/2026]',39.71984,18.60848,19.97082,31.71803,4.610755E-10,4.610755E-10,21.16381,26.56014
'[19:08:08.476 20/01/2026]',-25.46405,-18.30135,-7.192838,-5.51481,4.610755E-10,4.610755E-10,-3.825068,-14.29973
'[19:08:08.484 20/01/2026]',7.758452,-6.666737,-9.090979,-7.291351,4.610755E-10,4.610755E-10,-11.58998,-14.73639
'[19:08:08.492 20/01/2026]',23.51453,13.68935,2.210268,6.076755,4.610755E-10,4.610755E-10,9.721266,25.42731
'[19:08:08.500 20/01/2026]',-38.5613,-11.58529,-3.266947,-18.66496,4.610755E-10,4.610755E-10,-3.393972,-13.09244
'[19:08:08.508 20/01/2026]',2.32578,4.088694,13.62167,-14.04903,4.610755E-10,4.610755E-10,0.6143498,-2.778296
'[19:08:08.516 20/01/2026]',43.56013,9.811537,-5.076482,40.48303,4.610755E-10,4.610755E-10,-15.76061,-16.32351
'[19:08:08.524 20/01/2026]',-48.81742,-8.904872,-15.62098,-13.4251,4.610755E-10,4.610755E-10,22.09636,19.7968
'[19:08:08.532 20/01/2026]',-51.11989,2.281741,23.17832,-37.42331,4.610755E-10,4.610755E-10,-6.526703,52.36631
'[19:08:08.540 20/01/2026]',67.25691,-5.646681,-7.552232,33.77357,4.610755E-10,4.610755E-10,-16.31372,-62.02494
'[19:08:08.548 20/01/2026]',29.30284,3.748529,-11.20905,0.07601818,4.610755E-10,4.610755E-10,18.5885,-13.04389
'[19:08:08.556 20/01/2026]',-42.73552,2.277296,11.44205,-19.53736,4.610755E-10,4.610755E-10,1.606181,28.6369
'[19:08:08.564 20/01/2026]',-11.05749,-3.384415,-1.866739,35.05005,4.610755E-10,4.610755E-10,-14.90258,7.403638
'[19:08:08.572 20/01/2026]',16.2103,-4.328884,-5.385521,0.8948455,4.610755E-10,4.610755E-10,6.810629,-9.994513
'[19:08:08.580 20/01/2026]',-6.43317,12.9632,7.206437,-34.2006,4.610755E-10,4.610755E-10,7.506688,-3.212869
'[19:08:08.588 20/01/2026]',21.26041,-7.324262,-4.09862,18.71569,4.610755E-10,4.610755E-10,-8.547686,7.308016
'[19:08:08.596 20/01/2026]',-12.35213,1.736841,0.537002,4.829546,4.610755E-10,4.610755E-10,2.357521,7.218787
'[19:08:08.604 20/01/2026]',-7.453443,4.379466,6.594518,0.6011449,4.610755E-10,4.610755E-10,4.673521,-8.274196
'[19:08:08.612 20/01/2026]',26.62702,-6.077305,-4.245991,-2.289289,4.610755E-10,4.610755E-10,-0.6507366,-13.15359
'[19:08:08.620 20/01/2026]',-19.73829,-3.442758,-10.51352,-14.2412,4.610755E-10,4.610755E-10,-9.746101,8.808218
'[19:08:08.628 20/01/2026]',-0.6342058,2.025317,10.14518,15.8223,4.610755E-10,4.610755E-10,1.601147,7.531865
'[19:08:08.636 20/01/2026]',31.72431,10.58167,8.567303,11.27908,4.610755E-10,4.610755E-10,17.09604,-5.930923
'[19:08:08.644 20/01/2026]',-38.44047,-10.04981,-14.37175,-25.5396,4.610755E-10,4.610755E-10,-14.85155,0.4329658
'[19:08:08.652 20/01/2026]',-7.545463,-0.177059,3.678327,8.458816,4.610755E-10,4.610755E-10,-4.524474,-5.50023
'[19:08:08.660 20/01/2026]',-7.545463,-0.177059,3.678327,8.458816,4.610755E-10,4.610755E-10,-4.524474,-5.50023
'[19:08:08.668 20/01/2026]',37.95507,-1.147758,-0.3323695,10.14443,4.610755E-10,4.610755E-10,10.07799,7.820563
'[19:08:08.676 20/01/2026]',37.95507,-1.147758,-0.3323695,10.14443,4.610755E-10,4.610755E-10,10.07799,7.820563
'[19:08:08.684 20/01/2026]',-18.75957,7.103448,3.222942,-10.15537,4.610755E-10,4.610755E-10,-4.500089,-4.025619
'[19:08:08.692 20/01/2026]',-18.75957,7.103448,3.222942,-10.15537,4.610755E-10,4.610755E-10,-4.500089,-4.025619
'[19:08:08.700 20/01/2026]',-10.75458,-4.447557,-0.8852294,-1.056366,4.610755E-10,4.610755E-10,1.672488,-5.837423
'[19:08:08.708 20/01/2026]',-10.75458,-4.447557,-0.8852294,-1.056366,4.610755E-10,4.610755E-10,1.672488,-5.837423
'[19:08:08.716 20/01/2026]',14.36237,-0.4662892,-0.5731122,7.201384,4.610755E-10,4.610755E-10,2.73542,10.59669
'[19:08:08.724 20/01/2026]',14.36237,-0.4662892,-0.5731122,7.201384,4.610755E-10,4.610755E-10,2.73542,10.59669
'[19:08:08.732 20/01/2026]',-4.764931,2.085118,0.9076373,-1.681266,4.610755E-10,4.610755E-10,-5.340019,-1.232348
'[19:08:08.740 20/01/2026]',-4.764931,2.085118,0.9076373,-1.681266,4.610755E-10,4.610755E-10,-5.340019,-1.232348
'[19:08:08.748 20/01/2026]',-4.764931,2.085118,0.9076373,-1.681266,4.610755E-10,4.610755E-10,-5.340019,-1.232348
'[19:08:08.756 20/01/2026]',-13.30549,-8.254341,-9.605104,-14.07233,4.610755E-10,4.610755E-10,-5.501988,-16.91861
'[19:08:08.764 20/01/2026]',-13.30549,-8.254341,-9.605104,-14.07233,4.610755E-10,4.610755E-10,-5.501988,-16.91861
'[19:08:08.772 20/01/2026]',-13.30549,-8.254341,-9.605104,-14.07233,4.610755E-10,4.610755E-10,-5.501988,-16.91861
'[19:08:08.780 20/01/2026]',-13.30549,-8.254341,-9.605104,-14.07233,4.610755E-10,4.610755E-10,-5.501988,-16.91861
'[19:08:08.788 20/01/2026]',27.69234,11.72396,14.00826,19.78744,4.610755E-10,4.610755E-10,15.07229,20.98352
'[19:08:08.796 20/01/2026]',27.69234,11.72396,14.00826,19.78744,4.610755E-10,4.610755E-10,15.07229,20.98352
'[19:08:08.804 20/01/2026]',-16.65547,-7.988503,-9.02753,-2.21367,4.610755E-10,4.610755E-10,-8.065578,-0.1547469
'[19:08:08.812 20/01/2026]',-12.38389,3.720132,-2.474429,-17.4593,4.610755E-10,4.610755E-10,-1.987086,-16.74984
'[19:08:08.820 20/01/2026]',-12.38389,3.720132,-2.474429,-17.4593,4.610755E-10,4.610755E-10,-1.987086,-16.74984
'[19:08:08.828 20/01/2026]',21.58839,0.585771,10.42591,17.67004,4.610755E-10,4.610755E-10,-0.7987569,6.481676
'[19:08:08.836 20/01/2026]',-6.562331,-4.00871,-6.079385,-5.435926,4.610755E-10,4.610755E-10,3.070311,5.142712
'[19:08:08.844 20/01/2026]',-6.562331,-4.00871,-6.079385,-5.435926,4.610755E-10,4.610755E-10,3.070311,5.142712
'[19:08:08.852 20/01/2026]',-2.387223,1.661457,-0.1371221,-3.643663,4.610755E-10,4.610755E-10,2.456579,-0.2092334
'[19:08:08.860 20/01/2026]',-2.387223,1.661457,-0.1371221,-3.643663,4.610755E-10,4.610755E-10,2.456579,-0.2092334
'[19:08:08.868 20/01/2026]',-2.387223,1.661457,-0.1371221,-3.643663,4.610755E-10,4.610755E-10,2.456579,-0.2092334
'[19:08:08.876 20/01/2026]',-2.387223,1.661457,-0.1371221,-3.643663,4.610755E-10,4.610755E-10,2.456579,-0.2092334
'[19:08:08.884 20/01/2026]',2.960074,3.010742,2.641477,8.64716,4.610755E-10,4.610755E-10,-3.946352,-2.078921
'[19:08:08.892 20/01/2026]',2.960074,3.010742,2.641477,8.64716,4.610755E-10,4.610755E-10,-3.946352,-2.078921
'[19:08:08.900 20/01/2026]',3.045656,-0.9805726,2.174288,-3.455348,4.610755E-10,4.610755E-10,3.617869,-2.504596
'[19:08:08.908 20/01/2026]',-8.305385,-3.602686,-5.888542,-6.152462,4.610755E-10,4.610755E-10,-3.552112,2.03422
'[19:08:08.916 20/01/2026]',-8.305385,-3.602686,-5.888542,-6.152462,4.610755E-10,4.610755E-10,-3.552112,2.03422
'[19:08:08.924 20/01/2026]',2.41521,1.914136,2.388986,6.848235,4.610755E-10,4.610755E-10,0.4050178,1.560423
'[19:08:08.932 20/01/2026]',2.41521,1.914136,2.388986,6.848235,4.610755E-10,4.610755E-10,0.4050178,1.560423
'[19:08:08.940 20/01/2026]',9.432965,-0.4460012,0.4022764,-2.463284,4.610755E-10,4.610755E-10,1.238589,-3.738564
'[19:08:08.948 20/01/2026]',9.432965,-0.4460012,0.4022764,-2.463284,4.610755E-10,4.610755E-10,1.238589,-3.738564
'[19:08:08.956 20/01/2026]',9.432965,-0.4460012,0.4022764,-2.463284,4.610755E-10,4.610755E-10,1.238589,-3.738564
'[19:08:08.964 20/01/2026]',9.432965,-0.4460012,0.4022764,-2.463284,4.610755E-10,4.610755E-10,1.238589,-3.738564
'[19:08:08.972 20/01/2026]',-6.330173,0.7503265,2.176834,4.666656,4.610755E-10,4.610755E-10,3.096226,8.423299
'[19:08:08.980 20/01/2026]',0.4888026,1.782612,-1.790031,-3.511374,4.610755E-10,4.610755E-10,-3.375473,-8.272833
'[19:08:08.988 20/01/2026]',-3.121527,-2.579773,0.73531,-1.612112,4.610755E-10,4.610755E-10,2.145958,5.616073
'[19:08:08.996 20/01/2026]',-2.816818,-3.296717,-5.334213,1.360086,4.610755E-10,4.610755E-10,-7.339697,-4.606939
'[19:08:09.004 20/01/2026]',25.84545,3.612558,7.789948,12.20828,4.610755E-10,4.610755E-10,8.957583,5.423189
'[19:08:09.012 20/01/2026]',-39.84498,-3.077548,-6.883773,-23.61071,4.610755E-10,4.610755E-10,-7.430633,-11.27874
'[19:08:09.020 20/01/2026]',16.95353,4.847017,2.100398,10.77877,4.610755E-10,4.610755E-10,5.339355,14.29983
'[19:08:09.028 20/01/2026]',15.54275,-0.8855696,4.810166,9.298232,4.610755E-10,4.610755E-10,1.260099,-3.268884
'[19:08:09.036 20/01/2026]',-22.67285,-8.670113,-8.238131,-11.29378,4.610755E-10,4.610755E-10,-9.366775,-13.84744
'[19:08:09.044 20/01/2026]',9.937285,7.695313,1.447449,-0.855632,4.610755E-10,4.610755E-10,7.141119,16.47812
'[19:08:09.052 20/01/2026]',3.561451,-4.260963,2.080703,2.381022,4.610755E-10,4.610755E-10,-0.3641697,-7.949414
'[19:08:09.060 20/01/2026]',-8.890452,3.472583,-0.5038359,2.152291,4.610755E-10,4.610755E-10,-4.730022,-5.785484
'[19:08:09.068 20/01/2026]',8.481076,2.899495,5.087054,5.342971,4.610755E-10,4.610755E-10,10.62383,18.65819
'[19:08:09.076 20/01/2026]',-17.70701,-15.58526,-15.13373,-24.33859,4.610755E-10,4.610755E-10,-18.44041,-25.38359
'[19:08:09.084 20/01/2026]',4.727,3.97699,5.831482,12.96009,4.610755E-10,4.610755E-10,7.893389,6.911428
'[19:08:09.092 20/01/2026]',21.04188,17.07605,8.641511,17.56707,4.610755E-10,4.610755E-10,8.333335,15.09564
'[19:08:09.100 20/01/2026]',-23.51564,-19.91189,-12.16571,-26.53389,4.610755E-10,4.610755E-10,-12.65119,-17.5052
'[19:08:09.108 20/01/2026]',3.767047,7.945891,6.883154,7.990267,4.610755E-10,4.610755E-10,1.74968,2.073059
'[19:08:09.116 20/01/2026]',8.900866,3.885934,1.7054,10.78814,4.610755E-10,4.610755E-10,9.975632,10.41364
'[19:08:09.124 20/01/2026]',-1.331976,-1.137313,-5.011222,-7.801719,4.610755E-10,4.610755E-10,-7.294946,-8.017431
'[19:08:09.132 20/01/2026]',3.628933,-0.8088736,11.66921,2.921664,4.610755E-10,4.610755E-10,5.391761,7.613424
'[19:08:09.140 20/01/2026]',-10.40391,-12.50496,-10.30297,-3.394137,4.610755E-10,4.610755E-10,-4.188204,-7.107442
'[19:08:09.148 20/01/2026]',6.54876,13.66415,-6.329664,-1.999679,4.610755E-10,4.610755E-10,-3.515271,-3.842097
'[19:08:09.156 20/01/2026]',3.724623,10.42497,18.76101,15.47563,4.610755E-10,4.610755E-10,13.8065,21.90801
'[19:08:09.164 20/01/2026]',2.231646,-17.92325,-10.19803,-9.797629,4.610755E-10,4.610755E-10,-12.31403,-18.87333
'[19:08:09.172 20/01/2026]',-12.90421,-5.135966,-11.49294,-16.34237,4.610755E-10,4.610755E-10,-5.579625,-7.149396
'[19:08:09.180 20/01/2026]',0.2521061,17.64561,15.61939,22.10821,4.610755E-10,4.610755E-10,11.24322,17.32599
'[19:08:09.188 20/01/2026]',9.07328,-10.48583,-6.18463,-4.873193,4.610755E-10,4.610755E-10,-3.841107,-10.43533
'[19:08:09.196 20/01/2026]',2.256883,4.001154,4.442335,-9.919059,4.610755E-10,4.610755E-10,3.734471,0.6269271
'[19:08:09.204 20/01/2026]',-12.63038,4.13459,-0.5175265,14.52525,4.610755E-10,4.610755E-10,-3.063589,7.022531
'[19:08:09.212 20/01/2026]',7.303227,-10.90777,-9.157867,-8.418291,4.610755E-10,4.610755E-10,-0.7617897,-7.12912
'[19:08:09.220 20/01/2026]',-0.9091911,2.836452,6.912369,-6.68093,4.610755E-10,4.610755E-10,-0.3787258,2.547087
'[19:08:09.228 20/01/2026]',34.71545,17.05005,16.10474,38.73803,4.610755E-10,4.610755E-10,13.87906,35.76746
'[19:08:09.236 20/01/2026]',-30.93689,-16.37459,-21.52162,-37.65379,4.610755E-10,4.610755E-10,-13.50031,-51.46619
'[19:08:09.244 20/01/2026]',-38.01881,-2.857037,0.9025818,-6.309601,4.610755E-10,4.610755E-10,-7.961807,-3.77473
'[19:08:09.252 20/01/2026]',35.17642,5.735558,6.32459,16.01896,4.610755E-10,4.610755E-10,11.08917,37.57836
'[19:08:09.260 20/01/2026]',26.07885,-1.174573,0.2115041,15.18832,4.610755E-10,4.610755E-10,4.7129,-4.337303
'[19:08:09.268 20/01/2026]',-89.26556,-29.10921,-21.94742,-41.53452,4.610755E-10,4.610755E-10,-18.55488,-43.33115
'[19:08:09.276 20/01/2026]',84.61768,53.29855,29.75704,17.26076,4.610755E-10,4.610755E-10,7.946187,34.50375
'[19:08:09.284 20/01/2026]',32.51101,5.128254,10.97735,39.21814,4.610755E-10,4.610755E-10,13.55056,0.7540613
'[19:08:09.292 20/01/2026]',32.51101,5.128254,10.97735,39.21814,4.610755E-10,4.610755E-10,13.55056,0.7540613
'[19:08:09.300 20/01/2026]',32.51101,5.128254,10.97735,39.21814,4.610755E-10,4.610755E-10,13.55056,0.7540613
'[19:08:09.308 20/01/2026]',32.51101,5.128254,10.97735,39.21814,4.610755E-10,4.610755E-10,13.55056,0.7540613
'[19:08:09.316 20/01/2026]',32.51101,5.128254,10.97735,39.21814,4.610755E-10,4.610755E-10,13.55056,0.7540613
'[19:08:09.324 20/01/2026]',-102.7841,-46.61673,-29.92714,-36.22064,4.610755E-10,4.610755E-10,-10.22458,-17.54717
'[19:08:09.332 20/01/2026]',53.49549,7.501379,-2.003652,-22.66462,4.610755E-10,4.610755E-10,-10.17127,13.59462
'[19:08:09.340 20/01/2026]',31.01624,21.96311,19.46891,30.49344,4.610755E-10,4.610755E-10,13.86308,-3.200821
'[19:08:09.348 20/01/2026]',-47.4552,-12.62544,-4.833869,-6.535792,4.610755E-10,4.610755E-10,-0.892125,-6.288787
'[19:08:09.356 20/01/2026]',-47.4552,-12.62544,-4.833869,-6.535792,4.610755E-10,4.610755E-10,-0.892125,-6.288787
'[19:08:09.364 20/01/2026]',-47.4552,-12.62544,-4.833869,-6.535792,4.610755E-10,4.610755E-10,-0.892125,-6.288787
'[19:08:09.372 20/01/2026]',11.70328,-2.566368,-4.504417,18.55532,4.610755E-10,4.610755E-10,-5.148744,20.67541
'[19:08:09.380 20/01/2026]',11.70328,-2.566368,-4.504417,18.55532,4.610755E-10,4.610755E-10,-5.148744,20.67541
'[19:08:09.388 20/01/2026]',11.70328,-2.566368,-4.504417,18.55532,4.610755E-10,4.610755E-10,-5.148744,20.67541
'[19:08:09.396 20/01/2026]',15.66773,0.8870937,-6.650491,-42.21948,4.610755E-10,4.610755E-10,-2.578039,-30.69647
'[19:08:09.404 20/01/2026]',-16.4342,8.617731,15.89756,39.28097,4.610755E-10,4.610755E-10,14.04894,31.85116
'[19:08:09.412 20/01/2026]',-16.4342,8.617731,15.89756,39.28097,4.610755E-10,4.610755E-10,14.04894,31.85116
'[19:08:09.420 20/01/2026]',-1.510443,-3.545595,-5.128483,-0.7692545,4.610755E-10,4.610755E-10,-11.08038,-10.61196
'[19:08:09.428 20/01/2026]',-1.510443,-3.545595,-5.128483,-0.7692545,4.610755E-10,4.610755E-10,-11.08038,-10.61196
'[19:08:09.436 20/01/2026]',-1.510443,-3.545595,-5.128483,-0.7692545,4.610755E-10,4.610755E-10,-11.08038,-10.61196
'[19:08:09.444 20/01/2026]',-15.17822,-8.535833,-12.39424,-18.15952,4.610755E-10,4.610755E-10,1.406909,-7.801761
'[19:08:09.452 20/01/2026]',22.40603,11.65421,14.21344,1.168028,4.610755E-10,4.610755E-10,0.08265602,4.044453
'[19:08:09.460 20/01/2026]',22.40603,11.65421,14.21344,1.168028,4.610755E-10,4.610755E-10,0.08265602,4.044453
'[19:08:09.468 20/01/2026]',-2.542122,-4.681234,-0.3411113,12.18063,4.610755E-10,4.610755E-10,0.9462029,5.271043
'[19:08:09.476 20/01/2026]',-2.542122,-4.681234,-0.3411113,12.18063,4.610755E-10,4.610755E-10,0.9462029,5.271043
'[19:08:09.484 20/01/2026]',-2.542122,-4.681234,-0.3411113,12.18063,4.610755E-10,4.610755E-10,0.9462029,5.271043
'[19:08:09.492 20/01/2026]',-2.542122,-4.681234,-0.3411113,12.18063,4.610755E-10,4.610755E-10,0.9462029,5.271043
'[19:08:09.500 20/01/2026]',-2.542122,-4.681234,-0.3411113,12.18063,4.610755E-10,4.610755E-10,0.9462029,5.271043
'[19:08:09.508 20/01/2026]',-4.778927,-2.304787,-6.008411,-4.66726,4.610755E-10,4.610755E-10,4.11236,-3.380874
'[19:08:09.516 20/01/2026]',-3.791985,3.106069,2.764098,-9.022721,4.610755E-10,4.610755E-10,-6.700199,-7.868242
'[19:08:09.524 20/01/2026]',-7.209726,-0.8490518,-1.387995,1.030103,4.610755E-10,4.610755E-10,4.235699,6.482435
'[19:08:09.532 20/01/2026]',-7.209726,-0.8490518,-1.387995,1.030103,4.610755E-10,4.610755E-10,4.235699,6.482435
'[19:08:09.540 20/01/2026]',19.83395,-0.3023881,1.725238,12.75377,4.610755E-10,4.610755E-10,-2.450573,11.4351
'[19:08:09.548 20/01/2026]',19.83395,-0.3023881,1.725238,12.75377,4.610755E-10,4.610755E-10,-2.450573,11.4351
'[19:08:09.556 20/01/2026]',-1.351752,-1.420158,3.954018,-24.97619,4.610755E-10,4.610755E-10,1.994711,-14.81641
'[19:08:09.564 20/01/2026]',-1.351752,-1.420158,3.954018,-24.97619,4.610755E-10,4.610755E-10,1.994711,-14.81641
'[19:08:09.572 20/01/2026]',-21.29503,-2.49968,-10.14735,-4.424963,4.610755E-10,4.610755E-10,-3.615628,-11.13532
'[19:08:09.580 20/01/2026]',3.389593,4.175981,5.71728,32.72147,4.610755E-10,4.610755E-10,0.9048734,11.50905
'[19:08:09.588 20/01/2026]',25.11386,-0.5090169,-0.3396309,22.48805,4.610755E-10,4.610755E-10,8.977566,9.95718
'[19:08:09.596 20/01/2026]',-11.44739,-1.061966,2.569004,-52.71854,4.610755E-10,4.610755E-10,-6.347095,-0.9405346
'[19:08:09.604 20/01/2026]',-11.62637,-0.8427073,-3.266784,19.09891,4.610755E-10,4.610755E-10,-6.518616,-22.20097
'[19:08:09.612 20/01/2026]',4.03971,1.982968,-0.6909021,13.72405,4.610755E-10,4.610755E-10,7.238008,20.68294
'[19:08:09.620 20/01/2026]',11.56114,0.5098482,3.926866,-18.33513,4.610755E-10,4.610755E-10,2.616879,4.805142
'[19:08:09.628 20/01/2026]',-5.720507,0.05465578,-0.7060831,6.645498,4.610755E-10,4.610755E-10,-4.506022,-17.01574
'[19:08:09.636 20/01/2026]',-2.385475,-5.698463,-6.628391,8.602046,4.610755E-10,4.610755E-10,-2.875809,3.223204
'[19:08:09.644 20/01/2026]',-3.291545,4.552482,5.614851,-18.76545,4.610755E-10,4.610755E-10,2.327726,8.5221
'[19:08:09.652 20/01/2026]',11.40518,2.016381,2.937584,7.549774,4.610755E-10,4.610755E-10,4.983861,2.503578
'[19:08:09.660 20/01/2026]',-9.201841,-4.902622,-7.161906,-1.55741,4.610755E-10,4.610755E-10,-7.201619,-15.34202
'[19:08:09.668 20/01/2026]',-1.668581,-1.230084,-2.436274,-3.640575,4.610755E-10,4.610755E-10,-1.531329,5.852665
'[19:08:09.676 20/01/2026]',-7.918568,3.223158,7.40371,1.375373,4.610755E-10,4.610755E-10,4.417322,0.6006076
'[19:08:09.684 20/01/2026]',8.831264,7.881725,5.278905,11.61474,4.610755E-10,4.610755E-10,6.193814,10.53794
'[19:08:09.692 20/01/2026]',-5.678099,-15.00907,-16.42039,-17.83725,4.610755E-10,4.610755E-10,-14.5897,-20.46173
'[19:08:09.700 20/01/2026]',15.0839,8.928886,12.04642,13.47097,4.610755E-10,4.610755E-10,9.486347,11.68357
'[19:08:09.708 20/01/2026]',-0.9441621,5.784387,3.224005,7.342985,4.610755E-10,4.610755E-10,4.424545,14.11266
'[19:08:09.716 20/01/2026]',-21.87398,-13.28257,-13.51338,-18.50091,4.610755E-10,4.610755E-10,-10.98857,-32.39808
'[19:08:09.724 20/01/2026]',24.61757,5.67497,9.069872,4.554015,4.610755E-10,4.610755E-10,3.817401,25.91272
'[19:08:09.732 20/01/2026]',0.5724471,1.966014,-0.549334,9.254561,4.610755E-10,4.610755E-10,3.842408,-3.122951
'[19:08:09.740 20/01/2026]',-25.547,-5.530444,-8.073248,-12.73189,4.610755E-10,4.610755E-10,-6.218813,-16.48818
'[19:08:09.748 20/01/2026]',19.06536,4.084633,8.134386,11.52997,4.610755E-10,4.610755E-10,5.092367,17.9386
'[19:08:09.756 20/01/2026]',6.987619,-1.950483,-1.769874,-2.585253,4.610755E-10,4.610755E-10,-3.838005,-6.464646
'[19:08:09.764 20/01/2026]',-23.34802,-4.854565,-6.098986,-9.235518,4.610755E-10,4.610755E-10,-4.283913,-11.9735
'[19:08:09.772 20/01/2026]',20.18078,14.92562,10.94557,15.55975,4.610755E-10,4.610755E-10,15.55057,27.26177
'[19:08:09.780 20/01/2026]',9.496803,-2.598463,0.7772183,-2.182967,4.610755E-10,4.610755E-10,-6.016937,-11.15724
'[19:08:09.788 20/01/2026]',-36.35493,-20.10872,-17.94517,-24.54373,4.610755E-10,4.610755E-10,-14.41497,-22.45028
'[19:08:09.796 20/01/2026]',16.27918,15.63743,11.69579,25.59328,4.610755E-10,4.610755E-10,13.56157,25.14144
'[19:08:09.804 20/01/2026]',27.80908,7.416344,9.624532,8.799846,4.610755E-10,4.610755E-10,7.728148,11.58478
'[19:08:09.812 20/01/2026]',-44.96934,-29.78849,-26.80867,-43.16575,4.610755E-10,4.610755E-10,-31.57205,-47.34788
'[19:08:09.820 20/01/2026]',26.21334,22.05775,15.68446,31.3819,4.610755E-10,4.610755E-10,25.43673,33.43113
'[19:08:09.828 20/01/2026]',-0.1988092,-1.618089,0.123709,-0.8894752,4.610755E-10,4.610755E-10,-4.224767,8.107338
'[19:08:09.836 20/01/2026]',2.181156,-1.873756,7.405,-0.8072439,4.610755E-10,4.610755E-10,1.141549,-18.48262
'[19:08:09.844 20/01/2026]',-4.848848,3.552902,-8.749454,-3.916995,4.610755E-10,4.610755E-10,0.02940799,7.463111
'[19:08:09.852 20/01/2026]',-3.690141,-9.310063,-4.888457,1.711872,4.610755E-10,4.610755E-10,-6.593197,2.74076
'[19:08:09.860 20/01/2026]',7.59725,5.551097,8.837424,1.696736,4.610755E-10,4.610755E-10,6.855706,-5.825248
'[19:08:09.868 20/01/2026]',19.01839,10.75095,9.743186,11.62559,4.610755E-10,4.610755E-10,10.25141,13.21651
'[19:08:09.876 20/01/2026]',-15.98126,-1.4633,-9.243118,1.890631,4.610755E-10,4.610755E-10,-8.510372,4.477056
'[19:08:09.884 20/01/2026]',-24.42745,-18.09015,-13.31608,-34.99164,4.610755E-10,4.610755E-10,-11.66812,-29.84975
'[19:08:09.892 20/01/2026]',-24.42745,-18.09015,-13.31608,-34.99164,4.610755E-10,4.610755E-10,-11.66812,-29.84975
'[19:08:09.900 20/01/2026]',-24.42745,-18.09015,-13.31608,-34.99164,4.610755E-10,4.610755E-10,-11.66812,-29.84975
'[19:08:09.908 20/01/2026]',30.91497,8.048199,14.49776,21.90559,4.610755E-10,4.610755E-10,10.09911,14.86707
'[19:08:09.916 20/01/2026]',30.91497,8.048199,14.49776,21.90559,4.610755E-10,4.610755E-10,10.09911,14.86707
'[19:08:09.924 20/01/2026]',-4.563315,12.77056,6.981639,15.80292,4.610755E-10,4.610755E-10,9.898149,15.26139
'[19:08:09.932 20/01/2026]',-4.563315,12.77056,6.981639,15.80292,4.610755E-10,4.610755E-10,9.898149,15.26139
'[19:08:09.940 20/01/2026]',-12.87713,-12.18785,-13.50231,-22.38518,4.610755E-10,4.610755E-10,-12.44374,-19.70179
'[19:08:09.948 20/01/2026]',-12.87713,-12.18785,-13.50231,-22.38518,4.610755E-10,4.610755E-10,-12.44374,-19.70179
'[19:08:09.956 20/01/2026]',-12.87713,-12.18785,-13.50231,-22.38518,4.610755E-10,4.610755E-10,-12.44374,-19.70179
'[19:08:09.964 20/01/2026]',-0.9493923,-6.508061,-7.136119,-2.911361,4.610755E-10,4.610755E-10,-9.726413,-0.3097983
'[19:08:09.972 20/01/2026]',15.96613,9.083486,16.69385,14.25875,4.610755E-10,4.610755E-10,17.27749,14.03799
'[19:08:09.980 20/01/2026]',15.96613,9.083486,16.69385,14.25875,4.610755E-10,4.610755E-10,17.27749,14.03799
'[19:08:09.988 20/01/2026]',-10.80389,7.940594,2.043693,0.5621397,4.610755E-10,4.610755E-10,2.787702,-7.47404
'[19:08:09.996 20/01/2026]',-10.80389,7.940594,2.043693,0.5621397,4.610755E-10,4.610755E-10,2.787702,-7.47404
'[19:08:10.004 20/01/2026]',-10.80389,7.940594,2.043693,0.5621397,4.610755E-10,4.610755E-10,2.787702,-7.47404
'[19:08:10.012 20/01/2026]',-10.80389,7.940594,2.043693,0.5621397,4.610755E-10,4.610755E-10,2.787702,-7.47404
'[19:08:10.020 20/01/2026]',-10.80389,7.940594,2.043693,0.5621397,4.610755E-10,4.610755E-10,2.787702,-7.47404
'[19:08:10.028 20/01/2026]',-1.237915,-7.542165,-7.222156,-5.402826,4.610755E-10,4.610755E-10,-9.490816,1.092993
'[19:08:10.036 20/01/2026]',-1.237915,-7.542165,-7.222156,-5.402826,4.610755E-10,4.610755E-10,-9.490816,1.092993
'[19:08:10.044 20/01/2026]',5.164518,-5.599827,-4.767265,-2.951474,4.610755E-10,4.610755E-10,-2.72155,0.1050367
'[19:08:10.052 20/01/2026]',-6.942601,3.323113,1.524109,-3.520175,4.610755E-10,4.610755E-10,0.1404616,-11.61156
'[19:08:10.060 20/01/2026]',6.609322,3.636457,9.192581,14.75339,4.610755E-10,4.610755E-10,10.76984,15.73677
'[19:08:10.068 20/01/2026]',6.609322,3.636457,9.192581,14.75339,4.610755E-10,4.610755E-10,10.76984,15.73677
'[19:08:10.076 20/01/2026]',2.210054,2.225721,-5.703691,-8.942122,4.610755E-10,4.610755E-10,-8.094601,-2.564896
'[19:08:10.084 20/01/2026]',2.210054,2.225721,-5.703691,-8.942122,4.610755E-10,4.610755E-10,-8.094601,-2.564896
'[19:08:10.092 20/01/2026]',-19.80932,-17.49207,-12.10156,-16.67859,4.610755E-10,4.610755E-10,-10.26751,-18.78557
'[19:08:10.100 20/01/2026]',-19.80932,-17.49207,-12.10156,-16.67859,4.610755E-10,4.610755E-10,-10.26751,-18.78557
'[19:08:10.108 20/01/2026]',-19.80932,-17.49207,-12.10156,-16.67859,4.610755E-10,4.610755E-10,-10.26751,-18.78557
'[19:08:10.116 20/01/2026]',-19.80932,-17.49207,-12.10156,-16.67859,4.610755E-10,4.610755E-10,-10.26751,-18.78557
'[19:08:10.124 20/01/2026]',25.85354,18.56408,14.71743,22.91328,4.610755E-10,4.610755E-10,17.09934,21.79413
'[19:08:10.132 20/01/2026]',-14.01182,-6.584927,-4.959551,-5.321758,4.610755E-10,4.610755E-10,-8.920487,-4.177888
'[19:08:10.140 20/01/2026]',-14.01182,-6.584927,-4.959551,-5.321758,4.610755E-10,4.610755E-10,-8.920487,-4.177888
'[19:08:10.148 20/01/2026]',-12.04482,-3.699166,0.3246653,-8.377151,4.610755E-10,4.610755E-10,0.2636844,-10.65091
'[19:08:10.156 20/01/2026]',-12.04482,-3.699166,0.3246653,-8.377151,4.610755E-10,4.610755E-10,0.2636844,-10.65091
'[19:08:10.164 20/01/2026]',24.50193,3.947889,-1.477974,7.542224,4.610755E-10,4.610755E-10,4.84883,5.681558
'[19:08:10.172 20/01/2026]',24.50193,3.947889,-1.477974,7.542224,4.610755E-10,4.610755E-10,4.84883,5.681558
'[19:08:10.180 20/01/2026]',24.50193,3.947889,-1.477974,7.542224,4.610755E-10,4.610755E-10,4.84883,5.681558
'[19:08:10.188 20/01/2026]',-7.155568,5.26293,4.872644,6.270666,4.610755E-10,4.610755E-10,1.185827,12.8646
'[19:08:10.196 20/01/2026]',-8.932145,-5.272567,-1.870849,-9.786591,4.610755E-10,4.610755E-10,-7.590231,-12.44853
'[19:08:10.204 20/01/2026]',5.021472,-1.657088,-3.026511,-4.708951,4.610755E-10,4.610755E-10,3.711019,-11.02519
'[19:08:10.212 20/01/2026]',-1.393021,-5.445688,-4.872864,3.452238,4.610755E-10,4.610755E-10,-7.827716,12.05794
'[19:08:10.220 20/01/2026]',0.3824249,5.539773,4.309739,5.671283,4.610755E-10,4.610755E-10,6.569395,-0.3668651
'[19:08:10.228 20/01/2026]',-2.525992,7.228435,7.522951,-0.8118421,4.610755E-10,4.610755E-10,8.368752,2.261106
'[19:08:10.236 20/01/2026]',5.94991,-10.02908,-6.386312,-2.30993,4.610755E-10,4.610755E-10,-11.5048,-0.4369933
'[19:08:10.244 20/01/2026]',6.627021,6.223057,-3.187644,3.077236,4.610755E-10,4.610755E-10,0.3638197,-2.492674
'[19:08:10.252 20/01/2026]',1.85462,14.26012,12.16404,7.40406,4.610755E-10,4.610755E-10,14.82831,5.532812
'[19:08:10.260 20/01/2026]',-11.38378,-22.39624,-10.5156,-16.24599,4.610755E-10,4.610755E-10,-16.3819,-7.547935
'[19:08:10.268 20/01/2026]',9.804646,3.149403,2.344163,10.43556,4.610755E-10,4.610755E-10,5.659522,7.000516
'[19:08:10.276 20/01/2026]',-4.520138,6.258217,-1.478714,-1.708372,4.610755E-10,4.610755E-10,-0.7408524,-3.428119
'[19:08:10.284 20/01/2026]',-0.633026,-1.950656,4.093211,3.55181,4.610755E-10,4.610755E-10,1.742223,0.002499759
'[19:08:10.292 20/01/2026]',-5.713836,-1.136163,-3.017668,-4.242877,4.610755E-10,4.610755E-10,-0.3065009,-0.4402674
'[19:08:10.300 20/01/2026]',12.4415,2.225289,2.228807,8.803417,4.610755E-10,4.610755E-10,-2.500874,2.490567
'[19:08:10.308 20/01/2026]',-4.972024,2.426997,1.757571,-6.233217,4.610755E-10,4.610755E-10,1.685225,-2.43157
'[19:08:10.316 20/01/2026]',-27.61934,-2.253139,-2.849449,-11.39873,4.610755E-10,4.610755E-10,2.636093,-6.36655
'[19:08:10.324 20/01/2026]',53.20926,3.943604,6.785227,29.51527,4.610755E-10,4.610755E-10,5.66855,21.14442
'[19:08:10.332 20/01/2026]',-27.44925,-4.770133,-7.585135,-31.8948,4.610755E-10,4.610755E-10,-12.14271,-18.59545
'[19:08:10.340 20/01/2026]',-15.2432,-0.09975612,0.2543589,2.936194,4.610755E-10,4.610755E-10,6.170443,-0.93345
'[19:08:10.348 20/01/2026]',46.47662,2.910184,6.775264,33.15956,4.610755E-10,4.610755E-10,2.989978,17.60946
'[19:08:10.356 20/01/2026]',-25.47778,1.265828,-1.094387,-16.01572,4.610755E-10,4.610755E-10,0.2356785,2.561234
'[19:08:10.364 20/01/2026]',-3.184803,-3.816645,-1.529917,1.111319,4.610755E-10,4.610755E-10,-4.279972,-10.82439
'[19:08:10.372 20/01/2026]',11.67781,-1.455898,-4.648623,2.30893,4.610755E-10,4.610755E-10,-2.944998,-6.710938
'[19:08:10.380 20/01/2026]',-5.253173,5.256948,5.411256,-1.982529,4.610755E-10,4.610755E-10,8.763597,11.59662
'[19:08:10.388 20/01/2026]',-17.72529,-2.098809,-1.604602,-32.86445,4.610755E-10,4.610755E-10,-5.568146,-15.87089
'[19:08:10.396 20/01/2026]',44.8189,-1.475986,0.9956456,43.09095,4.610755E-10,4.610755E-10,0.3203459,11.25925
'[19:08:10.404 20/01/2026]',3.781961,2.067141,4.46995,4.369416,4.610755E-10,4.610755E-10,1.527184,5.215129
'[19:08:10.412 20/01/2026]',-44.18795,-3.014148,-10.9098,-44.59903,4.610755E-10,4.610755E-10,0.7329358,-31.34585
'[19:08:10.420 20/01/2026]',12.40734,0.4225909,1.429065,8.377688,4.610755E-10,4.610755E-10,-1.083782,21.37984
'[19:08:10.428 20/01/2026]',-17.37464,3.637209,12.33083,12.54996,4.610755E-10,4.610755E-10,-2.318614,1.537453
'[19:08:10.436 20/01/2026]',50.52299,4.809954,-3.484211,37.38715,4.610755E-10,4.610755E-10,11.52582,24.43299
'[19:08:10.444 20/01/2026]',35.74913,-3.706714,-4.252795,25.38953,4.610755E-10,4.610755E-10,-5.979399,18.6056
'[19:08:10.452 20/01/2026]',-101.0845,-11.8826,-6.890841,-115.6148,4.610755E-10,4.610755E-10,-12.21551,-53.03814
'[19:08:10.460 20/01/2026]',40.17753,13.84036,9.782334,64.508,4.610755E-10,4.610755E-10,17.15207,-13.41044
'[19:08:10.468 20/01/2026]',25.02844,4.369453,3.322425,-2.96545,4.610755E-10,4.610755E-10,-1.228535,43.87242
'[19:08:10.476 20/01/2026]',-20.44971,-19.8797,-15.69116,7.858218,4.610755E-10,4.610755E-10,-14.84161,-19.92953
'[19:08:10.484 20/01/2026]',-48.90731,19.55739,17.23409,-29.0978,4.610755E-10,4.610755E-10,9.439014,-0.1891657
'[19:08:10.492 20/01/2026]',25.4609,-5.861291,-4.21033,2.467118,4.610755E-10,4.610755E-10,9.189234,-9.55794
'[19:08:10.500 20/01/2026]',10.20576,-4.179936,-6.058589,25.93303,4.610755E-10,4.610755E-10,-12.76763,5.413788
'[19:08:10.508 20/01/2026]',10.20576,-4.179936,-6.058589,25.93303,4.610755E-10,4.610755E-10,-12.76763,5.413788
'[19:08:10.516 20/01/2026]',10.20576,-4.179936,-6.058589,25.93303,4.610755E-10,4.610755E-10,-12.76763,5.413788
'[19:08:10.524 20/01/2026]',10.20576,-4.179936,-6.058589,25.93303,4.610755E-10,4.610755E-10,-12.76763,5.413788
'[19:08:10.532 20/01/2026]',10.20576,-4.179936,-6.058589,25.93303,4.610755E-10,4.610755E-10,-12.76763,5.413788
'[19:08:10.540 20/01/2026]',10.20576,-4.179936,-6.058589,25.93303,4.610755E-10,4.610755E-10,-12.76763,5.413788
'[19:08:10.548 20/01/2026]',-3.51721,4.028476,3.421333,-9.297566,4.610755E-10,4.610755E-10,-1.912037,14.93421
'[19:08:10.556 20/01/2026]',-3.51721,4.028476,3.421333,-9.297566,4.610755E-10,4.610755E-10,-1.912037,14.93421
'[19:08:10.564 20/01/2026]',-9.982299,-1.405284,2.532787,-15.05174,4.610755E-10,4.610755E-10,13.77284,-21.07057
'[19:08:10.572 20/01/2026]',-51.27576,-4.986621,-11.02281,-0.3236589,4.610755E-10,4.610755E-10,-19.45668,-12.33073
'[19:08:10.580 20/01/2026]',82.93961,13.19357,21.17215,20.31678,4.610755E-10,4.610755E-10,18.34317,54.16611
'[19:08:10.588 20/01/2026]',82.93961,13.19357,21.17215,20.31678,4.610755E-10,4.610755E-10,18.34317,54.16611
'[19:08:10.596 20/01/2026]',-24.50139,-9.73364,-18.39923,-28.75773,4.610755E-10,4.610755E-10,-5.034101,-43.37182
'[19:08:10.604 20/01/2026]',-24.50139,-9.73364,-18.39923,-28.75773,4.610755E-10,4.610755E-10,-5.034101,-43.37182
'[19:08:10.612 20/01/2026]',2.178464,0.2646647,5.43546,22.8349,4.610755E-10,4.610755E-10,-3.021716,2.883017
'[19:08:10.620 20/01/2026]',2.178464,0.2646647,5.43546,22.8349,4.610755E-10,4.610755E-10,-3.021716,2.883017
'[19:08:10.628 20/01/2026]',2.178464,0.2646647,5.43546,22.8349,4.610755E-10,4.610755E-10,-3.021716,2.883017
'[19:08:10.636 20/01/2026]',13.48122,-0.5483894,3.037202,-4.53321,4.610755E-10,4.610755E-10,0.5889181,14.73756
'[19:08:10.644 20/01/2026]',-12.26538,3.319895,-1.278146,41.13481,4.610755E-10,4.610755E-10,-2.248914,1.248121
'[19:08:10.652 20/01/2026]',-12.26538,3.319895,-1.278146,41.13481,4.610755E-10,4.610755E-10,-2.248914,1.248121
'[19:08:10.660 20/01/2026]',-22.64107,-2.559781,-5.385952,-83.25776,4.610755E-10,4.610755E-10,4.818837,-13.1152
'[19:08:10.668 20/01/2026]',-22.64107,-2.559781,-5.385952,-83.25776,4.610755E-10,4.610755E-10,4.818837,-13.1152
'[19:08:10.676 20/01/2026]',7.080017,-2.760634,2.552025,-12.30369,4.610755E-10,4.610755E-10,-1.330168,-11.75432
'[19:08:10.684 20/01/2026]',7.080017,-2.760634,2.552025,-12.30369,4.610755E-10,4.610755E-10,-1.330168,-11.75432
'[19:08:10.692 20/01/2026]',26.79355,-5.870943,4.618716,118.6801,4.610755E-10,4.610755E-10,-0.4676524,32.86911
'[19:08:10.700 20/01/2026]',26.79355,-5.870943,4.618716,118.6801,4.610755E-10,4.610755E-10,-0.4676524,32.86911
'[19:08:10.708 20/01/2026]',26.79355,-5.870943,4.618716,118.6801,4.610755E-10,4.610755E-10,-0.4676524,32.86911
'[19:08:10.716 20/01/2026]',26.79355,-5.870943,4.618716,118.6801,4.610755E-10,4.610755E-10,-0.4676524,32.86911
'[19:08:10.724 20/01/2026]',26.79355,-5.870943,4.618716,118.6801,4.610755E-10,4.610755E-10,-0.4676524,32.86911
'[19:08:10.732 20/01/2026]',-41.20596,0.744733,-5.26146,-70.94584,4.610755E-10,4.610755E-10,-4.6291,-9.462379
'[19:08:10.740 20/01/2026]',25.95759,26.20456,6.100129,-38.11104,4.610755E-10,4.610755E-10,7.67772,-18.78252
'[19:08:10.748 20/01/2026]',29.9253,-19.41873,-0.5772753,72.90644,4.610755E-10,4.610755E-10,-1.144673,22.73981
'[19:08:10.756 20/01/2026]',29.9253,-19.41873,-0.5772753,72.90644,4.610755E-10,4.610755E-10,-1.144673,22.73981
'[19:08:10.764 20/01/2026]',-24.68407,-6.496895,-5.315568,-17.17068,4.610755E-10,4.610755E-10,-0.9350756,0.9136084
'[19:08:10.772 20/01/2026]',-24.68407,-6.496895,-5.315568,-17.17068,4.610755E-10,4.610755E-10,-0.9350756,0.9136084
'[19:08:10.780 20/01/2026]',-5.760238,10.04139,4.369508,-15.62063,4.610755E-10,4.610755E-10,-5.951698,-19.756
'[19:08:10.788 20/01/2026]',-5.760238,10.04139,4.369508,-15.62063,4.610755E-10,4.610755E-10,-5.951698,-19.756
'[19:08:10.796 20/01/2026]',2.371668,0.288899,-3.009488,-0.5702692,4.610755E-10,4.610755E-10,5.27604,-3.98964
'[19:08:10.804 20/01/2026]',-0.1191445,-3.474021,2.080059,-10.89305,4.610755E-10,4.610755E-10,9.310097,33.6791
'[19:08:10.812 20/01/2026]',16.06908,-3.354131,-1.529553,44.02812,4.610755E-10,4.610755E-10,-16.50079,-14.44574
'[19:08:10.820 20/01/2026]',-26.90783,4.704111,0.192824,-58.17883,4.610755E-10,4.610755E-10,8.077707,-21.74194
'[19:08:10.828 20/01/2026]',-14.54867,-0.1638797,-1.127501,42.50993,4.610755E-10,4.610755E-10,-5.510791,4.570634
'[19:08:10.836 20/01/2026]',35.89281,2.598567,6.519883,3.807657,4.610755E-10,4.610755E-10,12.41773,4.760007
'[19:08:10.844 20/01/2026]',-24.65475,1.083097,-2.387414,-54.71486,4.610755E-10,4.610755E-10,7.181949,-16.38715
'[19:08:10.852 20/01/2026]',-30.60409,-6.606501,-10.48273,41.14027,4.610755E-10,4.610755E-10,-31.64292,27.06351
'[19:08:10.860 20/01/2026]',40.41592,-7.588557,7.618533,30.44825,4.610755E-10,4.610755E-10,-3.11159,49.58513
'[19:08:10.868 20/01/2026]',62.26257,15.08911,1.793927,-57.63185,4.610755E-10,4.610755E-10,39.64836,-76.51839
'[19:08:10.876 20/01/2026]',-67.79065,6.391677,3.698386,25.80888,4.610755E-10,4.610755E-10,-9.354129,4.178119
'[19:08:10.884 20/01/2026]',-34.19206,-23.75901,-14.52063,16.19922,4.610755E-10,4.610755E-10,-40.98162,41.25737
'[19:08:10.892 20/01/2026]',101.3807,14.76756,13.95983,-12.13782,4.610755E-10,4.610755E-10,46.81016,-27.60351
'[19:08:10.900 20/01/2026]',-117.2734,4.037062,-0.9844174,-20.71427,4.610755E-10,4.610755E-10,-13.53193,-5.048444
'[19:08:10.908 20/01/2026]',83.54461,-13.0122,-7.672729,-5.351731,4.610755E-10,4.610755E-10,-22.01874,19.66453
'[19:08:10.916 20/01/2026]',29.71749,9.428822,-2.374544,59.02399,4.610755E-10,4.610755E-10,41.02314,-48.5937
'[19:08:10.924 20/01/2026]',-93.4725,-0.5630983,25.01679,-45.50454,4.610755E-10,4.610755E-10,-27.2866,100.7118
'[19:08:10.932 20/01/2026]',115.0537,-10.04104,-25.48796,13.03261,4.610755E-10,4.610755E-10,-3.635363,-31.32848
'[19:08:10.940 20/01/2026]',-154.7513,10.20425,-11.87742,7.173783,4.610755E-10,4.610755E-10,6.803725,-122.7671
'[19:08:10.948 20/01/2026]',85.28194,1.646446,46.29593,-72.90592,4.610755E-10,4.610755E-10,11.32525,161.6365
'[19:08:10.956 20/01/2026]',39.0484,-7.912582,-42.14031,114.4509,4.610755E-10,4.610755E-10,-19.89408,-83.71151
'[19:08:10.964 20/01/2026]',-70.66596,4.551148,19.0224,-62.2378,4.610755E-10,4.610755E-10,9.944788,23.53677
'[19:08:10.972 20/01/2026]',61.02704,-1.734902,-4.720962,2.140786,4.610755E-10,4.610755E-10,8.047455,-7.093268
'[19:08:10.980 20/01/2026]',-43.28347,0.8566308,-0.8112631,21.62576,4.610755E-10,4.610755E-10,-11.04153,-20.73182
'[19:08:10.988 20/01/2026]',27.86363,-11.15736,5.612153,-12.13235,4.610755E-10,4.610755E-10,5.568236,64.95728
'[19:08:10.996 20/01/2026]',-50.12194,-27.84466,-30.55005,-21.56595,4.610755E-10,4.610755E-10,-8.134427,-86.02127
'[19:08:11.004 20/01/2026]',80.95542,89.35307,54.69987,60.70793,4.610755E-10,4.610755E-10,10.99578,69.87657
'[19:08:11.012 20/01/2026]',-37.76383,-31.06647,-21.44569,-42.47538,4.610755E-10,4.610755E-10,-8.403481,-15.08874
'[19:08:11.020 20/01/2026]',-28.73237,-50.94991,-17.66677,-19.83812,4.610755E-10,4.610755E-10,6.934573,-33.50061
'[19:08:11.028 20/01/2026]',57.67115,28.23045,10.04659,71.40185,4.610755E-10,4.610755E-10,-4.174172,24.63609
'[19:08:11.036 20/01/2026]',-42.58405,16.03058,7.317523,-77.98682,4.610755E-10,4.610755E-10,4.766375,-0.3471366
'[19:08:11.044 20/01/2026]',4.129276,-20.6241,-4.34129,30.03595,4.610755E-10,4.610755E-10,-6.415798,2.669181
'[19:08:11.052 20/01/2026]',18.23476,-1.609129,-11.18741,6.59896,4.610755E-10,4.610755E-10,-4.035656,-27.30413
'[19:08:11.060 20/01/2026]',6.629071,12.14898,12.96348,16.1022,4.610755E-10,4.610755E-10,14.37759,35.28297
'[19:08:11.068 20/01/2026]',-43.98755,-4.053141,-9.645121,-48.41605,4.610755E-10,4.610755E-10,-13.43276,-16.11836
'[19:08:11.076 20/01/2026]',45.56395,-2.220133,9.115504,32.45091,4.610755E-10,4.610755E-10,5.871062,18.451
'[19:08:11.084 20/01/2026]',45.56395,-2.220133,9.115504,32.45091,4.610755E-10,4.610755E-10,5.871062,18.451
'[19:08:11.092 20/01/2026]',45.56395,-2.220133,9.115504,32.45091,4.610755E-10,4.610755E-10,5.871062,18.451
'[19:08:11.100 20/01/2026]',33.05763,7.205952,-4.076645,10.09069,4.610755E-10,4.610755E-10,4.923651,-16.43015
'[19:08:11.108 20/01/2026]',33.05763,7.205952,-4.076645,10.09069,4.610755E-10,4.610755E-10,4.923651,-16.43015
'[19:08:11.116 20/01/2026]',-85.26411,-0.8621528,-9.480977,-48.14251,4.610755E-10,4.610755E-10,-6.367948,-18.55648
'[19:08:11.124 20/01/2026]',50.09557,-9.599688,16.51285,65.01643,4.610755E-10,4.610755E-10,-0.7044195,60.73116
'[19:08:11.132 20/01/2026]',19.51174,9.771511,0.3245014,-27.90637,4.610755E-10,4.610755E-10,11.13366,-33.51445
'[19:08:11.140 20/01/2026]',19.51174,9.771511,0.3245014,-27.90637,4.610755E-10,4.610755E-10,11.13366,-33.51445
'[19:08:11.148 20/01/2026]',-53.57914,-5.463019,-14.89433,-27.97911,4.610755E-10,4.610755E-10,-11.56782,-34.02355
'[19:08:11.156 20/01/2026]',16.16582,3.555089,9.036649,42.24042,4.610755E-10,4.610755E-10,0.3445513,45.59918
'[19:08:11.164 20/01/2026]',16.16582,3.555089,9.036649,42.24042,4.610755E-10,4.610755E-10,0.3445513,45.59918
'[19:08:11.172 20/01/2026]',16.16582,3.555089,9.036649,42.24042,4.610755E-10,4.610755E-10,0.3445513,45.59918
'[19:08:11.180 20/01/2026]',19.87568,1.895032,4.294123,-9.104555,4.610755E-10,4.610755E-10,7.775113,3.269601
'[19:08:11.188 20/01/2026]',19.87568,1.895032,4.294123,-9.104555,4.610755E-10,4.610755E-10,7.775113,3.269601
'[19:08:11.196 20/01/2026]',2.566628,-10.99004,-12.29024,-23.72022,4.610755E-10,4.610755E-10,-6.355263,-30.15917
'[19:08:11.204 20/01/2026]',2.566628,-10.99004,-12.29024,-23.72022,4.610755E-10,4.610755E-10,-6.355263,-30.15917
'[19:08:11.212 20/01/2026]',3.799119,15.09831,14.27701,33.00459,4.610755E-10,4.610755E-10,9.168751,8.711445
'[19:08:11.220 20/01/2026]',3.799119,15.09831,14.27701,33.00459,4.610755E-10,4.610755E-10,9.168751,8.711445
'[19:08:11.228 20/01/2026]',3.799119,15.09831,14.27701,33.00459,4.610755E-10,4.610755E-10,9.168751,8.711445
'[19:08:11.236 20/01/2026]',3.799119,15.09831,14.27701,33.00459,4.610755E-10,4.610755E-10,9.168751,8.711445
'[19:08:11.244 20/01/2026]',3.799119,15.09831,14.27701,33.00459,4.610755E-10,4.610755E-10,9.168751,8.711445
'[19:08:11.252 20/01/2026]',-30.90018,-8.944592,-6.680065,-21.47751,4.610755E-10,4.610755E-10,-12.89007,0.4670871
'[19:08:11.260 20/01/2026]',-30.90018,-8.944592,-6.680065,-21.47751,4.610755E-10,4.610755E-10,-12.89007,0.4670871
'[19:08:11.268 20/01/2026]',13.51941,-2.762942,-4.281188,-9.991207,4.610755E-10,4.610755E-10,6.155131,3.963027
'[19:08:11.276 20/01/2026]',7.350861,11.13197,12.68487,35.31969,4.610755E-10,4.610755E-10,8.266518,12.86476
'[19:08:11.284 20/01/2026]',7.350861,11.13197,12.68487,35.31969,4.610755E-10,4.610755E-10,8.266518,12.86476
'[19:08:11.292 20/01/2026]',7.350861,11.13197,12.68487,35.31969,4.610755E-10,4.610755E-10,8.266518,12.86476
'[19:08:11.300 20/01/2026]',-11.75427,-8.619192,-10.45055,-35.29507,4.610755E-10,4.610755E-10,-11.04543,-13.40516
'[19:08:11.308 20/01/2026]',1.545109,-3.90822,-5.083666,9.062677,4.610755E-10,4.610755E-10,-2.441216,-12.3605
'[19:08:11.316 20/01/2026]',1.545109,-3.90822,-5.083666,9.062677,4.610755E-10,4.610755E-10,-2.441216,-12.3605
'[19:08:11.324 20/01/2026]',-6.839857,10.15934,11.31341,16.04733,4.610755E-10,4.610755E-10,7.156267,23.20956
'[19:08:11.332 20/01/2026]',-15.37379,-8.475004,-8.111659,-21.71063,4.610755E-10,4.610755E-10,-4.978669,-9.278936
'[19:08:11.340 20/01/2026]',-15.37379,-8.475004,-8.111659,-21.71063,4.610755E-10,4.610755E-10,-4.978669,-9.278936
'[19:08:11.348 20/01/2026]',29.90903,1.454974,2.080433,12.1951,4.610755E-10,4.610755E-10,2.265617,-20.82528
'[19:08:11.356 20/01/2026]',29.90903,1.454974,2.080433,12.1951,4.610755E-10,4.610755E-10,2.265617,-20.82528
'[19:08:11.364 20/01/2026]',29.90903,1.454974,2.080433,12.1951,4.610755E-10,4.610755E-10,2.265617,-20.82528
'[19:08:11.372 20/01/2026]',-32.93631,-4.399113,-2.478798,0.08303822,4.610755E-10,4.610755E-10,-1.589096,17.76501
'[19:08:11.380 20/01/2026]',-32.93631,-4.399113,-2.478798,0.08303822,4.610755E-10,4.610755E-10,-1.589096,17.76501
'[19:08:11.388 20/01/2026]',8.072965,5.863398,2.849348,-5.562589,4.610755E-10,4.610755E-10,-2.373842,10.86446
'[19:08:11.396 20/01/2026]',8.072965,5.863398,2.849348,-5.562589,4.610755E-10,4.610755E-10,-2.373842,10.86446
'[19:08:11.404 20/01/2026]',8.072965,5.863398,2.849348,-5.562589,4.610755E-10,4.610755E-10,-2.373842,10.86446
'[19:08:11.412 20/01/2026]',17.88529,5.96649,0.8863874,-15.66162,4.610755E-10,4.610755E-10,3.58099,-31.86265
'[19:08:11.420 20/01/2026]',17.88529,5.96649,0.8863874,-15.66162,4.610755E-10,4.610755E-10,3.58099,-31.86265
'[19:08:11.428 20/01/2026]',-9.765778,-6.359079,1.395079,33.28883,4.610755E-10,4.610755E-10,4.643639,26.09947
'[19:08:11.436 20/01/2026]',-3.305151,-3.830825,-8.168797,-19.53155,4.610755E-10,4.610755E-10,-8.99628,-0.2017349
'[19:08:11.444 20/01/2026]',-4.529194,2.792294,6.72924,-2.848068,4.610755E-10,4.610755E-10,1.549913,-17.58568
'[19:08:11.452 20/01/2026]',10.80279,1.13421,-3.016584,-0.2149473,4.610755E-10,4.610755E-10,4.133347,5.718507
'[19:08:11.460 20/01/2026]',-44.89531,-0.3588876,-0.7479227,-0.9945766,4.610755E-10,4.610755E-10,-6.192071,-0.1301909
'[19:08:11.468 20/01/2026]',66.51517,4.137948,13.09293,39.5048,4.610755E-10,4.610755E-10,12.14227,31.27551
'[19:08:11.476 20/01/2026]',-6.618464,-11.54023,-23.49761,-53.02158,4.610755E-10,4.610755E-10,-10.40688,-46.68101
'[19:08:11.484 20/01/2026]',-54.04521,10.68389,15.20504,1.70623,4.610755E-10,4.610755E-10,-7.129627,10.71968
'[19:08:11.492 20/01/2026]',51.94831,-0.6448243,4.806932,45.55059,4.610755E-10,4.610755E-10,21.08928,49.22835
'[19:08:11.500 20/01/2026]',10.70102,-3.534788,-13.06627,-34.18064,4.610755E-10,4.610755E-10,-13.58138,-65.38516
'[19:08:11.508 20/01/2026]',2.304337,5.516715,13.0036,17.41317,4.610755E-10,4.610755E-10,-1.777498,24.05927
'[19:08:11.516 20/01/2026]',-40.73512,-0.2787878,-2.494705,-9.030703,4.610755E-10,4.610755E-10,9.509766,28.48613
'[19:08:11.524 20/01/2026]',-3.921082,-10.99512,-15.78933,-19.5122,4.610755E-10,4.610755E-10,-7.631749,-63.33649
'[19:08:11.532 20/01/2026]',39.51368,12.84934,20.55906,39.81021,4.610755E-10,4.610755E-10,-1.320521,55.52834
'[19:08:11.540 20/01/2026]',-40.36164,-8.348608,-12.51141,-48.11084,4.610755E-10,4.610755E-10,2.795986,-24.06408
'[19:08:11.548 20/01/2026]',29.55114,0.9053023,0.8085033,44.35878,4.610755E-10,4.610755E-10,4.266332,-17.0097
'[19:08:11.556 20/01/2026]',-0.1273492,0.6719371,4.741577,-20.03116,4.610755E-10,4.610755E-10,-11.22295,45.18514
'[19:08:11.564 20/01/2026]',-5.943237,-8.125999,-4.795611,-12.83408,4.610755E-10,4.610755E-10,10.85686,-25.29712
'[19:08:11.572 20/01/2026]',-58.19664,-26.04794,-22.68651,-2.78425,4.610755E-10,4.610755E-10,-11.83287,-27.65747
'[19:08:11.580 20/01/2026]',91.55014,80.60497,53.19987,45.78744,4.610755E-10,4.610755E-10,8.665483,33.94025
'[19:08:11.588 20/01/2026]',-13.88609,-23.53742,-9.09293,-18.03267,4.610755E-10,4.610755E-10,8.722448,0.4286377
'[19:08:11.596 20/01/2026]',-62.96621,-53.11251,-43.50554,-55.40866,4.610755E-10,4.610755E-10,-14.36129,-12.3434
'[19:08:11.604 20/01/2026]',60.15569,36.16398,30.90384,55.45663,4.610755E-10,4.610755E-10,1.729142,5.159709
'[19:08:11.612 20/01/2026]',-13.07163,10.17834,8.570871,25.56884,4.610755E-10,4.610755E-10,11.8089,8.793516
'[19:08:11.620 20/01/2026]',5.266109,-16.52101,-16.66306,-37.43639,4.610755E-10,4.610755E-10,-4.894587,-0.6604016
'[19:08:11.628 20/01/2026]',-33.25696,-2.245842,-0.2165587,-25.0162,4.610755E-10,4.610755E-10,-8.457856,-24.40212
'[19:08:11.636 20/01/2026]',27.88191,11.27047,10.86999,35.46515,4.610755E-10,4.610755E-10,8.450689,33.51476
'[19:08:11.644 20/01/2026]',21.19478,3.971788,3.130939,11.93276,4.610755E-10,4.610755E-10,9.032824,1.684205
'[19:08:11.652 20/01/2026]',-44.71971,-20.28633,-20.90273,-35.39846,4.610755E-10,4.610755E-10,-21.50782,-35.17751
'[19:08:11.660 20/01/2026]',17.29908,13.14684,13.66575,17.11107,4.610755E-10,4.610755E-10,12.29244,20.68515
'[19:08:11.668 20/01/2026]',11.65366,4.067737,7.587393,9.374048,4.610755E-10,4.610755E-10,5.382037,13.04037
'[19:08:11.676 20/01/2026]',-12.90537,-14.44998,-19.2027,-20.48006,4.610755E-10,4.610755E-10,-17.44344,-24.93049
'[19:08:11.684 20/01/2026]',15.81636,9.405959,12.44696,12.33847,4.610755E-10,4.610755E-10,16.64449,22.11828
'[19:08:11.692 20/01/2026]',-26.49317,-0.5593549,-1.466866,-4.082983,4.610755E-10,4.610755E-10,-8.419509,-18.0701
'[19:08:11.700 20/01/2026]',15.7697,-4.949958,-1.132443,6.356937,4.610755E-10,4.610755E-10,0.02431891,11.29181
'[19:08:11.708 20/01/2026]',6.320646,5.218489,-1.9511,-16.94958,4.610755E-10,4.610755E-10,-0.124595,-15.87203
'[19:08:11.716 20/01/2026]',-18.18267,5.74562,7.414048,25.85054,4.610755E-10,4.610755E-10,10.68033,18.51995
'[19:08:11.724 20/01/2026]',12.16944,-7.102296,-4.685184,-3.426068,4.610755E-10,4.610755E-10,-9.88256,5.228306
'[19:08:11.732 20/01/2026]',-3.36096,-4.072309,-4.795083,-30.15294,4.610755E-10,4.610755E-10,-0.4145511,-30.08671
'[19:08:11.740 20/01/2026]',3.775943,7.684464,6.849347,35.10052,4.610755E-10,4.610755E-10,4.385751,24.45332
'[19:08:11.748 20/01/2026]',-15.46056,-7.210911,-7.439338,-18.94164,4.610755E-10,4.610755E-10,-5.713809,-10.14774
'[19:08:11.756 20/01/2026]',-15.46056,-7.210911,-7.439338,-18.94164,4.610755E-10,4.610755E-10,-5.713809,-10.14774
'[19:08:11.764 20/01/2026]',19.80588,5.877828,8.063135,20.27992,4.610755E-10,4.610755E-10,8.684894,18.41638
'[19:08:11.772 20/01/2026]',19.80588,5.877828,8.063135,20.27992,4.610755E-10,4.610755E-10,8.684894,18.41638
'[19:08:11.780 20/01/2026]',14.45687,-0.7279061,0.1232471,-12.84919,4.610755E-10,4.610755E-10,-2.916696,-13.67483
'[19:08:11.788 20/01/2026]',-34.81612,-7.784026,-10.39676,-10.57592,4.610755E-10,4.610755E-10,-7.593605,-17.28412
'[19:08:11.796 20/01/2026]',-34.81612,-7.784026,-10.39676,-10.57592,4.610755E-10,4.610755E-10,-7.593605,-17.28412
'[19:08:11.804 20/01/2026]',-34.81612,-7.784026,-10.39676,-10.57592,4.610755E-10,4.610755E-10,-7.593605,-17.28412
'[19:08:11.812 20/01/2026]',20.79436,10.40073,8.416328,22.28135,4.610755E-10,4.610755E-10,7.622704,30.96322
'[19:08:11.820 20/01/2026]',20.79436,10.40073,8.416328,22.28135,4.610755E-10,4.610755E-10,7.622704,30.96322
'[19:08:11.828 20/01/2026]',20.79436,10.40073,8.416328,22.28135,4.610755E-10,4.610755E-10,7.622704,30.96322
'[19:08:11.836 20/01/2026]',-4.769104,-1.785192,4.50331,-17.91141,4.610755E-10,4.610755E-10,2.97357,-9.777471
'[19:08:11.844 20/01/2026]',-4.769104,-1.785192,4.50331,-17.91141,4.610755E-10,4.610755E-10,2.97357,-9.777471
'[19:08:11.852 20/01/2026]',-5.009383,-5.509732,-9.045416,-3.084943,4.610755E-10,4.610755E-10,-8.146614,-11.20463
'[19:08:11.860 20/01/2026]',-5.009383,-5.509732,-9.045416,-3.084943,4.610755E-10,4.610755E-10,-8.146614,-11.20463
'[19:08:11.868 20/01/2026]',1.903544,1.780302,-1.141972,8.887442,4.610755E-10,4.610755E-10,1.594541,3.855121
'[19:08:11.876 20/01/2026]',1.903544,1.780302,-1.141972,8.887442,4.610755E-10,4.610755E-10,1.594541,3.855121
'[19:08:11.884 20/01/2026]',1.903544,1.780302,-1.141972,8.887442,4.610755E-10,4.610755E-10,1.594541,3.855121
'[19:08:11.892 20/01/2026]',1.903544,1.780302,-1.141972,8.887442,4.610755E-10,4.610755E-10,1.594541,3.855121
'[19:08:11.900 20/01/2026]',0.7328458,-1.046208,4.017273,2.034329,4.610755E-10,4.610755E-10,-3.250127,1.961467
'[19:08:11.908 20/01/2026]',7.357106,6.43035,3.671982,-6.386964,4.610755E-10,4.610755E-10,9.20406,5.862899
'[19:08:11.916 20/01/2026]',7.733028,-2.78386,-7.09559,8.549247,4.610755E-10,4.610755E-10,-3.392586,-1.398686
'[19:08:11.924 20/01/2026]',7.733028,-2.78386,-7.09559,8.549247,4.610755E-10,4.610755E-10,-3.392586,-1.398686
'[19:08:11.932 20/01/2026]',7.733028,-2.78386,-7.09559,8.549247,4.610755E-10,4.610755E-10,-3.392586,-1.398686
'[19:08:11.940 20/01/2026]',-28.93671,-0.3851256,4.634186,-11.9916,4.610755E-10,4.610755E-10,-3.292427,-15.06367
'[19:08:11.948 20/01/2026]',9.186831,-8.662774,-5.138322,8.751143,4.610755E-10,4.610755E-10,0.7199603,14.21299
'[19:08:11.956 20/01/2026]',9.186831,-8.662774,-5.138322,8.751143,4.610755E-10,4.610755E-10,0.7199603,14.21299
'[19:08:11.964 20/01/2026]',9.186831,-8.662774,-5.138322,8.751143,4.610755E-10,4.610755E-10,0.7199603,14.21299
'[19:08:11.972 20/01/2026]',-8.383696,-17.05033,-8.433022,-3.433027,4.610755E-10,4.610755E-10,-0.6924318,1.229442
'[19:08:11.980 20/01/2026]',-8.383696,-17.05033,-8.433022,-3.433027,4.610755E-10,4.610755E-10,-0.6924318,1.229442
'[19:08:11.988 20/01/2026]',-13.53839,40.28455,14.17663,-26.60652,4.610755E-10,4.610755E-10,1.212791,-24.01906
'[19:08:11.996 20/01/2026]',-13.53839,40.28455,14.17663,-26.60652,4.610755E-10,4.610755E-10,1.212791,-24.01906
'[19:08:12.004 20/01/2026]',80.09061,24.07347,16.48143,68.09939,4.610755E-10,4.610755E-10,7.626298,39.00258
'[19:08:12.012 20/01/2026]',80.09061,24.07347,16.48143,68.09939,4.610755E-10,4.610755E-10,7.626298,39.00258
'[19:08:12.020 20/01/2026]',-48.26616,-60.02464,-25.959,-37.02504,4.610755E-10,4.610755E-10,-11.74729,-22.72672
'[19:08:12.028 20/01/2026]',-50.49388,8.824098,-1.276253,-34.45205,4.610755E-10,4.610755E-10,-0.8078673,-20.99096
'[19:08:12.036 20/01/2026]',58.03965,26.84141,18.71172,47.05023,4.610755E-10,4.610755E-10,14.13598,35.14782
'[19:08:12.044 20/01/2026]',4.95751,-13.29688,-8.588786,-14.90975,4.610755E-10,4.610755E-10,-8.872212,-1.339368
'[19:08:12.052 20/01/2026]',-29.58292,-7.470515,-7.735385,-1.777018,4.610755E-10,4.610755E-10,-3.169284,-23.4146
'[19:08:12.060 20/01/2026]',9.329749,11.11808,9.000065,4.806606,4.610755E-10,4.610755E-10,8.861125,19.91484
'[19:08:12.068 20/01/2026]',7.933698,-8.062222,-3.649375,-6.618942,4.610755E-10,4.610755E-10,-9.283106,2.887871
'[19:08:12.076 20/01/2026]',-0.8511771,-3.298803,-2.287869,4.469385,4.610755E-10,4.610755E-10,2.351756,-8.083963
'[19:08:12.084 20/01/2026]',6.66523,11.67487,6.79218,6.101578,4.610755E-10,4.610755E-10,7.673487,-1.849418
'[19:08:12.092 20/01/2026]',-30.7867,-6.72242,-5.57681,-18.58153,4.610755E-10,4.610755E-10,-10.25632,3.866885
'[19:08:12.100 20/01/2026]',18.07749,-5.867052,-4.146237,8.655026,4.610755E-10,4.610755E-10,-1.762234,-3.969399
'[19:08:12.108 20/01/2026]',-2.206397,-15.43684,-3.398147,0.7463479,4.610755E-10,4.610755E-10,4.179021,-6.51126
'[19:08:12.116 20/01/2026]',-3.382491,21.77457,9.954311,-1.575951,4.610755E-10,4.610755E-10,1.329035,9.309933
'[19:08:12.124 20/01/2026]',33.88002,20.368,8.281721,21.72926,4.610755E-10,4.610755E-10,7.322615,3.295059
'[19:08:12.132 20/01/2026]',-18.45346,-32.75552,-15.38525,-21.65926,4.610755E-10,4.610755E-10,-9.654117,-9.820148
'[19:08:12.140 20/01/2026]',-42.43344,3.538712,1.318682,-21.62866,4.610755E-10,4.610755E-10,-5.498928,0.7269095
'[19:08:12.148 20/01/2026]',49.92756,12.72243,5.752977,38.5291,4.610755E-10,4.610755E-10,8.454335,22.22871
'[19:08:12.156 20/01/2026]',2.627097,-8.487563,-3.845548,-17.89587,4.610755E-10,4.610755E-10,2.930591,-31.13914
'[19:08:12.164 20/01/2026]',-48.73901,5.92068,3.105403,-9.511162,4.610755E-10,4.610755E-10,-7.855093,5.231874
'[19:08:12.172 20/01/2026]',36.7842,-7.05296,-4.885531,20.57711,4.610755E-10,4.610755E-10,2.788487,22.3848
'[19:08:12.180 20/01/2026]',-11.32124,3.942886,1.535756,-13.05648,4.610755E-10,4.610755E-10,1.062764,-19.39024
'[19:08:12.188 20/01/2026]',-2.089404,-1.504547,2.310337,-13.66969,4.610755E-10,4.610755E-10,-2.157669,5.787187
'[19:08:12.196 20/01/2026]',-6.499783,-5.533158,-5.286457,23.24626,4.610755E-10,4.610755E-10,-4.364209,-0.9567782
'[19:08:12.204 20/01/2026]',11.97008,6.661536,1.804645,-4.209453,4.610755E-10,4.610755E-10,5.165833,-6.901071
'[19:08:12.212 20/01/2026]',5.410924,2.098758,4.375911,-2.736043,4.610755E-10,4.610755E-10,1.272081,11.1536
'[19:08:12.220 20/01/2026]',-11.67612,-6.652058,-5.256137,-1.051313,4.610755E-10,4.610755E-10,-0.3518741,-11.94956
'[19:08:12.228 20/01/2026]',15.43054,4.981024,3.307448,6.530264,4.610755E-10,4.610755E-10,-1.807211,6.911378
'[19:08:12.236 20/01/2026]',-34.90472,-5.906422,-9.23042,-15.95614,4.610755E-10,4.610755E-10,-6.291934,14.60178
'[19:08:12.244 20/01/2026]',38.24026,6.298937,11.30155,7.221974,4.610755E-10,4.610755E-10,12.77851,-13.45153
'[19:08:12.252 20/01/2026]',1.065276,-0.05250431,0.9096029,17.53251,4.610755E-10,4.610755E-10,-4.637268,-4.947482
'[19:08:12.260 20/01/2026]',-48.71941,-10.86244,-15.2464,-34.72967,4.610755E-10,4.610755E-10,-9.541055,-7.133865
'[19:08:12.268 20/01/2026]',49.85126,10.38095,13.78585,21.50002,4.610755E-10,4.610755E-10,10.45595,32.17642
'[19:08:12.276 20/01/2026]',-21.17489,1.657631,1.350378,10.2676,4.610755E-10,4.610755E-10,-1.35753,-24.58827
'[19:08:12.284 20/01/2026]',-6.624287,-9.042669,-10.2088,-21.32014,4.610755E-10,4.610755E-10,-4.925751,-11.83058
'[19:08:12.292 20/01/2026]',28.27601,6.159418,7.559338,2.199532,4.610755E-10,4.610755E-10,6.798413,31.58835
'[19:08:12.300 20/01/2026]',-12.49095,-0.9695008,-1.519952,16.70147,4.610755E-10,4.610755E-10,-3.206153,-11.76851
'[19:08:12.308 20/01/2026]',-13.84497,0.6784244,-0.6485993,-1.385191,4.610755E-10,4.610755E-10,-1.129908,-9.845742
'[19:08:12.316 20/01/2026]',13.27433,-6.88835,-6.054792,-23.3683,4.610755E-10,4.610755E-10,-4.669371,-3.101982
'[19:08:12.324 20/01/2026]',-9.711551,9.12733,6.011901,12.85146,4.610755E-10,4.610755E-10,7.974674,15.90349
'[19:08:12.332 20/01/2026]',3.636879,-0.1988138,2.360055,0.361189,4.610755E-10,4.610755E-10,1.497413,-6.179955
'[19:08:12.340 20/01/2026]',-2.362032,-11.03186,-8.713679,-4.150753,4.610755E-10,4.610755E-10,-14.21403,-16.14441
'[19:08:12.348 20/01/2026]',-2.362032,-11.03186,-8.713679,-4.150753,4.610755E-10,4.610755E-10,-14.21403,-16.14441
'[19:08:12.356 20/01/2026]',-2.362032,-11.03186,-8.713679,-4.150753,4.610755E-10,4.610755E-10,-14.21403,-16.14441
'[19:08:12.364 20/01/2026]',2.932531,7.96332,8.540561,2.04486,4.610755E-10,4.610755E-10,14.2519,20.94896
'[19:08:12.372 20/01/2026]',2.932531,7.96332,8.540561,2.04486,4.610755E-10,4.610755E-10,14.2519,20.94896
'[19:08:12.380 20/01/2026]',0.5632176,4.184011,-0.5337144,-1.917091,4.610755E-10,4.610755E-10,-0.3558776,-2.267184
'[19:08:12.388 20/01/2026]',0.5632176,4.184011,-0.5337144,-1.917091,4.610755E-10,4.610755E-10,-0.3558776,-2.267184
'[19:08:12.396 20/01/2026]',-0.6905947,-3.450838,-2.875899,7.950734,4.610755E-10,4.610755E-10,-3.376499,-6.210156
'[19:08:12.404 20/01/2026]',-0.6905947,-3.450838,-2.875899,7.950734,4.610755E-10,4.610755E-10,-3.376499,-6.210156
'[19:08:12.412 20/01/2026]',10.92637,0.9780424,1.890258,-2.163073,4.610755E-10,4.610755E-10,0.5670714,4.686745
'[19:08:12.420 20/01/2026]',10.92637,0.9780424,1.890258,-2.163073,4.610755E-10,4.610755E-10,0.5670714,4.686745
'[19:08:12.428 20/01/2026]',10.92637,0.9780424,1.890258,-2.163073,4.610755E-10,4.610755E-10,0.5670714,4.686745
'[19:08:12.436 20/01/2026]',-10.00032,-9.238003,-2.626984,-8.435064,4.610755E-10,4.610755E-10,-2.245028,-1.670593
'[19:08:12.444 20/01/2026]',-10.00032,-9.238003,-2.626984,-8.435064,4.610755E-10,4.610755E-10,-2.245028,-1.670593
'[19:08:12.452 20/01/2026]',-4.495118,9.06641,2.476304,10.07675,4.610755E-10,4.610755E-10,2.59396,-4.627148
'[19:08:12.460 20/01/2026]',-4.495118,9.06641,2.476304,10.07675,4.610755E-10,4.610755E-10,2.59396,-4.627148
'[19:08:12.468 20/01/2026]',-9.882826,-8.253778,-10.11993,-18.67963,4.610755E-10,4.610755E-10,-9.06673,-10.0077
'[19:08:12.476 20/01/2026]',-9.882826,-8.253778,-10.11993,-18.67963,4.610755E-10,4.610755E-10,-9.06673,-10.0077
'[19:08:12.484 20/01/2026]',-9.882826,-8.253778,-10.11993,-18.67963,4.610755E-10,4.610755E-10,-9.06673,-10.0077
'[19:08:12.492 20/01/2026]',13.63983,0.9642631,7.487636,10.20165,4.610755E-10,4.610755E-10,6.876353,16.69556
'[19:08:12.500 20/01/2026]',17.45198,12.38944,11.33562,23.24997,4.610755E-10,4.610755E-10,5.343953,2.908451
'[19:08:12.508 20/01/2026]',17.45198,12.38944,11.33562,23.24997,4.610755E-10,4.610755E-10,5.343953,2.908451
'[19:08:12.516 20/01/2026]',17.45198,12.38944,11.33562,23.24997,4.610755E-10,4.610755E-10,5.343953,2.908451
'[19:08:12.524 20/01/2026]',-23.4487,-10.68393,-14.45784,-32.63107,4.610755E-10,4.610755E-10,-4.932147,-14.39653
'[19:08:12.532 20/01/2026]',0.4343896,-2.09554,1.552492,9.329683,4.610755E-10,4.610755E-10,-1.926618,7.019933
'[19:08:12.540 20/01/2026]',0.4343896,-2.09554,1.552492,9.329683,4.610755E-10,4.610755E-10,-1.926618,7.019933
'[19:08:12.548 20/01/2026]',0.4343896,-2.09554,1.552492,9.329683,4.610755E-10,4.610755E-10,-1.926618,7.019933
'[19:08:12.556 20/01/2026]',4.141089,4.909427,2.85443,7.433977,4.610755E-10,4.610755E-10,-4.222,2.187429
'[19:08:12.564 20/01/2026]',4.141089,4.909427,2.85443,7.433977,4.610755E-10,4.610755E-10,-4.222,2.187429
'[19:08:12.572 20/01/2026]',-10.68524,-8.37618,-7.17132,-21.93976,4.610755E-10,4.610755E-10,1.506273,-17.53626
'[19:08:12.580 20/01/2026]',-10.68524,-8.37618,-7.17132,-21.93976,4.610755E-10,4.610755E-10,1.506273,-17.53626
'[19:08:12.588 20/01/2026]',-10.68524,-8.37618,-7.17132,-21.93976,4.610755E-10,4.610755E-10,1.506273,-17.53626
'[19:08:12.596 20/01/2026]',17.66831,6.151434,7.50208,22.49496,4.610755E-10,4.610755E-10,11.21367,21.35877
'[19:08:12.604 20/01/2026]',17.66831,6.151434,7.50208,22.49496,4.610755E-10,4.610755E-10,11.21367,21.35877
'[19:08:12.612 20/01/2026]',-2.288521,0.75252,-0.5482954,0.2692682,4.610755E-10,4.610755E-10,-14.42724,-4.131824
'[19:08:12.620 20/01/2026]',-2.288521,0.75252,-0.5482954,0.2692682,4.610755E-10,4.610755E-10,-14.42724,-4.131824
'[19:08:12.628 20/01/2026]',-24.79607,-6.95066,-5.612823,-21.23021,4.610755E-10,4.610755E-10,5.40943,-15.15408
'[19:08:12.636 20/01/2026]',25.02634,-2.650642,-2.959788,14.04642,4.610755E-10,4.610755E-10,4.631361,17.14801
'[19:08:12.644 20/01/2026]',1.767445,-0.3176851,8.038469,10.90675,4.610755E-10,4.610755E-10,-7.185263,3.628119
'[19:08:12.652 20/01/2026]',-32.58087,2.480248,-5.949502,-32.91531,4.610755E-10,4.610755E-10,-4.406665,-32.75758
'[19:08:12.660 20/01/2026]',56.42924,30.62642,17.35268,37.47628,4.610755E-10,4.610755E-10,19.91097,34.76628
'[19:08:12.668 20/01/2026]',-27.11239,-31.20845,-14.63464,-12.26686,4.610755E-10,4.610755E-10,-15.73045,-4.31782
'[19:08:12.676 20/01/2026]',-35.92027,-13.33666,-8.701499,-23.73833,4.610755E-10,4.610755E-10,-5.006321,-26.53725
'[19:08:12.684 20/01/2026]',19.20501,15.06833,9.068005,18.53854,4.610755E-10,4.610755E-10,13.72339,21.54392
'[19:08:12.692 20/01/2026]',-17.48622,-28.43087,-12.77673,-9.766496,4.610755E-10,4.610755E-10,-12.69931,-6.686346
'[19:08:12.700 20/01/2026]',55.02489,56.95533,28.20745,18.38158,4.610755E-10,4.610755E-10,10.95446,3.043529
'[19:08:12.708 20/01/2026]',15.32829,21.4991,8.889688,12.95488,4.610755E-10,4.610755E-10,8.375624,12.80632
'[19:08:12.716 20/01/2026]',-69.96354,-73.70892,-38.16702,-31.17896,4.610755E-10,4.610755E-10,-20.45493,-19.44276
'[19:08:12.724 20/01/2026]',15.97124,6.055525,2.121754,-7.219317,4.610755E-10,4.610755E-10,-1.17597,-4.729982
'[19:08:12.732 20/01/2026]',25.96197,40.95542,24.39378,33.48599,4.610755E-10,4.610755E-10,18.3492,18.26506
'[19:08:12.740 20/01/2026]',-5.636341,-12.87486,-5.891768,-10.57309,4.610755E-10,4.610755E-10,-6.051808,-0.8552819
'[19:08:12.748 20/01/2026]',-19.27581,-20.49386,-14.81691,-19.72924,4.610755E-10,4.610755E-10,-9.704531,-9.23396
'[19:08:12.756 20/01/2026]',11.97298,15.80782,12.80314,23.67296,4.610755E-10,4.610755E-10,10.79871,6.310108
'[19:08:12.764 20/01/2026]',5.722317,3.965943,-1.172171,-6.849688,4.610755E-10,4.610755E-10,-2.561707,-4.654039
'[19:08:12.772 20/01/2026]',-2.638601,-10.60262,-3.70808,-9.739325,4.610755E-10,4.610755E-10,-0.8984116,10.59878
'[19:08:12.780 20/01/2026]',-7.126014,1.828165,-0.12229,5.008458,4.610755E-10,4.610755E-10,-1.618758,-10.68949
'[19:08:12.788 20/01/2026]',0.2554376,7.335346,5.598919,15.38234,4.610755E-10,4.610755E-10,6.096737,5.976157
'[19:08:12.796 20/01/2026]',9.061637,-7.530575,-6.182592,-19.3861,4.610755E-10,4.610755E-10,-6.157944,1.24347
'[19:08:12.804 20/01/2026]',-1.334506,3.828188,4.039042,7.204737,4.610755E-10,4.610755E-10,3.88266,-1.20083
'[19:08:12.812 20/01/2026]',-25.26166,-7.138882,-11.30332,-10.86508,4.610755E-10,4.610755E-10,-6.769151,-15.66476
'[19:08:12.820 20/01/2026]',17.08748,4.955782,7.268595,10.47447,4.610755E-10,4.610755E-10,5.770009,21.47448
'[19:08:12.828 20/01/2026]',21.96803,2.628467,5.629615,4.085333,4.610755E-10,4.610755E-10,-3.964943,-4.205677
'[19:08:12.836 20/01/2026]',-28.67706,-6.247944,-5.554615,-6.509349,4.610755E-10,4.610755E-10,2.321202,-11.63406
'[19:08:12.844 20/01/2026]',3.424339,-8.352618,-11.63965,-8.553034,4.610755E-10,4.610755E-10,-9.715429,0.5289026
'[19:08:12.852 20/01/2026]',15.52386,22.93496,23.10915,15.42533,4.610755E-10,4.610755E-10,18.51979,17.87499
'[19:08:12.860 20/01/2026]',-24.77143,-16.27123,-14.8307,-14.31671,4.610755E-10,4.610755E-10,-17.82759,-24.49547
'[19:08:12.868 20/01/2026]',1.808303,-9.128729,-11.18297,-9.420001,4.610755E-10,4.610755E-10,-4.248841,-2.375031
'[19:08:12.876 20/01/2026]',18.71195,13.43421,18.90333,24.90345,4.610755E-10,4.610755E-10,17.09911,22.41775
'[19:08:12.884 20/01/2026]',-9.607771,2.069802,-3.03976,-10.1798,4.610755E-10,4.610755E-10,-3.195704,-7.577979
'[19:08:12.892 20/01/2026]',-11.97122,-9.002007,-9.655232,-17.01944,4.610755E-10,4.610755E-10,-13.61099,-17.0146
'[19:08:12.900 20/01/2026]',12.1307,7.429602,10.47097,23.14573,4.610755E-10,4.610755E-10,14.82271,19.35612
'[19:08:12.908 20/01/2026]',-4.916346,-11.76507,-11.69724,-12.34314,4.610755E-10,4.610755E-10,-10.63805,-10.54072
'[19:08:12.916 20/01/2026]',12.22505,19.95299,17.94493,9.898869,4.610755E-10,4.610755E-10,12.14453,7.699596
'[19:08:12.924 20/01/2026]',-5.753717,-10.06221,-6.534946,2.246709,4.610755E-10,4.610755E-10,-3.081163,2.17062
'[19:08:12.932 20/01/2026]',-4.856989,-9.139294,-11.68971,-16.85173,4.610755E-10,4.610755E-10,-7.764137,-10.18889
'[19:08:12.940 20/01/2026]',-4.856989,-9.139294,-11.68971,-16.85173,4.610755E-10,4.610755E-10,-7.764137,-10.18889
'[19:08:12.948 20/01/2026]',11.16949,16.753,16.0091,12.75268,4.610755E-10,4.610755E-10,7.277868,4.73167
'[19:08:12.956 20/01/2026]',-17.14497,-7.58757,-5.298832,-2.572422,4.610755E-10,4.610755E-10,-1.946117,0.4427103
'[19:08:12.964 20/01/2026]',16.86185,-9.881701,-11.53949,-4.979855,4.610755E-10,4.610755E-10,-3.253562,0.1233007
'[19:08:12.972 20/01/2026]',6.100331,14.94611,17.10614,18.86866,4.610755E-10,4.610755E-10,3.299138,12.86818
'[19:08:12.980 20/01/2026]',6.100331,14.94611,17.10614,18.86866,4.610755E-10,4.610755E-10,3.299138,12.86818
'[19:08:12.988 20/01/2026]',6.100331,14.94611,17.10614,18.86866,4.610755E-10,4.610755E-10,3.299138,12.86818
'[19:08:12.996 20/01/2026]',6.100331,14.94611,17.10614,18.86866,4.610755E-10,4.610755E-10,3.299138,12.86818
'[19:08:13.004 20/01/2026]',-39.09976,-8.208317,-12.10626,-29.23629,4.610755E-10,4.610755E-10,-1.152131,-28.93562
'[19:08:13.012 20/01/2026]',-39.09976,-8.208317,-12.10626,-29.23629,4.610755E-10,4.610755E-10,-1.152131,-28.93562
'[19:08:13.020 20/01/2026]',-39.09976,-8.208317,-12.10626,-29.23629,4.610755E-10,4.610755E-10,-1.152131,-28.93562
'[19:08:13.028 20/01/2026]',-39.09976,-8.208317,-12.10626,-29.23629,4.610755E-10,4.610755E-10,-1.152131,-28.93562
'[19:08:13.036 20/01/2026]',-39.09976,-8.208317,-12.10626,-29.23629,4.610755E-10,4.610755E-10,-1.152131,-28.93562
'[19:08:13.044 20/01/2026]',36.9376,-0.4570621,2.11729,13.6685,4.610755E-10,4.610755E-10,-3.465158,10.57303
'[19:08:13.052 20/01/2026]',-10.88694,0.7102209,2.591492,5.140144,4.610755E-10,4.610755E-10,3.114543,18.01946
'[19:08:13.060 20/01/2026]',-0.2458296,5.419499,2.853544,1.672258,4.610755E-10,4.610755E-10,5.464252,-9.579381
'[19:08:13.068 20/01/2026]',-2.982589,-5.480355,-4.047713,-17.3051,4.610755E-10,4.610755E-10,-7.358921,-19.9309
'[19:08:13.076 20/01/2026]',-2.300608,0.9450664,0.5578181,13.90822,4.610755E-10,4.610755E-10,0.9506717,18.982
'[19:08:13.084 20/01/2026]',-2.300608,0.9450664,0.5578181,13.90822,4.610755E-10,4.610755E-10,0.9506717,18.982
'[19:08:13.092 20/01/2026]',-2.300608,0.9450664,0.5578181,13.90822,4.610755E-10,4.610755E-10,0.9506717,18.982
'[19:08:13.100 20/01/2026]',0.3730214,-7.61004,-5.490802,-5.766481,4.610755E-10,4.610755E-10,-3.180353,2.853951
'[19:08:13.108 20/01/2026]',0.3730214,-7.61004,-5.490802,-5.766481,4.610755E-10,4.610755E-10,-3.180353,2.853951
'[19:08:13.116 20/01/2026]',0.3730214,-7.61004,-5.490802,-5.766481,4.610755E-10,4.610755E-10,-3.180353,2.853951
'[19:08:13.124 20/01/2026]',0.3730214,-7.61004,-5.490802,-5.766481,4.610755E-10,4.610755E-10,-3.180353,2.853951
'[19:08:13.132 20/01/2026]',0.3730214,-7.61004,-5.490802,-5.766481,4.610755E-10,4.610755E-10,-3.180353,2.853951
'[19:08:13.140 20/01/2026]',7.267387,13.20763,8.894475,0.07567831,4.610755E-10,4.610755E-10,8.547887,-13.82858
'[19:08:13.148 20/01/2026]',-3.375328,-6.004857,-3.494664,2.25456,4.610755E-10,4.610755E-10,-5.778205,4.65054
'[19:08:13.156 20/01/2026]',-4.386363,-10.37619,-7.889336,1.61959,4.610755E-10,4.610755E-10,-4.242553,5.641278
'[19:08:13.164 20/01/2026]',-4.386363,-10.37619,-7.889336,1.61959,4.610755E-10,4.610755E-10,-4.242553,5.641278
'[19:08:13.172 20/01/2026]',10.45807,13.74023,9.639328,-1.312117,4.610755E-10,4.610755E-10,7.136772,2.237967
'[19:08:13.180 20/01/2026]',-13.50732,-1.737262,-1.816353,-7.104661,4.610755E-10,4.610755E-10,-0.5511459,-15.70541
'[19:08:13.188 20/01/2026]',-13.50732,-1.737262,-1.816353,-7.104661,4.610755E-10,4.610755E-10,-0.5511459,-15.70541
'[19:08:13.196 20/01/2026]',-13.50732,-1.737262,-1.816353,-7.104661,4.610755E-10,4.610755E-10,-0.5511459,-15.70541
'[19:08:13.204 20/01/2026]',-13.50732,-1.737262,-1.816353,-7.104661,4.610755E-10,4.610755E-10,-0.5511459,-15.70541
'[19:08:13.212 20/01/2026]',12.69828,-1.347963,-0.7236803,15.43049,4.610755E-10,4.610755E-10,-1.381406,12.81649
'[19:08:13.220 20/01/2026]',4.549937,-3.520978,0.02612679,-9.368759,4.610755E-10,4.610755E-10,-2.813611,3.714011
'[19:08:13.228 20/01/2026]',-25.87022,-3.421347,-4.488733,-9.949193,4.610755E-10,4.610755E-10,-0.2453624,-13.88608
'[19:08:13.236 20/01/2026]',5.383568,8.766632,3.614799,3.781514,4.610755E-10,4.610755E-10,2.117045,-6.354772
'[19:08:13.244 20/01/2026]',12.77757,-3.698749,0.461488,13.34613,4.610755E-10,4.610755E-10,-1.874196,19.35843
'[19:08:13.252 20/01/2026]',-5.202355,-4.216161,-2.472018,-7.430148,4.610755E-10,4.610755E-10,0.3204489,-0.3210765
'[19:08:13.260 20/01/2026]',19.59451,8.604183,7.906398,-2.402633,4.610755E-10,4.610755E-10,12.20378,-12.99207
'[19:08:13.268 20/01/2026]',-27.99685,-4.045806,-7.5287,-2.038627,4.610755E-10,4.610755E-10,-22.32173,4.131448
'[19:08:13.276 20/01/2026]',-13.12747,-14.80246,-3.81548,-8.550319,4.610755E-10,4.610755E-10,8.568832,-6.416831
'[19:08:13.284 20/01/2026]',21.2718,2.682492,-4.188577,-0.224109,4.610755E-10,4.610755E-10,-3.01437,-6.421057
'[19:08:13.292 20/01/2026]',23.5013,26.13469,19.20186,27.57348,4.610755E-10,4.610755E-10,10.49685,30.37958
'[19:08:13.300 20/01/2026]',-20.27052,-18.23809,-7.887753,-4.917001,4.610755E-10,4.610755E-10,-5.851856,-18.57409
'[19:08:13.308 20/01/2026]',-14.22694,-4.722213,-8.029916,-29.72962,4.610755E-10,4.610755E-10,-1.424352,-8.707067
'[19:08:13.316 20/01/2026]',9.818144,5.414414,0.7850976,10.02573,4.610755E-10,4.610755E-10,-2.759413,9.576896
'[19:08:13.324 20/01/2026]',0.7821522,2.423969,7.992007,12.036,4.610755E-10,4.610755E-10,3.047421,-3.622688
'[19:08:13.332 20/01/2026]',-2.033531,-3.68331,-4.161015,-2.549629,4.610755E-10,4.610755E-10,2.596586,-1.664672
'[19:08:13.340 20/01/2026]',9.974086,0.3465993,-3.62395,-7.055956,4.610755E-10,4.610755E-10,-2.35058,12.56654
'[19:08:13.348 20/01/2026]',-0.1244116,4.267125,5.682146,14.90438,4.610755E-10,4.610755E-10,-0.599281,-8.896542
'[19:08:13.356 20/01/2026]',-7.15937,1.112499,3.156142,-9.491811,4.610755E-10,4.610755E-10,5.573127,0.8128858
'[19:08:13.364 20/01/2026]',-11.05599,-7.653091,-11.13691,-7.205968,4.610755E-10,4.610755E-10,-10.60028,-4.859326
'[19:08:13.372 20/01/2026]',17.26493,6.145029,7.502375,3.25196,4.610755E-10,4.610755E-10,5.173654,1.695036
'[19:08:13.380 20/01/2026]',-5.778544,-1.773769,-0.7700742,5.409878,4.610755E-10,4.610755E-10,2.436814,3.161109
'[19:08:13.388 20/01/2026]',-11.01339,-4.822408,-5.474106,-1.736777,4.610755E-10,4.610755E-10,-9.152593,-7.201948
'[19:08:13.396 20/01/2026]',7.076921,5.708497,4.409789,-11.36993,4.610755E-10,4.610755E-10,8.435432,0.8667445
'[19:08:13.404 20/01/2026]',15.33992,4.900858,5.667488,23.04536,4.610755E-10,4.610755E-10,6.173113,11.90911
'[19:08:13.412 20/01/2026]',-14.90263,-10.71757,-9.214012,-13.59277,4.610755E-10,4.610755E-10,-14.91143,-3.816153
'[19:08:13.420 20/01/2026]',-2.161346,4.995244,4.449797,-2.80482,4.610755E-10,4.610755E-10,7.425206,-10.60428
'[19:08:13.428 20/01/2026]',19.95991,4.761351,3.07257,22.39756,4.610755E-10,4.610755E-10,6.291234,22.48832
'[19:08:13.436 20/01/2026]',-17.57044,-6.786243,-4.574919,-25.6115,4.610755E-10,4.610755E-10,-10.7509,-20.34909
'[19:08:13.444 20/01/2026]',-3.683983,-0.00367108,2.454188,-0.2539258,4.610755E-10,4.610755E-10,7.939216,-5.979611
'[19:08:13.452 20/01/2026]',12.20253,2.987784,0.3452629,20.80188,4.610755E-10,4.610755E-10,-2.524867,23.31105
'[19:08:13.460 20/01/2026]',-0.04943386,5.235806,5.576302,-3.237908,4.610755E-10,4.610755E-10,0.4369491,-9.91136
'[19:08:13.468 20/01/2026]',-3.173902,-11.82315,-10.56331,-17.65656,4.610755E-10,4.610755E-10,-1.026728,-6.967514
'[19:08:13.476 20/01/2026]',-3.12629,5.744455,3.265484,8.580052,4.610755E-10,4.610755E-10,-0.9815671,6.207965
'[19:08:13.484 20/01/2026]',3.137433,5.675461,7.144607,2.577521,4.610755E-10,4.610755E-10,3.353383,-2.03123
'[19:08:13.492 20/01/2026]',3.9522,-9.280922,-8.213008,0.9129565,4.610755E-10,4.610755E-10,-0.5676973,4.651311
'[19:08:13.500 20/01/2026]',-0.2747225,1.845674,1.723894,2.199353,4.610755E-10,4.610755E-10,-0.9604937,-1.492178
'[19:08:13.508 20/01/2026]',-8.795979,2.418149,-1.088401,-7.005434,4.610755E-10,4.610755E-10,-3.758001,-6.961888
'[19:08:13.516 20/01/2026]',5.483456,-0.8394785,0.2665885,3.298729,4.610755E-10,4.610755E-10,3.853961,5.983289
'[19:08:13.524 20/01/2026]',5.658751,2.402003,7.383406,5.921092,4.610755E-10,4.610755E-10,5.934855,1.450282
'[19:08:13.532 20/01/2026]',-9.901884,-9.368127,-12.17399,-5.460236,4.610755E-10,4.610755E-10,-13.78421,-5.375857
'[19:08:13.540 20/01/2026]',1.980187,4.908388,4.145123,-4.393208,4.610755E-10,4.610755E-10,7.488433,4.240673
'[19:08:13.548 20/01/2026]',4.403306,2.993195,3.553211,0.5757164,4.610755E-10,4.610755E-10,2.226209,-5.958126
'[19:08:13.556 20/01/2026]',-2.648186,-4.781487,-2.756932,3.051398,4.610755E-10,4.610755E-10,-6.125166,3.701962
'[19:08:13.564 20/01/2026]',-2.648186,-4.781487,-2.756932,3.051398,4.610755E-10,4.610755E-10,-6.125166,3.701962
'[19:08:13.572 20/01/2026]',-2.648186,-4.781487,-2.756932,3.051398,4.610755E-10,4.610755E-10,-6.125166,3.701962
'[19:08:13.580 20/01/2026]',-2.355026,1.607502,0.6965288,1.894106,4.610755E-10,4.610755E-10,5.857423,-0.7569116
'[19:08:13.588 20/01/2026]',-2.355026,1.607502,0.6965288,1.894106,4.610755E-10,4.610755E-10,5.857423,-0.7569116
'[19:08:13.596 20/01/2026]',-2.355026,1.607502,0.6965288,1.894106,4.610755E-10,4.610755E-10,5.857423,-0.7569116
'[19:08:13.604 20/01/2026]',6.654853,2.48368,0.4596589,1.749767,4.610755E-10,4.610755E-10,-1.873842,2.616377
'[19:08:13.612 20/01/2026]',-11.94165,-0.8079154,0.2092969,-9.883008,4.610755E-10,4.610755E-10,-2.121166,-4.440578
'[19:08:13.620 20/01/2026]',-11.94165,-0.8079154,0.2092969,-9.883008,4.610755E-10,4.610755E-10,-2.121166,-4.440578
'[19:08:13.628 20/01/2026]',10.16175,-6.886346,-4.712449,4.996408,4.610755E-10,4.610755E-10,0.8343993,-2.977384
'[19:08:13.636 20/01/2026]',10.16175,-6.886346,-4.712449,4.996408,4.610755E-10,4.610755E-10,0.8343993,-2.977384
'[19:08:13.644 20/01/2026]',10.16175,-6.886346,-4.712449,4.996408,4.610755E-10,4.610755E-10,0.8343993,-2.977384
'[19:08:13.652 20/01/2026]',10.16175,-6.886346,-4.712449,4.996408,4.610755E-10,4.610755E-10,0.8343993,-2.977384
'[19:08:13.660 20/01/2026]',10.16175,-6.886346,-4.712449,4.996408,4.610755E-10,4.610755E-10,0.8343993,-2.977384
'[19:08:13.668 20/01/2026]',10.16175,-6.886346,-4.712449,4.996408,4.610755E-10,4.610755E-10,0.8343993,-2.977384
'[19:08:13.676 20/01/2026]',-0.1541583,3.63264,3.23646,7.635315,4.610755E-10,4.610755E-10,-1.816218,10.54233
'[19:08:13.684 20/01/2026]',-0.1541583,3.63264,3.23646,7.635315,4.610755E-10,4.610755E-10,-1.816218,10.54233
'[19:08:13.692 20/01/2026]',-17.73544,-1.019298,-3.735994,-21.78207,4.610755E-10,4.610755E-10,-1.17375,-18.01065
'[19:08:13.700 20/01/2026]',14.46511,-0.6749316,2.271501,12.57329,4.610755E-10,4.610755E-10,2.972536,10.18443
'[19:08:13.708 20/01/2026]',-1.540155,3.224145,1.481153,4.304763,4.610755E-10,4.610755E-10,-1.438024,4.029822
'[19:08:13.716 20/01/2026]',-3.716941,-0.9809359,-1.984538,-1.462315,4.610755E-10,4.610755E-10,0.4017887,-7.697685
'[19:08:13.724 20/01/2026]',-3.716941,-0.9809359,-1.984538,-1.462315,4.610755E-10,4.610755E-10,0.4017887,-7.697685
'[19:08:13.732 20/01/2026]',2.582197,-2.603517,-0.1833857,-6.282177,4.610755E-10,4.610755E-10,0.402313,2.537184
'[19:08:13.740 20/01/2026]',2.582197,-2.603517,-0.1833857,-6.282177,4.610755E-10,4.610755E-10,0.402313,2.537184
'[19:08:13.748 20/01/2026]',2.972291,-0.7581747,0.4312872,1.455936,4.610755E-10,4.610755E-10,-0.8360888,5.868529
'[19:08:13.756 20/01/2026]',-19.57127,-10.73116,-6.026603,1.000011,4.610755E-10,4.610755E-10,2.997854,-8.185552
'[19:08:13.764 20/01/2026]',-19.57127,-10.73116,-6.026603,1.000011,4.610755E-10,4.610755E-10,2.997854,-8.185552
'[19:08:13.772 20/01/2026]',-19.57127,-10.73116,-6.026603,1.000011,4.610755E-10,4.610755E-10,2.997854,-8.185552
'[19:08:13.780 20/01/2026]',3.355362,6.096179,1.606426,-1.264314,4.610755E-10,4.610755E-10,-6.420312,0.4296209
'[19:08:13.788 20/01/2026]',53.39186,42.25929,25.75588,16.53123,4.610755E-10,4.610755E-10,8.248558,9.382553
'[19:08:13.796 20/01/2026]',-40.89984,-42.66714,-26.7276,-14.7333,4.610755E-10,4.610755E-10,-5.419451,-8.972476
'[19:08:13.804 20/01/2026]',-19.44076,-3.436288,0.6326057,-6.114806,4.610755E-10,4.610755E-10,-1.352687,-2.45062
'[19:08:13.812 20/01/2026]',25.74043,14.1996,6.882225,6.301178,4.610755E-10,4.610755E-10,1.407057,5.440367
'[19:08:13.820 20/01/2026]',2.995759,3.349682,1.578882,2.239747,4.610755E-10,4.610755E-10,3.049836,-0.7111272
'[19:08:13.828 20/01/2026]',-4.976127,2.804352,6.71626,13.20671,4.610755E-10,4.610755E-10,6.659442,10.12445
'[19:08:13.836 20/01/2026]',-13.36144,-23.10129,-21.12951,-26.17033,4.610755E-10,4.610755E-10,-18.81154,-15.62333
'[19:08:13.844 20/01/2026]',16.6038,14.47163,12.6325,3.322201,4.610755E-10,4.610755E-10,12.31711,-0.132974
'[19:08:13.852 20/01/2026]',4.282829,7.506307,4.885261,23.92642,4.610755E-10,4.610755E-10,3.353497,10.24161
'[19:08:13.860 20/01/2026]',-18.33983,-5.563672,-2.879804,-8.274221,4.610755E-10,4.610755E-10,-2.920871,5.616534
'[19:08:13.868 20/01/2026]',17.82302,-2.874501,-2.20733,-18.17681,4.610755E-10,4.610755E-10,-0.7445943,-7.30372
'[19:08:13.876 20/01/2026]',-6.379563,-0.8428457,-2.745909,8.772791,4.610755E-10,4.610755E-10,-3.981875,-6.795658
'[19:08:13.884 20/01/2026]',0.542913,7.547604,5.703155,13.60754,4.610755E-10,4.610755E-10,5.049429,13.99165
'[19:08:13.892 20/01/2026]',2.702973,-4.994854,-0.9039455,-10.1056,4.610755E-10,4.610755E-10,1.708818,-4.451742
'[19:08:13.900 20/01/2026]',-6.864148,-0.9840828,-2.194047,-12.69351,4.610755E-10,4.610755E-10,-2.924603,-7.497358
'[19:08:13.908 20/01/2026]',-2.09844,1.308109,-0.1024275,17.12889,4.610755E-10,4.610755E-10,-3.036392,8.438437
'[19:08:13.916 20/01/2026]',18.29664,2.97433,4.920605,5.52218,4.610755E-10,4.610755E-10,7.860203,4.803501
'[19:08:13.924 20/01/2026]',-15.1743,-7.819486,-9.134368,-23.93934,4.610755E-10,4.610755E-10,-8.843799,-17.17329
'[19:08:13.932 20/01/2026]',0.3562224,8.01542,7.152145,16.44571,4.610755E-10,4.610755E-10,6.743655,14.04315
'[19:08:13.940 20/01/2026]',9.841622,-2.989534,0.2823006,8.372448,4.610755E-10,4.610755E-10,0.8227616,7.965621
'[19:08:13.948 20/01/2026]',1.947545,2.706972,-0.7393586,-14.09725,4.610755E-10,4.610755E-10,-3.916302,-15.38133
'[19:08:13.956 20/01/2026]',-10.68509,-2.310127,-2.833035,-2.478453,4.610755E-10,4.610755E-10,0.4688498,-3.198017
'[19:08:13.964 20/01/2026]',4.290467,2.978947,5.502836,18.3382,4.610755E-10,4.610755E-10,5.021044,21.42739
'[19:08:13.972 20/01/2026]',0.7437188,-3.098924,-4.167975,-16.85054,4.610755E-10,4.610755E-10,-6.929223,-17.25959
'[19:08:13.980 20/01/2026]',1.017193,2.929491,0.2252264,-0.9574671,4.610755E-10,4.610755E-10,4.126973,-1.621855
'[19:08:13.988 20/01/2026]',-2.046453,-4.982041,0.03887093,11.3937,4.610755E-10,4.610755E-10,-2.159187,9.380001
'[19:08:13.996 20/01/2026]',-5.907731,-0.8154931,-1.567018,-8.968245,4.610755E-10,4.610755E-10,-1.062417,-5.98697
'[19:08:14.004 20/01/2026]',5.952355,12.94532,9.394341,4.375772,4.610755E-10,4.610755E-10,10.13845,1.78351
'[19:08:14.012 20/01/2026]',-2.627846,-14.73706,-13.5431,-2.635155,4.610755E-10,4.610755E-10,-15.32447,-1.113908
'[19:08:14.020 20/01/2026]',-1.842406,2.056273,3.980586,-1.479404,4.610755E-10,4.610755E-10,4.281424,2.417637
'[19:08:14.028 20/01/2026]',7.377575,6.904604,6.11834,2.96952,4.610755E-10,4.610755E-10,8.133671,-6.252653
'[19:08:14.036 20/01/2026]',-6.457242,-1.855968,-1.287372,4.319461,4.610755E-10,4.610755E-10,-6.127964,11.43408
'[19:08:14.044 20/01/2026]',-3.012836,-5.976494,-5.447495,-8.872831,4.610755E-10,4.610755E-10,-0.3963722,-4.646423
'[19:08:14.052 20/01/2026]',-3.177744,4.492788,3.335967,-3.428519,4.610755E-10,4.610755E-10,0.2164531,-15.6146
'[19:08:14.060 20/01/2026]',3.938786,-2.22639,-1.841925,13.11097,4.610755E-10,4.610755E-10,0.8469886,18.95669
'[19:08:14.068 20/01/2026]',8.251846,2.31238,1.786266,-7.263984,4.610755E-10,4.610755E-10,-0.7366265,-1.107405
'[19:08:14.076 20/01/2026]',-9.549524,-1.446368,-1.420078,-7.911913,4.610755E-10,4.610755E-10,-2.855106,-14.77433
'[19:08:14.084 20/01/2026]',8.136004,2.609493,4.681333,22.99306,4.610755E-10,4.610755E-10,9.887494,23.01305
'[19:08:14.092 20/01/2026]',-5.599676,-1.504126,-3.756644,-20.2831,4.610755E-10,4.610755E-10,-7.830402,-20.1675
'[19:08:14.100 20/01/2026]',-6.219521,-9.724338,-3.370314,2.819722,4.610755E-10,4.610755E-10,-0.7226123,9.965313
'[19:08:14.108 20/01/2026]',-6.219521,-9.724338,-3.370314,2.819722,4.610755E-10,4.610755E-10,-0.7226123,9.965313
'[19:08:14.116 20/01/2026]',8.924546,14.27984,5.548853,7.389238,4.610755E-10,4.610755E-10,3.304037,-1.281073
'[19:08:14.124 20/01/2026]',8.924546,14.27984,5.548853,7.389238,4.610755E-10,4.610755E-10,3.304037,-1.281073
'[19:08:14.132 20/01/2026]',-3.755587,-6.378991,-3.680684,-8.259875,4.610755E-10,4.610755E-10,-6.586238,-10.11113
'[19:08:14.140 20/01/2026]',-3.755587,-6.378991,-3.680684,-8.259875,4.610755E-10,4.610755E-10,-6.586238,-10.11113
'[19:08:14.148 20/01/2026]',-3.755587,-6.378991,-3.680684,-8.259875,4.610755E-10,4.610755E-10,-6.586238,-10.11113
'[19:08:14.156 20/01/2026]',4.694742,-2.839123,2.282746,10.18641,4.610755E-10,4.610755E-10,8.17232,18.31152
'[19:08:14.164 20/01/2026]',4.694742,-2.839123,2.282746,10.18641,4.610755E-10,4.610755E-10,8.17232,18.31152
'[19:08:14.172 20/01/2026]',4.694742,-2.839123,2.282746,10.18641,4.610755E-10,4.610755E-10,8.17232,18.31152
'[19:08:14.180 20/01/2026]',4.694742,-2.839123,2.282746,10.18641,4.610755E-10,4.610755E-10,8.17232,18.31152
'[19:08:14.188 20/01/2026]',4.694742,-2.839123,2.282746,10.18641,4.610755E-10,4.610755E-10,8.17232,18.31152
'[19:08:14.196 20/01/2026]',4.694742,-2.839123,2.282746,10.18641,4.610755E-10,4.610755E-10,8.17232,18.31152
'[19:08:14.204 20/01/2026]',-6.693388,7.029822,-0.08178744,-15.69938,4.610755E-10,4.610755E-10,-2.109496,-16.4116
'[19:08:14.212 20/01/2026]',6.318058,2.023039,2.239536,14.84789,4.610755E-10,4.610755E-10,-1.647316,9.010798
'[19:08:14.220 20/01/2026]',9.470407,-7.721466,-1.865341,3.24307,4.610755E-10,4.610755E-10,0.7081171,7.369368
'[19:08:14.228 20/01/2026]',-18.89282,-3.677903,-5.820565,-20.20463,4.610755E-10,4.610755E-10,-4.132027,-22.55791
'[19:08:14.236 20/01/2026]',-18.89282,-3.677903,-5.820565,-20.20463,4.610755E-10,4.610755E-10,-4.132027,-22.55791
'[19:08:14.244 20/01/2026]',-18.89282,-3.677903,-5.820565,-20.20463,4.610755E-10,4.610755E-10,-4.132027,-22.55791
'[19:08:14.252 20/01/2026]',4.290802,8.163753,6.652854,16.42318,4.610755E-10,4.610755E-10,3.911261,16.5361
'[19:08:14.260 20/01/2026]',1.387341,3.724021,1.637842,-2.702684,4.610755E-10,4.610755E-10,5.460022,5.649758
'[19:08:14.268 20/01/2026]',-12.13724,-11.74542,-5.993356,-17.5791,4.610755E-10,4.610755E-10,-11.81603,-27.26367
'[19:08:14.276 20/01/2026]',-12.13724,-11.74542,-5.993356,-17.5791,4.610755E-10,4.610755E-10,-11.81603,-27.26367
'[19:08:14.284 20/01/2026]',-12.13724,-11.74542,-5.993356,-17.5791,4.610755E-10,4.610755E-10,-11.81603,-27.26367
'[19:08:14.292 20/01/2026]',25.04392,3.022271,3.029594,30.03495,4.610755E-10,4.610755E-10,4.900051,29.6776
'[19:08:14.300 20/01/2026]',25.04392,3.022271,3.029594,30.03495,4.610755E-10,4.610755E-10,4.900051,29.6776
'[19:08:14.308 20/01/2026]',-26.61974,5.358191,-2.049945,-20.6143,4.610755E-10,4.610755E-10,-0.4499966,-12.78644
'[19:08:14.316 20/01/2026]',-26.61974,5.358191,-2.049945,-20.6143,4.610755E-10,4.610755E-10,-0.4499966,-12.78644
'[19:08:14.324 20/01/2026]',-26.61974,5.358191,-2.049945,-20.6143,4.610755E-10,4.610755E-10,-0.4499966,-12.78644
'[19:08:14.332 20/01/2026]',11.41451,1.502835,5.500399,1.00252,4.610755E-10,4.610755E-10,7.766521,-6.473792
'[19:08:14.340 20/01/2026]',11.41451,1.502835,5.500399,1.00252,4.610755E-10,4.610755E-10,7.766521,-6.473792
'[19:08:14.348 20/01/2026]',11.41451,1.502835,5.500399,1.00252,4.610755E-10,4.610755E-10,7.766521,-6.473792
'[19:08:14.356 20/01/2026]',11.41451,1.502835,5.500399,1.00252,4.610755E-10,4.610755E-10,7.766521,-6.473792
'[19:08:14.364 20/01/2026]',11.41451,1.502835,5.500399,1.00252,4.610755E-10,4.610755E-10,7.766521,-6.473792
'[19:08:14.372 20/01/2026]',-0.5606312,-9.005481,-3.760802,6.085148,4.610755E-10,4.610755E-10,-10.44267,10.75149
'[19:08:14.380 20/01/2026]',-2.736625,4.819865,-2.404285,-3.290618,4.610755E-10,4.610755E-10,0.3281299,-5.569634
'[19:08:14.388 20/01/2026]',12.11131,6.868959,8.33543,5.872202,4.610755E-10,4.610755E-10,11.83755,5.711329
'[19:08:14.396 20/01/2026]',-12.47195,-12.58923,-7.903,-4.832184,4.610755E-10,4.610755E-10,-12.90265,-7.234091
'[19:08:14.404 20/01/2026]',7.378023,6.386157,4.430304,2.063603,4.610755E-10,4.610755E-10,4.293366,6.434952
'[19:08:14.412 20/01/2026]',-4.094136,2.018403,-1.997747,-8.436701,4.610755E-10,4.610755E-10,4.108968,-5.672773
'[19:08:14.420 20/01/2026]',-3.383928,-2.974314,1.021841,11.78961,4.610755E-10,4.610755E-10,-4.585782,2.158993
'[19:08:14.428 20/01/2026]',13.31938,-3.176504,-1.671485,-6.86775,4.610755E-10,4.610755E-10,1.85733,2.392092
'[19:08:14.436 20/01/2026]',9.281292,7.456519,3.495918,3.497653,4.610755E-10,4.610755E-10,3.844175,3.00339
'[19:08:14.444 20/01/2026]',-30.13467,-8.253212,-7.077003,-5.379736,4.610755E-10,4.610755E-10,-13.94116,-12.60213
'[19:08:14.452 20/01/2026]',-2.830626,-8.272597,-2.801602,-0.3965023,4.610755E-10,4.610755E-10,5.358295,10.18539
'[19:08:14.460 20/01/2026]',26.48628,23.61195,16.62135,11.82456,4.610755E-10,4.610755E-10,11.0944,3.841867
'[19:08:14.468 20/01/2026]',-20.38432,-9.467333,-8.294961,-13.60508,4.610755E-10,4.610755E-10,-7.819633,-11.82438
'[19:08:14.476 20/01/2026]',-3.62623,-8.403057,-6.627828,3.573899,4.610755E-10,4.610755E-10,-3.981093,-2.651877
'[19:08:14.484 20/01/2026]',11.79282,8.338141,6.823334,-5.980965,4.610755E-10,4.610755E-10,6.562312,5.314803
'[19:08:14.492 20/01/2026]',-3.065242,-1.900353,-1.351305,11.04065,4.610755E-10,4.610755E-10,-6.399029,5.332884
'[19:08:14.500 20/01/2026]',11.55478,3.634824,5.33851,4.963425,4.610755E-10,4.610755E-10,11.07229,5.647282
'[19:08:14.508 20/01/2026]',5.13772,-4.804281,-5.206042,-5.726455,4.610755E-10,4.610755E-10,-5.010064,2.769703
'[19:08:14.516 20/01/2026]',-28.74698,-2.343288,-5.33415,-13.64151,4.610755E-10,4.610755E-10,-10.04595,-29.17532
'[19:08:14.524 20/01/2026]',15.46994,6.68351,9.273841,13.81225,4.610755E-10,4.610755E-10,13.20148,19.25581
'[19:08:14.532 20/01/2026]',8.82882,-1.575856,-2.053115,6.147551,4.610755E-10,4.610755E-10,-1.444899,16.28218
'[19:08:14.540 20/01/2026]',-14.75569,-2.582428,-1.853658,-12.75365,4.610755E-10,4.610755E-10,-7.103425,-26.38423
'[19:08:14.548 20/01/2026]',9.732486,7.447093,7.210699,7.490577,4.610755E-10,4.610755E-10,11.93684,15.24837
'[19:08:14.556 20/01/2026]',-11.12976,-18.55193,-19.22785,-9.211431,4.610755E-10,4.610755E-10,-15.28798,-9.719125
'[19:08:14.564 20/01/2026]',-2.088202,12.73489,12.81754,0.5173125,4.610755E-10,4.610755E-10,3.570501,-6.050311
'[19:08:14.572 20/01/2026]',18.47151,11.35082,12.46119,12.62196,4.610755E-10,4.610755E-10,14.10966,20.90626
'[19:08:14.580 20/01/2026]',-6.99223,-14.31941,-15.37934,-4.657393,4.610755E-10,4.610755E-10,-12.94582,-5.266764
'[19:08:14.588 20/01/2026]',-20.27612,-5.393008,-4.805691,-14.97224,4.610755E-10,4.610755E-10,-4.495683,-22.3243
'[19:08:14.596 20/01/2026]',15.81507,10.11407,10.10547,14.89936,4.610755E-10,4.610755E-10,8.909393,16.32599
'[19:08:14.604 20/01/2026]',14.78998,8.914907,7.791002,10.16823,4.610755E-10,4.610755E-10,6.737151,16.35853
'[19:08:14.612 20/01/2026]',-29.50992,-15.28458,-12.15069,-24.09889,4.610755E-10,4.610755E-10,-11.75912,-28.36574
'[19:08:14.620 20/01/2026]',-0.4201655,-1.001456,-3.415822,6.673325,4.610755E-10,4.610755E-10,0.006806204,6.955544
'[19:08:14.628 20/01/2026]',33.83144,11.30431,11.26069,18.50056,4.610755E-10,4.610755E-10,9.603625,19.9723
'[19:08:14.636 20/01/2026]',-24.49166,-6.119531,-6.636004,-19.2186,4.610755E-10,4.610755E-10,-9.12963,-26.76131
'[19:08:14.644 20/01/2026]',-0.7497101,-2.348615,-2.223145,-1.886156,4.610755E-10,4.610755E-10,1.118274,4.661227
'[19:08:14.652 20/01/2026]',15.21573,7.45687,9.120213,17.21334,4.610755E-10,4.610755E-10,5.185047,17.31903
'[19:08:14.660 20/01/2026]',-11.49675,-4.054701,-6.74601,-7.154663,4.610755E-10,4.610755E-10,-2.184742,-6.509946
'[19:08:14.668 20/01/2026]',7.196421,-3.299967,0.5204583,-5.75006,4.610755E-10,4.610755E-10,-2.721093,-13.19159
'[19:08:14.676 20/01/2026]',-13.312,2.426412,1.816975,1.172124,4.610755E-10,4.610755E-10,2.612355,10.77046
'[19:08:14.684 20/01/2026]',3.996306,-0.1625439,-3.505558,-3.334425,4.610755E-10,4.610755E-10,-1.875589,-7.923788
'[19:08:14.692 20/01/2026]',20.89676,1.814664,6.053336,16.57936,4.610755E-10,4.610755E-10,3.30997,13.90336
'[19:08:14.700 20/01/2026]',20.89676,1.814664,6.053336,16.57936,4.610755E-10,4.610755E-10,3.30997,13.90336
'[19:08:14.708 20/01/2026]',20.89676,1.814664,6.053336,16.57936,4.610755E-10,4.610755E-10,3.30997,13.90336
'[19:08:14.716 20/01/2026]',20.89676,1.814664,6.053336,16.57936,4.610755E-10,4.610755E-10,3.30997,13.90336
'[19:08:14.724 20/01/2026]',20.89676,1.814664,6.053336,16.57936,4.610755E-10,4.610755E-10,3.30997,13.90336
'[19:08:14.732 20/01/2026]',-24.3678,0.5660278,-1.480778,-14.1083,4.610755E-10,4.610755E-10,-0.6565186,-9.074464
'[19:08:14.740 20/01/2026]',-24.3678,0.5660278,-1.480778,-14.1083,4.610755E-10,4.610755E-10,-0.6565186,-9.074464
'[19:08:14.748 20/01/2026]',-9.186434,-7.545651,-8.071399,-10.36313,4.610755E-10,4.610755E-10,-8.544631,-8.52667
'[19:08:14.756 20/01/2026]',36.14964,8.723242,10.35415,23.75249,4.610755E-10,4.610755E-10,12.62257,17.37803
'[19:08:14.764 20/01/2026]',-24.95084,-5.686732,-5.216246,-16.26459,4.610755E-10,4.610755E-10,-9.085081,-13.25644
'[19:08:14.772 20/01/2026]',-24.95084,-5.686732,-5.216246,-16.26459,4.610755E-10,4.610755E-10,-9.085081,-13.25644
'[19:08:14.780 20/01/2026]',-5.454578,-3.845504,-3.583627,1.810515,4.610755E-10,4.610755E-10,-1.418274,1.832871
'[19:08:14.788 20/01/2026]',-5.454578,-3.845504,-3.583627,1.810515,4.610755E-10,4.610755E-10,-1.418274,1.832871
'[19:08:14.796 20/01/2026]',-5.454578,-3.845504,-3.583627,1.810515,4.610755E-10,4.610755E-10,-1.418274,1.832871
'[19:08:14.804 20/01/2026]',17.08438,10.86207,7.803641,7.196217,4.610755E-10,4.610755E-10,9.157575,6.087523
'[19:08:14.812 20/01/2026]',17.08438,10.86207,7.803641,7.196217,4.610755E-10,4.610755E-10,9.157575,6.087523
'[19:08:14.820 20/01/2026]',-0.5139166,-3.114327,0.8845172,-3.113268,4.610755E-10,4.610755E-10,-2.199055,0.7739854
'[19:08:14.828 20/01/2026]',-0.5139166,-3.114327,0.8845172,-3.113268,4.610755E-10,4.610755E-10,-2.199055,0.7739854
'[19:08:14.836 20/01/2026]',-15.60665,-9.152817,-9.320463,-6.604695,4.610755E-10,4.610755E-10,-7.615265,-9.811606
'[19:08:14.844 20/01/2026]',8.631775,5.768617,3.223793,7.547198,4.610755E-10,4.610755E-10,3.596278,3.484147
'[19:08:14.852 20/01/2026]',8.631775,5.768617,3.223793,7.547198,4.610755E-10,4.610755E-10,3.596278,3.484147
'[19:08:14.860 20/01/2026]',8.631775,5.768617,3.223793,7.547198,4.610755E-10,4.610755E-10,3.596278,3.484147
'[19:08:14.868 20/01/2026]',9.108834,4.717916,7.259997,2.617479,4.610755E-10,4.610755E-10,9.099733,9.556842
'[19:08:14.876 20/01/2026]',-11.16815,-14.41315,-12.05988,-10.50087,4.610755E-10,4.610755E-10,-16.5516,-12.01649
'[19:08:14.884 20/01/2026]',-11.16815,-14.41315,-12.05988,-10.50087,4.610755E-10,4.610755E-10,-16.5516,-12.01649
'[19:08:14.892 20/01/2026]',-11.16815,-14.41315,-12.05988,-10.50087,4.610755E-10,4.610755E-10,-16.5516,-12.01649
'[19:08:14.900 20/01/2026]',-11.16815,-14.41315,-12.05988,-10.50087,4.610755E-10,4.610755E-10,-16.5516,-12.01649
'[19:08:14.908 20/01/2026]',-11.16815,-14.41315,-12.05988,-10.50087,4.610755E-10,4.610755E-10,-16.5516,-12.01649
'[19:08:14.916 20/01/2026]',-0.5491886,14.41088,8.570318,5.159861,4.610755E-10,4.610755E-10,11.26833,3.131156
'[19:08:14.924 20/01/2026]',8.517935,3.145822,3.943387,6.215461,4.610755E-10,4.610755E-10,4.158519,5.48523
'[19:08:14.932 20/01/2026]',8.517935,3.145822,3.943387,6.215461,4.610755E-10,4.610755E-10,4.158519,5.48523
'[19:08:14.940 20/01/2026]',-15.16801,-14.35769,-13.56808,-12.08887,4.610755E-10,4.610755E-10,-14.55492,-8.375736
'[19:08:14.948 20/01/2026]',-15.16801,-14.35769,-13.56808,-12.08887,4.610755E-10,4.610755E-10,-14.55492,-8.375736
'[19:08:14.956 20/01/2026]',7.499694,1.994385,6.237247,1.607083,4.610755E-10,4.610755E-10,7.676436,-0.539673
'[19:08:14.964 20/01/2026]',7.499694,1.994385,6.237247,1.607083,4.610755E-10,4.610755E-10,7.676436,-0.539673
'[19:08:14.972 20/01/2026]',7.499694,1.994385,6.237247,1.607083,4.610755E-10,4.610755E-10,7.676436,-0.539673
'[19:08:14.980 20/01/2026]',5.73427,8.636122,1.350659,9.239391,4.610755E-10,4.610755E-10,1.87799,5.630604
'[19:08:14.988 20/01/2026]',-13.26609,-6.740746,-0.9514771,-4.751329,4.610755E-10,4.610755E-10,-2.524378,2.330791
'[19:08:14.996 20/01/2026]',5.214897,-12.31898,-7.809793,-14.23112,4.610755E-10,4.610755E-10,-6.855445,-10.00893
'[19:08:15.004 20/01/2026]',5.214897,-12.31898,-7.809793,-14.23112,4.610755E-10,4.610755E-10,-6.855445,-10.00893
'[19:08:15.012 20/01/2026]',17.11212,25.61287,11.02573,16.89194,4.610755E-10,4.610755E-10,9.027153,3.394418
'[19:08:15.020 20/01/2026]',-11.55783,-7.796509,0.9915009,6.368563,4.610755E-10,4.610755E-10,1.656053,6.567228
'[19:08:15.028 20/01/2026]',-0.6214504,-5.854236,-5.677166,-8.173664,4.610755E-10,4.610755E-10,-2.400347,-2.172684
'[19:08:15.036 20/01/2026]',9.567456,-0.1254608,-1.708472,-1.697164,4.610755E-10,4.610755E-10,-3.217724,6.680144
'[19:08:15.044 20/01/2026]',-12.92957,6.852905,3.243664,-6.111675,4.610755E-10,4.610755E-10,2.983869,-14.77845
'[19:08:15.052 20/01/2026]',8.975999,-3.473602,1.809031,14.50361,4.610755E-10,4.610755E-10,0.6945474,8.190069
'[19:08:15.060 20/01/2026]',2.043789,-1.697777,-1.661238,-3.387344,4.610755E-10,4.610755E-10,-0.3853418,4.969728
'[19:08:15.068 20/01/2026]',-14.84711,1.67328,-1.553416,-9.901414,4.610755E-10,4.610755E-10,-1.184238,-11.60074
'[19:08:15.076 20/01/2026]',16.4453,-2.274086,-0.02421367,7.145623,4.610755E-10,4.610755E-10,0.3704287,5.310506
'[19:08:15.084 20/01/2026]',-5.254755,1.477855,-0.8283615,1.0256,4.610755E-10,4.610755E-10,-1.487249,0.2880657
'[19:08:15.092 20/01/2026]',-8.723758,-2.017645,1.778083,-2.914658,4.610755E-10,4.610755E-10,2.847824,5.184389
'[19:08:15.100 20/01/2026]',8.995485,-5.14347,-2.474428,1.436346,4.610755E-10,4.610755E-10,-0.887859,1.140398
'[19:08:15.108 20/01/2026]',-14.49498,-2.427819,-4.800932,-2.692739,4.610755E-10,4.610755E-10,-2.51115,-12.3507
'[19:08:15.116 20/01/2026]',34.34455,35.28987,20.5877,9.404348,4.610755E-10,4.610755E-10,4.679659,9.877611
'[19:08:15.124 20/01/2026]',-9.815329,-29.73807,-16.5873,-5.763235,4.610755E-10,4.610755E-10,-6.94708,-1.8542
'[19:08:15.132 20/01/2026]',-17.21964,-5.751102,0.8344406,-0.3074753,4.610755E-10,4.610755E-10,7.74674,3.349804
'[19:08:15.140 20/01/2026]',2.519287,9.304212,-0.1869237,-6.809532,4.610755E-10,4.610755E-10,-6.530005,-6.265014
'[19:08:15.148 20/01/2026]',3.816862,0.4545915,1.659955,5.291458,4.610755E-10,4.610755E-10,1.185463,-3.996543
'[19:08:15.156 20/01/2026]',2.775767,3.65387,6.690623,4.995691,4.610755E-10,4.610755E-10,3.803654,8.934764
'[19:08:15.164 20/01/2026]',-5.825186,-12.32407,-10.42264,-6.609342,4.610755E-10,4.610755E-10,-0.4768282,0.1074459
'[19:08:15.172 20/01/2026]',13.40457,13.64129,3.681883,5.160681,4.610755E-10,4.610755E-10,-1.583612,1.451494
'[19:08:15.180 20/01/2026]',-19.74241,-6.180162,-2.492092,-8.170752,4.610755E-10,4.610755E-10,-7.210128,-14.76486
'[19:08:15.188 20/01/2026]',10.57428,-3.074046,2.282646,3.394379,4.610755E-10,4.610755E-10,11.37565,7.77227
'[19:08:15.196 20/01/2026]',6.757461,5.045139,2.5976,8.376592,4.610755E-10,4.610755E-10,-2.692089,15.92467
'[19:08:15.204 20/01/2026]',-20.29068,-0.7153429,-4.442144,-12.73559,4.610755E-10,4.610755E-10,-5.698918,-22.75016
'[19:08:15.212 20/01/2026]',15.44428,0.8681592,3.002456,7.790437,4.610755E-10,4.610755E-10,8.020167,7.576821
'[19:08:15.220 20/01/2026]',-7.102732,-2.674808,-3.408187,-2.697385,4.610755E-10,4.610755E-10,-7.79424,2.279246
'[19:08:15.228 20/01/2026]',-13.9386,-1.041477,2.831552,-7.335907,4.610755E-10,4.610755E-10,4.22348,-9.108372
'[19:08:15.236 20/01/2026]',31.14346,-0.2470673,-0.3351376,14.10287,4.610755E-10,4.610755E-10,1.761644,18.66827
'[19:08:15.244 20/01/2026]',-21.06546,-0.813253,-5.473406,-10.43634,4.610755E-10,4.610755E-10,-8.861,-18.82576
'[19:08:15.252 20/01/2026]',-8.036569,3.157451,3.942983,-1.405502,4.610755E-10,4.610755E-10,4.757371,1.359453
'[19:08:15.260 20/01/2026]',9.582926,-2.714813,-1.445021,-2.155845,4.610755E-10,4.610755E-10,0.7222677,3.465086
'[19:08:15.268 20/01/2026]',8.542904,-0.490902,0.8145314,10.05561,4.610755E-10,4.610755E-10,-1.601264,3.230696
'[19:08:15.276 20/01/2026]',-6.580457,7.665744,5.507203,1.077472,4.610755E-10,4.610755E-10,7.80246,3.869235
'[19:08:15.284 20/01/2026]',-15.03042,-9.031963,-9.657421,-14.8584,4.610755E-10,4.610755E-10,-10.84926,-15.26589
'[19:08:15.292 20/01/2026]',22.2329,0.4338329,4.519355,9.231803,4.610755E-10,4.610755E-10,2.2116,10.04164
'[19:08:15.300 20/01/2026]',-10.53252,5.433539,2.297985,0.4706722,4.610755E-10,4.610755E-10,5.155945,0.8242266
'[19:08:15.308 20/01/2026]',-6.058661,-1.156481,-2.368018,-0.5460535,4.610755E-10,4.610755E-10,-4.315061,-5.348662
'[19:08:15.316 20/01/2026]',12.52478,-5.140474,-1.383301,1.392661,4.610755E-10,4.610755E-10,-0.8642904,3.005527
'[19:08:15.324 20/01/2026]',12.52478,-5.140474,-1.383301,1.392661,4.610755E-10,4.610755E-10,-0.8642904,3.005527
'[19:08:15.332 20/01/2026]',12.52478,-5.140474,-1.383301,1.392661,4.610755E-10,4.610755E-10,-0.8642904,3.005527
'[19:08:15.340 20/01/2026]',-10.71808,2.596219,1.149294,-7.473354,4.610755E-10,4.610755E-10,2.7733,-0.8576825
'[19:08:15.348 20/01/2026]',-10.71808,2.596219,1.149294,-7.473354,4.610755E-10,4.610755E-10,2.7733,-0.8576825
'[19:08:15.356 20/01/2026]',0.8813807,1.450793,1.939862,2.208867,4.610755E-10,4.610755E-10,-0.9370406,2.099866
'[19:08:15.364 20/01/2026]',3.057532,-3.825149,-3.724058,1.764634,4.610755E-10,4.610755E-10,-2.497716,-8.946536
'[19:08:15.372 20/01/2026]',3.057532,-3.825149,-3.724058,1.764634,4.610755E-10,4.610755E-10,-2.497716,-8.946536
'[19:08:15.380 20/01/2026]',1.00574,4.994711,2.272548,5.101173,4.610755E-10,4.610755E-10,4.137911,9.690373
'[19:08:15.388 20/01/2026]',1.00574,4.994711,2.272548,5.101173,4.610755E-10,4.610755E-10,4.137911,9.690373
'[19:08:15.396 20/01/2026]',1.00574,4.994711,2.272548,5.101173,4.610755E-10,4.610755E-10,4.137911,9.690373
'[19:08:15.404 20/01/2026]',1.00574,4.994711,2.272548,5.101173,4.610755E-10,4.610755E-10,4.137911,9.690373
'[19:08:15.412 20/01/2026]',4.922232,0.4103846,2.529452,-1.066092,4.610755E-10,4.610755E-10,-0.6587288,5.115254
'[19:08:15.420 20/01/2026]',4.922232,0.4103846,2.529452,-1.066092,4.610755E-10,4.610755E-10,-0.6587288,5.115254
'[19:08:15.428 20/01/2026]',4.922232,0.4103846,2.529452,-1.066092,4.610755E-10,4.610755E-10,-0.6587288,5.115254
'[19:08:15.436 20/01/2026]',4.922232,0.4103846,2.529452,-1.066092,4.610755E-10,4.610755E-10,-0.6587288,5.115254
'[19:08:15.444 20/01/2026]',4.922232,0.4103846,2.529452,-1.066092,4.610755E-10,4.610755E-10,-0.6587288,5.115254
'[19:08:15.452 20/01/2026]',-17.60624,-7.925381,-5.780841,-15.51617,4.610755E-10,4.610755E-10,-3.408696,-20.16542
'[19:08:15.460 20/01/2026]',25.70208,10.47133,6.747811,24.75976,4.610755E-10,4.610755E-10,6.698512,21.48051
'[19:08:15.468 20/01/2026]',-15.72445,-6.967821,-7.219158,-13.19157,4.610755E-10,4.610755E-10,-9.932335,-7.099556
'[19:08:15.476 20/01/2026]',-20.70452,-0.948261,1.696537,-14.52406,4.610755E-10,4.610755E-10,2.771435,-21.09508
'[19:08:15.484 20/01/2026]',16.18517,-2.537236,-2.35776,12.69326,4.610755E-10,4.610755E-10,-1.167412,18.40929
'[19:08:15.492 20/01/2026]',16.18517,-2.537236,-2.35776,12.69326,4.610755E-10,4.610755E-10,-1.167412,18.40929
'[19:08:15.500 20/01/2026]',16.18517,-2.537236,-2.35776,12.69326,4.610755E-10,4.610755E-10,-1.167412,18.40929
'[19:08:15.508 20/01/2026]',4.637776,5.757995,4.495361,3.257382,4.610755E-10,4.610755E-10,3.755886,1.729646
'[19:08:15.516 20/01/2026]',4.637776,5.757995,4.495361,3.257382,4.610755E-10,4.610755E-10,3.755886,1.729646
'[19:08:15.524 20/01/2026]',-2.627219,-2.049186,-1.926127,-2.84451,4.610755E-10,4.610755E-10,-3.203221,-7.254976
'[19:08:15.532 20/01/2026]',-2.627219,-2.049186,-1.926127,-2.84451,4.610755E-10,4.610755E-10,-3.203221,-7.254976
'[19:08:15.540 20/01/2026]',-10.71776,-17.08947,-7.522948,-9.664502,4.610755E-10,4.610755E-10,-3.541658,-0.06611621
'[19:08:15.548 20/01/2026]',-10.71776,-17.08947,-7.522948,-9.664502,4.610755E-10,4.610755E-10,-3.541658,-0.06611621
'[19:08:15.556 20/01/2026]',-10.71776,-17.08947,-7.522948,-9.664502,4.610755E-10,4.610755E-10,-3.541658,-0.06611621
'[19:08:15.564 20/01/2026]',10.38995,20.52865,10.60007,11.47824,4.610755E-10,4.610755E-10,10.28499,5.604961
'[19:08:15.572 20/01/2026]',10.38995,20.52865,10.60007,11.47824,4.610755E-10,4.610755E-10,10.28499,5.604961
'[19:08:15.580 20/01/2026]',10.38995,20.52865,10.60007,11.47824,4.610755E-10,4.610755E-10,10.28499,5.604961
'[19:08:15.588 20/01/2026]',-2.310215,0.7027689,-5.71806,-4.018791,4.610755E-10,4.610755E-10,-11.08039,-8.14292
'[19:08:15.596 20/01/2026]',-2.310215,0.7027689,-5.71806,-4.018791,4.610755E-10,4.610755E-10,-11.08039,-8.14292
'[19:08:15.604 20/01/2026]',-2.310215,0.7027689,-5.71806,-4.018791,4.610755E-10,4.610755E-10,-11.08039,-8.14292
'[19:08:15.612 20/01/2026]',7.53396,-11.54351,-0.3004162,3.045296,4.610755E-10,4.610755E-10,5.499043,11.42429
'[19:08:15.620 20/01/2026]',-15.79142,-0.7950513,-1.29335,-11.33533,4.610755E-10,4.610755E-10,-3.002706,-16.95596
'[19:08:15.628 20/01/2026]',5.820552,8.698302,3.564465,9.112556,4.610755E-10,4.610755E-10,2.766616,9.524381
'[19:08:15.636 20/01/2026]',9.136595,-1.022869,0.06222525,8.399727,4.610755E-10,4.610755E-10,-0.8987961,11.27654
'[19:08:15.644 20/01/2026]',-8.600294,-3.761446,-3.249812,-16.54153,4.610755E-10,4.610755E-10,-0.6474866,-19.93949
'[19:08:15.652 20/01/2026]',-7.956615,-0.6314914,0.9633865,0.603075,4.610755E-10,4.610755E-10,-0.7837136,3.379243
'[19:08:15.660 20/01/2026]',17.48765,0.5199018,1.088189,17.35764,4.610755E-10,4.610755E-10,0.7231167,14.47455
'[19:08:15.668 20/01/2026]',-6.846704,6.887982,3.949565,-12.74481,4.610755E-10,4.610755E-10,5.342734,-11.2425
'[19:08:15.676 20/01/2026]',-16.39557,-15.04727,-11.96042,-8.527804,4.610755E-10,4.610755E-10,-12.37941,-6.005175
'[19:08:15.684 20/01/2026]',21.20313,8.664602,6.914571,14.88234,4.610755E-10,4.610755E-10,8.121366,14.75671
'[19:08:15.692 20/01/2026]',-5.32779,1.794171,1.949656,-7.592654,4.610755E-10,4.610755E-10,0.4244365,-12.53232
'[19:08:15.700 20/01/2026]',1.838037,-1.89548,-2.339269,9.540028,4.610755E-10,4.610755E-10,-0.5182409,7.405981
'[19:08:15.708 20/01/2026]',-6.724257,-0.9951187,-0.1791309,-6.657134,4.610755E-10,4.610755E-10,-0.6941842,4.118547
'[19:08:15.716 20/01/2026]',17.53477,2.997908,4.553311,2.991741,4.610755E-10,4.610755E-10,4.45296,-4.089602
'[19:08:15.724 20/01/2026]',-11.00806,-6.38724,-7.468313,-3.185937,4.610755E-10,4.610755E-10,-7.254155,-0.5003687
'[19:08:15.732 20/01/2026]',11.61587,11.88183,11.07948,13.15801,4.610755E-10,4.610755E-10,10.44587,9.481959
'[19:08:15.740 20/01/2026]',-12.56055,-8.665635,-8.427795,-13.42433,4.610755E-10,4.610755E-10,-7.092295,-16.27202
'[19:08:15.748 20/01/2026]',-12.02601,-10.2637,-2.918572,-6.990414,4.610755E-10,4.610755E-10,-6.585073,3.701166
'[19:08:15.756 20/01/2026]',15.52477,10.8059,4.668577,11.71502,4.610755E-10,4.610755E-10,10.3811,7.32131
'[19:08:15.764 20/01/2026]',-1.984002,4.295506,-0.01250992,-5.445456,4.610755E-10,4.610755E-10,-3.814255,-9.993362
'[19:08:15.772 20/01/2026]',0.003814559,-8.088552,-0.429146,7.879559,4.610755E-10,4.610755E-10,-1.024312,11.53786
'[19:08:15.780 20/01/2026]',-7.336273,1.77153,-1.682126,-10.02351,4.610755E-10,4.610755E-10,1.409924,-9.031634
'[19:08:15.788 20/01/2026]',3.831799,1.988554,1.760606,-4.45765,4.610755E-10,4.610755E-10,-0.03295823,-5.706032
'[19:08:15.796 20/01/2026]',4.170263,-0.05752229,0.1359574,21.04669,4.610755E-10,4.610755E-10,-1.526247,18.71975
'[19:08:15.804 20/01/2026]',-7.149774,-3.761697,-3.018852,-18.78419,4.610755E-10,4.610755E-10,-2.097973,-21.27542
'[19:08:15.812 20/01/2026]',-5.879079,-1.233337,-0.8340526,-7.770772,4.610755E-10,4.610755E-10,1.113091,2.537001
'[19:08:15.820 20/01/2026]',-4.181544,-0.8019719,0.3114694,12.91425,4.610755E-10,4.610755E-10,-1.441726,9.965168
'[19:08:15.828 20/01/2026]',-3.082555,-11.65354,-6.719955,-4.789453,4.610755E-10,4.610755E-10,2.088969,-8.719359
'[19:08:15.836 20/01/2026]',2.69007,-1.895877,1.31716,-2.224891,4.610755E-10,4.610755E-10,-4.876061,4.667867
'[19:08:15.844 20/01/2026]',53.96654,64.88113,30.39368,18.72964,4.610755E-10,4.610755E-10,8.667478,-1.248202
'[19:08:15.852 20/01/2026]',-45.08751,-47.35967,-24.88787,-16.44503,4.610755E-10,4.610755E-10,-2.15735,-2.456305
'[19:08:15.860 20/01/2026]',-22.39848,-24.53348,-9.418515,-5.62331,4.610755E-10,4.610755E-10,-7.753271,1.665973
'[19:08:15.868 20/01/2026]',34.01821,31.41065,16.81311,12.12973,4.610755E-10,4.610755E-10,10.24041,3.369704
'[19:08:15.876 20/01/2026]',-11.69515,-3.420534,-5.160977,-7.023203,4.610755E-10,4.610755E-10,-7.897415,-7.271869
'[19:08:15.884 20/01/2026]',-7.433901,-9.460226,-5.504572,1.759166,4.610755E-10,4.610755E-10,-0.008579748,2.837518
'[19:08:15.892 20/01/2026]',23.65183,6.879205,9.061763,4.462159,4.610755E-10,4.610755E-10,9.408144,7.442869
'[19:08:15.900 20/01/2026]',-19.50695,2.630623,-4.399983,-6.871184,4.610755E-10,4.610755E-10,-7.869746,-9.246112
'[19:08:15.908 20/01/2026]',-3.382632,-6.354405,-1.445976,4.156524,4.610755E-10,4.610755E-10,-0.7887967,-1.379466
'[19:08:15.916 20/01/2026]',15.81538,2.636223,2.476569,-1.029081,4.610755E-10,4.610755E-10,3.588607,9.27827
'[19:08:15.924 20/01/2026]',-11.8211,-1.389211,-4.263234,-3.526301,4.610755E-10,4.610755E-10,-2.390433,-8.17257
'[19:08:15.932 20/01/2026]',-1.784502,0.996268,2.730196,5.566584,4.610755E-10,4.610755E-10,-0.6859822,3.99784
'[19:08:15.940 20/01/2026]',-1.784502,0.996268,2.730196,5.566584,4.610755E-10,4.610755E-10,-0.6859822,3.99784
'[19:08:15.948 20/01/2026]',-1.784502,0.996268,2.730196,5.566584,4.610755E-10,4.610755E-10,-0.6859822,3.99784
'[19:08:15.956 20/01/2026]',-1.784502,0.996268,2.730196,5.566584,4.610755E-10,4.610755E-10,-0.6859822,3.99784
'[19:08:15.964 20/01/2026]',16.31298,5.095006,7.154173,0.3880419,4.610755E-10,4.610755E-10,6.976768,2.312485
'[19:08:15.972 20/01/2026]',-9.309206,-9.378607,-9.193623,0.8096508,4.610755E-10,4.610755E-10,-5.548071,0.4236086
'[19:08:15.980 20/01/2026]',-10.74912,-0.9112557,-5.756244,-10.0727,4.610755E-10,4.610755E-10,-9.121212,-12.96545
'[19:08:15.988 20/01/2026]',-10.74912,-0.9112557,-5.756244,-10.0727,4.610755E-10,4.610755E-10,-9.121212,-12.96545
'[19:08:15.996 20/01/2026]',9.026037,7.073673,11.4821,3.744198,4.610755E-10,4.610755E-10,11.75121,5.341387
'[19:08:16.004 20/01/2026]',9.026037,7.073673,11.4821,3.744198,4.610755E-10,4.610755E-10,11.75121,5.341387
'[19:08:16.012 20/01/2026]',9.026037,7.073673,11.4821,3.744198,4.610755E-10,4.610755E-10,11.75121,5.341387
'[19:08:16.020 20/01/2026]',5.718019,-2.550549,-3.082829,9.323089,4.610755E-10,4.610755E-10,-0.1690197,11.69336
'[19:08:16.028 20/01/2026]',5.718019,-2.550549,-3.082829,9.323089,4.610755E-10,4.610755E-10,-0.1690197,11.69336
'[19:08:16.036 20/01/2026]',-12.26136,-9.679154,-11.64309,-16.17762,4.610755E-10,4.610755E-10,-14.01501,-19.769
'[19:08:16.044 20/01/2026]',-12.26136,-9.679154,-11.64309,-16.17762,4.610755E-10,4.610755E-10,-14.01501,-19.769
'[19:08:16.052 20/01/2026]',11.21909,14.43157,16.09105,12.85202,4.610755E-10,4.610755E-10,16.9706,15.24931
'[19:08:16.060 20/01/2026]',11.21909,14.43157,16.09105,12.85202,4.610755E-10,4.610755E-10,16.9706,15.24931
'[19:08:16.068 20/01/2026]',-4.821926,-3.678115,-2.973486,-0.1897986,4.610755E-10,4.610755E-10,-3.806684,-1.671186
'[19:08:16.076 20/01/2026]',-4.821926,-3.678115,-2.973486,-0.1897986,4.610755E-10,4.610755E-10,-3.806684,-1.671186
'[19:08:16.084 20/01/2026]',-4.821926,-3.678115,-2.973486,-0.1897986,4.610755E-10,4.610755E-10,-3.806684,-1.671186
'[19:08:16.092 20/01/2026]',-8.686539,-8.772866,-9.887898,-11.08451,4.610755E-10,4.610755E-10,-8.780949,-8.841169
'[19:08:16.100 20/01/2026]',10.5027,7.949625,8.086449,10.32319,4.610755E-10,4.610755E-10,8.453454,7.995382
'[19:08:16.108 20/01/2026]',10.5027,7.949625,8.086449,10.32319,4.610755E-10,4.610755E-10,8.453454,7.995382
'[19:08:16.116 20/01/2026]',10.5027,7.949625,8.086449,10.32319,4.610755E-10,4.610755E-10,8.453454,7.995382
'[19:08:16.124 20/01/2026]',10.5027,7.949625,8.086449,10.32319,4.610755E-10,4.610755E-10,8.453454,7.995382
'[19:08:16.132 20/01/2026]',10.5027,7.949625,8.086449,10.32319,4.610755E-10,4.610755E-10,8.453454,7.995382
'[19:08:16.140 20/01/2026]',6.36205,-1.082872,-0.6712598,1.326511,4.610755E-10,4.610755E-10,-2.785531,-0.3131066
'[19:08:16.148 20/01/2026]',-4.301641,3.702175,3.426813,-5.495808,4.610755E-10,4.610755E-10,1.676535,-1.528277
'[19:08:16.156 20/01/2026]',-4.301641,3.702175,3.426813,-5.495808,4.610755E-10,4.610755E-10,1.676535,-1.528277
'[19:08:16.164 20/01/2026]',-13.17809,-6.818527,-8.565338,-4.723726,4.610755E-10,4.610755E-10,-4.208219,-7.175189
'[19:08:16.172 20/01/2026]',13.99454,0.5236072,9.319869,16.00775,4.610755E-10,4.610755E-10,7.99361,11.61296
'[19:08:16.180 20/01/2026]',13.99454,0.5236072,9.319869,16.00775,4.610755E-10,4.610755E-10,7.99361,11.61296
'[19:08:16.188 20/01/2026]',-9.498623,6.404947,-7.782989,-17.1744,4.610755E-10,4.610755E-10,-11.55807,-2.893259
'[19:08:16.196 20/01/2026]',-9.498623,6.404947,-7.782989,-17.1744,4.610755E-10,4.610755E-10,-11.55807,-2.893259
'[19:08:16.204 20/01/2026]',-9.498623,6.404947,-7.782989,-17.1744,4.610755E-10,4.610755E-10,-11.55807,-2.893259
'[19:08:16.212 20/01/2026]',10.58647,0.260984,6.005155,9.530523,4.610755E-10,4.610755E-10,9.619564,-4.701477
'[19:08:16.220 20/01/2026]',3.073472,-1.703281,1.759925,5.663599,4.610755E-10,4.610755E-10,1.118011,6.999125
'[19:08:16.228 20/01/2026]',-11.28027,-1.624057,-3.279002,-4.320447,4.610755E-10,4.610755E-10,-2.152912,5.093154
'[19:08:16.236 20/01/2026]',1.601824,-1.449346,-1.749874,-6.490145,4.610755E-10,4.610755E-10,-3.658673,-16.78658
'[19:08:16.244 20/01/2026]',1.954881,3.765049,3.247774,3.055466,4.610755E-10,4.610755E-10,2.390958,9.308386
'[19:08:16.252 20/01/2026]',0.116938,4.224708,3.33104,10.68433,4.610755E-10,4.610755E-10,7.511463,10.21089
'[19:08:16.260 20/01/2026]',-1.061405,-7.816444,-5.419964,-12.96591,4.610755E-10,4.610755E-10,-8.594231,-18.23788
'[19:08:16.268 20/01/2026]',-0.9001271,-10.39038,-8.715358,-5.707362,4.610755E-10,4.610755E-10,-7.980286,-1.151378
'[19:08:16.276 20/01/2026]',10.08766,24.09082,19.84956,25.3358,4.610755E-10,4.610755E-10,18.42884,26.95539
'[19:08:16.284 20/01/2026]',-4.245542,-12.87508,-11.12662,-16.10717,4.610755E-10,4.610755E-10,-5.866076,-18.04058
'[19:08:16.292 20/01/2026]',-10.6635,-9.473138,-5.274506,-4.583377,4.610755E-10,4.610755E-10,-8.810973,-6.25561
'[19:08:16.300 20/01/2026]',-8.89231,-3.90556,-0.09882589,3.942266,4.610755E-10,4.610755E-10,5.820042,9.26895
'[19:08:16.308 20/01/2026]',6.526979,11.82832,2.870985,-4.588548,4.610755E-10,4.610755E-10,0.8007228,-4.327922
'[19:08:16.316 20/01/2026]',67.73542,45.81499,29.42905,32.07837,4.610755E-10,4.610755E-10,5.973742,17.37216
'[19:08:16.324 20/01/2026]',-54.95521,-42.61242,-24.97628,-24.60779,4.610755E-10,4.610755E-10,-4.019223,-18.04621
'[19:08:16.332 20/01/2026]',-34.1248,-22.29597,-15.56994,-20.43936,4.610755E-10,4.610755E-10,-9.814969,-11.37624
'[19:08:16.340 20/01/2026]',51.94677,32.72277,25.28141,39.65447,4.610755E-10,4.610755E-10,11.89212,34.01043
'[19:08:16.348 20/01/2026]',-2.073465,-1.678724,-5.362168,-14.94252,4.610755E-10,4.610755E-10,0.1141701,-14.99882
'[19:08:16.356 20/01/2026]',-28.62826,-16.25754,-10.76475,-16.47952,4.610755E-10,4.610755E-10,-8.653155,-22.21104
'[19:08:16.364 20/01/2026]',25.87775,10.8629,11.27812,27.0496,4.610755E-10,4.610755E-10,6.676337,36.2985
'[19:08:16.372 20/01/2026]',-9.260717,-0.7565188,-5.115252,-14.00007,4.610755E-10,4.610755E-10,-3.126351,-14.32245
'[19:08:16.380 20/01/2026]',2.314064,-3.520315,-1.875963,-2.705395,4.610755E-10,4.610755E-10,-0.2326673,-14.56914
'[19:08:16.388 20/01/2026]',6.770378,2.188905,5.503861,12.94587,4.610755E-10,4.610755E-10,3.647038,28.08135
'[19:08:16.396 20/01/2026]',-25.65926,-1.15871,-4.23384,-14.31241,4.610755E-10,4.610755E-10,-1.696475,-17.54773
'[19:08:16.404 20/01/2026]',15.44828,-0.9793181,-2.712083,-1.149706,4.610755E-10,4.610755E-10,-4.806972,-13.7309
'[19:08:16.412 20/01/2026]',14.61012,5.811393,9.295689,15.69491,4.610755E-10,4.610755E-10,8.641982,33.28456
'[19:08:16.420 20/01/2026]',-18.80138,-6.598278,-6.903053,-10.63099,4.610755E-10,4.610755E-10,-5.158588,-21.63236
'[19:08:16.428 20/01/2026]',-3.74969,-0.07373404,-1.486584,-7.562767,4.610755E-10,4.610755E-10,-1.820935,-9.615066
'[19:08:16.436 20/01/2026]',19.76959,2.389816,1.797779,16.81343,4.610755E-10,4.610755E-10,2.268504,27.27624
'[19:08:16.444 20/01/2026]',-11.73738,1.696797,4.141753,-10.40308,4.610755E-10,4.610755E-10,3.399045,-15.30834
'[19:08:16.452 20/01/2026]',-11.8281,-5.239001,-4.446372,-6.396487,4.610755E-10,4.610755E-10,-4.384226,-12.19471
'[19:08:16.460 20/01/2026]',17.82066,4.838633,-0.08876295,18.00957,4.610755E-10,4.610755E-10,1.242968,22.79369
'[19:08:16.468 20/01/2026]',4.506987,1.432645,4.552005,-9.15393,4.610755E-10,4.610755E-10,2.076326,-7.807848
'[19:08:16.476 20/01/2026]',-11.9061,-6.183411,-1.049945,1.860012,4.610755E-10,4.610755E-10,1.758728,2.432207
'[19:08:16.484 20/01/2026]',-3.800648,-0.5675763,-10.50277,-6.901817,4.610755E-10,4.610755E-10,-14.43183,-14.53164
'[19:08:16.492 20/01/2026]',8.59925,7.163109,9.009035,2.443736,4.610755E-10,4.610755E-10,11.48223,6.786048
'[19:08:16.500 20/01/2026]',8.59925,7.163109,9.009035,2.443736,4.610755E-10,4.610755E-10,11.48223,6.786048
'[19:08:16.508 20/01/2026]',-4.295241,-1.959269,2.233107,6.874025,4.610755E-10,4.610755E-10,3.876302,11.04429
'[19:08:16.516 20/01/2026]',-2.620245,-3.505983,-3.02302,-6.640696,4.610755E-10,4.610755E-10,-6.318651,-9.026483
'[19:08:16.524 20/01/2026]',6.466768,-0.4204797,-4.452981,3.350447,4.610755E-10,4.610755E-10,-1.079481,0.06513491
'[19:08:16.532 20/01/2026]',11.78512,7.743484,8.291723,5.192862,4.610755E-10,4.610755E-10,6.803082,8.751674
'[19:08:16.540 20/01/2026]',11.78512,7.743484,8.291723,5.192862,4.610755E-10,4.610755E-10,6.803082,8.751674
'[19:08:16.548 20/01/2026]',-29.33433,-8.606496,-6.040553,-14.83457,4.610755E-10,4.610755E-10,-7.890715,-10.8001
'[19:08:16.556 20/01/2026]',-29.33433,-8.606496,-6.040553,-14.83457,4.610755E-10,4.610755E-10,-7.890715,-10.8001
'[19:08:16.564 20/01/2026]',24.00993,7.749745,6.550232,16.89532,4.610755E-10,4.610755E-10,11.44464,1.425514
'[19:08:16.572 20/01/2026]',24.00993,7.749745,6.550232,16.89532,4.610755E-10,4.610755E-10,11.44464,1.425514
'[19:08:16.580 20/01/2026]',8.164239,-5.219458,-5.386556,-3.57422,4.610755E-10,4.610755E-10,-9.17718,16.20371
'[19:08:16.588 20/01/2026]',8.164239,-5.219458,-5.386556,-3.57422,4.610755E-10,4.610755E-10,-9.17718,16.20371
'[19:08:16.596 20/01/2026]',-37.91574,-1.975978,-3.487111,-14.37935,4.610755E-10,4.610755E-10,-3.217426,-26.97007
'[19:08:16.604 20/01/2026]',-37.91574,-1.975978,-3.487111,-14.37935,4.610755E-10,4.610755E-10,-3.217426,-26.97007
'[19:08:16.612 20/01/2026]',-37.91574,-1.975978,-3.487111,-14.37935,4.610755E-10,4.610755E-10,-3.217426,-26.97007
'[19:08:16.620 20/01/2026]',25.12497,4.785886,9.278296,14.28434,4.610755E-10,4.610755E-10,9.251857,10.95992
'[19:08:16.628 20/01/2026]',25.12497,4.785886,9.278296,14.28434,4.610755E-10,4.610755E-10,9.251857,10.95992
'[19:08:16.636 20/01/2026]',7.646968,-0.2264447,-5.073733,-1.600804,4.610755E-10,4.610755E-10,-2.680347,16.19091
'[19:08:16.644 20/01/2026]',7.646968,-0.2264447,-5.073733,-1.600804,4.610755E-10,4.610755E-10,-2.680347,16.19091
'[19:08:16.652 20/01/2026]',7.646968,-0.2264447,-5.073733,-1.600804,4.610755E-10,4.610755E-10,-2.680347,16.19091
'[19:08:16.660 20/01/2026]',-26.06217,-3.399476,-2.298923,-9.274153,4.610755E-10,4.610755E-10,-3.322997,-24.14733
'[19:08:16.668 20/01/2026]',-26.06217,-3.399476,-2.298923,-9.274153,4.610755E-10,4.610755E-10,-3.322997,-24.14733
'[19:08:16.676 20/01/2026]',-26.06217,-3.399476,-2.298923,-9.274153,4.610755E-10,4.610755E-10,-3.322997,-24.14733
'[19:08:16.684 20/01/2026]',23.0593,4.645345,6.176886,12.03776,4.610755E-10,4.610755E-10,4.31963,9.967642
'[19:08:16.692 20/01/2026]',23.0593,4.645345,6.176886,12.03776,4.610755E-10,4.610755E-10,4.31963,9.967642
'[19:08:16.700 20/01/2026]',23.0593,4.645345,6.176886,12.03776,4.610755E-10,4.610755E-10,4.31963,9.967642
'[19:08:16.708 20/01/2026]',-1.591413,0.2093146,-2.317317,-0.9298238,4.610755E-10,4.610755E-10,1.637155,9.637414
'[19:08:16.716 20/01/2026]',-11.0929,-4.91861,-4.481564,-10.04707,4.610755E-10,4.610755E-10,-6.603231,-12.60214
'[19:08:16.724 20/01/2026]',-11.0929,-4.91861,-4.481564,-10.04707,4.610755E-10,4.610755E-10,-6.603231,-12.60214
'[19:08:16.732 20/01/2026]',-11.0929,-4.91861,-4.481564,-10.04707,4.610755E-10,4.610755E-10,-6.603231,-12.60214
'[19:08:16.740 20/01/2026]',-11.0929,-4.91861,-4.481564,-10.04707,4.610755E-10,4.610755E-10,-6.603231,-12.60214
'[19:08:16.748 20/01/2026]',3.743735,0.1466535,4.496222,6.501384,4.610755E-10,4.610755E-10,2.667092,-0.3828873
'[19:08:16.756 20/01/2026]',0.3320671,3.628573,-2.574302,-2.553164,4.610755E-10,4.610755E-10,-0.8603248,3.004348
'[19:08:16.764 20/01/2026]',9.993023,5.956147,5.663767,6.728187,4.610755E-10,4.610755E-10,5.802669,7.869691
'[19:08:16.772 20/01/2026]',-16.14197,-11.96278,-5.17545,-4.880514,4.610755E-10,4.610755E-10,-7.443714,-10.43774
'[19:08:16.780 20/01/2026]',-16.14197,-11.96278,-5.17545,-4.880514,4.610755E-10,4.610755E-10,-7.443714,-10.43774
'[19:08:16.788 20/01/2026]',-16.14197,-11.96278,-5.17545,-4.880514,4.610755E-10,4.610755E-10,-7.443714,-10.43774
'[19:08:16.796 20/01/2026]',13.68664,4.754825,0.3552599,1.956973,4.610755E-10,4.610755E-10,5.178896,8.17368
'[19:08:16.804 20/01/2026]',13.68664,4.754825,0.3552599,1.956973,4.610755E-10,4.610755E-10,5.178896,8.17368
'[19:08:16.812 20/01/2026]',-6.266731,2.910675,0.5041635,-3.360279,4.610755E-10,4.610755E-10,-1.859755,-6.563561
'[19:08:16.820 20/01/2026]',-9.460609,-1.9797,3.093789,0.3997377,4.610755E-10,4.610755E-10,-0.09993586,0.1664112
'[19:08:16.828 20/01/2026]',-9.460609,-1.9797,3.093789,0.3997377,4.610755E-10,4.610755E-10,-0.09993586,0.1664112
'[19:08:16.836 20/01/2026]',11.34052,-2.643086,-5.158707,-0.7680931,4.610755E-10,4.610755E-10,-2.999799,-0.4679308
'[19:08:16.844 20/01/2026]',-6.43817,5.588408,2.508155,0.8025663,4.610755E-10,4.610755E-10,4.473179,-0.6521548
'[19:08:16.852 20/01/2026]',7.425392,-5.150342,-1.253705,2.392292,4.610755E-10,4.610755E-10,-3.946874,6.011863
'[19:08:16.860 20/01/2026]',-12.40768,2.856084,2.637823,0.5588131,4.610755E-10,4.610755E-10,2.953613,-6.112799
'[19:08:16.868 20/01/2026]',16.95368,1.87375,0.3831832,-1.183732,4.610755E-10,4.610755E-10,2.899019,6.389493
'[19:08:16.876 20/01/2026]',-0.1762467,-4.054313,-2.786941,-0.84413,4.610755E-10,4.610755E-10,-5.782043,-1.487006
'[19:08:16.884 20/01/2026]',-23.62269,-3.917342,-1.465233,-0.8818907,4.610755E-10,4.610755E-10,2.935754,-7.178848
'[19:08:16.892 20/01/2026]',26.05962,9.402478,6.778081,5.038329,4.610755E-10,4.610755E-10,5.455061,11.54033
'[19:08:16.900 20/01/2026]',-5.564772,-0.3217574,-2.561776,-3.016205,4.610755E-10,4.610755E-10,-8.329937,-6.190921
'[19:08:16.908 20/01/2026]',-7.853081,-4.407509,-0.4029346,2.386071,4.610755E-10,4.610755E-10,3.332273,1.469884
'[19:08:16.916 20/01/2026]',11.79804,2.04741,0.8834971,-3.029087,4.610755E-10,4.610755E-10,5.905177,-3.644513
'[19:08:16.924 20/01/2026]',-1.861504,-1.753766,-2.985822,11.51426,4.610755E-10,4.610755E-10,-10.92241,16.33847
'[19:08:16.932 20/01/2026]',1.991532,6.211537,6.917025,-6.524531,4.610755E-10,4.610755E-10,8.690612,-5.771786
'[19:08:16.940 20/01/2026]',-12.11614,-11.72158,-10.42174,-13.85075,4.610755E-10,4.610755E-10,-6.159632,-22.39617
'[19:08:16.948 20/01/2026]',7.879056,6.431713,5.318934,16.19836,4.610755E-10,4.610755E-10,2.710776,22.30908
'[19:08:16.956 20/01/2026]',6.692165,4.660551,3.342681,0.3883528,4.610755E-10,4.610755E-10,0.7547954,0.6422926
'[19:08:16.964 20/01/2026]',-10.60725,-5.206262,-3.502798,-9.581796,4.610755E-10,4.610755E-10,-2.092769,-15.89941
'[19:08:16.972 20/01/2026]',2.607961,1.191559,2.705287,8.692233,4.610755E-10,4.610755E-10,6.000888,13.55161
'[19:08:16.980 20/01/2026]',5.584849,-2.394507,-4.137332,-1.072206,4.610755E-10,4.610755E-10,-6.427732,-1.088456
'[19:08:16.988 20/01/2026]',1.498171,7.597464,7.568473,-0.9722294,4.610755E-10,4.610755E-10,4.465385,0.7721931
'[19:08:16.996 20/01/2026]',-3.353358,-6.009059,-4.220057,1.762896,4.610755E-10,4.610755E-10,-0.1858025,-6.510541
'[19:08:17.004 20/01/2026]',-3.706794,-4.627475,-5.868825,-7.555644,4.610755E-10,4.610755E-10,-4.941931,0.05822363
'[19:08:17.012 20/01/2026]',-14.30789,-4.258863,-2.133636,-3.997592,4.610755E-10,4.610755E-10,-2.539493,5.949401
'[19:08:17.020 20/01/2026]',25.09414,18.55592,11.75322,12.01396,4.610755E-10,4.610755E-10,7.060205,-12.50853
'[19:08:17.028 20/01/2026]',6.689974,-1.023405,3.186041,4.685104,4.610755E-10,4.610755E-10,5.954935,20.81256
'[19:08:17.036 20/01/2026]',-35.65237,-17.88809,-14.78632,-12.35413,4.610755E-10,4.610755E-10,-14.23449,-12.69982
'[19:08:17.044 20/01/2026]',17.68903,6.330554,3.545552,-4.822408,4.610755E-10,4.610755E-10,4.081749,-12.90562
'[19:08:17.052 20/01/2026]',0.039367,7.536953,5.824992,6.102723,4.610755E-10,4.610755E-10,1.595319,14.1017
'[19:08:17.060 20/01/2026]',3.274196,-0.5982005,0.7851886,12.53606,4.610755E-10,4.610755E-10,2.997144,8.164482
'[19:08:17.068 20/01/2026]',-7.539971,-8.949474,-9.538013,-23.8503,4.610755E-10,4.610755E-10,-6.046627,-24.46376
'[19:08:17.076 20/01/2026]',-0.9082845,3.127155,6.306184,11.19307,4.610755E-10,4.610755E-10,0.01892865,11.5897
'[19:08:17.084 20/01/2026]',17.0402,14.60968,8.571791,15.74615,4.610755E-10,4.610755E-10,11.87883,16.52898
'[19:08:17.092 20/01/2026]',-7.464871,-10.43802,-8.150647,-20.61482,4.610755E-10,4.610755E-10,-6.237451,-16.61056
'[19:08:17.100 20/01/2026]',-20.3484,-9.484583,-7.979162,-0.8392398,4.610755E-10,4.610755E-10,-12.47888,-8.928323
'[19:08:17.108 20/01/2026]',10.70598,10.7947,11.61454,11.33063,4.610755E-10,4.610755E-10,14.80307,15.98181
'[19:08:17.116 20/01/2026]',14.09521,0.7774284,-0.7771205,-3.293071,4.610755E-10,4.610755E-10,-1.81008,-1.22079
'[19:08:17.124 20/01/2026]',-25.02772,-9.735898,-9.460689,-9.954673,4.610755E-10,4.610755E-10,-13.84947,-19.79614
'[19:08:17.132 20/01/2026]',-25.02772,-9.735898,-9.460689,-9.954673,4.610755E-10,4.610755E-10,-13.84947,-19.79614
'[19:08:17.140 20/01/2026]',14.75262,5.218664,4.414949,9.677356,4.610755E-10,4.610755E-10,11.64852,20.26376
'[19:08:17.148 20/01/2026]',14.75262,5.218664,4.414949,9.677356,4.610755E-10,4.610755E-10,11.64852,20.26376
'[19:08:17.156 20/01/2026]',4.035039,7.122622,8.132227,-1.199883,4.610755E-10,4.610755E-10,6.122491,-0.4104885
'[19:08:17.164 20/01/2026]',4.035039,7.122622,8.132227,-1.199883,4.610755E-10,4.610755E-10,6.122491,-0.4104885
'[19:08:17.172 20/01/2026]',-12.04961,-7.99154,-7.88482,-1.778058,4.610755E-10,4.610755E-10,-10.05664,-8.474282
'[19:08:17.180 20/01/2026]',-12.04961,-7.99154,-7.88482,-1.778058,4.610755E-10,4.610755E-10,-10.05664,-8.474282
'[19:08:17.188 20/01/2026]',-12.04961,-7.99154,-7.88482,-1.778058,4.610755E-10,4.610755E-10,-10.05664,-8.474282
'[19:08:17.196 20/01/2026]',-3.798599,-7.75826,-6.926771,0.2010738,4.610755E-10,4.610755E-10,1.800419,4.913777
'[19:08:17.204 20/01/2026]',-3.798599,-7.75826,-6.926771,0.2010738,4.610755E-10,4.610755E-10,1.800419,4.913777
'[19:08:17.212 20/01/2026]',-3.798599,-7.75826,-6.926771,0.2010738,4.610755E-10,4.610755E-10,1.800419,4.913777
'[19:08:17.220 20/01/2026]',17.94428,17.82643,16.81355,-0.2539828,4.610755E-10,4.610755E-10,0.9941965,-2.955768
'[19:08:17.228 20/01/2026]',-7.434273,-1.655613,-5.223525,5.927365,4.610755E-10,4.610755E-10,2.25737,1.835595
'[19:08:17.236 20/01/2026]',-7.434273,-1.655613,-5.223525,5.927365,4.610755E-10,4.610755E-10,2.25737,1.835595
'[19:08:17.244 20/01/2026]',5.835736,-10.23174,-6.437486,2.4397,4.610755E-10,4.610755E-10,-2.634336,6.069297
'[19:08:17.252 20/01/2026]',5.835736,-10.23174,-6.437486,2.4397,4.610755E-10,4.610755E-10,-2.634336,6.069297
'[19:08:17.260 20/01/2026]',5.835736,-10.23174,-6.437486,2.4397,4.610755E-10,4.610755E-10,-2.634336,6.069297
'[19:08:17.268 20/01/2026]',-11.9677,7.311406,8.066362,-14.57068,4.610755E-10,4.610755E-10,2.201805,-6.485969
'[19:08:17.276 20/01/2026]',-12.07374,-7.058008,-10.79728,-1.548791,4.610755E-10,4.610755E-10,-6.571736,-15.35083
'[19:08:17.284 20/01/2026]',-12.07374,-7.058008,-10.79728,-1.548791,4.610755E-10,4.610755E-10,-6.571736,-15.35083
'[19:08:17.292 20/01/2026]',32.20592,5.813574,8.541493,20.82355,4.610755E-10,4.610755E-10,6.340291,26.30185
'[19:08:17.300 20/01/2026]',32.20592,5.813574,8.541493,20.82355,4.610755E-10,4.610755E-10,6.340291,26.30185
'[19:08:17.308 20/01/2026]',32.20592,5.813574,8.541493,20.82355,4.610755E-10,4.610755E-10,6.340291,26.30185
'[19:08:17.316 20/01/2026]',-9.377645,3.139518,4.323642,-5.535852,4.610755E-10,4.610755E-10,3.833205,-0.814127
'[19:08:17.324 20/01/2026]',-18.7554,-8.788497,-12.48052,-19.79844,4.610755E-10,4.610755E-10,-8.805059,-22.6668
'[19:08:17.332 20/01/2026]',-18.7554,-8.788497,-12.48052,-19.79844,4.610755E-10,4.610755E-10,-8.805059,-22.6668
'[19:08:17.340 20/01/2026]',12.86909,5.985972,6.709974,13.70432,4.610755E-10,4.610755E-10,3.081015,9.287841
'[19:08:17.348 20/01/2026]',12.86909,5.985972,6.709974,13.70432,4.610755E-10,4.610755E-10,3.081015,9.287841
'[19:08:17.356 20/01/2026]',12.86909,5.985972,6.709974,13.70432,4.610755E-10,4.610755E-10,3.081015,9.287841
'[19:08:17.364 20/01/2026]',12.86909,5.985972,6.709974,13.70432,4.610755E-10,4.610755E-10,3.081015,9.287841
'[19:08:17.372 20/01/2026]',12.86909,5.985972,6.709974,13.70432,4.610755E-10,4.610755E-10,3.081015,9.287841
'[19:08:17.380 20/01/2026]',8.623919,-1.066559,3.501822,11.62603,4.610755E-10,4.610755E-10,3.004745,15.69173
'[19:08:17.388 20/01/2026]',8.623919,-1.066559,3.501822,11.62603,4.610755E-10,4.610755E-10,3.004745,15.69173
'[19:08:17.396 20/01/2026]',-7.25031,2.026691,-2.525037,-15.20438,4.610755E-10,4.610755E-10,0.9443647,-13.05055
'[19:08:17.404 20/01/2026]',-11.30534,-2.679488,-4.143115,1.709683,4.610755E-10,4.610755E-10,-7.299298,-6.084045
'[19:08:17.412 20/01/2026]',16.55199,-2.638054,3.41859,4.205479,4.610755E-10,4.610755E-10,6.559792,14.55996
'[19:08:17.420 20/01/2026]',16.55199,-2.638054,3.41859,4.205479,4.610755E-10,4.610755E-10,6.559792,14.55996
'[19:08:17.428 20/01/2026]',16.55199,-2.638054,3.41859,4.205479,4.610755E-10,4.610755E-10,6.559792,14.55996
'[19:08:17.436 20/01/2026]',-5.958858,0.3921381,-1.334352,-3.250919,4.610755E-10,4.610755E-10,-7.02059,-12.8197
'[19:08:17.444 20/01/2026]',-5.958858,0.3921381,-1.334352,-3.250919,4.610755E-10,4.610755E-10,-7.02059,-12.8197
'[19:08:17.452 20/01/2026]',3.33755,9.903066,3.335238,5.34676,4.610755E-10,4.610755E-10,8.139526,8.309853
'[19:08:17.460 20/01/2026]',-5.643534,-12.31652,-5.790534,-9.76895,4.610755E-10,4.610755E-10,-7.128983,-6.38977
'[19:08:17.468 20/01/2026]',-2.589428,-0.1547807,-2.111723,-1.253976,4.610755E-10,4.610755E-10,-4.837801,-4.961864
'[19:08:17.476 20/01/2026]',7.104626,7.604156,8.120148,12.67486,4.610755E-10,4.610755E-10,11.12093,13.97625
'[19:08:17.484 20/01/2026]',-8.777054,-6.4887,-8.100519,-11.62652,4.610755E-10,4.610755E-10,-4.330779,-10.25511
'[19:08:17.492 20/01/2026]',4.91056,3.19266,4.48466,2.742132,4.610755E-10,4.610755E-10,-0.9809907,-0.1291693
'[19:08:17.500 20/01/2026]',-2.768964,4.414298,4.927675,6.965199,4.610755E-10,4.610755E-10,2.475353,9.042789
'[19:08:17.508 20/01/2026]',8.109559,-8.204337,-8.588054,-4.137117,4.610755E-10,4.610755E-10,-2.767132,-4.363569
'[19:08:17.516 20/01/2026]',-3.571954,-10.17597,0.7592309,-3.510009,4.610755E-10,4.610755E-10,2.059722,-1.957916
'[19:08:17.524 20/01/2026]',-16.80568,14.95222,3.637784,1.023982,4.610755E-10,4.610755E-10,-2.665941,-2.861096
'[19:08:17.532 20/01/2026]',24.05058,8.692391,2.383893,8.344833,4.610755E-10,4.610755E-10,5.749149,7.107256
'[19:08:17.540 20/01/2026]',-4.708023,-18.16794,-7.904196,-10.14977,4.610755E-10,4.610755E-10,-5.602132,4.500294
'[19:08:17.548 20/01/2026]',-12.97263,9.201988,7.570879,2.682494,4.610755E-10,4.610755E-10,4.365217,-14.60099
'[19:08:17.556 20/01/2026]',7.393707,-3.481366,-4.533896,-0.01730816,4.610755E-10,4.610755E-10,-5.067258,1.315946
'[19:08:17.564 20/01/2026]',6.819238,1.073933,-0.4351196,5.800726,4.610755E-10,4.610755E-10,0.1817392,12.29933
'[19:08:17.572 20/01/2026]',-5.417002,-1.881463,2.194746,-8.748512,4.610755E-10,4.610755E-10,3.39529,-4.639466
'[19:08:17.580 20/01/2026]',-4.435137,-4.720276,-3.998697,-1.34934,4.610755E-10,4.610755E-10,-2.929589,-9.313844
'[19:08:17.588 20/01/2026]',-9.83077,-5.390673,-0.7650223,8.80612,4.610755E-10,4.610755E-10,5.376498,11.72717
'[19:08:17.596 20/01/2026]',12.27711,13.5308,1.382941,-12.31409,4.610755E-10,4.610755E-10,-11.58338,-9.443662
'[19:08:17.604 20/01/2026]',36.89177,27.76887,17.42033,20.59049,4.610755E-10,4.610755E-10,14.0774,11.34422
'[19:08:17.612 20/01/2026]',-36.43291,-40.11586,-17.48165,-7.488515,4.610755E-10,4.610755E-10,-4.325658,-0.5933871
'[19:08:17.620 20/01/2026]',-7.984173,-0.3233937,-4.477722,-11.65497,4.610755E-10,4.610755E-10,-7.17583,-9.678237
'[19:08:17.628 20/01/2026]',12.8603,20.22388,11.43675,3.374919,4.610755E-10,4.610755E-10,8.24697,-1.282712
'[19:08:17.636 20/01/2026]',3.015416,-9.921493,-2.288375,13.89519,4.610755E-10,4.610755E-10,-0.2508506,14.21714
'[19:08:17.644 20/01/2026]',-9.831033,-9.162621,-7.631361,-12.96144,4.610755E-10,4.610755E-10,-8.409167,-6.770533
'[19:08:17.652 20/01/2026]',14.14805,17.82821,11.76097,2.617701,4.610755E-10,4.610755E-10,13.88927,-2.049378
'[19:08:17.660 20/01/2026]',-13.89062,-8.874464,-7.014757,4.655217,4.610755E-10,4.610755E-10,-8.987281,-3.353579
'[19:08:17.668 20/01/2026]',8.347739,-7.816796,-5.578146,-3.038272,4.610755E-10,4.610755E-10,-6.013338,6.052946
'[19:08:17.676 20/01/2026]',21.5018,18.66926,19.74982,10.88621,4.610755E-10,4.610755E-10,23.85569,23.37827
'[19:08:17.684 20/01/2026]',-24.6781,-3.133914,-6.688848,-6.980462,4.610755E-10,4.610755E-10,-10.86275,-26.0029
'[19:08:17.692 20/01/2026]',-4.240394,-14.55935,-15.42819,-8.335689,4.610755E-10,4.610755E-10,-15.42393,-9.86012
'[19:08:17.700 20/01/2026]',16.5217,10.40633,18.03681,14.42295,4.610755E-10,4.610755E-10,20.16315,28.45726
'[19:08:17.708 20/01/2026]',-8.951179,-0.4987854,-6.266117,-6.555058,4.610755E-10,4.610755E-10,-8.243732,-13.2322
'[19:08:17.716 20/01/2026]',-6.219965,-3.461848,-5.148617,-8.373874,4.610755E-10,4.610755E-10,-4.987761,-13.21449
'[19:08:17.724 20/01/2026]',12.28301,3.703013,7.84515,14.24299,4.610755E-10,4.610755E-10,9.95808,19.67371
'[19:08:17.732 20/01/2026]',-7.259511,-1.668818,-1.340909,-5.467754,4.610755E-10,4.610755E-10,-5.111867,-4.503383
'[19:08:17.740 20/01/2026]',-7.259511,-1.668818,-1.340909,-5.467754,4.610755E-10,4.610755E-10,-5.111867,-4.503383
'[19:08:17.748 20/01/2026]',-4.956234,-2.493375,-4.873751,-9.910883,4.610755E-10,4.610755E-10,-1.558609,-12.97147
'[19:08:17.756 20/01/2026]',-1.950328,-3.807695,-3.598386,4.726781,4.610755E-10,4.610755E-10,-5.808508,4.112953
'[19:08:17.764 20/01/2026]',11.37875,13.48016,14.45443,11.54961,4.610755E-10,4.610755E-10,13.88506,11.47806
'[19:08:17.772 20/01/2026]',-16.59245,-20.93444,-19.72038,-23.24981,4.610755E-10,4.610755E-10,-17.21006,-20.36219
'[19:08:17.780 20/01/2026]',-16.59245,-20.93444,-19.72038,-23.24981,4.610755E-10,4.610755E-10,-17.21006,-20.36219
'[19:08:17.788 20/01/2026]',17.3429,23.23624,19.69881,22.56808,4.610755E-10,4.610755E-10,17.48166,19.89238
'[19:08:17.796 20/01/2026]',17.3429,23.23624,19.69881,22.56808,4.610755E-10,4.610755E-10,17.48166,19.89238
'[19:08:17.804 20/01/2026]',2.581541,-2.472807,-2.395475,-0.7027841,4.610755E-10,4.610755E-10,-1.190959,0.2889231
'[19:08:17.812 20/01/2026]',2.581541,-2.472807,-2.395475,-0.7027841,4.610755E-10,4.610755E-10,-1.190959,0.2889231
'[19:08:17.820 20/01/2026]',-26.60216,-20.17846,-17.96395,-23.02439,4.610755E-10,4.610755E-10,-19.35594,-24.89125
'[19:08:17.828 20/01/2026]',-26.60216,-20.17846,-17.96395,-23.02439,4.610755E-10,4.610755E-10,-19.35594,-24.89125
'[19:08:17.836 20/01/2026]',-26.60216,-20.17846,-17.96395,-23.02439,4.610755E-10,4.610755E-10,-19.35594,-24.89125
'[19:08:17.844 20/01/2026]',-26.60216,-20.17846,-17.96395,-23.02439,4.610755E-10,4.610755E-10,-19.35594,-24.89125
'[19:08:17.852 20/01/2026]',21.24518,10.94507,11.84059,15.82027,4.610755E-10,4.610755E-10,11.28628,13.47347
'[19:08:17.860 20/01/2026]',-1.957137,8.854973,4.676445,4.261959,4.610755E-10,4.610755E-10,9.749223,11.47369
'[19:08:17.868 20/01/2026]',-1.957137,8.854973,4.676445,4.261959,4.610755E-10,4.610755E-10,9.749223,11.47369
'[19:08:17.876 20/01/2026]',-1.957137,8.854973,4.676445,4.261959,4.610755E-10,4.610755E-10,9.749223,11.47369
'[19:08:17.884 20/01/2026]',-1.957137,8.854973,4.676445,4.261959,4.610755E-10,4.610755E-10,9.749223,11.47369
'[19:08:17.892 20/01/2026]',0.7361468,-4.0495,-2.321947,-3.912816,4.610755E-10,4.610755E-10,-8.028674,-5.511319
'[19:08:17.900 20/01/2026]',0.7361468,-4.0495,-2.321947,-3.912816,4.610755E-10,4.610755E-10,-8.028674,-5.511319
'[19:08:17.908 20/01/2026]',0.7361468,-4.0495,-2.321947,-3.912816,4.610755E-10,4.610755E-10,-8.028674,-5.511319
'[19:08:17.916 20/01/2026]',-4.542041,-3.791548,-1.865368,0.4083568,4.610755E-10,4.610755E-10,0.7198793,-4.35788
'[19:08:17.924 20/01/2026]',10.54959,-0.7952028,-3.136284,1.012421,4.610755E-10,4.610755E-10,-0.6217684,2.329504
'[19:08:17.932 20/01/2026]',-9.85593,3.444285,2.540344,-4.892853,4.610755E-10,4.610755E-10,-2.852788,0.308649
'[19:08:17.940 20/01/2026]',-13.5918,-3.373534,-1.48868,-4.654926,4.610755E-10,4.610755E-10,0.4462576,-11.07991
'[19:08:17.948 20/01/2026]',-13.5918,-3.373534,-1.48868,-4.654926,4.610755E-10,4.610755E-10,0.4462576,-11.07991
'[19:08:17.956 20/01/2026]',29.62535,1.23471,4.04197,15.43328,4.610755E-10,4.610755E-10,5.394697,16.25979
'[19:08:17.964 20/01/2026]',29.62535,1.23471,4.04197,15.43328,4.610755E-10,4.610755E-10,5.394697,16.25979
'[19:08:17.972 20/01/2026]',-7.502359,3.867036,0.02094826,-2.292394,4.610755E-10,4.610755E-10,-1.379455,0.6686418
'[19:08:17.980 20/01/2026]',-7.502359,3.867036,0.02094826,-2.292394,4.610755E-10,4.610755E-10,-1.379455,0.6686418
'[19:08:17.988 20/01/2026]',-7.502359,3.867036,0.02094826,-2.292394,4.610755E-10,4.610755E-10,-1.379455,0.6686418
'[19:08:17.996 20/01/2026]',-28.06651,-11.16492,-9.5262,-20.01443,4.610755E-10,4.610755E-10,-9.476515,-22.34785
'[19:08:18.004 20/01/2026]',-28.06651,-11.16492,-9.5262,-20.01443,4.610755E-10,4.610755E-10,-9.476515,-22.34785
'[19:08:18.012 20/01/2026]',27.24739,8.037705,8.743849,16.50569,4.610755E-10,4.610755E-10,9.858091,17.7125
'[19:08:18.020 20/01/2026]',27.24739,8.037705,8.743849,16.50569,4.610755E-10,4.610755E-10,9.858091,17.7125
'[19:08:18.028 20/01/2026]',27.24739,8.037705,8.743849,16.50569,4.610755E-10,4.610755E-10,9.858091,17.7125
'[19:08:18.036 20/01/2026]',13.69094,8.578698,6.46556,15.84261,4.610755E-10,4.610755E-10,4.256589,16.62555
'[19:08:18.044 20/01/2026]',13.69094,8.578698,6.46556,15.84261,4.610755E-10,4.610755E-10,4.256589,16.62555
'[19:08:18.052 20/01/2026]',-25.27172,-14.00176,-8.939376,-27.36829,4.610755E-10,4.610755E-10,-4.98736,-29.86319
'[19:08:18.060 20/01/2026]',-25.27172,-14.00176,-8.939376,-27.36829,4.610755E-10,4.610755E-10,-4.98736,-29.86319
'[19:08:18.068 20/01/2026]',-25.27172,-14.00176,-8.939376,-27.36829,4.610755E-10,4.610755E-10,-4.98736,-29.86319
'[19:08:18.076 20/01/2026]',2.738335,5.385103,0.4140639,9.672139,4.610755E-10,4.610755E-10,-2.822953,9.703362
'[19:08:18.084 20/01/2026]',13.37503,3.251517,3.426506,12.84445,4.610755E-10,4.610755E-10,4.373226,10.76249
'[19:08:18.092 20/01/2026]',-1.856961,-2.619917,-0.2462606,-13.236,4.610755E-10,4.610755E-10,-0.08623989,-7.427106
'[19:08:18.100 20/01/2026]',-10.25319,-1.168121,-0.4538277,3.502412,4.610755E-10,4.610755E-10,-0.4123004,-1.278783
'[19:08:18.108 20/01/2026]',-1.592581,-2.537203,-5.847022,-7.016076,4.610755E-10,4.610755E-10,-5.311819,-3.919623
'[19:08:18.116 20/01/2026]',24.6668,13.91,13.25972,17.08868,4.610755E-10,4.610755E-10,12.91889,16.78727
'[19:08:18.124 20/01/2026]',-23.35316,-15.26496,-11.03538,-12.00695,4.610755E-10,4.610755E-10,-12.35571,-13.88568
'[19:08:18.132 20/01/2026]',-5.986369,-2.333605,-2.954615,-7.784157,4.610755E-10,4.610755E-10,-1.311974,-4.233465
'[19:08:18.140 20/01/2026]',24.97554,14.30241,12.07691,15.93089,4.610755E-10,4.610755E-10,13.02418,10.77936
'[19:08:18.148 20/01/2026]',-11.77018,-4.189572,-3.77532,-0.5436696,4.610755E-10,4.610755E-10,-6.987244,5.765341
'[19:08:18.156 20/01/2026]',-1.896839,-3.421638,-1.539317,-6.006548,4.610755E-10,4.610755E-10,1.5145,-11.7783
'[19:08:18.164 20/01/2026]',15.1028,3.288658,2.287323,4.678001,4.610755E-10,4.610755E-10,3.341012,4.196372
'[19:08:18.172 20/01/2026]',-19.98554,-0.7004378,-2.377116,-3.209581,4.610755E-10,4.610755E-10,-8.249306,4.297168
'[19:08:18.180 20/01/2026]',7.878344,-0.7427013,3.051169,0.5692183,4.610755E-10,4.610755E-10,8.57372,-8.769869
'[19:08:18.188 20/01/2026]',-1.148415,0.1534079,-2.465395,-5.075121,4.610755E-10,4.610755E-10,-4.613911,0.743172
'[19:08:18.196 20/01/2026]',-3.019576,-1.826412,0.5470968,8.691854,4.610755E-10,4.610755E-10,2.856589,11.78476
'[19:08:18.204 20/01/2026]',-5.443658,-10.12964,-4.685059,-5.346969,4.610755E-10,4.610755E-10,-0.6543734,-7.289105
'[19:08:18.212 20/01/2026]',11.75448,20.35506,5.808782,-0.1786096,4.610755E-10,4.610755E-10,-7.342078,-12.71466
'[19:08:18.220 20/01/2026]',23.75396,12.05671,11.75021,13.76693,4.610755E-10,4.610755E-10,12.66583,24.67425
'[19:08:18.228 20/01/2026]',-39.6138,-33.04716,-18.57318,-19.54267,4.610755E-10,4.610755E-10,-6.628589,-17.77351
'[19:08:18.236 20/01/2026]',15.15782,13.86279,7.950707,14.13539,4.610755E-10,4.610755E-10,3.144346,8.554402
'[19:08:18.244 20/01/2026]',12.78178,7.870916,2.551279,2.054113,4.610755E-10,4.610755E-10,-0.6112791,6.410473
'[19:08:18.252 20/01/2026]',-12.66644,-10.59213,-4.823536,-7.957848,4.610755E-10,4.610755E-10,-3.964364,-12.71082
'[19:08:18.260 20/01/2026]',1.584688,0.9265807,0.2474818,1.898527,4.610755E-10,4.610755E-10,2.554221,3.28391
'[19:08:18.268 20/01/2026]',4.00145,11.16733,8.505557,4.57711,4.610755E-10,4.610755E-10,8.937094,7.920278
'[19:08:18.276 20/01/2026]',-8.036809,-12.75628,-10.37583,-6.090693,4.610755E-10,4.610755E-10,-15.35263,-3.857769
'[19:08:18.284 20/01/2026]',14.85987,2.778938,4.104991,8.47084,4.610755E-10,4.610755E-10,7.105643,4.100977
'[19:08:18.292 20/01/2026]',-13.60158,2.590006,0.456166,-10.43042,4.610755E-10,4.610755E-10,2.938966,-13.94426
'[19:08:18.300 20/01/2026]',-0.8795172,2.696675,2.614251,5.276779,4.610755E-10,4.610755E-10,-1.885439,11.72585
'[19:08:18.308 20/01/2026]',21.50939,-4.002508,-0.6528105,12.08146,4.610755E-10,4.610755E-10,2.36583,12.24175
'[19:08:18.316 20/01/2026]',-25.57495,-7.724892,-12.20637,-22.19103,4.610755E-10,4.610755E-10,-11.40758,-33.27737
'[19:08:18.324 20/01/2026]',18.88856,21.17886,20.6585,19.21993,4.610755E-10,4.610755E-10,18.97652,22.865
'[19:08:18.332 20/01/2026]',1.158882,-8.887794,-4.993687,-2.259993,4.610755E-10,4.610755E-10,-4.647287,16.65682
'[19:08:18.340 20/01/2026]',-13.65205,-10.79661,-12.70222,-9.544626,4.610755E-10,4.610755E-10,-15.36471,-31.65723
'[19:08:18.348 20/01/2026]',3.962268,7.922265,8.206629,3.421836,4.610755E-10,4.610755E-10,13.90609,8.313161
'[19:08:18.356 20/01/2026]',14.3462,3.852665,4.316966,5.201674,4.610755E-10,4.610755E-10,0.1401047,14.63753
'[19:08:18.364 20/01/2026]',-20.06215,-8.153079,-8.321148,-7.381864,4.610755E-10,4.610755E-10,-8.441008,-16.5099
'[19:08:18.372 20/01/2026]',9.469759,5.280298,4.31232,6.726213,4.610755E-10,4.610755E-10,8.573245,5.796618
'[19:08:18.380 20/01/2026]',-0.04907867,-2.564697,-0.7002125,-3.564903,4.610755E-10,4.610755E-10,-5.098832,4.45153
'[19:08:18.388 20/01/2026]',-2.54078,-0.3078924,-1.567279,-5.465513,4.610755E-10,4.610755E-10,0.4164651,-10.62666
'[19:08:18.396 20/01/2026]',-2.54078,-0.3078924,-1.567279,-5.465513,4.610755E-10,4.610755E-10,0.4164651,-10.62666
'[19:08:18.404 20/01/2026]',3.190786,1.395327,2.993121,12.71179,4.610755E-10,4.610755E-10,4.433163,11.50529
'[19:08:18.412 20/01/2026]',3.190786,1.395327,2.993121,12.71179,4.610755E-10,4.610755E-10,4.433163,11.50529
'[19:08:18.420 20/01/2026]',3.190786,1.395327,2.993121,12.71179,4.610755E-10,4.610755E-10,4.433163,11.50529
'[19:08:18.428 20/01/2026]',3.190786,1.395327,2.993121,12.71179,4.610755E-10,4.610755E-10,4.433163,11.50529
'[19:08:18.436 20/01/2026]',3.190786,1.395327,2.993121,12.71179,4.610755E-10,4.610755E-10,4.433163,11.50529
'[19:08:18.444 20/01/2026]',-1.708369,0.8549166,-1.741013,-7.157325,4.610755E-10,4.610755E-10,-6.667445,-4.08021
'[19:08:18.452 20/01/2026]',-1.708369,0.8549166,-1.741013,-7.157325,4.610755E-10,4.610755E-10,-6.667445,-4.08021
'[19:08:18.460 20/01/2026]',-1.708369,0.8549166,-1.741013,-7.157325,4.610755E-10,4.610755E-10,-6.667445,-4.08021
'[19:08:18.468 20/01/2026]',-3.005135,-1.03039,-1.626805,-5.762631,4.610755E-10,4.610755E-10,3.701726,-9.603057
'[19:08:18.476 20/01/2026]',-0.248449,-1.521621,1.585553,7.212059,4.610755E-10,4.610755E-10,-0.547574,8.790784
'[19:08:18.484 20/01/2026]',-1.384963,-0.5845572,-0.8836542,-3.594516,4.610755E-10,4.610755E-10,-6.625647,-2.596959
'[19:08:18.492 20/01/2026]',6.350004,5.350487,4.124836,2.276492,4.610755E-10,4.610755E-10,13.73129,1.626228
'[19:08:18.500 20/01/2026]',6.350004,5.350487,4.124836,2.276492,4.610755E-10,4.610755E-10,13.73129,1.626228
'[19:08:18.508 20/01/2026]',-4.889837,-4.676303,-4.887325,-1.145869,4.610755E-10,4.610755E-10,-7.81388,1.335633
'[19:08:18.516 20/01/2026]',-4.889837,-4.676303,-4.887325,-1.145869,4.610755E-10,4.610755E-10,-7.81388,1.335633
'[19:08:18.524 20/01/2026]',0.4783368,-2.6789,0.8303784,-1.602071,4.610755E-10,4.610755E-10,-4.936489,-6.712207
'[19:08:18.532 20/01/2026]',0.4783368,-2.6789,0.8303784,-1.602071,4.610755E-10,4.610755E-10,-4.936489,-6.712207
'[19:08:18.540 20/01/2026]',-1.594007,4.145914,0.5796089,2.203301,4.610755E-10,4.610755E-10,6.862129,4.89273
'[19:08:18.548 20/01/2026]',-1.594007,4.145914,0.5796089,2.203301,4.610755E-10,4.610755E-10,6.862129,4.89273
'[19:08:18.556 20/01/2026]',-1.594007,4.145914,0.5796089,2.203301,4.610755E-10,4.610755E-10,6.862129,4.89273
'[19:08:18.564 20/01/2026]',1.415589,1.676948,1.791385,0.9352297,4.610755E-10,4.610755E-10,-1.0783,2.954432
'[19:08:18.572 20/01/2026]',1.415589,1.676948,1.791385,0.9352297,4.610755E-10,4.610755E-10,-1.0783,2.954432
'[19:08:18.580 20/01/2026]',-2.007835,-2.446016,-2.466532,-3.823219,4.610755E-10,4.610755E-10,-1.267926,-8.270534
'[19:08:18.588 20/01/2026]',-2.007835,-2.446016,-2.466532,-3.823219,4.610755E-10,4.610755E-10,-1.267926,-8.270534
'[19:08:18.596 20/01/2026]',-2.007835,-2.446016,-2.466532,-3.823219,4.610755E-10,4.610755E-10,-1.267926,-8.270534
'[19:08:18.604 20/01/2026]',11.72529,-5.66087,-4.559784,3.332946,4.610755E-10,4.610755E-10,-2.623812,6.32769
'[19:08:18.612 20/01/2026]',11.72529,-5.66087,-4.559784,3.332946,4.610755E-10,4.610755E-10,-2.623812,6.32769
'[19:08:18.620 20/01/2026]',11.72529,-5.66087,-4.559784,3.332946,4.610755E-10,4.610755E-10,-2.623812,6.32769
'[19:08:18.628 20/01/2026]',11.72529,-5.66087,-4.559784,3.332946,4.610755E-10,4.610755E-10,-2.623812,6.32769
'[19:08:18.636 20/01/2026]',-13.17329,7.777728,8.686911,-2.451767,4.610755E-10,4.610755E-10,5.54433,3.789998
'[19:08:18.644 20/01/2026]',-4.003574,-1.30687,-3.95999,1.865887,4.610755E-10,4.610755E-10,-4.174176,-12.76397
'[19:08:18.652 20/01/2026]',13.78125,-3.947909,-2.456729,0.02917803,4.610755E-10,4.610755E-10,-0.1983511,9.447457
'[19:08:18.660 20/01/2026]',-15.17218,-3.122691,-0.6799637,-9.335565,4.610755E-10,4.610755E-10,-1.985618,-9.454928
'[19:08:18.668 20/01/2026]',-15.17218,-3.122691,-0.6799637,-9.335565,4.610755E-10,4.610755E-10,-1.985618,-9.454928
'[19:08:18.676 20/01/2026]',-15.17218,-3.122691,-0.6799637,-9.335565,4.610755E-10,4.610755E-10,-1.985618,-9.454928
'[19:08:18.684 20/01/2026]',6.597463,1.112078,5.633373,11.22444,4.610755E-10,4.610755E-10,6.09077,9.887255
'[19:08:18.692 20/01/2026]',20.0182,20.62609,6.258464,9.906824,4.610755E-10,4.610755E-10,4.308093,7.417108
'[19:08:18.700 20/01/2026]',-26.96616,-23.12261,-17.59214,-18.95152,4.610755E-10,4.610755E-10,-15.93564,-14.24859
'[19:08:18.708 20/01/2026]',-0.5827891,3.088458,6.323009,-0.6422161,4.610755E-10,4.610755E-10,9.017403,-6.163479
'[19:08:18.716 20/01/2026]',19.57721,8.406435,8.172605,14.06804,4.610755E-10,4.610755E-10,3.244807,14.24921
'[19:08:18.724 20/01/2026]',-5.649385,0.7898597,-3.207928,1.129374,4.610755E-10,4.610755E-10,-1.417906,6.683643
'[19:08:18.732 20/01/2026]',-2.164897,-8.806533,-6.582672,-8.657558,4.610755E-10,4.610755E-10,-6.569896,-14.4583
'[19:08:18.740 20/01/2026]',-3.421797,5.560898,5.867184,-3.613063,4.610755E-10,4.610755E-10,7.599213,0.6846101
'[19:08:18.748 20/01/2026]',1.238515,0.6142369,-0.1073043,6.518835,4.610755E-10,4.610755E-10,-0.4129094,4.697192
'[19:08:18.756 20/01/2026]',6.507967,-6.329362,-3.269482,3.17647,4.610755E-10,4.610755E-10,-6.64218,1.830523
'[19:08:18.764 20/01/2026]',-7.21837,1.461602,-0.006526495,-7.92535,4.610755E-10,4.610755E-10,2.276145,-6.380235
'[19:08:18.772 20/01/2026]',3.66828,6.118628,2.915894,2.856422,4.610755E-10,4.610755E-10,3.414397,2.825784
'[19:08:18.780 20/01/2026]',8.98756,1.985091,6.125663,12.10003,4.610755E-10,4.610755E-10,5.13478,10.50304
'[19:08:18.788 20/01/2026]',-13.03722,-8.451244,-10.50474,-14.18899,4.610755E-10,4.610755E-10,-7.523127,-11.3006
'[19:08:18.796 20/01/2026]',5.007689,5.402859,5.804089,3.620636,4.610755E-10,4.610755E-10,2.809391,3.008396
'[19:08:18.804 20/01/2026]',4.857925,1.246285,2.393429,6.972441,4.610755E-10,4.610755E-10,2.094881,0.7090257
'[19:08:18.812 20/01/2026]',2.131647,0.3182377,0.4108954,-0.8861812,4.610755E-10,4.610755E-10,-1.954282,6.851365
'[19:08:18.820 20/01/2026]',-20.30912,-7.991256,-8.957333,-14.48313,4.610755E-10,4.610755E-10,-5.988456,-17.28773
'[19:08:18.828 20/01/2026]',17.12671,2.518174,3.498292,10.72049,4.610755E-10,4.610755E-10,5.922462,7.23303
'[19:08:18.836 20/01/2026]',-6.225625,-2.704898,-3.268585,-3.518578,4.610755E-10,4.610755E-10,-9.341375,4.180018
'[19:08:18.844 20/01/2026]',-9.262368,2.961807,0.3085582,-3.933913,4.610755E-10,4.610755E-10,3.843106,-10.88535
'[19:08:18.852 20/01/2026]',18.12917,6.209521,9.096136,6.96012,4.610755E-10,4.610755E-10,12.17542,11.03842
'[19:08:18.860 20/01/2026]',-2.91483,-4.375965,-3.372199,5.414628,4.610755E-10,4.610755E-10,-11.24225,2.381873
'[19:08:18.868 20/01/2026]',-13.52805,-9.817385,-13.09626,-15.34059,4.610755E-10,4.610755E-10,-5.895047,-12.65616
'[19:08:18.876 20/01/2026]',10.47104,9.504766,11.55495,3.1631,4.610755E-10,4.610755E-10,8.794542,1.645198
'[19:08:18.884 20/01/2026]',4.531896,0.1424727,2.027394,10.97633,4.610755E-10,4.610755E-10,-1.779905,8.882082
'[19:08:18.892 20/01/2026]',-12.31734,-4.012339,-7.380395,-10.34868,4.610755E-10,4.610755E-10,-0.8110716,-4.721038
'[19:08:18.900 20/01/2026]',-2.049487,-6.721816,-7.321856,-7.136783,4.610755E-10,4.610755E-10,-9.132368,-10.99547
'[19:08:18.908 20/01/2026]',8.333498,1.268679,14.12081,12.49679,4.610755E-10,4.610755E-10,12.79715,14.36929
'[19:08:18.916 20/01/2026]',-4.044056,9.157986,-1.072499,-3.4304,4.610755E-10,4.610755E-10,-1.737306,-3.115301
'[19:08:18.924 20/01/2026]',9.54585,3.490859,-5.147602,3.901336,4.610755E-10,4.610755E-10,-5.523112,3.43216
'[19:08:18.932 20/01/2026]',-9.815092,-15.10746,-2.449603,-8.110265,4.610755E-10,4.610755E-10,-0.5072437,-9.555352
'[19:08:18.940 20/01/2026]',-8.45647,4.42955,1.592641,-3.364769,4.610755E-10,4.610755E-10,3.614144,-0.2039962
'[19:08:18.948 20/01/2026]',27.87058,8.047399,6.699677,22.18855,4.610755E-10,4.610755E-10,3.221709,16.01774
'[19:08:18.956 20/01/2026]',-16.34809,-3.417323,-5.450794,-16.52196,4.610755E-10,4.610755E-10,-4.419788,-10.21358
'[19:08:18.964 20/01/2026]',-7.904963,-8.856659,-6.581435,-5.91749,4.610755E-10,4.610755E-10,-3.660163,-8.344874
'[19:08:18.972 20/01/2026]',18.52216,3.080967,7.696365,15.09989,4.610755E-10,4.610755E-10,4.140913,9.308394
'[19:08:18.980 20/01/2026]',18.52216,3.080967,7.696365,15.09989,4.610755E-10,4.610755E-10,4.140913,9.308394
'[19:08:18.988 20/01/2026]',18.52216,3.080967,7.696365,15.09989,4.610755E-10,4.610755E-10,4.140913,9.308394
'[19:08:18.996 20/01/2026]',18.52216,3.080967,7.696365,15.09989,4.610755E-10,4.610755E-10,4.140913,9.308394
'[19:08:19.004 20/01/2026]',-13.38409,6.74034,0.5524042,-9.523158,4.610755E-10,4.610755E-10,1.093063,7.148466
'[19:08:19.012 20/01/2026]',-13.38409,6.74034,0.5524042,-9.523158,4.610755E-10,4.610755E-10,1.093063,7.148466
'[19:08:19.020 20/01/2026]',-13.38409,6.74034,0.5524042,-9.523158,4.610755E-10,4.610755E-10,1.093063,7.148466
'[19:08:19.028 20/01/2026]',-9.571757,-5.434722,-4.928902,-3.399854,4.610755E-10,4.610755E-10,-1.936745,-18.52586
'[19:08:19.036 20/01/2026]',12.17377,-0.02155516,2.203054,7.271801,4.610755E-10,4.610755E-10,0.1311032,11.6827
'[19:08:19.044 20/01/2026]',-2.797131,-0.3477406,-0.5951095,-2.364054,4.610755E-10,4.610755E-10,-3.592017,-1.315025
'[19:08:19.052 20/01/2026]',-3.867017,-3.429512,-3.630302,-8.481472,4.610755E-10,4.610755E-10,2.12603,-6.378082
'[19:08:19.060 20/01/2026]',0.2505393,5.766916,4.580996,5.591127,4.610755E-10,4.610755E-10,1.058207,0.4401644
'[19:08:19.068 20/01/2026]',0.2505393,5.766916,4.580996,5.591127,4.610755E-10,4.610755E-10,1.058207,0.4401644
'[19:08:19.076 20/01/2026]',-3.128432,-6.607997,-5.456932,1.700658,4.610755E-10,4.610755E-10,-6.262259,0.7849938
'[19:08:19.084 20/01/2026]',-3.128432,-6.607997,-5.456932,1.700658,4.610755E-10,4.610755E-10,-6.262259,0.7849938
'[19:08:19.092 20/01/2026]',14.28916,5.362433,6.445621,-0.7799451,4.610755E-10,4.610755E-10,6.903668,4.628067
'[19:08:19.100 20/01/2026]',14.28916,5.362433,6.445621,-0.7799451,4.610755E-10,4.610755E-10,6.903668,4.628067
'[19:08:19.108 20/01/2026]',-7.269495,-1.787402,0.8137275,3.442471,4.610755E-10,4.610755E-10,2.367148,2.88986
'[19:08:19.116 20/01/2026]',-7.269495,-1.787402,0.8137275,3.442471,4.610755E-10,4.610755E-10,2.367148,2.88986
'[19:08:19.124 20/01/2026]',-7.269495,-1.787402,0.8137275,3.442471,4.610755E-10,4.610755E-10,2.367148,2.88986
'[19:08:19.132 20/01/2026]',-7.269495,-1.787402,0.8137275,3.442471,4.610755E-10,4.610755E-10,2.367148,2.88986
'[19:08:19.140 20/01/2026]',-7.269495,-1.787402,0.8137275,3.442471,4.610755E-10,4.610755E-10,2.367148,2.88986
'[19:08:19.148 20/01/2026]',-7.269495,-1.787402,0.8137275,3.442471,4.610755E-10,4.610755E-10,2.367148,2.88986
'[19:08:19.156 20/01/2026]',-11.34272,-1.526493,-11.20986,-10.12603,4.610755E-10,4.610755E-10,-12.8899,-16.32858
'[19:08:19.164 20/01/2026]',9.534992,7.878758,12.50115,7.844564,4.610755E-10,4.610755E-10,10.09578,10.70747
'[19:08:19.172 20/01/2026]',4.650852,-7.218263,-3.514064,3.057086,4.610755E-10,4.610755E-10,2.861243,4.020921
'[19:08:19.180 20/01/2026]',-7.591537,6.499177,2.408721,-2.222018,4.610755E-10,4.610755E-10,-2.43311,-2.001114
'[19:08:19.188 20/01/2026]',-2.752316,-6.963788,-6.318877,-7.593064,4.610755E-10,4.610755E-10,-8.194908,-10.25114
'[19:08:19.196 20/01/2026]',-2.752316,-6.963788,-6.318877,-7.593064,4.610755E-10,4.610755E-10,-8.194908,-10.25114
'[19:08:19.204 20/01/2026]',5.303032,0.7223848,2.629434,4.21807,4.610755E-10,4.610755E-10,7.326849,8.005096
'[19:08:19.212 20/01/2026]',5.303032,0.7223848,2.629434,4.21807,4.610755E-10,4.610755E-10,7.326849,8.005096
'[19:08:19.220 20/01/2026]',-0.9130935,4.698452,2.863946,6.584793,4.610755E-10,4.610755E-10,-0.06298144,3.196316
'[19:08:19.228 20/01/2026]',-0.9130935,4.698452,2.863946,6.584793,4.610755E-10,4.610755E-10,-0.06298144,3.196316
'[19:08:19.236 20/01/2026]',-0.9130935,4.698452,2.863946,6.584793,4.610755E-10,4.610755E-10,-0.06298144,3.196316
'[19:08:19.244 20/01/2026]',3.943576,-4.841395,-3.097887,-4.018317,4.610755E-10,4.610755E-10,1.223297,-0.5634099
'[19:08:19.252 20/01/2026]',3.943576,-4.841395,-3.097887,-4.018317,4.610755E-10,4.610755E-10,1.223297,-0.5634099
'[19:08:19.260 20/01/2026]',-10.03889,-8.137068,-5.487803,-8.596994,4.610755E-10,4.610755E-10,-5.154543,-6.159003
'[19:08:19.268 20/01/2026]',-10.03889,-8.137068,-5.487803,-8.596994,4.610755E-10,4.610755E-10,-5.154543,-6.159003
'[19:08:19.276 20/01/2026]',-21.75025,-12.50768,-2.008422,1.128344,4.610755E-10,4.610755E-10,-0.09644282,2.037189
'[19:08:19.284 20/01/2026]',-21.75025,-12.50768,-2.008422,1.128344,4.610755E-10,4.610755E-10,-0.09644282,2.037189
'[19:08:19.292 20/01/2026]',54.95795,62.50896,23.16187,18.77263,4.610755E-10,4.610755E-10,7.256031,1.979555
'[19:08:19.300 20/01/2026]',54.95795,62.50896,23.16187,18.77263,4.610755E-10,4.610755E-10,7.256031,1.979555
'[19:08:19.308 20/01/2026]',8.878291,-24.66651,-4.460348,-1.335461,4.610755E-10,4.610755E-10,0.3944642,11.80591
'[19:08:19.316 20/01/2026]',-56.43582,-35.54503,-17.85074,-18.02806,4.610755E-10,4.610755E-10,-5.58818,-16.06755
'[19:08:19.324 20/01/2026]',14.13829,21.77425,6.169348,6.473985,4.610755E-10,4.610755E-10,-1.803857,-1.653812
'[19:08:19.332 20/01/2026]',16.85208,4.563222,6.036702,6.29774,4.610755E-10,4.610755E-10,5.496292,11.90958
'[19:08:19.340 20/01/2026]',-14.19034,-8.475106,-7.034263,-8.475386,4.610755E-10,4.610755E-10,-4.64541,-7.821662
'[19:08:19.348 20/01/2026]',-5.308934,-3.663744,-2.085979,-5.475277,4.610755E-10,4.610755E-10,-4.587006,-10.57817
'[19:08:19.356 20/01/2026]',19.12798,12.32342,10.41795,19.50274,4.610755E-10,4.610755E-10,12.31281,22.41491
'[19:08:19.364 20/01/2026]',-10.67862,-6.991133,-6.764876,-14.58723,4.610755E-10,4.610755E-10,-8.492526,-10.92206
'[19:08:19.372 20/01/2026]',-3.842677,2.086035,1.539763,-0.8204184,4.610755E-10,4.610755E-10,5.069965,-5.7499
'[19:08:19.380 20/01/2026]',-1.767125,-10.83154,-8.935629,0.9677871,4.610755E-10,4.610755E-10,-12.01354,1.949684
'[19:08:19.388 20/01/2026]',3.34749,4.696428,4.276772,0.7452658,4.610755E-10,4.610755E-10,4.744571,2.532742
'[19:08:19.396 20/01/2026]',8.130189,11.94106,10.89127,5.577735,4.610755E-10,4.610755E-10,13.68788,7.476302
'[19:08:19.404 20/01/2026]',-10.68892,-10.34132,-10.4588,-6.23556,4.610755E-10,4.610755E-10,-15.58866,-13.17352
'[19:08:19.412 20/01/2026]',-7.240064,-7.607082,-4.336752,-3.586109,4.610755E-10,4.610755E-10,-0.1636651,0.6676055
'[19:08:19.420 20/01/2026]',19.09972,13.83587,10.00213,7.052174,4.610755E-10,4.610755E-10,9.163032,11.93232
'[19:08:19.428 20/01/2026]',-2.383491,-2.421698,-0.003204924,3.710721,4.610755E-10,4.610755E-10,-1.149507,-5.115128
'[19:08:19.436 20/01/2026]',-19.0092,-9.568871,-10.81052,-14.51008,4.610755E-10,4.610755E-10,-10.17826,-10.84427
'[19:08:19.444 20/01/2026]',10.53224,4.918499,4.624481,7.621233,4.610755E-10,4.610755E-10,4.473418,8.516462
'[19:08:19.452 20/01/2026]',13.67588,6.103862,6.449734,7.704133,4.610755E-10,4.610755E-10,10.16589,9.884977
'[19:08:19.460 20/01/2026]',-31.96561,-20.15529,-19.44254,-26.02193,4.610755E-10,4.610755E-10,-24.387,-26.7543
'[19:08:19.468 20/01/2026]',31.78747,31.69801,32.47686,40.04964,4.610755E-10,4.610755E-10,32.21474,29.81586
'[19:08:19.476 20/01/2026]',-12.11585,-27.06493,-28.77969,-31.18548,4.610755E-10,4.610755E-10,-23.96753,-17.25783
'[19:08:19.484 20/01/2026]',-6.42328,6.076824,5.516291,1.562508,4.610755E-10,4.610755E-10,1.750861,-2.412978
'[19:08:19.492 20/01/2026]',2.314393,8.328892,10.42721,15.75343,4.610755E-10,4.610755E-10,9.52614,5.519131
'[19:08:19.500 20/01/2026]',4.817642,-14.50778,-15.0228,-16.80819,4.610755E-10,4.610755E-10,-13.04633,-1.675534
'[19:08:19.508 20/01/2026]',-9.935435,4.143886,2.212892,2.081992,4.610755E-10,4.610755E-10,2.195756,-6.837198
'[19:08:19.516 20/01/2026]',20.27417,23.83668,24.67422,24.65988,4.610755E-10,4.610755E-10,25.75348,25.22199
'[19:08:19.524 20/01/2026]',1.165858,-26.12809,-22.8873,-17.62572,4.610755E-10,4.610755E-10,-25.03774,-16.30816
'[19:08:19.532 20/01/2026]',-25.00003,-1.544039,-4.948039,-10.4954,4.610755E-10,4.610755E-10,-5.504382,-11.5886
'[19:08:19.540 20/01/2026]',2.717418,12.91015,10.18339,7.303596,4.610755E-10,4.610755E-10,14.89167,7.07728
'[19:08:19.548 20/01/2026]',35.35277,-0.8842086,4.569097,16.78526,4.610755E-10,4.610755E-10,-0.2266847,19.56009
'[19:08:19.556 20/01/2026]',-24.16745,-3.639962,-4.268749,-14.72639,4.610755E-10,4.610755E-10,-2.076041,-16.6142
'[19:08:19.564 20/01/2026]',-12.27763,-3.909106,-7.577067,-7.892323,4.610755E-10,4.610755E-10,-6.865131,-11.92519
'[19:08:19.572 20/01/2026]',25.56343,9.487757,12.94201,21.45587,4.610755E-10,4.610755E-10,9.6351,28.39554
'[19:08:19.580 20/01/2026]',-25.59999,-16.22249,-16.5214,-24.46588,4.610755E-10,4.610755E-10,-14.14645,-24.26758
'[19:08:19.588 20/01/2026]',13.6008,11.63403,10.18717,12.56611,4.610755E-10,4.610755E-10,11.81433,6.188308
'[19:08:19.596 20/01/2026]',7.376667,8.801126,10.81944,9.930546,4.610755E-10,4.610755E-10,5.788134,10.71023
'[19:08:19.604 20/01/2026]',-17.05342,-17.18988,-18.38645,-18.60467,4.610755E-10,4.610755E-10,-15.8295,-11.88183
'[19:08:19.612 20/01/2026]',7.38588,2.783693,3.567355,7.828804,4.610755E-10,4.610755E-10,7.543502,5.546574
'[19:08:19.620 20/01/2026]',9.220927,12.07628,8.420568,1.532856,4.610755E-10,4.610755E-10,-1.030932,-3.817363
'[19:08:19.628 20/01/2026]',9.220927,12.07628,8.420568,1.532856,4.610755E-10,4.610755E-10,-1.030932,-3.817363
'[19:08:19.636 20/01/2026]',9.220927,12.07628,8.420568,1.532856,4.610755E-10,4.610755E-10,-1.030932,-3.817363
'[19:08:19.644 20/01/2026]',-9.202237,-3.930922,-0.5120806,3.815624,4.610755E-10,4.610755E-10,5.467817,9.855371
'[19:08:19.652 20/01/2026]',-9.202237,-3.930922,-0.5120806,3.815624,4.610755E-10,4.610755E-10,5.467817,9.855371
'[19:08:19.660 20/01/2026]',-9.202237,-3.930922,-0.5120806,3.815624,4.610755E-10,4.610755E-10,5.467817,9.855371
'[19:08:19.668 20/01/2026]',-9.202237,-3.930922,-0.5120806,3.815624,4.610755E-10,4.610755E-10,5.467817,9.855371
'[19:08:19.676 20/01/2026]',-9.202237,-3.930922,-0.5120806,3.815624,4.610755E-10,4.610755E-10,5.467817,9.855371
'[19:08:19.684 20/01/2026]',8.745505,-4.100343,-4.006215,2.248504,4.610755E-10,4.610755E-10,-0.02291749,-2.920746
'[19:08:19.692 20/01/2026]',3.761621,-3.095032,-2.280194,-6.148098,4.610755E-10,4.610755E-10,-11.24595,-4.518473
'[19:08:19.700 20/01/2026]',-14.07011,11.57865,8.974803,2.780426,4.610755E-10,4.610755E-10,12.0463,5.822758
'[19:08:19.708 20/01/2026]',8.990468,-5.261518,-4.591019,-0.02699342,4.610755E-10,4.610755E-10,-3.406995,-3.627422
'[19:08:19.716 20/01/2026]',8.990468,-5.261518,-4.591019,-0.02699342,4.610755E-10,4.610755E-10,-3.406995,-3.627422
'[19:08:19.724 20/01/2026]',-9.395444,-2.25561,-2.632467,-3.784294,4.610755E-10,4.610755E-10,0.9526774,-0.3727095
'[19:08:19.732 20/01/2026]',-9.395444,-2.25561,-2.632467,-3.784294,4.610755E-10,4.610755E-10,0.9526774,-0.3727095
'[19:08:19.740 20/01/2026]',-4.328222,-7.333014,-6.778789,-6.496579,4.610755E-10,4.610755E-10,-12.73068,-10.52127
'[19:08:19.748 20/01/2026]',-4.328222,-7.333014,-6.778789,-6.496579,4.610755E-10,4.610755E-10,-12.73068,-10.52127
'[19:08:19.756 20/01/2026]',20.95497,16.58336,20.21213,16.03055,4.610755E-10,4.610755E-10,21.45164,21.70201
'[19:08:19.764 20/01/2026]',20.95497,16.58336,20.21213,16.03055,4.610755E-10,4.610755E-10,21.45164,21.70201
'[19:08:19.772 20/01/2026]',-16.86563,-10.22608,-14.63565,-8.967516,4.610755E-10,4.610755E-10,-9.654844,-12.16841
'[19:08:19.780 20/01/2026]',-16.86563,-10.22608,-14.63565,-8.967516,4.610755E-10,4.610755E-10,-9.654844,-12.16841
'[19:08:19.788 20/01/2026]',1.647829,-1.328034,-1.461676,1.949924,4.610755E-10,4.610755E-10,-6.588284,0.9634939
'[19:08:19.796 20/01/2026]',1.647829,-1.328034,-1.461676,1.949924,4.610755E-10,4.610755E-10,-6.588284,0.9634939
'[19:08:19.804 20/01/2026]',1.647829,-1.328034,-1.461676,1.949924,4.610755E-10,4.610755E-10,-6.588284,0.9634939
'[19:08:19.812 20/01/2026]',1.647829,-1.328034,-1.461676,1.949924,4.610755E-10,4.610755E-10,-6.588284,0.9634939
'[19:08:19.820 20/01/2026]',1.483564,0.7621173,2.7778,-9.394309,4.610755E-10,4.610755E-10,2.644516,-5.880747
'[19:08:19.828 20/01/2026]',1.483564,0.7621173,2.7778,-9.394309,4.610755E-10,4.610755E-10,2.644516,-5.880747
'[19:08:19.836 20/01/2026]',1.483564,0.7621173,2.7778,-9.394309,4.610755E-10,4.610755E-10,2.644516,-5.880747
'[19:08:19.844 20/01/2026]',0.7663407,6.664844,6.174725,10.80765,4.610755E-10,4.610755E-10,7.43491,5.08928
'[19:08:19.852 20/01/2026]',0.7663407,6.664844,6.174725,10.80765,4.610755E-10,4.610755E-10,7.43491,5.08928
'[19:08:19.860 20/01/2026]',8.006432,-0.7218796,-1.27227,5.723192,4.610755E-10,4.610755E-10,0.2461451,8.596597
'[19:08:19.868 20/01/2026]',-11.8526,-8.055773,-7.181033,-11.29358,4.610755E-10,4.610755E-10,-8.667443,-8.109797
'[19:08:19.876 20/01/2026]',-11.8526,-8.055773,-7.181033,-11.29358,4.610755E-10,4.610755E-10,-8.667443,-8.109797
'[19:08:19.884 20/01/2026]',-11.8526,-8.055773,-7.181033,-11.29358,4.610755E-10,4.610755E-10,-8.667443,-8.109797
'[19:08:19.892 20/01/2026]',1.955114,3.167387,2.480066,-0.8366778,4.610755E-10,4.610755E-10,2.038467,-4.850872
'[19:08:19.900 20/01/2026]',1.569602,4.372897,2.290275,2.7766,4.610755E-10,4.610755E-10,4.938496,1.625398
'[19:08:19.908 20/01/2026]',-0.4701541,-1.436921,1.182766,5.60615,4.610755E-10,4.610755E-10,-2.902207,6.097567
'[19:08:19.916 20/01/2026]',1.392151,-1.461435,0.05617307,-2.370599,4.610755E-10,4.610755E-10,1.364923,2.214616
'[19:08:19.924 20/01/2026]',1.934044,-0.8976191,-2.961174,-5.343708,4.610755E-10,4.610755E-10,0.2472726,-6.985514
'[19:08:19.932 20/01/2026]',-8.287591,1.670358,-0.9836302,3.202269,4.610755E-10,4.610755E-10,-3.260271,-2.989287
'[19:08:19.940 20/01/2026]',5.503691,-1.795808,2.443915,1.745731,4.610755E-10,4.610755E-10,0.354426,8.304756
'[19:08:19.948 20/01/2026]',2.699948,2.934327,2.834215,-1.312852,4.610755E-10,4.610755E-10,5.518552,0.942901
'[19:08:19.956 20/01/2026]',2.195915,2.061009,0.03247362,3.926759,4.610755E-10,4.610755E-10,0.2301202,-6.447399
'[19:08:19.964 20/01/2026]',7.819085,-1.090438,-0.5990575,3.177111,4.610755E-10,4.610755E-10,-1.787673,15.39717
'[19:08:19.972 20/01/2026]',-37.72178,-14.80782,-15.14202,-25.6264,4.610755E-10,4.610755E-10,-16.96618,-34.26725
'[19:08:19.980 20/01/2026]',29.72918,19.10906,20.08704,25.50424,4.610755E-10,4.610755E-10,25.40852,26.86222
'[19:08:19.988 20/01/2026]',16.43294,1.116775,0.01907082,3.777074,4.610755E-10,4.610755E-10,-5.256172,7.776508
'[19:08:19.996 20/01/2026]',-34.30995,-13.13858,-15.63765,-21.06985,4.610755E-10,4.610755E-10,-15.24591,-25.74544
'[19:08:20.004 20/01/2026]',17.58615,1.77055,6.68555,7.944593,4.610755E-10,4.610755E-10,11.13573,12.5495
'[19:08:20.012 20/01/2026]',5.54011,7.402262,4.239038,9.910339,4.610755E-10,4.610755E-10,2.03477,5.218631
'[19:08:20.020 20/01/2026]',25.10221,11.02904,13.93426,11.9368,4.610755E-10,4.610755E-10,13.84337,15.00561
'[19:08:20.028 20/01/2026]',-28.36245,-7.027846,-9.678355,-12.19702,874.1813,4.610755E-10,-10.61911,-15.06443
'[19:08:20.036 20/01/2026]',-8.913585,-8.73968,-10.20754,-10.17472,560.9829,4.610755E-10,-6.894079,-6.598726
'[19:08:20.044 20/01/2026]',13.97981,8.741233,11.5717,12.69758,-1547.755,4.610755E-10,8.107548,11.23794
'[19:08:20.052 20/01/2026]',-2.554343,-4.336525,-5.706041,-1.812193,-473.7004,4.610755E-10,-3.510247,-2.333795
'[19:08:20.060 20/01/2026]',-1.484621,1.134278,3.049478,-4.291628,1013.775,4.610755E-10,0.855893,-3.813078
'[19:08:20.068 20/01/2026]',6.810566,2.776462,1.094611,6.250681,-218.8557,4.610755E-10,3.865641,5.982098
'[19:08:20.076 20/01/2026]',-8.186393,-7.773836,-5.486824,-9.315274,-1069.636,4.610755E-10,-6.387236,-4.577122
'[19:08:20.084 20/01/2026]',-18.33437,8.577324,8.963886,4.597407,-54.29605,4.610755E-10,8.263492,-1.166218
'[19:08:20.092 20/01/2026]',65.6356,1.562111,-3.918841,13.09195,2057.927,4.610755E-10,-6.275039,11.05101
'[19:08:20.100 20/01/2026]',-68.12817,-16.2478,-13.70615,-33.4755,-720.2631,4.610755E-10,-10.38475,-24.61189
'[19:08:20.108 20/01/2026]',8.92902,12.21084,11.98474,19.60176,-883.9731,4.610755E-10,13.04983,9.978421
'[19:08:20.116 20/01/2026]',27.27787,4.012569,4.74642,10.05551,627.3967,4.610755E-10,1.027376,14.73894
'[19:08:20.124 20/01/2026]',-12.56182,-0.6998206,-3.050262,-7.365108,177.0944,4.610755E-10,1.555782,-5.747838
'[19:08:20.132 20/01/2026]',-6.257404,-11.82269,-8.317813,-6.802181,-228.6129,4.610755E-10,-9.79952,-12.76346
'[19:08:20.140 20/01/2026]',-15.24563,6.812685,4.68057,-1.098203,-95.90656,4.610755E-10,1.910932,7.015633
'[19:08:20.148 20/01/2026]',39.42662,4.824067,4.717347,11.49519,139.7141,4.610755E-10,8.102313,0.1168876
'[19:08:20.156 20/01/2026]',3.075247,-11.93525,-7.298637,-8.902312,22.2338,4.610755E-10,-6.893682,2.95028
'[19:08:20.164 20/01/2026]',-4.605143,-13.34838,-5.681549,-8.579046,-72.69096,4.610755E-10,-2.204863,-5.564081
'[19:08:20.172 20/01/2026]',314.5964,31.32531,15.41393,17.78794,4.323801,4.610755E-10,7.176987,5.318992
'[19:08:20.180 20/01/2026]',23.94308,19.08459,9.987997,9.388789,30.76854,4.610755E-10,2.870747,9.734679
'[19:08:20.188 20/01/2026]',144.281,-39.18958,-18.86446,-20.34279,-5.348041,4.610755E-10,-12.33745,-18.27059
'[19:08:20.196 20/01/2026]',-819.2024,1.957653,-3.346315,-5.647411,-14.38342,4.610755E-10,5.782621,-0.1094966
'[19:08:20.204 20/01/2026]',187.9909,15.60076,12.1478,16.35409,4.944273,4.610755E-10,4.067966,11.66837
'[19:08:20.212 20/01/2026]',313.7598,4.031029,7.099812,5.236585,6.274641,4.610755E-10,6.409048,4.231839
'[19:08:20.220 20/01/2026]',-147.8615,-10.02954,-10.77048,-10.76971,-3.302427,4.610755E-10,-5.638789,-4.821905
'[19:08:20.228 20/01/2026]',-147.8615,-10.02954,-10.77048,-10.76971,-3.302427,4.610755E-10,-5.638789,-4.821905
'[19:08:20.236 20/01/2026]',-65.62469,-2.043373,-0.7937465,1.675685,-2.436446,4.610755E-10,-6.395608,-7.725788
'[19:08:20.244 20/01/2026]',-65.62469,-2.043373,-0.7937465,1.675685,-2.436446,4.610755E-10,-6.395608,-7.725788
'[19:08:20.252 20/01/2026]',39.9599,5.939691,3.760378,5.396853,1.762316,4.610755E-10,8.790373,12.53135
'[19:08:20.260 20/01/2026]',39.9599,5.939691,3.760378,5.396853,1.762316,4.610755E-10,8.790373,12.53135
'[19:08:20.268 20/01/2026]',21.20259,-4.610407,-1.329528,-2.799051,0.8299056,4.610755E-10,-0.7767933,-6.659437
'[19:08:20.276 20/01/2026]',21.20259,-4.610407,-1.329528,-2.799051,0.8299056,4.610755E-10,-0.7767933,-6.659437
'[19:08:20.284 20/01/2026]',21.20259,-4.610407,-1.329528,-2.799051,0.8299056,4.610755E-10,-0.7767933,-6.659437
'[19:08:20.292 20/01/2026]',19.28483,1.29807,-0.4898258,-3.118775,-0.9514481,4.610755E-10,-6.254853,-5.041384
'[19:08:20.300 20/01/2026]',-62.30181,2.582212,1.822421,0.3419418,-0.1849148,4.610755E-10,3.134284,13.03028
'[19:08:20.308 20/01/2026]',-62.30181,2.582212,1.822421,0.3419418,-0.1849148,4.610755E-10,3.134284,13.03028
'[19:08:20.316 20/01/2026]',-62.30181,2.582212,1.822421,0.3419418,-0.1849148,4.610755E-10,3.134284,13.03028
'[19:08:20.324 20/01/2026]',-7.080865,4.227087,5.278265,10.68526,0.5277635,4.610755E-10,6.723738,0.7984746
'[19:08:20.332 20/01/2026]',-7.080865,4.227087,5.278265,10.68526,0.5277635,4.610755E-10,6.723738,0.7984746
'[19:08:20.340 20/01/2026]',-7.080865,4.227087,5.278265,10.68526,0.5277635,4.610755E-10,6.723738,0.7984746
'[19:08:20.348 20/01/2026]',-7.080865,4.227087,5.278265,10.68526,0.5277635,4.610755E-10,6.723738,0.7984746
'[19:08:20.356 20/01/2026]',46.82957,-7.306819,-8.406573,-11.22211,0.009341161,4.610755E-10,-9.637531,-14.92637
'[19:08:20.364 20/01/2026]',-30.75726,-12.88758,-12.5331,-4.458909,-0.2704713,4.610755E-10,-11.12296,-3.538467
'[19:08:20.372 20/01/2026]',23.25574,37.05903,37.44583,26.06295,0.01449279,4.610755E-10,35.89777,36.19022
'[19:08:20.380 20/01/2026]',23.25574,37.05903,37.44583,26.06295,0.01449279,4.610755E-10,35.89777,36.19022
'[19:08:20.388 20/01/2026]',23.25574,37.05903,37.44583,26.06295,0.01449279,4.610755E-10,35.89777,36.19022
'[19:08:20.396 20/01/2026]',-30.3079,-19.80032,-20.00495,-23.86713,0.1172675,4.610755E-10,-19.08955,-27.39914
'[19:08:20.404 20/01/2026]',-30.3079,-19.80032,-20.00495,-23.86713,0.1172675,4.610755E-10,-19.08955,-27.39914
'[19:08:20.412 20/01/2026]',17.09064,-15.02646,-13.92476,-1.219261,-0.02308121,4.610755E-10,-15.732,-5.54027
'[19:08:20.420 20/01/2026]',-6.025898,19.64771,15.40356,7.967738,-0.04714911,4.610755E-10,18.8007,13.82344
'[19:08:20.428 20/01/2026]',-6.025898,19.64771,15.40356,7.967738,-0.04714911,4.610755E-10,18.8007,13.82344
'[19:08:20.436 20/01/2026]',-6.025898,19.64771,15.40356,7.967738,-0.04714911,4.610755E-10,18.8007,13.82344
'[19:08:20.444 20/01/2026]',-1.291492,-7.30709,-1.410969,-6.248751,0.02257076,4.610755E-10,-4.015318,-13.78258
'[19:08:20.452 20/01/2026]',-1.291492,-7.30709,-1.410969,-6.248751,0.02257076,4.610755E-10,-4.015318,-13.78258
'[19:08:20.460 20/01/2026]',9.367669,-1.590899,-4.223244,4.840023,0.02333361,4.610755E-10,-4.92515,8.7844
'[19:08:20.468 20/01/2026]',9.367669,-1.590899,-4.223244,4.840023,0.02333361,4.610755E-10,-4.92515,8.7844
'[19:08:20.476 20/01/2026]',-27.09801,-1.018843,-3.559505,-10.86025,-0.007146325,4.610755E-10,-3.222533,-3.827277
'[19:08:20.484 20/01/2026]',-27.09801,-1.018843,-3.559505,-10.86025,-0.007146325,4.610755E-10,-3.222533,-3.827277
'[19:08:20.492 20/01/2026]',6.194567,-5.345635E-05,4.242389,4.186774,-0.01124498,4.610755E-10,4.985082,-7.361046
'[19:08:20.500 20/01/2026]',6.194567,-5.345635E-05,4.242389,4.186774,-0.01124498,4.610755E-10,4.985082,-7.361046
'[19:08:20.508 20/01/2026]',28.06631,12.12123,10.50091,19.15647,-0.0002321486,4.610755E-10,9.877393,21.924
'[19:08:20.516 20/01/2026]',-20.02928,-7.351603,-7.991446,-13.65116,-0.003146687,4.610755E-10,-8.11683,-7.707172
'[19:08:20.524 20/01/2026]',8.833313,-10.89892,-10.4407,-18.9741,0.0005301917,4.610755E-10,-10.3777,-25.87355
'[19:08:20.532 20/01/2026]',-10.41539,4.023777,6.531409,16.74726,0.004081027,4.610755E-10,6.790901,18.26104
'[19:08:20.540 20/01/2026]',5.894425,7.113441,6.06935,8.820266,0.005141221,4.610755E-10,4.485313,9.964128
'[19:08:20.548 20/01/2026]',-4.711037,6.070312,3.73897,-5.689751,-0.001182637,4.610755E-10,4.634401,-5.759532
'[19:08:20.556 20/01/2026]',-6.977477,-18.33119,-16.34285,-15.34473,-0.003343136,4.610755E-10,-17.87524,-17.54187
'[19:08:20.564 20/01/2026]',12.48232,-1.874791,-0.6967554,5.420101,-0.001821129,4.610755E-10,1.574977,10.7865
'[19:08:20.572 20/01/2026]',-7.939957,9.435195,7.087535,6.935639,-0.0002570039,4.610755E-10,7.906171,3.405301
'[19:08:20.580 20/01/2026]',-1.326469,2.76134,4.643978,-4.101788,0.000177541,4.610755E-10,0.8533076,-7.838143
'[19:08:20.588 20/01/2026]',-11.86334,-20.19039,-21.44567,-15.92881,0.001704771,4.610755E-10,-20.01756,-4.555323
'[19:08:20.596 20/01/2026]',41.30765,27.83842,28.65401,30.27995,0.0006008324,4.610755E-10,30.73154,23.44793
'[19:08:20.604 20/01/2026]',-32.35052,-14.33315,-11.59267,-14.84466,-0.0003060127,4.610755E-10,-15.08835,-20.58182
'[19:08:20.612 20/01/2026]',-23.43645,-24.71583,-25.39762,-24.56966,-0.001812658,4.610755E-10,-23.28969,-15.36794
'[19:08:20.620 20/01/2026]',35.37614,39.62303,32.92187,30.50127,0.0008520352,4.610755E-10,31.53878,30.06155
'[19:08:20.628 20/01/2026]',8.59703,-11.57838,-8.031785,1.859309,0.001619899,4.610755E-10,-5.32498,-3.324922
'[19:08:20.636 20/01/2026]',-24.5647,-6.905918,-4.205496,-13.56421,-0.001665575,4.610755E-10,-6.431575,-11.70461
'[19:08:20.644 20/01/2026]',1.295337,4.604301,1.933445,0.8563763,-0.0006456837,4.610755E-10,2.477995,-0.02692681
'[19:08:20.652 20/01/2026]',19.87312,3.33884,2.272601,8.399065,0.001792555,4.610755E-10,0.8842554,9.757403
'[19:08:20.660 20/01/2026]',-23.40264,-19.49893,-21.21005,-22.72768,-0.0002012118,4.610755E-10,-18.2287,-23.59653
'[19:08:20.668 20/01/2026]',14.64254,23.20842,29.28735,24.80641,0.0005362006,4.610755E-10,27.14437,27.27296
'[19:08:20.676 20/01/2026]',-5.054453,-15.32706,-16.09097,-6.580671,-0.00141453,4.610755E-10,-15.74431,-11.13492
'[19:08:20.684 20/01/2026]',-5.172202,-2.859816,-7.285324,-14.16791,0.0003200533,4.610755E-10,-5.776061,-9.786165
'[19:08:20.692 20/01/2026]',11.43955,21.18706,24.23422,19.30221,-0.000822702,4.610755E-10,20.44217,18.2088
'[19:08:20.700 20/01/2026]',-24.45175,-30.97586,-31.76958,-23.04286,0.0005575866,4.610755E-10,-30.11723,-27.42856
'[19:08:20.708 20/01/2026]',24.00143,16.11884,18.45874,15.40285,0.0004130648,4.610755E-10,20.38215,22.10965
'[19:08:20.716 20/01/2026]',-14.02033,-2.917566,-5.8039,-5.654625,-0.0009620576,4.610755E-10,-7.088255,-6.967543
'[19:08:20.724 20/01/2026]',-1.057157,0.6587924,1.742893,-0.06856329,0.001409559,4.610755E-10,-0.7590278,-4.453212
'[19:08:20.732 20/01/2026]',15.90886,3.782608,4.963361,5.167468,-0.000133711,4.610755E-10,6.870247,8.724716
'[19:08:20.740 20/01/2026]',-30.73653,-23.31049,-24.95663,-22.4159,-0.0004965575,4.610755E-10,-21.47504,-19.67321
'[19:08:20.748 20/01/2026]',21.18794,20.36037,20.60577,22.52431,-6.587108E-05,4.610755E-10,16.12304,14.71232
'[19:08:20.756 20/01/2026]',4.153018,1.468358,1.476961,-4.137861,0.0001562404,4.610755E-10,2.387635,0.9781565
'[19:08:20.764 20/01/2026]',-16.02989,-12.97997,-14.62869,-12.0412,0.000157366,4.610755E-10,-12.102,-8.978747
'[19:08:20.772 20/01/2026]',25.70119,23.05216,27.2587,28.36031,-0.0002170394,4.610755E-10,22.95736,17.60244
'[19:08:20.780 20/01/2026]',-23.92944,-22.761,-25.09527,-22.91453,2.895733E-05,4.610755E-10,-24.18057,-17.55523
'[19:08:20.788 20/01/2026]',0.05778778,9.765828,6.474035,-1.247636,6.621594E-05,4.610755E-10,11.37442,5.747725
'[19:08:20.796 20/01/2026]',15.44994,-1.741064,4.192266,13.90817,-1.43054E-05,4.610755E-10,1.614822,2.193912
'[19:08:20.804 20/01/2026]',-2.294947,3.775824,0.02103582,-4.204401,-2.839699E-05,4.610755E-10,-3.388558,5.364397
'[19:08:20.812 20/01/2026]',-7.777795,4.597256,5.148423,2.045953,7.438082E-06,4.610755E-10,5.324933,-7.914861
'[19:08:20.820 20/01/2026]',12.2205,-10.5403,-7.944715,-0.06833307,1.560962E-05,4.610755E-10,-3.145574,5.352528
'[19:08:20.828 20/01/2026]',-8.423906,-0.01821713,-3.647392,-13.05058,-8.004949E-06,4.610755E-10,-4.848775,-6.27623
'[19:08:20.836 20/01/2026]',-8.423906,-0.01821713,-3.647392,-13.05058,-8.004949E-06,4.610755E-10,-4.848775,-6.27623
'[19:08:20.844 20/01/2026]',-8.423906,-0.01821713,-3.647392,-13.05058,-8.004949E-06,4.610755E-10,-4.848775,-6.27623
'[19:08:20.852 20/01/2026]',-6.447295,8.962331,10.27943,9.882045,-5.105479E-06,4.610755E-10,5.573203,0.4136063
'[19:08:20.860 20/01/2026]',14.86661,2.144014,2.97618,12.46863,4.181964E-06,4.610755E-10,8.647241,13.16947
'[19:08:20.868 20/01/2026]',14.86661,2.144014,2.97618,12.46863,4.181964E-06,4.610755E-10,8.647241,13.16947
'[19:08:20.876 20/01/2026]',-6.238428,-12.27832,-13.21649,-10.04929,1.81645E-06,4.610755E-10,-15.59942,-3.519297
'[19:08:20.884 20/01/2026]',-6.238428,-12.27832,-13.21649,-10.04929,1.81645E-06,4.610755E-10,-15.59942,-3.519297
'[19:08:20.892 20/01/2026]',-6.238428,-12.27832,-13.21649,-10.04929,1.81645E-06,4.610755E-10,-15.59942,-3.519297
'[19:08:20.900 20/01/2026]',-15.00261,5.320482,5.46301,-13.88057,-2.169975E-06,4.610755E-10,6.077457,-18.21239
'[19:08:20.908 20/01/2026]',15.14157,2.841182,3.603131,15.70788,-6.182083E-07,4.610755E-10,4.54984,13.36733
'[19:08:20.916 20/01/2026]',21.11584,13.18903,12.92555,21.21683,1.182114E-06,4.610755E-10,7.364507,22.4259
'[19:08:20.924 20/01/2026]',21.11584,13.18903,12.92555,21.21683,1.182114E-06,4.610755E-10,7.364507,22.4259
'[19:08:20.932 20/01/2026]',-40.62999,-30.7334,-31.32338,-43.06883,8.01125E-08,4.610755E-10,-26.06527,-41.24187
'[19:08:20.940 20/01/2026]',-40.62999,-30.7334,-31.32338,-43.06883,8.01125E-08,4.610755E-10,-26.06527,-41.24187
'[19:08:20.948 20/01/2026]',-40.62999,-30.7334,-31.32338,-43.06883,8.01125E-08,4.610755E-10,-26.06527,-41.24187
'[19:08:20.956 20/01/2026]',-40.62999,-30.7334,-31.32338,-43.06883,8.01125E-08,4.610755E-10,-26.06527,-41.24187
'[19:08:20.964 20/01/2026]',-40.62999,-30.7334,-31.32338,-43.06883,8.01125E-08,4.610755E-10,-26.06527,-41.24187
'[19:08:20.972 20/01/2026]',12.51214,11.76288,11.7602,14.91364,-5.560971E-07,4.610755E-10,12.21429,14.06132
'[19:08:20.980 20/01/2026]',12.25741,11.33668,11.92398,6.623209,4.42477E-08,4.610755E-10,5.178364,8.7002
'[19:08:20.988 20/01/2026]',-19.37749,-16.94716,-15.85766,-7.082847,2.553043E-07,4.610755E-10,-8.852892,-9.74144
'[19:08:20.996 20/01/2026]',-19.37749,-16.94716,-15.85766,-7.082847,2.553043E-07,4.610755E-10,-8.852892,-9.74144
'[19:08:21.004 20/01/2026]',-19.37749,-16.94716,-15.85766,-7.082847,2.553043E-07,4.610755E-10,-8.852892,-9.74144
'[19:08:21.012 20/01/2026]',-19.37749,-16.94716,-15.85766,-7.082847,2.553043E-07,4.610755E-10,-8.852892,-9.74144
'[19:08:21.020 20/01/2026]',12.55854,8.370977,6.131869,6.450992,-5.645969E-08,4.610755E-10,3.464697,4.532362
'[19:08:21.028 20/01/2026]',12.55854,8.370977,6.131869,6.450992,-5.645969E-08,4.610755E-10,3.464697,4.532362
'[19:08:21.036 20/01/2026]',14.28818,9.134824,11.26313,11.46054,-1.130892E-07,4.610755E-10,10.57332,13.49087
'[19:08:21.044 20/01/2026]',-32.09792,-19.24868,-20.11307,-27.11693,4.562823E-08,4.610755E-10,-18.63194,-25.60888
'[19:08:21.052 20/01/2026]',3.037233,9.119343,8.791472,11.90591,4.67951E-08,4.610755E-10,6.650774,8.05565
'[19:08:21.060 20/01/2026]',3.037233,9.119343,8.791472,11.90591,4.67951E-08,4.610755E-10,6.650774,8.05565
'[19:08:21.068 20/01/2026]',-5.687263,-1.060505,-1.652459,-2.318441,-2.775912E-08,4.610755E-10,-2.322113,0.04460449
'[19:08:21.076 20/01/2026]',-5.687263,-1.060505,-1.652459,-2.318441,-2.775912E-08,4.610755E-10,-2.322113,0.04460449
'[19:08:21.084 20/01/2026]',23.68733,-1.251462,-1.266635,-1.367799,-1.716164E-08,4.610755E-10,3.893567,5.667004
'[19:08:21.092 20/01/2026]',8.845118,8.44357,10.18701,12.89858,1.637976E-08,4.610755E-10,7.184989,-4.45132
'[19:08:21.100 20/01/2026]',-32.55182,-16.35474,-17.4579,-21.17607,6.38534E-09,4.610755E-10,-18.2615,-3.099215
'[19:08:21.108 20/01/2026]',13.12629,9.370922,8.106202,3.394442,-7.968245E-09,4.610755E-10,8.884693,-0.4785473
'[19:08:21.116 20/01/2026]',19.49603,6.934308,8.643008,18.02875,-1.056232E-09,4.610755E-10,8.90361,3.177886
'[19:08:21.124 20/01/2026]',-21.56699,-14.25785,-14.49232,-16.17607,4.653296E-09,4.610755E-10,-16.32449,-3.041692
'[19:08:21.132 20/01/2026]',2.465657,7.810285,5.737082,-2.368091,5.376696E-10,4.610755E-10,6.948128,2.015511
'[19:08:21.140 20/01/2026]',3.4174,0.1597041,1.72376,6.437984,-1.565306E-09,4.610755E-10,3.032925,-4.737106
'[19:08:21.148 20/01/2026]',1.555737,1.993771,2.248662,8.405927,7.053113E-10,4.610755E-10,0.1105624,8.932052
'[19:08:21.156 20/01/2026]',-10.65663,-9.802727,-11.03048,-15.5181,1.349957E-09,4.610755E-10,-10.63701,-9.65301
'[19:08:21.164 20/01/2026]',-0.2266976,6.90344,5.625112,-1.523807,1.866614E-10,4.610755E-10,7.946476,-5.060205
'[19:08:21.172 20/01/2026]',5.280883,-2.348996,-1.018257,9.551247,5.632641E-11,4.610755E-10,-3.915127,10.04287
'[19:08:21.180 20/01/2026]',9.814051,7.511839,8.693336,7.283093,6.563343E-10,4.610755E-10,9.251023,6.785129
'[19:08:21.188 20/01/2026]',-7.831993,-8.860474,-11.17586,-15.16078,5.797207E-10,4.610755E-10,-8.428524,-12.31044
'[19:08:21.196 20/01/2026]',-6.708952,-5.342057,-4.092193,-3.570345,3.536546E-10,4.610755E-10,-6.361513,-5.097195
'[19:08:21.204 20/01/2026]',6.151839,5.488209,7.287813,11.1187,3.649412E-10,4.610755E-10,6.085154,8.990705
'[19:08:21.212 20/01/2026]',11.15988,11.36748,8.733153,8.028484,5.642187E-10,4.610755E-10,11.60625,13.76572
'[19:08:21.220 20/01/2026]',-16.97542,-12.87521,-13.94574,-19.00016,5.12393E-10,4.610755E-10,-13.13102,-23.43542
'[19:08:21.228 20/01/2026]',-0.6028147,-3.103178,0.8213075,0.8208031,4.323814E-10,4.610755E-10,-3.695066,1.494367
'[19:08:21.236 20/01/2026]',18.44602,11.0596,5.383217,14.9687,4.587523E-10,4.610755E-10,9.411008,13.64754
'[19:08:21.244 20/01/2026]',2.029097,2.002877,4.059708,-0.7484658,4.634431E-10,4.610755E-10,5.497301,3.037662
'[19:08:21.252 20/01/2026]',-30.64738,-13.2571,-9.026533,-16.99565,4.424534E-10,4.610755E-10,-17.22151,-19.78399
'[19:08:21.260 20/01/2026]',16.9342,3.146364,0.5101773,10.54946,4.316415E-10,4.610755E-10,9.370858,8.970232
'[19:08:21.268 20/01/2026]',10.44973,5.526434,4.7441,3.584102,4.784207E-10,4.610755E-10,2.659281,12.83264
'[19:08:21.276 20/01/2026]',-14.77321,-0.003734383,-1.564681,-7.417569,4.73243E-10,4.610755E-10,-4.292979,-16.63117
'[19:08:21.284 20/01/2026]',-6.446225,-12.63121,-6.378191,0.7458093,4.323469E-10,4.610755E-10,-6.761921,-6.717462
'[19:08:21.292 20/01/2026]',8.337663,1.054302,4.914544,2.74228,4.605147E-10,4.610755E-10,5.684706,17.24929
'[19:08:21.300 20/01/2026]',6.253491,16.07495,6.487687,2.118485,4.314376E-10,4.610755E-10,12.9902,3.97849
'[19:08:21.308 20/01/2026]',-1.648268,-4.474618,-3.039865,-1.546953,4.640615E-10,4.610755E-10,-11.48645,-14.12487
'[19:08:21.316 20/01/2026]',-12.20384,-16.97776,-13.47512,-7.694179,4.760941E-10,4.610755E-10,-14.17311,-1.522643
'[19:08:21.324 20/01/2026]',7.412154,14.1003,14.57329,10.09576,4.871572E-10,4.610755E-10,23.01363,12.24899
'[19:08:21.332 20/01/2026]',-0.2658294,-0.3529704,-3.82895,-6.049583,4.793456E-10,4.610755E-10,-9.022721,-8.976321
'[19:08:21.340 20/01/2026]',-11.46638,-17.35645,-10.40262,-4.813417,4.304628E-10,4.610755E-10,-4.033949,1.707871
'[19:08:21.348 20/01/2026]',6.91165,15.92006,10.78108,5.413177,4.467805E-10,4.610755E-10,7.525023,-1.140281
'[19:08:21.356 20/01/2026]',38.5415,31.21545,15.76416,16.54561,4.799403E-10,4.610755E-10,-5.109525,5.329468
'[19:08:21.364 20/01/2026]',-38.57539,-43.71109,-24.7862,-24.67123,4.457335E-10,4.610755E-10,0.7772365,-2.098782
'[19:08:21.372 20/01/2026]',6.691117,17.68431,18.16443,19.38453,4.192397E-10,4.610755E-10,11.90961,2.940017
'[19:08:21.380 20/01/2026]',-5.521086,-6.829434,-12.74219,-13.42562,4.679162E-10,4.610755E-10,-22.39586,-11.35223
'[19:08:21.388 20/01/2026]',5.178719,0.8463342,0.6565421,-0.0870138,4.652659E-10,4.610755E-10,13.47134,9.17064
'[19:08:21.396 20/01/2026]',-4.24262,1.184767,2.031725,1.642962,4.818169E-10,4.610755E-10,-4.336559,-5.703196
'[19:08:21.404 20/01/2026]',-4.24262,1.184767,2.031725,1.642962,4.818169E-10,4.610755E-10,-4.336559,-5.703196
'[19:08:21.412 20/01/2026]',2.296806,-6.875133,0.9645634,3.450647,5.136577E-10,4.610755E-10,0.09521283,4.508992
'[19:08:21.420 20/01/2026]',2.296806,-6.875133,0.9645634,3.450647,5.136577E-10,4.610755E-10,0.09521283,4.508992
'[19:08:21.428 20/01/2026]',17.30913,28.03986,15.43161,13.75305,4.033134E-10,4.610755E-10,19.30653,13.49569
'[19:08:21.436 20/01/2026]',17.30913,28.03986,15.43161,13.75305,4.033134E-10,4.610755E-10,19.30653,13.49569
'[19:08:21.444 20/01/2026]',-17.81664,-18.52761,-15.93443,-13.56082,4.618483E-10,4.610755E-10,-19.46014,-12.91687
'[19:08:21.452 20/01/2026]',-17.81664,-18.52761,-15.93443,-13.56082,4.618483E-10,4.610755E-10,-19.46014,-12.91687
'[19:08:21.460 20/01/2026]',1.574764,-10.50108,-3.420836,-5.907762,4.848108E-10,4.610755E-10,-3.614569,-6.433761
'[19:08:21.468 20/01/2026]',1.574764,-10.50108,-3.420836,-5.907762,4.848108E-10,4.610755E-10,-3.614569,-6.433761
'[19:08:21.476 20/01/2026]',-0.7590005,6.291547,2.03954,1.929105,4.665439E-10,4.610755E-10,3.290346,7.931381
'[19:08:21.484 20/01/2026]',-0.7590005,6.291547,2.03954,1.929105,4.665439E-10,4.610755E-10,3.290346,7.931381
'[19:08:21.492 20/01/2026]',3.6,11.93358,10.85485,10.73736,4.164283E-10,4.610755E-10,9.29988,-0.7592092
'[19:08:21.500 20/01/2026]',3.6,11.93358,10.85485,10.73736,4.164283E-10,4.610755E-10,9.29988,-0.7592092
'[19:08:21.508 20/01/2026]',3.6,11.93358,10.85485,10.73736,4.164283E-10,4.610755E-10,9.29988,-0.7592092
'[19:08:21.516 20/01/2026]',3.6,11.93358,10.85485,10.73736,4.164283E-10,4.610755E-10,9.29988,-0.7592092
'[19:08:21.524 20/01/2026]',3.6,11.93358,10.85485,10.73736,4.164283E-10,4.610755E-10,9.29988,-0.7592092
'[19:08:21.532 20/01/2026]',3.6,11.93358,10.85485,10.73736,4.164283E-10,4.610755E-10,9.29988,-0.7592092
'[19:08:21.540 20/01/2026]',-0.472965,-10.63725,-9.255082,-5.7896,4.448824E-10,4.610755E-10,-5.970297,1.049166
'[19:08:21.548 20/01/2026]',-0.472965,-10.63725,-9.255082,-5.7896,4.448824E-10,4.610755E-10,-5.970297,1.049166
'[19:08:21.556 20/01/2026]',-0.472965,-10.63725,-9.255082,-5.7896,4.448824E-10,4.610755E-10,-5.970297,1.049166
'[19:08:21.564 20/01/2026]',-3.903477,-0.9328617,-1.436644,-5.154883,4.147328E-10,4.610755E-10,-2.34988,1.22964
'[19:08:21.572 20/01/2026]',-2.498043,-1.353168,0.3031915,-1.451382,4.786966E-10,4.610755E-10,-1.329796,-8.01515
'[19:08:21.580 20/01/2026]',9.91821,6.694554,7.324879,11.44175,4.323646E-10,4.610755E-10,6.849591,7.663229
'[19:08:21.588 20/01/2026]',3.416002,2.859603,-0.2703469,4.622467,4.578135E-10,4.610755E-10,0.499951,6.250255
'[19:08:21.596 20/01/2026]',3.416002,2.859603,-0.2703469,4.622467,4.578135E-10,4.610755E-10,0.499951,6.250255
'[19:08:21.604 20/01/2026]',-16.47398,-10.60877,-11.06864,-20.25901,4.671023E-10,4.610755E-10,-10.82714,-15.55501
'[19:08:21.612 20/01/2026]',6.050563,1.449144,4.519678,6.484963,4.378656E-10,4.610755E-10,6.539602,7.506459
'[19:08:21.620 20/01/2026]',6.050563,1.449144,4.519678,6.484963,4.378656E-10,4.610755E-10,6.539602,7.506459
'[19:08:21.628 20/01/2026]',6.050563,1.449144,4.519678,6.484963,4.378656E-10,4.610755E-10,6.539602,7.506459
'[19:08:21.636 20/01/2026]',5.273294,3.693869,4.16208,7.709066,4.043853E-10,4.610755E-10,1.532392,-0.4946365
'[19:08:21.644 20/01/2026]',5.273294,3.693869,4.16208,7.709066,4.043853E-10,4.610755E-10,1.532392,-0.4946365
'[19:08:21.652 20/01/2026]',-4.294181,-2.081311,-2.505165,-0.408287,4.440855E-10,4.610755E-10,-2.387449,1.562164
'[19:08:21.660 20/01/2026]',-4.294181,-2.081311,-2.505165,-0.408287,4.440855E-10,4.610755E-10,-2.387449,1.562164
'[19:08:21.668 20/01/2026]',-1.129219,-1.632375,-2.815039,-8.824821,5.131453E-10,4.610755E-10,-4.746171,-5.35864
'[19:08:21.676 20/01/2026]',-1.129219,-1.632375,-2.815039,-8.824821,5.131453E-10,4.610755E-10,-4.746171,-5.35864
'[19:08:21.684 20/01/2026]',-3.474218,-1.304151,-0.7353237,-6.223769,4.84848E-10,4.610755E-10,5.187639,-0.1405598
'[19:08:21.692 20/01/2026]',13.0998,5.574325,7.56481,21.69376,4.66754E-10,4.610755E-10,5.460007,11.28025
'[19:08:21.700 20/01/2026]',-6.299634,-3.108595,-4.655161,-10.46039,4.763098E-10,4.610755E-10,-9.14964,-7.703811
'[19:08:21.708 20/01/2026]',-7.649345,-4.018272,-2.99563,-9.411506,4.240459E-10,4.610755E-10,-1.646308,-6.436258
'[19:08:21.716 20/01/2026]',8.592569,5.938769,4.850305,11.86987,4.854488E-10,4.610755E-10,11.3597,9.900364
'[19:08:21.724 20/01/2026]',-0.4602661,0.6895253,0.5817041,-2.901954,4.561997E-10,4.610755E-10,-5.730859,-4.167123
'[19:08:21.732 20/01/2026]',-1.235486,-3.687015,-4.147755,-1.276972,3.612411E-10,4.610755E-10,-7.020061,-0.7038506
'[19:08:21.740 20/01/2026]',-10.93504,-2.110114,-1.182945,-6.287368,4.72365E-10,4.610755E-10,9.308113,-3.634851
'[19:08:21.748 20/01/2026]',15.01821,5.761097,4.865554,7.741837,5.01254E-10,4.610755E-10,-2.543167,0.4944492
'[19:08:21.756 20/01/2026]',-4.056797,-3.666699,-3.853635,2.589193,4.89299E-10,4.610755E-10,-4.312852,11.08109
'[19:08:21.764 20/01/2026]',-13.29471,-5.01947,-2.53962,-16.38326,4.555126E-10,4.610755E-10,3.116076,-18.31813
'[19:08:21.772 20/01/2026]',13.57953,7.61805,7.836144,16.35727,4.508343E-10,4.610755E-10,1.61369,8.780476
'[19:08:21.780 20/01/2026]',-4.654805,-3.596755,-6.460325,-5.35539,4.539097E-10,4.610755E-10,-6.350499,2.539072
'[19:08:21.788 20/01/2026]',2.842348,4.942461,7.300191,0.448137,4.75844E-10,4.610755E-10,13.37459,5.325747
'[19:08:21.796 20/01/2026]',-4.508913,-7.879764,-8.038007,-2.416513,4.628847E-10,4.610755E-10,-12.50688,-15.30163
'[19:08:21.804 20/01/2026]',10.52787,8.069316,7.278903,8.417409,4.92977E-10,4.610755E-10,2.494673,10.95723
'[19:08:21.812 20/01/2026]',-9.149238,-3.003455,-3.904405,-7.893361,4.660617E-10,4.610755E-10,0.05857569,-6.257872
'[19:08:21.820 20/01/2026]',-4.449784,-4.737653,-4.159896,0.8347193,4.909042E-10,4.610755E-10,6.522544,3.181846
'[19:08:21.828 20/01/2026]',10.16468,6.10744,6.281892,3.193847,4.84029E-10,4.610755E-10,-9.464283,3.997288
'[19:08:21.836 20/01/2026]',-4.775544,-0.9470612,0.4848417,-3.91505,4.247949E-10,4.610755E-10,2.261698,-6.050826
'[19:08:21.844 20/01/2026]',-3.637824,-6.049353,-7.261197,0.1500322,4.603738E-10,4.610755E-10,5.954969,-1.304527
'[19:08:21.852 20/01/2026]',5.776644,4.597816,4.244301,5.13158,4.634696E-10,4.610755E-10,-5.014264,6.484543
'[19:08:21.860 20/01/2026]',7.834682,8.536701,10.19575,1.656966,3.942121E-10,4.610755E-10,4.850963,1.646197
'[19:08:21.868 20/01/2026]',-18.22905,-12.22468,-13.53506,-9.750051,4.564695E-10,4.610755E-10,-2.157761,-4.265915
'[19:08:21.876 20/01/2026]',-1.549139,-8.679832,-10.0304,-7.382195,4.455724E-10,4.610755E-10,-17.13758,-15.53086
'[19:08:21.884 20/01/2026]',13.28731,15.74788,19.76371,12.11135,4.806467E-10,4.610755E-10,18.65549,14.98425
'[19:08:21.892 20/01/2026]',-1.914803,-1.415525,-3.402775,7.042481,4.100276E-10,4.610755E-10,1.526681,7.089862
'[19:08:21.900 20/01/2026]',2.037293,-3.03428,-2.72077,-4.165742,4.521864E-10,4.610755E-10,-6.051212,-3.178907
'[19:08:21.908 20/01/2026]',-11.40276,-4.853724,-4.41451,-15.45893,4.766959E-10,4.610755E-10,-3.621574,-13.70965
'[19:08:21.916 20/01/2026]',10.68228,7.992627,7.569259,17.78639,4.624435E-10,4.610755E-10,7.001456,5.682895
'[19:08:21.924 20/01/2026]',3.617646,2.895426,3.12298,4.808326,4.445495E-10,4.610755E-10,0.2891713,18.379
'[19:08:21.932 20/01/2026]',-17.60471,-11.65441,-10.99283,-21.27308,4.428393E-10,4.610755E-10,-3.742877,-22.76195
'[19:08:21.940 20/01/2026]',8.949949,3.162222,5.07438,9.080834,4.547633E-10,4.610755E-10,1.738474,4.8184
'[19:08:21.948 20/01/2026]',0.7766922,7.340689,3.416708,5.327489,4.629929E-10,4.610755E-10,-4.243851,7.423237
'[19:08:21.956 20/01/2026]',-7.900561,-11.1314,-9.653946,-11.93188,4.342584E-10,4.610755E-10,2.330396,-12.85331
'[19:08:21.964 20/01/2026]',5.218083,5.608821,8.875856,6.490304,4.112808E-10,4.610755E-10,4.656926,6.865272
'[19:08:21.972 20/01/2026]',2.875147,-0.1265505,-4.973011,3.155583,4.484041E-10,4.610755E-10,-11.57496,3.655285
'[19:08:21.980 20/01/2026]',-13.23764,-10.68308,-7.594162,-14.5619,4.358574E-10,4.610755E-10,1.033869,-17.62205
'[19:08:21.988 20/01/2026]',19.67855,21.28184,19.98919,23.01212,4.647211E-10,4.610755E-10,19.45937,25.66225
'[19:08:21.996 20/01/2026]',-7.850787,-12.41163,-12.36733,-13.90139,4.622806E-10,4.610755E-10,-17.01911,-10.6264
'[19:08:22.004 20/01/2026]',-7.049634,-5.97917,-4.477117,-5.533456,4.367114E-10,4.610755E-10,-2.731615,-10.5884
'[19:08:22.012 20/01/2026]',-7.049634,-5.97917,-4.477117,-5.533456,4.367114E-10,4.610755E-10,-2.731615,-10.5884
'[19:08:22.020 20/01/2026]',-7.049634,-5.97917,-4.477117,-5.533456,4.367114E-10,4.610755E-10,-2.731615,-10.5884
'[19:08:22.028 20/01/2026]',8.080904,8.246371,7.457446,14.33501,4.665274E-10,4.610755E-10,8.733711,13.5975
'[19:08:22.036 20/01/2026]',8.080904,8.246371,7.457446,14.33501,4.665274E-10,4.610755E-10,8.733711,13.5975
'[19:08:22.044 20/01/2026]',8.080904,8.246371,7.457446,14.33501,4.665274E-10,4.610755E-10,8.733711,13.5975
'[19:08:22.052 20/01/2026]',8.080904,8.246371,7.457446,14.33501,4.665274E-10,4.610755E-10,8.733711,13.5975
'[19:08:22.060 20/01/2026]',8.080904,8.246371,7.457446,14.33501,4.665274E-10,4.610755E-10,8.733711,13.5975
'[19:08:22.068 20/01/2026]',-2.83808,-0.02634801,-1.242649,-7.339538,4.975085E-10,4.610755E-10,-3.556795,-6.338381
'[19:08:22.076 20/01/2026]',-0.4749515,0.891045,-1.242437,-3.668928,4.776429E-10,4.610755E-10,2.747454,1.243923
'[19:08:22.084 20/01/2026]',1.868091,-0.4974991,1.91105,4.792507,4.753832E-10,4.610755E-10,-3.707797,-1.988906
'[19:08:22.092 20/01/2026]',-7.14115,-7.8662,-5.008108,-2.207224,4.283849E-10,4.610755E-10,-4.125625,-2.038679
'[19:08:22.100 20/01/2026]',0.1062499,-1.515995,-4.221793,-8.27707,4.321927E-10,4.610755E-10,-0.07544913,-3.250497
'[19:08:22.108 20/01/2026]',17.74737,21.08215,19.75995,20.73306,4.32187E-10,4.610755E-10,18.40792,18.62758
'[19:08:22.116 20/01/2026]',17.74737,21.08215,19.75995,20.73306,4.32187E-10,4.610755E-10,18.40792,18.62758
'[19:08:22.124 20/01/2026]',17.74737,21.08215,19.75995,20.73306,4.32187E-10,4.610755E-10,18.40792,18.62758
'[19:08:22.132 20/01/2026]',-16.32646,-20.95119,-18.91527,-15.03912,4.610755E-10,4.610755E-10,-22.33651,-17.69933
'[19:08:22.140 20/01/2026]',-16.32646,-20.95119,-18.91527,-15.03912,4.610755E-10,4.610755E-10,-22.33651,-17.69933
'[19:08:22.148 20/01/2026]',-2.262068,1.709013,2.079642,-1.352942,4.610755E-10,4.610755E-10,3.551803,3.498665
'[19:08:22.156 20/01/2026]',-2.262068,1.709013,2.079642,-1.352942,4.610755E-10,4.610755E-10,3.551803,3.498665
'[19:08:22.164 20/01/2026]',-2.262068,1.709013,2.079642,-1.352942,4.610755E-10,4.610755E-10,3.551803,3.498665
'[19:08:22.172 20/01/2026]',9.425315,5.676603,3.875846,3.492406,4.610755E-10,4.610755E-10,4.851819,-3.341783
'[19:08:22.180 20/01/2026]',9.425315,5.676603,3.875846,3.492406,4.610755E-10,4.610755E-10,4.851819,-3.341783
'[19:08:22.188 20/01/2026]',9.16037,4.421365,6.837801,12.64834,4.610755E-10,4.610755E-10,7.161859,17.91796
'[19:08:22.196 20/01/2026]',9.16037,4.421365,6.837801,12.64834,4.610755E-10,4.610755E-10,7.161859,17.91796
'[19:08:22.204 20/01/2026]',9.16037,4.421365,6.837801,12.64834,4.610755E-10,4.610755E-10,7.161859,17.91796
'[19:08:22.212 20/01/2026]',9.16037,4.421365,6.837801,12.64834,4.610755E-10,4.610755E-10,7.161859,17.91796
'[19:08:22.220 20/01/2026]',-19.05298,-6.065032,-6.544076,-17.45989,4.610755E-10,4.610755E-10,-7.9195,-9.701736
'[19:08:22.228 20/01/2026]',-0.3939621,-3.251697,-6.405149,-0.7639245,4.610755E-10,4.610755E-10,-7.515198,-21.89223
'[19:08:22.236 20/01/2026]',13.16836,6.056269,7.656995,11.98616,4.610755E-10,4.610755E-10,14.44462,30.76901
'[19:08:22.244 20/01/2026]',13.16836,6.056269,7.656995,11.98616,4.610755E-10,4.610755E-10,14.44462,30.76901
'[19:08:22.252 20/01/2026]',-8.293523,-4.312556,-2.159059,-6.845198,4.610755E-10,4.610755E-10,-10.39822,-10.38227
'[19:08:22.260 20/01/2026]',-6.179629,1.279076,-0.7855784,-6.796399,4.610755E-10,4.610755E-10,0.1247535,-15.62944
'[19:08:22.268 20/01/2026]',8.705325,1.389192,2.773107,12.67269,4.610755E-10,4.610755E-10,9.235948,23.44153
'[19:08:22.276 20/01/2026]',8.148165,1.419712,-0.02399414,3.25167,4.610755E-10,4.610755E-10,-2.829964,-2.32867
'[19:08:22.284 20/01/2026]',-18.13843,-10.89928,-9.509505,-24.28098,4.610755E-10,4.610755E-10,-18.02517,-26.96235
'[19:08:22.292 20/01/2026]',14.36349,16.61501,17.43225,28.29895,4.610755E-10,4.610755E-10,28.86146,34.71894
'[19:08:22.300 20/01/2026]',0.337182,-6.458583,-9.772436,-5.160748,4.610755E-10,4.610755E-10,-5.314771,-3.464404
'[19:08:22.308 20/01/2026]',-4.605997,-7.07963,-4.845448,-11.18966,4.610755E-10,4.610755E-10,-24.48927,-24.31629
'[19:08:22.316 20/01/2026]',-0.5554855,7.72468,9.132305,6.94697,4.610755E-10,4.610755E-10,23.11741,16.35796
'[19:08:22.324 20/01/2026]',-1.225962,-5.931169,-6.16674,0.6475206,4.610755E-10,4.610755E-10,1.025241,8.69313
'[19:08:22.332 20/01/2026]',2.960299,4.326534,1.881399,-2.430715,4.610755E-10,4.610755E-10,-14.00673,-17.43318
'[19:08:22.340 20/01/2026]',-5.659367,0.4375959,0.08716717,-4.439733,4.610755E-10,4.610755E-10,1.534955,-2.253578
'[19:08:22.348 20/01/2026]',10.32555,-1.092474,2.378399,8.811275,4.610755E-10,4.610755E-10,16.77538,23.5078
'[19:08:22.356 20/01/2026]',-8.630639,-2.068679,-3.469387,-5.274946,4.610755E-10,4.610755E-10,-12.68402,-18.41862
'[19:08:22.364 20/01/2026]',1.030558,3.043612,-0.8908833,-0.042101,4.610755E-10,4.610755E-10,-7.285738,-2.866121
'[19:08:22.372 20/01/2026]',3.115909,1.956513,7.653165,3.959917,4.610755E-10,4.610755E-10,19.37356,17.97109
'[19:08:22.380 20/01/2026]',-8.027544,-9.742949,-12.0618,-10.78907,4.610755E-10,4.610755E-10,-15.98771,-22.84703
'[19:08:22.388 20/01/2026]',16.30276,14.69907,11.45968,17.93069,4.610755E-10,4.610755E-10,7.356466,19.41563
'[19:08:22.396 20/01/2026]',-22.65101,-23.39056,-12.08091,-18.06278,4.610755E-10,4.610755E-10,-7.139008,-9.519549
'[19:08:22.404 20/01/2026]',10.28466,20.28708,9.806919,4.69618,4.610755E-10,4.610755E-10,12.13839,-4.273715
'[19:08:22.412 20/01/2026]',10.57926,6.290303,2.08044,12.22999,4.610755E-10,4.610755E-10,-7.806734,10.90819
'[19:08:22.420 20/01/2026]',-15.55023,-20.5722,-11.42156,-15.24126,4.610755E-10,4.610755E-10,-4.141199,-10.3241
'[19:08:22.428 20/01/2026]',0.5169194,6.372393,4.331589,-0.1223016,4.610755E-10,4.610755E-10,7.872579,3.617548
'[19:08:22.436 20/01/2026]',8.733333,8.026193,5.853608,9.500482,4.610755E-10,4.610755E-10,-3.040141,2.055668
'[19:08:22.444 20/01/2026]',-4.905845,-6.213933,-5.331227,-5.072315,4.610755E-10,4.610755E-10,0.1046652,-4.108261
'[19:08:22.452 20/01/2026]',-6.374961,-6.664598,-5.619516,-4.009276,4.610755E-10,4.610755E-10,-2.243963,-0.1270834
'[19:08:22.460 20/01/2026]',8.257848,10.89945,9.358726,8.621723,4.610755E-10,4.610755E-10,2.020763,4.290061
'[19:08:22.468 20/01/2026]',-4.001019,-5.608425,-3.632033,-8.378007,4.610755E-10,4.610755E-10,-1.548684,-4.287974
'[19:08:22.476 20/01/2026]',6.798633,1.953783,1.294442,7.466373,4.610755E-10,4.610755E-10,5.940511,6.508211
'[19:08:22.484 20/01/2026]',-4.069314,-1.742464,-1.032852,1.207909,4.610755E-10,4.610755E-10,-4.799908,-2.673079
'[19:08:22.492 20/01/2026]',1.093687,4.194875,3.111813,-4.595982,4.610755E-10,4.610755E-10,2.300208,-1.099197
'[19:08:22.500 20/01/2026]',-5.722844,-4.691315,-6.245054,-7.587989,4.610755E-10,4.610755E-10,-2.862792,-5.078499
'[19:08:22.508 20/01/2026]',12.62527,11.12019,12.52508,20.88461,4.610755E-10,4.610755E-10,11.31671,16.31543
'[19:08:22.516 20/01/2026]',-14.35738,-17.69476,-16.13203,-16.67263,4.610755E-10,4.610755E-10,-17.52179,-13.57236
'[19:08:22.524 20/01/2026]',2.932483,6.233801,4.274478,-1.88908,4.610755E-10,4.610755E-10,1.570869,-6.082821
'[19:08:22.532 20/01/2026]',0.2460211,4.006279,2.441695,4.852742,4.610755E-10,4.610755E-10,11.71378,7.505276
'[19:08:22.540 20/01/2026]',15.31329,3.946833,6.343441,11.84762,4.610755E-10,4.610755E-10,-0.1144597,14.01552
'[19:08:22.548 20/01/2026]',-20.22639,-7.575563,-8.168787,-16.46732,4.610755E-10,4.610755E-10,-9.938419,-15.02671
'[19:08:22.556 20/01/2026]',6.025718,0.04264168,-4.282639,1.840415,4.610755E-10,4.610755E-10,2.996422,-6.874864
'[19:08:22.564 20/01/2026]',12.15095,9.064466,11.0007,15.09452,4.610755E-10,4.610755E-10,5.451659,24.43095
'[19:08:22.572 20/01/2026]',-14.9769,-10.08774,-5.930979,-15.08463,4.610755E-10,4.610755E-10,-7.48021,-19.57314
'[19:08:22.580 20/01/2026]',3.024481,-0.296211,-0.1390175,2.22858,4.610755E-10,4.610755E-10,4.905108,-0.527769
'[19:08:22.588 20/01/2026]',3.024481,-0.296211,-0.1390175,2.22858,4.610755E-10,4.610755E-10,4.905108,-0.527769
'[19:08:22.596 20/01/2026]',3.024481,-0.296211,-0.1390175,2.22858,4.610755E-10,4.610755E-10,4.905108,-0.527769
'[19:08:22.604 20/01/2026]',3.024481,-0.296211,-0.1390175,2.22858,4.610755E-10,4.610755E-10,4.905108,-0.527769
'[19:08:22.612 20/01/2026]',3.151399,3.941414,0.1237745,5.232995,4.610755E-10,4.610755E-10,-1.245703,16.23747
'[19:08:22.620 20/01/2026]',3.151399,3.941414,0.1237745,5.232995,4.610755E-10,4.610755E-10,-1.245703,16.23747
'[19:08:22.628 20/01/2026]',-3.060065,-0.2933615,3.017378,-6.384377,4.610755E-10,4.610755E-10,-3.343028,-18.57655
'[19:08:22.636 20/01/2026]',-3.060065,-0.2933615,3.017378,-6.384377,4.610755E-10,4.610755E-10,-3.343028,-18.57655
'[19:08:22.644 20/01/2026]',0.2505361,-3.128081,-3.426982,1.822474,4.610755E-10,4.610755E-10,5.172638,6.769584
'[19:08:22.652 20/01/2026]',0.2505361,-3.128081,-3.426982,1.822474,4.610755E-10,4.610755E-10,5.172638,6.769584
'[19:08:22.660 20/01/2026]',0.3691636,0.4114107,-3.722214,1.38358,4.610755E-10,4.610755E-10,-7.506298,2.765201
'[19:08:22.668 20/01/2026]',0.3691636,0.4114107,-3.722214,1.38358,4.610755E-10,4.610755E-10,-7.506298,2.765201
'[19:08:22.676 20/01/2026]',-3.681599,-6.297894,5.746881,-4.095225,4.610755E-10,4.610755E-10,3.178046,-6.007079
'[19:08:22.684 20/01/2026]',-3.681599,-6.297894,5.746881,-4.095225,4.610755E-10,4.610755E-10,3.178046,-6.007079
'[19:08:22.692 20/01/2026]',-3.681599,-6.297894,5.746881,-4.095225,4.610755E-10,4.610755E-10,3.178046,-6.007079
'[19:08:22.700 20/01/2026]',-3.681599,-6.297894,5.746881,-4.095225,4.610755E-10,4.610755E-10,3.178046,-6.007079
'[19:08:22.708 20/01/2026]',7.418455,14.95705,1.214905,5.396342,4.610755E-10,4.610755E-10,4.45836,4.003197
'[19:08:22.716 20/01/2026]',7.418455,14.95705,1.214905,5.396342,4.610755E-10,4.610755E-10,4.45836,4.003197
'[19:08:22.724 20/01/2026]',0.8485327,-3.69659,-0.6832213,1.557375,4.610755E-10,4.610755E-10,-2.086559,3.117654
'[19:08:22.732 20/01/2026]',-13.82022,-13.43533,-9.207636,-11.07008,4.610755E-10,4.610755E-10,-9.474508,-9.152304
'[19:08:22.740 20/01/2026]',-18.54473,-11.50686,-4.11368,2.955386,4.610755E-10,4.610755E-10,14.99501,11.18608
'[19:08:22.748 20/01/2026]',-18.54473,-11.50686,-4.11368,2.955386,4.610755E-10,4.610755E-10,14.99501,11.18608
'[19:08:22.756 20/01/2026]',46.98872,42.94569,22.83246,9.869959,4.610755E-10,4.610755E-10,-4.500296,-7.539956
'[19:08:22.764 20/01/2026]',46.98872,42.94569,22.83246,9.869959,4.610755E-10,4.610755E-10,-4.500296,-7.539956
'[19:08:22.772 20/01/2026]',20.116,7.163989,1.22681,3.375806,4.610755E-10,4.610755E-10,-7.637744,0.2033628
'[19:08:22.780 20/01/2026]',20.116,7.163989,1.22681,3.375806,4.610755E-10,4.610755E-10,-7.637744,0.2033628
'[19:08:22.788 20/01/2026]',20.116,7.163989,1.22681,3.375806,4.610755E-10,4.610755E-10,-7.637744,0.2033628
'[19:08:22.796 20/01/2026]',20.116,7.163989,1.22681,3.375806,4.610755E-10,4.610755E-10,-7.637744,0.2033628
'[19:08:22.804 20/01/2026]',20.116,7.163989,1.22681,3.375806,4.610755E-10,4.610755E-10,-7.637744,0.2033628
'[19:08:22.812 20/01/2026]',-61.0519,-49.79125,-24.35011,-18.21411,4.610755E-10,4.610755E-10,1.973275,-0.9290444
'[19:08:22.820 20/01/2026]',8.360244,10.63812,5.204197,4.747123,4.610755E-10,4.610755E-10,7.621473,0.2315126
'[19:08:22.828 20/01/2026]',30.20114,26.23953,15.39333,13.04141,4.610755E-10,4.610755E-10,-5.334281,4.125525
'[19:08:22.836 20/01/2026]',30.20114,26.23953,15.39333,13.04141,4.610755E-10,4.610755E-10,-5.334281,4.125525
'[19:08:22.844 20/01/2026]',-17.40383,-15.08742,-8.663669,-11.72707,4.610755E-10,4.610755E-10,1.060419,2.069582
'[19:08:22.852 20/01/2026]',-17.40383,-15.08742,-8.663669,-11.72707,4.610755E-10,4.610755E-10,1.060419,2.069582
'[19:08:22.860 20/01/2026]',-9.425868,-10.62497,-6.665165,-3.896473,4.610755E-10,4.610755E-10,-2.250091,-11.73238
'[19:08:22.868 20/01/2026]',13.86294,14.3815,7.845819,13.42866,4.610755E-10,4.610755E-10,3.191426,6.63035
'[19:08:22.876 20/01/2026]',-5.064274,-6.382668,-3.211503,-10.47593,4.610755E-10,4.610755E-10,-6.643801,2.52099
'[19:08:22.884 20/01/2026]',-5.227914,-3.190338,-0.7663953,-3.709553,4.610755E-10,4.610755E-10,3.956629,-8.592976
'[19:08:22.892 20/01/2026]',16.39477,11.76832,7.988046,19.74779,4.610755E-10,4.610755E-10,9.5643,13.68298
'[19:08:22.900 20/01/2026]',-22.25167,-18.68366,-15.51898,-23.71746,4.610755E-10,4.610755E-10,-20.88437,-13.64483
'[19:08:22.908 20/01/2026]',1.587785,8.743269,8.735836,4.720274,4.610755E-10,4.610755E-10,9.667743,-5.706758
'[19:08:22.916 20/01/2026]',20.75108,8.951444,5.646388,14.49408,4.610755E-10,4.610755E-10,9.345544,23.90765
'[19:08:22.924 20/01/2026]',-18.72647,-16.00825,-14.43215,-20.43354,4.610755E-10,4.610755E-10,-20.1165,-24.57217
'[19:08:22.932 20/01/2026]',-3.331875,2.305702,6.850392,3.140763,4.610755E-10,4.610755E-10,10.47616,3.298673
'[19:08:22.940 20/01/2026]',14.40002,12.18327,5.893407,16.02847,4.610755E-10,4.610755E-10,6.681368,14.26534
'[19:08:22.948 20/01/2026]',-6.583453,-11.4241,-8.320068,-10.84847,4.610755E-10,4.610755E-10,-10.35216,-9.750592
'[19:08:22.956 20/01/2026]',-1.460633,-0.5838443,0.6894636,-3.943494,4.610755E-10,4.610755E-10,0.002812265,-2.504259
'[19:08:22.964 20/01/2026]',1.37033,4.760221,1.250379,4.545275,4.610755E-10,4.610755E-10,3.962536,3.305083
'[19:08:22.972 20/01/2026]',12.97645,10.8492,13.45004,13.68379,4.610755E-10,4.610755E-10,9.511175,11.94103
'[19:08:22.980 20/01/2026]',-10.68095,-9.703058,-11.07893,-10.77947,4.610755E-10,4.610755E-10,-7.951772,-7.830436
'[19:08:22.988 20/01/2026]',-7.771351,-5.967262,-7.590964,-8.366241,4.610755E-10,4.610755E-10,-7.609726,-10.91995
'[19:08:22.996 20/01/2026]',11.23643,9.58704,11.50147,7.917982,4.610755E-10,4.610755E-10,9.302519,10.86284
'[19:08:23.004 20/01/2026]',-1.419574,-4.921426,-3.131404,0.3506344,4.610755E-10,4.610755E-10,-2.828906,0.5511704
'[19:08:23.012 20/01/2026]',-11.41215,-3.597433,-4.738247,-8.590926,4.610755E-10,4.610755E-10,-1.900176,-7.617108
'[19:08:23.020 20/01/2026]',14.39182,11.71115,9.726215,13.00134,4.610755E-10,4.610755E-10,5.516986,5.185614
'[19:08:23.028 20/01/2026]',-15.46851,-17.50157,-14.61782,-17.38675,4.610755E-10,4.610755E-10,-12.63589,-10.76034
'[19:08:23.036 20/01/2026]',6.763183,7.520691,8.246294,11.0179,4.610755E-10,4.610755E-10,9.725751,9.844955
'[19:08:23.044 20/01/2026]',5.94684,10.46782,4.35766,3.340322,4.610755E-10,4.610755E-10,0.2610055,0.978641
'[19:08:23.052 20/01/2026]',-16.01304,-17.07721,-10.61015,-15.37838,4.610755E-10,4.610755E-10,-8.559009,-6.775216
'[19:08:23.060 20/01/2026]',16.42135,10.22757,9.126652,19.22504,4.610755E-10,4.610755E-10,14.42079,7.829222
'[19:08:23.068 20/01/2026]',19.48861,16.05642,14.48344,13.82638,4.610755E-10,4.610755E-10,4.568523,20.48322
'[19:08:23.076 20/01/2026]',-43.27655,-27.81983,-26.82333,-43.28278,4.610755E-10,4.610755E-10,-22.30886,-39.64312
'[19:08:23.084 20/01/2026]',10.38882,5.070011,7.302892,17.38412,4.610755E-10,4.610755E-10,10.2004,9.365511
'[19:08:23.092 20/01/2026]',17.38271,9.214165,6.945517,15.65469,4.610755E-10,4.610755E-10,0.4384378,15.61317
'[19:08:23.100 20/01/2026]',-5.207776,2.428447,-0.630869,-10.02143,4.610755E-10,4.610755E-10,9.876512,-1.783881
'[19:08:23.108 20/01/2026]',-11.33216,-14.64238,-10.1587,-11.23831,4.610755E-10,4.610755E-10,-14.84744,-13.82497
'[19:08:23.116 20/01/2026]',8.615804,7.782845,7.614509,15.39364,4.610755E-10,4.610755E-10,2.699567,11.9169
'[19:08:23.124 20/01/2026]',0.4457827,3.22019,0.07853756,-4.320358,4.610755E-10,4.610755E-10,7.142024,-2.014461
'[19:08:23.132 20/01/2026]',2.535026,1.428647,3.073268,1.007165,4.610755E-10,4.610755E-10,0.1545794,-1.546563
'[19:08:23.140 20/01/2026]',-1.807098,-10.53225,-7.515284,-1.684322,4.610755E-10,4.610755E-10,-11.63606,0.2468267
'[19:08:23.148 20/01/2026]',-4.757777,6.185078,0.8855346,-5.166218,4.610755E-10,4.610755E-10,9.72881,-2.991741
'[19:08:23.156 20/01/2026]',6.241283,4.041721,6.568604,9.132852,4.610755E-10,4.610755E-10,2.917398,5.108643
'[19:08:23.164 20/01/2026]',3.103914,-0.4021327,-1.170742,2.582119,4.610755E-10,4.610755E-10,-4.930397,2.754653
'[19:08:23.172 20/01/2026]',-5.602797,-5.118187,-4.245376,-8.658936,4.610755E-10,4.610755E-10,-0.2563841,-5.20803
'[19:08:23.180 20/01/2026]',6.211462,8.496436,9.714511,10.10334,4.610755E-10,4.610755E-10,8.917279,9.440773
'[19:08:23.188 20/01/2026]',-31.73164,-28.57245,-32.05251,-32.77134,4.610755E-10,4.610755E-10,-35.43226,-36.79277
'[19:08:23.196 20/01/2026]',-31.73164,-28.57245,-32.05251,-32.77134,4.610755E-10,4.610755E-10,-35.43226,-36.79277
'[19:08:23.204 20/01/2026]',40.66319,33.41793,36.68964,38.54882,4.610755E-10,4.610755E-10,43.12445,43.08766
'[19:08:23.212 20/01/2026]',-3.915359,0.2992008,0.3089356,1.081867,4.610755E-10,4.610755E-10,-5.279196,-1.245752
'[19:08:23.220 20/01/2026]',-21.86195,-21.90612,-24.618,-27.30576,4.610755E-10,4.610755E-10,-25.02101,-29.57347
'[19:08:23.228 20/01/2026]',-21.86195,-21.90612,-24.618,-27.30576,4.610755E-10,4.610755E-10,-25.02101,-29.57347
'[19:08:23.236 20/01/2026]',-21.86195,-21.90612,-24.618,-27.30576,4.610755E-10,4.610755E-10,-25.02101,-29.57347
'[19:08:23.244 20/01/2026]',4.527789,-1.383459,2.05167,5.711031,4.610755E-10,4.610755E-10,10.50953,11.36928
'[19:08:23.252 20/01/2026]',-0.9398316,8.964428,6.992021,2.852567,4.610755E-10,4.610755E-10,0.2698372,5.562154
'[19:08:23.260 20/01/2026]',-0.9398316,8.964428,6.992021,2.852567,4.610755E-10,4.610755E-10,0.2698372,5.562154
'[19:08:23.268 20/01/2026]',-0.9398316,8.964428,6.992021,2.852567,4.610755E-10,4.610755E-10,0.2698372,5.562154
'[19:08:23.276 20/01/2026]',9.873806,2.4358,5.849873,6.127752,4.610755E-10,4.610755E-10,2.355387,-8.019008
'[19:08:23.284 20/01/2026]',8.53143,4.538568,0.3867509,9.415151,4.610755E-10,4.610755E-10,9.64115,22.49656
'[19:08:23.292 20/01/2026]',8.53143,4.538568,0.3867509,9.415151,4.610755E-10,4.610755E-10,9.64115,22.49656
'[19:08:23.300 20/01/2026]',8.53143,4.538568,0.3867509,9.415151,4.610755E-10,4.610755E-10,9.64115,22.49656
'[19:08:23.308 20/01/2026]',-20.63947,-8.984828,-7.750343,-19.36494,4.610755E-10,4.610755E-10,-15.56825,-21.77426
'[19:08:23.316 20/01/2026]',-20.63947,-8.984828,-7.750343,-19.36494,4.610755E-10,4.610755E-10,-15.56825,-21.77426
'[19:08:23.324 20/01/2026]',-5.268634,-8.566632,-8.508615,-8.732162,4.610755E-10,4.610755E-10,-5.577871,-17.37539
'[19:08:23.332 20/01/2026]',-5.268634,-8.566632,-8.508615,-8.732162,4.610755E-10,4.610755E-10,-5.577871,-17.37539
'[19:08:23.340 20/01/2026]',-5.268634,-8.566632,-8.508615,-8.732162,4.610755E-10,4.610755E-10,-5.577871,-17.37539
'[19:08:23.348 20/01/2026]',-5.268634,-8.566632,-8.508615,-8.732162,4.610755E-10,4.610755E-10,-5.577871,-17.37539
'[19:08:23.356 20/01/2026]',25.37073,19.50622,20.55626,28.66367,4.610755E-10,4.610755E-10,26.30725,45.62938
'[19:08:23.364 20/01/2026]',25.37073,19.50622,20.55626,28.66367,4.610755E-10,4.610755E-10,26.30725,45.62938
'[19:08:23.372 20/01/2026]',25.37073,19.50622,20.55626,28.66367,4.610755E-10,4.610755E-10,26.30725,45.62938
'[19:08:23.380 20/01/2026]',25.37073,19.50622,20.55626,28.66367,4.610755E-10,4.610755E-10,26.30725,45.62938
'[19:08:23.388 20/01/2026]',-27.71194,-21.03978,-22.02714,-24.69658,4.610755E-10,4.610755E-10,-29.21234,-36.14698
'[19:08:23.396 20/01/2026]',19.50769,19.08996,18.21132,14.72436,4.610755E-10,4.610755E-10,14.20799,7.803289
'[19:08:23.404 20/01/2026]',-0.6611152,-9.664067,-7.775755,-3.512486,4.610755E-10,4.610755E-10,2.773738,11.25001
'[19:08:23.412 20/01/2026]',-10.16037,-0.967813,-3.630805,-2.132922,4.610755E-10,4.610755E-10,-3.866228,-3.488223
'[19:08:23.420 20/01/2026]',4.686069,4.007798,4.595149,0.9248931,4.610755E-10,4.610755E-10,-4.663593,-10.91012
'[19:08:23.428 20/01/2026]',1.555066,-2.391135,0.2877389,0.9962589,4.610755E-10,4.610755E-10,5.642995,6.410419
'[19:08:23.436 20/01/2026]',-0.05595259,1.518233,-0.9414815,1.527583,4.610755E-10,4.610755E-10,1.967254,7.000024
'[19:08:23.444 20/01/2026]',-6.372555,-4.898789,-6.364748,-9.205648,4.610755E-10,4.610755E-10,-8.361547,-9.885794
'[19:08:23.452 20/01/2026]',10.9542,7.962717,11.67454,11.67462,4.610755E-10,4.610755E-10,6.234351,3.894992
'[19:08:23.460 20/01/2026]',-5.881354,-2.392077,-4.467703,-5.706695,4.610755E-10,4.610755E-10,2.07375,0.9162512
'[19:08:23.468 20/01/2026]',2.222584,-1.214861,-1.86586,1.797723,4.610755E-10,4.610755E-10,-1.578504,1.828305
'[19:08:23.476 20/01/2026]',-5.138891,-4.503124,-0.3674011,-1.011961,4.610755E-10,4.610755E-10,-7.291192,-5.470928
'[19:08:23.484 20/01/2026]',-0.3501734,0.05753987,-3.305285,-6.625323,4.610755E-10,4.610755E-10,2.164037,-0.08437876
'[19:08:23.492 20/01/2026]',8.897642,10.57191,12.26664,13.32796,4.610755E-10,4.610755E-10,11.00501,10.14263
'[19:08:23.500 20/01/2026]',-11.02623,-14.49669,-13.73882,-7.49309,4.610755E-10,4.610755E-10,-12.88474,-12.01039
'[19:08:23.508 20/01/2026]',10.24489,6.969961,7.502588,2.678108,4.610755E-10,4.610755E-10,8.063921,8.733083
'[19:08:23.516 20/01/2026]',-2.586901,6.892441,4.559597,-0.7942337,4.610755E-10,4.610755E-10,3.627289,2.566206
'[19:08:23.524 20/01/2026]',-3.937854,-12.83723,-11.98482,-0.202837,4.610755E-10,4.610755E-10,-14.44949,-17.53918
'[19:08:23.532 20/01/2026]',7.200242,8.174714,11.18582,2.365282,4.610755E-10,4.610755E-10,12.74989,22.89295
'[19:08:23.540 20/01/2026]',-9.717854,0.2340136,-4.859405,-8.86669,4.610755E-10,4.610755E-10,-3.718729,-18.2326
'[19:08:23.548 20/01/2026]',14.9899,5.805234,8.032774,19.55986,4.610755E-10,4.610755E-10,7.3378,17.14036
'[19:08:23.556 20/01/2026]',-24.43326,-21.63738,-19.33857,-26.84563,4.610755E-10,4.610755E-10,-20.37028,-18.68228
'[19:08:23.564 20/01/2026]',20.10427,20.984,18.53053,18.23062,4.610755E-10,4.610755E-10,16.82887,5.414928
'[19:08:23.572 20/01/2026]',-2.55986,-3.888971,-4.739314,1.86476,4.610755E-10,4.610755E-10,3.241924,12.14637
'[19:08:23.580 20/01/2026]',-2.948747,-4.204558,-3.341464,-9.870797,4.610755E-10,4.610755E-10,-13.9682,-10.80678
'[19:08:23.588 20/01/2026]',1.358256,2.040643,4.123412,3.600479,4.610755E-10,4.610755E-10,7.640542,-2.222478
'[19:08:23.596 20/01/2026]',-3.191286,-0.6753209,-4.054091,1.233021,4.610755E-10,4.610755E-10,0.0760102,5.315959
'[19:08:23.604 20/01/2026]',-1.334904,0.8742778,1.474707,-2.587745,4.610755E-10,4.610755E-10,-3.748176,-2.902876
'[19:08:23.612 20/01/2026]',4.887127,-3.141807,2.168607,1.207072,4.610755E-10,4.610755E-10,4.236429,-0.02648651
'[19:08:23.620 20/01/2026]',-0.6832438,0.6640159,-1.051869,2.286526,4.610755E-10,4.610755E-10,-2.707382,5.142956
'[19:08:23.628 20/01/2026]',0.08848751,10.03368,4.348464,-0.3856522,4.610755E-10,4.610755E-10,6.225152,-3.301693
'[19:08:23.636 20/01/2026]',-8.148849,-19.77876,-14.19809,-9.132157,4.610755E-10,4.610755E-10,-11.61821,-7.158727
'[19:08:23.644 20/01/2026]',3.324485,6.365857,5.21881,4.718177,4.610755E-10,4.610755E-10,0.8735661,5.368365
'[19:08:23.652 20/01/2026]',10.07296,12.44669,10.28146,14.69326,4.610755E-10,4.610755E-10,11.38543,7.554658
'[19:08:23.660 20/01/2026]',-10.48993,-8.377699,-6.161242,-15.63713,4.610755E-10,4.610755E-10,-6.921223,-13.34017
'[19:08:23.668 20/01/2026]',-12.72107,-11.75592,-12.63831,-16.93822,4.610755E-10,4.610755E-10,-13.49716,-9.188634
'[19:08:23.676 20/01/2026]',24.86948,18.62515,18.33329,33.12587,4.610755E-10,4.610755E-10,22.28649,27.48205
'[19:08:23.684 20/01/2026]',-16.52154,-6.281309,-6.999817,-20.35539,4.610755E-10,4.610755E-10,-9.584448,-21.20126
'[19:08:23.692 20/01/2026]',2.928809,-7.220482,-3.355597,5.880102,4.610755E-10,4.610755E-10,-7.645234,-3.6677
'[19:08:23.700 20/01/2026]',10.46257,6.481501,2.509777,6.444734,4.610755E-10,4.610755E-10,10.8128,23.68454
'[19:08:23.708 20/01/2026]',-13.79456,4.426535,3.358979,-19.10151,4.610755E-10,4.610755E-10,-3.285326,-17.31281
'[19:08:23.716 20/01/2026]',5.409327,-8.097898,-2.233561,17.21534,4.610755E-10,4.610755E-10,-2.301494,-4.18131
'[19:08:23.724 20/01/2026]',-1.853359,-2.833419,-7.23775,-4.073098,4.610755E-10,4.610755E-10,-1.068877,9.4047
'[19:08:23.732 20/01/2026]',-0.5056789,8.447912,7.671189,-8.908044,4.610755E-10,4.610755E-10,1.655015,-6.458316
'[19:08:23.740 20/01/2026]',6.633282,0.8799327,3.310556,11.64893,4.610755E-10,4.610755E-10,4.120633,6.472202
'[19:08:23.748 20/01/2026]',-6.437685,-9.31396,-11.49397,-3.551773,4.610755E-10,4.610755E-10,-8.845135,-6.49348
'[19:08:23.756 20/01/2026]',2.374449,9.134273,10.70161,2.248212,4.610755E-10,4.610755E-10,9.724096,7.0563
'[19:08:23.764 20/01/2026]',2.374449,9.134273,10.70161,2.248212,4.610755E-10,4.610755E-10,9.724096,7.0563
'[19:08:23.772 20/01/2026]',2.170884,-1.795031,-3.207276,-1.902665,4.610755E-10,4.610755E-10,-4.009583,-2.712182
'[19:08:23.780 20/01/2026]',2.170884,-1.795031,-3.207276,-1.902665,4.610755E-10,4.610755E-10,-4.009583,-2.712182
'[19:08:23.788 20/01/2026]',-6.698281,-8.241488,-7.356517,-8.924207,4.610755E-10,4.610755E-10,-6.47016,-8.329747
'[19:08:23.796 20/01/2026]',-6.698281,-8.241488,-7.356517,-8.924207,4.610755E-10,4.610755E-10,-6.47016,-8.329747
'[19:08:23.804 20/01/2026]',5.200778,6.572714,7.943601,6.478714,4.610755E-10,4.610755E-10,10.3952,9.508398
'[19:08:23.812 20/01/2026]',5.200778,6.572714,7.943601,6.478714,4.610755E-10,4.610755E-10,10.3952,9.508398
'[19:08:23.820 20/01/2026]',5.200778,6.572714,7.943601,6.478714,4.610755E-10,4.610755E-10,10.3952,9.508398
'[19:08:23.828 20/01/2026]',6.767915,3.885769,1.899097,18.32043,4.610755E-10,4.610755E-10,-3.345734,5.41021
'[19:08:23.836 20/01/2026]',6.767915,3.885769,1.899097,18.32043,4.610755E-10,4.610755E-10,-3.345734,5.41021
'[19:08:23.844 20/01/2026]',6.767915,3.885769,1.899097,18.32043,4.610755E-10,4.610755E-10,-3.345734,5.41021
'[19:08:23.852 20/01/2026]',-9.45567,-5.68458,-7.015229,-23.85565,4.610755E-10,4.610755E-10,-3.217011,-12.99875
'[19:08:23.860 20/01/2026]',-0.09890227,2.01619,5.279232,4.012156,4.610755E-10,4.610755E-10,5.834329,4.367612
'[19:08:23.868 20/01/2026]',-0.09890227,2.01619,5.279232,4.012156,4.610755E-10,4.610755E-10,5.834329,4.367612
'[19:08:23.876 20/01/2026]',2.315346,1.944832,-0.2398306,12.80489,4.610755E-10,4.610755E-10,-2.522951,6.976224
'[19:08:23.884 20/01/2026]',2.315346,1.944832,-0.2398306,12.80489,4.610755E-10,4.610755E-10,-2.522951,6.976224
'[19:08:23.892 20/01/2026]',2.315346,1.944832,-0.2398306,12.80489,4.610755E-10,4.610755E-10,-2.522951,6.976224
'[19:08:23.900 20/01/2026]',1.929317,-2.299982,-1.323379,-12.56749,4.610755E-10,4.610755E-10,-0.2000362,-7.234897
'[19:08:23.908 20/01/2026]',1.929317,-2.299982,-1.323379,-12.56749,4.610755E-10,4.610755E-10,-0.2000362,-7.234897
'[19:08:23.916 20/01/2026]',-0.338906,-2.02591,0.1386731,5.045857,4.610755E-10,4.610755E-10,-1.590429,-1.342762
'[19:08:23.924 20/01/2026]',-0.338906,-2.02591,0.1386731,5.045857,4.610755E-10,4.610755E-10,-1.590429,-1.342762
'[19:08:23.932 20/01/2026]',-1.453548,5.196632,0.200636,0.6103223,4.610755E-10,4.610755E-10,1.767906,5.878837
'[19:08:23.940 20/01/2026]',-1.453548,5.196632,0.200636,0.6103223,4.610755E-10,4.610755E-10,1.767906,5.878837
'[19:08:23.948 20/01/2026]',-1.453548,5.196632,0.200636,0.6103223,4.610755E-10,4.610755E-10,1.767906,5.878837
'[19:08:23.956 20/01/2026]',-0.7746488,-2.438437,-0.04864657,-1.96248,4.610755E-10,4.610755E-10,0.8178836,-3.634952
'[19:08:23.964 20/01/2026]',11.73162,7.774035,9.962167,11.57519,4.610755E-10,4.610755E-10,6.976141,7.280739
'[19:08:23.972 20/01/2026]',-20.35375,-15.95636,-18.17854,-24.99837,4.610755E-10,4.610755E-10,-14.68445,-12.43483
'[19:08:23.980 20/01/2026]',8.287092,8.56557,8.221619,18.61241,4.610755E-10,4.610755E-10,6.536048,6.368845
'[19:08:23.988 20/01/2026]',7.597242,-3.505781,-1.837474,-1.336236,4.610755E-10,4.610755E-10,-4.728044,-1.654089
'[19:08:23.996 20/01/2026]',-8.183279,2.384119,2.69461,-8.88903,4.610755E-10,4.610755E-10,7.617788,4.093132
'[19:08:24.004 20/01/2026]',-6.81462,-2.032233,-1.70077,2.983917,4.610755E-10,4.610755E-10,-1.698368,-9.516588
'[19:08:24.012 20/01/2026]',-1.816038,-9.696194,-14.44642,-13.85312,4.610755E-10,4.610755E-10,-22.74231,-12.44386
'[19:08:24.020 20/01/2026]',11.65343,14.33279,17.53261,19.19326,4.610755E-10,4.610755E-10,24.99474,25.57887
'[19:08:24.028 20/01/2026]',1.556084,0.0828241,2.348304,1.594552,4.610755E-10,4.610755E-10,0.7655653,-2.234313
'[19:08:24.036 20/01/2026]',-7.284459,-1.929195,-5.760928,-10.75105,4.610755E-10,4.610755E-10,-6.66157,-11.83072
'[19:08:24.044 20/01/2026]',1.733427,-4.91668,-2.645911,7.735585,4.610755E-10,4.610755E-10,-4.025517,5.799639
'[19:08:24.052 20/01/2026]',0.5230633,0.9033613,-0.04425618,-7.040218,4.610755E-10,4.610755E-10,2.600412,-2.929329
'[19:08:24.060 20/01/2026]',3.864931,6.930403,6.173835,5.149395,4.610755E-10,4.610755E-10,6.272418,3.905286
'[19:08:24.068 20/01/2026]',-2.865934,0.4441922,-0.8631634,1.970747,4.610755E-10,4.610755E-10,-3.981408,3.622634
'[19:08:24.076 20/01/2026]',-5.260405,-12.64474,-10.97929,-3.656949,4.610755E-10,4.610755E-10,-8.515376,-11.38244
'[19:08:24.084 20/01/2026]',10.3376,11.30637,11.62018,8.504699,4.610755E-10,4.610755E-10,12.40644,13.74086
'[19:08:24.092 20/01/2026]',2.194652,2.60813,3.347641,-5.649656,4.610755E-10,4.610755E-10,1.383552,-1.101574
'[19:08:24.100 20/01/2026]',-15.13525,-10.20319,-12.44536,-8.12916,4.610755E-10,4.610755E-10,-10.15098,-12.99053
'[19:08:24.108 20/01/2026]',9.123534,6.415301,7.411268,11.41739,4.610755E-10,4.610755E-10,5.337273,12.09686
'[19:08:24.116 20/01/2026]',-0.9739845,-2.237256,-2.479174,-4.301218,4.610755E-10,4.610755E-10,-2.582353,-5.708587
'[19:08:24.124 20/01/2026]',-4.631655,-0.8115295,-1.519807,-9.499161,4.610755E-10,4.610755E-10,2.052204,-3.296237
'[19:08:24.132 20/01/2026]',8.05197,5.194045,6.229744,15.76346,4.610755E-10,4.610755E-10,2.224196,11.50883
'[19:08:24.140 20/01/2026]',-5.51259,-5.372948,-5.752497,-7.862164,4.610755E-10,4.610755E-10,-8.067957,-13.2787
'[19:08:24.148 20/01/2026]',-2.789168,1.510341,3.394758,-2.975249,4.610755E-10,4.610755E-10,10.69246,11.45865
'[19:08:24.156 20/01/2026]',-1.124533,-0.7098415,-3.677588,-0.2545287,4.610755E-10,4.610755E-10,-8.720109,-13.05987
'[19:08:24.164 20/01/2026]',16.0095,2.752542,6.614969,15.12691,4.610755E-10,4.610755E-10,3.051487,19.12617
'[19:08:24.172 20/01/2026]',-19.63042,-3.653814,-4.413972,-19.08692,4.610755E-10,4.610755E-10,2.426432,-15.22329
'[19:08:24.180 20/01/2026]',-0.9696745,0.2834651,-3.292572,1.35837,4.610755E-10,4.610755E-10,-6.986245,-10.59676
'[19:08:24.188 20/01/2026]',16.57956,3.820659,5.91801,15.40068,4.610755E-10,4.610755E-10,7.429658,28.80252
'[19:08:24.196 20/01/2026]',-10.29817,-4.860042,-5.106474,-13.30922,4.610755E-10,4.610755E-10,-4.494047,-15.94187
'[19:08:24.204 20/01/2026]',0.4937048,6.849703,10.00908,5.207646,4.610755E-10,4.610755E-10,6.641408,-2.113843
'[19:08:24.212 20/01/2026]',0.8103811,-2.643261,-6.017556,0.8437958,4.610755E-10,4.610755E-10,-3.966711,4.683914
'[19:08:24.220 20/01/2026]',-3.944573,-6.892562,-7.623218,-2.181047,4.610755E-10,4.610755E-10,-6.672868,0.8711115
'[19:08:24.228 20/01/2026]',11.02197,15.69373,17.10117,4.040681,4.610755E-10,4.610755E-10,15.76628,0.7525335
'[19:08:24.236 20/01/2026]',-5.274408,-9.018106,-0.855897,-0.6246468,4.610755E-10,4.610755E-10,-7.611012,1.341921
'[19:08:24.244 20/01/2026]',-6.878491,-6.772453,-16.12821,-6.119014,4.610755E-10,4.610755E-10,-8.113235,-7.215624
'[19:08:24.252 20/01/2026]',4.868014,7.411845,3.925118,1.792738,4.610755E-10,4.610755E-10,4.084636,1.889756
'[19:08:24.260 20/01/2026]',8.143484,4.75391,11.51523,6.022947,4.610755E-10,4.610755E-10,5.657161,3.465246
'[19:08:24.268 20/01/2026]',-6.064256,-4.798317,-5.890864,-3.324205,4.610755E-10,4.610755E-10,0.340398,3.31007
'[19:08:24.276 20/01/2026]',-5.206128,-3.777879,-5.699107,-2.092898,4.610755E-10,4.610755E-10,-7.982077,-10.49779
'[19:08:24.284 20/01/2026]',8.663967,4.591238,5.552585,2.241865,4.610755E-10,4.610755E-10,6.727364,10.14169
'[19:08:24.292 20/01/2026]',-2.293707,0.2216961,2.447166,3.005393,4.610755E-10,4.610755E-10,4.895923,5.858009
'[19:08:24.300 20/01/2026]',-2.293707,0.2216961,2.447166,3.005393,4.610755E-10,4.610755E-10,4.895923,5.858009
'[19:08:24.308 20/01/2026]',-31.6152,-23.47676,-19.59715,-16.77001,4.610755E-10,4.610755E-10,-17.05193,-22.59869
'[19:08:24.316 20/01/2026]',-31.6152,-23.47676,-19.59715,-16.77001,4.610755E-10,4.610755E-10,-17.05193,-22.59869
'[19:08:24.324 20/01/2026]',30.57763,26.58316,18.15282,11.35196,4.610755E-10,4.610755E-10,11.46242,12.06983
'[19:08:24.332 20/01/2026]',30.57763,26.58316,18.15282,11.35196,4.610755E-10,4.610755E-10,11.46242,12.06983
'[19:08:24.340 20/01/2026]',30.57763,26.58316,18.15282,11.35196,4.610755E-10,4.610755E-10,11.46242,12.06983
'[19:08:24.348 20/01/2026]',30.57763,26.58316,18.15282,11.35196,4.610755E-10,4.610755E-10,11.46242,12.06983
'[19:08:24.356 20/01/2026]',43.97167,28.63461,20.56214,19.56348,4.610755E-10,4.610755E-10,7.7962,11.04873
'[19:08:24.364 20/01/2026]',-67.47133,-53.57998,-37.32244,-33.19476,4.610755E-10,4.610755E-10,-20.94969,-25.81691
'[19:08:24.372 20/01/2026]',-67.47133,-53.57998,-37.32244,-33.19476,4.610755E-10,4.610755E-10,-20.94969,-25.81691
'[19:08:24.380 20/01/2026]',-67.47133,-53.57998,-37.32244,-33.19476,4.610755E-10,4.610755E-10,-20.94969,-25.81691
'[19:08:24.388 20/01/2026]',24.355,20.09623,17.09015,27.06971,4.610755E-10,4.610755E-10,23.15361,29.82377
'[19:08:24.396 20/01/2026]',24.355,20.09623,17.09015,27.06971,4.610755E-10,4.610755E-10,23.15361,29.82377
'[19:08:24.404 20/01/2026]',-4.566534,0.1887014,-5.73851,-21.06995,4.610755E-10,4.610755E-10,-21.72267,-23.59298
'[19:08:24.412 20/01/2026]',-5.100873,0.1249057,-0.002999182,1.054137,4.610755E-10,4.610755E-10,10.74626,-0.1846322
'[19:08:24.420 20/01/2026]',6.56797,-5.181264,0.415554,6.874492,4.610755E-10,4.610755E-10,-1.168629,12.06739
'[19:08:24.428 20/01/2026]',6.56797,-5.181264,0.415554,6.874492,4.610755E-10,4.610755E-10,-1.168629,12.06739
'[19:08:24.436 20/01/2026]',6.56797,-5.181264,0.415554,6.874492,4.610755E-10,4.610755E-10,-1.168629,12.06739
'[19:08:24.444 20/01/2026]',-9.526001,-4.379286,-4.931586,-10.21802,4.610755E-10,4.610755E-10,-12.77416,-16.84249
'[19:08:24.452 20/01/2026]',-9.526001,-4.379286,-4.931586,-10.21802,4.610755E-10,4.610755E-10,-12.77416,-16.84249
'[19:08:24.460 20/01/2026]',8.687973,10.43971,6.740675,10.70746,4.610755E-10,4.610755E-10,19.47348,15.42719
'[19:08:24.468 20/01/2026]',8.687973,10.43971,6.740675,10.70746,4.610755E-10,4.610755E-10,19.47348,15.42719
'[19:08:24.476 20/01/2026]',11.29556,5.759873,5.650128,6.497915,4.610755E-10,4.610755E-10,-1.470912,3.977046
'[19:08:24.484 20/01/2026]',11.29556,5.759873,5.650128,6.497915,4.610755E-10,4.610755E-10,-1.470912,3.977046
'[19:08:24.492 20/01/2026]',11.29556,5.759873,5.650128,6.497915,4.610755E-10,4.610755E-10,-1.470912,3.977046
'[19:08:24.500 20/01/2026]',11.29556,5.759873,5.650128,6.497915,4.610755E-10,4.610755E-10,-1.470912,3.977046
'[19:08:24.508 20/01/2026]',-29.47715,-26.17969,-21.13434,-25.51488,4.610755E-10,4.610755E-10,-25.85435,-27.3168
'[19:08:24.516 20/01/2026]',-29.47715,-26.17969,-21.13434,-25.51488,4.610755E-10,4.610755E-10,-25.85435,-27.3168
'[19:08:24.524 20/01/2026]',-29.47715,-26.17969,-21.13434,-25.51488,4.610755E-10,4.610755E-10,-25.85435,-27.3168
'[19:08:24.532 20/01/2026]',28.43784,23.82209,21.58598,27.95541,4.610755E-10,4.610755E-10,34.5432,37.29253
'[19:08:24.540 20/01/2026]',-23.76875,-12.34888,-17.48874,-22.43289,4.610755E-10,4.610755E-10,-29.88311,-36.32634
'[19:08:24.548 20/01/2026]',22.35402,14.3797,20.05221,19.97165,4.610755E-10,4.610755E-10,20.08691,21.34686
'[19:08:24.556 20/01/2026]',-22.17999,-24.41072,-22.51294,-19.34659,4.610755E-10,4.610755E-10,-6.140791,1.161609
'[19:08:24.564 20/01/2026]',11.18403,15.57698,9.179653,11.15125,4.610755E-10,4.610755E-10,-4.955796,-12.22252
'[19:08:24.572 20/01/2026]',0.7720051,-2.467464,0.2121756,-6.599275,4.610755E-10,4.610755E-10,-7.779025,-3.030577
'[19:08:24.580 20/01/2026]',-2.64612,-3.414539,-0.8386964,0.6556634,4.610755E-10,4.610755E-10,19.22959,16.48427
'[19:08:24.588 20/01/2026]',-9.102035,-7.003197,-8.910869,-6.877441,4.610755E-10,4.610755E-10,-13.33227,-14.95844
'[19:08:24.596 20/01/2026]',9.291181,10.18445,7.664277,10.70047,4.610755E-10,4.610755E-10,-7.246967,-1.164288
'[19:08:24.604 20/01/2026]',-0.2187163,-2.945644,0.6328267,-3.89625,4.610755E-10,4.610755E-10,14.47191,9.211039
'[19:08:24.612 20/01/2026]',3.854572,3.789816,4.530198,5.369622,4.610755E-10,4.610755E-10,1.843227,2.097419
'[19:08:24.620 20/01/2026]',0.3377414,1.492891,-0.7756726,0.4599647,4.610755E-10,4.610755E-10,-3.326734,-2.257889
'[19:08:24.628 20/01/2026]',-14.28782,-13.75374,-13.67621,-12.95467,4.610755E-10,4.610755E-10,-12.19721,-14.01813
'[19:08:24.636 20/01/2026]',9.092435,12.21497,13.55831,6.110364,4.610755E-10,4.610755E-10,13.03856,11.92576
'[19:08:24.644 20/01/2026]',17.45554,6.077335,4.071684,23.50562,4.610755E-10,4.610755E-10,10.37503,20.18039
'[19:08:24.652 20/01/2026]',-17.82808,-11.03515,-9.443665,-22.7023,4.610755E-10,4.610755E-10,-19.66303,-22.50018
'[19:08:24.660 20/01/2026]',-11.34394,-5.721062,-6.5671,-13.99755,4.610755E-10,4.610755E-10,-8.518659,-19.51127
'[19:08:24.668 20/01/2026]',20.20455,12.96627,15.52069,28.44248,4.610755E-10,4.610755E-10,31.38816,39.94109
'[19:08:24.676 20/01/2026]',-4.517544,-3.261152,-5.010407,-7.97139,4.610755E-10,4.610755E-10,-14.67968,-10.8525
'[19:08:24.684 20/01/2026]',5.000819,10.74853,9.656259,1.449374,4.610755E-10,4.610755E-10,-3.253405,-11.60335
'[19:08:24.692 20/01/2026]',-27.26618,-33.86889,-31.18294,-21.47346,4.610755E-10,4.610755E-10,-7.042466,-5.857881
'[19:08:24.700 20/01/2026]',30.34733,30.93995,29.2831,30.14713,4.610755E-10,4.610755E-10,21.81199,26.94361
'[19:08:24.708 20/01/2026]',-4.780599,-3.856231,-4.333089,-14.44856,4.610755E-10,4.610755E-10,-21.80246,-23.2424
'[19:08:24.716 20/01/2026]',-18.47054,-13.39771,-13.28939,-8.108246,4.610755E-10,4.610755E-10,5.284646,-0.6341277
'[19:08:24.724 20/01/2026]',9.737869,3.656042,7.430801,10.83153,4.610755E-10,4.610755E-10,10.20982,8.722519
'[19:08:24.732 20/01/2026]',6.119807,5.235837,1.571027,-2.516946,4.610755E-10,4.610755E-10,-18.35113,-0.595425
'[19:08:24.740 20/01/2026]',-3.444258,1.021985,-1.27562,3.197446,4.610755E-10,4.610755E-10,12.69747,-2.54836
'[19:08:24.748 20/01/2026]',-13.2628,-8.389112,-5.714257,-12.94154,4.610755E-10,4.610755E-10,3.031112,-6.367043
'[19:08:24.756 20/01/2026]',12.35009,1.071468,4.758949,9.510875,4.610755E-10,4.610755E-10,-15.3943,5.776485
'[19:08:24.764 20/01/2026]',10.73067,11.32288,7.326771,9.562156,4.610755E-10,4.610755E-10,13.60955,7.198677
'[19:08:24.772 20/01/2026]',-24.77831,-12.91707,-15.47671,-22.64312,4.610755E-10,4.610755E-10,-1.897141,-10.53235
'[19:08:24.780 20/01/2026]',18.64869,9.42985,12.95294,19.03453,4.610755E-10,4.610755E-10,-4.766231,6.816959
'[19:08:24.788 20/01/2026]',3.027428,1.143402,4.78495,0.234168,4.610755E-10,4.610755E-10,9.411975,-0.7648115
'[19:08:24.796 20/01/2026]',-11.06432,-3.393826,-13.67722,-12.1295,4.610755E-10,4.610755E-10,-7.772808,-1.594318
'[19:08:24.804 20/01/2026]',0.5147149,-0.9385017,4.942232,7.706125,4.610755E-10,4.610755E-10,1.773385,3.244542
'[19:08:24.812 20/01/2026]',3.922374,-1.39867,1.172717,-1.915942,4.610755E-10,4.610755E-10,-2.094923,-10.03145
'[19:08:24.820 20/01/2026]',-0.1101409,9.915767,3.642246,5.686267,4.610755E-10,4.610755E-10,6.747958,13.22656
'[19:08:24.828 20/01/2026]',-3.033223,-7.031896,-6.616778,-6.635009,4.610755E-10,4.610755E-10,-2.418286,0.157704
'[19:08:24.836 20/01/2026]',4.877944,-2.205067,2.885275,3.219178,4.610755E-10,4.610755E-10,0.6545517,-12.8283
'[19:08:24.844 20/01/2026]',-19.42108,-13.1021,-14.97091,-19.03272,4.610755E-10,4.610755E-10,-19.73366,-5.41892
'[19:08:24.852 20/01/2026]',39.48149,41.48088,37.50295,46.00056,4.610755E-10,4.610755E-10,43.23917,42.16035
'[19:08:24.860 20/01/2026]',-11.14986,-17.85979,-14.86001,-21.4683,4.610755E-10,4.610755E-10,-17.69277,-25.19533
'[19:08:24.868 20/01/2026]',-11.14986,-17.85979,-14.86001,-21.4683,4.610755E-10,4.610755E-10,-17.69277,-25.19533
'[19:08:24.876 20/01/2026]',-28.86896,-30.70766,-28.02792,-28.05161,4.610755E-10,4.610755E-10,-27.13887,-26.828
'[19:08:24.884 20/01/2026]',25.7375,31.70366,26.31892,34.39441,4.610755E-10,4.610755E-10,27.69209,37.47348
'[19:08:24.892 20/01/2026]',-3.420272,-1.323869,1.376815,-8.459079,4.610755E-10,4.610755E-10,-2.414009,-9.896598
'[19:08:24.900 20/01/2026]',-3.420272,-1.323869,1.376815,-8.459079,4.610755E-10,4.610755E-10,-2.414009,-9.896598
'[19:08:24.908 20/01/2026]',-2.42413,-12.97967,-10.4682,-5.390826,4.610755E-10,4.610755E-10,-4.038831,-7.358774
'[19:08:24.916 20/01/2026]',-2.42413,-12.97967,-10.4682,-5.390826,4.610755E-10,4.610755E-10,-4.038831,-7.358774
'[19:08:24.924 20/01/2026]',-2.42413,-12.97967,-10.4682,-5.390826,4.610755E-10,4.610755E-10,-4.038831,-7.358774
'[19:08:24.932 20/01/2026]',-1.759433,5.079583,2.410363,-0.2256738,4.610755E-10,4.610755E-10,-4.475102,3.342428
'[19:08:24.940 20/01/2026]',-1.759433,5.079583,2.410363,-0.2256738,4.610755E-10,4.610755E-10,-4.475102,3.342428
'[19:08:24.948 20/01/2026]',9.413408,8.320914,9.172348,15.28714,4.610755E-10,4.610755E-10,10.99811,10.57632
'[19:08:24.956 20/01/2026]',9.413408,8.320914,9.172348,15.28714,4.610755E-10,4.610755E-10,10.99811,10.57632
'[19:08:24.964 20/01/2026]',-15.58232,-15.33056,-16.46738,-20.86276,4.610755E-10,4.610755E-10,-10.09163,-15.79502
'[19:08:24.972 20/01/2026]',-15.58232,-15.33056,-16.46738,-20.86276,4.610755E-10,4.610755E-10,-10.09163,-15.79502
'[19:08:24.980 20/01/2026]',12.6331,7.970287,12.1228,11.7526,4.610755E-10,4.610755E-10,2.766892,8.583546
'[19:08:24.988 20/01/2026]',12.6331,7.970287,12.1228,11.7526,4.610755E-10,4.610755E-10,2.766892,8.583546
'[19:08:24.996 20/01/2026]',-1.044025,2.226565,-0.1230879,2.62561,4.610755E-10,4.610755E-10,5.216545,5.013463
'[19:08:25.004 20/01/2026]',-1.044025,2.226565,-0.1230879,2.62561,4.610755E-10,4.610755E-10,5.216545,5.013463
'[19:08:25.012 20/01/2026]',-1.044025,2.226565,-0.1230879,2.62561,4.610755E-10,4.610755E-10,5.216545,5.013463
'[19:08:25.020 20/01/2026]',-1.044025,2.226565,-0.1230879,2.62561,4.610755E-10,4.610755E-10,5.216545,5.013463
'[19:08:25.028 20/01/2026]',-1.044025,2.226565,-0.1230879,2.62561,4.610755E-10,4.610755E-10,5.216545,5.013463
'[19:08:25.036 20/01/2026]',-1.044025,2.226565,-0.1230879,2.62561,4.610755E-10,4.610755E-10,5.216545,5.013463
'[19:08:25.044 20/01/2026]',-1.044025,2.226565,-0.1230879,2.62561,4.610755E-10,4.610755E-10,5.216545,5.013463
'[19:08:25.052 20/01/2026]',-22.28592,-12.11598,-13.07457,-15.26459,4.610755E-10,4.610755E-10,-6.265008,-10.28933
'[19:08:25.060 20/01/2026]',46.7921,27.08752,26.128,30.38894,4.610755E-10,4.610755E-10,8.702369,11.62563
'[19:08:25.068 20/01/2026]',-16.29926,-11.08821,-11.58994,-18.98081,4.610755E-10,4.610755E-10,-5.465666,-2.683957
'[19:08:25.076 20/01/2026]',-28.22172,-14.89867,-13.59249,-12.62039,4.610755E-10,4.610755E-10,-9.284513,-16.19955
'[19:08:25.084 20/01/2026]',27.9785,15.15831,20.44253,26.58424,4.610755E-10,4.610755E-10,21.33035,23.0336
'[19:08:25.092 20/01/2026]',27.9785,15.15831,20.44253,26.58424,4.610755E-10,4.610755E-10,21.33035,23.0336
'[19:08:25.100 20/01/2026]',27.9785,15.15831,20.44253,26.58424,4.610755E-10,4.610755E-10,21.33035,23.0336
'[19:08:25.108 20/01/2026]',-5.769388,-4.519963,-8.515183,-12.25591,4.610755E-10,4.610755E-10,-12.4574,-3.580574
'[19:08:25.116 20/01/2026]',-5.769388,-4.519963,-8.515183,-12.25591,4.610755E-10,4.610755E-10,-12.4574,-3.580574
'[19:08:25.124 20/01/2026]',-7.987331,-1.460469,-3.263339,-7.22616,4.610755E-10,4.610755E-10,-2.834471,-14.45901
'[19:08:25.132 20/01/2026]',-7.987331,-1.460469,-3.263339,-7.22616,4.610755E-10,4.610755E-10,-2.834471,-14.45901
'[19:08:25.140 20/01/2026]',19.46513,7.465886,10.95286,17.82649,4.610755E-10,4.610755E-10,10.09542,14.30751
'[19:08:25.148 20/01/2026]',-9.166326,7.042116,-2.871188,-3.089832,4.610755E-10,4.610755E-10,0.08924282,6.516896
'[19:08:25.156 20/01/2026]',-13.3254,-17.12715,-14.31527,-17.90491,4.610755E-10,4.610755E-10,-12.39545,-25.6907
'[19:08:25.164 20/01/2026]',13.92854,1.123806,16.22064,12.19356,4.610755E-10,4.610755E-10,5.769962,16.97694
'[19:08:25.172 20/01/2026]',0.1781416,7.742267,-4.584562,4.979646,4.610755E-10,4.610755E-10,4.679262,4.601734
'[19:08:25.180 20/01/2026]',-5.777462,-1.649181,-2.131336,-8.92183,4.610755E-10,4.610755E-10,-4.838024,-13.92353
'[19:08:25.188 20/01/2026]',3.456826,-3.214926,2.451436,4.999582,4.610755E-10,4.610755E-10,4.560474,11.78966
'[19:08:25.196 20/01/2026]',1.437641,1.681582,0.5238553,1.563587,4.610755E-10,4.610755E-10,-2.048179,-2.141102
'[19:08:25.204 20/01/2026]',-3.711454,-3.74726,-3.820574,-4.912322,4.610755E-10,4.610755E-10,-2.611475,-5.385922
'[19:08:25.212 20/01/2026]',-4.36153,-0.8907114,-0.5946621,-1.373223,4.610755E-10,4.610755E-10,-0.8761947,0.4254792
'[19:08:25.220 20/01/2026]',10.94823,6.834787,5.719215,8.143746,4.610755E-10,4.610755E-10,5.174092,8.927117
'[19:08:25.228 20/01/2026]',-0.6680453,0.3835694,0.5694885,-0.6955321,4.610755E-10,4.610755E-10,2.385301,-3.052381
'[19:08:25.236 20/01/2026]',-8.056045,-6.16613,-2.744786,-4.207811,4.610755E-10,4.610755E-10,-4.584016,-4.757468
'[19:08:25.244 20/01/2026]',8.338786,4.594008,1.210516,5.687556,4.610755E-10,4.610755E-10,-1.308721,8.482914
'[19:08:25.252 20/01/2026]',-15.02697,-20.89871,-7.109737,-13.80145,4.610755E-10,4.610755E-10,-0.3658327,-9.619795
'[19:08:25.260 20/01/2026]',3.647712,10.50743,0.6652918,2.29563,4.610755E-10,4.610755E-10,-0.7887582,-3.452617
'[19:08:25.268 20/01/2026]',24.84723,31.27347,15.81638,21.72872,4.610755E-10,4.610755E-10,9.468275,18.2825
'[19:08:25.276 20/01/2026]',-29.9827,-37.36488,-21.23065,-25.1278,4.610755E-10,4.610755E-10,-14.88762,-18.30036
'[19:08:25.284 20/01/2026]',9.25183,3.79177,4.792252,7.810472,4.610755E-10,4.610755E-10,7.297856,5.14196
'[19:08:25.292 20/01/2026]',15.25848,21.68771,15.32688,12.13752,4.610755E-10,4.610755E-10,9.402881,13.21226
'[19:08:25.300 20/01/2026]',-21.48363,-16.50722,-17.59917,-16.4293,4.610755E-10,4.610755E-10,-15.87836,-18.06404
'[19:08:25.308 20/01/2026]',19.79852,6.660235,11.81153,17.69386,4.610755E-10,4.610755E-10,13.53574,17.02848
'[19:08:25.316 20/01/2026]',-0.1584824,3.380943,3.099145,-5.04144,4.610755E-10,4.610755E-10,0.1284182,-0.5394487
'[19:08:25.324 20/01/2026]',-9.694867,-5.103003,-7.16496,-5.169967,4.610755E-10,4.610755E-10,-3.319803,-5.926346
'[19:08:25.332 20/01/2026]',-15.23962,-16.72916,-12.02963,-1.559004,4.610755E-10,4.610755E-10,-9.262002,-7.078137
'[19:08:25.340 20/01/2026]',19.86896,17.47181,16.01248,5.374382,4.610755E-10,4.610755E-10,12.01104,12.191
'[19:08:25.348 20/01/2026]',14.03636,12.62174,5.865754,1.719523,4.610755E-10,4.610755E-10,0.6252335,-0.7960695
'[19:08:25.356 20/01/2026]',-17.3477,-15.88153,-10.82629,4.782522,4.610755E-10,4.610755E-10,-3.432596,-0.2819006
'[19:08:25.364 20/01/2026]',0.9199682,-0.3280204,1.532265,-3.538833,4.610755E-10,4.610755E-10,0.5156519,-1.27718
'[19:08:25.372 20/01/2026]',0.6662962,4.891104,2.212071,-9.178235,4.610755E-10,4.610755E-10,0.7317811,-0.7285466
'[19:08:25.380 20/01/2026]',-4.792425,-4.424532,-4.638677,-0.751515,4.610755E-10,4.610755E-10,-4.987117,-8.409505
'[19:08:25.388 20/01/2026]',5.69066,0.722999,3.761469,15.15674,4.610755E-10,4.610755E-10,5.018527,16.59091
'[19:08:25.396 20/01/2026]',4.599648,6.911248,1.457449,-9.346881,4.610755E-10,4.610755E-10,-2.600374,-11.02077
'[19:08:25.404 20/01/2026]',-4.852234,-3.544459,-0.7647608,0.2253028,4.610755E-10,4.610755E-10,4.345524,3.02424
'[19:08:25.412 20/01/2026]',-6.456685,-10.20363,-5.235919,3.330405,4.610755E-10,4.610755E-10,-4.424022,3.80516
'[19:08:25.420 20/01/2026]',-20.83706,-10.89307,-7.515865,-11.33208,4.610755E-10,4.610755E-10,2.464273,-7.585155
'[19:08:25.428 20/01/2026]',26.64343,19.73329,10.18806,7.753606,4.610755E-10,4.610755E-10,-4.399568,1.729679
'[19:08:25.436 20/01/2026]',48.31579,35.95343,24.85443,20.90288,4.610755E-10,4.610755E-10,10.03664,11.6701
'[19:08:25.444 20/01/2026]',-35.14367,-26.85578,-18.31474,-14.38155,4.610755E-10,4.610755E-10,-4.880901,-10.59587
'[19:08:25.452 20/01/2026]',-26.38412,-21.17454,-10.75977,-9.859989,4.610755E-10,4.610755E-10,-0.5449283,-1.427635
'[19:08:25.460 20/01/2026]',20.47316,17.166,10.48112,8.19611,4.610755E-10,4.610755E-10,3.259025,8.031404
'[19:08:25.468 20/01/2026]',-2.575564,-0.7208734,-3.968003,-0.3290636,4.610755E-10,4.610755E-10,-9.984466,-4.502428
'[19:08:25.476 20/01/2026]',3.581589,0.82428,7.315365,5.514154,4.610755E-10,4.610755E-10,17.7454,1.80293
'[19:08:25.484 20/01/2026]',3.581589,0.82428,7.315365,5.514154,4.610755E-10,4.610755E-10,17.7454,1.80293
'[19:08:25.492 20/01/2026]',3.581589,0.82428,7.315365,5.514154,4.610755E-10,4.610755E-10,17.7454,1.80293
'[19:08:25.500 20/01/2026]',-2.185993,-3.487103,-5.233381,-3.832401,4.610755E-10,4.610755E-10,-5.808185,7.919879
'[19:08:25.508 20/01/2026]',-2.185993,-3.487103,-5.233381,-3.832401,4.610755E-10,4.610755E-10,-5.808185,7.919879
'[19:08:25.516 20/01/2026]',-2.185993,-3.487103,-5.233381,-3.832401,4.610755E-10,4.610755E-10,-5.808185,7.919879
'[19:08:25.524 20/01/2026]',-2.185993,-3.487103,-5.233381,-3.832401,4.610755E-10,4.610755E-10,-5.808185,7.919879
'[19:08:25.532 20/01/2026]',-2.185993,-3.487103,-5.233381,-3.832401,4.610755E-10,4.610755E-10,-5.808185,7.919879
'[19:08:25.540 20/01/2026]',-14.5385,-4.851074,-8.916329,-12.14747,4.610755E-10,4.610755E-10,-17.35343,-16.47129
'[19:08:25.548 20/01/2026]',13.75192,5.984172,8.748635,9.576493,4.610755E-10,4.610755E-10,13.6705,-3.712019
'[19:08:25.556 20/01/2026]',-6.10715,-3.917373,-0.07884513,-0.5279549,4.610755E-10,4.610755E-10,2.199705,16.08359
'[19:08:25.564 20/01/2026]',-6.10715,-3.917373,-0.07884513,-0.5279549,4.610755E-10,4.610755E-10,2.199705,16.08359
'[19:08:25.572 20/01/2026]',-6.10715,-3.917373,-0.07884513,-0.5279549,4.610755E-10,4.610755E-10,2.199705,16.08359
'[19:08:25.580 20/01/2026]',1.772573,-3.339857,-8.743659,-3.357596,4.610755E-10,4.610755E-10,-9.944811,-2.305481
'[19:08:25.588 20/01/2026]',-7.136118,-0.7005095,-0.213253,-8.624601,4.610755E-10,4.610755E-10,-2.633856,-21.39622
'[19:08:25.596 20/01/2026]',18.3061,12.51877,15.60729,21.20844,4.610755E-10,4.610755E-10,16.2395,26.966
'[19:08:25.604 20/01/2026]',18.3061,12.51877,15.60729,21.20844,4.610755E-10,4.610755E-10,16.2395,26.966
'[19:08:25.612 20/01/2026]',-2.07066,-2.766361,-6.195137,-0.3730438,4.610755E-10,4.610755E-10,-3.106109,3.438442
'[19:08:25.620 20/01/2026]',-2.07066,-2.766361,-6.195137,-0.3730438,4.610755E-10,4.610755E-10,-3.106109,3.438442
'[19:08:25.628 20/01/2026]',-2.07066,-2.766361,-6.195137,-0.3730438,4.610755E-10,4.610755E-10,-3.106109,3.438442
'[19:08:25.636 20/01/2026]',-16.57026,-11.55711,-11.04626,-21.09575,4.610755E-10,4.610755E-10,-11.13649,-27.54289
'[19:08:25.644 20/01/2026]',-16.57026,-11.55711,-11.04626,-21.09575,4.610755E-10,4.610755E-10,-11.13649,-27.54289
'[19:08:25.652 20/01/2026]',8.744827,8.255467,10.17928,9.756904,4.610755E-10,4.610755E-10,5.251204,14.58804
'[19:08:25.660 20/01/2026]',8.744827,8.255467,10.17928,9.756904,4.610755E-10,4.610755E-10,5.251204,14.58804
'[19:08:25.668 20/01/2026]',8.744827,8.255467,10.17928,9.756904,4.610755E-10,4.610755E-10,5.251204,14.58804
'[19:08:25.676 20/01/2026]',2.903813,-2.111309,-4.314454,5.181585,4.610755E-10,4.610755E-10,-1.136093,2.123973
'[19:08:25.684 20/01/2026]',2.903813,-2.111309,-4.314454,5.181585,4.610755E-10,4.610755E-10,-1.136093,2.123973
'[19:08:25.692 20/01/2026]',2.903813,-2.111309,-4.314454,5.181585,4.610755E-10,4.610755E-10,-1.136093,2.123973
'[19:08:25.700 20/01/2026]',2.903813,-2.111309,-4.314454,5.181585,4.610755E-10,4.610755E-10,-1.136093,2.123973
'[19:08:25.708 20/01/2026]',3.645391,5.233204,7.114268,4.54945,4.610755E-10,4.610755E-10,9.461011,5.438747
'[19:08:25.716 20/01/2026]',3.645391,5.233204,7.114268,4.54945,4.610755E-10,4.610755E-10,9.461011,5.438747
'[19:08:25.724 20/01/2026]',-13.1086,-12.11879,-8.952104,-17.17838,4.610755E-10,4.610755E-10,-13.69459,-17.05292
'[19:08:25.732 20/01/2026]',8.488368,6.326011,4.182958,11.37862,4.610755E-10,4.610755E-10,7.038708,12.75156
'[19:08:25.740 20/01/2026]',1.790023,8.014381,0.9277817,-2.394253,4.610755E-10,4.610755E-10,0.1207583,-5.320419
'[19:08:25.748 20/01/2026]',-10.923,-12.77384,-6.138804,-4.54935,4.610755E-10,4.610755E-10,-6.696146,-2.312433
'[19:08:25.756 20/01/2026]',3.744712,-0.4225964,0.629876,-0.1755198,4.610755E-10,4.610755E-10,-0.6327627,0.8030392
'[19:08:25.764 20/01/2026]',11.15397,13.96996,8.621334,7.641817,4.610755E-10,4.610755E-10,11.40959,3.113168
'[19:08:25.772 20/01/2026]',-6.49198,-3.097751,-1.287961,0.6710213,4.610755E-10,4.610755E-10,-1.673304,4.952563
'[19:08:25.780 20/01/2026]',-8.901463,-12.87521,-7.351994,-11.6238,4.610755E-10,4.610755E-10,-11.23064,-8.994783
'[19:08:25.788 20/01/2026]',8.679314,8.807852,2.898587,9.578074,4.610755E-10,4.610755E-10,8.016212,-0.214585
'[19:08:25.796 20/01/2026]',7.995113,4.377556,5.172877,2.529224,4.610755E-10,4.610755E-10,2.377112,14.89682
'[19:08:25.804 20/01/2026]',-15.67185,-6.54845,-3.970889,-5.640704,4.610755E-10,4.610755E-10,-4.48381,-11.80933
'[19:08:25.812 20/01/2026]',-2.774795,-6.532466,-7.511349,-9.263425,4.610755E-10,4.610755E-10,-5.195813,-14.54594
'[19:08:25.820 20/01/2026]',8.271733,10.11262,8.634039,7.706767,4.610755E-10,4.610755E-10,4.981989,21.68826
'[19:08:25.828 20/01/2026]',10.92994,9.304476,11.28559,18.5615,4.610755E-10,4.610755E-10,13.16006,3.893425
'[19:08:25.836 20/01/2026]',-23.46412,-25.15693,-25.67522,-32.56028,4.610755E-10,4.610755E-10,-22.07713,-24.47934
'[19:08:25.844 20/01/2026]',9.269319,11.1909,12.33555,12.57181,4.610755E-10,4.610755E-10,4.489132,13.45704
'[19:08:25.852 20/01/2026]',8.676437,5.650229,3.964043,13.29304,4.610755E-10,4.610755E-10,9.844227,6.274149
'[19:08:25.860 20/01/2026]',-4.59579,-1.032079,0.1968178,-12.59955,4.610755E-10,4.610755E-10,1.183028,-6.706221
'[19:08:25.868 20/01/2026]',-12.49433,-12.55418,-15.37694,-11.17403,4.610755E-10,4.610755E-10,-20.75771,-8.38763
'[19:08:25.876 20/01/2026]',10.75751,6.335996,10.77637,15.04824,4.610755E-10,4.610755E-10,14.71604,10.17281
'[19:08:25.884 20/01/2026]',12.80581,10.45118,10.65457,11.90483,4.610755E-10,4.610755E-10,10.24181,7.038608
'[19:08:25.892 20/01/2026]',-24.23091,-17.44867,-21.39369,-27.56946,4.610755E-10,4.610755E-10,-22.58593,-17.73839
'[19:08:25.900 20/01/2026]',15.43022,16.82601,18.04815,18.01451,4.610755E-10,4.610755E-10,19.14917,15.12182
'[19:08:25.908 20/01/2026]',4.142015,-1.360142,1.941795,5.124574,4.610755E-10,4.610755E-10,0.2594152,0.6127648
'[19:08:25.916 20/01/2026]',-16.14469,-13.84121,-17.72585,-16.12051,4.610755E-10,4.610755E-10,-15.86862,-12.74457
'[19:08:25.924 20/01/2026]',5.941052,7.429368,7.634741,3.552317,4.610755E-10,4.610755E-10,5.653523,6.866154
'[19:08:25.932 20/01/2026]',7.754717,6.727623,9.770309,7.430225,4.610755E-10,4.610755E-10,10.7715,3.996202
'[19:08:25.940 20/01/2026]',-8.071019,-10.15601,-11.03854,-6.303264,4.610755E-10,4.610755E-10,-10.2595,-8.559346
'[19:08:25.948 20/01/2026]',-0.7732204,2.288317,1.554931,0.4904771,4.610755E-10,4.610755E-10,-0.5090113,8.014809
'[19:08:25.956 20/01/2026]',8.480874,0.9852554,3.178409,6.059447,4.610755E-10,4.610755E-10,4.982843,-6.236283
'[19:08:25.964 20/01/2026]',-2.356701,1.411683,0.4533619,0.496125,4.610755E-10,4.610755E-10,1.999628,10.51735
'[19:08:25.972 20/01/2026]',-7.668104,-0.3416927,-2.913493,-11.21711,4.610755E-10,4.610755E-10,-9.729108,-14.11676
'[19:08:25.980 20/01/2026]',1.018205,-5.004332,-2.374616,3.264037,4.610755E-10,4.610755E-10,7.257847,4.117155
'[19:08:25.988 20/01/2026]',16.7006,14.37158,13.7295,16.31289,4.610755E-10,4.610755E-10,6.818466,17.25767
'[19:08:25.996 20/01/2026]',-9.836179,-7.994164,-7.790954,-10.48461,4.610755E-10,4.610755E-10,-11.70216,-17.75778
'[19:08:26.004 20/01/2026]',-3.620476,-5.516081,-4.339747,-3.87238,4.610755E-10,4.610755E-10,6.606546,2.039515
'[19:08:26.012 20/01/2026]',8.318891,5.278024,3.753398,7.51651,4.610755E-10,4.610755E-10,-3.164909,7.65499
'[19:08:26.020 20/01/2026]',1.739166,5.643016,7.954739,4.190604,4.610755E-10,4.610755E-10,8.467804,3.180403
'[19:08:26.028 20/01/2026]',9.167907,11.56497,10.06068,4.543859,4.610755E-10,4.610755E-10,10.65837,3.206244
'[19:08:26.036 20/01/2026]',-28.49802,-29.23743,-30.33746,-21.14167,4.610755E-10,4.610755E-10,-31.45063,-21.7712
'[19:08:26.044 20/01/2026]',4.956388,1.700256,3.478975,-0.2265238,4.610755E-10,4.610755E-10,5.44042,6.512787
'[19:08:26.052 20/01/2026]',24.4247,24.4086,24.70938,19.46086,4.610755E-10,4.610755E-10,24.44502,18.1326
'[19:08:26.060 20/01/2026]',-17.1535,-13.3678,-15.26432,-9.854626,4.610755E-10,4.610755E-10,-15.94177,-16.4916
'[19:08:26.068 20/01/2026]',-17.1535,-13.3678,-15.26432,-9.854626,4.610755E-10,4.610755E-10,-15.94177,-16.4916
'[19:08:26.076 20/01/2026]',-17.1535,-13.3678,-15.26432,-9.854626,4.610755E-10,4.610755E-10,-15.94177,-16.4916
'[19:08:26.084 20/01/2026]',2.789141,3.443975,4.494124,5.91724,4.610755E-10,4.610755E-10,3.551337,7.6493
'[19:08:26.092 20/01/2026]',-3.713562,-8.033519,-5.827466,-9.248107,4.610755E-10,4.610755E-10,-4.563834,-1.793781
'[19:08:26.100 20/01/2026]',6.086968,8.199632,4.823354,1.787637,4.610755E-10,4.610755E-10,3.457703,-7.333741
'[19:08:26.108 20/01/2026]',6.086968,8.199632,4.823354,1.787637,4.610755E-10,4.610755E-10,3.457703,-7.333741
'[19:08:26.116 20/01/2026]',6.086968,8.199632,4.823354,1.787637,4.610755E-10,4.610755E-10,3.457703,-7.333741
'[19:08:26.124 20/01/2026]',-9.492613,-7.046557,-4.91798,-1.461697,4.610755E-10,4.610755E-10,-2.119319,-0.6968381
'[19:08:26.132 20/01/2026]',12.43335,6.536738,5.31976,12.08081,4.610755E-10,4.610755E-10,3.54659,18.65992
'[19:08:26.140 20/01/2026]',12.43335,6.536738,5.31976,12.08081,4.610755E-10,4.610755E-10,3.54659,18.65992
'[19:08:26.148 20/01/2026]',-6.444824,-0.2475484,0.7948582,-11.25185,4.610755E-10,4.610755E-10,-0.7434897,-12.14741
'[19:08:26.156 20/01/2026]',-6.444824,-0.2475484,0.7948582,-11.25185,4.610755E-10,4.610755E-10,-0.7434897,-12.14741
'[19:08:26.164 20/01/2026]',-9.985608,-9.241191,-9.33105,-7.807978,4.610755E-10,4.610755E-10,-6.057657,-16.65009
'[19:08:26.172 20/01/2026]',-9.985608,-9.241191,-9.33105,-7.807978,4.610755E-10,4.610755E-10,-6.057657,-16.65009
'[19:08:26.180 20/01/2026]',-9.985608,-9.241191,-9.33105,-7.807978,4.610755E-10,4.610755E-10,-6.057657,-16.65009
'[19:08:26.188 20/01/2026]',-9.985608,-9.241191,-9.33105,-7.807978,4.610755E-10,4.610755E-10,-6.057657,-16.65009
'[19:08:26.196 20/01/2026]',15.69148,4.007704,4.5749,17.73102,4.610755E-10,4.610755E-10,1.700954,26.38699
'[19:08:26.204 20/01/2026]',15.69148,4.007704,4.5749,17.73102,4.610755E-10,4.610755E-10,1.700954,26.38699
'[19:08:26.212 20/01/2026]',15.69148,4.007704,4.5749,17.73102,4.610755E-10,4.610755E-10,1.700954,26.38699
'[19:08:26.220 20/01/2026]',-3.794342,5.045836,5.956254,-8.356868,4.610755E-10,4.610755E-10,7.250787,-4.246376
'[19:08:26.228 20/01/2026]',-8.185597,-5.38344,-6.918349,-7.087047,4.610755E-10,4.610755E-10,-7.504296,-20.78021
'[19:08:26.236 20/01/2026]',7.79153,-1.602811,2.287237,9.3106,4.610755E-10,4.610755E-10,1.663677,19.43584
'[19:08:26.244 20/01/2026]',7.79153,-1.602811,2.287237,9.3106,4.610755E-10,4.610755E-10,1.663677,19.43584
'[19:08:26.252 20/01/2026]',-3.556765,7.025603,-1.905506,-2.169701,4.610755E-10,4.610755E-10,-1.754735,-1.470564
'[19:08:26.260 20/01/2026]',-3.556765,7.025603,-1.905506,-2.169701,4.610755E-10,4.610755E-10,-1.754735,-1.470564
'[19:08:26.268 20/01/2026]',-3.556765,7.025603,-1.905506,-2.169701,4.610755E-10,4.610755E-10,-1.754735,-1.470564
'[19:08:26.276 20/01/2026]',4.977839,-2.29805,4.579688,0.2480415,4.610755E-10,4.610755E-10,4.539525,-7.429651
'[19:08:26.284 20/01/2026]',-0.9849719,-0.3850349,-1.927964,0.3307027,4.610755E-10,4.610755E-10,0.2012076,4.977126
'[19:08:26.292 20/01/2026]',-0.9849719,-0.3850349,-1.927964,0.3307027,4.610755E-10,4.610755E-10,0.2012076,4.977126
'[19:08:26.300 20/01/2026]',-0.9849719,-0.3850349,-1.927964,0.3307027,4.610755E-10,4.610755E-10,0.2012076,4.977126
'[19:08:26.308 20/01/2026]',-4.347838,-3.722788,-3.954329,-0.9756095,4.610755E-10,4.610755E-10,-5.110712,2.675155
'[19:08:26.316 20/01/2026]',0.2252844,2.410646,2.077594,-5.390003,4.610755E-10,4.610755E-10,1.435665,-10.06128
'[19:08:26.324 20/01/2026]',0.8128917,0.681412,1.015952,5.063909,4.610755E-10,4.610755E-10,-0.2109981,3.288273
'[19:08:26.332 20/01/2026]',2.907192,-1.209523,-1.782805,4.00694,4.610755E-10,4.610755E-10,0.7216403,6.36236
'[19:08:26.340 20/01/2026]',-4.532656,-4.930696,-3.702836,-6.456965,4.610755E-10,4.610755E-10,-4.645842,-5.177012
'[19:08:26.348 20/01/2026]',-0.6865119,5.91746,4.459822,-2.783566,4.610755E-10,4.610755E-10,3.597873,-3.798119
'[19:08:26.356 20/01/2026]',1.873202,-0.500391,-0.33317,4.844782,4.610755E-10,4.610755E-10,1.355318,4.515736
'[19:08:26.364 20/01/2026]',1.289462,-3.114809,-2.102177,0.949827,4.610755E-10,4.610755E-10,-4.420234,0.6588989
'[19:08:26.372 20/01/2026]',-6.632923,-3.286232,-3.350402,-9.378916,4.610755E-10,4.610755E-10,-2.242275,-9.315946
'[19:08:26.380 20/01/2026]',-1.774138,0.5411394,0.229209,2.684199,4.610755E-10,4.610755E-10,1.232978,6.965048
'[19:08:26.388 20/01/2026]',8.222052,2.38502,4.928249,6.793642,4.610755E-10,4.610755E-10,5.13511,1.359274
'[19:08:26.396 20/01/2026]',-5.040709,-0.8141802,-1.103701,-2.054476,4.610755E-10,4.610755E-10,3.8746,3.634807
'[19:08:26.404 20/01/2026]',3.7154,7.260625,-3.158858,-6.955961,4.610755E-10,4.610755E-10,-16.97377,-12.96015
'[19:08:26.412 20/01/2026]',15.92696,1.252294,5.32304,12.50125,4.610755E-10,4.610755E-10,11.21893,6.492017
'[19:08:26.420 20/01/2026]',-16.72799,-8.08183,0.7314202,-4.33291,4.610755E-10,4.610755E-10,6.741889,13.76377
'[19:08:26.428 20/01/2026]',-9.257458,0.1700373,-6.270967,-7.583211,4.610755E-10,4.610755E-10,-11.71168,-21.3279
'[19:08:26.436 20/01/2026]',12.86153,2.113451,4.858432,6.274909,4.610755E-10,4.610755E-10,3.307268,5.697695
'[19:08:26.444 20/01/2026]',-0.09548994,-0.2063929,-1.866475,-0.2710198,4.610755E-10,4.610755E-10,1.338408,8.928388
'[19:08:26.452 20/01/2026]',-5.947464,-1.252954,-0.5762373,-0.3438359,4.610755E-10,4.610755E-10,-0.7203168,-8.03897
'[19:08:26.460 20/01/2026]',-2.892869,-5.925925,-4.100441,-8.121522,4.610755E-10,4.610755E-10,-5.609069,-4.141396
'[19:08:26.468 20/01/2026]',11.34217,9.803382,6.65647,15.09268,4.610755E-10,4.610755E-10,6.555647,13.36112
'[19:08:26.476 20/01/2026]',-5.054358,-2.794441,-4.292603,-7.772452,4.610755E-10,4.610755E-10,-3.555965,-9.831525
'[19:08:26.484 20/01/2026]',0.7972522,0.9028647,6.617947,1.698946,4.610755E-10,4.610755E-10,6.938757,3.154595
'[19:08:26.492 20/01/2026]',-9.988075,-6.416991,-9.637699,-6.90718,4.610755E-10,4.610755E-10,-11.69131,-3.464197
'[19:08:26.500 20/01/2026]',12.01912,9.370963,7.539401,6.043941,4.610755E-10,4.610755E-10,9.570151,1.354997
'[19:08:26.508 20/01/2026]',8.692003,4.415004,8.465046,15.25367,4.610755E-10,4.610755E-10,9.489994,13.70289
'[19:08:26.516 20/01/2026]',-17.51102,-16.12837,-16.52569,-21.91725,4.610755E-10,4.610755E-10,-19.46788,-14.36475
'[19:08:26.524 20/01/2026]',-2.756824,1.419121,-2.515905,-5.802589,4.610755E-10,4.610755E-10,-3.007909,-8.628118
'[19:08:26.532 20/01/2026]',13.37999,10.3506,13.76607,21.74302,4.610755E-10,4.610755E-10,19.39837,17.52033
'[19:08:26.540 20/01/2026]',19.0181,16.78,16.45329,15.82855,4.610755E-10,4.610755E-10,12.31005,18.42395
'[19:08:26.548 20/01/2026]',-38.51578,-36.15772,-39.86211,-44.25972,4.610755E-10,4.610755E-10,-39.54976,-38.87855
'[19:08:26.556 20/01/2026]',12.94222,14.65906,17.34987,16.41879,4.610755E-10,4.610755E-10,20.82538,13.90084
'[19:08:26.564 20/01/2026]',9.422703,8.02582,8.04149,11.0738,4.610755E-10,4.610755E-10,2.074171,7.208426
'[19:08:26.572 20/01/2026]',-3.857277,-7.504246,-8.681868,-5.13847,4.610755E-10,4.610755E-10,-4.630919,-2.325342
'[19:08:26.580 20/01/2026]',6.778556,4.849043,7.140381,7.387629,4.610755E-10,4.610755E-10,7.177663,5.472641
'[19:08:26.588 20/01/2026]',-7.808333,-3.827459,-2.220466,-9.75214,4.610755E-10,4.610755E-10,-6.561444,-6.199932
'[19:08:26.596 20/01/2026]',0.2595026,2.165038,-2.604097,1.830952,4.610755E-10,4.610755E-10,3.335399,-3.974795
'[19:08:26.604 20/01/2026]',-2.596874,-1.807413,0.1624627,1.737565,4.610755E-10,4.610755E-10,-3.81337,4.136604
'[19:08:26.612 20/01/2026]',4.170811,3.419367,5.596589,-3.88726,4.610755E-10,4.610755E-10,6.00831,3.353628
'[19:08:26.620 20/01/2026]',-0.630204,-3.580776,-4.007728,1.555827,4.610755E-10,4.610755E-10,-3.149408,-5.153297
'[19:08:26.628 20/01/2026]',-0.630204,-3.580776,-4.007728,1.555827,4.610755E-10,4.610755E-10,-3.149408,-5.153297
'[19:08:26.636 20/01/2026]',-0.630204,-3.580776,-4.007728,1.555827,4.610755E-10,4.610755E-10,-3.149408,-5.153297
'[19:08:26.644 20/01/2026]',-4.711412,-1.280364,-2.65059,4.182049,4.610755E-10,4.610755E-10,-3.000336,0.519687
'[19:08:26.652 20/01/2026]',2.463882,1.90645,0.001696676,-6.667442,4.610755E-10,4.610755E-10,0.1330206,-0.6907614
'[19:08:26.660 20/01/2026]',2.463882,1.90645,0.001696676,-6.667442,4.610755E-10,4.610755E-10,0.1330206,-0.6907614
'[19:08:26.668 20/01/2026]',2.463882,1.90645,0.001696676,-6.667442,4.610755E-10,4.610755E-10,0.1330206,-0.6907614
'[19:08:26.676 20/01/2026]',3.508564,4.381746,4.393097,-0.6317683,4.610755E-10,4.610755E-10,3.407367,-0.7334945
'[19:08:26.684 20/01/2026]',-5.046649,-3.346394,-0.3501472,8.249998,4.610755E-10,4.610755E-10,1.077968,4.039216
'[19:08:26.692 20/01/2026]',-5.046649,-3.346394,-0.3501472,8.249998,4.610755E-10,4.610755E-10,1.077968,4.039216
'[19:08:26.700 20/01/2026]',-4.198168,-6.602234,-7.353601,-10.79498,4.610755E-10,4.610755E-10,-9.136457,-8.400545
'[19:08:26.708 20/01/2026]',-4.198168,-6.602234,-7.353601,-10.79498,4.610755E-10,4.610755E-10,-9.136457,-8.400545
'[19:08:26.716 20/01/2026]',-4.198168,-6.602234,-7.353601,-10.79498,4.610755E-10,4.610755E-10,-9.136457,-8.400545
'[19:08:26.724 20/01/2026]',10.63789,10.13263,7.870358,7.772429,4.610755E-10,4.610755E-10,9.189921,7.197217
'[19:08:26.732 20/01/2026]',-1.73247,-3.111821,-2.002556,-1.43814,4.610755E-10,4.610755E-10,0.6120476,1.006522
'[19:08:26.740 20/01/2026]',-1.73247,-3.111821,-2.002556,-1.43814,4.610755E-10,4.610755E-10,0.6120476,1.006522
'[19:08:26.748 20/01/2026]',-2.973733,0.8463155,0.8926492,-0.2241075,4.610755E-10,4.610755E-10,-3.804475,-0.6104522
'[19:08:26.756 20/01/2026]',-2.973733,0.8463155,0.8926492,-0.2241075,4.610755E-10,4.610755E-10,-3.804475,-0.6104522
'[19:08:26.764 20/01/2026]',-2.973733,0.8463155,0.8926492,-0.2241075,4.610755E-10,4.610755E-10,-3.804475,-0.6104522
'[19:08:26.772 20/01/2026]',-14.26111,-14.24873,-12.8497,-10.56806,4.610755E-10,4.610755E-10,-10.18585,-15.66761
'[19:08:26.780 20/01/2026]',26.19546,22.97939,22.05155,19.52849,4.610755E-10,4.610755E-10,22.84918,26.92667
'[19:08:26.788 20/01/2026]',26.19546,22.97939,22.05155,19.52849,4.610755E-10,4.610755E-10,22.84918,26.92667
'[19:08:26.796 20/01/2026]',26.19546,22.97939,22.05155,19.52849,4.610755E-10,4.610755E-10,22.84918,26.92667
'[19:08:26.804 20/01/2026]',-9.532398,-8.79804,-9.141285,-9.289568,4.610755E-10,4.610755E-10,-12.50736,-13.82004
'[19:08:26.812 20/01/2026]',-9.532398,-8.79804,-9.141285,-9.289568,4.610755E-10,4.610755E-10,-12.50736,-13.82004
'[19:08:26.820 20/01/2026]',-9.774869,-11.19962,-13.02036,-6.796952,4.610755E-10,4.610755E-10,-8.195502,-7.715283
'[19:08:26.828 20/01/2026]',-9.774869,-11.19962,-13.02036,-6.796952,4.610755E-10,4.610755E-10,-8.195502,-7.715283
'[19:08:26.836 20/01/2026]',6.881333,6.227051,16.65028,9.785414,4.610755E-10,4.610755E-10,14.63341,17.01985
'[19:08:26.844 20/01/2026]',6.881333,6.227051,16.65028,9.785414,4.610755E-10,4.610755E-10,14.63341,17.01985
'[19:08:26.852 20/01/2026]',-12.97225,-10.11213,-14.42085,-15.25735,4.610755E-10,4.610755E-10,-14.12017,-23.54881
'[19:08:26.860 20/01/2026]',-12.97225,-10.11213,-14.42085,-15.25735,4.610755E-10,4.610755E-10,-14.12017,-23.54881
'[19:08:26.868 20/01/2026]',35.98265,27.71373,15.34346,28.63322,4.610755E-10,4.610755E-10,13.57226,26.37292
'[19:08:26.876 20/01/2026]',35.98265,27.71373,15.34346,28.63322,4.610755E-10,4.610755E-10,13.57226,26.37292
'[19:08:26.884 20/01/2026]',35.98265,27.71373,15.34346,28.63322,4.610755E-10,4.610755E-10,13.57226,26.37292
'[19:08:26.892 20/01/2026]',35.98265,27.71373,15.34346,28.63322,4.610755E-10,4.610755E-10,13.57226,26.37292
'[19:08:26.900 20/01/2026]',-33.53797,-22.406,-12.85837,-25.35644,4.610755E-10,4.610755E-10,-11.23859,-14.4508
'[19:08:26.908 20/01/2026]',5.355648,6.750607,8.392049,5.808735,4.610755E-10,4.610755E-10,10.27284,-5.677297
'[19:08:26.916 20/01/2026]',12.42607,-2.565744,-5.851754,6.232961,4.610755E-10,4.610755E-10,-8.50302,13.88506
'[19:08:26.924 20/01/2026]',-9.855358,1.6482,1.551445,-6.949821,4.610755E-10,4.610755E-10,0.7240046,-9.996006
'[19:08:26.932 20/01/2026]',-1.045016,0.5476406,0.7942853,3.081424,4.610755E-10,4.610755E-10,4.371347,3.441467
'[19:08:26.940 20/01/2026]',5.097302,-4.76396,-3.287692,-0.5084132,4.610755E-10,4.610755E-10,-4.258757,-1.646715
'[19:08:26.948 20/01/2026]',-5.247418,-1.746406,-0.1138124,-1.779169,4.610755E-10,4.610755E-10,-1.002627,3.481935
'[19:08:26.956 20/01/2026]',2.71781,1.814064,5.769343,3.62023,4.610755E-10,4.610755E-10,7.743228,1.367028
'[19:08:26.964 20/01/2026]',-9.83513,-3.868605,-7.557134,-8.284253,4.610755E-10,4.610755E-10,-8.823451,-13.61442
'[19:08:26.972 20/01/2026]',21.26896,22.21795,6.934758,9.58779,4.610755E-10,4.610755E-10,2.267507,13.20151
'[19:08:26.980 20/01/2026]',-10.85422,-14.37232,-2.476615,-0.9355531,4.610755E-10,4.610755E-10,2.888122,-0.2401368
'[19:08:26.988 20/01/2026]',-7.536498,-7.585041,-2.256873,-9.747967,4.610755E-10,4.610755E-10,-4.660668,-13.09742
'[19:08:26.996 20/01/2026]',8.032218,12.01595,1.542116,9.843761,4.610755E-10,4.610755E-10,5.470992,12.82346
'[19:08:27.004 20/01/2026]',3.090726,3.944503,3.471509,1.357707,4.610755E-10,4.610755E-10,2.195667,5.137341
'[19:08:27.012 20/01/2026]',-7.602603,-14.1952,-3.015986,-8.101786,4.610755E-10,4.610755E-10,-7.603261,-14.38055
'[19:08:27.020 20/01/2026]',-5.006351,-3.6187,-6.748819,-2.659303,4.610755E-10,4.610755E-10,-3.95259,-4.537243
'[19:08:27.028 20/01/2026]',10.55414,11.36021,6.930658,9.665742,4.610755E-10,4.610755E-10,8.256495,17.6953
'[19:08:27.036 20/01/2026]',1.884115,0.943707,3.515748,1.073127,4.610755E-10,4.610755E-10,5.398915,-1.820597
'[19:08:27.044 20/01/2026]',-7.952056,-9.468402,-5.822574,-8.508685,4.610755E-10,4.610755E-10,-11.88928,-13.46508
'[19:08:27.052 20/01/2026]',2.810093,2.060583,-2.499875,1.605596,4.610755E-10,4.610755E-10,0.56359,5.927088
'[19:08:27.060 20/01/2026]',7.494549,7.718795,7.619293,10.56124,4.610755E-10,4.610755E-10,9.904726,11.96305
'[19:08:27.068 20/01/2026]',-3.921737,-1.797541,-0.02064983,-3.665091,4.610755E-10,4.610755E-10,-2.527197,-4.824051
'[19:08:27.076 20/01/2026]',-8.633037,-7.694901,-8.933213,-11.58651,4.610755E-10,4.610755E-10,-9.342213,-16.35844
'[19:08:27.084 20/01/2026]',-3.835855,-1.700084,-0.9002069,-2.929461,4.610755E-10,4.610755E-10,-0.7012131,5.759588
'[19:08:27.092 20/01/2026]',21.49062,13.84153,12.22923,22.3949,4.610755E-10,4.610755E-10,16.14942,18.88725
'[19:08:27.100 20/01/2026]',-12.0891,-7.558326,-5.390378,-12.0801,4.610755E-10,4.610755E-10,-9.138151,-17.41511
'[19:08:27.108 20/01/2026]',0.5686849,-0.6621357,-1.856873,-1.33434,4.610755E-10,4.610755E-10,-4.531684,1.527881
'[19:08:27.116 20/01/2026]',-4.110048,-0.1364916,-1.614085,-1.930332,4.610755E-10,4.610755E-10,3.335491,5.555806
'[19:08:27.124 20/01/2026]',5.987618,0.2475746,4.684261,3.666238,4.610755E-10,4.610755E-10,3.836165,-2.986886
'[19:08:27.132 20/01/2026]',1.749812,0.7112443,-2.910297,4.74967,4.610755E-10,4.610755E-10,-4.34303,1.554251
'[19:08:27.140 20/01/2026]',0.2113319,5.136061,4.233861,0.2120851,4.610755E-10,4.610755E-10,4.784989,3.007075
'[19:08:27.148 20/01/2026]',-8.04902,-8.635977,-7.957314,-10.81625,4.610755E-10,4.610755E-10,-9.110675,-11.08486
'[19:08:27.156 20/01/2026]',4.52555,-7.026721,-0.5927349,6.192025,4.610755E-10,4.610755E-10,0.6059838,7.37783
'[19:08:27.164 20/01/2026]',18.92587,29.78251,21.0441,17.70899,4.610755E-10,4.610755E-10,20.7442,13.54054
'[19:08:27.172 20/01/2026]',-24.82325,-18.26786,-16.83626,-24.37815,4.610755E-10,4.610755E-10,-19.72134,-20.14558
'[19:08:27.180 20/01/2026]',-1.874265,-15.4124,-11.3486,-4.901312,4.610755E-10,4.610755E-10,-7.823732,-1.645873
'[19:08:27.188 20/01/2026]',12.96644,19.28184,16.94175,17.84762,4.610755E-10,4.610755E-10,17.9986,13.45365
'[19:08:27.196 20/01/2026]',-1.334315,0.4569692,-2.659133,-2.828268,4.610755E-10,4.610755E-10,-4.837548,-4.987284
'[19:08:27.204 20/01/2026]',-8.435174,-13.21042,-7.992274,-11.62525,4.610755E-10,4.610755E-10,-9.21981,-5.667283
'[19:08:27.212 20/01/2026]',2.167235,5.966879,4.122133,7.483881,4.610755E-10,4.610755E-10,7.233157,3.665724
'[19:08:27.220 20/01/2026]',6.561286,2.6621,0.7571962,2.698187,4.610755E-10,4.610755E-10,-0.9464649,0.3188377
'[19:08:27.228 20/01/2026]',6.561286,2.6621,0.7571962,2.698187,4.610755E-10,4.610755E-10,-0.9464649,0.3188377
'[19:08:27.236 20/01/2026]',6.561286,2.6621,0.7571962,2.698187,4.610755E-10,4.610755E-10,-0.9464649,0.3188377
'[19:08:27.244 20/01/2026]',0.4486634,2.942607,3.877542,-0.7268929,4.610755E-10,4.610755E-10,5.627732,8.566646
'[19:08:27.252 20/01/2026]',-12.43423,-14.24499,-12.98509,-8.299783,4.610755E-10,4.610755E-10,-14.3417,-20.80572
'[19:08:27.260 20/01/2026]',-12.43423,-14.24499,-12.98509,-8.299783,4.610755E-10,4.610755E-10,-14.3417,-20.80572
'[19:08:27.268 20/01/2026]',5.071803,11.5975,10.95961,5.436821,4.610755E-10,4.610755E-10,10.42815,10.48941
'[19:08:27.276 20/01/2026]',7.127799,2.425141,0.9849937,2.602603,4.610755E-10,4.610755E-10,1.142023,7.2324
'[19:08:27.284 20/01/2026]',-5.166367,-10.07846,-9.332831,-5.226475,4.610755E-10,4.610755E-10,-8.00579,-11.38683
'[19:08:27.292 20/01/2026]',-5.166367,-10.07846,-9.332831,-5.226475,4.610755E-10,4.610755E-10,-8.00579,-11.38683
'[19:08:27.300 20/01/2026]',-5.166367,-10.07846,-9.332831,-5.226475,4.610755E-10,4.610755E-10,-8.00579,-11.38683
'[19:08:27.308 20/01/2026]',1.74448,7.867999,7.984781,3.802239,4.610755E-10,4.610755E-10,7.139824,6.160737
'[19:08:27.316 20/01/2026]',1.74448,7.867999,7.984781,3.802239,4.610755E-10,4.610755E-10,7.139824,6.160737
'[19:08:27.324 20/01/2026]',8.832236,7.434997,7.905242,10.92688,4.610755E-10,4.610755E-10,6.935565,11.29255
'[19:08:27.332 20/01/2026]',8.832236,7.434997,7.905242,10.92688,4.610755E-10,4.610755E-10,6.935565,11.29255
'[19:08:27.340 20/01/2026]',-9.411734,-12.83827,-13.07498,-15.58721,4.610755E-10,4.610755E-10,-12.80767,-19.31441
'[19:08:27.348 20/01/2026]',-9.411734,-12.83827,-13.07498,-15.58721,4.610755E-10,4.610755E-10,-12.80767,-19.31441
'[19:08:27.356 20/01/2026]',-4.61248,-2.447146,-3.000476,-1.126254,4.610755E-10,4.610755E-10,-0.3849064,3.148513
'[19:08:27.364 20/01/2026]',-4.61248,-2.447146,-3.000476,-1.126254,4.610755E-10,4.610755E-10,-0.3849064,3.148513
'[19:08:27.372 20/01/2026]',18.7813,20.01067,21.90244,21.46238,4.610755E-10,4.610755E-10,18.42108,20.85179
'[19:08:27.380 20/01/2026]',18.7813,20.01067,21.90244,21.46238,4.610755E-10,4.610755E-10,18.42108,20.85179
'[19:08:27.388 20/01/2026]',18.7813,20.01067,21.90244,21.46238,4.610755E-10,4.610755E-10,18.42108,20.85179
'[19:08:27.396 20/01/2026]',18.7813,20.01067,21.90244,21.46238,4.610755E-10,4.610755E-10,18.42108,20.85179
'[19:08:27.404 20/01/2026]',-15.28774,-18.2808,-19.12144,-20.03822,4.610755E-10,4.610755E-10,-18.438,-20.79447
'[19:08:27.412 20/01/2026]',5.540682,6.731968,7.240237,7.269439,4.610755E-10,4.610755E-10,8.38236,6.875956
'[19:08:27.420 20/01/2026]',5.540682,6.731968,7.240237,7.269439,4.610755E-10,4.610755E-10,8.38236,6.875956
'[19:08:27.428 20/01/2026]',4.442307,3.900635,3.567783,6.999735,4.610755E-10,4.610755E-10,3.440274,6.015311
'[19:08:27.436 20/01/2026]',4.442307,3.900635,3.567783,6.999735,4.610755E-10,4.610755E-10,3.440274,6.015311
'[19:08:27.444 20/01/2026]',-5.745026,-3.976419,-5.684322,-9.017776,4.610755E-10,4.610755E-10,-5.564292,-4.24999
'[19:08:27.452 20/01/2026]',-5.745026,-3.976419,-5.684322,-9.017776,4.610755E-10,4.610755E-10,-5.564292,-4.24999
'[19:08:27.460 20/01/2026]',-7.091554,-4.272079,-3.152621,-7.223175,4.610755E-10,4.610755E-10,-4.78786,-11.30879
'[19:08:27.468 20/01/2026]',-7.091554,-4.272079,-3.152621,-7.223175,4.610755E-10,4.610755E-10,-4.78786,-11.30879
'[19:08:27.476 20/01/2026]',8.743864,3.041777,5.386778,11.99583,4.610755E-10,4.610755E-10,5.478156,9.256557
'[19:08:27.484 20/01/2026]',8.743864,3.041777,5.386778,11.99583,4.610755E-10,4.610755E-10,5.478156,9.256557
'[19:08:27.492 20/01/2026]',8.743864,3.041777,5.386778,11.99583,4.610755E-10,4.610755E-10,5.478156,9.256557
'[19:08:27.500 20/01/2026]',3.087493,1.362468,0.4867243,1.121949,4.610755E-10,4.610755E-10,1.067553,5.16836
'[19:08:27.508 20/01/2026]',-3.82618,2.269242,0.7788718,-5.342393,4.610755E-10,4.610755E-10,1.531279,-7.167197
'[19:08:27.516 20/01/2026]',-4.297566,-2.340486,-1.947905,0.7658865,4.610755E-10,4.610755E-10,-4.612751,5.192413
'[19:08:27.524 20/01/2026]',3.556553,-4.061199,-5.390599,0.3118677,4.610755E-10,4.610755E-10,-1.095088,-5.93488
'[19:08:27.532 20/01/2026]',12.72262,7.763065,11.76088,7.939685,4.610755E-10,4.610755E-10,8.756888,11.56218
'[19:08:27.540 20/01/2026]',-16.71053,-0.7081154,-5.268473,-9.738952,4.610755E-10,4.610755E-10,-5.213718,-7.530236
'[19:08:27.548 20/01/2026]',-1.505902,-9.050318,-6.69795,-2.41046,4.610755E-10,4.610755E-10,-5.456961,-11.57554
'[19:08:27.556 20/01/2026]',15.32999,11.06037,12.67636,14.59326,4.610755E-10,4.610755E-10,11.62097,25.02795
'[19:08:27.564 20/01/2026]',-15.35953,-8.514739,-10.07347,-17.6156,4.610755E-10,4.610755E-10,-9.311707,-19.49903
'[19:08:27.572 20/01/2026]',0.4221377,2.054766,-0.1501528,3.74945,4.610755E-10,4.610755E-10,-0.9807004,-2.858994
'[19:08:27.580 20/01/2026]',11.38269,0.6495427,4.884541,11.50356,4.610755E-10,4.610755E-10,6.441881,17.45113
'[19:08:27.588 20/01/2026]',-2.07041,5.207383,3.838006,-6.922967,4.610755E-10,4.610755E-10,2.039858,-6.917582
'[19:08:27.596 20/01/2026]',-4.951283,0.0877723,-2.281837,0.9575916,4.610755E-10,4.610755E-10,-1.256832,-2.483677
'[19:08:27.604 20/01/2026]',-2.933911,-14.17087,-11.06426,-4.997584,4.610755E-10,4.610755E-10,-10.46591,-0.9870489
'[19:08:27.612 20/01/2026]',8.423066,13.46404,12.39237,6.391243,4.610755E-10,4.610755E-10,10.94019,4.535902
'[19:08:27.620 20/01/2026]',-7.174371,-6.352403,-6.915238,-3.731857,4.610755E-10,4.610755E-10,-4.956491,-6.097952
'[19:08:27.628 20/01/2026]',5.630238,7.420608,8.077635,5.260954,4.610755E-10,4.610755E-10,4.552609,4.079276
'[19:08:27.636 20/01/2026]',-5.492197,-5.387269,-6.590043,-5.748044,4.610755E-10,4.610755E-10,-6.179894,-1.18531
'[19:08:27.644 20/01/2026]',1.54908,-9.807995,-2.672399,-1.68458,4.610755E-10,4.610755E-10,1.609132,-0.6192166
'[19:08:27.652 20/01/2026]',-0.6357883,15.01717,5.312484,1.530059,4.610755E-10,4.610755E-10,0.7482873,-3.215234
'[19:08:27.660 20/01/2026]',1.730621,-3.082696,-2.238646,5.997368,4.610755E-10,4.610755E-10,-2.469218,6.925719
'[19:08:27.668 20/01/2026]',-1.089107,-6.612696,-2.514845,-7.950116,4.610755E-10,4.610755E-10,0.5848221,-7.355264
'[19:08:27.676 20/01/2026]',6.770645,12.98815,10.86596,9.094299,4.610755E-10,4.610755E-10,10.95193,10.1625
'[19:08:27.684 20/01/2026]',-16.93702,-12.47064,-11.79164,-10.48722,4.610755E-10,4.610755E-10,-15.60673,-11.54569
'[19:08:27.692 20/01/2026]',14.54235,3.292107,3.006933,5.558533,4.610755E-10,4.610755E-10,6.614983,6.928194
'[19:08:27.700 20/01/2026]',4.156462,6.058327,5.29224,8.466451,4.610755E-10,4.610755E-10,5.119339,7.631165
'[19:08:27.708 20/01/2026]',-15.45929,-6.337157,-6.050715,-14.06643,4.610755E-10,4.610755E-10,-6.489352,-13.5714
'[19:08:27.716 20/01/2026]',5.854591,0.4495849,0.08370616,3.556493,4.610755E-10,4.610755E-10,0.1305058,3.015716
'[19:08:27.724 20/01/2026]',-0.3915777,-1.825404,-0.2981471,-0.7125921,4.610755E-10,4.610755E-10,-1.858536,4.116856
'[19:08:27.732 20/01/2026]',1.915958,0.885569,2.32498,0.0920211,4.610755E-10,4.610755E-10,3.361932,-5.575302
'[19:08:27.740 20/01/2026]',2.132544,3.758369,1.523917,8.527049,4.610755E-10,4.610755E-10,1.03836,4.998229
'[19:08:27.748 20/01/2026]',0.67769,-0.3924722,-1.761517,-0.9439126,4.610755E-10,4.610755E-10,-0.1175816,4.011433
'[19:08:27.756 20/01/2026]',-0.2991914,-2.686337,-0.08495837,-4.01839,4.610755E-10,4.610755E-10,-3.132499,-7.084469
'[19:08:27.764 20/01/2026]',-8.849303,-4.711054,-6.120516,-10.58045,4.610755E-10,4.610755E-10,-4.635022,-8.271968
'[19:08:27.772 20/01/2026]',16.79565,16.26337,16.50543,22.83787,4.610755E-10,4.610755E-10,14.81914,21.95988
'[19:08:27.780 20/01/2026]',-15.90868,-13.25208,-13.91606,-14.63041,4.610755E-10,4.610755E-10,-10.75784,-17.15016
'[19:08:27.788 20/01/2026]',3.646303,-0.5240353,0.6214143,-1.617384,4.610755E-10,4.610755E-10,-0.7434745,2.483502
'[19:08:27.796 20/01/2026]',0.5357209,2.974188,2.521224,-0.02705465,4.610755E-10,4.610755E-10,1.599391,2.810864
'[19:08:27.804 20/01/2026]',2.222238,2.08629,1.151012,6.945837,4.610755E-10,4.610755E-10,3.667364,0.3364742
'[19:08:27.812 20/01/2026]',-3.815195,-1.884293,-1.587113,-4.04826,4.610755E-10,4.610755E-10,-5.565263,-3.332178
'[19:08:27.820 20/01/2026]',-3.815195,-1.884293,-1.587113,-4.04826,4.610755E-10,4.610755E-10,-5.565263,-3.332178
'[19:08:27.828 20/01/2026]',0.07828376,-2.198646,-1.135896,-3.611619,4.610755E-10,4.610755E-10,0.2400009,-0.2446116
'[19:08:27.836 20/01/2026]',0.07828376,-2.198646,-1.135896,-3.611619,4.610755E-10,4.610755E-10,0.2400009,-0.2446116
'[19:08:27.844 20/01/2026]',0.07828376,-2.198646,-1.135896,-3.611619,4.610755E-10,4.610755E-10,0.2400009,-0.2446116
'[19:08:27.852 20/01/2026]',0.9562356,0.1243606,-0.1882845,1.649788,4.610755E-10,4.610755E-10,3.105419,-1.746363
'[19:08:27.860 20/01/2026]',-2.738983,-0.08902374,-0.6360357,-0.05771686,4.610755E-10,4.610755E-10,-5.530338,1.106645
'[19:08:27.868 20/01/2026]',-2.738983,-0.08902374,-0.6360357,-0.05771686,4.610755E-10,4.610755E-10,-5.530338,1.106645
'[19:08:27.876 20/01/2026]',-2.738983,-0.08902374,-0.6360357,-0.05771686,4.610755E-10,4.610755E-10,-5.530338,1.106645
'[19:08:27.884 20/01/2026]',8.013613,6.944669,6.614324,5.743441,4.610755E-10,4.610755E-10,9.098069,7.506189
'[19:08:27.892 20/01/2026]',8.013613,6.944669,6.614324,5.743441,4.610755E-10,4.610755E-10,9.098069,7.506189
'[19:08:27.900 20/01/2026]',8.013613,6.944669,6.614324,5.743441,4.610755E-10,4.610755E-10,9.098069,7.506189
'[19:08:27.908 20/01/2026]',-9.315596,-8.657786,-8.574276,-10.26971,4.610755E-10,4.610755E-10,-7.909114,-15.15621
'[19:08:27.916 20/01/2026]',-9.315596,-8.657786,-8.574276,-10.26971,4.610755E-10,4.610755E-10,-7.909114,-15.15621
'[19:08:27.924 20/01/2026]',-9.315596,-8.657786,-8.574276,-10.26971,4.610755E-10,4.610755E-10,-7.909114,-15.15621
'[19:08:27.932 20/01/2026]',-9.315596,-8.657786,-8.574276,-10.26971,4.610755E-10,4.610755E-10,-7.909114,-15.15621
'[19:08:27.940 20/01/2026]',0.6983491,-3.478605,-2.408907,4.848946,4.610755E-10,4.610755E-10,-4.733509,8.660937
'[19:08:27.948 20/01/2026]',-3.52149,8.142451,6.187553,-5.65314,4.610755E-10,4.610755E-10,6.46613,-5.024465
'[19:08:27.956 20/01/2026]',-3.52149,8.142451,6.187553,-5.65314,4.610755E-10,4.610755E-10,6.46613,-5.024465
'[19:08:27.964 20/01/2026]',8.61177,-1.352854,-0.6131003,7.907947,4.610755E-10,4.610755E-10,3.175251,4.044613
'[19:08:27.972 20/01/2026]',-1.22992,-5.573936,-5.530167,-0.8073566,4.610755E-10,4.610755E-10,-10.54402,3.801708
'[19:08:27.980 20/01/2026]',-9.63498,3.4887,5.022663,-10.23122,4.610755E-10,4.610755E-10,6.06814,-12.6231
'[19:08:27.988 20/01/2026]',-9.63498,3.4887,5.022663,-10.23122,4.610755E-10,4.610755E-10,6.06814,-12.6231
'[19:08:27.996 20/01/2026]',-9.63498,3.4887,5.022663,-10.23122,4.610755E-10,4.610755E-10,6.06814,-12.6231
'[19:08:28.004 20/01/2026]',1.532006,-1.124965,-1.287336,2.829983,4.610755E-10,4.610755E-10,0.9917155,2.18227
'[19:08:28.012 20/01/2026]',1.532006,-1.124965,-1.287336,2.829983,4.610755E-10,4.610755E-10,0.9917155,2.18227
'[19:08:28.020 20/01/2026]',7.996387,-1.091448,-2.303372,5.141323,4.610755E-10,4.610755E-10,-6.127425,8.089748
'[19:08:28.028 20/01/2026]',7.996387,-1.091448,-2.303372,5.141323,4.610755E-10,4.610755E-10,-6.127425,8.089748
'[19:08:28.036 20/01/2026]',7.996387,-1.091448,-2.303372,5.141323,4.610755E-10,4.610755E-10,-6.127425,8.089748
'[19:08:28.044 20/01/2026]',-5.062261,0.2176906,0.5553625,-0.5689517,4.610755E-10,4.610755E-10,4.325509,-4.152849
'[19:08:28.052 20/01/2026]',1.400453,4.78497,3.966434,-2.3764,4.610755E-10,4.610755E-10,3.495632,-1.556931
'[19:08:28.060 20/01/2026]',1.400453,4.78497,3.966434,-2.3764,4.610755E-10,4.610755E-10,3.495632,-1.556931
'[19:08:28.068 20/01/2026]',-1.817696,-7.929296,-6.108449,-0.3353276,4.610755E-10,4.610755E-10,-8.044718,-0.6165014
'[19:08:28.076 20/01/2026]',-1.817696,-7.929296,-6.108449,-0.3353276,4.610755E-10,4.610755E-10,-8.044718,-0.6165014
'[19:08:28.084 20/01/2026]',-1.817696,-7.929296,-6.108449,-0.3353276,4.610755E-10,4.610755E-10,-8.044718,-0.6165014
'[19:08:28.092 20/01/2026]',-1.817696,-7.929296,-6.108449,-0.3353276,4.610755E-10,4.610755E-10,-8.044718,-0.6165014
'[19:08:28.100 20/01/2026]',-0.379335,3.559797,3.402469,1.0798,4.610755E-10,4.610755E-10,5.720317,4.490035
'[19:08:28.108 20/01/2026]',4.482611,3.890822,1.902259,4.032473,4.610755E-10,4.610755E-10,0.9658642,0.9487123
'[19:08:28.116 20/01/2026]',3.462668,-1.437363,-1.682397,0.5115633,4.610755E-10,4.610755E-10,-1.880699,-2.805681
'[19:08:28.124 20/01/2026]',-13.85792,-6.349523,-3.085624,-12.02601,4.610755E-10,4.610755E-10,-1.088883,-2.515594
'[19:08:28.132 20/01/2026]',7.178147,4.743351,2.775079,9.049041,4.610755E-10,4.610755E-10,-0.7402746,2.710448
'[19:08:28.140 20/01/2026]',2.546628,-2.019395,-2.34938,-0.3829211,4.610755E-10,4.610755E-10,0.1336484,-1.597731
'[19:08:28.148 20/01/2026]',-0.8691406,1.892275,1.680018,-0.6138,4.610755E-10,4.610755E-10,2.396433,3.132917
'[19:08:28.156 20/01/2026]',-0.432308,3.307342,2.137991,1.215272,4.610755E-10,4.610755E-10,2.684624,-0.07069518
'[19:08:28.164 20/01/2026]',0.8086878,-6.720388,0.3964701,-0.5020385,4.610755E-10,4.610755E-10,-4.112864,2.145985
'[19:08:28.172 20/01/2026]',-0.7061149,-2.379977,-6.272952,-0.2257084,4.610755E-10,4.610755E-10,-3.699333,-8.564889
'[19:08:28.180 20/01/2026]',5.899981,10.2337,5.268843,4.314855,4.610755E-10,4.610755E-10,8.35418,9.66366
'[19:08:28.188 20/01/2026]',-7.952552,-2.714386,0.7373143,-3.705394,4.610755E-10,4.610755E-10,-3.598553,1.400871
'[19:08:28.196 20/01/2026]',0.9091606,-7.805585,-4.617517,-1.849727,4.610755E-10,4.610755E-10,-1.875748,-9.265155
'[19:08:28.204 20/01/2026]',2.036697,5.272546,2.801866,0.5919262,4.610755E-10,4.610755E-10,1.524339,3.455601
'[19:08:28.212 20/01/2026]',-3.440207,0.9066569,-1.330713,-1.914717,4.610755E-10,4.610755E-10,-1.914622,0.1393901
'[19:08:28.220 20/01/2026]',-4.841203,-2.350507,-0.08259658,-3.111007,4.610755E-10,4.610755E-10,1.59132,-7.299171
'[19:08:28.228 20/01/2026]',14.77873,3.056942,4.684783,13.6562,4.610755E-10,4.610755E-10,3.21037,15.95871
'[19:08:28.236 20/01/2026]',-4.920028,-1.948551,-3.706637,-6.745626,4.610755E-10,4.610755E-10,-5.260878,-6.516729
'[19:08:28.244 20/01/2026]',-16.82979,-5.323472,-6.069702,-15.45894,4.610755E-10,4.610755E-10,-2.414078,-15.38577
'[19:08:28.252 20/01/2026]',16.44935,6.805472,9.226363,16.19033,4.610755E-10,4.610755E-10,5.080848,15.24617
'[19:08:28.260 20/01/2026]',-1.441308,-4.597999,-4.477323,0.623278,4.610755E-10,4.610755E-10,-1.335146,-1.828848
'[19:08:28.268 20/01/2026]',2.617915,4.297982,2.257545,-2.220517,4.610755E-10,4.610755E-10,1.952034,3.67891
'[19:08:28.276 20/01/2026]',-16.02888,-12.641,-9.4819,-13.14816,4.610755E-10,4.610755E-10,-11.76554,-16.67842
'[19:08:28.284 20/01/2026]',10.23798,8.822821,6.405575,13.33516,4.610755E-10,4.610755E-10,9.172779,11.91675
'[19:08:28.292 20/01/2026]',13.36132,9.717557,11.02269,9.141608,4.610755E-10,4.610755E-10,8.360786,10.75278
'[19:08:28.300 20/01/2026]',-11.30656,-12.98845,-12.45335,-15.87502,4.610755E-10,4.610755E-10,-10.20859,-9.918936
'[19:08:28.308 20/01/2026]',-14.93129,-8.773123,-8.239779,-6.875438,4.610755E-10,4.610755E-10,-8.719357,-11.15312
'[19:08:28.316 20/01/2026]',25.39531,25.65544,22.60737,25.77235,4.610755E-10,4.610755E-10,22.70924,18.94703
'[19:08:28.324 20/01/2026]',-7.26485,-12.47817,-8.484124,-12.33833,4.610755E-10,4.610755E-10,-9.859896,-2.313159
'[19:08:28.332 20/01/2026]',-11.18346,-9.344387,-12.11932,-9.727215,4.610755E-10,4.610755E-10,-11.96747,-16.57047
'[19:08:28.340 20/01/2026]',8.744877,6.674735,7.501827,8.355113,4.610755E-10,4.610755E-10,10.33487,12.304
'[19:08:28.348 20/01/2026]',1.872443,7.994373,8.491835,4.233117,4.610755E-10,4.610755E-10,6.668549,3.511075
'[19:08:28.356 20/01/2026]',-7.46813,-9.093546,-9.161524,-8.348923,4.610755E-10,4.610755E-10,-11.79453,-15.27091
'[19:08:28.364 20/01/2026]',11.63454,5.691979,5.335875,10.40526,4.610755E-10,4.610755E-10,9.054293,22.23463
'[19:08:28.372 20/01/2026]',-7.156271,-5.955157,-6.024304,-8.626752,4.610755E-10,4.610755E-10,-4.935368,-6.65878
'[19:08:28.380 20/01/2026]',-4.659677,0.5404049,1.296169,-4.894088,4.610755E-10,4.610755E-10,-2.712574,-16.34855
'[19:08:28.388 20/01/2026]',6.807596,-0.894895,-1.289096,9.480482,4.610755E-10,4.610755E-10,0.226933,10.81784
'[19:08:28.396 20/01/2026]',7.402555,8.604544,9.887974,9.070036,4.610755E-10,4.610755E-10,10.27467,16.5763
'[19:08:28.404 20/01/2026]',-10.5307,-4.573981,-6.413955,-16.72147,4.610755E-10,4.610755E-10,-6.385198,-23.74957
'[19:08:28.412 20/01/2026]',-10.5307,-4.573981,-6.413955,-16.72147,4.610755E-10,4.610755E-10,-6.385198,-23.74957
'[19:08:28.420 20/01/2026]',-8.470552,-8.533547,-7.923952,-2.288889,4.610755E-10,4.610755E-10,-8.802006,-0.2704693
'[19:08:28.428 20/01/2026]',-8.470552,-8.533547,-7.923952,-2.288889,4.610755E-10,4.610755E-10,-8.802006,-0.2704693
'[19:08:28.436 20/01/2026]',10.63708,4.791301,7.786511,12.2023,4.610755E-10,4.610755E-10,8.059372,11.52544
'[19:08:28.444 20/01/2026]',10.63708,4.791301,7.786511,12.2023,4.610755E-10,4.610755E-10,8.059372,11.52544
'[19:08:28.452 20/01/2026]',10.63708,4.791301,7.786511,12.2023,4.610755E-10,4.610755E-10,8.059372,11.52544
'[19:08:28.460 20/01/2026]',10.63708,4.791301,7.786511,12.2023,4.610755E-10,4.610755E-10,8.059372,11.52544
'[19:08:28.468 20/01/2026]',10.63708,4.791301,7.786511,12.2023,4.610755E-10,4.610755E-10,8.059372,11.52544
'[19:08:28.476 20/01/2026]',10.63708,4.791301,7.786511,12.2023,4.610755E-10,4.610755E-10,8.059372,11.52544
'[19:08:28.484 20/01/2026]',-20.9664,-12.0088,-11.42783,-14.81661,4.610755E-10,4.610755E-10,-2.70983,-6.235117
'[19:08:28.492 20/01/2026]',23.01231,21.6865,13.81759,9.649017,4.610755E-10,4.610755E-10,-0.2181714,-0.07185585
'[19:08:28.500 20/01/2026]',30.12605,13.32848,11.89882,9.55248,4.610755E-10,4.610755E-10,5.800625,1.084717
'[19:08:28.508 20/01/2026]',-45.10546,-32.70471,-21.70613,-13.83332,4.610755E-10,4.610755E-10,-5.274144,2.426377
'[19:08:28.516 20/01/2026]',-45.10546,-32.70471,-21.70613,-13.83332,4.610755E-10,4.610755E-10,-5.274144,2.426377
'[19:08:28.524 20/01/2026]',-14.30613,-5.139793,-9.859343,-13.80103,4.610755E-10,4.610755E-10,-13.56076,-17.2163
'[19:08:28.532 20/01/2026]',-14.30613,-5.139793,-9.859343,-13.80103,4.610755E-10,4.610755E-10,-13.56076,-17.2163
'[19:08:28.540 20/01/2026]',-14.30613,-5.139793,-9.859343,-13.80103,4.610755E-10,4.610755E-10,-13.56076,-17.2163
'[19:08:28.548 20/01/2026]',-14.30613,-5.139793,-9.859343,-13.80103,4.610755E-10,4.610755E-10,-13.56076,-17.2163
'[19:08:28.556 20/01/2026]',45.31284,34.443,32.06158,33.91544,4.610755E-10,4.610755E-10,27.26945,24.99427
'[19:08:28.564 20/01/2026]',-10.01806,-9.769423,-8.909006,-7.93942,4.610755E-10,4.610755E-10,-4.653382,2.235844
'[19:08:28.572 20/01/2026]',-26.90358,-24.68183,-20.21374,-27.50209,4.610755E-10,4.610755E-10,-23.71292,-28.47613
'[19:08:28.580 20/01/2026]',-26.90358,-24.68183,-20.21374,-27.50209,4.610755E-10,4.610755E-10,-23.71292,-28.47613
'[19:08:28.588 20/01/2026]',1.672645,6.316144,2.304163,7.962426,4.610755E-10,4.610755E-10,6.155011,-1.875213
'[19:08:28.596 20/01/2026]',1.672645,6.316144,2.304163,7.962426,4.610755E-10,4.610755E-10,6.155011,-1.875213
'[19:08:28.604 20/01/2026]',1.672645,6.316144,2.304163,7.962426,4.610755E-10,4.610755E-10,6.155011,-1.875213
'[19:08:28.612 20/01/2026]',36.73769,20.90856,21.81878,31.2521,4.610755E-10,4.610755E-10,18.07193,39.91704
'[19:08:28.620 20/01/2026]',36.73769,20.90856,21.81878,31.2521,4.610755E-10,4.610755E-10,18.07193,39.91704
'[19:08:28.628 20/01/2026]',36.73769,20.90856,21.81878,31.2521,4.610755E-10,4.610755E-10,18.07193,39.91704
'[19:08:28.636 20/01/2026]',36.73769,20.90856,21.81878,31.2521,4.610755E-10,4.610755E-10,18.07193,39.91704
'[19:08:28.644 20/01/2026]',36.73769,20.90856,21.81878,31.2521,4.610755E-10,4.610755E-10,18.07193,39.91704
'[19:08:28.652 20/01/2026]',36.73769,20.90856,21.81878,31.2521,4.610755E-10,4.610755E-10,18.07193,39.91704
'[19:08:28.660 20/01/2026]',36.73769,20.90856,21.81878,31.2521,4.610755E-10,4.610755E-10,18.07193,39.91704
'[19:08:28.668 20/01/2026]',-16.48422,-0.1463059,-2.620423,-18.28762,4.610755E-10,4.610755E-10,-1.327214,-18.8047
'[19:08:28.676 20/01/2026]',-31.31066,-32.04453,-30.63823,-26.96967,4.610755E-10,4.610755E-10,-25.1325,-29.51016
'[19:08:28.684 20/01/2026]',37.60103,23.72056,27.02992,36.17596,4.610755E-10,4.610755E-10,17.54333,38.77311
'[19:08:28.692 20/01/2026]',-17.4785,-4.141057,-6.907254,-19.14197,4.610755E-10,4.610755E-10,-3.319,-22.61299
'[19:08:28.700 20/01/2026]',-4.209424,-2.554923,-5.218988,-0.3865286,4.610755E-10,4.610755E-10,1.489131,1.626618
'[19:08:28.708 20/01/2026]',14.60481,2.769226,6.993198,12.44553,4.610755E-10,4.610755E-10,-1.051647,12.39557
'[19:08:28.716 20/01/2026]',14.60481,2.769226,6.993198,12.44553,4.610755E-10,4.610755E-10,-1.051647,12.39557
'[19:08:28.724 20/01/2026]',-2.896036,0.5714512,-0.4759082,-4.528631,4.610755E-10,4.610755E-10,-0.1407235,-3.205619
'[19:08:28.732 20/01/2026]',-7.773395,-2.620525,-3.255941,-4.305059,4.610755E-10,4.610755E-10,0.4209651,-9.410789
'[19:08:28.740 20/01/2026]',-5.3799,-7.454238,-6.683241,-8.041634,4.610755E-10,4.610755E-10,-7.981584,-1.678374
'[19:08:28.748 20/01/2026]',20.69692,16.64006,17.21988,20.43788,4.610755E-10,4.610755E-10,15.70479,17.01076
'[19:08:28.756 20/01/2026]',-7.023788,-7.040949,-9.854923,-8.627984,4.610755E-10,4.610755E-10,-9.515386,-9.358576
'[19:08:28.764 20/01/2026]',-8.756476,-0.5345861,0.7459561,-6.329895,4.610755E-10,4.610755E-10,0.7145318,-3.555261
'[19:08:28.772 20/01/2026]',6.59811,0.3131771,1.195046,6.433958,4.610755E-10,4.610755E-10,1.571404,2.479752
'[19:08:28.780 20/01/2026]',-1.484508,0.5214708,-0.6154166,-1.633277,4.610755E-10,4.610755E-10,-0.9433244,2.11247
'[19:08:28.788 20/01/2026]',-5.69659,-7.844414,-6.569922,-5.221812,4.610755E-10,4.610755E-10,-6.398759,-8.052822
'[19:08:28.796 20/01/2026]',13.42205,15.4246,15.401,11.42621,4.610755E-10,4.610755E-10,15.46086,12.1151
'[19:08:28.804 20/01/2026]',-11.31114,-13.67579,-16.10172,-9.035853,4.610755E-10,4.610755E-10,-15.85321,-5.410613
'[19:08:28.812 20/01/2026]',1.523373,1.834142,3.953918,1.903652,4.610755E-10,4.610755E-10,4.897308,-0.3923873
'[19:08:28.820 20/01/2026]',4.797071,4.638406,5.059672,2.818244,4.610755E-10,4.610755E-10,3.938813,-0.9811741
'[19:08:28.828 20/01/2026]',0.9392998,-1.657955,-2.179597,-0.6834207,4.610755E-10,4.610755E-10,-2.812274,8.129124
'[19:08:28.836 20/01/2026]',-7.250432,3.046567,0.6885304,-0.4083996,4.610755E-10,4.610755E-10,-0.436198,-8.219494
'[19:08:28.844 20/01/2026]',9.85252,-5.025435,-0.7779768,3.336077,4.610755E-10,4.610755E-10,3.955319,1.751848
'[19:08:28.852 20/01/2026]',-6.112927,3.929601,2.31652,-5.605004,4.610755E-10,4.610755E-10,-1.019622,4.677041
'[19:08:28.860 20/01/2026]',-4.550208,-0.2714181,-2.268409,3.957918,4.610755E-10,4.610755E-10,-4.11824,-7.077785
'[19:08:28.868 20/01/2026]',8.400254,2.700455,4.273621,-4.170907,4.610755E-10,4.610755E-10,9.870584,4.696573
'[19:08:28.876 20/01/2026]',-4.508926,-6.626937,-7.049786,2.115654,4.610755E-10,4.610755E-10,-12.92495,-4.758673
'[19:08:28.884 20/01/2026]',-2.395177,0.7593521,2.086478,0.6506061,4.610755E-10,4.610755E-10,3.438753,2.345218
'[19:08:28.892 20/01/2026]',7.4939,9.02591,4.607028,-2.611367,4.610755E-10,4.610755E-10,7.635361,-1.810809
'[19:08:28.900 20/01/2026]',-10.36403,-13.479,-10.62779,0.5716726,4.610755E-10,4.610755E-10,-13.54654,-1.439264
'[19:08:28.908 20/01/2026]',9.65707,9.304385,10.59081,5.317421,4.610755E-10,4.610755E-10,11.28975,9.353816
'[19:08:28.916 20/01/2026]',10.61281,13.78265,12.31163,4.471567,4.610755E-10,4.610755E-10,13.02646,2.514215
'[19:08:28.924 20/01/2026]',-29.14124,-33.85675,-32.16588,-20.68576,4.610755E-10,4.610755E-10,-33.88017,-23.54284
'[19:08:28.932 20/01/2026]',19.29439,23.01278,21.66884,18.99915,4.610755E-10,4.610755E-10,22.12161,22.31738
'[19:08:28.940 20/01/2026]',-11.8754,-10.32728,-10.76304,-15.30274,4.610755E-10,4.610755E-10,-7.17568,-14.92427
'[19:08:28.948 20/01/2026]',17.88609,12.55147,13.57956,17.22436,4.610755E-10,4.610755E-10,8.415736,14.78931
'[19:08:28.956 20/01/2026]',-5.984194,-5.266181,-5.627444,-4.033253,4.610755E-10,4.610755E-10,-3.745017,-3.410709
'[19:08:28.964 20/01/2026]',-10.85399,-11.48391,-11.03566,-10.67077,4.610755E-10,4.610755E-10,-7.965034,-8.505697
'[19:08:28.972 20/01/2026]',4.301811,9.152336,8.315218,4.064157,4.610755E-10,4.610755E-10,4.137586,5.148076
'[19:08:28.980 20/01/2026]',14.73492,10.36205,10.33919,11.98668,4.610755E-10,4.610755E-10,10.94156,7.819271
'[19:08:28.988 20/01/2026]',-8.816631,-16.20146,-14.38239,-8.657065,4.610755E-10,4.610755E-10,-13.45435,-7.524535
'[19:08:28.996 20/01/2026]',-15.0853,-1.931161,-3.547404,-12.54694,4.610755E-10,4.610755E-10,-4.595634,-10.1668
'[19:08:29.004 20/01/2026]',19.88134,15.05294,14.33699,20.1165,4.610755E-10,4.610755E-10,19.64228,14.73608
'[19:08:29.012 20/01/2026]',-7.48596,-8.945644,-8.357498,-8.66978,4.610755E-10,4.610755E-10,-15.30685,-4.09086
'[19:08:29.020 20/01/2026]',-7.48596,-8.945644,-8.357498,-8.66978,4.610755E-10,4.610755E-10,-15.30685,-4.09086
'[19:08:29.028 20/01/2026]',-2.94429,-1.42539,1.785527,-2.799428,4.610755E-10,4.610755E-10,0.8571885,2.215522
'[19:08:29.036 20/01/2026]',-2.94429,-1.42539,1.785527,-2.799428,4.610755E-10,4.610755E-10,0.8571885,2.215522
'[19:08:29.044 20/01/2026]',19.61205,16.27759,12.78471,19.17436,4.610755E-10,4.610755E-10,20.37965,11.32276
'[19:08:29.052 20/01/2026]',19.61205,16.27759,12.78471,19.17436,4.610755E-10,4.610755E-10,20.37965,11.32276
'[19:08:29.060 20/01/2026]',-25.12107,-25.7027,-24.1941,-24.17307,4.610755E-10,4.610755E-10,-30.07011,-29.6683
'[19:08:29.068 20/01/2026]',-25.12107,-25.7027,-24.1941,-24.17307,4.610755E-10,4.610755E-10,-30.07011,-29.6683
'[19:08:29.076 20/01/2026]',7.717672,10.89747,12.50395,7.625787,4.610755E-10,4.610755E-10,13.96539,21.70759
'[19:08:29.084 20/01/2026]',7.717672,10.89747,12.50395,7.625787,4.610755E-10,4.610755E-10,13.96539,21.70759
'[19:08:29.092 20/01/2026]',8.542323,4.82929,2.618697,7.295841,4.610755E-10,4.610755E-10,4.011281,2.814504
'[19:08:29.100 20/01/2026]',8.542323,4.82929,2.618697,7.295841,4.610755E-10,4.610755E-10,4.011281,2.814504
'[19:08:29.108 20/01/2026]',-7.496869,-5.098157,-4.912637,-5.058168,4.610755E-10,4.610755E-10,-6.574384,-11.49104
'[19:08:29.116 20/01/2026]',-7.496869,-5.098157,-4.912637,-5.058168,4.610755E-10,4.610755E-10,-6.574384,-11.49104
'[19:08:29.124 20/01/2026]',1.636994,0.9684331,3.454669,2.731871,4.610755E-10,4.610755E-10,1.404139,4.742113
'[19:08:29.132 20/01/2026]',1.636994,0.9684331,3.454669,2.731871,4.610755E-10,4.610755E-10,1.404139,4.742113
'[19:08:29.140 20/01/2026]',-5.976641,-4.071256,-6.264211,-9.336189,4.610755E-10,4.610755E-10,-4.378567,-6.138263
'[19:08:29.148 20/01/2026]',-5.976641,-4.071256,-6.264211,-9.336189,4.610755E-10,4.610755E-10,-4.378567,-6.138263
'[19:08:29.156 20/01/2026]',-5.976641,-4.071256,-6.264211,-9.336189,4.610755E-10,4.610755E-10,-4.378567,-6.138263
'[19:08:29.164 20/01/2026]',-5.976641,-4.071256,-6.264211,-9.336189,4.610755E-10,4.610755E-10,-4.378567,-6.138263
'[19:08:29.172 20/01/2026]',-5.976641,-4.071256,-6.264211,-9.336189,4.610755E-10,4.610755E-10,-4.378567,-6.138263
'[19:08:29.180 20/01/2026]',12.42241,14.41858,14.66802,14.61644,4.610755E-10,4.610755E-10,18.4392,18.34205
'[19:08:29.188 20/01/2026]',12.42241,14.41858,14.66802,14.61644,4.610755E-10,4.610755E-10,18.4392,18.34205
'[19:08:29.196 20/01/2026]',12.42241,14.41858,14.66802,14.61644,4.610755E-10,4.610755E-10,18.4392,18.34205
'[19:08:29.204 20/01/2026]',-2.142423,-11.34286,-9.778796,-3.431897,4.610755E-10,4.610755E-10,-15.84978,-10.97128
'[19:08:29.212 20/01/2026]',-5.269612,1.779658,-1.465173,-6.663399,4.610755E-10,4.610755E-10,-0.9381336,-4.485469
'[19:08:29.220 20/01/2026]',-0.5849194,4.518709,5.01125,1.808634,4.610755E-10,4.610755E-10,8.959528,3.242337
'[19:08:29.228 20/01/2026]',-0.5849194,4.518709,5.01125,1.808634,4.610755E-10,4.610755E-10,8.959528,3.242337
'[19:08:29.236 20/01/2026]',-0.5849194,4.518709,5.01125,1.808634,4.610755E-10,4.610755E-10,8.959528,3.242337
'[19:08:29.244 20/01/2026]',-0.7094526,-8.229133,-5.185546,-1.973344,4.610755E-10,4.610755E-10,-8.659893,-4.836527
'[19:08:29.252 20/01/2026]',9.6811,8.119162,7.77753,7.791671,4.610755E-10,4.610755E-10,10.42896,13.9723
'[19:08:29.260 20/01/2026]',-5.629526,-2.592821,-4.792961,-5.258613,4.610755E-10,4.610755E-10,-6.079635,-7.154397
'[19:08:29.268 20/01/2026]',-5.629526,-2.592821,-4.792961,-5.258613,4.610755E-10,4.610755E-10,-6.079635,-7.154397
'[19:08:29.276 20/01/2026]',-5.629526,-2.592821,-4.792961,-5.258613,4.610755E-10,4.610755E-10,-6.079635,-7.154397
'[19:08:29.284 20/01/2026]',-0.7037235,0.4849652,-1.326214,1.304087,4.610755E-10,4.610755E-10,0.5693161,-6.25428
'[19:08:29.292 20/01/2026]',-0.7037235,0.4849652,-1.326214,1.304087,4.610755E-10,4.610755E-10,0.5693161,-6.25428
'[19:08:29.300 20/01/2026]',8.028468,1.803256,4.971479,6.414116,4.610755E-10,4.610755E-10,1.725812,16.35114
'[19:08:29.308 20/01/2026]',8.028468,1.803256,4.971479,6.414116,4.610755E-10,4.610755E-10,1.725812,16.35114
'[19:08:29.316 20/01/2026]',-25.14744,-13.64008,-9.567822,-19.9111,4.610755E-10,4.610755E-10,-4.894749,-19.34795
'[19:08:29.324 20/01/2026]',-25.14744,-13.64008,-9.567822,-19.9111,4.610755E-10,4.610755E-10,-4.894749,-19.34795
'[19:08:29.332 20/01/2026]',-25.14744,-13.64008,-9.567822,-19.9111,4.610755E-10,4.610755E-10,-4.894749,-19.34795
'[19:08:29.340 20/01/2026]',-25.14744,-13.64008,-9.567822,-19.9111,4.610755E-10,4.610755E-10,-4.894749,-19.34795
'[19:08:29.348 20/01/2026]',23.18067,16.28521,10.05363,16.48795,4.610755E-10,4.610755E-10,7.130042,6.652758
'[19:08:29.356 20/01/2026]',-4.264712,-7.676789,-6.96681,-3.320654,4.610755E-10,4.610755E-10,-10.79842,0.2914183
'[19:08:29.364 20/01/2026]',-10.46488,-3.60412,-1.014195,-8.318005,4.610755E-10,4.610755E-10,6.413801,-2.054201
'[19:08:29.372 20/01/2026]',14.04486,12.55133,12.05988,15.37878,4.610755E-10,4.610755E-10,9.541569,12.04925
'[19:08:29.380 20/01/2026]',-1.086563,-10.87449,-10.01891,-1.983276,4.610755E-10,4.610755E-10,-12.85858,-8.421384
'[19:08:29.388 20/01/2026]',-10.93246,2.198255,-0.3459575,-13.27321,4.610755E-10,4.610755E-10,3.001061,-4.081338
'[19:08:29.396 20/01/2026]',8.473008,4.916568,4.362524,10.78285,4.610755E-10,4.610755E-10,1.989983,5.155026
'[19:08:29.404 20/01/2026]',1.191249,-5.121351,-2.46917,-1.680754,4.610755E-10,4.610755E-10,-1.632109,-1.991571
'[19:08:29.412 20/01/2026]',-4.293652,-1.935723,-2.465835,-2.922616,4.610755E-10,4.610755E-10,-3.080812,3.120175
'[19:08:29.420 20/01/2026]',6.400247,6.322453,5.455029,6.622142,4.610755E-10,4.610755E-10,4.487518,-1.326004
'[19:08:29.428 20/01/2026]',-5.348754,-3.713423,-3.983028,-6.523662,4.610755E-10,4.610755E-10,-1.164887,-4.521494
'[19:08:29.436 20/01/2026]',-3.699659,-3.693063,-2.141081,-1.186344,4.610755E-10,4.610755E-10,-3.739205,2.226494
'[19:08:29.444 20/01/2026]',9.336501,3.988285,2.066496,5.210782,4.610755E-10,4.610755E-10,1.940267,2.712414
'[19:08:29.452 20/01/2026]',-4.326641,1.552775,3.329301,-2.287498,4.610755E-10,4.610755E-10,2.630981,-2.697475
'[19:08:29.460 20/01/2026]',-1.072592,0.1410552,-1.479484,1.010644,4.610755E-10,4.610755E-10,2.316894,1.450235
'[19:08:29.468 20/01/2026]',4.521101,-0.4849146,-0.8717163,1.475722,4.610755E-10,4.610755E-10,-3.709326,3.350065
'[19:08:29.476 20/01/2026]',-12.24619,-7.171151,-4.334675,-8.449163,4.610755E-10,4.610755E-10,-5.468821,-9.215598
'[19:08:29.484 20/01/2026]',11.73091,8.618006,7.599646,10.11698,4.610755E-10,4.610755E-10,11.20083,5.666792
'[19:08:29.492 20/01/2026]',5.666633,-3.39522,-5.217747,0.3471544,4.610755E-10,4.610755E-10,-8.965741,7.283792
'[19:08:29.500 20/01/2026]',-17.5419,0.05928204,2.083535,-11.35234,4.610755E-10,4.610755E-10,2.663313,-15.78161
'[19:08:29.508 20/01/2026]',1.986765,-6.15976,-6.578403,3.010686,4.610755E-10,4.610755E-10,-4.584948,3.180094
'[19:08:29.516 20/01/2026]',17.0791,10.41196,13.3897,14.31315,4.610755E-10,4.610755E-10,12.92432,19.54025
'[19:08:29.524 20/01/2026]',-23.74372,-16.04638,-10.92599,-18.22371,4.610755E-10,4.610755E-10,-8.767898,-19.98528
'[19:08:29.532 20/01/2026]',-5.148592,-4.470655,-2.767089,1.33072,4.610755E-10,4.610755E-10,-1.646488,0.6928071
'[19:08:29.540 20/01/2026]',52.83496,51.36969,19.13506,22.91406,4.610755E-10,4.610755E-10,3.761156,12.14827
'[19:08:29.548 20/01/2026]',-38.14013,-38.33761,-17.06086,-24.47117,4.610755E-10,4.610755E-10,-7.418498,-16.55868
'[19:08:29.556 20/01/2026]',-8.506185,-7.322114,4.592093,5.441097,4.610755E-10,4.610755E-10,10.92611,10.25471
'[19:08:29.564 20/01/2026]',14.07214,12.99289,-0.4354328,4.906578,4.610755E-10,4.610755E-10,-8.076452,0.16991
'[19:08:29.572 20/01/2026]',-1.461838,1.397412,-0.2144365,-2.673101,4.610755E-10,4.610755E-10,1.444945,-5.894124
'[19:08:29.580 20/01/2026]',-2.564452,-9.375218,-0.937822,0.08423796,4.610755E-10,4.610755E-10,1.786613,5.299677
'[19:08:29.588 20/01/2026]',1.945448,7.989087,5.364969,4.100506,4.610755E-10,4.610755E-10,3.858763,0.7377815
'[19:08:29.596 20/01/2026]',-0.5298752,-2.749203,-5.422476,-5.892917,4.610755E-10,4.610755E-10,-4.684133,-3.499491
'[19:08:29.604 20/01/2026]',2.797966,3.134584,0.8347852,4.018087,4.610755E-10,4.610755E-10,1.261717,3.615274
'[19:08:29.612 20/01/2026]',3.198244,-1.274514,6.043126,4.932202,4.610755E-10,4.610755E-10,1.442259,2.754378
'[19:08:29.620 20/01/2026]',-8.935252,-6.441016,-9.401636,-10.41868,4.610755E-10,4.610755E-10,-4.894692,-8.458757
'[19:08:29.628 20/01/2026]',0.6670228,5.465967,2.279166,1.889754,4.610755E-10,4.610755E-10,4.391199,2.997224
'[19:08:29.636 20/01/2026]',6.282778,1.442405,5.86554,8.952065,4.610755E-10,4.610755E-10,2.336854,8.943088
'[19:08:29.644 20/01/2026]',0.1252491,-5.168441,-4.568954,-7.073895,4.610755E-10,4.610755E-10,-5.475859,-7.385296
'[19:08:29.652 20/01/2026]',-3.971037,1.278838,-1.623256,1.289108,4.610755E-10,4.610755E-10,-0.4280185,-5.658465
'[19:08:29.660 20/01/2026]',-12.7909,-7.047395,-2.953249,-8.315014,4.610755E-10,4.610755E-10,-0.5379308,2.252002
'[19:08:29.668 20/01/2026]',-12.7909,-7.047395,-2.953249,-8.315014,4.610755E-10,4.610755E-10,-0.5379308,2.252002
'[19:08:29.676 20/01/2026]',13.4893,7.893507,4.894411,6.361691,4.610755E-10,4.610755E-10,2.599783,4.64067
'[19:08:29.684 20/01/2026]',13.4893,7.893507,4.894411,6.361691,4.610755E-10,4.610755E-10,2.599783,4.64067
'[19:08:29.692 20/01/2026]',13.4893,7.893507,4.894411,6.361691,4.610755E-10,4.610755E-10,2.599783,4.64067
'[19:08:29.700 20/01/2026]',13.4893,7.893507,4.894411,6.361691,4.610755E-10,4.610755E-10,2.599783,4.64067
'[19:08:29.708 20/01/2026]',13.4893,7.893507,4.894411,6.361691,4.610755E-10,4.610755E-10,2.599783,4.64067
'[19:08:29.716 20/01/2026]',7.229863,2.374504,1.603627,3.390434,4.610755E-10,4.610755E-10,0.1979317,-3.009343
'[19:08:29.724 20/01/2026]',-25.01685,-18.71612,-17.65374,-15.24009,4.610755E-10,4.610755E-10,-14.11975,-10.23401
'[19:08:29.732 20/01/2026]',27.87866,28.1279,28.65923,23.96391,4.610755E-10,4.610755E-10,27.98888,27.04821
'[19:08:29.740 20/01/2026]',-10.65174,-18.90033,-17.72267,-14.11183,4.610755E-10,4.610755E-10,-19.66174,-20.20456
'[19:08:29.748 20/01/2026]',-10.65174,-18.90033,-17.72267,-14.11183,4.610755E-10,4.610755E-10,-19.66174,-20.20456
'[19:08:29.756 20/01/2026]',-10.65174,-18.90033,-17.72267,-14.11183,4.610755E-10,4.610755E-10,-19.66174,-20.20456
'[19:08:29.764 20/01/2026]',-8.72647,-1.786815,-4.012332,-2.048538,4.610755E-10,4.610755E-10,-3.286089,-2.98859
'[19:08:29.772 20/01/2026]',-8.72647,-1.786815,-4.012332,-2.048538,4.610755E-10,4.610755E-10,-3.286089,-2.98859
'[19:08:29.780 20/01/2026]',7.72607,9.284382,8.751618,2.602217,4.610755E-10,4.610755E-10,8.93398,5.048515
'[19:08:29.788 20/01/2026]',7.72607,9.284382,8.751618,2.602217,4.610755E-10,4.610755E-10,8.93398,5.048515
'[19:08:29.796 20/01/2026]',3.936145,-4.278347,-1.33155,2.37823,4.610755E-10,4.610755E-10,-3.426151,2.824716
'[19:08:29.804 20/01/2026]',3.936145,-4.278347,-1.33155,2.37823,4.610755E-10,4.610755E-10,-3.426151,2.824716
'[19:08:29.812 20/01/2026]',-4.62281,0.09258518,-0.3745271,2.388968,4.610755E-10,4.610755E-10,1.131823,2.62082
'[19:08:29.820 20/01/2026]',-4.62281,0.09258518,-0.3745271,2.388968,4.610755E-10,4.610755E-10,1.131823,2.62082
'[19:08:29.828 20/01/2026]',4.201369,-1.082272,-2.781201,-0.9131584,4.610755E-10,4.610755E-10,-0.5861514,-3.515361
'[19:08:29.836 20/01/2026]',4.201369,-1.082272,-2.781201,-0.9131584,4.610755E-10,4.610755E-10,-0.5861514,-3.515361
'[19:08:29.844 20/01/2026]',4.201369,-1.082272,-2.781201,-0.9131584,4.610755E-10,4.610755E-10,-0.5861514,-3.515361
'[19:08:29.852 20/01/2026]',-3.13502,-0.0154882,0.8866903,-0.9608192,4.610755E-10,4.610755E-10,-0.3332977,-1.723176
'[19:08:29.860 20/01/2026]',-3.13502,-0.0154882,0.8866903,-0.9608192,4.610755E-10,4.610755E-10,-0.3332977,-1.723176
'[19:08:29.868 20/01/2026]',3.800584,6.741921,7.662438,3.706474,4.610755E-10,4.610755E-10,5.89407,7.609145
'[19:08:29.876 20/01/2026]',3.800584,6.741921,7.662438,3.706474,4.610755E-10,4.610755E-10,5.89407,7.609145
'[19:08:29.884 20/01/2026]',3.800584,6.741921,7.662438,3.706474,4.610755E-10,4.610755E-10,5.89407,7.609145
'[19:08:29.892 20/01/2026]',-12.31172,-12.56286,-14.16527,-14.60565,4.610755E-10,4.610755E-10,-12.72865,-14.69491
'[19:08:29.900 20/01/2026]',8.118196,7.20102,5.099385,11.62953,4.610755E-10,4.610755E-10,7.132908,9.567897
'[19:08:29.908 20/01/2026]',8.118196,7.20102,5.099385,11.62953,4.610755E-10,4.610755E-10,7.132908,9.567897
'[19:08:29.916 20/01/2026]',1.357879,-0.04504836,5.796416,-1.912036,4.610755E-10,4.610755E-10,1.1814,0.1374249
'[19:08:29.924 20/01/2026]',1.357879,-0.04504836,5.796416,-1.912036,4.610755E-10,4.610755E-10,1.1814,0.1374249
'[19:08:29.932 20/01/2026]',-0.9482473,-1.489415,-4.650338,-1.481898,4.610755E-10,4.610755E-10,-0.9018375,-5.541315
'[19:08:29.940 20/01/2026]',-0.9482473,-1.489415,-4.650338,-1.481898,4.610755E-10,4.610755E-10,-0.9018375,-5.541315
'[19:08:29.948 20/01/2026]',-4.49328,-0.3644946,-1.375097,0.6280993,4.610755E-10,4.610755E-10,-1.660535,5.3998
'[19:08:29.956 20/01/2026]',-4.49328,-0.3644946,-1.375097,0.6280993,4.610755E-10,4.610755E-10,-1.660535,5.3998
'[19:08:29.964 20/01/2026]',3.325358,1.674927,3.058507,-3.749165,4.610755E-10,4.610755E-10,-0.7569028,-5.575206
'[19:08:29.972 20/01/2026]',7.060113,-0.06518415,0.8152615,9.903884,4.610755E-10,4.610755E-10,6.714565,7.034993
'[19:08:29.980 20/01/2026]',-10.69463,-2.294942,-2.506386,-6.306981,4.610755E-10,4.610755E-10,-7.169533,0.1722786
'[19:08:29.988 20/01/2026]',-1.01864,0.5870463,-0.5158303,-7.256386,4.610755E-10,4.610755E-10,0.4873652,-15.32783
'[19:08:29.996 20/01/2026]',3.079619,-0.8330392,-0.3424139,6.435981,4.610755E-10,4.610755E-10,4.353106,11.70433
'[19:08:30.004 20/01/2026]',1.471053,0.3128846,1.339743,1.587933,4.610755E-10,4.610755E-10,-7.010384,2.25673
'[19:08:30.012 20/01/2026]',0.08947224,1.804235,-0.004402027,-2.67072,4.610755E-10,4.610755E-10,6.164974,-4.653899
'[19:08:30.020 20/01/2026]',-2.469643,-0.8126199,-1.355958,-0.4430967,4.610755E-10,4.610755E-10,-0.750673,-0.6318056
'[19:08:30.028 20/01/2026]',7.475546,2.665863,5.476814,7.187459,4.610755E-10,4.610755E-10,-1.535487,8.602191
'[19:08:30.036 20/01/2026]',1.195661,2.92644,2.144282,-2.195062,4.610755E-10,4.610755E-10,6.695185,-3.235222
'[19:08:30.044 20/01/2026]',-6.504662,-5.306701,-8.176777,-4.212898,4.610755E-10,4.610755E-10,-4.586698,-4.67636
'[19:08:30.052 20/01/2026]',-4.557074,-0.4868849,1.420722,0.4376009,4.610755E-10,4.610755E-10,-5.903172,1.70011
'[19:08:30.060 20/01/2026]',-1.284533,-1.931024,-2.203542,-3.671461,4.610755E-10,4.610755E-10,1.281435,-4.119182
'[19:08:30.068 20/01/2026]',16.64897,9.589704,11.55791,14.36891,4.610755E-10,4.610755E-10,13.26026,14.43945
'[19:08:30.076 20/01/2026]',-12.16295,-7.710961,-7.688801,-12.52605,4.610755E-10,4.610755E-10,-8.362462,-10.15265
'[19:08:30.084 20/01/2026]',-5.744255,-3.188308,-6.003852,-1.777828,4.610755E-10,4.610755E-10,-8.787535,-7.239374
'[19:08:30.092 20/01/2026]',12.48469,9.546085,10.71276,8.867399,4.610755E-10,4.610755E-10,11.79327,12.25844
'[19:08:30.100 20/01/2026]',-5.081999,-5.756927,-3.365519,-6.415656,4.610755E-10,4.610755E-10,-2.411418,-3.759591
'[19:08:30.108 20/01/2026]',4.366295,0.6975423,-1.29315,7.660264,4.610755E-10,4.610755E-10,-2.266806,-0.4847662
'[19:08:30.116 20/01/2026]',-9.492302,-4.85591,-4.98006,-11.98367,4.610755E-10,4.610755E-10,-1.768243,-0.8328424
'[19:08:30.124 20/01/2026]',-1.812028,2.020753,3.180693,-2.929173,4.610755E-10,4.610755E-10,-0.9476871,-8.433059
'[19:08:30.132 20/01/2026]',18.28475,5.848397,4.903192,19.55891,4.610755E-10,4.610755E-10,7.497425,13.87065
'[19:08:30.140 20/01/2026]',-8.914016,-4.77891,-3.858142,-7.435737,4.610755E-10,4.610755E-10,-4.558516,2.516644
'[19:08:30.148 20/01/2026]',-13.97105,0.6135412,2.148368,-12.03796,4.610755E-10,4.610755E-10,0.4556145,-20.72522
'[19:08:30.156 20/01/2026]',16.02188,0.6944531,-2.259692,12.43935,4.610755E-10,4.610755E-10,1.68658,18.99724
'[19:08:30.164 20/01/2026]',-5.001472,-0.2236935,-0.9166312,-3.46498,4.610755E-10,4.610755E-10,-5.597719,-8.262784
'[19:08:30.172 20/01/2026]',-2.136254,-2.611945,0.4501686,-1.715394,4.610755E-10,4.610755E-10,5.856589,1.611673
'[19:08:30.180 20/01/2026]',3.24744,4.501239,2.48393,-0.62995,4.610755E-10,4.610755E-10,-4.887757,-2.959367
'[19:08:30.188 20/01/2026]',-0.5145927,-1.730614,0.2145456,4.613417,4.610755E-10,4.610755E-10,4.632969,5.983624
'[19:08:30.196 20/01/2026]',-2.431445,-2.434363,-3.416473,-3.752453,4.610755E-10,4.610755E-10,-3.39909,-5.07948
'[19:08:30.204 20/01/2026]',-3.853795,1.755837,-0.1567182,-3.195919,4.610755E-10,4.610755E-10,-0.2715648,-4.580692
'[19:08:30.212 20/01/2026]',6.099442,1.6889,1.708569,3.878856,4.610755E-10,4.610755E-10,1.231874,10.42103
'[19:08:30.220 20/01/2026]',-1.749009,-6.536356,-2.926895,-0.5594039,4.610755E-10,4.610755E-10,-4.39283,-7.253351
'[19:08:30.228 20/01/2026]',-2.106802,4.097937,4.547804,1.179039,4.610755E-10,4.610755E-10,6.923953,1.482919
'[19:08:30.236 20/01/2026]',-1.832593,2.530281,-4.733606,-4.768529,4.610755E-10,4.610755E-10,-6.046308,-0.1902597
'[19:08:30.244 20/01/2026]',0.6950891,-8.656245,-2.248361,-2.084473,4.610755E-10,4.610755E-10,-3.456832,-6.656863
'[19:08:30.252 20/01/2026]',0.8886398,4.174224,5.221348,3.462798,4.610755E-10,4.610755E-10,6.836021,5.885962
'[19:08:30.260 20/01/2026]',14.52503,13.51981,10.08602,18.60177,4.610755E-10,4.610755E-10,10.42618,18.88384
'[19:08:30.268 20/01/2026]',14.52503,13.51981,10.08602,18.60177,4.610755E-10,4.610755E-10,10.42618,18.88384
'[19:08:30.276 20/01/2026]',-22.14614,-19.8444,-19.73616,-29.35176,4.610755E-10,4.610755E-10,-21.79616,-28.86479
'[19:08:30.284 20/01/2026]',-22.14614,-19.8444,-19.73616,-29.35176,4.610755E-10,4.610755E-10,-21.79616,-28.86479
'[19:08:30.292 20/01/2026]',6.046716,6.130475,8.2029,9.061474,4.610755E-10,4.610755E-10,9.068218,5.711086
'[19:08:30.300 20/01/2026]',6.046716,6.130475,8.2029,9.061474,4.610755E-10,4.610755E-10,9.068218,5.711086
'[19:08:30.308 20/01/2026]',3.116895,3.077678,1.882466,9.398342,4.610755E-10,4.610755E-10,1.23898,10.53685
'[19:08:30.316 20/01/2026]',3.116895,3.077678,1.882466,9.398342,4.610755E-10,4.610755E-10,1.23898,10.53685
'[19:08:30.324 20/01/2026]',3.116895,3.077678,1.882466,9.398342,4.610755E-10,4.610755E-10,1.23898,10.53685
'[19:08:30.332 20/01/2026]',1.814171,-1.361119,-1.143728,-5.873407,4.610755E-10,4.610755E-10,2.516551,-1.974543
'[19:08:30.340 20/01/2026]',0.4647525,-0.8948082,1.787038,-0.5575544,4.610755E-10,4.610755E-10,-2.958425,0.8749393
'[19:08:30.348 20/01/2026]',0.4647525,-0.8948082,1.787038,-0.5575544,4.610755E-10,4.610755E-10,-2.958425,0.8749393
'[19:08:30.356 20/01/2026]',-8.270201,3.510066,-3.321464,-1.988454,4.610755E-10,4.610755E-10,-0.1718947,-8.434683
'[19:08:30.364 20/01/2026]',-8.270201,3.510066,-3.321464,-1.988454,4.610755E-10,4.610755E-10,-0.1718947,-8.434683
'[19:08:30.372 20/01/2026]',-8.270201,3.510066,-3.321464,-1.988454,4.610755E-10,4.610755E-10,-0.1718947,-8.434683
'[19:08:30.380 20/01/2026]',10.86685,0.4734276,5.645685,10.43122,4.610755E-10,4.610755E-10,5.231755,7.917655
'[19:08:30.388 20/01/2026]',10.86685,0.4734276,5.645685,10.43122,4.610755E-10,4.610755E-10,5.231755,7.917655
'[19:08:30.396 20/01/2026]',10.86685,0.4734276,5.645685,10.43122,4.610755E-10,4.610755E-10,5.231755,7.917655
'[19:08:30.404 20/01/2026]',10.86685,0.4734276,5.645685,10.43122,4.610755E-10,4.610755E-10,5.231755,7.917655
'[19:08:30.412 20/01/2026]',10.86685,0.4734276,5.645685,10.43122,4.610755E-10,4.610755E-10,5.231755,7.917655
'[19:08:30.420 20/01/2026]',3.279891,-1.034512,-1.789357,-4.349154,4.610755E-10,4.610755E-10,-6.389221,3.928715
'[19:08:30.428 20/01/2026]',-11.62835,-2.918542,-2.570974,-10.47898,4.610755E-10,4.610755E-10,1.444898,-10.32711
'[19:08:30.436 20/01/2026]',7.191997,6.014753,2.592487,21.07511,4.610755E-10,4.610755E-10,9.971196,13.69466
'[19:08:30.444 20/01/2026]',7.191997,6.014753,2.592487,21.07511,4.610755E-10,4.610755E-10,9.971196,13.69466
'[19:08:30.452 20/01/2026]',-2.382019,-9.62141,-6.504945,-12.38475,4.610755E-10,4.610755E-10,-18.93138,-15.47328
'[19:08:30.460 20/01/2026]',-4.19983,1.263368,3.308684,-8.165012,4.610755E-10,4.610755E-10,6.857108,2.025814
'[19:08:30.468 20/01/2026]',-4.19983,1.263368,3.308684,-8.165012,4.610755E-10,4.610755E-10,6.857108,2.025814
'[19:08:30.476 20/01/2026]',-4.19983,1.263368,3.308684,-8.165012,4.610755E-10,4.610755E-10,6.857108,2.025814
'[19:08:30.484 20/01/2026]',4.753251,8.962151,2.487234,8.997568,4.610755E-10,4.610755E-10,10.03193,10.64399
'[19:08:30.492 20/01/2026]',4.753251,8.962151,2.487234,8.997568,4.610755E-10,4.610755E-10,10.03193,10.64399
'[19:08:30.500 20/01/2026]',-3.753062,-12.22125,-5.584183,-1.175578,4.610755E-10,4.610755E-10,-14.45629,-9.240949
'[19:08:30.508 20/01/2026]',-3.753062,-12.22125,-5.584183,-1.175578,4.610755E-10,4.610755E-10,-14.45629,-9.240949
'[19:08:30.516 20/01/2026]',11.01469,16.84357,14.19434,12.73387,4.610755E-10,4.610755E-10,15.46855,9.098767
'[19:08:30.524 20/01/2026]',11.01469,16.84357,14.19434,12.73387,4.610755E-10,4.610755E-10,15.46855,9.098767
'[19:08:30.532 20/01/2026]',-27.97517,-27.69246,-28.83847,-32.84183,4.610755E-10,4.610755E-10,-23.82474,-20.9677
'[19:08:30.540 20/01/2026]',-27.97517,-27.69246,-28.83847,-32.84183,4.610755E-10,4.610755E-10,-23.82474,-20.9677
'[19:08:30.548 20/01/2026]',29.82673,28.68328,27.99621,28.46245,4.610755E-10,4.610755E-10,26.36289,23.88368
'[19:08:30.556 20/01/2026]',29.82673,28.68328,27.99621,28.46245,4.610755E-10,4.610755E-10,26.36289,23.88368
'[19:08:30.564 20/01/2026]',29.82673,28.68328,27.99621,28.46245,4.610755E-10,4.610755E-10,26.36289,23.88368
'[19:08:30.572 20/01/2026]',-7.267913,-6.585295,-3.397398,-4.655743,4.610755E-10,4.610755E-10,-7.846549,-5.919794
'[19:08:30.580 20/01/2026]',-16.59231,-16.21245,-17.77597,-12.90141,4.610755E-10,4.610755E-10,-16.42327,-17.96021
'[19:08:30.588 20/01/2026]',18.75689,20.64086,18.40184,17.47529,4.610755E-10,4.610755E-10,21.90311,22.73801
'[19:08:30.596 20/01/2026]',-2.88377,-7.500818,-4.734559,-8.832918,4.610755E-10,4.610755E-10,-6.76896,-7.535145
'[19:08:30.604 20/01/2026]',-11.89185,-9.021673,-6.432555,-9.002102,4.610755E-10,4.610755E-10,-9.418309,-15.10255
'[19:08:30.612 20/01/2026]',7.477195,11.27648,5.210054,12.66766,4.610755E-10,4.610755E-10,9.29885,20.0409
'[19:08:30.620 20/01/2026]',10.27239,1.330448,3.566598,3.630312,4.610755E-10,4.610755E-10,2.330269,-2.643115
'[19:08:30.628 20/01/2026]',-12.65074,-11.36841,-9.236625,-11.12119,4.610755E-10,4.610755E-10,-10.7429,-8.521975
'[19:08:30.636 20/01/2026]',-2.402453,6.217506,4.752009,0.2267602,4.610755E-10,4.610755E-10,4.27727,-1.257403
'[19:08:30.644 20/01/2026]',6.773098,-1.210542,-2.856249,2.238264,4.610755E-10,4.610755E-10,0.1010421,2.525258
'[19:08:30.652 20/01/2026]',-3.852668,-0.5201814,3.677609,2.38609,4.610755E-10,4.610755E-10,1.243985,4.632015
'[19:08:30.660 20/01/2026]',7.668985,8.495248,3.901566,4.634223,4.610755E-10,4.610755E-10,3.356582,-0.9922268
'[19:08:30.668 20/01/2026]',-8.351346,-10.2931,-10.40872,-10.71106,4.610755E-10,4.610755E-10,-5.133084,-2.541472
'[19:08:30.676 20/01/2026]',1.782984,-5.915687,2.203199,4.96545,4.610755E-10,4.610755E-10,-5.499416,-2.780349
'[19:08:30.684 20/01/2026]',0.1963658,14.11123,4.76634,-1.021687,4.610755E-10,4.610755E-10,10.25161,2.215019
'[19:08:30.692 20/01/2026]',5.317579,1.106652,3.578321,7.660495,4.610755E-10,4.610755E-10,3.413852,8.586524
'[19:08:30.700 20/01/2026]',0.6840129,-5.305105,-3.893888,-1.753138,4.610755E-10,4.610755E-10,-4.419936,-3.139356
'[19:08:30.708 20/01/2026]',-4.823589,-4.679436,-3.676681,-5.437134,4.610755E-10,4.610755E-10,-5.158986,-3.008499
'[19:08:30.716 20/01/2026]',-11.66766,-7.308208,-8.937901,-10.95306,4.610755E-10,4.610755E-10,-8.940598,-17.20683
'[19:08:30.724 20/01/2026]',26.53915,24.85608,22.94003,24.86987,4.610755E-10,4.610755E-10,25.86287,32.03654
'[19:08:30.732 20/01/2026]',-6.880694,-11.02468,-6.612472,-5.932955,4.610755E-10,4.610755E-10,-9.101287,-9.490234
'[19:08:30.740 20/01/2026]',-21.15114,-13.71821,-15.14284,-20.37549,4.610755E-10,4.610755E-10,-16.60296,-19.59882
'[19:08:30.748 20/01/2026]',12.51877,10.07508,7.850796,14.73891,4.610755E-10,4.610755E-10,8.988638,13.52437
'[19:08:30.756 20/01/2026]',14.7197,10.43741,10.79997,10.09022,4.610755E-10,4.610755E-10,15.55096,10.3479
'[19:08:30.764 20/01/2026]',-15.60015,-10.94731,-8.832733,-12.7345,4.610755E-10,4.610755E-10,-14.22959,-12.96493
'[19:08:30.772 20/01/2026]',-4.296478,-3.266919,-3.692343,-5.27639,4.610755E-10,4.610755E-10,-4.440869,-2.785391
'[19:08:30.780 20/01/2026]',18.28233,9.870652,9.039771,17.06411,4.610755E-10,4.610755E-10,13.3784,10.3742
'[19:08:30.788 20/01/2026]',-14.10031,-3.4295,-5.163391,-12.24655,4.610755E-10,4.610755E-10,-7.635814,-0.2619796
'[19:08:30.796 20/01/2026]',-2.260885,-3.485539,0.7428936,-1.229989,4.610755E-10,4.610755E-10,0.5069867,-14.25035
'[19:08:30.804 20/01/2026]',13.92906,7.044888,5.425832,13.17428,4.610755E-10,4.610755E-10,6.954542,16.47281
'[19:08:30.812 20/01/2026]',-13.53482,-7.669003,-10.67296,-13.49156,4.610755E-10,4.610755E-10,-13.20396,-4.489544
'[19:08:30.820 20/01/2026]',1.480391,1.704471,4.469439,-2.597661,4.610755E-10,4.610755E-10,5.99811,-11.03266
'[19:08:30.828 20/01/2026]',0.6168817,-1.684926,-0.5775789,6.951764,4.610755E-10,4.610755E-10,-0.05519539,3.667806
'[19:08:30.836 20/01/2026]',6.391085,5.052262,2.792781,7.762977,4.610755E-10,4.610755E-10,2.558745,17.42008
'[19:08:30.844 20/01/2026]',-3.701724,-2.039683,-0.9019774,-14.16906,4.610755E-10,4.610755E-10,1.544714,-14.18419
'[19:08:30.852 20/01/2026]',-10.98248,-10.85434,-8.715067,0.03546526,4.610755E-10,4.610755E-10,-14.22354,-12.95201
'[19:08:30.860 20/01/2026]',17.66953,14.90482,9.20629,12.60656,4.610755E-10,4.610755E-10,10.27192,22.55252
'[19:08:30.868 20/01/2026]',-2.50676,1.95662,3.81038,-8.162226,4.610755E-10,4.610755E-10,6.470737,-9.198727
'[19:08:30.876 20/01/2026]',-7.640142,-10.30891,-8.822351,2.298043,4.610755E-10,4.610755E-10,-8.930883,-0.312626
'[19:08:30.884 20/01/2026]',-7.640142,-10.30891,-8.822351,2.298043,4.610755E-10,4.610755E-10,-8.930883,-0.312626
'[19:08:30.892 20/01/2026]',-7.640142,-10.30891,-8.822351,2.298043,4.610755E-10,4.610755E-10,-8.930883,-0.312626
'[19:08:30.900 20/01/2026]',2.957255,1.932381,1.393331,1.520272,4.610755E-10,4.610755E-10,2.086931,6.064346
'[19:08:30.908 20/01/2026]',7.921444,9.285386,8.290494,-3.211115,4.610755E-10,4.610755E-10,4.861221,-6.465643
'[19:08:30.916 20/01/2026]',7.921444,9.285386,8.290494,-3.211115,4.610755E-10,4.610755E-10,4.861221,-6.465643
'[19:08:30.924 20/01/2026]',7.921444,9.285386,8.290494,-3.211115,4.610755E-10,4.610755E-10,4.861221,-6.465643
'[19:08:30.932 20/01/2026]',7.921444,9.285386,8.290494,-3.211115,4.610755E-10,4.610755E-10,4.861221,-6.465643
'[19:08:30.940 20/01/2026]',7.921444,9.285386,8.290494,-3.211115,4.610755E-10,4.610755E-10,4.861221,-6.465643
'[19:08:30.948 20/01/2026]',7.921444,9.285386,8.290494,-3.211115,4.610755E-10,4.610755E-10,4.861221,-6.465643
'[19:08:30.956 20/01/2026]',-15.8471,-19.99824,-16.25958,-2.476358,4.610755E-10,4.610755E-10,-13.17974,-5.319261
'[19:08:30.964 20/01/2026]',2.407223,3.3444,7.593609,3.125077,4.610755E-10,4.610755E-10,9.085015,8.97912
'[19:08:30.972 20/01/2026]',2.407223,3.3444,7.593609,3.125077,4.610755E-10,4.610755E-10,9.085015,8.97912
'[19:08:30.980 20/01/2026]',2.407223,3.3444,7.593609,3.125077,4.610755E-10,4.610755E-10,9.085015,8.97912
'[19:08:30.988 20/01/2026]',31.09626,34.72068,20.11287,13.56298,4.610755E-10,4.610755E-10,15.63196,15.27177
'[19:08:30.996 20/01/2026]',-28.62009,-33.14413,-26.86825,-16.25951,4.610755E-10,4.610755E-10,-24.67498,-26.91325
'[19:08:31.004 20/01/2026]',-1.206912,3.491467,6.46977,4.952425,4.610755E-10,4.610755E-10,7.228312,7.927251
'[19:08:31.012 20/01/2026]',-1.206912,3.491467,6.46977,4.952425,4.610755E-10,4.610755E-10,7.228312,7.927251
'[19:08:31.020 20/01/2026]',20.59447,12.37633,12.84786,7.143179,4.610755E-10,4.610755E-10,10.25085,13.49534
'[19:08:31.028 20/01/2026]',-18.79592,-13.21584,-18.03337,-8.751816,4.610755E-10,4.610755E-10,-14.01972,-14.67164
'[19:08:31.036 20/01/2026]',-18.79592,-13.21584,-18.03337,-8.751816,4.610755E-10,4.610755E-10,-14.01972,-14.67164
'[19:08:31.044 20/01/2026]',-18.79592,-13.21584,-18.03337,-8.751816,4.610755E-10,4.610755E-10,-14.01972,-14.67164
'[19:08:31.052 20/01/2026]',7.26263,12.65267,13.46645,5.59748,4.610755E-10,4.610755E-10,12.52287,3.906633
'[19:08:31.060 20/01/2026]',7.26263,12.65267,13.46645,5.59748,4.610755E-10,4.610755E-10,12.52287,3.906633
'[19:08:31.068 20/01/2026]',9.589316,0.8577077,3.438769,6.354102,4.610755E-10,4.610755E-10,1.624626,13.19544
'[19:08:31.076 20/01/2026]',9.589316,0.8577077,3.438769,6.354102,4.610755E-10,4.610755E-10,1.624626,13.19544
'[19:08:31.084 20/01/2026]',9.589316,0.8577077,3.438769,6.354102,4.610755E-10,4.610755E-10,1.624626,13.19544
'[19:08:31.092 20/01/2026]',-26.49407,-19.97789,-21.27847,-23.98397,4.610755E-10,4.610755E-10,-20.91531,-28.32368
'[19:08:31.100 20/01/2026]',-26.49407,-19.97789,-21.27847,-23.98397,4.610755E-10,4.610755E-10,-20.91531,-28.32368
'[19:08:31.108 20/01/2026]',-26.49407,-19.97789,-21.27847,-23.98397,4.610755E-10,4.610755E-10,-20.91531,-28.32368
'[19:08:31.116 20/01/2026]',-26.49407,-19.97789,-21.27847,-23.98397,4.610755E-10,4.610755E-10,-20.91531,-28.32368
'[19:08:31.124 20/01/2026]',15.51131,15.15784,14.67252,13.11964,4.610755E-10,4.610755E-10,16.97842,14.45673
'[19:08:31.132 20/01/2026]',6.547252,3.956609,2.486073,8.499028,4.610755E-10,4.610755E-10,1.646092,11.15968
'[19:08:31.140 20/01/2026]',-3.277073,-3.416096,-5.023456,-0.451964,4.610755E-10,4.610755E-10,-4.209511,-8.459451
'[19:08:31.148 20/01/2026]',-3.277073,-3.416096,-5.023456,-0.451964,4.610755E-10,4.610755E-10,-4.209511,-8.459451
'[19:08:31.156 20/01/2026]',-10.59214,-8.771008,-5.032301,-22.89674,4.610755E-10,4.610755E-10,-8.312521,-14.7313
'[19:08:31.164 20/01/2026]',-10.59214,-8.771008,-5.032301,-22.89674,4.610755E-10,4.610755E-10,-8.312521,-14.7313
'[19:08:31.172 20/01/2026]',2.017405,5.761755,7.9922,16.43068,4.610755E-10,4.610755E-10,10.48325,16.67867
'[19:08:31.180 20/01/2026]',2.017405,5.761755,7.9922,16.43068,4.610755E-10,4.610755E-10,10.48325,16.67867
'[19:08:31.188 20/01/2026]',9.293198,1.557448,-1.286772,8.486749,4.610755E-10,4.610755E-10,-0.2373594,0.1903483
'[19:08:31.196 20/01/2026]',9.293198,1.557448,-1.286772,8.486749,4.610755E-10,4.610755E-10,-0.2373594,0.1903483
'[19:08:31.204 20/01/2026]',-9.260335,-4.999233,-7.369948,-18.28402,4.610755E-10,4.610755E-10,-7.76345,-10.93331
'[19:08:31.212 20/01/2026]',0.3052428,-0.5319542,4.265347,4.474078,4.610755E-10,4.610755E-10,2.125243,3.75335
'[19:08:31.220 20/01/2026]',13.99559,12.0632,11.77584,16.01367,4.610755E-10,4.610755E-10,12.42247,10.20015
'[19:08:31.228 20/01/2026]',-6.946793,-4.431292,-8.699377,-6.48829,4.610755E-10,4.610755E-10,-6.801886,0.6266901
'[19:08:31.236 20/01/2026]',-7.126487,-10.81807,-8.134298,-14.0491,4.610755E-10,4.610755E-10,-10.57629,-16.86228
'[19:08:31.244 20/01/2026]',3.981786,10.33703,9.738786,6.316959,4.610755E-10,4.610755E-10,9.94394,4.745358
'[19:08:31.252 20/01/2026]',1.985136,-2.793857,-2.988385,10.06362,4.610755E-10,4.610755E-10,-0.6209764,10.54629
'[19:08:31.260 20/01/2026]',1.814534,1.728277,2.230394,-4.937653,4.610755E-10,4.610755E-10,-0.003051846,-3.882337
'[19:08:31.268 20/01/2026]',-14.24752,-6.062896,-6.311024,-12.91557,4.610755E-10,4.610755E-10,-5.637153,-13.70814
'[19:08:31.276 20/01/2026]',23.69426,7.539615,8.230331,20.82115,4.610755E-10,4.610755E-10,9.004825,17.68794
'[19:08:31.284 20/01/2026]',-11.37168,-3.381344,-2.827413,-10.46558,4.610755E-10,4.610755E-10,-7.912137,-6.849293
'[19:08:31.292 20/01/2026]',-16.95322,-7.50525,-9.481049,-12.10355,4.610755E-10,4.610755E-10,-1.021992,-12.15181
'[19:08:31.300 20/01/2026]',21.25727,9.470705,12.54407,19.16531,4.610755E-10,4.610755E-10,8.043715,18.54182
'[19:08:31.308 20/01/2026]',3.794884,3.615682,3.717352,-0.6672393,4.610755E-10,4.610755E-10,2.474399,-0.01824702
'[19:08:31.316 20/01/2026]',-26.60381,-21.358,-23.56982,-22.63608,4.610755E-10,4.610755E-10,-21.43111,-24.26594
'[19:08:31.324 20/01/2026]',18.82425,16.90865,17.44668,23.62999,4.610755E-10,4.610755E-10,18.08797,21.31405
'[19:08:31.332 20/01/2026]',3.177515,-1.427603,0.03714619,-6.333259,4.610755E-10,4.610755E-10,-2.935361,0.5781171
'[19:08:31.340 20/01/2026]',-9.051309,-6.548935,-6.154252,-10.2122,4.610755E-10,4.610755E-10,-5.416893,-15.10171
'[19:08:31.348 20/01/2026]',-1.019463,3.231853,1.277519,10.09957,4.610755E-10,4.610755E-10,5.026442,11.24162
'[19:08:31.356 20/01/2026]',-0.8683594,-2.764029,-3.533831,-4.388994,4.610755E-10,4.610755E-10,-6.709362,-4.106304
'[19:08:31.364 20/01/2026]',13.0426,6.651533,9.793414,4.505784,4.610755E-10,4.610755E-10,8.994575,3.514777
'[19:08:31.372 20/01/2026]',-12.40682,-2.059598,-4.716878,-2.804544,4.610755E-10,4.610755E-10,-3.273465,-1.067721
'[19:08:31.380 20/01/2026]',2.450356,-3.932127,-3.411355,0.1290198,4.610755E-10,4.610755E-10,-4.294537,-2.788482
'[19:08:31.388 20/01/2026]',1.967269,1.714476,1.817475,-0.4786501,4.610755E-10,4.610755E-10,4.222769,4.127973
'[19:08:31.396 20/01/2026]',-2.040427,-0.08487699,1.149387,0.5903001,4.610755E-10,4.610755E-10,1.829016,-2.097787
'[19:08:31.404 20/01/2026]',8.603327,8.139868,7.739933,7.189205,4.610755E-10,4.610755E-10,1.513326,4.318439
'[19:08:31.412 20/01/2026]',-17.06256,-19.22049,-20.27398,-14.80434,4.610755E-10,4.610755E-10,-15.78103,-14.09325
'[19:08:31.420 20/01/2026]',8.387434,7.067285,10.10642,2.453253,4.610755E-10,4.610755E-10,13.54985,9.792684
'[19:08:31.428 20/01/2026]',-1.168049,6.381618,4.59998,6.444736,4.610755E-10,4.610755E-10,-4.546807,0.1528622
'[19:08:31.436 20/01/2026]',5.945555,-3.630701,-4.221394,0.7495262,4.610755E-10,4.610755E-10,1.444332,-3.346142
'[19:08:31.444 20/01/2026]',-5.907294,-4.718578,-4.525939,-3.269549,4.610755E-10,4.610755E-10,-1.204678,5.984363
'[19:08:31.452 20/01/2026]',-2.379851,5.09971,5.754539,-4.635272,4.610755E-10,4.610755E-10,0.5259187,-7.681737
'[19:08:31.460 20/01/2026]',2.467347,-2.811846,-1.926086,5.365592,4.610755E-10,4.610755E-10,-0.2022107,1.731474
'[19:08:31.468 20/01/2026]',12.14873,7.369326,7.536132,9.609877,4.610755E-10,4.610755E-10,6.839773,13.82582
'[19:08:31.476 20/01/2026]',-20.60436,-9.893716,-12.19834,-19.77866,4.610755E-10,4.610755E-10,-12.30715,-22.08095
'[19:08:31.484 20/01/2026]',9.475615,5.601252,8.268499,11.92756,4.610755E-10,4.610755E-10,9.397819,13.66547
'[19:08:31.492 20/01/2026]',9.475615,5.601252,8.268499,11.92756,4.610755E-10,4.610755E-10,9.397819,13.66547
'[19:08:31.500 20/01/2026]',9.475615,5.601252,8.268499,11.92756,4.610755E-10,4.610755E-10,9.397819,13.66547
'[19:08:31.508 20/01/2026]',9.475615,5.601252,8.268499,11.92756,4.610755E-10,4.610755E-10,9.397819,13.66547
'[19:08:31.516 20/01/2026]',9.475615,5.601252,8.268499,11.92756,4.610755E-10,4.610755E-10,9.397819,13.66547
'[19:08:31.524 20/01/2026]',12.27411,2.206707,1.693213,9.613384,4.610755E-10,4.610755E-10,-0.05906539,6.663707
'[19:08:31.532 20/01/2026]',12.27411,2.206707,1.693213,9.613384,4.610755E-10,4.610755E-10,-0.05906539,6.663707
'[19:08:31.540 20/01/2026]',-15.01794,-7.361411,-6.315265,-13.8263,4.610755E-10,4.610755E-10,-1.702435,-13.45906
'[19:08:31.548 20/01/2026]',-12.1417,-10.11624,-4.118607,-8.564953,4.610755E-10,4.610755E-10,-4.136406,-1.216495
'[19:08:31.556 20/01/2026]',14.94626,11.83415,6.971407,14.93104,4.610755E-10,4.610755E-10,3.908226,8.664791
'[19:08:31.564 20/01/2026]',27.46131,30.30056,14.06908,10.5913,4.610755E-10,4.610755E-10,7.194937,5.059502
'[19:08:31.572 20/01/2026]',-22.23753,-28.99534,-15.44876,-14.12646,4.610755E-10,4.610755E-10,-9.24102,-8.630949
'[19:08:31.580 20/01/2026]',-8.719498,-3.69029,2.753057,-1.037326,4.610755E-10,4.610755E-10,0.5606149,-4.247995
'[19:08:31.588 20/01/2026]',-8.719498,-3.69029,2.753057,-1.037326,4.610755E-10,4.610755E-10,0.5606149,-4.247995
'[19:08:31.596 20/01/2026]',10.35204,10.82539,2.620309,8.334686,4.610755E-10,4.610755E-10,9.162549,15.48642
'[19:08:31.604 20/01/2026]',10.35204,10.82539,2.620309,8.334686,4.610755E-10,4.610755E-10,9.162549,15.48642
'[19:08:31.612 20/01/2026]',-1.702246,-4.516839,-3.195535,-4.922089,4.610755E-10,4.610755E-10,-4.254646,-4.533578
'[19:08:31.620 20/01/2026]',-1.702246,-4.516839,-3.195535,-4.922089,4.610755E-10,4.610755E-10,-4.254646,-4.533578
'[19:08:31.628 20/01/2026]',-1.702246,-4.516839,-3.195535,-4.922089,4.610755E-10,4.610755E-10,-4.254646,-4.533578
'[19:08:31.636 20/01/2026]',-1.702246,-4.516839,-3.195535,-4.922089,4.610755E-10,4.610755E-10,-4.254646,-4.533578
'[19:08:31.644 20/01/2026]',-0.848426,-1.514602,2.355464,-0.5515352,4.610755E-10,4.610755E-10,-6.332521,-13.72896
'[19:08:31.652 20/01/2026]',-0.848426,-1.514602,2.355464,-0.5515352,4.610755E-10,4.610755E-10,-6.332521,-13.72896
'[19:08:31.660 20/01/2026]',-0.848426,-1.514602,2.355464,-0.5515352,4.610755E-10,4.610755E-10,-6.332521,-13.72896
'[19:08:31.668 20/01/2026]',-2.18792,-1.223536,-2.502555,4.59373,4.610755E-10,4.610755E-10,8.489717,17.14892
'[19:08:31.676 20/01/2026]',-24.49585,-24.8738,-12.2117,-15.07853,4.610755E-10,4.610755E-10,-5.537261,-7.371577
'[19:08:31.684 20/01/2026]',50.87488,57.56779,26.74423,23.24706,4.610755E-10,4.610755E-10,1.451608,-2.94323
'[19:08:31.692 20/01/2026]',50.87488,57.56779,26.74423,23.24706,4.610755E-10,4.610755E-10,1.451608,-2.94323
'[19:08:31.700 20/01/2026]',2.12608,-7.349703,-4.062039,-4.684194,4.610755E-10,4.610755E-10,3.708338,6.279173
'[19:08:31.708 20/01/2026]',2.12608,-7.349703,-4.062039,-4.684194,4.610755E-10,4.610755E-10,3.708338,6.279173
'[19:08:31.716 20/01/2026]',2.12608,-7.349703,-4.062039,-4.684194,4.610755E-10,4.610755E-10,3.708338,6.279173
'[19:08:31.724 20/01/2026]',-44.51408,-48.8475,-24.82815,-16.98942,4.610755E-10,4.610755E-10,-11.16086,-11.60959
'[19:08:31.732 20/01/2026]',14.5781,28.08179,19.40166,13.76044,4.610755E-10,4.610755E-10,10.44044,13.11162
'[19:08:31.740 20/01/2026]',14.5781,28.08179,19.40166,13.76044,4.610755E-10,4.610755E-10,10.44044,13.11162
'[19:08:31.748 20/01/2026]',14.5781,28.08179,19.40166,13.76044,4.610755E-10,4.610755E-10,10.44044,13.11162
'[19:08:31.756 20/01/2026]',14.5781,28.08179,19.40166,13.76044,4.610755E-10,4.610755E-10,10.44044,13.11162
'[19:08:31.764 20/01/2026]',6.810533,6.501554,-1.850177,-7.160999,4.610755E-10,4.610755E-10,-4.174169,-13.47043
'[19:08:31.772 20/01/2026]',-8.904789,-16.91629,-11.24815,0.5253609,4.610755E-10,4.610755E-10,-4.758244,4.040273
'[19:08:31.780 20/01/2026]',-8.904789,-16.91629,-11.24815,0.5253609,4.610755E-10,4.610755E-10,-4.758244,4.040273
'[19:08:31.788 20/01/2026]',-8.904789,-16.91629,-11.24815,0.5253609,4.610755E-10,4.610755E-10,-4.758244,4.040273
'[19:08:31.796 20/01/2026]',-8.904789,-16.91629,-11.24815,0.5253609,4.610755E-10,4.610755E-10,-4.758244,4.040273
'[19:08:31.804 20/01/2026]',5.802289,7.085948,9.480243,3.334089,4.610755E-10,4.610755E-10,8.266537,14.98847
'[19:08:31.812 20/01/2026]',3.768816,4.749099,2.937008,3.351674,4.610755E-10,4.610755E-10,-0.6114909,-15.31395
'[19:08:31.820 20/01/2026]',-6.423965,-5.00085,-7.117257,-5.060426,4.610755E-10,4.610755E-10,-5.734534,-1.675577
'[19:08:31.828 20/01/2026]',9.303962,5.356849,7.020485,10.52337,4.610755E-10,4.610755E-10,10.80298,19.20573
'[19:08:31.836 20/01/2026]',-11.70222,-6.00739,-7.018295,-15.25554,4.610755E-10,4.610755E-10,-10.30737,-18.1255
'[19:08:31.844 20/01/2026]',-5.934818,-6.554081,-7.082766,-5.586202,4.610755E-10,4.610755E-10,-11.18286,-9.469263
'[19:08:31.852 20/01/2026]',20.96445,17.62056,20.83515,24.5337,4.610755E-10,4.610755E-10,30.00406,31.3756
'[19:08:31.860 20/01/2026]',-7.155247,-10.10592,-11.51185,-12.52191,4.610755E-10,4.610755E-10,-17.03784,-17.48466
'[19:08:31.868 20/01/2026]',-11.77546,-1.269831,-2.259684,-6.907405,4.610755E-10,4.610755E-10,-4.110176,-9.391994
'[19:08:31.876 20/01/2026]',9.51171,3.978366,4.389919,8.699611,4.610755E-10,4.610755E-10,7.493965,12.21381
'[19:08:31.884 20/01/2026]',4.215825,-0.6618304,1.927717,2.732019,4.610755E-10,4.610755E-10,1.059398,4.657204
'[19:08:31.892 20/01/2026]',-4.612049,-0.1660705,-2.062257,-5.601662,4.610755E-10,4.610755E-10,-2.292874,-10.51379
'[19:08:31.900 20/01/2026]',-9.051908,-5.473373,-7.534521,-8.308474,4.610755E-10,4.610755E-10,-6.105021,-3.139184
'[19:08:31.908 20/01/2026]',8.526971,5.603327,7.012152,10.00533,4.610755E-10,4.610755E-10,7.530362,11.15477
'[19:08:31.916 20/01/2026]',7.435889,6.104869,6.783908,9.517431,4.610755E-10,4.610755E-10,4.740732,-0.547277
'[19:08:31.924 20/01/2026]',-16.24661,-9.797654,-9.576103,-15.87831,4.610755E-10,4.610755E-10,-10.93475,-6.449015
'[19:08:31.932 20/01/2026]',3.642541,1.498725,-0.1209876,-0.6523703,4.610755E-10,4.610755E-10,2.666977,-2.269921
'[19:08:31.940 20/01/2026]',10.36087,2.173886,3.816038,10.57404,4.610755E-10,4.610755E-10,3.225417,10.00972
'[19:08:31.948 20/01/2026]',-14.70055,-2.397921,-3.677636,-10.80912,4.610755E-10,4.610755E-10,-3.87984,-9.890335
'[19:08:31.956 20/01/2026]',3.958725,0.01838198,1.324501,5.896937,4.610755E-10,4.610755E-10,1.055424,-1.53259
'[19:08:31.964 20/01/2026]',6.143656,1.880579,1.662186,2.041716,4.610755E-10,4.610755E-10,0.9166381,11.65917
'[19:08:31.972 20/01/2026]',-9.097236,-3.788753,-4.468921,-10.54301,4.610755E-10,4.610755E-10,-0.1990351,-9.924603
'[19:08:31.980 20/01/2026]',7.331983,5.579894,4.780341,8.726838,4.610755E-10,4.610755E-10,-2.735424,0.5057983
'[19:08:31.988 20/01/2026]',2.209453,-0.2614786,0.160152,4.496452,4.610755E-10,4.610755E-10,6.444064,6.857469
'[19:08:31.996 20/01/2026]',-7.663735,-3.822242,-3.83759,-11.23376,4.610755E-10,4.610755E-10,-2.040815,-0.4462231
'[19:08:32.004 20/01/2026]',9.155386,5.616642,5.879939,11.04477,4.610755E-10,4.610755E-10,-6.919327,-6.927276
'[19:08:32.012 20/01/2026]',-10.08446,-8.78019,-7.890314,-11.61245,4.610755E-10,4.610755E-10,2.499914,-5.328553
'[19:08:32.020 20/01/2026]',1.610092,2.310913,1.740154,4.005778,4.610755E-10,4.610755E-10,8.281001,18.04357
'[19:08:32.028 20/01/2026]',10.58242,6.823762,4.734007,7.563069,4.610755E-10,4.610755E-10,-9.399046,-8.009495
'[19:08:32.036 20/01/2026]',-14.42354,-6.159045,-4.267425,-12.1376,4.610755E-10,4.610755E-10,-3.108746,-15.94141
'[19:08:32.044 20/01/2026]',3.155653,-4.0347,-2.310057,2.291285,4.610755E-10,4.610755E-10,9.953362,16.86664
'[19:08:32.052 20/01/2026]',5.384699,3.36748,4.314194,7.806587,4.610755E-10,4.610755E-10,-4.204009,4.002407
'[19:08:32.060 20/01/2026]',-3.883924,5.5622,1.002114,-5.144102,4.610755E-10,4.610755E-10,-1.222903,-10.58701
'[19:08:32.068 20/01/2026]',-1.261109,-8.312364,-7.037143,-3.959967,4.610755E-10,4.610755E-10,1.188408,-0.2447742
'[19:08:32.076 20/01/2026]',-0.7410612,1.145121,2.058825,2.928062,4.610755E-10,4.610755E-10,-3.447445,0.5943724
'[19:08:32.084 20/01/2026]',5.872661,5.213956,5.419014,4.927124,4.610755E-10,4.610755E-10,6.336711,9.400061
'[19:08:32.092 20/01/2026]',-5.158971,-1.986143,-3.335148,-5.327845,4.610755E-10,4.610755E-10,-0.3387165,-6.14752
'[19:08:32.100 20/01/2026]',4.435811,-1.177678,0.1325115,0.5709515,4.610755E-10,4.610755E-10,-5.470898,-5.966655
'[19:08:32.108 20/01/2026]',-1.961578,0.997586,1.122974,4.313211,4.610755E-10,4.610755E-10,3.201415,11.31803
'[19:08:32.116 20/01/2026]',-1.961578,0.997586,1.122974,4.313211,4.610755E-10,4.610755E-10,3.201415,11.31803
'[19:08:32.124 20/01/2026]',-1.961578,0.997586,1.122974,4.313211,4.610755E-10,4.610755E-10,3.201415,11.31803
'[19:08:32.132 20/01/2026]',-12.94887,-4.956093,-6.328815,-11.57307,4.610755E-10,4.610755E-10,1.780389,-11.40013
'[19:08:32.140 20/01/2026]',7.754719,0.9740718,3.182845,3.075181,4.610755E-10,4.610755E-10,-14.81381,-3.891894
'[19:08:32.148 20/01/2026]',14.56851,8.810925,8.844523,12.41441,4.610755E-10,4.610755E-10,22.18727,17.70109
'[19:08:32.156 20/01/2026]',14.56851,8.810925,8.844523,12.41441,4.610755E-10,4.610755E-10,22.18727,17.70109
'[19:08:32.164 20/01/2026]',14.56851,8.810925,8.844523,12.41441,4.610755E-10,4.610755E-10,22.18727,17.70109
'[19:08:32.172 20/01/2026]',14.56851,8.810925,8.844523,12.41441,4.610755E-10,4.610755E-10,22.18727,17.70109
'[19:08:32.180 20/01/2026]',-21.96137,-12.03027,-16.55095,-14.49735,4.610755E-10,4.610755E-10,-8.385347,-10.25672
'[19:08:32.188 20/01/2026]',9.319491,8.109528,10.34683,7.862425,4.610755E-10,4.610755E-10,-9.367274,-2.797813
'[19:08:32.196 20/01/2026]',15.33326,3.381496,5.337997,8.259357,4.610755E-10,4.610755E-10,15.75644,11.42244
'[19:08:32.204 20/01/2026]',15.33326,3.381496,5.337997,8.259357,4.610755E-10,4.610755E-10,15.75644,11.42244
'[19:08:32.212 20/01/2026]',15.33326,3.381496,5.337997,8.259357,4.610755E-10,4.610755E-10,15.75644,11.42244
'[19:08:32.220 20/01/2026]',15.33326,3.381496,5.337997,8.259357,4.610755E-10,4.610755E-10,15.75644,11.42244
'[19:08:32.228 20/01/2026]',-19.98899,-9.32019,-10.62241,-17.76562,4.610755E-10,4.610755E-10,-4.642632,-7.349446
'[19:08:32.236 20/01/2026]',-2.199039,-0.9517252,-0.5404171,4.617278,4.610755E-10,4.610755E-10,-13.24024,-9.824307
'[19:08:32.244 20/01/2026]',13.20445,4.057425,5.101409,7.247414,4.610755E-10,4.610755E-10,8.121336,10.22275
'[19:08:32.252 20/01/2026]',-5.354694,1.54006,1.397277,-4.662758,4.610755E-10,4.610755E-10,11.95221,6.578011
'[19:08:32.260 20/01/2026]',-5.354694,1.54006,1.397277,-4.662758,4.610755E-10,4.610755E-10,11.95221,6.578011
'[19:08:32.268 20/01/2026]',0.09109019,-0.4475824,-2.418098,3.616246,4.610755E-10,4.610755E-10,-13.40479,-8.643338
'[19:08:32.276 20/01/2026]',0.09109019,-0.4475824,-2.418098,3.616246,4.610755E-10,4.610755E-10,-13.40479,-8.643338
'[19:08:32.284 20/01/2026]',4.220448,0.1352198,1.454769,-2.227213,4.610755E-10,4.610755E-10,-2.512105,-2.388113
'[19:08:32.292 20/01/2026]',4.220448,0.1352198,1.454769,-2.227213,4.610755E-10,4.610755E-10,-2.512105,-2.388113
'[19:08:32.300 20/01/2026]',-0.5291876,-0.1945389,2.064246,4.17899,4.610755E-10,4.610755E-10,16.08941,12.99486
'[19:08:32.308 20/01/2026]',-0.5291876,-0.1945389,2.064246,4.17899,4.610755E-10,4.610755E-10,16.08941,12.99486
'[19:08:32.316 20/01/2026]',-7.855184,-6.024352,-8.869241,-7.602973,4.610755E-10,4.610755E-10,-12.99743,-10.33408
'[19:08:32.324 20/01/2026]',-7.855184,-6.024352,-8.869241,-7.602973,4.610755E-10,4.610755E-10,-12.99743,-10.33408
'[19:08:32.332 20/01/2026]',-7.855184,-6.024352,-8.869241,-7.602973,4.610755E-10,4.610755E-10,-12.99743,-10.33408
'[19:08:32.340 20/01/2026]',-7.855184,-6.024352,-8.869241,-7.602973,4.610755E-10,4.610755E-10,-12.99743,-10.33408
'[19:08:32.348 20/01/2026]',-7.855184,-6.024352,-8.869241,-7.602973,4.610755E-10,4.610755E-10,-12.99743,-10.33408
'[19:08:32.356 20/01/2026]',-7.855184,-6.024352,-8.869241,-7.602973,4.610755E-10,4.610755E-10,-12.99743,-10.33408
'[19:08:32.364 20/01/2026]',9.718872,9.626475,8.679552,2.934932,4.610755E-10,4.610755E-10,-6.099623,-7.058204
'[19:08:32.372 20/01/2026]',-1.842802,-1.096728,2.265958,8.057871,4.610755E-10,4.610755E-10,22.42571,17.58864
'[19:08:32.380 20/01/2026]',-1.842802,-1.096728,2.265958,8.057871,4.610755E-10,4.610755E-10,22.42571,17.58864
'[19:08:32.388 20/01/2026]',-2.973795,-4.735932,-6.825261,-5.936273,4.610755E-10,4.610755E-10,-10.06893,-1.114463
'[19:08:32.396 20/01/2026]',-6.157808,-3.881021,-3.887202,-10.57767,4.610755E-10,4.610755E-10,-20.03422,-22.96742
'[19:08:32.404 20/01/2026]',16.71053,15.26269,15.17005,17.65632,4.610755E-10,4.610755E-10,29.1766,23.10777
'[19:08:32.412 20/01/2026]',16.71053,15.26269,15.17005,17.65632,4.610755E-10,4.610755E-10,29.1766,23.10777
'[19:08:32.420 20/01/2026]',-6.440563,-6.842653,-7.35281,1.684437,4.610755E-10,4.610755E-10,-5.206599,5.967674
'[19:08:32.428 20/01/2026]',-18.41001,-18.4217,-9.446806,-25.63351,4.610755E-10,4.610755E-10,-17.68593,-26.07713
'[19:08:32.436 20/01/2026]',20.00519,25.3097,9.734433,21.43656,4.610755E-10,4.610755E-10,12.44561,13.18153
'[19:08:32.444 20/01/2026]',1.251077,-2.632729,2.135195,4.36089,4.610755E-10,4.610755E-10,3.08828,10.04262
'[19:08:32.452 20/01/2026]',-15.57256,-16.31885,-10.38303,-22.16199,4.610755E-10,4.610755E-10,-12.29798,-19.97335
'[19:08:32.460 20/01/2026]',10.34343,10.16739,7.52344,15.06247,4.610755E-10,4.610755E-10,10.35378,13.87644
'[19:08:32.468 20/01/2026]',-2.899076,0.3622307,-3.212021,-3.26421,4.610755E-10,4.610755E-10,-4.071579,-5.744515
'[19:08:32.476 20/01/2026]',0.4057542,-0.8390788,1.473981,-3.658041,4.610755E-10,4.610755E-10,1.166858,-1.439515
'[19:08:32.484 20/01/2026]',-5.439277,-4.073199,-2.720397,0.5799714,4.610755E-10,4.610755E-10,-3.983453,1.932313
'[19:08:32.492 20/01/2026]',3.352117,2.371441,-1.804148,2.845686,4.610755E-10,4.610755E-10,-0.50268,-4.658297
'[19:08:32.500 20/01/2026]',4.720261,8.09206,8.370942,3.289104,4.610755E-10,4.610755E-10,11.08786,12.64421
'[19:08:32.508 20/01/2026]',-10.29561,-15.86545,-10.59053,-12.74206,4.610755E-10,4.610755E-10,-12.60913,-13.73618
'[19:08:32.516 20/01/2026]',5.429833,8.609979,4.045873,5.958128,4.610755E-10,4.610755E-10,0.1383474,-3.359702
'[19:08:32.524 20/01/2026]',1.598037,2.195,3.513842,5.14962,4.610755E-10,4.610755E-10,7.848245,15.51546
'[19:08:32.532 20/01/2026]',1.524734,-2.273632,-2.047372,-1.090899,4.610755E-10,4.610755E-10,2.339205,-1.825689
'[19:08:32.540 20/01/2026]',-5.347274,-4.075403,-3.285076,-8.334852,4.610755E-10,4.610755E-10,-14.14846,-16.54743
'[19:08:32.548 20/01/2026]',-5.450662,0.2322287,-2.21884,-1.044568,4.610755E-10,4.610755E-10,3.643159,4.362664
'[19:08:32.556 20/01/2026]',19.55067,11.90236,12.29867,17.96763,4.610755E-10,4.610755E-10,16.05029,20.16079
'[19:08:32.564 20/01/2026]',-15.92658,-9.987292,-9.203959,-15.54265,4.610755E-10,4.610755E-10,-17.01611,-16.15522
'[19:08:32.572 20/01/2026]',2.747919,0.4298546,0.7317396,0.5390784,4.610755E-10,4.610755E-10,5.17769,-6.332161
'[19:08:32.580 20/01/2026]',7.561312,4.745896,5.646988,11.23668,4.610755E-10,4.610755E-10,6.511763,22.26177
'[19:08:32.588 20/01/2026]',-13.90288,-2.235923,-5.107298,-12.09816,4.610755E-10,4.610755E-10,-7.69406,-19.5552
'[19:08:32.596 20/01/2026]',9.220152,-2.696796,0.8688562,4.673845,4.610755E-10,4.610755E-10,0.2053708,1.797857
'[19:08:32.604 20/01/2026]',4.266878,5.564897,3.131349,5.136705,4.610755E-10,4.610755E-10,6.105106,12.79137
'[19:08:32.612 20/01/2026]',-10.5566,-5.378277,-5.561752,-9.987694,4.610755E-10,4.610755E-10,-5.052652,-9.211669
'[19:08:32.620 20/01/2026]',0.2929012,-2.970787,0.3507236,-1.459153,4.610755E-10,4.610755E-10,-0.8223521,-4.600457
'[19:08:32.628 20/01/2026]',11.24299,10.45364,6.882841,14.98488,4.610755E-10,4.610755E-10,1.993453,7.938529
'[19:08:32.636 20/01/2026]',-14.74629,-9.529267,-7.788606,-15.55992,4.610755E-10,4.610755E-10,-3.203247,-6.180398
'[19:08:32.644 20/01/2026]',8.610223,5.755846,5.274798,8.028239,4.610755E-10,4.610755E-10,8.541395,8.133333
'[19:08:32.652 20/01/2026]',-6.419175,-3.915633,-5.869523,-4.734056,4.610755E-10,4.610755E-10,-12.2197,-13.41182
'[19:08:32.660 20/01/2026]',8.25434,0.9942399,5.744893,4.089691,4.610755E-10,4.610755E-10,4.512972,8.394873
'[19:08:32.668 20/01/2026]',-8.624166,-12.15797,-4.238538,-1.524844,4.610755E-10,4.610755E-10,4.743753,4.458477
'[19:08:32.676 20/01/2026]',-8.624166,-12.15797,-4.238538,-1.524844,4.610755E-10,4.610755E-10,4.743753,4.458477
'[19:08:32.684 20/01/2026]',11.33892,27.34617,5.69056,1.676207,4.610755E-10,4.610755E-10,-4.117167,-7.902166
'[19:08:32.692 20/01/2026]',-5.672039,-15.74057,-6.976923,-5.104977,4.610755E-10,4.610755E-10,-3.846173,0.3977228
'[19:08:32.700 20/01/2026]',-3.396366,-2.503151,4.710302,5.389309,4.610755E-10,4.610755E-10,11.73069,7.956889
'[19:08:32.708 20/01/2026]',-1.204247,0.5692176,-4.328373,-6.678634,4.610755E-10,4.610755E-10,-15.0776,-12.29835
'[19:08:32.716 20/01/2026]',-1.204247,0.5692176,-4.328373,-6.678634,4.610755E-10,4.610755E-10,-15.0776,-12.29835
'[19:08:32.724 20/01/2026]',7.341145,6.105229,4.317993,4.837882,4.610755E-10,4.610755E-10,8.219881,5.310952
'[19:08:32.732 20/01/2026]',-1.236584,-1.080389,0.2167505,4.44621,4.610755E-10,4.610755E-10,5.835024,7.422258
'[19:08:32.740 20/01/2026]',-11.30124,-4.495048,-6.008743,-8.90288,4.610755E-10,4.610755E-10,-13.72739,-7.681062
'[19:08:32.748 20/01/2026]',15.7695,6.05998,6.502657,6.358378,4.610755E-10,4.610755E-10,11.63188,0.4780739
'[19:08:32.756 20/01/2026]',15.7695,6.05998,6.502657,6.358378,4.610755E-10,4.610755E-10,11.63188,0.4780739
'[19:08:32.764 20/01/2026]',15.7695,6.05998,6.502657,6.358378,4.610755E-10,4.610755E-10,11.63188,0.4780739
'[19:08:32.772 20/01/2026]',-3.784245,-6.070809,-0.09381391,0.8154075,4.610755E-10,4.610755E-10,-2.504843,8.604241
'[19:08:32.780 20/01/2026]',-12.90989,1.742911,-2.721372,-7.162776,4.610755E-10,4.610755E-10,-6.676797,-14.63008
'[19:08:32.788 20/01/2026]',-12.90989,1.742911,-2.721372,-7.162776,4.610755E-10,4.610755E-10,-6.676797,-14.63008
'[19:08:32.796 20/01/2026]',-12.90989,1.742911,-2.721372,-7.162776,4.610755E-10,4.610755E-10,-6.676797,-14.63008
'[19:08:32.804 20/01/2026]',-12.90989,1.742911,-2.721372,-7.162776,4.610755E-10,4.610755E-10,-6.676797,-14.63008
'[19:08:32.812 20/01/2026]',-12.90989,1.742911,-2.721372,-7.162776,4.610755E-10,4.610755E-10,-6.676797,-14.63008
'[19:08:32.820 20/01/2026]',7.739419,-1.395708,-2.672584,-0.8021426,4.610755E-10,4.610755E-10,4.843088,4.34287
'[19:08:32.828 20/01/2026]',-2.369261,-0.1536522,3.573894,4.34917,4.610755E-10,4.610755E-10,3.118755,8.42509
'[19:08:32.836 20/01/2026]',3.595864,0.642193,-1.563551,-1.086576,4.610755E-10,4.610755E-10,-8.729673,-12.11639
'[19:08:32.844 20/01/2026]',3.595864,0.642193,-1.563551,-1.086576,4.610755E-10,4.610755E-10,-8.729673,-12.11639
'[19:08:32.852 20/01/2026]',3.595864,0.642193,-1.563551,-1.086576,4.610755E-10,4.610755E-10,-8.729673,-12.11639
'[19:08:32.860 20/01/2026]',3.595864,0.642193,-1.563551,-1.086576,4.610755E-10,4.610755E-10,-8.729673,-12.11639
'[19:08:32.868 20/01/2026]',-4.234849,1.47445,1.396764,-0.9669671,4.610755E-10,4.610755E-10,8.619088,7.141723
'[19:08:32.876 20/01/2026]',7.155786,0.2016736,1.572609,7.913617,4.610755E-10,4.610755E-10,-1.447856,6.359166
'[19:08:32.884 20/01/2026]',-10.59035,-8.058039,-8.651416,-17.5466,4.610755E-10,4.610755E-10,-14.84633,-23.3236
'[19:08:32.892 20/01/2026]',-10.59035,-8.058039,-8.651416,-17.5466,4.610755E-10,4.610755E-10,-14.84633,-23.3236
'[19:08:32.900 20/01/2026]',6.824854,10.95253,9.282838,10.79675,4.610755E-10,4.610755E-10,18.97453,17.34412
'[19:08:32.908 20/01/2026]',8.272865,0.9295008,3.596947,10.32885,4.610755E-10,4.610755E-10,3.38456,9.547777
'[19:08:32.916 20/01/2026]',8.272865,0.9295008,3.596947,10.32885,4.610755E-10,4.610755E-10,3.38456,9.547777
'[19:08:32.924 20/01/2026]',-10.78261,-7.560851,-9.76078,-13.12069,4.610755E-10,4.610755E-10,-21.90062,-19.54
'[19:08:32.932 20/01/2026]',-10.78261,-7.560851,-9.76078,-13.12069,4.610755E-10,4.610755E-10,-21.90062,-19.54
'[19:08:32.940 20/01/2026]',-10.78261,-7.560851,-9.76078,-13.12069,4.610755E-10,4.610755E-10,-21.90062,-19.54
'[19:08:32.948 20/01/2026]',-5.991416,-4.340721,-3.364226,-8.836814,4.610755E-10,4.610755E-10,4.128268,-2.571712
'[19:08:32.956 20/01/2026]',-5.991416,-4.340721,-3.364226,-8.836814,4.610755E-10,4.610755E-10,4.128268,-2.571712
'[19:08:32.964 20/01/2026]',13.18417,10.49987,9.777468,16.88492,4.610755E-10,4.610755E-10,19.48759,19.91914
'[19:08:32.972 20/01/2026]',13.18417,10.49987,9.777468,16.88492,4.610755E-10,4.610755E-10,19.48759,19.91914
'[19:08:32.980 20/01/2026]',4.019829,-0.253283,2.296615,4.049199,4.610755E-10,4.610755E-10,-11.61908,-3.306267
'[19:08:32.988 20/01/2026]',4.019829,-0.253283,2.296615,4.049199,4.610755E-10,4.610755E-10,-11.61908,-3.306267
'[19:08:32.996 20/01/2026]',-10.69853,-5.864253,-7.300943,-13.63705,4.610755E-10,4.610755E-10,-4.903846,-9.506487
'[19:08:33.004 20/01/2026]',-10.69853,-5.864253,-7.300943,-13.63705,4.610755E-10,4.610755E-10,-4.903846,-9.506487
'[19:08:33.012 20/01/2026]',-0.791593,-0.7866793,-2.215427,3.870742,4.610755E-10,4.610755E-10,5.938584,4.331392
'[19:08:33.020 20/01/2026]',-0.791593,-0.7866793,-2.215427,3.870742,4.610755E-10,4.610755E-10,5.938584,4.331392
'[19:08:33.028 20/01/2026]',5.548851,6.451356,7.916853,1.564241,4.610755E-10,4.610755E-10,0.1928312,-1.110966
'[19:08:33.036 20/01/2026]',-0.1069406,-3.859762,-4.488382,-0.6585467,4.610755E-10,4.610755E-10,-4.408016,0.2705532
'[19:08:33.044 20/01/2026]',-0.6271125,-0.0287673,1.028285,4.236479,4.610755E-10,4.610755E-10,6.030465,6.652181
'[19:08:33.052 20/01/2026]',1.503088,5.996718,3.427475,2.075599,4.610755E-10,4.610755E-10,0.4549334,-3.293699
'[19:08:33.060 20/01/2026]',-13.69004,-21.63793,-13.19685,-19.32312,4.610755E-10,4.610755E-10,-14.21752,-16.0899
'[19:08:33.068 20/01/2026]',14.85379,14.15955,8.914524,14.86139,4.610755E-10,4.610755E-10,13.17939,24.58015
'[19:08:33.076 20/01/2026]',-4.366776,8.572747,3.186688,-0.8072292,4.610755E-10,4.610755E-10,-1.627903,-11.28515
'[19:08:33.084 20/01/2026]',-2.665109,-12.23312,-3.767502,1.088975,4.610755E-10,4.610755E-10,-2.230652,-6.2422
'[19:08:33.092 20/01/2026]',3.179447,2.840262,-2.98322,-4.776072,4.610755E-10,4.610755E-10,1.489561,13.29073
'[19:08:33.100 20/01/2026]',3.962613,3.925075,5.886752,4.522818,4.610755E-10,4.610755E-10,-1.032166,-3.159389
'[19:08:33.108 20/01/2026]',2.391385,0.5975466,3.18061,7.008893,4.610755E-10,4.610755E-10,6.592336,0.9275088
'[19:08:33.116 20/01/2026]',-3.059327,-1.276056,-5.141088,0.4948868,4.610755E-10,4.610755E-10,-4.042837,0.09843487
'[19:08:33.124 20/01/2026]',-8.293172,-3.235543,-3.802914,-19.27185,4.610755E-10,4.610755E-10,-6.621016,-11.21751
'[19:08:33.132 20/01/2026]',5.044912,2.770731,5.991677,10.15171,4.610755E-10,4.610755E-10,7.227395,11.23662
'[19:08:33.140 20/01/2026]',3.074953,1.30519,-0.750545,7.889239,4.610755E-10,4.610755E-10,0.4148857,0.9389429
'[19:08:33.148 20/01/2026]',-5.740541,-5.940548,-4.568299,-11.24125,4.610755E-10,4.610755E-10,-4.127779,-8.971133
'[19:08:33.156 20/01/2026]',4.78526,8.424052,6.407007,7.424698,4.610755E-10,4.610755E-10,6.303043,7.999746
'[19:08:33.164 20/01/2026]',-5.831422,-5.090545,-3.851241,-5.351703,4.610755E-10,4.610755E-10,-8.745583,-6.800761
'[19:08:33.172 20/01/2026]',2.949961,1.204419,0.8721393,1.918112,4.610755E-10,4.610755E-10,5.243026,4.467925
'[19:08:33.180 20/01/2026]',-2.019468,-3.337654,-3.752172,-2.89205,4.610755E-10,4.610755E-10,1.912796,-1.240294
'[19:08:33.188 20/01/2026]',8.932048,8.137653,10.96518,9.109662,4.610755E-10,4.610755E-10,-3.42478,2.729208
'[19:08:33.196 20/01/2026]',-8.705851,-7.695588,-9.628639,-8.836525,4.610755E-10,4.610755E-10,0.3047727,-5.496099
'[19:08:33.204 20/01/2026]',-0.6014816,-1.007349,-1.137505,2.827885,4.610755E-10,4.610755E-10,1.429431,0.8929371
'[19:08:33.212 20/01/2026]',5.174072,5.358078,6.473661,1.276415,4.610755E-10,4.610755E-10,-2.77488,6.482745
'[19:08:33.220 20/01/2026]',-2.301761,-3.958671,-4.552107,-4.454485,4.610755E-10,4.610755E-10,-0.5699006,-10.40562
'[19:08:33.228 20/01/2026]',4.518941,3.693475,3.478962,8.260294,4.610755E-10,4.610755E-10,3.669894,11.02635
'[19:08:33.236 20/01/2026]',-17.27284,-8.322472,-7.731072,-15.97407,4.610755E-10,4.610755E-10,-7.774093,-15.52502
'[19:08:33.244 20/01/2026]',18.79839,9.913989,10.20963,20.59231,4.610755E-10,4.610755E-10,10.88385,15.11301
'[19:08:33.252 20/01/2026]',-3.188412,-1.222935,-2.751439,-9.932071,4.610755E-10,4.610755E-10,-4.519325,-0.1169252
'[19:08:33.260 20/01/2026]',-10.76918,-7.411492,-5.349848,-8.800126,4.610755E-10,4.610755E-10,-3.135112,-13.06181
'[19:08:33.268 20/01/2026]',7.955085,1.19812,1.783977,11.01483,4.610755E-10,4.610755E-10,-0.02537107,4.879101
'[19:08:33.276 20/01/2026]',4.641325,6.845072,3.761991,3.647817,4.610755E-10,4.610755E-10,4.890328,12.21109
'[19:08:33.284 20/01/2026]',-3.797463,1.15491,2.785163,-5.595585,4.610755E-10,4.610755E-10,2.99864,-8.186522
'[19:08:33.292 20/01/2026]',-9.100895,-14.44365,-11.27251,-6.022715,4.610755E-10,4.610755E-10,-11.54284,-9.844952
'[19:08:33.300 20/01/2026]',10.23173,9.262334,4.759445,8.53379,4.610755E-10,4.610755E-10,6.091905,13.60356
'[19:08:33.308 20/01/2026]',-4.653511,3.826534,2.767372,-4.621571,4.610755E-10,4.610755E-10,3.161495,-3.023479
'[19:08:33.316 20/01/2026]',7.745798,-2.474431,1.612468,7.642342,4.610755E-10,4.610755E-10,-0.7370865,0.9512067
'[19:08:33.324 20/01/2026]',-15.06472,-9.960467,-11.62232,-15.6512,4.610755E-10,4.610755E-10,-11.91512,-13.95472
'[19:08:33.332 20/01/2026]',10.00717,10.15284,9.623115,9.909278,4.610755E-10,4.610755E-10,12.20203,16.41487
'[19:08:33.340 20/01/2026]',15.14866,9.807476,10.07199,15.1276,4.610755E-10,4.610755E-10,9.119658,7.299166
'[19:08:33.348 20/01/2026]',-26.80574,-17.3878,-18.09353,-21.70739,4.610755E-10,4.610755E-10,-18.30242,-21.94759
'[19:08:33.356 20/01/2026]',-26.80574,-17.3878,-18.09353,-21.70739,4.610755E-10,4.610755E-10,-18.30242,-21.94759
'[19:08:33.364 20/01/2026]',-26.80574,-17.3878,-18.09353,-21.70739,4.610755E-10,4.610755E-10,-18.30242,-21.94759
'[19:08:33.372 20/01/2026]',6.058932,1.337242,-2.159189,-5.100333,4.610755E-10,4.610755E-10,-0.7372274,4.564502
'[19:08:33.380 20/01/2026]',7.032292,1.124385,11.58892,19.3152,4.610755E-10,4.610755E-10,10.32276,7.958797
'[19:08:33.388 20/01/2026]',7.032292,1.124385,11.58892,19.3152,4.610755E-10,4.610755E-10,10.32276,7.958797
'[19:08:33.396 20/01/2026]',-10.24944,-1.860513,-0.9209109,-5.305472,4.610755E-10,4.610755E-10,6.536398,10.34258
'[19:08:33.404 20/01/2026]',-10.24944,-1.860513,-0.9209109,-5.305472,4.610755E-10,4.610755E-10,6.536398,10.34258
'[19:08:33.412 20/01/2026]',-6.273224,6.834937,-11.56081,-12.71409,4.610755E-10,4.610755E-10,-15.5596,-23.21987
'[19:08:33.420 20/01/2026]',-6.273224,6.834937,-11.56081,-12.71409,4.610755E-10,4.610755E-10,-15.5596,-23.21987
'[19:08:33.428 20/01/2026]',61.2987,23.02461,28.4565,27.84321,4.610755E-10,4.610755E-10,7.031674,16.32869
'[19:08:33.436 20/01/2026]',61.2987,23.02461,28.4565,27.84321,4.610755E-10,4.610755E-10,7.031674,16.32869
'[19:08:33.444 20/01/2026]',61.2987,23.02461,28.4565,27.84321,4.610755E-10,4.610755E-10,7.031674,16.32869
'[19:08:33.452 20/01/2026]',-55.24231,-34.06047,-19.75659,-19.11953,4.610755E-10,4.610755E-10,-1.000265,-7.181377
'[19:08:33.460 20/01/2026]',-15.32158,-0.1187255,-12.8152,-12.1649,4.610755E-10,4.610755E-10,-4.019721,-7.610435
'[19:08:33.468 20/01/2026]',-15.32158,-0.1187255,-12.8152,-12.1649,4.610755E-10,4.610755E-10,-4.019721,-7.610435
'[19:08:33.476 20/01/2026]',-15.32158,-0.1187255,-12.8152,-12.1649,4.610755E-10,4.610755E-10,-4.019721,-7.610435
'[19:08:33.484 20/01/2026]',24.56456,8.165487,13.74719,10.81985,4.610755E-10,4.610755E-10,0.6923324,9.885737
'[19:08:33.492 20/01/2026]',4.529513,6.371221,4.647551,5.279518,4.610755E-10,4.610755E-10,5.010132,-4.205994
'[19:08:33.500 20/01/2026]',4.529513,6.371221,4.647551,5.279518,4.610755E-10,4.610755E-10,5.010132,-4.205994
'[19:08:33.508 20/01/2026]',-7.279545,-10.80881,-6.267787,-1.633248,4.610755E-10,4.610755E-10,-1.90019,3.632178
'[19:08:33.516 20/01/2026]',-7.279545,-10.80881,-6.267787,-1.633248,4.610755E-10,4.610755E-10,-1.90019,3.632178
'[19:08:33.524 20/01/2026]',-7.279545,-10.80881,-6.267787,-1.633248,4.610755E-10,4.610755E-10,-1.90019,3.632178
'[19:08:33.532 20/01/2026]',-7.279545,-10.80881,-6.267787,-1.633248,4.610755E-10,4.610755E-10,-1.90019,3.632178
'[19:08:33.540 20/01/2026]',-7.279545,-10.80881,-6.267787,-1.633248,4.610755E-10,4.610755E-10,-1.90019,3.632178
'[19:08:33.548 20/01/2026]',-7.279545,-10.80881,-6.267787,-1.633248,4.610755E-10,4.610755E-10,-1.90019,3.632178
'[19:08:33.556 20/01/2026]',-2.664398,-5.103877,-4.215608,-2.731211,4.610755E-10,4.610755E-10,-4.738746,-4.183796
'[19:08:33.564 20/01/2026]',17.44595,21.28621,6.879626,8.399498,4.610755E-10,4.610755E-10,5.193743,8.089072
'[19:08:33.572 20/01/2026]',-10.54669,-8.216566,2.67362,-4.577603,4.610755E-10,4.610755E-10,2.771448,-4.304946
'[19:08:33.580 20/01/2026]',-1.602864,-1.650686,-4.419758,2.693915,4.610755E-10,4.610755E-10,-3.374665,4.846048
'[19:08:33.588 20/01/2026]',-1.602864,-1.650686,-4.419758,2.693915,4.610755E-10,4.610755E-10,-3.374665,4.846048
'[19:08:33.596 20/01/2026]',-7.908353,-8.772813,-8.265338,-11.36456,4.610755E-10,4.610755E-10,-5.688194,-14.37359
'[19:08:33.604 20/01/2026]',9.551821,11.50444,14.12497,6.006935,4.610755E-10,4.610755E-10,9.111208,11.36217
'[19:08:33.612 20/01/2026]',-0.1113274,2.947088,-3.753613,7.722119,4.610755E-10,4.610755E-10,0.6809841,4.193038
'[19:08:33.620 20/01/2026]',-5.369486,-12.7368,-6.06161,-10.78135,4.610755E-10,4.610755E-10,-9.285419,-18.54758
'[19:08:33.628 20/01/2026]',6.140043,6.636217,3.833162,8.887349,4.610755E-10,4.610755E-10,5.543019,23.86708
'[19:08:33.636 20/01/2026]',1.485143,4.56637,2.455771,-2.835047,4.610755E-10,4.610755E-10,4.356194,-9.847974
'[19:08:33.644 20/01/2026]',-12.77923,-9.581055,-7.692249,-12.34523,4.610755E-10,4.610755E-10,-10.99804,-16.30517
'[19:08:33.652 20/01/2026]',20.07082,5.043189,7.619574,21.46558,4.610755E-10,4.610755E-10,8.55933,26.58911
'[19:08:33.660 20/01/2026]',-12.83517,3.374534,-0.836663,-11.69265,4.610755E-10,4.610755E-10,-0.1435106,-10.12003
'[19:08:33.668 20/01/2026]',-0.1218832,-6.325372,-3.565215,-2.039251,4.610755E-10,4.610755E-10,-3.727548,-11.04906
'[19:08:33.676 20/01/2026]',8.178582,2.903128,2.422313,9.721656,4.610755E-10,4.610755E-10,2.372432,11.161
'[19:08:33.684 20/01/2026]',3.556097,9.247879,8.071687,4.308652,4.610755E-10,4.610755E-10,7.558423,15.96991
'[19:08:33.692 20/01/2026]',-13.32878,-12.15708,-9.554029,-13.88245,4.610755E-10,4.610755E-10,-8.792307,-30.56272
'[19:08:33.700 20/01/2026]',-0.6278036,-0.7058738,-2.825337,2.434246,4.610755E-10,4.610755E-10,-5.400957,9.175948
'[19:08:33.708 20/01/2026]',5.224512,4.626971,5.53133,1.665366,4.610755E-10,4.610755E-10,9.827895,9.656641
'[19:08:33.716 20/01/2026]',-5.503029,-3.187923,-3.396006,-8.478893,4.610755E-10,4.610755E-10,-6.862917,-13.76287
'[19:08:33.724 20/01/2026]',5.429697,-0.3815368,-0.2567809,13.04914,4.610755E-10,4.610755E-10,0.08560602,8.289399
'[19:08:33.732 20/01/2026]',9.111765,8.670256,9.459311,4.627077,4.610755E-10,4.610755E-10,11.30215,8.036665
'[19:08:33.740 20/01/2026]',-11.72495,-1.429868,-4.630004,-16.20858,4.610755E-10,4.610755E-10,-8.099733,-12.17853
'[19:08:33.748 20/01/2026]',0.09083034,-13.2379,-6.733979,6.038361,4.610755E-10,4.610755E-10,-4.113883,0.2582667
'[19:08:33.756 20/01/2026]',3.524346,14.17871,7.861312,3.862688,4.610755E-10,4.610755E-10,6.698932,1.993205
'[19:08:33.764 20/01/2026]',4.927944,-2.51932,-0.1956269,3.314219,4.610755E-10,4.610755E-10,0.02126912,10.48992
'[19:08:33.772 20/01/2026]',-8.593914,-10.14572,-6.106584,-13.14664,4.610755E-10,4.610755E-10,-4.553148,-14.06954
'[19:08:33.780 20/01/2026]',8.747842,17.87076,7.573272,10.21507,4.610755E-10,4.610755E-10,4.650357,5.792182
'[19:08:33.788 20/01/2026]',-4.111636,-9.882071,-3.899675,1.90181,4.610755E-10,4.610755E-10,-1.984789,4.687009
'[19:08:33.796 20/01/2026]',1.766823,1.979504,3.391807,-1.472212,4.610755E-10,4.610755E-10,2.909643,-5.881117
'[19:08:33.804 20/01/2026]',-1.43879,0.3038798,-3.037379,-4.116388,4.610755E-10,4.610755E-10,-2.027818,3.711143
'[19:08:33.812 20/01/2026]',-4.061423,1.251485,-0.3681019,3.872627,4.610755E-10,4.610755E-10,4.563266,1.244937
'[19:08:33.820 20/01/2026]',11.55271,1.256301,4.598059,4.519667,4.610755E-10,4.610755E-10,-2.463091,4.78824
'[19:08:33.828 20/01/2026]',-13.784,-10.22951,-9.727143,-15.72052,4.610755E-10,4.610755E-10,-7.116039,-19.02452
'[19:08:33.836 20/01/2026]',18.23108,14.67774,13.51298,24.11047,4.610755E-10,4.610755E-10,16.05093,24.47669
'[19:08:33.844 20/01/2026]',-13.23664,-6.559694,-6.405544,-11.72453,4.610755E-10,4.610755E-10,-10.66772,-5.823219
'[19:08:33.852 20/01/2026]',-28.10273,-20.2183,-13.85068,-22.30554,4.610755E-10,4.610755E-10,-3.589503,-26.1625
'[19:08:33.860 20/01/2026]',22.22107,9.685711,11.39797,27.31753,4.610755E-10,4.610755E-10,7.945841,31.40569
'[19:08:33.868 20/01/2026]',50.3773,49.35061,21.57072,7.86895,4.610755E-10,4.610755E-10,-2.93381,-9.133458
'[19:08:33.876 20/01/2026]',-41.69549,-38.11481,-18.96022,-18.80754,4.610755E-10,4.610755E-10,3.44061,-5.876024
'[19:08:33.884 20/01/2026]',-19.87413,-20.13649,-9.23203,2.886313,4.610755E-10,4.610755E-10,-8.966264,2.075545
'[19:08:33.892 20/01/2026]',-19.87413,-20.13649,-9.23203,2.886313,4.610755E-10,4.610755E-10,-8.966264,2.075545
'[19:08:33.900 20/01/2026]',-19.87413,-20.13649,-9.23203,2.886313,4.610755E-10,4.610755E-10,-8.966264,2.075545
'[19:08:33.908 20/01/2026]',-19.87413,-20.13649,-9.23203,2.886313,4.610755E-10,4.610755E-10,-8.966264,2.075545
'[19:08:33.916 20/01/2026]',15.49525,19.94092,5.69832,-4.796794,4.610755E-10,4.610755E-10,0.7262576,0.4258165
'[19:08:33.924 20/01/2026]',11.74393,7.263523,9.393785,13.22973,4.610755E-10,4.610755E-10,12.0439,3.933478
'[19:08:33.932 20/01/2026]',-5.521457,-5.590398,-4.550377,-0.4347897,4.610755E-10,4.610755E-10,-6.892433,-0.0476234
'[19:08:33.940 20/01/2026]',-5.608813,-2.815706,-0.7036102,-9.15044,4.610755E-10,4.610755E-10,0.5105336,-1.349497
'[19:08:33.948 20/01/2026]',-5.608813,-2.815706,-0.7036102,-9.15044,4.610755E-10,4.610755E-10,0.5105336,-1.349497
'[19:08:33.956 20/01/2026]',-5.608813,-2.815706,-0.7036102,-9.15044,4.610755E-10,4.610755E-10,0.5105336,-1.349497
'[19:08:33.964 20/01/2026]',-7.022852,-3.164038,-6.181873,-2.442394,4.610755E-10,4.610755E-10,-3.652116,-5.680965
'[19:08:33.972 20/01/2026]',20.91446,10.07217,12.94835,14.75948,4.610755E-10,4.610755E-10,6.78751,8.638493
'[19:08:33.980 20/01/2026]',20.91446,10.07217,12.94835,14.75948,4.610755E-10,4.610755E-10,6.78751,8.638493
'[19:08:33.988 20/01/2026]',-10.50858,-4.872093,-6.071803,-10.00048,4.610755E-10,4.610755E-10,-1.806265,-1.948005
'[19:08:33.996 20/01/2026]',-8.945172,-0.8984835,-3.66487,-0.9883498,4.610755E-10,4.610755E-10,-0.3531283,-1.96016
'[19:08:34.004 20/01/2026]',-8.945172,-0.8984835,-3.66487,-0.9883498,4.610755E-10,4.610755E-10,-0.3531283,-1.96016
'[19:08:34.012 20/01/2026]',2.745623,-11.94182,-4.686492,-4.166234,4.610755E-10,4.610755E-10,-14.33344,-10.1541
'[19:08:34.020 20/01/2026]',2.745623,-11.94182,-4.686492,-4.166234,4.610755E-10,4.610755E-10,-14.33344,-10.1541
'[19:08:34.028 20/01/2026]',2.745623,-11.94182,-4.686492,-4.166234,4.610755E-10,4.610755E-10,-14.33344,-10.1541
'[19:08:34.036 20/01/2026]',2.745623,-11.94182,-4.686492,-4.166234,4.610755E-10,4.610755E-10,-14.33344,-10.1541
'[19:08:34.044 20/01/2026]',2.745623,-11.94182,-4.686492,-4.166234,4.610755E-10,4.610755E-10,-14.33344,-10.1541
'[19:08:34.052 20/01/2026]',14.04623,20.92055,16.53929,13.02635,4.610755E-10,4.610755E-10,23.62097,16.13643
'[19:08:34.060 20/01/2026]',14.04623,20.92055,16.53929,13.02635,4.610755E-10,4.610755E-10,23.62097,16.13643
'[19:08:34.068 20/01/2026]',14.04623,20.92055,16.53929,13.02635,4.610755E-10,4.610755E-10,23.62097,16.13643
'[19:08:34.076 20/01/2026]',14.04623,20.92055,16.53929,13.02635,4.610755E-10,4.610755E-10,23.62097,16.13643
'[19:08:34.084 20/01/2026]',-12.30998,-9.253934,-12.56823,-9.969533,4.610755E-10,4.610755E-10,-12.60803,-8.362849
'[19:08:34.092 20/01/2026]',4.094292,-1.282568,4.049695,5.337643,4.610755E-10,4.610755E-10,-1.267087,2.656577
'[19:08:34.100 20/01/2026]',-3.928998,-0.4006308,-0.5403341,-2.157376,4.610755E-10,4.610755E-10,6.488934,-0.04748379
'[19:08:34.108 20/01/2026]',-1.135202,-6.437728,-8.194755,-7.268364,4.610755E-10,4.610755E-10,-13.41363,-11.11494
'[19:08:34.116 20/01/2026]',-1.135202,-6.437728,-8.194755,-7.268364,4.610755E-10,4.610755E-10,-13.41363,-11.11494
'[19:08:34.124 20/01/2026]',-1.135202,-6.437728,-8.194755,-7.268364,4.610755E-10,4.610755E-10,-13.41363,-11.11494
'[19:08:34.132 20/01/2026]',21.32134,22.52134,22.35803,22.20673,4.610755E-10,4.610755E-10,20.3301,26.42958
'[19:08:34.140 20/01/2026]',-25.21416,-20.72312,-19.21916,-20.80724,4.610755E-10,4.610755E-10,-9.370853,-21.4123
'[19:08:34.148 20/01/2026]',-25.21416,-20.72312,-19.21916,-20.80724,4.610755E-10,4.610755E-10,-9.370853,-21.4123
'[19:08:34.156 20/01/2026]',13.18101,8.779837,6.093132,12.88827,4.610755E-10,4.610755E-10,-3.500115,6.728898
'[19:08:34.164 20/01/2026]',13.18101,8.779837,6.093132,12.88827,4.610755E-10,4.610755E-10,-3.500115,6.728898
'[19:08:34.172 20/01/2026]',5.859264,6.267818,7.320119,-0.5309104,4.610755E-10,4.610755E-10,5.926249,6.422737
'[19:08:34.180 20/01/2026]',-13.67103,-10.83248,-8.802217,-10.67653,4.610755E-10,4.610755E-10,3.495245,-8.349763
'[19:08:34.188 20/01/2026]',-13.67103,-10.83248,-8.802217,-10.67653,4.610755E-10,4.610755E-10,3.495245,-8.349763
'[19:08:34.196 20/01/2026]',-13.67103,-10.83248,-8.802217,-10.67653,4.610755E-10,4.610755E-10,3.495245,-8.349763
'[19:08:34.204 20/01/2026]',1.745013,-0.07223495,-2.775333,5.405525,4.610755E-10,4.610755E-10,-14.60348,-4.204741
'[19:08:34.212 20/01/2026]',1.745013,-0.07223495,-2.775333,5.405525,4.610755E-10,4.610755E-10,-14.60348,-4.204741
'[19:08:34.220 20/01/2026]',9.039043,-2.157483,3.621416,7.601625,4.610755E-10,4.610755E-10,4.57619,11.31118
'[19:08:34.228 20/01/2026]',-0.991141,13.69418,7.430055,-7.294531,4.610755E-10,4.610755E-10,15.08851,-0.9173772
'[19:08:34.236 20/01/2026]',-7.89519,-10.7149,-9.53001,-0.2372385,4.610755E-10,4.610755E-10,-14.46022,-7.873419
'[19:08:34.244 20/01/2026]',6.91231,2.260025,6.213511,8.916052,4.610755E-10,4.610755E-10,6.336892,8.683216
'[19:08:34.252 20/01/2026]',-6.411088,-3.988461,-6.770782,-11.56116,4.610755E-10,4.610755E-10,-6.931301,-8.832578
'[19:08:34.260 20/01/2026]',14.65384,10.42908,9.508303,13.43754,4.610755E-10,4.610755E-10,9.483975,13.77165
'[19:08:34.268 20/01/2026]',-11.56953,-6.003887,-5.546611,-8.199162,4.610755E-10,4.610755E-10,-3.088341,-6.936868
'[19:08:34.276 20/01/2026]',-9.853715,-9.666541,-6.283243,-6.826252,4.610755E-10,4.610755E-10,-10.45912,-13.48057
'[19:08:34.284 20/01/2026]',15.90646,13.96843,9.127236,6.849224,4.610755E-10,4.610755E-10,12.4467,18.89101
'[19:08:34.292 20/01/2026]',-7.841364,-8.190578,-6.60356,-8.242881,4.610755E-10,4.610755E-10,-9.01166,-10.70998
'[19:08:34.300 20/01/2026]',2.59444,4.283531,6.452604,11.76142,4.610755E-10,4.610755E-10,7.377446,2.442143
'[19:08:34.308 20/01/2026]',-2.160568,1.459026,-4.514172,-6.322184,4.610755E-10,4.610755E-10,-6.484289,0.3243114
'[19:08:34.316 20/01/2026]',-8.809848,-13.23436,-6.421765,-10.58054,4.610755E-10,4.610755E-10,-2.866136,-8.207658
'[19:08:34.324 20/01/2026]',13.40941,14.97837,14.16381,15.23623,4.610755E-10,4.610755E-10,12.67478,4.980012
'[19:08:34.332 20/01/2026]',-3.57863,-4.986017,-6.577909,-1.425012,4.610755E-10,4.610755E-10,-10.69157,9.296219
'[19:08:34.340 20/01/2026]',-4.783025,-3.180735,-4.423257,-7.885912,4.610755E-10,4.610755E-10,0.05775422,-10.25264
'[19:08:34.348 20/01/2026]',-7.398485,-2.606434,-1.246887,-5.873704,4.610755E-10,4.610755E-10,2.502307,-14.90263
'[19:08:34.356 20/01/2026]',10.31925,7.075342,7.881678,14.6857,4.610755E-10,4.610755E-10,0.1963264,27.07935
'[19:08:34.364 20/01/2026]',-0.1883692,-7.163831,-6.423545,-5.156632,4.610755E-10,4.610755E-10,-4.713898,-9.627751
'[19:08:34.372 20/01/2026]',2.067578,12.44728,7.092745,-0.5484875,4.610755E-10,4.610755E-10,10.93039,-6.665185
'[19:08:34.380 20/01/2026]',-3.338515,-9.946226,-6.608957,-0.7143801,4.610755E-10,4.610755E-10,-14.04305,4.077457
'[19:08:34.388 20/01/2026]',-0.8431289,3.084267,1.486491,-0.2672744,4.610755E-10,4.610755E-10,6.64349,-0.1686792
'[19:08:34.396 20/01/2026]',1.039259,-3.579664,-0.2501448,0.5486832,4.610755E-10,4.610755E-10,2.730806,1.072032
'[19:08:34.404 20/01/2026]',-0.5824983,0.6383758,-2.281047,-1.424882,4.610755E-10,4.610755E-10,-7.189902,-4.604717
'[19:08:34.412 20/01/2026]',-2.06256,2.154521,0.2944124,-0.09616012,4.610755E-10,4.610755E-10,2.216716,4.001829
'[19:08:34.420 20/01/2026]',7.64652,0.5017402,10.19681,6.860665,4.610755E-10,4.610755E-10,9.892529,4.637686
'[19:08:34.428 20/01/2026]',-9.573361,-6.236623,-13.00138,-10.24406,4.610755E-10,4.610755E-10,-15.12173,-11.66073
'[19:08:34.436 20/01/2026]',5.182456,4.804235,1.740613,4.234663,4.610755E-10,4.610755E-10,5.491604,9.002112
'[19:08:34.444 20/01/2026]',-4.145097,-0.6777632,4.282081,-1.503434,4.610755E-10,4.610755E-10,5.047134,-3.720385
'[19:08:34.452 20/01/2026]',-3.584139,-7.562412,-8.183576,-4.583109,4.610755E-10,4.610755E-10,-16.01546,-10.44228
'[19:08:34.460 20/01/2026]',15.00257,15.07454,13.00484,12.07731,4.610755E-10,4.610755E-10,20.76815,21.21323
'[19:08:34.468 20/01/2026]',-7.767748,-4.38438,-3.934635,-3.912827,4.610755E-10,4.610755E-10,-5.154709,-7.847587
'[19:08:34.476 20/01/2026]',-16.54636,-10.79239,-12.54571,-12.66567,4.610755E-10,4.610755E-10,-13.6547,-8.798384
'[19:08:34.484 20/01/2026]',19.02867,7.938054,9.712422,6.444768,4.610755E-10,4.610755E-10,6.582312,-1.667724
'[19:08:34.492 20/01/2026]',6.514949,0.5938483,4.99409,12.5943,4.610755E-10,4.610755E-10,6.236434,12.18729
'[19:08:34.500 20/01/2026]',-26.57293,-8.982002,-14.14329,-20.67579,4.610755E-10,4.610755E-10,-13.11814,-12.22934
'[19:08:34.508 20/01/2026]',33.82025,28.15277,28.01923,25.87113,4.610755E-10,4.610755E-10,30.83452,22.37204
'[19:08:34.516 20/01/2026]',33.82025,28.15277,28.01923,25.87113,4.610755E-10,4.610755E-10,30.83452,22.37204
'[19:08:34.524 20/01/2026]',-15.82911,-22.2131,-19.9571,-11.50346,4.610755E-10,4.610755E-10,-23.41892,-11.17573
'[19:08:34.532 20/01/2026]',-6.581796,-3.336668,-4.511967,-8.172278,4.610755E-10,4.610755E-10,-6.353025,-13.72578
'[19:08:34.540 20/01/2026]',-6.581796,-3.336668,-4.511967,-8.172278,4.610755E-10,4.610755E-10,-6.353025,-13.72578
'[19:08:34.548 20/01/2026]',-6.581796,-3.336668,-4.511967,-8.172278,4.610755E-10,4.610755E-10,-6.353025,-13.72578
'[19:08:34.556 20/01/2026]',18.4844,17.90401,21.04119,16.61003,4.610755E-10,4.610755E-10,25.76866,22.65727
'[19:08:34.564 20/01/2026]',18.4844,17.90401,21.04119,16.61003,4.610755E-10,4.610755E-10,25.76866,22.65727
'[19:08:34.572 20/01/2026]',-21.70293,-22.7529,-27.86457,-20.71437,4.610755E-10,4.610755E-10,-31.03397,-21.70373
'[19:08:34.580 20/01/2026]',-21.70293,-22.7529,-27.86457,-20.71437,4.610755E-10,4.610755E-10,-31.03397,-21.70373
'[19:08:34.588 20/01/2026]',-21.70293,-22.7529,-27.86457,-20.71437,4.610755E-10,4.610755E-10,-31.03397,-21.70373
'[19:08:34.596 20/01/2026]',-21.70293,-22.7529,-27.86457,-20.71437,4.610755E-10,4.610755E-10,-31.03397,-21.70373
'[19:08:34.604 20/01/2026]',-21.70293,-22.7529,-27.86457,-20.71437,4.610755E-10,4.610755E-10,-31.03397,-21.70373
'[19:08:34.612 20/01/2026]',19.75915,22.74941,26.39255,22.23773,4.610755E-10,4.610755E-10,28.02015,23.51701
'[19:08:34.620 20/01/2026]',19.75915,22.74941,26.39255,22.23773,4.610755E-10,4.610755E-10,28.02015,23.51701
'[19:08:34.628 20/01/2026]',19.75915,22.74941,26.39255,22.23773,4.610755E-10,4.610755E-10,28.02015,23.51701
'[19:08:34.636 20/01/2026]',19.75915,22.74941,26.39255,22.23773,4.610755E-10,4.610755E-10,28.02015,23.51701
'[19:08:34.644 20/01/2026]',1.696633,-6.855886,-4.998541,-1.807419,4.610755E-10,4.610755E-10,-3.446291,-1.819246
'[19:08:34.652 20/01/2026]',-14.99871,-6.263325,-10.78582,-13.32522,4.610755E-10,4.610755E-10,-16.45995,-17.91083
'[19:08:34.660 20/01/2026]',-0.8620778,3.60166,4.874787,-1.253039,4.610755E-10,4.610755E-10,8.447042,6.846519
'[19:08:34.668 20/01/2026]',10.55942,-1.801356,-0.5375903,11.98286,4.610755E-10,4.610755E-10,1.257361,5.507663
'[19:08:34.676 20/01/2026]',-10.88182,-0.292008,-0.8146625,-12.1408,4.610755E-10,4.610755E-10,-7.057414,-11.45117
'[19:08:34.684 20/01/2026]',0.8736461,-1.883585,-1.454161,-3.240537,4.610755E-10,4.610755E-10,3.738003,2.9299
'[19:08:34.692 20/01/2026]',0.8736461,-1.883585,-1.454161,-3.240537,4.610755E-10,4.610755E-10,3.738003,2.9299
'[19:08:34.700 20/01/2026]',0.8736461,-1.883585,-1.454161,-3.240537,4.610755E-10,4.610755E-10,3.738003,2.9299
'[19:08:34.708 20/01/2026]',5.260244,2.794852,0.8225129,10.23848,4.610755E-10,4.610755E-10,1.60056,8.602704
'[19:08:34.716 20/01/2026]',5.260244,2.794852,0.8225129,10.23848,4.610755E-10,4.610755E-10,1.60056,8.602704
'[19:08:34.724 20/01/2026]',6.079067,3.40971,5.619254,5.573659,4.610755E-10,4.610755E-10,-0.4082366,-2.853057
'[19:08:34.732 20/01/2026]',6.079067,3.40971,5.619254,5.573659,4.610755E-10,4.610755E-10,-0.4082366,-2.853057
'[19:08:34.740 20/01/2026]',-13.81368,-8.148607,-8.044756,-13.37169,4.610755E-10,4.610755E-10,-3.926102,-10.83426
'[19:08:34.748 20/01/2026]',-13.81368,-8.148607,-8.044756,-13.37169,4.610755E-10,4.610755E-10,-3.926102,-10.83426
'[19:08:34.756 20/01/2026]',-13.81368,-8.148607,-8.044756,-13.37169,4.610755E-10,4.610755E-10,-3.926102,-10.83426
'[19:08:34.764 20/01/2026]',6.203173,3.51511,3.292214,1.00172,4.610755E-10,4.610755E-10,5.881865,10.63018
'[19:08:34.772 20/01/2026]',6.203173,3.51511,3.292214,1.00172,4.610755E-10,4.610755E-10,5.881865,10.63018
'[19:08:34.780 20/01/2026]',6.203173,3.51511,3.292214,1.00172,4.610755E-10,4.610755E-10,5.881865,10.63018
'[19:08:34.788 20/01/2026]',20.60377,13.19626,13.19441,27.75278,4.610755E-10,4.610755E-10,8.756586,15.60986
'[19:08:34.796 20/01/2026]',-29.67346,-18.43906,-20.10042,-33.57706,4.610755E-10,4.610755E-10,-17.62575,-29.48727
'[19:08:34.804 20/01/2026]',-29.67346,-18.43906,-20.10042,-33.57706,4.610755E-10,4.610755E-10,-17.62575,-29.48727
'[19:08:34.812 20/01/2026]',18.22298,8.182899,8.709258,15.74657,4.610755E-10,4.610755E-10,7.301562,12.99181
'[19:08:34.820 20/01/2026]',-6.928843,-0.9589658,-0.2182537,1.995609,4.610755E-10,4.610755E-10,0.3469615,8.075048
'[19:08:34.828 20/01/2026]',-4.070305,2.850477,2.797108,-12.94179,4.610755E-10,4.610755E-10,1.959996,-17.50261
'[19:08:34.836 20/01/2026]',12.07193,-0.9912891,-0.7175806,14.69914,4.610755E-10,4.610755E-10,1.677933,13.95308
'[19:08:34.844 20/01/2026]',-18.46288,-10.46414,-8.986859,-16.10168,4.610755E-10,4.610755E-10,-14.01001,-8.94639
'[19:08:34.852 20/01/2026]',9.659729,10.72518,6.677071,9.393108,4.610755E-10,4.610755E-10,12.62859,1.543377
'[19:08:34.860 20/01/2026]',4.502628,0.8130242,5.858048,2.278137,4.610755E-10,4.610755E-10,3.363668,2.98807
'[19:08:34.868 20/01/2026]',-1.274163,-4.599676,-7.603028,-3.496137,4.610755E-10,4.610755E-10,-12.9866,-0.9798185
'[19:08:34.876 20/01/2026]',2.543697,5.765279,5.841755,4.758557,4.610755E-10,4.610755E-10,13.41696,2.092132
'[19:08:34.884 20/01/2026]',-12.40745,-9.433955,-10.43665,-11.85141,4.610755E-10,4.610755E-10,-9.60981,-7.419311
'[19:08:34.892 20/01/2026]',16.70021,11.29535,12.98562,16.77745,4.610755E-10,4.610755E-10,4.863239,11.32322
'[19:08:34.900 20/01/2026]',-9.32419,-5.369524,-4.309222,-10.33781,4.610755E-10,4.610755E-10,-0.6451504,-10.06661
'[19:08:34.908 20/01/2026]',-2.091844,-3.143526,-3.216716,1.591645,4.610755E-10,4.610755E-10,2.804929,6.49437
'[19:08:34.916 20/01/2026]',4.639831,4.032635,2.896959,0.5780744,4.610755E-10,4.610755E-10,-5.903625,-2.879538
'[19:08:34.924 20/01/2026]',-8.439656,-7.178001,-6.481081,-8.818162,4.610755E-10,4.610755E-10,-3.112789,-5.819636
'[19:08:34.932 20/01/2026]',0.1927048,4.68525,4.004498,4.836138,4.610755E-10,4.610755E-10,5.807395,2.55081
'[19:08:34.940 20/01/2026]',4.647849,-2.323417,-1.532067,1.331628,4.610755E-10,4.610755E-10,-6.917107,1.16801
'[19:08:34.948 20/01/2026]',-3.705801,-0.5328543,1.931712,-0.9783791,4.610755E-10,4.610755E-10,8.131355,-1.828117
'[19:08:34.956 20/01/2026]',7.983582,1.869247,3.993268,3.222658,4.610755E-10,4.610755E-10,1.643982,5.738053
'[19:08:34.964 20/01/2026]',-10.51684,0.8483605,-10.41554,-8.022845,4.610755E-10,4.610755E-10,-15.18573,-8.963724
'[19:08:34.972 20/01/2026]',9.428906,-0.3275463,4.775205,10.48906,4.610755E-10,4.610755E-10,11.68882,0.7557133
'[19:08:34.980 20/01/2026]',0.1522525,0.9626904,3.694391,-3.807088,4.610755E-10,4.610755E-10,3.249579,12.50166
'[19:08:34.988 20/01/2026]',-20.22477,-2.996519,-8.365098,-12.45782,4.610755E-10,4.610755E-10,-13.78974,-21.18003
'[19:08:34.996 20/01/2026]',12.5149,-2.481674,1.586455,10.91272,4.610755E-10,4.610755E-10,4.757448,5.6655
'[19:08:35.004 20/01/2026]',5.169373,6.438036,7.956272,0.9431003,4.610755E-10,4.610755E-10,9.531566,14.164
'[19:08:35.012 20/01/2026]',-6.470545,-0.9533001,-4.13531,-5.037128,4.610755E-10,4.610755E-10,-6.509063,-11.69394
'[19:08:35.020 20/01/2026]',-1.9793,-9.329442,-9.48697,-1.68098,4.610755E-10,4.610755E-10,-9.06449,-8.154125
'[19:08:35.028 20/01/2026]',6.335978,7.887027,9.227772,5.723372,4.610755E-10,4.610755E-10,10.86929,15.89106
'[19:08:35.036 20/01/2026]',-6.215525,-2.316278,-2.073035,-3.562811,4.610755E-10,4.610755E-10,-5.908783,-8.202703
'[19:08:35.044 20/01/2026]',0.3286462,1.327619,0.008540258,0.5979361,4.610755E-10,4.610755E-10,3.327805,-1.495274
'[19:08:35.052 20/01/2026]',-2.606944,-2.935323,-2.712248,-4.883289,4.610755E-10,4.610755E-10,-3.748689,0.02989554
'[19:08:35.060 20/01/2026]',3.63069,0.6634377,1.779362,6.38647,4.610755E-10,4.610755E-10,-2.232808,1.794655
'[19:08:35.068 20/01/2026]',2.249874,3.224342,1.29791,-2.772109,4.610755E-10,4.610755E-10,7.470857,-1.041549
'[19:08:35.076 20/01/2026]',-3.884515,-0.6843469,1.023252,0.3666398,4.610755E-10,4.610755E-10,-0.1991121,2.512214
'[19:08:35.084 20/01/2026]',-0.3870459,-1.958013,-2.277685,0.1998593,4.610755E-10,4.610755E-10,-5.419347,-2.029016
'[19:08:35.092 20/01/2026]',-4.565313,-3.922453,-4.457349,-6.471438,4.610755E-10,4.610755E-10,-3.943712,-6.835299
'[19:08:35.100 20/01/2026]',9.419111,10.01411,7.661193,9.786867,4.610755E-10,4.610755E-10,11.21397,12.0673
'[19:08:35.108 20/01/2026]',0.8308004,-4.285081,-1.297009,1.630078,4.610755E-10,4.610755E-10,-4.387573,-1.910722
'[19:08:35.116 20/01/2026]',0.8308004,-4.285081,-1.297009,1.630078,4.610755E-10,4.610755E-10,-4.387573,-1.910722
'[19:08:35.124 20/01/2026]',0.8308004,-4.285081,-1.297009,1.630078,4.610755E-10,4.610755E-10,-4.387573,-1.910722
'[19:08:35.132 20/01/2026]',0.8308004,-4.285081,-1.297009,1.630078,4.610755E-10,4.610755E-10,-4.387573,-1.910722
'[19:08:35.140 20/01/2026]',0.8308004,-4.285081,-1.297009,1.630078,4.610755E-10,4.610755E-10,-4.387573,-1.910722
'[19:08:35.148 20/01/2026]',0.8308004,-4.285081,-1.297009,1.630078,4.610755E-10,4.610755E-10,-4.387573,-1.910722
'[19:08:35.156 20/01/2026]',-11.42728,-4.780859,-4.166227,-8.621017,4.610755E-10,4.610755E-10,-4.409211,-11.97234
'[19:08:35.164 20/01/2026]',3.359166,2.655342,1.418303,-0.980863,4.610755E-10,4.610755E-10,2.584814,11.5375
'[19:08:35.172 20/01/2026]',7.441855,2.960224,3.04098,6.040651,4.610755E-10,4.610755E-10,5.402331,-2.192598
'[19:08:35.180 20/01/2026]',-1.413556,-6.249059,-4.761544,0.5387885,4.610755E-10,4.610755E-10,-7.451504,-1.076171
'[19:08:35.188 20/01/2026]',-1.413556,-6.249059,-4.761544,0.5387885,4.610755E-10,4.610755E-10,-7.451504,-1.076171
'[19:08:35.196 20/01/2026]',-1.413556,-6.249059,-4.761544,0.5387885,4.610755E-10,4.610755E-10,-7.451504,-1.076171
'[19:08:35.204 20/01/2026]',-15.48028,-2.508358,-3.300278,-14.57784,4.610755E-10,4.610755E-10,-5.940106,-8.424573
'[19:08:35.212 20/01/2026]',11.19524,9.471538,9.732547,11.84636,4.610755E-10,4.610755E-10,13.70474,1.806376
'[19:08:35.220 20/01/2026]',11.19524,9.471538,9.732547,11.84636,4.610755E-10,4.610755E-10,13.70474,1.806376
'[19:08:35.228 20/01/2026]',-6.731081,-15.56252,-16.70701,-7.833121,4.610755E-10,4.610755E-10,-14.68069,5.532859
'[19:08:35.236 20/01/2026]',-6.731081,-15.56252,-16.70701,-7.833121,4.610755E-10,4.610755E-10,-14.68069,5.532859
'[19:08:35.244 20/01/2026]',7.58715,11.52444,13.31716,5.194438,4.610755E-10,4.610755E-10,7.737136,2.68109
'[19:08:35.252 20/01/2026]',7.58715,11.52444,13.31716,5.194438,4.610755E-10,4.610755E-10,7.737136,2.68109
'[19:08:35.260 20/01/2026]',7.58715,11.52444,13.31716,5.194438,4.610755E-10,4.610755E-10,7.737136,2.68109
'[19:08:35.268 20/01/2026]',-1.865797,1.874132,3.288857,-0.4506085,4.610755E-10,4.610755E-10,5.955992,-8.742906
'[19:08:35.276 20/01/2026]',-1.865797,1.874132,3.288857,-0.4506085,4.610755E-10,4.610755E-10,5.955992,-8.742906
'[19:08:35.284 20/01/2026]',-11.86359,-14.5389,-12.11917,3.78528,4.610755E-10,4.610755E-10,-5.211743,9.273801
'[19:08:35.292 20/01/2026]',-11.86359,-14.5389,-12.11917,3.78528,4.610755E-10,4.610755E-10,-5.211743,9.273801
'[19:08:35.300 20/01/2026]',-11.86359,-14.5389,-12.11917,3.78528,4.610755E-10,4.610755E-10,-5.211743,9.273801
'[19:08:35.308 20/01/2026]',-11.86359,-14.5389,-12.11917,3.78528,4.610755E-10,4.610755E-10,-5.211743,9.273801
'[19:08:35.316 20/01/2026]',-11.86359,-14.5389,-12.11917,3.78528,4.610755E-10,4.610755E-10,-5.211743,9.273801
'[19:08:35.324 20/01/2026]',10.37151,12.16916,2.034644,-4.715002,4.610755E-10,4.610755E-10,-8.204422,-5.212069
'[19:08:35.332 20/01/2026]',17.97572,12.16721,13.44641,-1.540814,4.610755E-10,4.610755E-10,8.33777,-5.361972
'[19:08:35.340 20/01/2026]',-17.10728,-11.78907,-3.411709,9.710846,4.610755E-10,4.610755E-10,9.45907,14.22483
'[19:08:35.348 20/01/2026]',-17.54676,-13.78696,-18.43447,-14.46547,4.610755E-10,4.610755E-10,-23.46021,-15.48916
'[19:08:35.356 20/01/2026]',-17.54676,-13.78696,-18.43447,-14.46547,4.610755E-10,4.610755E-10,-23.46021,-15.48916
'[19:08:35.364 20/01/2026]',30.72102,23.16339,22.33559,18.14496,4.610755E-10,4.610755E-10,20.99076,14.14371
'[19:08:35.372 20/01/2026]',30.72102,23.16339,22.33559,18.14496,4.610755E-10,4.610755E-10,20.99076,14.14371
'[19:08:35.380 20/01/2026]',30.72102,23.16339,22.33559,18.14496,4.610755E-10,4.610755E-10,20.99076,14.14371
'[19:08:35.388 20/01/2026]',-15.42823,-15.80226,-13.10968,-14.0957,4.610755E-10,4.610755E-10,-8.311213,-9.3847
'[19:08:35.396 20/01/2026]',-15.42823,-15.80226,-13.10968,-14.0957,4.610755E-10,4.610755E-10,-8.311213,-9.3847
'[19:08:35.404 20/01/2026]',-3.197388,1.046847,-0.8957284,-1.668635,4.610755E-10,4.610755E-10,-8.148959,-2.266823
'[19:08:35.412 20/01/2026]',-3.197388,1.046847,-0.8957284,-1.668635,4.610755E-10,4.610755E-10,-8.148959,-2.266823
'[19:08:35.420 20/01/2026]',4.580918,4.960603,4.039096,8.415394,4.610755E-10,4.610755E-10,10.47571,9.087853
'[19:08:35.428 20/01/2026]',3.927774,0.01438833,0.8937321,2.936701,4.610755E-10,4.610755E-10,-0.4346242,-0.702964
'[19:08:35.436 20/01/2026]',3.927774,0.01438833,0.8937321,2.936701,4.610755E-10,4.610755E-10,-0.4346242,-0.702964
'[19:08:35.444 20/01/2026]',-4.895975,-7.753268,-7.31385,-12.43113,4.610755E-10,4.610755E-10,-11.81158,-9.508888
'[19:08:35.452 20/01/2026]',1.522191,12.59215,10.46023,9.372354,4.610755E-10,4.610755E-10,16.41909,10.39234
'[19:08:35.460 20/01/2026]',-4.862557,-6.055688,-4.608438,-1.643301,4.610755E-10,4.610755E-10,-5.792469,-0.09640078
'[19:08:35.468 20/01/2026]',6.461046,-1.904445,-1.005405,-2.491649,4.610755E-10,4.610755E-10,-4.791261,-9.686929
'[19:08:35.476 20/01/2026]',-0.5983333,-0.3213224,-1.064597,1.916855,4.610755E-10,4.610755E-10,2.519381,7.903337
'[19:08:35.484 20/01/2026]',-9.514067,2.753462,1.101977,-4.344824,4.610755E-10,4.610755E-10,1.077057,-0.9563965
'[19:08:35.492 20/01/2026]',-2.081523,-5.03952,-3.331118,-5.589279,4.610755E-10,4.610755E-10,-5.596021,-18.56174
'[19:08:35.500 20/01/2026]',17.24302,6.665595,5.751664,15.54801,4.610755E-10,4.610755E-10,6.344865,27.43068
'[19:08:35.508 20/01/2026]',-11.40098,0.2293952,1.043417,-8.101955,4.610755E-10,4.610755E-10,2.679319,-7.282162
'[19:08:35.516 20/01/2026]',-3.491706,-1.72934,-1.787707,-3.881344,4.610755E-10,4.610755E-10,-2.477351,-12.02398
'[19:08:35.524 20/01/2026]',5.603136,-7.376633,-7.313439,2.619838,4.610755E-10,4.610755E-10,-8.141057,4.977318
'[19:08:35.532 20/01/2026]',3.983519,6.212477,7.54367,5.673443,4.610755E-10,4.610755E-10,9.438902,8.486547
'[19:08:35.540 20/01/2026]',-9.701644,1.748843,-1.107078,-7.848483,4.610755E-10,4.610755E-10,-3.352801,-7.940333
'[19:08:35.548 20/01/2026]',4.982768,0.06158129,2.341539,3.446024,4.610755E-10,4.610755E-10,3.02068,2.388742
'[19:08:35.556 20/01/2026]',3.702487,-4.396936,-4.832182,1.719558,4.610755E-10,4.610755E-10,-3.13427,1.66779
'[19:08:35.564 20/01/2026]',-4.590863,3.53652,3.260014,-0.3003106,4.610755E-10,4.610755E-10,-0.09263021,-2.735296
'[19:08:35.572 20/01/2026]',2.730343,-1.330265,-1.497195,-1.722155,4.610755E-10,4.610755E-10,2.300585,2.444222
'[19:08:35.580 20/01/2026]',-1.988793,1.052087,0.5746136,0.2352209,4.610755E-10,4.610755E-10,1.454396,2.155846
'[19:08:35.588 20/01/2026]',-4.791582,-5.476569,-3.474085,-4.162213,4.610755E-10,4.610755E-10,-8.734127,-11.12856
'[19:08:35.596 20/01/2026]',13.5269,9.839787,10.11794,14.4029,4.610755E-10,4.610755E-10,12.35667,18.44252
'[19:08:35.604 20/01/2026]',-1.68218,1.576666,-6.038397,-7.944767,4.610755E-10,4.610755E-10,-4.489564,-11.65798
'[19:08:35.612 20/01/2026]',-2.983156,-4.570062,1.604462,1.171041,4.610755E-10,4.610755E-10,1.39696,3.29644
'[19:08:35.620 20/01/2026]',-9.487227,-5.554239,-5.94861,-7.003731,4.610755E-10,4.610755E-10,-8.098707,-1.773666
'[19:08:35.628 20/01/2026]',4.616365,-0.6336256,-1.332024,1.768269,4.610755E-10,4.610755E-10,-1.464716,-10.80409
'[19:08:35.636 20/01/2026]',12.90571,15.98149,17.75282,14.69999,4.610755E-10,4.610755E-10,19.13245,24.83289
'[19:08:35.644 20/01/2026]',-24.08779,-14.94575,-16.26787,-23.91221,4.610755E-10,4.610755E-10,-16.4387,-22.40818
'[19:08:35.652 20/01/2026]',9.208927,-2.640439,-2.555956,6.925804,4.610755E-10,4.610755E-10,-3.403584,-2.940724
'[19:08:35.660 20/01/2026]',2.646305,7.30775,7.180864,4.751249,4.610755E-10,4.610755E-10,7.091565,13.8805
'[19:08:35.668 20/01/2026]',0.9688193,-0.9508364,0.1517833,3.35928,4.610755E-10,4.610755E-10,2.561174,2.504544
'[19:08:35.676 20/01/2026]',-2.111023,-0.6576386,-2.44024,-8.226232,4.610755E-10,4.610755E-10,-4.476774,-15.13353
'[19:08:35.684 20/01/2026]',1.607716,-1.636087,2.143868,5.699254,4.610755E-10,4.610755E-10,1.646534,9.044176
'[19:08:35.692 20/01/2026]',-1.045823,5.022692,0.5039358,3.136673,4.610755E-10,4.610755E-10,2.10198,4.893456
'[19:08:35.700 20/01/2026]',-3.301702,-6.01636,-4.747096,-11.21939,4.610755E-10,4.610755E-10,-6.302993,-12.83055
'[19:08:35.708 20/01/2026]',-0.1691208,-1.64171,2.81992,3.660237,4.610755E-10,4.610755E-10,3.414217,5.746412
'[19:08:35.716 20/01/2026]',15.52408,11.0317,7.69248,16.60731,4.610755E-10,4.610755E-10,7.62686,10.32359
'[19:08:35.724 20/01/2026]',-14.07049,-7.217794,-8.936648,-16.24935,4.610755E-10,4.610755E-10,-9.26482,-10.51802
'[19:08:35.732 20/01/2026]',-14.07049,-7.217794,-8.936648,-16.24935,4.610755E-10,4.610755E-10,-9.26482,-10.51802
'[19:08:35.740 20/01/2026]',6.466743,2.134363,6.176472,2.788436,4.610755E-10,4.610755E-10,6.275533,4.728684
'[19:08:35.748 20/01/2026]',-2.806442,-4.812796,-6.904865,-0.7347821,4.610755E-10,4.610755E-10,-3.902415,-4.348359
'[19:08:35.756 20/01/2026]',5.248642,9.52904,8.942514,13.37259,4.610755E-10,4.610755E-10,4.287809,14.09129
'[19:08:35.764 20/01/2026]',5.248642,9.52904,8.942514,13.37259,4.610755E-10,4.610755E-10,4.287809,14.09129
'[19:08:35.772 20/01/2026]',5.248642,9.52904,8.942514,13.37259,4.610755E-10,4.610755E-10,4.287809,14.09129
'[19:08:35.780 20/01/2026]',5.248642,9.52904,8.942514,13.37259,4.610755E-10,4.610755E-10,4.287809,14.09129
'[19:08:35.788 20/01/2026]',-13.69974,-10.51654,-7.926323,-20.90561,4.610755E-10,4.610755E-10,-7.539156,-19.42028
'[19:08:35.796 20/01/2026]',10.78549,3.935456,2.92015,6.095824,4.610755E-10,4.610755E-10,7.956052,3.53318
'[19:08:35.804 20/01/2026]',10.78549,3.935456,2.92015,6.095824,4.610755E-10,4.610755E-10,7.956052,3.53318
'[19:08:35.812 20/01/2026]',7.189703,8.988608,6.166394,14.53705,4.610755E-10,4.610755E-10,1.10294,17.31053
'[19:08:35.820 20/01/2026]',7.189703,8.988608,6.166394,14.53705,4.610755E-10,4.610755E-10,1.10294,17.31053
'[19:08:35.828 20/01/2026]',-16.04138,-13.3431,-8.710474,-11.11715,4.610755E-10,4.610755E-10,-3.976832,-11.47603
'[19:08:35.836 20/01/2026]',-16.04138,-13.3431,-8.710474,-11.11715,4.610755E-10,4.610755E-10,-3.976832,-11.47603
'[19:08:35.844 20/01/2026]',14.58696,6.527076,3.278864,0.8575388,4.610755E-10,4.610755E-10,-2.757257,-7.495625
'[19:08:35.852 20/01/2026]',14.58696,6.527076,3.278864,0.8575388,4.610755E-10,4.610755E-10,-2.757257,-7.495625
'[19:08:35.860 20/01/2026]',5.744951,12.54488,9.462526,10.07124,4.610755E-10,4.610755E-10,9.16331,20.11772
'[19:08:35.868 20/01/2026]',5.744951,12.54488,9.462526,10.07124,4.610755E-10,4.610755E-10,9.16331,20.11772
'[19:08:35.876 20/01/2026]',-22.0493,-20.05859,-12.96318,-15.64315,4.610755E-10,4.610755E-10,-8.243258,-22.77351
'[19:08:35.884 20/01/2026]',-22.0493,-20.05859,-12.96318,-15.64315,4.610755E-10,4.610755E-10,-8.243258,-22.77351
'[19:08:35.892 20/01/2026]',-22.0493,-20.05859,-12.96318,-15.64315,4.610755E-10,4.610755E-10,-8.243258,-22.77351
'[19:08:35.900 20/01/2026]',17.13624,7.675043,5.011221,13.81207,4.610755E-10,4.610755E-10,5.258336,16.77135
'[19:08:35.908 20/01/2026]',17.13624,7.675043,5.011221,13.81207,4.610755E-10,4.610755E-10,5.258336,16.77135
'[19:08:35.916 20/01/2026]',-3.859599,2.844418,0.7152542,-7.026309,4.610755E-10,4.610755E-10,-4.826497,-6.000211
'[19:08:35.924 20/01/2026]',-3.859599,2.844418,0.7152542,-7.026309,4.610755E-10,4.610755E-10,-4.826497,-6.000211
'[19:08:35.932 20/01/2026]',-0.5039514,-1.249128,-0.8331677,1.426841,4.610755E-10,4.610755E-10,1.516536,-4.17112
'[19:08:35.940 20/01/2026]',-0.5039514,-1.249128,-0.8331677,1.426841,4.610755E-10,4.610755E-10,1.516536,-4.17112
'[19:08:35.948 20/01/2026]',-0.5039514,-1.249128,-0.8331677,1.426841,4.610755E-10,4.610755E-10,1.516536,-4.17112
'[19:08:35.956 20/01/2026]',-0.5039514,-1.249128,-0.8331677,1.426841,4.610755E-10,4.610755E-10,1.516536,-4.17112
'[19:08:35.964 20/01/2026]',0.6101347,-1.253557,1.960919,3.512151,4.610755E-10,4.610755E-10,3.52926,11.0612
'[19:08:35.972 20/01/2026]',-6.611328,-7.757311,-8.40572,-11.04769,4.610755E-10,4.610755E-10,-7.974813,-11.33976
'[19:08:35.980 20/01/2026]',-6.611328,-7.757311,-8.40572,-11.04769,4.610755E-10,4.610755E-10,-7.974813,-11.33976
'[19:08:35.988 20/01/2026]',4.574398,10.00872,6.752946,6.433684,4.610755E-10,4.610755E-10,5.718496,-0.003632677
'[19:08:35.996 20/01/2026]',4.574398,10.00872,6.752946,6.433684,4.610755E-10,4.610755E-10,5.718496,-0.003632677
'[19:08:36.004 20/01/2026]',-2.262887,-0.9498981,-1.068402,-0.6279113,4.610755E-10,4.610755E-10,-4.972339,3.05226
'[19:08:36.012 20/01/2026]',-2.262887,-0.9498981,-1.068402,-0.6279113,4.610755E-10,4.610755E-10,-4.972339,3.05226
'[19:08:36.020 20/01/2026]',6.32344,-5.450731,-1.505127,-1.146447,4.610755E-10,4.610755E-10,3.385429,0.197776
'[19:08:36.028 20/01/2026]',-1.142132,7.745988,4.553296,8.462365,4.610755E-10,4.610755E-10,2.165249,3.456168
'[19:08:36.036 20/01/2026]',-1.142132,7.745988,4.553296,8.462365,4.610755E-10,4.610755E-10,2.165249,3.456168
'[19:08:36.044 20/01/2026]',-1.142132,7.745988,4.553296,8.462365,4.610755E-10,4.610755E-10,2.165249,3.456168
'[19:08:36.052 20/01/2026]',-10.48112,-5.906622,-6.868079,-13.80183,4.610755E-10,4.610755E-10,-7.52845,-13.14475
'[19:08:36.060 20/01/2026]',8.337612,-2.017236,1.359707,3.343692,4.610755E-10,4.610755E-10,2.955193,8.475752
'[19:08:36.068 20/01/2026]',-0.1105512,0.5866309,1.374866,3.175671,4.610755E-10,4.610755E-10,1.919309,4.049945
'[19:08:36.076 20/01/2026]',4.331517,14.88548,8.841678,8.775578,4.610755E-10,4.610755E-10,7.739921,2.695562
'[19:08:36.084 20/01/2026]',-12.97583,-17.32404,-15.92381,-16.17312,4.610755E-10,4.610755E-10,-16.40332,-19.80407
'[19:08:36.092 20/01/2026]',7.653257,0.6780543,7.782143,4.740272,4.610755E-10,4.610755E-10,5.236077,13.03489
'[19:08:36.100 20/01/2026]',11.1919,15.87868,11.11009,16.02316,4.610755E-10,4.610755E-10,15.39853,19.36415
'[19:08:36.108 20/01/2026]',-20.86739,-15.62988,-18.71168,-20.40552,4.610755E-10,4.610755E-10,-16.03559,-33.55451
'[19:08:36.116 20/01/2026]',10.15371,3.563207,6.73702,6.287848,4.610755E-10,4.610755E-10,-0.5314797,19.32798
'[19:08:36.124 20/01/2026]',2.558686,3.036504,5.879899,5.143777,4.610755E-10,4.610755E-10,7.395008,-4.300639
'[19:08:36.132 20/01/2026]',-6.937379,-0.2468895,-5.442266,-6.665459,4.610755E-10,4.610755E-10,-0.8847828,-6.243188
'[19:08:36.140 20/01/2026]',1.816286,-0.1486263,0.4858235,3.878098,4.610755E-10,4.610755E-10,-3.148461,14.74534
'[19:08:36.148 20/01/2026]',-2.818307,-5.630263,-3.117351,-4.61577,4.610755E-10,4.610755E-10,-2.138527,-15.52726
'[19:08:36.156 20/01/2026]',10.30001,12.9611,12.14668,7.818555,4.610755E-10,4.610755E-10,12.36303,9.626795
'[19:08:36.164 20/01/2026]',-5.824565,-8.094771,-7.913356,-0.4077186,4.610755E-10,4.610755E-10,-7.741066,3.437443
'[19:08:36.172 20/01/2026]',-7.064284,-6.132867,-6.388881,-11.97859,4.610755E-10,4.610755E-10,-7.839968,-13.69597
'[19:08:36.180 20/01/2026]',2.977994,8.131124,6.704635,5.829948,4.610755E-10,4.610755E-10,6.742047,2.396477
'[19:08:36.188 20/01/2026]',4.486732,0.03319388,-0.006681749,4.674907,4.610755E-10,4.610755E-10,2.92414,9.373558
'[19:08:36.196 20/01/2026]',-2.535454,-4.20193,0.3831933,-0.4809432,4.610755E-10,4.610755E-10,-3.323506,-4.183476
'[19:08:36.204 20/01/2026]',2.236799,2.158738,-2.955747,-4.130921,4.610755E-10,4.610755E-10,-0.7979681,-2.010946
'[19:08:36.212 20/01/2026]',0.1142929,3.440811,4.787056,2.146319,4.610755E-10,4.610755E-10,4.643063,3.735733
'[19:08:36.220 20/01/2026]',0.6325394,-1.283317,0.9088243,6.026571,4.610755E-10,4.610755E-10,1.000086,2.488203
'[19:08:36.228 20/01/2026]',-9.142198,-8.501906,-9.769893,-14.74228,4.610755E-10,4.610755E-10,-9.144973,-12.24003
'[19:08:36.236 20/01/2026]',7.749428,6.472107,6.804392,10.39793,4.610755E-10,4.610755E-10,3.215807,7.940808
'[19:08:36.244 20/01/2026]',9.740672,6.544681,6.290568,7.883781,4.610755E-10,4.610755E-10,10.95928,10.36351
'[19:08:36.252 20/01/2026]',-10.68526,-8.175427,-6.582002,-11.54154,4.610755E-10,4.610755E-10,-7.129158,-13.0516
'[19:08:36.260 20/01/2026]',-7.934354,-7.194692,-3.632674,-7.123097,4.610755E-10,4.610755E-10,-9.642766,-3.741333
'[19:08:36.268 20/01/2026]',24.63753,19.68651,9.45522,23.83734,4.610755E-10,4.610755E-10,14.71961,15.34311
'[19:08:36.276 20/01/2026]',-10.18737,-4.627388,-1.463451,-10.64651,4.610755E-10,4.610755E-10,-2.613353,-2.599251
'[19:08:36.284 20/01/2026]',-24.55271,-15.12731,-14.36961,-22.41276,4.610755E-10,4.610755E-10,-15.30499,-25.47996
'[19:08:36.292 20/01/2026]',29.53078,16.13465,18.41696,28.3592,4.610755E-10,4.610755E-10,20.7476,26.33672
'[19:08:36.300 20/01/2026]',1.475194,-1.504655,-3.341633,1.953766,4.610755E-10,4.610755E-10,-5.544335,9.686852
'[19:08:36.308 20/01/2026]',-27.8283,-12.06723,-12.99878,-28.14355,4.610755E-10,4.610755E-10,-13.20243,-35.57857
'[19:08:36.316 20/01/2026]',11.55394,4.650908,7.139782,14.90409,4.610755E-10,4.610755E-10,11.65925,14.32889
'[19:08:36.324 20/01/2026]',19.86374,10.60973,9.332573,16.74389,4.610755E-10,4.610755E-10,3.367779,22.47177
'[19:08:36.332 20/01/2026]',-18.97923,-9.684677,-11.41033,-23.17822,4.610755E-10,4.610755E-10,-9.723016,-27.1442
'[19:08:36.340 20/01/2026]',-9.420989,-5.987497,-3.964362,0.9425396,4.610755E-10,4.610755E-10,2.775068,2.274883
'[19:08:36.348 20/01/2026]',25.6526,16.24686,14.20915,18.49054,4.610755E-10,4.610755E-10,4.740767,18.83351
'[19:08:36.356 20/01/2026]',-12.71678,-10.00035,-7.382129,-15.67867,4.610755E-10,4.610755E-10,-8.726002,-23.55909
'[19:08:36.364 20/01/2026]',-7.381463,-6.432553,-5.632729,-4.098272,4.610755E-10,4.610755E-10,3.537436,9.969386
'[19:08:36.372 20/01/2026]',-7.381463,-6.432553,-5.632729,-4.098272,4.610755E-10,4.610755E-10,3.537436,9.969386
'[19:08:36.380 20/01/2026]',6.533913,8.162506,6.133082,8.225654,4.610755E-10,4.610755E-10,0.7954794,3.122947
'[19:08:36.388 20/01/2026]',6.533913,8.162506,6.133082,8.225654,4.610755E-10,4.610755E-10,0.7954794,3.122947
'[19:08:36.396 20/01/2026]',6.533913,8.162506,6.133082,8.225654,4.610755E-10,4.610755E-10,0.7954794,3.122947
'[19:08:36.404 20/01/2026]',8.641856,3.690683,4.369783,6.938462,4.610755E-10,4.610755E-10,3.005693,-0.1648926
'[19:08:36.412 20/01/2026]',8.641856,3.690683,4.369783,6.938462,4.610755E-10,4.610755E-10,3.005693,-0.1648926
'[19:08:36.420 20/01/2026]',-6.868654,-3.538272,-3.419916,-6.823097,4.610755E-10,4.610755E-10,0.2145706,-0.9868468
'[19:08:36.428 20/01/2026]',-6.868654,-3.538272,-3.419916,-6.823097,4.610755E-10,4.610755E-10,0.2145706,-0.9868468
'[19:08:36.436 20/01/2026]',-8.991191,-7.149777,-6.57828,-10.76892,4.610755E-10,4.610755E-10,-11.24417,-11.38487
'[19:08:36.444 20/01/2026]',13.58418,7.816908,7.982655,16.20875,4.610755E-10,4.610755E-10,12.68659,19.14766
'[19:08:36.452 20/01/2026]',13.58418,7.816908,7.982655,16.20875,4.610755E-10,4.610755E-10,12.68659,19.14766
'[19:08:36.460 20/01/2026]',13.58418,7.816908,7.982655,16.20875,4.610755E-10,4.610755E-10,12.68659,19.14766
'[19:08:36.468 20/01/2026]',-2.230986,-0.7940354,-3.891001,-2.251901,4.610755E-10,4.610755E-10,-2.958176,-4.638288
'[19:08:36.476 20/01/2026]',-2.230986,-0.7940354,-3.891001,-2.251901,4.610755E-10,4.610755E-10,-2.958176,-4.638288
'[19:08:36.484 20/01/2026]',-6.173165,-1.870373,1.931202,-8.363218,4.610755E-10,4.610755E-10,-2.656992,-9.27383
'[19:08:36.492 20/01/2026]',-6.173165,-1.870373,1.931202,-8.363218,4.610755E-10,4.610755E-10,-2.656992,-9.27383
'[19:08:36.500 20/01/2026]',5.833438,1.913118,-1.538273,5.217396,4.610755E-10,4.610755E-10,0.6425921,2.167794
'[19:08:36.508 20/01/2026]',5.833438,1.913118,-1.538273,5.217396,4.610755E-10,4.610755E-10,0.6425921,2.167794
'[19:08:36.516 20/01/2026]',5.833438,1.913118,-1.538273,5.217396,4.610755E-10,4.610755E-10,0.6425921,2.167794
'[19:08:36.524 20/01/2026]',5.044713,-0.3211772,1.154253,9.451302,4.610755E-10,4.610755E-10,4.113092,19.5989
'[19:08:36.532 20/01/2026]',-7.828404,0.5127618,2.219908,-11.78206,4.610755E-10,4.610755E-10,-3.029328,-15.06727
'[19:08:36.540 20/01/2026]',-7.828404,0.5127618,2.219908,-11.78206,4.610755E-10,4.610755E-10,-3.029328,-15.06727
'[19:08:36.548 20/01/2026]',-7.828404,0.5127618,2.219908,-11.78206,4.610755E-10,4.610755E-10,-3.029328,-15.06727
'[19:08:36.556 20/01/2026]',-2.805655,-6.164463,-4.810049,-0.07858215,4.610755E-10,4.610755E-10,-2.299526,-14.11185
'[19:08:36.564 20/01/2026]',11.86164,4.52061,2.49316,10.6651,4.610755E-10,4.610755E-10,4.61342,28.95734
'[19:08:36.572 20/01/2026]',11.86164,4.52061,2.49316,10.6651,4.610755E-10,4.610755E-10,4.61342,28.95734
'[19:08:36.580 20/01/2026]',11.86164,4.52061,2.49316,10.6651,4.610755E-10,4.610755E-10,4.61342,28.95734
'[19:08:36.588 20/01/2026]',11.86164,4.52061,2.49316,10.6651,4.610755E-10,4.610755E-10,4.61342,28.95734
'[19:08:36.596 20/01/2026]',-6.225924,2.884933,2.479579,-7.986815,4.610755E-10,4.610755E-10,-1.663594,-10.71788
'[19:08:36.604 20/01/2026]',-6.225924,2.884933,2.479579,-7.986815,4.610755E-10,4.610755E-10,-1.663594,-10.71788
'[19:08:36.612 20/01/2026]',-2.074556,-3.280954,-2.442205,-1.934268,4.610755E-10,4.610755E-10,-0.3017536,-13.36989
'[19:08:36.620 20/01/2026]',-2.074556,-3.280954,-2.442205,-1.934268,4.610755E-10,4.610755E-10,-0.3017536,-13.36989
'[19:08:36.628 20/01/2026]',6.461872,-3.401703,-3.479826,7.319951,4.610755E-10,4.610755E-10,-3.793661,13.08731
'[19:08:36.636 20/01/2026]',6.461872,-3.401703,-3.479826,7.319951,4.610755E-10,4.610755E-10,-3.793661,13.08731
'[19:08:36.644 20/01/2026]',-6.000243,6.69624,4.138862,-7.672697,4.610755E-10,4.610755E-10,3.333718,-1.531355
'[19:08:36.652 20/01/2026]',-6.000243,6.69624,4.138862,-7.672697,4.610755E-10,4.610755E-10,3.333718,-1.531355
'[19:08:36.660 20/01/2026]',1.490571,-2.379787,1.596549,0.5849577,4.610755E-10,4.610755E-10,3.790121,-1.341486
'[19:08:36.668 20/01/2026]',-3.33314,-7.028202,-7.876012,0.2695756,4.610755E-10,4.610755E-10,-8.799781,-4.675862
'[19:08:36.676 20/01/2026]',9.868889,10.72623,9.239439,8.577556,4.610755E-10,4.610755E-10,8.038942,7.509386
'[19:08:36.684 20/01/2026]',-4.830397,1.183462,-0.6663392,-3.867205,4.610755E-10,4.610755E-10,0.1955665,-0.273938
'[19:08:36.692 20/01/2026]',-5.478602,-10.59583,-6.42185,-7.392579,4.610755E-10,4.610755E-10,-7.717648,-9.574327
'[19:08:36.700 20/01/2026]',3.818076,5.584115,4.832466,1.561133,4.610755E-10,4.610755E-10,6.697153,6.031203
'[19:08:36.708 20/01/2026]',2.786023,2.794204,0.1951606,8.782533,4.610755E-10,4.610755E-10,-0.2321711,5.53165
'[19:08:36.716 20/01/2026]',2.257188,-0.8287095,-1.29731,-1.19914,4.610755E-10,4.610755E-10,-2.602634,-3.943965
'[19:08:36.724 20/01/2026]',-5.29702,-1.854738,0.05196489,-8.44055,4.610755E-10,4.610755E-10,1.606183,-5.992648
'[19:08:36.732 20/01/2026]',2.504102,1.726079,2.775929,7.120824,4.610755E-10,4.610755E-10,1.353212,7.949437
'[19:08:36.740 20/01/2026]',-0.9276783,-0.4063147,-3.116498,-2.149545,4.610755E-10,4.610755E-10,-2.785298,-1.071435
'[19:08:36.748 20/01/2026]',1.721951,-1.265619,1.237872,1.725668,4.610755E-10,4.610755E-10,2.652236,-4.411876
'[19:08:36.756 20/01/2026]',-2.015701,2.092124,1.12186,0.08357,4.610755E-10,4.610755E-10,-0.4233719,9.205256
'[19:08:36.764 20/01/2026]',-6.977592,-3.330923,-3.523623,-5.649142,4.610755E-10,4.610755E-10,-3.877395,-13.12755
'[19:08:36.772 20/01/2026]',8.231774,-3.344418,0.3440993,2.404326,4.610755E-10,4.610755E-10,3.215782,2.447362
'[19:08:36.780 20/01/2026]',-0.3655478,5.937937,3.700524,2.637215,4.610755E-10,4.610755E-10,-0.1648485,12.71551
'[19:08:36.788 20/01/2026]',-5.787199,1.267633,-3.381988,-5.944193,4.610755E-10,4.610755E-10,-1.702789,-15.40394
'[19:08:36.796 20/01/2026]',3.722399,-2.479405,2.634289,6.768145,4.610755E-10,4.610755E-10,3.522354,3.072163
'[19:08:36.804 20/01/2026]',2.220489,-5.111149,-1.905753,2.504539,4.610755E-10,4.610755E-10,-2.684561,11.69055
'[19:08:36.812 20/01/2026]',-4.719628,2.89815,-0.0436867,-9.153652,4.610755E-10,4.610755E-10,0.9847878,-8.707734
'[19:08:36.820 20/01/2026]',7.138299,10.4463,2.65758,3.575246,4.610755E-10,4.610755E-10,-1.099003,-3.632141
'[19:08:36.828 20/01/2026]',0.4339198,-3.574842,2.567106,8.969203,4.610755E-10,4.610755E-10,4.068116,9.025839
'[19:08:36.836 20/01/2026]',-6.366881,-7.636849,-5.159846,-9.136999,4.610755E-10,4.610755E-10,-1.786761,-4.238518
'[19:08:36.844 20/01/2026]',10.47435,8.536805,6.572214,7.06507,4.610755E-10,4.610755E-10,3.497279,7.232247
'[19:08:36.852 20/01/2026]',-1.009424,0.1356251,-0.8883437,0.3143997,4.610755E-10,4.610755E-10,-1.924926,-6.157616
'[19:08:36.860 20/01/2026]',-12.68645,-9.143008,-6.576695,-11.35283,4.610755E-10,4.610755E-10,-5.462077,-5.703205
'[19:08:36.868 20/01/2026]',6.286228,2.560646,0.03111622,7.317776,4.610755E-10,4.610755E-10,0.560187,4.651463
'[19:08:36.876 20/01/2026]',7.72412,6.904756,8.310569,5.906695,4.610755E-10,4.610755E-10,9.348365,8.107052
'[19:08:36.884 20/01/2026]',-11.56798,-6.510475,-6.842459,-11.01186,4.610755E-10,4.610755E-10,-9.695101,-13.51691
'[19:08:36.892 20/01/2026]',8.53265,0.9884124,1.935833,6.88983,4.610755E-10,4.610755E-10,3.484812,10.75275
'[19:08:36.900 20/01/2026]',-3.190677,2.592414,0.6532563,-0.4971656,4.610755E-10,4.610755E-10,0.7526368,-1.171778
'[19:08:36.908 20/01/2026]',-2.701744,1.110159,-0.1682665,-3.43808,4.610755E-10,4.610755E-10,1.145015,-9.255654
'[19:08:36.916 20/01/2026]',-0.1312069,-8.285655,-4.665381,4.821882,4.610755E-10,4.610755E-10,-3.309525,13.79398
'[19:08:36.924 20/01/2026]',10.8555,12.28063,10.76057,0.6090716,4.610755E-10,4.610755E-10,1.337793,-6.947269
'[19:08:36.932 20/01/2026]',-8.620117,-3.49755,-5.913367,-6.13474,4.610755E-10,4.610755E-10,4.219926,-5.594782
'[19:08:36.940 20/01/2026]',-4.578173,-8.471363,-3.281617,3.473771,4.610755E-10,4.610755E-10,-7.651549,7.355031
'[19:08:36.948 20/01/2026]',8.307858,6.128981,5.190003,1.133128,4.610755E-10,4.610755E-10,5.320783,-2.462755
'[19:08:36.956 20/01/2026]',-0.355696,4.979796,1.655407,0.2423849,4.610755E-10,4.610755E-10,3.607611,2.199275
'[19:08:36.964 20/01/2026]',5.609549,-2.662653,-1.804605,6.05573,4.610755E-10,4.610755E-10,-6.788247,2.883484
'[19:08:36.972 20/01/2026]',5.609549,-2.662653,-1.804605,6.05573,4.610755E-10,4.610755E-10,-6.788247,2.883484
'[19:08:36.980 20/01/2026]',-8.746391,-3.927762,-0.1950644,-9.285866,4.610755E-10,4.610755E-10,2.907526,-3.597886
'[19:08:36.988 20/01/2026]',-8.746391,-3.927762,-0.1950644,-9.285866,4.610755E-10,4.610755E-10,2.907526,-3.597886
'[19:08:36.996 20/01/2026]',4.553867,3.177256,2.264951,3.176887,4.610755E-10,4.610755E-10,5.113866,-0.2590936
'[19:08:37.004 20/01/2026]',4.553867,3.177256,2.264951,3.176887,4.610755E-10,4.610755E-10,5.113866,-0.2590936
'[19:08:37.012 20/01/2026]',-2.621005,-0.4434629,-3.178307,3.638832,4.610755E-10,4.610755E-10,-8.636722,-2.47199
'[19:08:37.020 20/01/2026]',-2.621005,-0.4434629,-3.178307,3.638832,4.610755E-10,4.610755E-10,-8.636722,-2.47199
'[19:08:37.028 20/01/2026]',-2.621005,-0.4434629,-3.178307,3.638832,4.610755E-10,4.610755E-10,-8.636722,-2.47199
'[19:08:37.036 20/01/2026]',2.275281,0.8342028,2.768168,-1.450298,4.610755E-10,4.610755E-10,4.790335,8.695273
'[19:08:37.044 20/01/2026]',2.275281,0.8342028,2.768168,-1.450298,4.610755E-10,4.610755E-10,4.790335,8.695273
'[19:08:37.052 20/01/2026]',5.238499,1.6373,3.049104,2.152876,4.610755E-10,4.610755E-10,4.978062,-2.539023
'[19:08:37.060 20/01/2026]',5.238499,1.6373,3.049104,2.152876,4.610755E-10,4.610755E-10,4.978062,-2.539023
'[19:08:37.068 20/01/2026]',5.238499,1.6373,3.049104,2.152876,4.610755E-10,4.610755E-10,4.978062,-2.539023
'[19:08:37.076 20/01/2026]',-5.275838,-4.628788,-4.995629,-4.349227,4.610755E-10,4.610755E-10,-9.308447,-4.403886
'[19:08:37.084 20/01/2026]',-4.685816,0.4591846,-0.9769546,5.023116,4.610755E-10,4.610755E-10,4.117496,2.641912
'[19:08:37.092 20/01/2026]',-4.685816,0.4591846,-0.9769546,5.023116,4.610755E-10,4.610755E-10,4.117496,2.641912
'[19:08:37.100 20/01/2026]',0.1225324,-1.110369,0.4030938,-10.48248,4.610755E-10,4.610755E-10,0.512028,-2.788025
'[19:08:37.108 20/01/2026]',0.1225324,-1.110369,0.4030938,-10.48248,4.610755E-10,4.610755E-10,0.512028,-2.788025
'[19:08:37.116 20/01/2026]',0.1225324,-1.110369,0.4030938,-10.48248,4.610755E-10,4.610755E-10,0.512028,-2.788025
'[19:08:37.124 20/01/2026]',7.152287,2.824351,4.131335,7.026662,4.610755E-10,4.610755E-10,-1.903497,1.896045
'[19:08:37.132 20/01/2026]',4.730943,3.084435,0.6728316,11.08672,4.610755E-10,4.610755E-10,4.950937,9.992322
'[19:08:37.140 20/01/2026]',4.730943,3.084435,0.6728316,11.08672,4.610755E-10,4.610755E-10,4.950937,9.992322
'[19:08:37.148 20/01/2026]',4.730943,3.084435,0.6728316,11.08672,4.610755E-10,4.610755E-10,4.950937,9.992322
'[19:08:37.156 20/01/2026]',-12.25707,-6.141243,-8.289487,-15.10754,4.610755E-10,4.610755E-10,-6.191009,-14.33129
'[19:08:37.164 20/01/2026]',-12.25707,-6.141243,-8.289487,-15.10754,4.610755E-10,4.610755E-10,-6.191009,-14.33129
'[19:08:37.172 20/01/2026]',-3.364977,-1.440321,4.183985,-4.744205,4.610755E-10,4.610755E-10,-0.7971935,-1.588535
'[19:08:37.180 20/01/2026]',-3.364977,-1.440321,4.183985,-4.744205,4.610755E-10,4.610755E-10,-0.7971935,-1.588535
'[19:08:37.188 20/01/2026]',15.84686,8.704065,5.355282,15.36746,4.610755E-10,4.610755E-10,10.38603,15.50448
'[19:08:37.196 20/01/2026]',15.84686,8.704065,5.355282,15.36746,4.610755E-10,4.610755E-10,10.38603,15.50448
'[19:08:37.204 20/01/2026]',1.041529,-6.004746,-5.528581,1.910695,4.610755E-10,4.610755E-10,-7.845054,-1.451133
'[19:08:37.212 20/01/2026]',1.041529,-6.004746,-5.528581,1.910695,4.610755E-10,4.610755E-10,-7.845054,-1.451133
'[19:08:37.220 20/01/2026]',-16.44708,-1.466581,1.414671,-14.50423,4.610755E-10,4.610755E-10,-3.730804,-13.52328
'[19:08:37.228 20/01/2026]',-16.44708,-1.466581,1.414671,-14.50423,4.610755E-10,4.610755E-10,-3.730804,-13.52328
'[19:08:37.236 20/01/2026]',-16.44708,-1.466581,1.414671,-14.50423,4.610755E-10,4.610755E-10,-3.730804,-13.52328
'[19:08:37.244 20/01/2026]',7.449914,5.787845,2.368267,7.805204,4.610755E-10,4.610755E-10,11.3614,7.521077
'[19:08:37.252 20/01/2026]',7.449914,5.787845,2.368267,7.805204,4.610755E-10,4.610755E-10,11.3614,7.521077
'[19:08:37.260 20/01/2026]',3.925705,-4.873095,-3.983137,3.265443,4.610755E-10,4.610755E-10,-9.256039,5.53402
'[19:08:37.268 20/01/2026]',3.925705,-4.873095,-3.983137,3.265443,4.610755E-10,4.610755E-10,-9.256039,5.53402
'[19:08:37.276 20/01/2026]',-4.206193,4.333462,5.678428,-8.621245,4.610755E-10,4.610755E-10,3.712117,-10.5729
'[19:08:37.284 20/01/2026]',-3.183295,-5.406333,-5.499974,3.557785,4.610755E-10,4.610755E-10,0.875031,5.814465
'[19:08:37.292 20/01/2026]',6.740798,3.146894,1.558155,5.416378,4.610755E-10,4.610755E-10,-2.709404,3.59967
'[19:08:37.300 20/01/2026]',-0.6968686,3.982494,3.891521,-6.268071,4.610755E-10,4.610755E-10,2.028422,-6.896531
'[19:08:37.308 20/01/2026]',-6.305201,-5.851562,-4.813065,-3.090028,4.610755E-10,4.610755E-10,-1.083306,-1.656919
'[19:08:37.316 20/01/2026]',3.8937,-0.8155546,0.08710457,8.678873,4.610755E-10,4.610755E-10,-1.404722,5.198967
'[19:08:37.324 20/01/2026]',0.9891055,4.232219,2.410155,-4.194946,4.610755E-10,4.610755E-10,2.946696,1.233487
'[19:08:37.332 20/01/2026]',0.3792102,0.9506688,1.204439,0.9227286,4.610755E-10,4.610755E-10,-0.5138291,-4.998696
'[19:08:37.340 20/01/2026]',-3.583127,-7.575739,-1.49838,1.021,4.610755E-10,4.610755E-10,-2.073225,-0.3334988
'[19:08:37.348 20/01/2026]',0.3943769,4.839795,-1.329547,-2.540529,4.610755E-10,4.610755E-10,2.051548,8.58953
'[19:08:37.356 20/01/2026]',3.051475,2.196669,1.545325,0.5287278,4.610755E-10,4.610755E-10,-2.146456,-9.609989
'[19:08:37.364 20/01/2026]',-4.717518,-5.05813,-2.195936,-1.778571,4.610755E-10,4.610755E-10,1.210669,0.4474393
'[19:08:37.372 20/01/2026]',-3.720089,-3.464413,-3.036187,-6.226441,4.610755E-10,4.610755E-10,-3.117801,-2.712672
'[19:08:37.380 20/01/2026]',15.76619,13.26978,11.67894,18.59626,4.610755E-10,4.610755E-10,8.721733,16.4231
'[19:08:37.388 20/01/2026]',-13.13282,-8.59453,-6.222826,-10.27271,4.610755E-10,4.610755E-10,-6.041244,-8.699628
'[19:08:37.396 20/01/2026]',-3.126672,-3.908302,-7.853905,-9.812356,4.610755E-10,4.610755E-10,-5.221758,-17.31894
'[19:08:37.404 20/01/2026]',15.69417,9.751754,10.63312,18.56262,4.610755E-10,4.610755E-10,12.84248,31.31914
'[19:08:37.412 20/01/2026]',-18.88434,-8.123892,-6.978137,-16.86045,4.610755E-10,4.610755E-10,-11.32266,-23.03162
'[19:08:37.420 20/01/2026]',9.815097,1.754913,4.305955,9.771166,4.610755E-10,4.610755E-10,4.836102,5.260947
'[19:08:37.428 20/01/2026]',1.113223,1.925196,-2.179153,-1.264019,4.610755E-10,4.610755E-10,-1.879956,4.463618
'[19:08:37.436 20/01/2026]',-8.98788,-5.602962,-4.295849,-12.68845,4.610755E-10,4.610755E-10,-2.90011,-13.54324
'[19:08:37.444 20/01/2026]',2.617566,0.3144248,3.774135,12.09902,4.610755E-10,4.610755E-10,3.148628,10.02252
'[19:08:37.452 20/01/2026]',8.25957,3.157815,3.493312,3.958199,4.610755E-10,4.610755E-10,3.425785,11.07721
'[19:08:37.460 20/01/2026]',-3.813509,5.086645,-3.921947,-12.52502,4.610755E-10,4.610755E-10,-8.289637,-22.3259
'[19:08:37.468 20/01/2026]',-2.424139,-4.544921,-1.411911,8.935171,4.610755E-10,4.610755E-10,3.919561,7.967439
'[19:08:37.476 20/01/2026]',7.606149,0.3792863,6.819225,2.369606,4.610755E-10,4.610755E-10,6.91038,12.25358
'[19:08:37.484 20/01/2026]',-5.645455,2.437968,-2.558837,-4.090239,4.610755E-10,4.610755E-10,-5.922935,-11.36423
'[19:08:37.492 20/01/2026]',-5.269056,-6.000317,-6.020353,-3.279761,4.610755E-10,4.610755E-10,-2.568826,-2.386515
'[19:08:37.500 20/01/2026]',-2.917954,-2.384984,-3.605097,-3.582363,4.610755E-10,4.610755E-10,-5.454314,-2.238968
'[19:08:37.508 20/01/2026]',14.72668,9.578048,15.11946,11.34191,4.610755E-10,4.610755E-10,14.87082,11.77921
'[19:08:37.516 20/01/2026]',-2.713013,-1.675774,0.9047959,1.47078,4.610755E-10,4.610755E-10,1.756131,3.318619
'[19:08:37.524 20/01/2026]',-13.03954,-9.395522,-16.40322,-12.94381,4.610755E-10,4.610755E-10,-16.7424,-18.90408
'[19:08:37.532 20/01/2026]',14.68579,13.5225,12.67929,10.36977,4.610755E-10,4.610755E-10,11.14508,10.40873
'[19:08:37.540 20/01/2026]',-13.53898,-14.56517,-9.908305,-11.01614,4.610755E-10,4.610755E-10,-7.117719,-3.229284
'[19:08:37.548 20/01/2026]',14.60871,15.07051,15.17776,12.8329,4.610755E-10,4.610755E-10,11.879,4.805724
'[19:08:37.556 20/01/2026]',0.341794,-3.805232,-10.93217,1.14067,4.610755E-10,4.610755E-10,-8.67253,-2.603976
'[19:08:37.564 20/01/2026]',-15.05507,-9.108212,-0.7528151,-11.70027,4.610755E-10,4.610755E-10,-4.119241,0.7128519
'[19:08:37.572 20/01/2026]',4.218619,5.124637,3.088005,-1.710586,4.610755E-10,4.610755E-10,4.708437,-10.63091
'[19:08:37.580 20/01/2026]',4.218619,5.124637,3.088005,-1.710586,4.610755E-10,4.610755E-10,4.708437,-10.63091
'[19:08:37.588 20/01/2026]',4.218619,5.124637,3.088005,-1.710586,4.610755E-10,4.610755E-10,4.708437,-10.63091
'[19:08:37.596 20/01/2026]',4.3101,-0.5457829,-3.201609,8.541897,4.610755E-10,4.610755E-10,1.489649,10.29758
'[19:08:37.604 20/01/2026]',2.075806,4.637232,5.317856,5.246114,4.610755E-10,4.610755E-10,-1.707145,5.529878
'[19:08:37.612 20/01/2026]',-4.433352,-4.802663,-2.166388,-13.59883,4.610755E-10,4.610755E-10,1.579187,-10.1958
'[19:08:37.620 20/01/2026]',-4.433352,-4.802663,-2.166388,-13.59883,4.610755E-10,4.610755E-10,1.579187,-10.1958
'[19:08:37.628 20/01/2026]',-4.433352,-4.802663,-2.166388,-13.59883,4.610755E-10,4.610755E-10,1.579187,-10.1958
'[19:08:37.636 20/01/2026]',-4.433352,-4.802663,-2.166388,-13.59883,4.610755E-10,4.610755E-10,1.579187,-10.1958
'[19:08:37.644 20/01/2026]',-0.06613909,0.8523933,-0.439763,5.672338,4.610755E-10,4.610755E-10,-0.1960301,2.612612
'[19:08:37.652 20/01/2026]',-0.9020575,-5.033766,-4.245344,1.178657,4.610755E-10,4.610755E-10,-7.632761,-0.8694043
'[19:08:37.660 20/01/2026]',-0.9020575,-5.033766,-4.245344,1.178657,4.610755E-10,4.610755E-10,-7.632761,-0.8694043
'[19:08:37.668 20/01/2026]',-0.9020575,-5.033766,-4.245344,1.178657,4.610755E-10,4.610755E-10,-7.632761,-0.8694043
'[19:08:37.676 20/01/2026]',-0.9020575,-5.033766,-4.245344,1.178657,4.610755E-10,4.610755E-10,-7.632761,-0.8694043
'[19:08:37.684 20/01/2026]',3.434291,7.655768,5.523808,4.135357,4.610755E-10,4.610755E-10,10.58995,4.693974
'[19:08:37.692 20/01/2026]',-5.167909,-4.555266,-4.504339,-8.903515,4.610755E-10,4.610755E-10,-8.34411,-3.428937
'[19:08:37.700 20/01/2026]',7.579031,7.92104,9.329121,6.302569,4.610755E-10,4.610755E-10,10.56907,-0.3822119
'[19:08:37.708 20/01/2026]',7.579031,7.92104,9.329121,6.302569,4.610755E-10,4.610755E-10,10.56907,-0.3822119
'[19:08:37.716 20/01/2026]',7.579031,7.92104,9.329121,6.302569,4.610755E-10,4.610755E-10,10.56907,-0.3822119
'[19:08:37.724 20/01/2026]',7.579031,7.92104,9.329121,6.302569,4.610755E-10,4.610755E-10,10.56907,-0.3822119
'[19:08:37.732 20/01/2026]',-4.211602,-7.529748,-6.057243,0.9617066,4.610755E-10,4.610755E-10,-6.041582,0.6550468
'[19:08:37.740 20/01/2026]',-5.677069,-7.130512,-7.588211,-5.686678,4.610755E-10,4.610755E-10,-7.532131,-1.048624
'[19:08:37.748 20/01/2026]',5.548152,8.496629,6.901625,1.589557,4.610755E-10,4.610755E-10,5.949929,-2.53222
'[19:08:37.756 20/01/2026]',5.548152,8.496629,6.901625,1.589557,4.610755E-10,4.610755E-10,5.949929,-2.53222
'[19:08:37.764 20/01/2026]',5.548152,8.496629,6.901625,1.589557,4.610755E-10,4.610755E-10,5.949929,-2.53222
'[19:08:37.772 20/01/2026]',5.548152,8.496629,6.901625,1.589557,4.610755E-10,4.610755E-10,5.949929,-2.53222
'[19:08:37.780 20/01/2026]',5.548152,8.496629,6.901625,1.589557,4.610755E-10,4.610755E-10,5.949929,-2.53222
'[19:08:37.788 20/01/2026]',3.393703,8.855667,9.685456,8.592607,4.610755E-10,4.610755E-10,10.55857,12.46506
'[19:08:37.796 20/01/2026]',0.982016,-9.762861,-9.845309,-3.834424,4.610755E-10,4.610755E-10,-11.3351,-4.285132
'[19:08:37.804 20/01/2026]',-14.69317,-9.579562,-10.97888,-16.70556,4.610755E-10,4.610755E-10,-9.54548,-17.12881
'[19:08:37.812 20/01/2026]',-14.69317,-9.579562,-10.97888,-16.70556,4.610755E-10,4.610755E-10,-9.54548,-17.12881
'[19:08:37.820 20/01/2026]',-14.69317,-9.579562,-10.97888,-16.70556,4.610755E-10,4.610755E-10,-9.54548,-17.12881
'[19:08:37.828 20/01/2026]',19.98664,19.09753,21.17945,26.13481,4.610755E-10,4.610755E-10,25.17024,23.71918
'[19:08:37.836 20/01/2026]',3.207294,-4.692462,-5.928865,-1.958473,4.610755E-10,4.610755E-10,-11.97965,-3.889256
'[19:08:37.844 20/01/2026]',3.207294,-4.692462,-5.928865,-1.958473,4.610755E-10,4.610755E-10,-11.97965,-3.889256
'[19:08:37.852 20/01/2026]',3.207294,-4.692462,-5.928865,-1.958473,4.610755E-10,4.610755E-10,-11.97965,-3.889256
'[19:08:37.860 20/01/2026]',3.207294,-4.692462,-5.928865,-1.958473,4.610755E-10,4.610755E-10,-11.97965,-3.889256
'[19:08:37.868 20/01/2026]',3.207294,-4.692462,-5.928865,-1.958473,4.610755E-10,4.610755E-10,-11.97965,-3.889256
'[19:08:37.876 20/01/2026]',-20.41871,-7.792117,-8.10561,-19.00592,4.610755E-10,4.610755E-10,-8.384833,-14.8407
'[19:08:37.884 20/01/2026]',9.930382,3.58558,6.22986,8.166254,4.610755E-10,4.610755E-10,11.64994,7.349191
'[19:08:37.892 20/01/2026]',1.436297,0.3499653,-1.825403,4.409824,4.610755E-10,4.610755E-10,-6.000994,4.957231
'[19:08:37.900 20/01/2026]',-6.798507,1.130706,1.274634,-5.098173,4.610755E-10,4.610755E-10,1.260514,-9.847068
'[19:08:37.908 20/01/2026]',3.878929,-3.016524,-2.510464,2.04294,4.610755E-10,4.610755E-10,-0.7202908,5.651016
'[19:08:37.916 20/01/2026]',2.973882,2.783491,3.420222,-0.635205,4.610755E-10,4.610755E-10,3.467005,4.191684
'[19:08:37.924 20/01/2026]',-13.86083,-3.701693,-5.599553,-7.224119,4.610755E-10,4.610755E-10,-7.042951,-17.37665
'[19:08:37.932 20/01/2026]',15.54072,4.196646,6.908945,12.57361,4.610755E-10,4.610755E-10,5.545632,16.42882
'[19:08:37.940 20/01/2026]',-8.65719,-5.341789,-5.402274,-7.049099,4.610755E-10,4.610755E-10,-3.743738,-4.716417
'[19:08:37.948 20/01/2026]',-2.634299,1.210642,3.190813,0.2925316,4.610755E-10,4.610755E-10,8.01161,0.4415699
'[19:08:37.956 20/01/2026]',-6.078734,-8.868041,-6.935494,-1.028046,4.610755E-10,4.610755E-10,-7.223478,-2.029003
'[19:08:37.964 20/01/2026]',30.05111,32.71262,16.20469,4.332737,4.610755E-10,4.610755E-10,1.325257,1.227239
'[19:08:37.972 20/01/2026]',-1.160753,-12.3064,-4.11033,6.994947,4.610755E-10,4.610755E-10,4.026336,7.755572
'[19:08:37.980 20/01/2026]',-25.50043,-18.94459,-8.844735,-9.375103,4.610755E-10,4.610755E-10,-1.853114,-7.983328
'[19:08:37.988 20/01/2026]',3.057778,15.04396,6.96598,-2.314383,4.610755E-10,4.610755E-10,0.3760988,-3.159178
'[19:08:37.996 20/01/2026]',6.236287,-5.018056,-8.357566,-1.38312,4.610755E-10,4.610755E-10,-5.760519,3.780183
'[19:08:38.004 20/01/2026]',0.09072792,-1.163643,4.881674,4.411365,4.610755E-10,4.610755E-10,2.919875,-2.399989
'[19:08:38.012 20/01/2026]',1.054925,4.022012,3.496185,7.014499,4.610755E-10,4.610755E-10,4.222489,9.116073
'[19:08:38.020 20/01/2026]',-3.053144,-2.863533,-4.474771,-9.343905,4.610755E-10,4.610755E-10,-2.650902,-11.15657
'[19:08:38.028 20/01/2026]',-5.067872,-2.492911,-3.250952,-8.458315,4.610755E-10,4.610755E-10,-5.744293,-3.661904
'[19:08:38.036 20/01/2026]',9.061153,6.354107,5.425745,15.70521,4.610755E-10,4.610755E-10,7.041808,16.96232
'[19:08:38.044 20/01/2026]',3.741203,-1.120284,1.432096,1.806847,4.610755E-10,4.610755E-10,1.700022,-9.329046
'[19:08:38.052 20/01/2026]',-8.613533,-7.195415,-5.512754,-10.41432,4.610755E-10,4.610755E-10,-7.697987,0.161364
'[19:08:38.060 20/01/2026]',-9.725181,4.043904,-1.376497,-7.46354,4.610755E-10,4.610755E-10,-0.9768643,-8.641034
'[19:08:38.068 20/01/2026]',17.68653,6.2083,6.430406,19.04505,4.610755E-10,4.610755E-10,12.17289,16.41925
'[19:08:38.076 20/01/2026]',-4.815079,-11.65054,-7.465706,-10.90713,4.610755E-10,4.610755E-10,-14.12887,-11.0415
'[19:08:38.084 20/01/2026]',-19.34544,-7.809951,0.5879175,-12.70915,4.610755E-10,4.610755E-10,-0.53343,-11.72857
'[19:08:38.092 20/01/2026]',29.68165,26.82045,8.693743,25.60437,4.610755E-10,4.610755E-10,14.51299,26.11357
'[19:08:38.100 20/01/2026]',-11.86123,-13.70971,-9.204582,-9.798384,4.610755E-10,4.610755E-10,-12.99586,-8.505568
'[19:08:38.108 20/01/2026]',-8.250335,-9.066004,-1.048933,-10.55401,4.610755E-10,4.610755E-10,1.178342,-13.65944
'[19:08:38.116 20/01/2026]',7.056224,11.93635,8.090691,7.051199,4.610755E-10,4.610755E-10,5.110753,5.184
'[19:08:38.124 20/01/2026]',-1.784421,-3.526929,-2.981471,7.972635,4.610755E-10,4.610755E-10,-1.779953,13.18581
'[19:08:38.132 20/01/2026]',7.248655,5.326569,1.81734,-2.032113,4.610755E-10,4.610755E-10,1.475292,-6.553193
'[19:08:38.140 20/01/2026]',-9.858655,-6.6225,-2.962286,-9.525323,4.610755E-10,4.610755E-10,-1.237025,-6.712241
'[19:08:38.148 20/01/2026]',1.307222,-0.5379555,0.1877214,3.617819,4.610755E-10,4.610755E-10,-4.210483,2.163874
'[19:08:38.156 20/01/2026]',2.638025,2.76899,-1.364574,1.014786,4.610755E-10,4.610755E-10,3.430647,4.478767
'[19:08:38.164 20/01/2026]',-0.3789388,2.866429,1.558777,4.006506,4.610755E-10,4.610755E-10,1.116832,-2.612049
'[19:08:38.172 20/01/2026]',1.340602,-2.896231,2.393472,-6.336535,4.610755E-10,4.610755E-10,-0.2639524,-0.358482
'[19:08:38.180 20/01/2026]',-9.075212,-6.281497,-5.769115,-0.0008207477,4.610755E-10,4.610755E-10,-3.822246,-2.365803
'[19:08:38.188 20/01/2026]',9.528716,9.235652,6.1745,7.606037,4.610755E-10,4.610755E-10,6.491268,5.828157
'[19:08:38.196 20/01/2026]',-7.615166,-4.472459,-3.777393,-11.23001,4.610755E-10,4.610755E-10,-5.537809,-5.984004
'[19:08:38.204 20/01/2026]',-7.615166,-4.472459,-3.777393,-11.23001,4.610755E-10,4.610755E-10,-5.537809,-5.984004
'[19:08:38.212 20/01/2026]',-7.615166,-4.472459,-3.777393,-11.23001,4.610755E-10,4.610755E-10,-5.537809,-5.984004
'[19:08:38.220 20/01/2026]',9.699272,4.104598,3.80825,6.940778,4.610755E-10,4.610755E-10,4.14183,1.94566
'[19:08:38.228 20/01/2026]',9.699272,4.104598,3.80825,6.940778,4.610755E-10,4.610755E-10,4.14183,1.94566
'[19:08:38.236 20/01/2026]',-0.005033117,-3.770617,-3.627835,5.022317,4.610755E-10,4.610755E-10,-2.874693,3.76415
'[19:08:38.244 20/01/2026]',-12.28483,-3.716942,-2.427279,-11.18408,4.610755E-10,4.610755E-10,-3.524893,-4.546205
'[19:08:38.252 20/01/2026]',-12.28483,-3.716942,-2.427279,-11.18408,4.610755E-10,4.610755E-10,-3.524893,-4.546205
'[19:08:38.260 20/01/2026]',-12.28483,-3.716942,-2.427279,-11.18408,4.610755E-10,4.610755E-10,-3.524893,-4.546205
'[19:08:38.268 20/01/2026]',5.865865,6.793438,5.429198,1.730546,4.610755E-10,4.610755E-10,9.833159,-1.88712
'[19:08:38.276 20/01/2026]',8.533356,-0.5309317,-0.748619,10.50973,4.610755E-10,4.610755E-10,-6.662652,9.987694
'[19:08:38.284 20/01/2026]',8.533356,-0.5309317,-0.748619,10.50973,4.610755E-10,4.610755E-10,-6.662652,9.987694
'[19:08:38.292 20/01/2026]',8.533356,-0.5309317,-0.748619,10.50973,4.610755E-10,4.610755E-10,-6.662652,9.987694
'[19:08:38.300 20/01/2026]',8.533356,-0.5309317,-0.748619,10.50973,4.610755E-10,4.610755E-10,-6.662652,9.987694
'[19:08:38.308 20/01/2026]',8.533356,-0.5309317,-0.748619,10.50973,4.610755E-10,4.610755E-10,-6.662652,9.987694
'[19:08:38.316 20/01/2026]',-11.32418,-3.001183,-1.986845,-12.39828,4.610755E-10,4.610755E-10,-1.689968,-11.01676
'[19:08:38.324 20/01/2026]',1.25442,2.048715,-0.136299,2.682951,4.610755E-10,4.610755E-10,6.44179,2.764293
'[19:08:38.332 20/01/2026]',8.267338,-1.357568,-1.453191,11.56817,4.610755E-10,4.610755E-10,-3.744801,9.848325
'[19:08:38.340 20/01/2026]',8.267338,-1.357568,-1.453191,11.56817,4.610755E-10,4.610755E-10,-3.744801,9.848325
'[19:08:38.348 20/01/2026]',8.267338,-1.357568,-1.453191,11.56817,4.610755E-10,4.610755E-10,-3.744801,9.848325
'[19:08:38.356 20/01/2026]',-4.925855,-0.4766786,2.874749,-11.41845,4.610755E-10,4.610755E-10,-2.046288,-11.96875
'[19:08:38.364 20/01/2026]',-4.925855,-0.4766786,2.874749,-11.41845,4.610755E-10,4.610755E-10,-2.046288,-11.96875
'[19:08:38.372 20/01/2026]',0.3109716,1.394847,0.7345893,-1.381968,4.610755E-10,4.610755E-10,3.838408,-0.3657132
'[19:08:38.380 20/01/2026]',0.3109716,1.394847,0.7345893,-1.381968,4.610755E-10,4.610755E-10,3.838408,-0.3657132
'[19:08:38.388 20/01/2026]',2.115793,1.441963,-4.046138,14.04264,4.610755E-10,4.610755E-10,-0.2970399,15.55171
'[19:08:38.396 20/01/2026]',2.115793,1.441963,-4.046138,14.04264,4.610755E-10,4.610755E-10,-0.2970399,15.55171
'[19:08:38.404 20/01/2026]',2.115793,1.441963,-4.046138,14.04264,4.610755E-10,4.610755E-10,-0.2970399,15.55171
'[19:08:38.412 20/01/2026]',-11.40096,-9.206766,-4.238741,-17.74338,4.610755E-10,4.610755E-10,-6.539655,-17.41259
'[19:08:38.420 20/01/2026]',8.232814,5.963479,7.468325,4.240427,4.610755E-10,4.610755E-10,1.801968,-2.512727
'[19:08:38.428 20/01/2026]',8.232814,5.963479,7.468325,4.240427,4.610755E-10,4.610755E-10,1.801968,-2.512727
'[19:08:38.436 20/01/2026]',4.663335,5.485977,1.475606,10.34526,4.610755E-10,4.610755E-10,7.816867,17.72489
'[19:08:38.444 20/01/2026]',4.663335,5.485977,1.475606,10.34526,4.610755E-10,4.610755E-10,7.816867,17.72489
'[19:08:38.452 20/01/2026]',4.663335,5.485977,1.475606,10.34526,4.610755E-10,4.610755E-10,7.816867,17.72489
'[19:08:38.460 20/01/2026]',-3.404083,-3.894371,-3.171771,-4.110571,4.610755E-10,4.610755E-10,-1.657934,-3.932725
'[19:08:38.468 20/01/2026]',-3.404083,-3.894371,-3.171771,-4.110571,4.610755E-10,4.610755E-10,-1.657934,-3.932725
'[19:08:38.476 20/01/2026]',-3.404083,-3.894371,-3.171771,-4.110571,4.610755E-10,4.610755E-10,-1.657934,-3.932725
'[19:08:38.484 20/01/2026]',-3.404083,-3.894371,-3.171771,-4.110571,4.610755E-10,4.610755E-10,-1.657934,-3.932725
'[19:08:38.492 20/01/2026]',-3.404083,-3.894371,-3.171771,-4.110571,4.610755E-10,4.610755E-10,-1.657934,-3.932725
'[19:08:38.500 20/01/2026]',-4.283344,-3.824386,-2.2081,-9.251522,4.610755E-10,4.610755E-10,-8.479136,-15.27966
'[19:08:38.508 20/01/2026]',0.5978166,1.450204,0.2935952,7.11796,4.610755E-10,4.610755E-10,1.605849,9.82406
'[19:08:38.516 20/01/2026]',10.37596,7.819558,6.962643,9.363351,4.610755E-10,4.610755E-10,9.591545,12.64741
'[19:08:38.524 20/01/2026]',-6.297935,-5.753474,-6.015949,-9.841613,4.610755E-10,4.610755E-10,-4.084821,-13.72886
'[19:08:38.532 20/01/2026]',-7.282358,-6.623746,-2.755109,-3.430007,4.610755E-10,4.610755E-10,-5.62927,-1.939889
'[19:08:38.540 20/01/2026]',10.59481,9.740948,6.57385,11.23575,4.610755E-10,4.610755E-10,6.019076,11.84808
'[19:08:38.548 20/01/2026]',-4.780469,-1.385299,-3.172862,-11.29002,4.610755E-10,4.610755E-10,-1.943557,-10.5316
'[19:08:38.556 20/01/2026]',1.939384,-3.487269,-0.8041106,6.995712,4.610755E-10,4.610755E-10,-0.6447709,4.00479
'[19:08:38.564 20/01/2026]',-5.121408,3.758346,3.420527,-0.9823929,4.610755E-10,4.610755E-10,1.807427,2.861324
'[19:08:38.572 20/01/2026]',4.238541,-2.750677,-1.980078,-1.130462,4.610755E-10,4.610755E-10,-1.019961,-5.279461
'[19:08:38.580 20/01/2026]',1.971345,0.4644695,0.3890262,0.6565272,4.610755E-10,4.610755E-10,-0.6088429,1.613324
'[19:08:38.588 20/01/2026]',-12.41264,-3.762137,-4.072602,-10.88194,4.610755E-10,4.610755E-10,-2.333737,-5.102149
'[19:08:38.596 20/01/2026]',10.58382,5.033817,5.372762,14.32117,4.610755E-10,4.610755E-10,6.366534,9.625998
'[19:08:38.604 20/01/2026]',4.870672,-0.8328697,-1.152624,-1.775909,4.610755E-10,4.610755E-10,-8.61474,-4.940846
'[19:08:38.612 20/01/2026]',-2.219942,2.402714,2.899043,-0.05266113,4.610755E-10,4.610755E-10,9.463782,3.107013
'[19:08:38.620 20/01/2026]',-12.53552,-7.168111,-9.949882,-13.31596,4.610755E-10,4.610755E-10,-6.732219,-9.736416
'[19:08:38.628 20/01/2026]',11.30176,2.962152,6.747935,14.48978,4.610755E-10,4.610755E-10,-4.583951,5.402827
'[19:08:38.636 20/01/2026]',-3.318583,-0.415202,-2.358163,-5.878668,4.610755E-10,4.610755E-10,6.208411,-2.340296
'[19:08:38.644 20/01/2026]',2.47255,5.518013,2.417742,2.53182,4.610755E-10,4.610755E-10,4.993553,9.755001
'[19:08:38.652 20/01/2026]',3.493532,-3.708834,-1.405792,3.976858,4.610755E-10,4.610755E-10,-5.055414,-2.200001
'[19:08:38.660 20/01/2026]',-15.88866,-10.01256,-6.884464,-17.44739,4.610755E-10,4.610755E-10,-9.909722,-20.88388
'[19:08:38.668 20/01/2026]',14.92749,12.01904,9.095806,13.75558,4.610755E-10,4.610755E-10,12.35898,20.93561
'[19:08:38.676 20/01/2026]',4.793072,5.942703,2.606695,11.66678,4.610755E-10,4.610755E-10,4.741642,5.44037
'[19:08:38.684 20/01/2026]',-19.29645,-15.68294,-12.6942,-26.9502,4.610755E-10,4.610755E-10,-16.13519,-23.22296
'[19:08:38.692 20/01/2026]',4.180341,-3.836648,-1.92653,5.066856,4.610755E-10,4.610755E-10,-2.020534,3.80653
'[19:08:38.700 20/01/2026]',20.56164,19.61763,18.836,21.58487,4.610755E-10,4.610755E-10,21.6621,18.58289
'[19:08:38.708 20/01/2026]',-17.12306,-8.553871,-10.04613,-14.07595,4.610755E-10,4.610755E-10,-11.73393,-6.505081
'[19:08:38.716 20/01/2026]',-2.710911,-5.612127,-5.759106,-4.959461,4.610755E-10,4.610755E-10,-5.545659,-9.733531
'[19:08:38.724 20/01/2026]',12.5829,6.056275,8.553732,8.615121,4.610755E-10,4.610755E-10,5.621049,8.400781
'[19:08:38.732 20/01/2026]',-9.474008,-0.05170509,-1.786144,1.395524,4.610755E-10,4.610755E-10,4.314322,-0.9410365
'[19:08:38.740 20/01/2026]',-5.939738,-5.115038,-8.103271,-13.19317,4.610755E-10,4.610755E-10,-10.55427,-9.356393
'[19:08:38.748 20/01/2026]',14.76582,4.740242,9.338881,12.25965,4.610755E-10,4.610755E-10,5.351443,14.1458
'[19:08:38.756 20/01/2026]',-14.87079,-6.879503,-5.449814,-7.173556,4.610755E-10,4.610755E-10,-0.2871744,-9.149337
'[19:08:38.764 20/01/2026]',-1.352586,-5.035686,-2.040337,-2.184831,4.610755E-10,4.610755E-10,0.3044932,-2.176557
'[19:08:38.772 20/01/2026]',23.23231,25.20879,12.44854,12.75326,4.610755E-10,4.610755E-10,2.090393,8.549085
'[19:08:38.780 20/01/2026]',-8.872591,-9.140422,-3.806443,1.557514,4.610755E-10,4.610755E-10,4.194563,6.383487
'[19:08:38.788 20/01/2026]',-16.04508,-16.79141,-14.06048,-15.47315,4.610755E-10,4.610755E-10,-11.4548,-17.75152
'[19:08:38.796 20/01/2026]',5.712496,3.477549,2.804693,-3.151689,4.610755E-10,4.610755E-10,-2.77635,0.2847591
'[19:08:38.804 20/01/2026]',8.994066,14.42793,13.45783,17.46118,4.610755E-10,4.610755E-10,13.08008,12.73945
'[19:08:38.812 20/01/2026]',5.309193,-1.709464,-1.66022,2.189946,4.610755E-10,4.610755E-10,1.693598,3.002114
'[19:08:38.820 20/01/2026]',-22.17828,-16.25676,-17.50334,-20.43505,4.610755E-10,4.610755E-10,-19.13779,-21.10941
'[19:08:38.828 20/01/2026]',11.03813,11.7129,12.88084,6.037301,4.610755E-10,4.610755E-10,15.06617,11.22834
'[19:08:38.836 20/01/2026]',4.792796,2.064218,3.435852,9.131655,4.610755E-10,4.610755E-10,1.883062,10.35565
'[19:08:38.844 20/01/2026]',4.792796,2.064218,3.435852,9.131655,4.610755E-10,4.610755E-10,1.883062,10.35565
'[19:08:38.852 20/01/2026]',4.792796,2.064218,3.435852,9.131655,4.610755E-10,4.610755E-10,1.883062,10.35565
'[19:08:38.860 20/01/2026]',-1.928282,-3.307764,-4.362642,-0.3645326,4.610755E-10,4.610755E-10,-4.372557,-10.07656
'[19:08:38.868 20/01/2026]',-7.36035,-2.568443,-2.95954,-9.401357,4.610755E-10,4.610755E-10,-5.035989,-4.647041
'[19:08:38.876 20/01/2026]',-7.36035,-2.568443,-2.95954,-9.401357,4.610755E-10,4.610755E-10,-5.035989,-4.647041
'[19:08:38.884 20/01/2026]',3.394428,-0.6512017,0.07192864,0.5674259,4.610755E-10,4.610755E-10,3.471719,3.072065
'[19:08:38.892 20/01/2026]',3.394428,-0.6512017,0.07192864,0.5674259,4.610755E-10,4.610755E-10,3.471719,3.072065
'[19:08:38.900 20/01/2026]',3.394428,-0.6512017,0.07192864,0.5674259,4.610755E-10,4.610755E-10,3.471719,3.072065
'[19:08:38.908 20/01/2026]',5.525744,5.342764,4.048819,9.41152,4.610755E-10,4.610755E-10,3.532757,7.427543
'[19:08:38.916 20/01/2026]',-11.46464,-5.857422,-2.815111,-9.031355,4.610755E-10,4.610755E-10,-6.46541,-6.351369
'[19:08:38.924 20/01/2026]',-11.46464,-5.857422,-2.815111,-9.031355,4.610755E-10,4.610755E-10,-6.46541,-6.351369
'[19:08:38.932 20/01/2026]',5.65037,1.261103,0.3077342,-1.128897,4.610755E-10,4.610755E-10,3.675685,-6.611077
'[19:08:38.940 20/01/2026]',5.65037,1.261103,0.3077342,-1.128897,4.610755E-10,4.610755E-10,3.675685,-6.611077
'[19:08:38.948 20/01/2026]',12.09348,7.631716,7.072003,17.44115,4.610755E-10,4.610755E-10,5.598185,21.54842
'[19:08:38.956 20/01/2026]',12.09348,7.631716,7.072003,17.44115,4.610755E-10,4.610755E-10,5.598185,21.54842
'[19:08:38.964 20/01/2026]',12.09348,7.631716,7.072003,17.44115,4.610755E-10,4.610755E-10,5.598185,21.54842
'[19:08:38.972 20/01/2026]',-18.81096,-10.37168,-11.91939,-19.56401,4.610755E-10,4.610755E-10,-10.04647,-17.92811
'[19:08:38.980 20/01/2026]',-18.81096,-10.37168,-11.91939,-19.56401,4.610755E-10,4.610755E-10,-10.04647,-17.92811
'[19:08:38.988 20/01/2026]',-18.81096,-10.37168,-11.91939,-19.56401,4.610755E-10,4.610755E-10,-10.04647,-17.92811
'[19:08:38.996 20/01/2026]',5.730532,2.21867,4.9771,2.732476,4.610755E-10,4.610755E-10,2.944702,-2.391356
'[19:08:39.004 20/01/2026]',5.730532,2.21867,4.9771,2.732476,4.610755E-10,4.610755E-10,2.944702,-2.391356
'[19:08:39.012 20/01/2026]',5.730532,2.21867,4.9771,2.732476,4.610755E-10,4.610755E-10,2.944702,-2.391356
'[19:08:39.020 20/01/2026]',6.627461,6.000331,5.337388,8.115576,4.610755E-10,4.610755E-10,4.900218,13.2817
'[19:08:39.028 20/01/2026]',2.134674,0.7449818,-1.267793,3.120738,4.610755E-10,4.610755E-10,3.876524,-0.5119015
'[19:08:39.036 20/01/2026]',-14.00326,-12.32573,-10.00117,-13.7502,4.610755E-10,4.610755E-10,-15.89763,-15.1811
'[19:08:39.044 20/01/2026]',-14.00326,-12.32573,-10.00117,-13.7502,4.610755E-10,4.610755E-10,-15.89763,-15.1811
'[19:08:39.052 20/01/2026]',-14.00326,-12.32573,-10.00117,-13.7502,4.610755E-10,4.610755E-10,-15.89763,-15.1811
'[19:08:39.060 20/01/2026]',13.66041,9.107676,10.70482,10.8257,4.610755E-10,4.610755E-10,11.80059,19.00343
'[19:08:39.068 20/01/2026]',8.534425,9.816289,5.509272,9.28014,4.610755E-10,4.610755E-10,8.74266,-1.173412
'[19:08:39.076 20/01/2026]',8.534425,9.816289,5.509272,9.28014,4.610755E-10,4.610755E-10,8.74266,-1.173412
'[19:08:39.084 20/01/2026]',-29.63993,-23.4607,-21.23006,-30.38674,4.610755E-10,4.610755E-10,-25.21189,-29.48055
'[19:08:39.092 20/01/2026]',-29.63993,-23.4607,-21.23006,-30.38674,4.610755E-10,4.610755E-10,-25.21189,-29.48055
'[19:08:39.100 20/01/2026]',35.75235,29.25806,31.44021,41.16713,4.610755E-10,4.610755E-10,31.5106,47.59405
'[19:08:39.108 20/01/2026]',-17.49269,-15.85884,-20.13863,-17.39861,4.610755E-10,4.610755E-10,-16.1842,-23.12794
'[19:08:39.116 20/01/2026]',-8.274364,-5.862041,-2.978002,-15.16159,4.610755E-10,4.610755E-10,-6.885135,-13.54801
'[19:08:39.124 20/01/2026]',6.040839,2.800727,4.621493,12.10716,4.610755E-10,4.610755E-10,5.146104,12.50883
'[19:08:39.132 20/01/2026]',7.11084,10.44507,5.095199,4.114401,4.610755E-10,4.610755E-10,7.226644,9.279573
'[19:08:39.140 20/01/2026]',-9.03035,-12.30932,-7.833899,-6.088113,4.610755E-10,4.610755E-10,-9.025852,-14.32004
'[19:08:39.148 20/01/2026]',-4.068625,-3.467609,-5.752126,-8.275678,4.610755E-10,4.610755E-10,-5.646238,-4.840645
'[19:08:39.156 20/01/2026]',3.661429,3.525018,3.720123,3.883575,4.610755E-10,4.610755E-10,2.461595,5.489738
'[19:08:39.164 20/01/2026]',15.02306,15.65907,18.5247,21.67571,4.610755E-10,4.610755E-10,20.75217,17.8267
'[19:08:39.172 20/01/2026]',-20.41947,-15.67924,-18.64147,-25.71291,4.610755E-10,4.610755E-10,-22.40159,-18.50054
'[19:08:39.180 20/01/2026]',6.187445,3.753845,4.369016,3.759158,4.610755E-10,4.610755E-10,6.118078,-2.411803
'[19:08:39.188 20/01/2026]',-0.4410461,-2.235742,-4.858604,6.051957,4.610755E-10,4.610755E-10,-0.04255598,12.13409
'[19:08:39.196 20/01/2026]',-1.165988,-4.624084,4.787627,-6.219848,4.610755E-10,4.610755E-10,-5.181391,-10.64927
'[19:08:39.204 20/01/2026]',6.931164,11.09399,5.478948,7.762753,4.610755E-10,4.610755E-10,12.33275,5.063715
'[19:08:39.212 20/01/2026]',-10.36989,-6.686479,-9.117583,-6.192436,4.610755E-10,4.610755E-10,-9.300303,2.882348
'[19:08:39.220 20/01/2026]',0.5917338,-3.668888,-0.9969561,-7.134716,4.610755E-10,4.610755E-10,-3.657808,-13.82674
'[19:08:39.228 20/01/2026]',13.67394,19.3982,16.69801,18.78143,4.610755E-10,4.610755E-10,15.80275,17.62999
'[19:08:39.236 20/01/2026]',-12.68695,-23.77048,-17.69944,-11.20103,4.610755E-10,4.610755E-10,-13.61248,-6.801001
'[19:08:39.244 20/01/2026]',-8.764848,-1.66049,-5.753967,-9.610857,4.610755E-10,4.610755E-10,-5.988175,-14.09646
'[19:08:39.252 20/01/2026]',11.66843,10.60997,11.33594,7.896234,4.610755E-10,4.610755E-10,5.890635,10.23716
'[19:08:39.260 20/01/2026]',2.005069,4.317868,1.858333,4.831977,4.610755E-10,4.610755E-10,5.208186,3.331279
'[19:08:39.268 20/01/2026]',-4.259083,-9.315892,-4.0827,-4.073647,4.610755E-10,4.610755E-10,-0.9647998,1.133501
'[19:08:39.276 20/01/2026]',3.14296,0.1583616,2.133765,3.555279,4.610755E-10,4.610755E-10,-6.071345,-8.431396
'[19:08:39.284 20/01/2026]',-2.845792,6.758482,-5.71174,-7.098278,4.610755E-10,4.610755E-10,1.086401,5.045208
'[19:08:39.292 20/01/2026]',9.34816,2.84326,11.58339,13.74399,4.610755E-10,4.610755E-10,9.273361,12.35321
'[19:08:39.300 20/01/2026]',-12.05762,-8.295001,-7.286562,-12.24998,4.610755E-10,4.610755E-10,-7.76081,-23.73936
'[19:08:39.308 20/01/2026]',-8.11017,-4.778939,-5.365855,-5.918999,4.610755E-10,4.610755E-10,-3.17188,8.256666
'[19:08:39.316 20/01/2026]',7.20657,-0.391249,4.234817,12.68316,4.610755E-10,4.610755E-10,7.406782,13.76175
'[19:08:39.324 20/01/2026]',17.76211,21.10677,8.437784,1.774925,4.610755E-10,4.610755E-10,0.4764521,-13.30306
'[19:08:39.332 20/01/2026]',-1.849139,1.610461,-0.3135995,-6.334112,4.610755E-10,4.610755E-10,-6.722081,3.647153
'[19:08:39.340 20/01/2026]',-13.1789,-21.5488,-8.733619,3.223893,4.610755E-10,4.610755E-10,6.761925,2.965725
'[19:08:39.348 20/01/2026]',2.138465,3.20287,1.310447,1.354668,4.610755E-10,4.610755E-10,-2.307079,-0.2135746
'[19:08:39.356 20/01/2026]',-6.485725,3.79864,1.947661,-8.380046,4.610755E-10,4.610755E-10,-3.213079,-4.166732
'[19:08:39.364 20/01/2026]',0.9658188,-4.749405,-2.255546,5.809982,4.610755E-10,4.610755E-10,8.201012,3.339458
'[19:08:39.372 20/01/2026]',4.522155,4.912931,6.431073,12.50817,4.610755E-10,4.610755E-10,0.1127159,10.23394
'[19:08:39.380 20/01/2026]',27.71259,24.11125,3.928353,-13.53339,4.610755E-10,4.610755E-10,-10.2079,-17.58052
'[19:08:39.388 20/01/2026]',-12.64499,-15.61418,-0.5994869,2.464568,4.610755E-10,4.610755E-10,8.343924,4.425766
'[19:08:39.396 20/01/2026]',-22.3386,-17.89423,-8.115398,2.841869,4.610755E-10,4.610755E-10,0.790543,9.594045
'[19:08:39.404 20/01/2026]',9.501274,13.647,1.110529,-2.805254,4.610755E-10,4.610755E-10,-5.128593,-6.193997
'[19:08:39.412 20/01/2026]',8.875493,3.549078,4.639904,-1.424883,4.610755E-10,4.610755E-10,2.465167,-8.153967
'[19:08:39.420 20/01/2026]',-9.29198,-4.6463,0.5243818,0.4858578,4.610755E-10,4.610755E-10,1.921417,9.665273
'[19:08:39.428 20/01/2026]',-9.29198,-4.6463,0.5243818,0.4858578,4.610755E-10,4.610755E-10,1.921417,9.665273
'[19:08:39.436 20/01/2026]',-9.29198,-4.6463,0.5243818,0.4858578,4.610755E-10,4.610755E-10,1.921417,9.665273
'[19:08:39.444 20/01/2026]',-0.507588,-3.160136,-4.972768,4.448574,4.610755E-10,4.610755E-10,-3.703685,0.01900385
'[19:08:39.452 20/01/2026]',0.931298,-2.789861,-5.142997,-6.819066,4.610755E-10,4.610755E-10,-4.598519,-7.28254
'[19:08:39.460 20/01/2026]',0.931298,-2.789861,-5.142997,-6.819066,4.610755E-10,4.610755E-10,-4.598519,-7.28254
'[19:08:39.468 20/01/2026]',5.851914,8.244274,11.24615,6.110786,4.610755E-10,4.610755E-10,9.831869,6.628123
'[19:08:39.476 20/01/2026]',5.851914,8.244274,11.24615,6.110786,4.610755E-10,4.610755E-10,9.831869,6.628123
'[19:08:39.484 20/01/2026]',5.851914,8.244274,11.24615,6.110786,4.610755E-10,4.610755E-10,9.831869,6.628123
'[19:08:39.492 20/01/2026]',5.851914,8.244274,11.24615,6.110786,4.610755E-10,4.610755E-10,9.831869,6.628123
'[19:08:39.500 20/01/2026]',-2.717361,3.046657,-0.2403667,-1.644828,4.610755E-10,4.610755E-10,1.597073,1.737018
'[19:08:39.508 20/01/2026]',-2.717361,3.046657,-0.2403667,-1.644828,4.610755E-10,4.610755E-10,1.597073,1.737018
'[19:08:39.516 20/01/2026]',-2.717361,3.046657,-0.2403667,-1.644828,4.610755E-10,4.610755E-10,1.597073,1.737018
'[19:08:39.524 20/01/2026]',0.9866285,-5.842581,-3.415876,1.782442,4.610755E-10,4.610755E-10,-6.649471,1.07379
'[19:08:39.532 20/01/2026]',-10.15001,-10.8948,-8.734669,-9.11948,4.610755E-10,4.610755E-10,-6.407345,-11.07669
'[19:08:39.540 20/01/2026]',12.45153,15.05757,14.10276,11.90121,4.610755E-10,4.610755E-10,15.7355,6.190039
'[19:08:39.548 20/01/2026]',12.45153,15.05757,14.10276,11.90121,4.610755E-10,4.610755E-10,15.7355,6.190039
'[19:08:39.556 20/01/2026]',-5.353129,-3.039412,-5.607176,-6.435142,4.610755E-10,4.610755E-10,-7.75502,5.6208
'[19:08:39.564 20/01/2026]',-5.353129,-3.039412,-5.607176,-6.435142,4.610755E-10,4.610755E-10,-7.75502,5.6208
'[19:08:39.572 20/01/2026]',10.12852,2.950928,4.919679,9.183392,4.610755E-10,4.610755E-10,4.256683,3.312969
'[19:08:39.580 20/01/2026]',10.12852,2.950928,4.919679,9.183392,4.610755E-10,4.610755E-10,4.256683,3.312969
'[19:08:39.588 20/01/2026]',-10.85967,-7.211097,-8.278635,-11.38176,4.610755E-10,4.610755E-10,-8.209106,-18.83484
'[19:08:39.596 20/01/2026]',-10.85967,-7.211097,-8.278635,-11.38176,4.610755E-10,4.610755E-10,-8.209106,-18.83484
'[19:08:39.604 20/01/2026]',0.004287872,3.418151,4.349539,4.97178,4.610755E-10,4.610755E-10,6.491997,18.44823
'[19:08:39.612 20/01/2026]',0.004287872,3.418151,4.349539,4.97178,4.610755E-10,4.610755E-10,6.491997,18.44823
'[19:08:39.620 20/01/2026]',2.149389,2.06511,-0.1547401,0.1936588,4.610755E-10,4.610755E-10,-0.2742372,-8.351217
'[19:08:39.628 20/01/2026]',2.149389,2.06511,-0.1547401,0.1936588,4.610755E-10,4.610755E-10,-0.2742372,-8.351217
'[19:08:39.636 20/01/2026]',2.149389,2.06511,-0.1547401,0.1936588,4.610755E-10,4.610755E-10,-0.2742372,-8.351217
'[19:08:39.644 20/01/2026]',-1.057941,-2.675641,-1.142789,-1.088551,4.610755E-10,4.610755E-10,-4.604185,-3.700733
'[19:08:39.652 20/01/2026]',-1.057941,-2.675641,-1.142789,-1.088551,4.610755E-10,4.610755E-10,-4.604185,-3.700733
'[19:08:39.660 20/01/2026]',-1.057941,-2.675641,-1.142789,-1.088551,4.610755E-10,4.610755E-10,-4.604185,-3.700733
'[19:08:39.668 20/01/2026]',-1.057941,-2.675641,-1.142789,-1.088551,4.610755E-10,4.610755E-10,-4.604185,-3.700733
'[19:08:39.676 20/01/2026]',4.927851,5.720245,5.045236,3.834811,4.610755E-10,4.610755E-10,8.010103,13.49256
'[19:08:39.684 20/01/2026]',4.927851,5.720245,5.045236,3.834811,4.610755E-10,4.610755E-10,8.010103,13.49256
'[19:08:39.692 20/01/2026]',-8.430307,-6.268451,-6.700917,-8.790677,4.610755E-10,4.610755E-10,-8.595868,-14.6795
'[19:08:39.700 20/01/2026]',1.928822,-3.544131,-1.196631,3.385648,4.610755E-10,4.610755E-10,0.8671859,4.405607
'[19:08:39.708 20/01/2026]',-0.1552768,2.342586,6.234203,5.271626,4.610755E-10,4.610755E-10,7.17507,6.140939
'[19:08:39.716 20/01/2026]',-0.3563877,1.687891,-3.509193,-7.834194,4.610755E-10,4.610755E-10,-6.400322,-9.87266
'[19:08:39.724 20/01/2026]',4.566748,1.723482,0.5802783,9.063529,4.610755E-10,4.610755E-10,1.425567,8.901157
'[19:08:39.732 20/01/2026]',3.020324,-1.518676,2.33885,0.4191621,4.610755E-10,4.610755E-10,4.875579,3.336439
'[19:08:39.740 20/01/2026]',-7.301816,-0.828182,-1.952109,-8.071934,4.610755E-10,4.610755E-10,-5.066865,-6.331214
'[19:08:39.748 20/01/2026]',5.631868,5.398058,3.529326,7.978965,4.610755E-10,4.610755E-10,3.102839,-2.197568
'[19:08:39.756 20/01/2026]',-6.175677,-9.754587,-8.317645,-9.252942,4.610755E-10,4.610755E-10,-6.559976,-0.2317207
'[19:08:39.764 20/01/2026]',3.846044,8.458009,8.841394,7.558116,4.610755E-10,4.610755E-10,7.366402,7.717043
'[19:08:39.772 20/01/2026]',3.448103,-3.759528,-3.768313,-2.427412,4.610755E-10,4.610755E-10,-1.845034,-4.124961
'[19:08:39.780 20/01/2026]',0.03093853,1.589969,-0.2509983,1.948912,4.610755E-10,4.610755E-10,-1.826766,-2.551819
'[19:08:39.788 20/01/2026]',-12.62537,-2.039466,2.209578,-8.880867,4.610755E-10,4.610755E-10,-0.6055077,-1.582076
'[19:08:39.796 20/01/2026]',0.2492299,0.2498917,-3.768049,-5.40579,4.610755E-10,4.610755E-10,-1.731639,-10.42529
'[19:08:39.804 20/01/2026]',26.71853,4.468777,5.113138,29.90251,4.610755E-10,4.610755E-10,8.293367,29.25894
'[19:08:39.812 20/01/2026]',-22.58146,-4.140374,-1.73057,-13.31871,4.610755E-10,4.610755E-10,-6.457069,-16.93602
'[19:08:39.820 20/01/2026]',1.671978,-0.2059439,-1.071288,-12.37841,4.610755E-10,4.610755E-10,2.235503,-1.528545
'[19:08:39.828 20/01/2026]',4.870395,0.4784214,1.768671,10.09406,4.610755E-10,4.610755E-10,0.8205382,13.34457
'[19:08:39.836 20/01/2026]',-5.545061,-0.7853024,-3.931207,-5.5299,4.610755E-10,4.610755E-10,-3.272436,-27.38453
'[19:08:39.844 20/01/2026]',4.227927,0.3454388,1.641221,0.679968,4.610755E-10,4.610755E-10,-0.537571,19.49459
'[19:08:39.852 20/01/2026]',3.917787,3.661985,3.517989,9.352533,4.610755E-10,4.610755E-10,5.789267,4.940305
'[19:08:39.860 20/01/2026]',-13.4408,-16.31454,-7.689197,-12.47768,4.610755E-10,4.610755E-10,-7.224816,-16.21736
'[19:08:39.868 20/01/2026]',14.90326,24.49228,8.751508,6.08849,4.610755E-10,4.610755E-10,5.686679,11.34645
'[19:08:39.876 20/01/2026]',-6.72547,-8.556233,-2.963649,1.508767,4.610755E-10,4.610755E-10,-1.87442,-6.738259
'[19:08:39.884 20/01/2026]',-3.945279,-9.856487,-6.303473,-3.433372,4.610755E-10,4.610755E-10,-6.763579,0.312845
'[19:08:39.892 20/01/2026]',1.429629,3.28935,1.861671,-9.370251,4.610755E-10,4.610755E-10,5.41964,-0.7295532
'[19:08:39.900 20/01/2026]',3.524097,6.704404,5.156044,10.81665,4.610755E-10,4.610755E-10,1.004182,3.857789
'[19:08:39.908 20/01/2026]',-2.106991,-1.740857,-2.817347,8.360749,4.610755E-10,4.610755E-10,-4.086884,0.1212551
'[19:08:39.916 20/01/2026]',-9.254471,-11.66941,-10.32085,-23.95971,4.610755E-10,4.610755E-10,-4.508315,-13.35391
'[19:08:39.924 20/01/2026]',11.25106,11.92924,13.97426,14.03318,4.610755E-10,4.610755E-10,11.65061,11.60175
'[19:08:39.932 20/01/2026]',6.828973,4.505386,3.452386,11.0783,4.610755E-10,4.610755E-10,-0.4482795,10.10958
'[19:08:39.940 20/01/2026]',-18.94027,-11.52444,-12.27476,-19.44733,4.610755E-10,4.610755E-10,-8.870973,-17.27078
'[19:08:39.948 20/01/2026]',14.76814,3.59668,4.132025,15.12162,4.610755E-10,4.610755E-10,9.672199,7.532854
'[19:08:39.956 20/01/2026]',-8.902964,-4.503184,0.9648876,-5.211607,4.610755E-10,4.610755E-10,-4.623235,8.298604
'[19:08:39.964 20/01/2026]',-34.33914,-23.43462,-14.98089,-20.7502,4.610755E-10,4.610755E-10,-4.41472,-16.96856
'[19:08:39.972 20/01/2026]',58.98176,39.58141,21.6084,33.32875,4.610755E-10,4.610755E-10,6.232382,7.373607
'[19:08:39.980 20/01/2026]',16.81534,27.23919,9.363564,-3.044063,4.610755E-10,4.610755E-10,-2.270633,6.701378
'[19:08:39.988 20/01/2026]',-58.3564,-52.39854,-25.73798,-24.80491,4.610755E-10,4.610755E-10,-0.5000614,-11.2792
'[19:08:39.996 20/01/2026]',7.459332,2.057303,5.689436,11.15078,4.610755E-10,4.610755E-10,-2.259641,0.3600946
'[19:08:40.004 20/01/2026]',23.64052,19.24385,7.728255,7.463892,4.610755E-10,4.610755E-10,1.073678,6.384109
'[19:08:40.012 20/01/2026]',23.64052,19.24385,7.728255,7.463892,4.610755E-10,4.610755E-10,1.073678,6.384109
'[19:08:40.020 20/01/2026]',23.64052,19.24385,7.728255,7.463892,4.610755E-10,4.610755E-10,1.073678,6.384109
'[19:08:40.028 20/01/2026]',23.64052,19.24385,7.728255,7.463892,4.610755E-10,4.610755E-10,1.073678,6.384109
'[19:08:40.036 20/01/2026]',23.64052,19.24385,7.728255,7.463892,4.610755E-10,4.610755E-10,1.073678,6.384109
'[19:08:40.044 20/01/2026]',23.64052,19.24385,7.728255,7.463892,4.610755E-10,4.610755E-10,1.073678,6.384109
'[19:08:40.052 20/01/2026]',23.64052,19.24385,7.728255,7.463892,4.610755E-10,4.610755E-10,1.073678,6.384109
'[19:08:40.060 20/01/2026]',23.64052,19.24385,7.728255,7.463892,4.610755E-10,4.610755E-10,1.073678,6.384109
'[19:08:40.068 20/01/2026]',-11.26509,-6.287017,-7.792308,-10.35254,4.610755E-10,4.610755E-10,-0.3948873,-5.337423
'[19:08:40.076 20/01/2026]',4.42713,4.641834,11.88276,11.88004,4.610755E-10,4.610755E-10,10.24818,12.85088
'[19:08:40.084 20/01/2026]',-6.340656,-5.227828,-7.348998,-4.498954,4.610755E-10,4.610755E-10,-7.758753,-9.135166
'[19:08:40.092 20/01/2026]',-4.011252,-6.451413,-5.971174,-9.911267,4.610755E-10,4.610755E-10,-7.029132,-8.424681
'[19:08:40.100 20/01/2026]',12.11663,10.67144,8.532124,9.145989,4.610755E-10,4.610755E-10,9.704456,15.03484
'[19:08:40.108 20/01/2026]',12.11663,10.67144,8.532124,9.145989,4.610755E-10,4.610755E-10,9.704456,15.03484
'[19:08:40.116 20/01/2026]',-8.587246,-1.27744,-1.871805,-0.1696237,4.610755E-10,4.610755E-10,-2.1289,-8.547337
'[19:08:40.124 20/01/2026]',6.245361,-0.04795674,-0.01241687,4.22201,4.610755E-10,4.610755E-10,1.057786,5.436751
'[19:08:40.132 20/01/2026]',6.245361,-0.04795674,-0.01241687,4.22201,4.610755E-10,4.610755E-10,1.057786,5.436751
'[19:08:40.140 20/01/2026]',-1.888176,-6.010387,-0.1482781,-8.516857,4.610755E-10,4.610755E-10,-2.488155,-4.352715
'[19:08:40.148 20/01/2026]',-1.888176,-6.010387,-0.1482781,-8.516857,4.610755E-10,4.610755E-10,-2.488155,-4.352715
'[19:08:40.156 20/01/2026]',-7.257134,3.826945,-1.105124,0.4734521,4.610755E-10,4.610755E-10,-0.9603411,0.1946515
'[19:08:40.164 20/01/2026]',-7.257134,3.826945,-1.105124,0.4734521,4.610755E-10,4.610755E-10,-0.9603411,0.1946515
'[19:08:40.172 20/01/2026]',-7.257134,3.826945,-1.105124,0.4734521,4.610755E-10,4.610755E-10,-0.9603411,0.1946515
'[19:08:40.180 20/01/2026]',5.572894,1.612547,0.7634532,4.162045,4.610755E-10,4.610755E-10,4.292364,2.643265
'[19:08:40.188 20/01/2026]',5.572894,1.612547,0.7634532,4.162045,4.610755E-10,4.610755E-10,4.292364,2.643265
'[19:08:40.196 20/01/2026]',3.022141,-2.170294,0.6953838,-0.5335528,4.610755E-10,4.610755E-10,-4.070336,-5.98666
'[19:08:40.204 20/01/2026]',3.022141,-2.170294,0.6953838,-0.5335528,4.610755E-10,4.610755E-10,-4.070336,-5.98666
'[19:08:40.212 20/01/2026]',3.022141,-2.170294,0.6953838,-0.5335528,4.610755E-10,4.610755E-10,-4.070336,-5.98666
'[19:08:40.220 20/01/2026]',3.022141,-2.170294,0.6953838,-0.5335528,4.610755E-10,4.610755E-10,-4.070336,-5.98666
'[19:08:40.228 20/01/2026]',-3.609303,2.843451,2.510545,0.3862942,4.610755E-10,4.610755E-10,1.855644,10.26548
'[19:08:40.236 20/01/2026]',-6.720591,-4.801525,-5.915715,-4.880477,4.610755E-10,4.610755E-10,0.9323245,-10.1783
'[19:08:40.244 20/01/2026]',5.909126,1.981336,3.667439,2.706289,4.610755E-10,4.610755E-10,-1.932173,3.232712
'[19:08:40.252 20/01/2026]',5.909126,1.981336,3.667439,2.706289,4.610755E-10,4.610755E-10,-1.932173,3.232712
'[19:08:40.260 20/01/2026]',3.117934,1.719291,-1.46538,2.390883,4.610755E-10,4.610755E-10,-2.455015,0.5122455
'[19:08:40.268 20/01/2026]',3.117934,1.719291,-1.46538,2.390883,4.610755E-10,4.610755E-10,-2.455015,0.5122455
'[19:08:40.276 20/01/2026]',1.015774,0.04056014,3.159363,-1.163349,4.610755E-10,4.610755E-10,7.381173,3.193258
'[19:08:40.284 20/01/2026]',1.015774,0.04056014,3.159363,-1.163349,4.610755E-10,4.610755E-10,7.381173,3.193258
'[19:08:40.292 20/01/2026]',1.015774,0.04056014,3.159363,-1.163349,4.610755E-10,4.610755E-10,7.381173,3.193258
'[19:08:40.300 20/01/2026]',-9.312534,-4.555312,-3.746182,-3.670312,4.610755E-10,4.610755E-10,-6.520467,-2.919808
'[19:08:40.308 20/01/2026]',11.81814,5.512217,4.300566,8.928838,4.610755E-10,4.610755E-10,3.90261,0.5487902
'[19:08:40.316 20/01/2026]',-7.76094,-2.689281,-5.900895,-10.5773,4.610755E-10,4.610755E-10,-3.112123,-4.773477
'[19:08:40.324 20/01/2026]',5.583251,3.491401,5.395068,8.010032,4.610755E-10,4.610755E-10,4.299217,13.42099
'[19:08:40.332 20/01/2026]',-3.946197,-2.963644,-0.9908006,-4.569734,4.610755E-10,4.610755E-10,-3.58739,-15.06094
'[19:08:40.340 20/01/2026]',-8.755908,-5.736907,-8.229692,-6.238947,4.610755E-10,4.610755E-10,-7.482151,-3.64719
'[19:08:40.348 20/01/2026]',13.63064,7.692042,8.173936,10.96277,4.610755E-10,4.610755E-10,10.89332,16.70212
'[19:08:40.356 20/01/2026]',-8.091721,-1.865652,-1.554773,-8.118827,4.610755E-10,4.610755E-10,-2.062785,-12.86526
'[19:08:40.364 20/01/2026]',-3.001448,-3.461049,-3.124171,-0.5752076,4.610755E-10,4.610755E-10,-6.170947,0.8482102
'[19:08:40.372 20/01/2026]',18.55351,4.777186,6.663555,15.27914,4.610755E-10,4.610755E-10,9.606919,12.14068
'[19:08:40.380 20/01/2026]',-15.43635,1.06351,-2.999401,-12.65087,4.610755E-10,4.610755E-10,-4.41219,-5.698055
'[19:08:40.388 20/01/2026]',-5.470482,-6.42411,-6.420731,-6.417426,4.610755E-10,4.610755E-10,-4.457279,-11.52513
'[19:08:40.396 20/01/2026]',18.75291,2.720911,8.065197,16.62007,4.610755E-10,4.610755E-10,3.797113,12.94767
'[19:08:40.404 20/01/2026]',-7.584542,5.435122,2.705583,-4.950879,4.610755E-10,4.610755E-10,5.989447,7.336236
'[19:08:40.412 20/01/2026]',-10.95228,-10.95707,-11.70665,-11.9334,4.610755E-10,4.610755E-10,-10.8284,-23.39339
'[19:08:40.420 20/01/2026]',10.97127,6.858392,6.247474,12.93388,4.610755E-10,4.610755E-10,2.965336,10.87694
'[19:08:40.428 20/01/2026]',-1.007132,2.67106,2.809859,-3.924538,4.610755E-10,4.610755E-10,5.43969,10.33574
'[19:08:40.436 20/01/2026]',-1.149368,-5.651715,-2.967708,-3.179125,4.610755E-10,4.610755E-10,-4.75141,-13.73745
'[19:08:40.444 20/01/2026]',-0.4564135,1.69796,1.149721,5.804758,4.610755E-10,4.610755E-10,0.5849036,3.739093
'[19:08:40.452 20/01/2026]',-1.765378,0.1897406,-1.92276,-1.506431,4.610755E-10,4.610755E-10,2.643055,6.016565
'[19:08:40.460 20/01/2026]',5.657013,1.948068,3.272326,1.307503,4.610755E-10,4.610755E-10,0.2276866,-1.362676
'[19:08:40.468 20/01/2026]',2.248311,1.33577,1.522764,1.231251,4.610755E-10,4.610755E-10,0.6169308,-1.062142
'[19:08:40.476 20/01/2026]',-4.243663,1.522671,-1.131752,-2.383308,4.610755E-10,4.610755E-10,-1.515212,-5.690484
'[19:08:40.484 20/01/2026]',-1.536533,-7.826324,-4.495459,-0.2264158,4.610755E-10,4.610755E-10,-3.374799,7.133655
'[19:08:40.492 20/01/2026]',-3.43011,2.475188,1.620405,-1.043615,4.610755E-10,4.610755E-10,0.7379581,-3.572861
'[19:08:40.500 20/01/2026]',11.51946,4.43512,5.989661,5.310287,4.610755E-10,4.610755E-10,6.412893,4.490977
'[19:08:40.508 20/01/2026]',-4.979989,-6.469598,-7.788697,-0.5103613,4.610755E-10,4.610755E-10,-5.962506,2.130487
'[19:08:40.516 20/01/2026]',-9.333347,-6.645227,1.942453,-4.071713,4.610755E-10,4.610755E-10,0.9472042,-9.867809
'[19:08:40.524 20/01/2026]',12.53387,21.82957,5.933881,-2.314705,4.610755E-10,4.610755E-10,-1.356977,0.8835641
'[19:08:40.532 20/01/2026]',-2.352483,-10.07037,-5.763503,6.782284,4.610755E-10,4.610755E-10,4.424743,14.02623
'[19:08:40.540 20/01/2026]',6.304545,-0.8668458,6.593114,6.182764,4.610755E-10,4.610755E-10,3.785959,-5.710698
'[19:08:40.548 20/01/2026]',-19.82792,-7.53492,-10.63131,-24.28645,4.610755E-10,4.610755E-10,-14.88452,-16.25746
'[19:08:40.556 20/01/2026]',14.5545,15.59879,11.09026,18.16469,4.610755E-10,4.610755E-10,15.20884,14.33936
'[19:08:40.564 20/01/2026]',5.79282,-6.592572,-3.543799,8.857263,4.610755E-10,4.610755E-10,-3.424911,7.394521
'[19:08:40.572 20/01/2026]',-18.74192,-8.509838,-5.26355,-26.30127,4.610755E-10,4.610755E-10,-9.947326,-15.29729
'[19:08:40.580 20/01/2026]',9.246943,11.6038,7.654957,13.34051,4.610755E-10,4.610755E-10,10.42025,0.2566732
'[19:08:40.588 20/01/2026]',9.246943,11.6038,7.654957,13.34051,4.610755E-10,4.610755E-10,10.42025,0.2566732
'[19:08:40.596 20/01/2026]',9.803201,-2.365729,0.9936212,11.46942,4.610755E-10,4.610755E-10,3.907216,12.38731
'[19:08:40.604 20/01/2026]',-6.185958,-5.542362,-4.879364,-11.41444,4.610755E-10,4.610755E-10,-8.334244,-2.385048
'[19:08:40.612 20/01/2026]',-13.54124,1.121419,-5.239415,-12.39833,4.610755E-10,4.610755E-10,-4.49675,-17.14545
'[19:08:40.620 20/01/2026]',13.28779,7.012051,10.5625,22.02629,4.610755E-10,4.610755E-10,10.96465,19.13532
'[19:08:40.628 20/01/2026]',13.28779,7.012051,10.5625,22.02629,4.610755E-10,4.610755E-10,10.96465,19.13532
'[19:08:40.636 20/01/2026]',-0.9015236,-4.436704,-3.34469,-7.129838,4.610755E-10,4.610755E-10,-4.247875,-7.158453
'[19:08:40.644 20/01/2026]',-0.9015236,-4.436704,-3.34469,-7.129838,4.610755E-10,4.610755E-10,-4.247875,-7.158453
'[19:08:40.652 20/01/2026]',1.115506,-3.323367,-4.21914,-3.096122,4.610755E-10,4.610755E-10,-1.551188,2.781993
'[19:08:40.660 20/01/2026]',1.115506,-3.323367,-4.21914,-3.096122,4.610755E-10,4.610755E-10,-1.551188,2.781993
'[19:08:40.668 20/01/2026]',-13.60585,-2.839641,-1.943044,-3.844687,4.610755E-10,4.610755E-10,-1.019477,-3.96856
'[19:08:40.676 20/01/2026]',-13.60585,-2.839641,-1.943044,-3.844687,4.610755E-10,4.610755E-10,-1.019477,-3.96856
'[19:08:40.684 20/01/2026]',-1.50383,3.705578,3.23192,0.7518955,4.610755E-10,4.610755E-10,1.914518,-5.040825
'[19:08:40.692 20/01/2026]',-1.50383,3.705578,3.23192,0.7518955,4.610755E-10,4.610755E-10,1.914518,-5.040825
'[19:08:40.700 20/01/2026]',31.50295,13.46148,10.54513,14.10816,4.610755E-10,4.610755E-10,4.66707,14.25122
'[19:08:40.708 20/01/2026]',31.50295,13.46148,10.54513,14.10816,4.610755E-10,4.610755E-10,4.66707,14.25122
'[19:08:40.716 20/01/2026]',-22.24338,-14.07458,-10.60047,-13.68185,4.610755E-10,4.610755E-10,-6.679711,-9.365552
'[19:08:40.724 20/01/2026]',-22.24338,-14.07458,-10.60047,-13.68185,4.610755E-10,4.610755E-10,-6.679711,-9.365552
'[19:08:40.732 20/01/2026]',-22.24338,-14.07458,-10.60047,-13.68185,4.610755E-10,4.610755E-10,-6.679711,-9.365552
'[19:08:40.740 20/01/2026]',-22.24338,-14.07458,-10.60047,-13.68185,4.610755E-10,4.610755E-10,-6.679711,-9.365552
'[19:08:40.748 20/01/2026]',-22.24338,-14.07458,-10.60047,-13.68185,4.610755E-10,4.610755E-10,-6.679711,-9.365552
'[19:08:40.756 20/01/2026]',-1.329388,1.918019,2.268723,4.849767,4.610755E-10,4.610755E-10,5.520535,1.748418
'[19:08:40.764 20/01/2026]',3.248552,-0.7577709,-1.91866,-1.136421,4.610755E-10,4.610755E-10,-4.767846,1.552919
'[19:08:40.772 20/01/2026]',-2.354803,2.019958,1.605881,-4.331177,4.610755E-10,4.610755E-10,0.6768805,-3.236527
'[19:08:40.780 20/01/2026]',-2.354803,2.019958,1.605881,-4.331177,4.610755E-10,4.610755E-10,0.6768805,-3.236527
'[19:08:40.788 20/01/2026]',5.005859,-0.2400917,2.510563,7.700593,4.610755E-10,4.610755E-10,2.492888,-1.077515
'[19:08:40.796 20/01/2026]',5.005859,-0.2400917,2.510563,7.700593,4.610755E-10,4.610755E-10,2.492888,-1.077515
'[19:08:40.804 20/01/2026]',5.005859,-0.2400917,2.510563,7.700593,4.610755E-10,4.610755E-10,2.492888,-1.077515
'[19:08:40.812 20/01/2026]',-2.088118,-5.506424,-7.078419,-2.428417,4.610755E-10,4.610755E-10,-5.698987,5.759326
'[19:08:40.820 20/01/2026]',-2.088118,-5.506424,-7.078419,-2.428417,4.610755E-10,4.610755E-10,-5.698987,5.759326
'[19:08:40.828 20/01/2026]',0.688957,11.11451,7.212957,-2.57516,4.610755E-10,4.610755E-10,8.669073,-1.307767
'[19:08:40.836 20/01/2026]',0.688957,11.11451,7.212957,-2.57516,4.610755E-10,4.610755E-10,8.669073,-1.307767
'[19:08:40.844 20/01/2026]',0.688957,11.11451,7.212957,-2.57516,4.610755E-10,4.610755E-10,8.669073,-1.307767
'[19:08:40.852 20/01/2026]',0.688957,11.11451,7.212957,-2.57516,4.610755E-10,4.610755E-10,8.669073,-1.307767
'[19:08:40.860 20/01/2026]',6.072717,-2.862023,3.509651,7.104112,4.610755E-10,4.610755E-10,0.9446278,-0.4770688
'[19:08:40.868 20/01/2026]',-10.24336,-3.494485,-8.894585,-5.892537,4.610755E-10,4.610755E-10,-11.27768,-2.524596
'[19:08:40.876 20/01/2026]',3.029838,-1.139295,1.204784,-1.607751,4.610755E-10,4.610755E-10,6.754182,2.298235
'[19:08:40.884 20/01/2026]',3.029838,-1.139295,1.204784,-1.607751,4.610755E-10,4.610755E-10,6.754182,2.298235
'[19:08:40.892 20/01/2026]',3.029838,-1.139295,1.204784,-1.607751,4.610755E-10,4.610755E-10,6.754182,2.298235
'[19:08:40.900 20/01/2026]',3.029838,-1.139295,1.204784,-1.607751,4.610755E-10,4.610755E-10,6.754182,2.298235
'[19:08:40.908 20/01/2026]',2.150183,4.474761,3.992683,3.306659,4.610755E-10,4.610755E-10,4.562578,0.8990095
'[19:08:40.916 20/01/2026]',2.150183,4.474761,3.992683,3.306659,4.610755E-10,4.610755E-10,4.562578,0.8990095
'[19:08:40.924 20/01/2026]',-3.080037,-7.293345,-5.84926,0.07965686,4.610755E-10,4.610755E-10,-10.59065,-1.624068
'[19:08:40.932 20/01/2026]',5.852807,4.587119,5.100032,-0.06792925,4.610755E-10,4.610755E-10,7.423518,1.751623
'[19:08:40.940 20/01/2026]',-12.37695,-2.541011,-4.952929,-9.140326,4.610755E-10,4.610755E-10,-5.999182,-10.04132
'[19:08:40.948 20/01/2026]',11.33016,4.432559,4.747417,12.90353,4.610755E-10,4.610755E-10,5.228872,11.45317
'[19:08:40.956 20/01/2026]',-1.213456,-0.9339936,-0.7289054,-2.39211,4.610755E-10,4.610755E-10,0.5780383,0.4443428
'[19:08:40.964 20/01/2026]',-1.06885,-1.043962,-0.3380457,-4.01094,4.610755E-10,4.610755E-10,-3.230936,-3.898027
'[19:08:40.972 20/01/2026]',-7.217478,-2.498097,-4.449471,-2.911019,4.610755E-10,4.610755E-10,-1.457508,-4.417439
'[19:08:40.980 20/01/2026]',6.073329,3.011562,4.598372,5.246724,4.610755E-10,4.610755E-10,5.301862,6.662621
'[19:08:40.988 20/01/2026]',-5.866298,-2.929565,-2.235237,-4.935923,4.610755E-10,4.610755E-10,-5.863193,-6.632459
'[19:08:40.996 20/01/2026]',9.606304,4.858548,4.279025,7.758545,4.610755E-10,4.610755E-10,3.919301,6.424931
'[19:08:41.004 20/01/2026]',-6.777569,-4.701564,-3.426456,-5.723176,4.610755E-10,4.610755E-10,-0.4165809,-1.731931
'[19:08:41.012 20/01/2026]',-6.422089,1.769327,-1.652153,-6.558905,4.610755E-10,4.610755E-10,-3.05657,-7.997341
'[19:08:41.020 20/01/2026]',1.432397,-2.570641,-0.4766927,2.855719,4.610755E-10,4.610755E-10,-2.001903,4.397404
'[19:08:41.028 20/01/2026]',11.90248,0.9785286,1.928881,11.23209,4.610755E-10,4.610755E-10,5.988104,9.029576
'[19:08:41.036 20/01/2026]',-4.437963,0.1437799,0.5706978,-10.83274,4.610755E-10,4.610755E-10,-1.144355,-13.18573
'[19:08:41.044 20/01/2026]',-11.02073,0.1864976,-1.549662,-3.950624,4.610755E-10,4.610755E-10,-6.985441,3.671149
'[19:08:41.052 20/01/2026]',8.916974,-1.942916,-0.6991762,10.1198,4.610755E-10,4.610755E-10,6.19797,2.9679
'[19:08:41.060 20/01/2026]',5.693384,6.654341,6.859983,7.297076,4.610755E-10,4.610755E-10,4.765012,2.723186
'[19:08:41.068 20/01/2026]',-13.9906,-8.344672,-10.41235,-24.0473,4.610755E-10,4.610755E-10,-12.79789,-15.45418
'[19:08:41.076 20/01/2026]',1.983322,0.546904,4.000568,6.620726,4.610755E-10,4.610755E-10,7.047037,11.02941
'[19:08:41.084 20/01/2026]',13.35726,7.025607,4.250494,22.70535,4.610755E-10,4.610755E-10,3.975543,14.37795
'[19:08:41.092 20/01/2026]',-9.02785,-6.118466,-4.849296,-20.00267,4.610755E-10,4.610755E-10,-8.242145,-21.49652
'[19:08:41.100 20/01/2026]',0.4881378,3.486428,2.457093,-2.156193,4.610755E-10,4.610755E-10,6.654337,2.789598
'[19:08:41.108 20/01/2026]',-1.489322,-0.4720222,-1.511278,11.67315,4.610755E-10,4.610755E-10,-1.84536,10.0904
'[19:08:41.116 20/01/2026]',-3.336735,-6.436876,-4.44227,-13.02547,4.610755E-10,4.610755E-10,-7.122363,-13.39483
'[19:08:41.124 20/01/2026]',16.53327,10.30466,10.48279,14.52991,4.610755E-10,4.610755E-10,9.52684,14.15998
'[19:08:41.132 20/01/2026]',-11.33211,-5.42112,-6.032654,-7.018987,4.610755E-10,4.610755E-10,-2.104642,-6.205915
'[19:08:41.140 20/01/2026]',-4.303934,-3.038675,-2.343919,-1.413711,4.610755E-10,4.610755E-10,-1.118515,0.9797985
'[19:08:41.148 20/01/2026]',9.414096,4.526536,3.168902,6.05186,4.610755E-10,4.610755E-10,-2.156007,5.193042
'[19:08:41.156 20/01/2026]',9.30313,7.313736,8.188107,4.075415,4.610755E-10,4.610755E-10,10.1851,1.167232
'[19:08:41.164 20/01/2026]',-17.22735,-14.80622,-14.59586,-10.16794,4.610755E-10,4.610755E-10,-11.85163,-12.79714
'[19:08:41.172 20/01/2026]',-1.422372,2.955966,3.998464,-1.10343,4.610755E-10,4.610755E-10,-0.625079,6.094806
'[19:08:41.180 20/01/2026]',16.65635,18.19607,12.57551,13.56484,4.610755E-10,4.610755E-10,18.56476,11.68018
'[19:08:41.188 20/01/2026]',-7.797802,-13.88679,-9.998601,-8.136694,4.610755E-10,4.610755E-10,-16.28742,-11.71908
'[19:08:41.196 20/01/2026]',-4.358992,-2.796156,0.3465543,-2.87851,4.610755E-10,4.610755E-10,1.465818,-1.162674
'[19:08:41.204 20/01/2026]',4.7366,3.296769,-0.3389713,4.0952,4.610755E-10,4.610755E-10,4.270982,11.11581
'[19:08:41.212 20/01/2026]',-5.206813,0.02944678,0.5328147,-6.801309,4.610755E-10,4.610755E-10,-3.949723,-13.33315
'[19:08:41.220 20/01/2026]',-0.5036469,-0.5575466,-0.5911113,4.591196,4.610755E-10,4.610755E-10,1.802896,-0.7167643
'[19:08:41.228 20/01/2026]',4.023109,-4.2796,3.145252,3.731043,4.610755E-10,4.610755E-10,-0.4582346,11.63836
'[19:08:41.236 20/01/2026]',-7.81229,-9.286019,-7.751605,-15.67767,4.610755E-10,4.610755E-10,-2.521481,-13.74981
'[19:08:41.244 20/01/2026]',-7.81229,-9.286019,-7.751605,-15.67767,4.610755E-10,4.610755E-10,-2.521481,-13.74981
'[19:08:41.252 20/01/2026]',-7.81229,-9.286019,-7.751605,-15.67767,4.610755E-10,4.610755E-10,-2.521481,-13.74981
'[19:08:41.260 20/01/2026]',-7.81229,-9.286019,-7.751605,-15.67767,4.610755E-10,4.610755E-10,-2.521481,-13.74981
'[19:08:41.268 20/01/2026]',-7.81229,-9.286019,-7.751605,-15.67767,4.610755E-10,4.610755E-10,-2.521481,-13.74981
'[19:08:41.276 20/01/2026]',18.48631,30.63036,11.699,19.70827,4.610755E-10,4.610755E-10,7.471563,11.20561
'[19:08:41.284 20/01/2026]',-10.59184,-19.01517,-5.682121,-6.779602,4.610755E-10,4.610755E-10,-8.001618,-2.952825
'[19:08:41.292 20/01/2026]',-9.972734,-10.01275,-7.20708,-7.011669,4.610755E-10,4.610755E-10,-0.2053664,-4.449046
'[19:08:41.300 20/01/2026]',-13.06501,-8.385436,-3.268966,-2.649115,4.610755E-10,4.610755E-10,7.123708,4.615681
'[19:08:41.308 20/01/2026]',-13.06501,-8.385436,-3.268966,-2.649115,4.610755E-10,4.610755E-10,7.123708,4.615681
'[19:08:41.316 20/01/2026]',26.57166,27.81615,14.90127,12.33255,4.610755E-10,4.610755E-10,-6.195706,-3.326166
'[19:08:41.324 20/01/2026]',38.26766,31.78255,13.4953,7.78081,4.610755E-10,4.610755E-10,2.633682,2.258555
'[19:08:41.332 20/01/2026]',38.26766,31.78255,13.4953,7.78081,4.610755E-10,4.610755E-10,2.633682,2.258555
'[19:08:41.340 20/01/2026]',-55.65195,-58.0826,-26.08516,-19.10228,4.610755E-10,4.610755E-10,-0.6498444,1.427533
'[19:08:41.348 20/01/2026]',-55.65195,-58.0826,-26.08516,-19.10228,4.610755E-10,4.610755E-10,-0.6498444,1.427533
'[19:08:41.356 20/01/2026]',-55.65195,-58.0826,-26.08516,-19.10228,4.610755E-10,4.610755E-10,-0.6498444,1.427533
'[19:08:41.364 20/01/2026]',-55.65195,-58.0826,-26.08516,-19.10228,4.610755E-10,4.610755E-10,-0.6498444,1.427533
'[19:08:41.372 20/01/2026]',-3.208453,6.870886,2.888986,2.795478,4.610755E-10,4.610755E-10,-0.8089482,-6.879872
'[19:08:41.380 20/01/2026]',30.04979,25.76835,14.00511,13.26502,4.610755E-10,4.610755E-10,6.491191,8.801499
'[19:08:41.388 20/01/2026]',30.04979,25.76835,14.00511,13.26502,4.610755E-10,4.610755E-10,6.491191,8.801499
'[19:08:41.396 20/01/2026]',30.04979,25.76835,14.00511,13.26502,4.610755E-10,4.610755E-10,6.491191,8.801499
'[19:08:41.404 20/01/2026]',-8.704268,-13.99599,-9.609577,-8.76533,4.610755E-10,4.610755E-10,-6.055669,2.110775
'[19:08:41.412 20/01/2026]',-8.704268,-13.99599,-9.609577,-8.76533,4.610755E-10,4.610755E-10,-6.055669,2.110775
'[19:08:41.420 20/01/2026]',-8.704268,-13.99599,-9.609577,-8.76533,4.610755E-10,4.610755E-10,-6.055669,2.110775
'[19:08:41.428 20/01/2026]',-20.4137,-10.91096,-9.088701,-13.0875,4.610755E-10,4.610755E-10,-7.345933,-18.63239
'[19:08:41.436 20/01/2026]',-20.4137,-10.91096,-9.088701,-13.0875,4.610755E-10,4.610755E-10,-7.345933,-18.63239
'[19:08:41.444 20/01/2026]',-20.4137,-10.91096,-9.088701,-13.0875,4.610755E-10,4.610755E-10,-7.345933,-18.63239
'[19:08:41.452 20/01/2026]',-20.4137,-10.91096,-9.088701,-13.0875,4.610755E-10,4.610755E-10,-7.345933,-18.63239
'[19:08:41.460 20/01/2026]',-20.4137,-10.91096,-9.088701,-13.0875,4.610755E-10,4.610755E-10,-7.345933,-18.63239
'[19:08:41.468 20/01/2026]',14.92234,14.12166,11.67365,13.99148,4.610755E-10,4.610755E-10,9.165382,13.47945
'[19:08:41.476 20/01/2026]',19.99641,10.4114,10.60355,15.16348,4.610755E-10,4.610755E-10,10.38389,11.67784
'[19:08:41.484 20/01/2026]',-21.23605,-19.31618,-15.76991,-19.68695,4.610755E-10,4.610755E-10,-13.73172,-11.89295
'[19:08:41.492 20/01/2026]',-6.595524,3.811966,-0.7658945,-6.308797,4.610755E-10,4.610755E-10,-1.455628,-7.648993
'[19:08:41.500 20/01/2026]',20.83611,11.8752,11.26002,22.98672,4.610755E-10,4.610755E-10,11.33953,12.28588
'[19:08:41.508 20/01/2026]',20.83611,11.8752,11.26002,22.98672,4.610755E-10,4.610755E-10,11.33953,12.28588
'[19:08:41.516 20/01/2026]',-4.702841,-12.82502,-7.311027,-9.926779,4.610755E-10,4.610755E-10,-10.21249,2.918679
'[19:08:41.524 20/01/2026]',-12.3712,6.660149,0.2891926,-7.882287,4.610755E-10,4.610755E-10,4.182932,-17.63436
'[19:08:41.532 20/01/2026]',7.138077,-1.033132,1.960265,9.343432,4.610755E-10,4.610755E-10,1.548983,14.27856
'[19:08:41.540 20/01/2026]',3.14038,-1.680516,-0.5988526,-2.963797,4.610755E-10,4.610755E-10,-4.846547,-1.797718
'[19:08:41.548 20/01/2026]',-6.166986,2.184875,0.8624536,-3.833774,4.610755E-10,4.610755E-10,5.915677,-6.179896
'[19:08:41.556 20/01/2026]',1.068122,-4.252834,-3.99911,4.756172,4.610755E-10,4.610755E-10,-5.253089,4.6282
'[19:08:41.564 20/01/2026]',8.355409,6.912766,6.658851,5.613962,4.610755E-10,4.610755E-10,2.668058,5.456584
'[19:08:41.572 20/01/2026]',-6.071247,-5.80147,-4.094812,-12.67439,4.610755E-10,4.610755E-10,-0.2087592,-12.74852
'[19:08:41.580 20/01/2026]',-21.03712,-15.34286,-9.392068,-0.3290066,4.610755E-10,4.610755E-10,-3.032862,2.496413
'[19:08:41.588 20/01/2026]',30.66926,32.92432,15.71209,10.72503,4.610755E-10,4.610755E-10,2.963327,7.179044
'[19:08:41.596 20/01/2026]',11.30125,-2.160397,3.805135,8.090319,4.610755E-10,4.610755E-10,7.597012,6.487576
'[19:08:41.604 20/01/2026]',-27.16122,-25.70734,-16.29623,-17.14925,4.610755E-10,4.610755E-10,-12.07135,-13.80216
'[19:08:41.612 20/01/2026]',0.3666683,12.94793,4.6218,3.211683,4.610755E-10,4.610755E-10,3.562512,4.412373
'[19:08:41.620 20/01/2026]',14.64081,1.371019,2.173384,3.233272,4.610755E-10,4.610755E-10,-1.306091,0.5327654
'[19:08:41.628 20/01/2026]',-4.242862,0.450388,2.660577,-0.7009801,4.610755E-10,4.610755E-10,5.808203,1.172322
'[19:08:41.636 20/01/2026]',-10.62817,-11.39172,-4.337035,1.167573,4.610755E-10,4.610755E-10,-1.527976,1.254424
'[19:08:41.644 20/01/2026]',6.105359,7.451844,0.04554065,-2.556787,4.610755E-10,4.610755E-10,-6.462949,-6.870442
'[19:08:41.652 20/01/2026]',11.50323,10.309,4.722171,1.602291,4.610755E-10,4.610755E-10,6.551897,7.449028
'[19:08:41.660 20/01/2026]',-13.7515,-15.17449,-4.115597,0.3338569,4.610755E-10,4.610755E-10,-0.7805554,1.542968
'[19:08:41.668 20/01/2026]',-25.71736,-17.23859,-11.3367,-13.03187,4.610755E-10,4.610755E-10,-4.42294,-10.50645
'[19:08:41.676 20/01/2026]',26.22465,12.6779,9.22692,16.64409,4.610755E-10,4.610755E-10,5.198083,14.4794
'[19:08:41.684 20/01/2026]',58.30062,62.22494,27.98787,13.06496,4.610755E-10,4.610755E-10,-1.672526,-4.865404
'[19:08:41.692 20/01/2026]',-55.20289,-48.77372,-24.86707,-19.53222,4.610755E-10,4.610755E-10,2.902396,-6.222577
'[19:08:41.700 20/01/2026]',-19.89125,-26.22443,-10.59615,0.3663435,4.610755E-10,4.610755E-10,-2.224646,8.657203
'[19:08:41.708 20/01/2026]',18.86567,24.99488,6.299043,-6.420374,4.610755E-10,4.610755E-10,-11.83743,-13.34954
'[19:08:41.716 20/01/2026]',8.447121,6.643009,7.279503,8.618322,4.610755E-10,4.610755E-10,12.10595,5.271487
'[19:08:41.724 20/01/2026]',0.3105419,-4.705374,2.120387,8.735445,4.610755E-10,4.610755E-10,6.327508,12.78271
'[19:08:41.732 20/01/2026]',-17.97878,-9.677156,-13.29572,-18.36337,4.610755E-10,4.610755E-10,-12.739,-14.96658
'[19:08:41.740 20/01/2026]',5.717866,10.59643,6.434949,4.699272,4.610755E-10,4.610755E-10,7.436742,2.970528
'[19:08:41.748 20/01/2026]',10.79384,-2.007709,1.725939,7.504702,4.610755E-10,4.610755E-10,-6.747313,-1.370589
'[19:08:41.756 20/01/2026]',-3.157391,-1.607728,1.361881,-0.5585015,4.610755E-10,4.610755E-10,8.138925,8.764879
'[19:08:41.764 20/01/2026]',-4.774467,-2.510967,-3.920361,-5.123824,4.610755E-10,4.610755E-10,-3.373504,-4.486617
'[19:08:41.772 20/01/2026]',-2.602438,0.8329308,-0.9398479,-2.650594,4.610755E-10,4.610755E-10,-3.451639,-9.168156
'[19:08:41.780 20/01/2026]',0.7727214,1.926055,4.221291,3.113618,4.610755E-10,4.610755E-10,2.56605,6.114522
'[19:08:41.788 20/01/2026]',5.590194,-2.925672,-2.964903,2.996537,4.610755E-10,4.610755E-10,0.6182096,3.700144
'[19:08:41.796 20/01/2026]',3.17705,6.010245,3.562098,2.437973,4.610755E-10,4.610755E-10,2.350174,0.9555642
'[19:08:41.804 20/01/2026]',3.17705,6.010245,3.562098,2.437973,4.610755E-10,4.610755E-10,2.350174,0.9555642
'[19:08:41.812 20/01/2026]',3.17705,6.010245,3.562098,2.437973,4.610755E-10,4.610755E-10,2.350174,0.9555642
'[19:08:41.820 20/01/2026]',3.17705,6.010245,3.562098,2.437973,4.610755E-10,4.610755E-10,2.350174,0.9555642
'[19:08:41.828 20/01/2026]',-8.331992,-5.246356,-3.453065,-10.90028,4.610755E-10,4.610755E-10,-2.75678,-6.194422
'[19:08:41.836 20/01/2026]',-0.1840712,0.5310424,-0.08209231,6.329561,4.610755E-10,4.610755E-10,-1.197138,-1.574213
'[19:08:41.844 20/01/2026]',12.44466,5.641431,7.144075,8.939477,4.610755E-10,4.610755E-10,3.802338,16.74664
'[19:08:41.852 20/01/2026]',12.44466,5.641431,7.144075,8.939477,4.610755E-10,4.610755E-10,3.802338,16.74664
'[19:08:41.860 20/01/2026]',12.44466,5.641431,7.144075,8.939477,4.610755E-10,4.610755E-10,3.802338,16.74664
'[19:08:41.868 20/01/2026]',-9.073198,-1.12517,-5.765586,-11.36502,4.610755E-10,4.610755E-10,0.8165965,-15.68328
'[19:08:41.876 20/01/2026]',2.648462,-3.795527,-1.184563,6.832083,4.610755E-10,4.610755E-10,-4.076371,5.820768
'[19:08:41.884 20/01/2026]',2.648462,-3.795527,-1.184563,6.832083,4.610755E-10,4.610755E-10,-4.076371,5.820768
'[19:08:41.892 20/01/2026]',-7.137438,0.7333446,1.072286,-6.271269,4.610755E-10,4.610755E-10,0.6326638,-0.9077908
'[19:08:41.900 20/01/2026]',-7.137438,0.7333446,1.072286,-6.271269,4.610755E-10,4.610755E-10,0.6326638,-0.9077908
'[19:08:41.908 20/01/2026]',2.496879,-0.6576606,-1.636667,0.2527761,4.610755E-10,4.610755E-10,-1.042359,-8.906908
'[19:08:41.916 20/01/2026]',2.496879,-0.6576606,-1.636667,0.2527761,4.610755E-10,4.610755E-10,-1.042359,-8.906908
'[19:08:41.924 20/01/2026]',1.718624,-0.8874926,1.66965,-0.08609456,4.610755E-10,4.610755E-10,3.0791,11.63124
'[19:08:41.932 20/01/2026]',1.718624,-0.8874926,1.66965,-0.08609456,4.610755E-10,4.610755E-10,3.0791,11.63124
'[19:08:41.940 20/01/2026]',0.3731519,2.636981,0.4447993,4.486201,4.610755E-10,4.610755E-10,-3.114565,-1.572799
'[19:08:41.948 20/01/2026]',0.3731519,2.636981,0.4447993,4.486201,4.610755E-10,4.610755E-10,-3.114565,-1.572799
'[19:08:41.956 20/01/2026]',0.3731519,2.636981,0.4447993,4.486201,4.610755E-10,4.610755E-10,-3.114565,-1.572799
'[19:08:41.964 20/01/2026]',-6.664015,-5.970884,-4.724316,-8.856517,4.610755E-10,4.610755E-10,-2.832209,-12.33757
'[19:08:41.972 20/01/2026]',-6.664015,-5.970884,-4.724316,-8.856517,4.610755E-10,4.610755E-10,-2.832209,-12.33757
'[19:08:41.980 20/01/2026]',-6.664015,-5.970884,-4.724316,-8.856517,4.610755E-10,4.610755E-10,-2.832209,-12.33757
'[19:08:41.988 20/01/2026]',-6.664015,-5.970884,-4.724316,-8.856517,4.610755E-10,4.610755E-10,-2.832209,-12.33757
'[19:08:41.996 20/01/2026]',-6.664015,-5.970884,-4.724316,-8.856517,4.610755E-10,4.610755E-10,-2.832209,-12.33757
'[19:08:42.004 20/01/2026]',-6.664015,-5.970884,-4.724316,-8.856517,4.610755E-10,4.610755E-10,-2.832209,-12.33757
'[19:08:42.012 20/01/2026]',-6.664015,-5.970884,-4.724316,-8.856517,4.610755E-10,4.610755E-10,-2.832209,-12.33757
'[19:08:42.020 20/01/2026]',9.961039,6.804713,6.450191,8.640368,4.610755E-10,4.610755E-10,8.430966,15.32542
'[19:08:42.028 20/01/2026]',-4.337612,0.5888337,-0.3576629,-0.4295084,4.610755E-10,4.610755E-10,-3.753669,-3.238673
'[19:08:42.036 20/01/2026]',-1.138826,-2.405261,-1.360779,-1.662327,4.610755E-10,4.610755E-10,-0.1432889,-5.057709
'[19:08:42.044 20/01/2026]',-5.646729,-4.844676,-3.915582,-8.832973,4.610755E-10,4.610755E-10,-3.174344,-2.790365
'[19:08:42.052 20/01/2026]',3.351135,4.072001,0.4235213,6.002686,4.610755E-10,4.610755E-10,0.3424741,3.239698
'[19:08:42.060 20/01/2026]',3.351135,4.072001,0.4235213,6.002686,4.610755E-10,4.610755E-10,0.3424741,3.239698
'[19:08:42.068 20/01/2026]',14.39769,4.646584,6.057313,10.35458,4.610755E-10,4.610755E-10,8.305486,12.2195
'[19:08:42.076 20/01/2026]',14.39769,4.646584,6.057313,10.35458,4.610755E-10,4.610755E-10,8.305486,12.2195
'[19:08:42.084 20/01/2026]',-20.99341,-11.48529,-8.772162,-14.94306,4.610755E-10,4.610755E-10,-11.09192,-20.70047
'[19:08:42.092 20/01/2026]',-20.99341,-11.48529,-8.772162,-14.94306,4.610755E-10,4.610755E-10,-11.09192,-20.70047
'[19:08:42.100 20/01/2026]',-20.99341,-11.48529,-8.772162,-14.94306,4.610755E-10,4.610755E-10,-11.09192,-20.70047
'[19:08:42.108 20/01/2026]',7.947815,9.800364,6.45198,3.526117,4.610755E-10,4.610755E-10,3.402731,8.30854
'[19:08:42.116 20/01/2026]',2.554898,-5.922162,-3.635102,3.568554,4.610755E-10,4.610755E-10,1.465262,5.667186
'[19:08:42.124 20/01/2026]',2.554898,-5.922162,-3.635102,3.568554,4.610755E-10,4.610755E-10,1.465262,5.667186
'[19:08:42.132 20/01/2026]',-2.287711,1.173886,0.9239672,-4.27998,4.610755E-10,4.610755E-10,-1.878909,-6.107748
'[19:08:42.140 20/01/2026]',-2.287711,1.173886,0.9239672,-4.27998,4.610755E-10,4.610755E-10,-1.878909,-6.107748
'[19:08:42.148 20/01/2026]',-2.287711,1.173886,0.9239672,-4.27998,4.610755E-10,4.610755E-10,-1.878909,-6.107748
'[19:08:42.156 20/01/2026]',-2.287711,1.173886,0.9239672,-4.27998,4.610755E-10,4.610755E-10,-1.878909,-6.107748
'[19:08:42.164 20/01/2026]',3.968349,4.592543,4.13706,5.991363,4.610755E-10,4.610755E-10,2.86217,-0.511881
'[19:08:42.172 20/01/2026]',1.04578,-2.204128,-0.8019812,2.607777,4.610755E-10,4.610755E-10,4.358878,7.449146
'[19:08:42.180 20/01/2026]',-12.01584,-3.693935,-6.844931,-12.04763,4.610755E-10,4.610755E-10,-10.81927,-5.449155
'[19:08:42.188 20/01/2026]',14.35279,3.828613,6.893373,10.41077,4.610755E-10,4.610755E-10,4.287993,1.301683
'[19:08:42.196 20/01/2026]',-3.47488,-0.6451949,-0.5242402,-0.6053339,4.610755E-10,4.610755E-10,5.30235,5.820554
'[19:08:42.204 20/01/2026]',-4.683688,0.9276795,0.5617042,-4.133834,4.610755E-10,4.610755E-10,-1.683071,-6.266497
'[19:08:42.212 20/01/2026]',-0.04365677,-3.424961,-2.878419,2.632419,4.610755E-10,4.610755E-10,-6.926299,-2.26655
'[19:08:42.220 20/01/2026]',-2.843919,-0.601487,-2.8645,-8.585677,4.610755E-10,4.610755E-10,3.850793,2.037901
'[19:08:42.228 20/01/2026]',7.613416,5.989782,8.286575,12.06832,4.610755E-10,4.610755E-10,5.350266,1.883087
'[19:08:42.236 20/01/2026]',0.007396728,-5.155567,-6.193132,-1.146937,4.610755E-10,4.610755E-10,-8.909536,0.616763
'[19:08:42.244 20/01/2026]',-2.132179,-0.4417398,1.213937,-2.943928,4.610755E-10,4.610755E-10,6.553972,4.986506
'[19:08:42.252 20/01/2026]',-6.125523,1.343635,0.05011512,-8.9134,4.610755E-10,4.610755E-10,-4.456976,-16.63889
'[19:08:42.260 20/01/2026]',8.598508,-0.7292012,-0.4792716,13.17671,4.610755E-10,4.610755E-10,0.9760335,13.06737
'[19:08:42.268 20/01/2026]',-0.09476065,-0.373555,1.078435,-2.762882,4.610755E-10,4.610755E-10,4.325878,3.586939
'[19:08:42.276 20/01/2026]',-4.589582,-1.182385,-2.627689,-3.639453,4.610755E-10,4.610755E-10,-7.067756,-9.329761
'[19:08:42.284 20/01/2026]',-20.36297,-18.13745,-9.35333,-6.371125,4.610755E-10,4.610755E-10,-1.594631,-3.14997
'[19:08:42.292 20/01/2026]',7.67925,6.602138,4.481445,-0.2906465,4.610755E-10,4.610755E-10,4.800991,5.989451
'[19:08:42.300 20/01/2026]',68.6995,59.6269,34.04812,31.27658,4.610755E-10,4.610755E-10,8.486828,13.34804
'[19:08:42.308 20/01/2026]',-57.21583,-53.01201,-32.06406,-26.26938,4.610755E-10,4.610755E-10,-13.71418,-22.54538
'[19:08:42.316 20/01/2026]',-22.65489,-13.58272,-5.922002,-9.848247,4.610755E-10,4.610755E-10,3.774146,3.740177
'[19:08:42.324 20/01/2026]',34.54524,29.31267,16.30943,16.49741,4.610755E-10,4.610755E-10,2.791797,11.09983
'[19:08:42.332 20/01/2026]',-11.59125,-11.18066,-8.489423,-8.897392,4.610755E-10,4.610755E-10,-5.929439,-6.14543
'[19:08:42.340 20/01/2026]',-1.661907,-1.619139,1.745147,-0.309151,4.610755E-10,4.610755E-10,3.696013,-9.854461
'[19:08:42.348 20/01/2026]',12.88116,8.188298,8.834464,15.51886,4.610755E-10,4.610755E-10,6.511465,22.76539
'[19:08:42.356 20/01/2026]',-21.63091,-14.71457,-10.04791,-19.20806,4.610755E-10,4.610755E-10,-9.867558,-16.97765
'[19:08:42.364 20/01/2026]',15.12292,14.034,-0.4509943,8.455386,4.610755E-10,4.610755E-10,1.811987,-3.107327
'[19:08:42.372 20/01/2026]',-8.299834,-4.138118,0.7362942,-4.338134,4.610755E-10,4.610755E-10,-4.895975,3.008118
'[19:08:42.380 20/01/2026]',2.934447,-0.5788824,4.845301,1.891675,4.610755E-10,4.610755E-10,13.40108,11.77973
'[19:08:42.388 20/01/2026]',-0.518939,-4.378613,-6.513636,-2.819551,4.610755E-10,4.610755E-10,-9.983449,-12.40454
'[19:08:42.396 20/01/2026]',-0.7915442,3.220541,1.511881,4.00337,4.610755E-10,4.610755E-10,-3.555311,-2.914469
'[19:08:42.404 20/01/2026]',1.342831,2.902359,1.384435,-0.5414564,4.610755E-10,4.610755E-10,12.83311,11.62956
'[19:08:42.412 20/01/2026]',1.499397,-1.372599,0.46722,3.29861,4.610755E-10,4.610755E-10,-2.267054,-0.2557321
'[19:08:42.420 20/01/2026]',6.740758,-0.8735001,6.180667,3.854177,4.610755E-10,4.610755E-10,-8.221885,-5.447413
'[19:08:42.428 20/01/2026]',-15.43015,-5.840525,-15.21489,-17.13312,4.610755E-10,4.610755E-10,0.2298219,-5.265553
'[19:08:42.436 20/01/2026]',5.505779,7.014218,8.305284,8.013117,4.610755E-10,4.610755E-10,5.574437,4.071233
'[19:08:42.444 20/01/2026]',7.202135,-2.003169,2.53357,8.935047,4.610755E-10,4.610755E-10,-0.5458397,9.778463
'[19:08:42.452 20/01/2026]',-6.387896,0.2683396,-2.496053,-5.980018,4.610755E-10,4.610755E-10,1.860424,-5.45658
'[19:08:42.460 20/01/2026]',-8.272211,-5.754406,-7.549148,-11.59933,4.610755E-10,4.610755E-10,-14.07292,-17.58087
'[19:08:42.468 20/01/2026]',18.66939,13.48698,10.03789,17.18749,4.610755E-10,4.610755E-10,12.33301,17.08969
'[19:08:42.476 20/01/2026]',-3.890702,-6.777981,1.382306,-3.735838,4.610755E-10,4.610755E-10,2.39214,6.218479
'[19:08:42.484 20/01/2026]',-19.45503,-10.02902,-12.35228,-14.48131,4.610755E-10,4.610755E-10,-14.80531,-21.25179
'[19:08:42.492 20/01/2026]',9.238238,3.544011,3.516937,13.70961,4.610755E-10,4.610755E-10,13.911,8.458841
'[19:08:42.500 20/01/2026]',9.238238,3.544011,3.516937,13.70961,4.610755E-10,4.610755E-10,13.911,8.458841
'[19:08:42.508 20/01/2026]',-13.53786,-17.69327,-5.310314,-2.355395,4.610755E-10,4.610755E-10,-2.802269,18.32522
'[19:08:42.516 20/01/2026]',50.7414,60.80971,28.78829,6.636082,4.610755E-10,4.610755E-10,1.622203,-17.81092
'[19:08:42.524 20/01/2026]',50.7414,60.80971,28.78829,6.636082,4.610755E-10,4.610755E-10,1.622203,-17.81092
'[19:08:42.532 20/01/2026]',-17.55987,-23.20599,-19.64196,-8.805689,4.610755E-10,4.610755E-10,-7.292208,-5.004219
'[19:08:42.540 20/01/2026]',-37.77993,-40.25031,-11.57268,-0.6043,4.610755E-10,4.610755E-10,1.686439,10.3408
'[19:08:42.548 20/01/2026]',-37.77993,-40.25031,-11.57268,-0.6043,4.610755E-10,4.610755E-10,1.686439,10.3408
'[19:08:42.556 20/01/2026]',21.91753,27.40141,11.77722,0.879447,4.610755E-10,4.610755E-10,4.846663,-0.4592682
'[19:08:42.564 20/01/2026]',21.91753,27.40141,11.77722,0.879447,4.610755E-10,4.610755E-10,4.846663,-0.4592682
'[19:08:42.572 20/01/2026]',21.91753,27.40141,11.77722,0.879447,4.610755E-10,4.610755E-10,4.846663,-0.4592682
'[19:08:42.580 20/01/2026]',21.91753,27.40141,11.77722,0.879447,4.610755E-10,4.610755E-10,4.846663,-0.4592682
'[19:08:42.588 20/01/2026]',6.735585,7.375761,3.220474,3.825611,4.610755E-10,4.610755E-10,0.8806233,0.05050955
'[19:08:42.596 20/01/2026]',-4.6244,-12.533,-5.37555,-1.223552,4.610755E-10,4.610755E-10,-6.288264,-2.649958
'[19:08:42.604 20/01/2026]',-4.6244,-12.533,-5.37555,-1.223552,4.610755E-10,4.610755E-10,-6.288264,-2.649958
'[19:08:42.612 20/01/2026]',-5.796475,1.398319,-0.08414846,-4.399114,4.610755E-10,4.610755E-10,3.331588,-1.6075
'[19:08:42.620 20/01/2026]',-5.796475,1.398319,-0.08414846,-4.399114,4.610755E-10,4.610755E-10,3.331588,-1.6075
'[19:08:42.628 20/01/2026]',-5.796475,1.398319,-0.08414846,-4.399114,4.610755E-10,4.610755E-10,3.331588,-1.6075
'[19:08:42.636 20/01/2026]',2.469771,-1.133681,-3.439531,4.125206,4.610755E-10,4.610755E-10,-4.498753,0.8219795
'[19:08:42.644 20/01/2026]',2.469771,-1.133681,-3.439531,4.125206,4.610755E-10,4.610755E-10,-4.498753,0.8219795
'[19:08:42.652 20/01/2026]',2.469771,-1.133681,-3.439531,4.125206,4.610755E-10,4.610755E-10,-4.498753,0.8219795
'[19:08:42.660 20/01/2026]',2.469771,-1.133681,-3.439531,4.125206,4.610755E-10,4.610755E-10,-4.498753,0.8219795
'[19:08:42.668 20/01/2026]',2.469771,-1.133681,-3.439531,4.125206,4.610755E-10,4.610755E-10,-4.498753,0.8219795
'[19:08:42.676 20/01/2026]',5.428968,4.537201,6.140039,-1.235638,4.610755E-10,4.610755E-10,4.269182,1.62837
'[19:08:42.684 20/01/2026]',-3.66593,2.546491,0.5180532,1.328594,4.610755E-10,4.610755E-10,2.829341,1.449005
'[19:08:42.692 20/01/2026]',-6.251209,-11.5081,-9.034031,-6.895824,4.610755E-10,4.610755E-10,-8.576304,-8.969274
'[19:08:42.700 20/01/2026]',-6.251209,-11.5081,-9.034031,-6.895824,4.610755E-10,4.610755E-10,-8.576304,-8.969274
'[19:08:42.708 20/01/2026]',-6.251209,-11.5081,-9.034031,-6.895824,4.610755E-10,4.610755E-10,-8.576304,-8.969274
'[19:08:42.716 20/01/2026]',8.556829,10.87409,8.877359,8.485139,4.610755E-10,4.610755E-10,6.281103,8.275989
'[19:08:42.724 20/01/2026]',-6.026968,-6.123215,-5.199074,-4.176953,4.610755E-10,4.610755E-10,-2.804804,-2.006151
'[19:08:42.732 20/01/2026]',1.581939,-0.8382662,1.10036,-3.150669,4.610755E-10,4.610755E-10,-3.020612,-1.653724
'[19:08:42.740 20/01/2026]',-0.8497628,2.9608,0.2398451,2.186009,4.610755E-10,4.610755E-10,5.212771,-1.171524
'[19:08:42.748 20/01/2026]',-0.8497628,2.9608,0.2398451,2.186009,4.610755E-10,4.610755E-10,5.212771,-1.171524
'[19:08:42.756 20/01/2026]',1.322475,-0.4459006,0.9528071,-0.1604557,4.610755E-10,4.610755E-10,-1.095165,5.209002
'[19:08:42.764 20/01/2026]',3.326036,4.214941,4.220964,6.22589,4.610755E-10,4.610755E-10,2.729702,0.6101762
'[19:08:42.772 20/01/2026]',-14.85575,-18.08795,-14.55473,-10.51741,4.610755E-10,4.610755E-10,-8.640675,-11.19251
'[19:08:42.780 20/01/2026]',10.10291,14.23368,10.55342,2.556253,4.610755E-10,4.610755E-10,5.426632,15.089
'[19:08:42.788 20/01/2026]',13.41986,9.884967,5.703025,8.132071,4.610755E-10,4.610755E-10,1.652216,-11.93145
'[19:08:42.796 20/01/2026]',-16.28494,-17.02781,-11.86748,-4.905562,4.610755E-10,4.610755E-10,-5.180069,5.492164
'[19:08:42.804 20/01/2026]',-5.517189,2.391314,2.700492,-9.878494,4.610755E-10,4.610755E-10,1.713267,-1.033362
'[19:08:42.812 20/01/2026]',3.009211,4.65832,1.447139,3.28488,4.610755E-10,4.610755E-10,-0.720368,-12.894
'[19:08:42.820 20/01/2026]',4.638142,-3.393417,0.1921316,9.960546,4.610755E-10,4.610755E-10,1.202541,13.94118
'[19:08:42.828 20/01/2026]',8.615439,6.441674,4.128299,-1.044971,4.610755E-10,4.610755E-10,-0.2872669,8.292584
'[19:08:42.836 20/01/2026]',-14.23486,-6.276054,-6.903894,-11.32381,4.610755E-10,4.610755E-10,0.2264232,-19.02637
'[19:08:42.844 20/01/2026]',7.418129,0.1497956,1.014017,7.964118,4.610755E-10,4.610755E-10,0.03827402,9.464723
'[19:08:42.852 20/01/2026]',2.577315,3.704245,5.172079,9.515395,4.610755E-10,4.610755E-10,2.519696,7.638924
'[19:08:42.860 20/01/2026]',-4.766361,-4.172699,-5.824343,-10.83489,4.610755E-10,4.610755E-10,-4.944798,-11.61544
'[19:08:42.868 20/01/2026]',-1.720374,2.497881,2.07968,-7.242805,4.610755E-10,4.610755E-10,2.873122,3.557643
'[19:08:42.876 20/01/2026]',-5.353338,-3.357029,-3.368853,5.634186,4.610755E-10,4.610755E-10,-1.717062,-14.08217
'[19:08:42.884 20/01/2026]',10.79263,5.489442,5.212654,6.093197,4.610755E-10,4.610755E-10,1.927159,17.26254
'[19:08:42.892 20/01/2026]',-2.796421,-2.582711,-2.4011,-7.060214,4.610755E-10,4.610755E-10,-4.793015,-1.691378
'[19:08:42.900 20/01/2026]',1.919192,1.9836,2.481185,7.439411,4.610755E-10,4.610755E-10,7.412216,-7.549532
'[19:08:42.908 20/01/2026]',-4.510722,-6.298397,-3.117901,-7.348121,4.610755E-10,4.610755E-10,-3.505398,8.447364
'[19:08:42.916 20/01/2026]',2.972833,5.193303,1.418451,4.857132,4.610755E-10,4.610755E-10,-2.516195,-5.563002
'[19:08:42.924 20/01/2026]',6.065158,-0.5343867,-0.8992302,2.620259,4.610755E-10,4.610755E-10,4.017786,3.401222
'[19:08:42.932 20/01/2026]',-13.87091,-5.038414,-1.629356,-12.58009,4.610755E-10,4.610755E-10,-4.285983,0.287439
'[19:08:42.940 20/01/2026]',7.413048,6.561697,3.968768,12.43009,4.610755E-10,4.610755E-10,4.30536,-8.380116
'[19:08:42.948 20/01/2026]',-7.356237,-9.24733,-7.029681,-9.479893,4.610755E-10,4.610755E-10,-7.806203,4.199582
'[19:08:42.956 20/01/2026]',7.83733,4.41769,3.446903,5.074665,4.610755E-10,4.610755E-10,7.921484,7.383322
'[19:08:42.964 20/01/2026]',1.813881,9.72735,6.746667,1.189636,4.610755E-10,4.610755E-10,4.939387,-1.690168
'[19:08:42.972 20/01/2026]',-16.43398,-21.95163,-17.47608,-13.16347,4.610755E-10,4.610755E-10,-23.00425,-20.19648
'[19:08:42.980 20/01/2026]',21.35459,17.09228,14.4483,19.16173,4.610755E-10,4.610755E-10,20.34133,24.17214
'[19:08:42.988 20/01/2026]',-7.302595,0.4725756,1.157593,-5.711852,4.610755E-10,4.610755E-10,-0.3776936,-5.926722
'[19:08:42.996 20/01/2026]',-6.394046,-8.348454,-7.878376,-4.387359,4.610755E-10,4.610755E-10,-7.329957,-6.127189
'[19:08:43.004 20/01/2026]',6.289151,5.304926,3.998236,2.840066,4.610755E-10,4.610755E-10,3.189142,7.239832
'[19:08:43.012 20/01/2026]',3.17109,-1.210773,1.086938,2.117837,4.610755E-10,4.610755E-10,1.539181,-0.5297127
'[19:08:43.020 20/01/2026]',-2.36298,3.325365,2.467814,1.466351,4.610755E-10,4.610755E-10,0.02187396,-3.314571
'[19:08:43.028 20/01/2026]',-7.745869,-9.259992,-8.326633,-6.444184,4.610755E-10,4.610755E-10,-5.08778,-1.294027
'[19:08:43.036 20/01/2026]',11.11561,4.263085,4.635005,4.171146,4.610755E-10,4.610755E-10,4.148702,9.47832
'[19:08:43.044 20/01/2026]',-10.4687,-0.6995779,-2.957407,-4.881044,4.610755E-10,4.610755E-10,-3.989332,-13.7328
'[19:08:43.052 20/01/2026]',0.2566393,2.574496,2.314626,2.402741,4.610755E-10,4.610755E-10,2.004366,3.423046
'[19:08:43.060 20/01/2026]',7.96903,-2.046713,0.5847915,1.539461,4.610755E-10,4.610755E-10,1.391647,6.656658
'[19:08:43.068 20/01/2026]',7.96903,-2.046713,0.5847915,1.539461,4.610755E-10,4.610755E-10,1.391647,6.656658
'[19:08:43.076 20/01/2026]',7.96903,-2.046713,0.5847915,1.539461,4.610755E-10,4.610755E-10,1.391647,6.656658
'[19:08:43.084 20/01/2026]',7.96903,-2.046713,0.5847915,1.539461,4.610755E-10,4.610755E-10,1.391647,6.656658
'[19:08:43.092 20/01/2026]',-7.197883,-2.183338,-3.767099,-8.978384,4.610755E-10,4.610755E-10,-3.884959,-9.265794
'[19:08:43.100 20/01/2026]',-2.532123,-2.488266,-2.00571,10.38456,4.610755E-10,4.610755E-10,-1.808613,-2.219912
'[19:08:43.108 20/01/2026]',-2.532123,-2.488266,-2.00571,10.38456,4.610755E-10,4.610755E-10,-1.808613,-2.219912
'[19:08:43.116 20/01/2026]',9.008042,6.621072,7.686603,-1.616739,4.610755E-10,4.610755E-10,6.985871,14.52923
'[19:08:43.124 20/01/2026]',9.008042,6.621072,7.686603,-1.616739,4.610755E-10,4.610755E-10,6.985871,14.52923
'[19:08:43.132 20/01/2026]',9.008042,6.621072,7.686603,-1.616739,4.610755E-10,4.610755E-10,6.985871,14.52923
'[19:08:43.140 20/01/2026]',-13.86864,-0.1358804,-2.848626,-9.72842,4.610755E-10,4.610755E-10,-0.2111144,-14.66857
'[19:08:43.148 20/01/2026]',-1.384496,-12.33078,-12.23449,2.325264,4.610755E-10,4.610755E-10,-11.11187,-0.7641
'[19:08:43.156 20/01/2026]',-1.384496,-12.33078,-12.23449,2.325264,4.610755E-10,4.610755E-10,-11.11187,-0.7641
'[19:08:43.164 20/01/2026]',-1.384496,-12.33078,-12.23449,2.325264,4.610755E-10,4.610755E-10,-11.11187,-0.7641
'[19:08:43.172 20/01/2026]',-1.384496,-12.33078,-12.23449,2.325264,4.610755E-10,4.610755E-10,-11.11187,-0.7641
'[19:08:43.180 20/01/2026]',7.325172,2.687488,8.177705,3.766973,4.610755E-10,4.610755E-10,3.003915,4.489114
'[19:08:43.188 20/01/2026]',7.325172,2.687488,8.177705,3.766973,4.610755E-10,4.610755E-10,3.003915,4.489114
'[19:08:43.196 20/01/2026]',7.325172,2.687488,8.177705,3.766973,4.610755E-10,4.610755E-10,3.003915,4.489114
'[19:08:43.204 20/01/2026]',1.270865,9.692003,4.670765,0.01858023,4.610755E-10,4.610755E-10,10.64727,3.905663
'[19:08:43.212 20/01/2026]',5.078439,-1.500258,-2.216417,2.83123,4.610755E-10,4.610755E-10,-7.22404,-4.654087
'[19:08:43.220 20/01/2026]',-16.37854,-14.29417,-11.04351,-12.86648,4.610755E-10,4.610755E-10,-8.991721,-4.553866
'[19:08:43.228 20/01/2026]',-16.37854,-14.29417,-11.04351,-12.86648,4.610755E-10,4.610755E-10,-8.991721,-4.553866
'[19:08:43.236 20/01/2026]',6.223711,8.521973,8.223457,9.494969,4.610755E-10,4.610755E-10,11.0589,4.67117
'[19:08:43.244 20/01/2026]',6.223711,8.521973,8.223457,9.494969,4.610755E-10,4.610755E-10,11.0589,4.67117
'[19:08:43.252 20/01/2026]',-13.87378,-11.79431,-5.725077,-7.082678,4.610755E-10,4.610755E-10,-4.11934,-4.877082
'[19:08:43.260 20/01/2026]',-13.87378,-11.79431,-5.725077,-7.082678,4.610755E-10,4.610755E-10,-4.11934,-4.877082
'[19:08:43.268 20/01/2026]',-13.87378,-11.79431,-5.725077,-7.082678,4.610755E-10,4.610755E-10,-4.11934,-4.877082
'[19:08:43.276 20/01/2026]',12.94494,9.594546,3.442494,5.815836,4.610755E-10,4.610755E-10,0.7359561,8.329476
'[19:08:43.284 20/01/2026]',12.94494,9.594546,3.442494,5.815836,4.610755E-10,4.610755E-10,0.7359561,8.329476
'[19:08:43.292 20/01/2026]',38.88695,34.68,16.39986,11.8366,4.610755E-10,4.610755E-10,2.828101,-3.200657
'[19:08:43.300 20/01/2026]',38.88695,34.68,16.39986,11.8366,4.610755E-10,4.610755E-10,2.828101,-3.200657
'[19:08:43.308 20/01/2026]',-37.3694,-33.84206,-15.28401,-15.34609,4.610755E-10,4.610755E-10,-3.713502,-6.332039
'[19:08:43.316 20/01/2026]',-37.3694,-33.84206,-15.28401,-15.34609,4.610755E-10,4.610755E-10,-3.713502,-6.332039
'[19:08:43.324 20/01/2026]',-11.94326,-11.56076,-5.348802,-0.03290999,4.610755E-10,4.610755E-10,1.246793,10.29247
'[19:08:43.332 20/01/2026]',-11.94326,-11.56076,-5.348802,-0.03290999,4.610755E-10,4.610755E-10,1.246793,10.29247
'[19:08:43.340 20/01/2026]',-11.94326,-11.56076,-5.348802,-0.03290999,4.610755E-10,4.610755E-10,1.246793,10.29247
'[19:08:43.348 20/01/2026]',-11.94326,-11.56076,-5.348802,-0.03290999,4.610755E-10,4.610755E-10,1.246793,10.29247
'[19:08:43.356 20/01/2026]',19.72303,20.70877,9.494641,6.599616,4.610755E-10,4.610755E-10,1.163697,-5.618208
'[19:08:43.364 20/01/2026]',-4.140983,-5.146139,-4.101479,-3.867922,4.610755E-10,4.610755E-10,-3.806425,-1.876665
'[19:08:43.372 20/01/2026]',-8.041272,-9.24307,-6.796922,-5.972484,4.610755E-10,4.610755E-10,-1.745633,-2.627964
'[19:08:43.380 20/01/2026]',7.429804,11.32223,11.04482,7.631375,4.610755E-10,4.610755E-10,7.479409,5.382696
'[19:08:43.388 20/01/2026]',-3.588328,-8.197069,-5.841142,-0.4976511,4.610755E-10,4.610755E-10,-7.174141,-1.959725
'[19:08:43.396 20/01/2026]',7.469024,4.038026,0.159055,2.472633,4.610755E-10,4.610755E-10,3.952968,0.5021312
'[19:08:43.404 20/01/2026]',-4.168945,0.5255271,2.299945,-5.536201,4.610755E-10,4.610755E-10,-2.134608,2.743018
'[19:08:43.412 20/01/2026]',-14.72995,-3.376996,-4.058476,-8.02457,4.610755E-10,4.610755E-10,-0.04370379,-13.49927
'[19:08:43.420 20/01/2026]',18.70373,2.927353,3.61193,17.65499,4.610755E-10,4.610755E-10,2.375341,17.5268
'[19:08:43.428 20/01/2026]',-6.087991,-0.722467,0.09373961,-8.39525,4.610755E-10,4.610755E-10,-2.109504,-6.403396
'[19:08:43.436 20/01/2026]',-4.485111,1.722756,0.6256968,-5.175524,4.610755E-10,4.610755E-10,3.757119,-5.492097
'[19:08:43.444 20/01/2026]',6.98734,-6.385789,-3.193509,9.673634,4.610755E-10,4.610755E-10,-5.019097,5.978689
'[19:08:43.452 20/01/2026]',3.67878,9.052713,6.778838,1.290349,4.610755E-10,4.610755E-10,5.766616,6.855122
'[19:08:43.460 20/01/2026]',-12.1067,-7.758398,-8.694272,-10.31227,4.610755E-10,4.610755E-10,-4.760464,-13.0257
'[19:08:43.468 20/01/2026]',2.526786,-0.6332632,-0.1180155,3.431452,4.610755E-10,4.610755E-10,-1.600896,0.3936267
'[19:08:43.476 20/01/2026]',3.1176,7.394832,8.24041,1.50243,4.610755E-10,4.610755E-10,5.507828,9.149835
'[19:08:43.484 20/01/2026]',6.141049,-5.00256,-4.149219,6.074001,4.610755E-10,4.610755E-10,-2.65011,0.6045047
'[19:08:43.492 20/01/2026]',-12.84419,-2.08932,-2.783767,-11.89304,4.610755E-10,4.610755E-10,-2.034667,-8.867496
'[19:08:43.500 20/01/2026]',4.116498,3.523834,2.219111,6.227575,4.610755E-10,4.610755E-10,2.563879,7.598746
'[19:08:43.508 20/01/2026]',6.225084,-0.5635046,1.38975,4.575367,4.610755E-10,4.610755E-10,1.942534,1.942817
'[19:08:43.516 20/01/2026]',-2.625458,-0.2447753,-0.4243681,-5.353086,4.610755E-10,4.610755E-10,-5.47044,-7.309489
'[19:08:43.524 20/01/2026]',0.1191981,0.7489432,1.852163,4.503645,4.610755E-10,4.610755E-10,8.146052,6.920981
'[19:08:43.532 20/01/2026]',-3.536058,-2.215203,-3.338904,-6.164758,4.610755E-10,4.610755E-10,-7.170605,-1.949056
'[19:08:43.540 20/01/2026]',9.218184,6.126847,3.817109,9.136392,4.610755E-10,4.610755E-10,2.922972,-1.678493
'[19:08:43.548 20/01/2026]',-3.84112,-6.732442,-2.512071,-4.552894,4.610755E-10,4.610755E-10,-1.662536,1.28102
'[19:08:43.556 20/01/2026]',-10.91277,3.334162,-1.120725,-10.23761,4.610755E-10,4.610755E-10,-0.7780905,-4.865343
'[19:08:43.564 20/01/2026]',2.023007,-7.349173,-7.106205,3.749791,4.610755E-10,4.610755E-10,-5.918818,-6.852938
'[19:08:43.572 20/01/2026]',13.07746,8.908099,12.24184,12.15495,4.610755E-10,4.610755E-10,10.16254,18.85272
'[19:08:43.580 20/01/2026]',7.214854,20.65118,19.87824,5.553707,4.610755E-10,4.610755E-10,19.46436,7.493023
'[19:08:43.588 20/01/2026]',-28.80192,-37.58292,-39.13716,-28.64293,4.610755E-10,4.610755E-10,-39.00502,-34.39831
'[19:08:43.596 20/01/2026]',13.77768,8.240033,9.662715,15.37547,4.610755E-10,4.610755E-10,13.73577,21.75333
'[19:08:43.604 20/01/2026]',4.05584,17.36487,15.08155,3.997182,4.610755E-10,4.610755E-10,10.4104,-3.146851
'[19:08:43.612 20/01/2026]',-3.012435,-7.917382,-6.578955,-0.3897524,4.610755E-10,4.610755E-10,-5.937107,-0.3657744
'[19:08:43.620 20/01/2026]',-0.1422291,-7.963537,-5.922521,-6.782773,4.610755E-10,4.610755E-10,-3.774024,3.815347
'[19:08:43.628 20/01/2026]',0.120458,11.4108,7.909025,5.793619,4.610755E-10,4.610755E-10,7.34688,-2.465665
'[19:08:43.636 20/01/2026]',4.459862,2.113808,3.586886,5.50224,4.610755E-10,4.610755E-10,-0.9586377,-0.03108807
'[19:08:43.644 20/01/2026]',-5.417925,-9.976867,-10.86774,-12.15021,4.610755E-10,4.610755E-10,-4.126961,-0.9031388
'[19:08:43.652 20/01/2026]',-7.208587,-3.511633,-1.696605,-3.666412,4.610755E-10,4.610755E-10,-5.38134,-6.80785
'[19:08:43.660 20/01/2026]',14.53803,14.7061,12.76122,18.03991,4.610755E-10,4.610755E-10,12.42576,16.011
'[19:08:43.668 20/01/2026]',-5.673645,-3.402815,-4.69823,-8.227773,4.610755E-10,4.610755E-10,-3.110306,-10.66194
'[19:08:43.676 20/01/2026]',-5.65754,-8.414067,-2.729704,-4.51261,4.610755E-10,4.610755E-10,-4.355043,4.384703
'[19:08:43.684 20/01/2026]',-5.65754,-8.414067,-2.729704,-4.51261,4.610755E-10,4.610755E-10,-4.355043,4.384703
'[19:08:43.692 20/01/2026]',-5.65754,-8.414067,-2.729704,-4.51261,4.610755E-10,4.610755E-10,-4.355043,4.384703
'[19:08:43.700 20/01/2026]',7.007784,0.6116669,-2.014815,4.694298,4.610755E-10,4.610755E-10,0.01868389,-3.170864
'[19:08:43.708 20/01/2026]',7.007784,0.6116669,-2.014815,4.694298,4.610755E-10,4.610755E-10,0.01868389,-3.170864
'[19:08:43.716 20/01/2026]',7.007784,0.6116669,-2.014815,4.694298,4.610755E-10,4.610755E-10,0.01868389,-3.170864
'[19:08:43.724 20/01/2026]',-4.20156,3.407988,0.6011988,-2.143048,4.610755E-10,4.610755E-10,-0.9401978,1.28907
'[19:08:43.732 20/01/2026]',1.400267,5.476381,8.117258,1.544993,4.610755E-10,4.610755E-10,7.39797,0.5102854
'[19:08:43.740 20/01/2026]',-2.443093,-12.64762,-11.73253,-3.972909,4.610755E-10,4.610755E-10,-11.28954,-6.843184
'[19:08:43.748 20/01/2026]',6.777858,11.90864,8.714167,5.738167,4.610755E-10,4.610755E-10,10.01632,13.51192
'[19:08:43.756 20/01/2026]',6.777858,11.90864,8.714167,5.738167,4.610755E-10,4.610755E-10,10.01632,13.51192
'[19:08:43.764 20/01/2026]',6.777858,11.90864,8.714167,5.738167,4.610755E-10,4.610755E-10,10.01632,13.51192
'[19:08:43.772 20/01/2026]',-14.04643,-8.838995,-8.067736,-11.4034,4.610755E-10,4.610755E-10,-7.575058,-16.60137
'[19:08:43.780 20/01/2026]',16.06224,6.467413,8.292768,13.15632,4.610755E-10,4.610755E-10,2.158333,7.85042
'[19:08:43.788 20/01/2026]',16.06224,6.467413,8.292768,13.15632,4.610755E-10,4.610755E-10,2.158333,7.85042
'[19:08:43.796 20/01/2026]',4.059043,6.171827,6.131361,6.179613,4.610755E-10,4.610755E-10,10.85356,17.25612
'[19:08:43.804 20/01/2026]',4.059043,6.171827,6.131361,6.179613,4.610755E-10,4.610755E-10,10.85356,17.25612
'[19:08:43.812 20/01/2026]',-36.73485,-31.81066,-33.41907,-36.28197,4.610755E-10,4.610755E-10,-31.29095,-43.01802
'[19:08:43.820 20/01/2026]',-36.73485,-31.81066,-33.41907,-36.28197,4.610755E-10,4.610755E-10,-31.29095,-43.01802
'[19:08:43.828 20/01/2026]',34.6889,33.92258,33.23031,35.15367,4.610755E-10,4.610755E-10,28.42947,32.58985
'[19:08:43.836 20/01/2026]',34.6889,33.92258,33.23031,35.15367,4.610755E-10,4.610755E-10,28.42947,32.58985
'[19:08:43.844 20/01/2026]',34.6889,33.92258,33.23031,35.15367,4.610755E-10,4.610755E-10,28.42947,32.58985
'[19:08:43.852 20/01/2026]',34.6889,33.92258,33.23031,35.15367,4.610755E-10,4.610755E-10,28.42947,32.58985
'[19:08:43.860 20/01/2026]',34.6889,33.92258,33.23031,35.15367,4.610755E-10,4.610755E-10,28.42947,32.58985
'[19:08:43.868 20/01/2026]',34.6889,33.92258,33.23031,35.15367,4.610755E-10,4.610755E-10,28.42947,32.58985
'[19:08:43.876 20/01/2026]',-2.105607,-7.91254,-6.950202,-7.052516,4.610755E-10,4.610755E-10,-2.60157,1.067288
'[19:08:43.884 20/01/2026]',-2.105607,-7.91254,-6.950202,-7.052516,4.610755E-10,4.610755E-10,-2.60157,1.067288
'[19:08:43.892 20/01/2026]',-16.19954,-12.36923,-11.58024,-10.72298,4.610755E-10,4.610755E-10,-12.22374,-14.56251
'[19:08:43.900 20/01/2026]',12.10637,10.26639,12.10218,12.39821,4.610755E-10,4.610755E-10,9.498919,9.182555
'[19:08:43.908 20/01/2026]',-4.460823,-4.006677,-6.378495,-8.21483,4.610755E-10,4.610755E-10,-6.599291,-8.870296
'[19:08:43.916 20/01/2026]',-0.06042246,2.531471,1.395466,-2.097807,4.610755E-10,4.610755E-10,5.935622,8.749597
'[19:08:43.924 20/01/2026]',-0.06042246,2.531471,1.395466,-2.097807,4.610755E-10,4.610755E-10,5.935622,8.749597
'[19:08:43.932 20/01/2026]',0.09017598,-4.163034,-1.65135,6.771764,4.610755E-10,4.610755E-10,-5.299157,-2.849117
'[19:08:43.940 20/01/2026]',3.211161,4.494315,3.951244,0.5231928,4.610755E-10,4.610755E-10,4.741735,-1.056001
'[19:08:43.948 20/01/2026]',-3.498799,-0.18616,-1.260525,-8.388591,4.610755E-10,4.610755E-10,-1.924934,1.614723
'[19:08:43.956 20/01/2026]',-4.353281,-5.302969,-5.332581,3.318498,4.610755E-10,4.610755E-10,-2.723459,-7.285073
'[19:08:43.964 20/01/2026]',22.10841,14.62178,13.70496,17.67786,4.610755E-10,4.610755E-10,12.40311,22.3216
'[19:08:43.972 20/01/2026]',-30.97588,-24.60422,-17.83269,-32.29078,4.610755E-10,4.610755E-10,-19.42083,-28.84427
'[19:08:43.980 20/01/2026]',13.16475,20.085,12.43045,18.88003,4.610755E-10,4.610755E-10,12.20575,5.683671
'[19:08:43.988 20/01/2026]',8.388339,0.2592108,0.5911106,6.173437,4.610755E-10,4.610755E-10,3.362292,21.8931
'[19:08:43.996 20/01/2026]',-13.52178,-12.11211,-8.988054,-17.00108,4.610755E-10,4.610755E-10,-10.84682,-21.21112
'[19:08:44.004 20/01/2026]',-4.772683,-1.715721,-3.031855,-2.512818,4.610755E-10,4.610755E-10,-2.425432,-9.132965
'[19:08:44.012 20/01/2026]',9.17936,8.418047,5.994844,13.75749,4.610755E-10,4.610755E-10,6.055931,19.20616
'[19:08:44.020 20/01/2026]',24.20075,20.4874,25.91123,19.06936,4.610755E-10,4.610755E-10,25.58113,18.09605
'[19:08:44.028 20/01/2026]',-38.55121,-34.01888,-38.26485,-41.08418,4.610755E-10,4.610755E-10,-39.91644,-40.76887
'[19:08:44.036 20/01/2026]',7.981394,7.224616,6.980645,14.95631,4.610755E-10,4.610755E-10,11.74339,13.79346
'[19:08:44.044 20/01/2026]',14.7558,11.90765,12.25806,10.55532,4.610755E-10,4.610755E-10,7.474662,7.544807
'[19:08:44.052 20/01/2026]',-2.453094,-2.315124,-1.814472,-3.364128,4.610755E-10,4.610755E-10,1.269527,5.965189
'[19:08:44.060 20/01/2026]',-9.551463,-8.048483,-8.157342,-7.331469,4.610755E-10,4.610755E-10,-4.634583,-11.62403
'[19:08:44.068 20/01/2026]',2.689228,1.693895,3.564535,4.035296,4.610755E-10,4.610755E-10,-3.904643,-1.530077
'[19:08:44.076 20/01/2026]',7.287996,8.193808,5.046543,1.294606,4.610755E-10,4.610755E-10,7.058649,7.877663
'[19:08:44.084 20/01/2026]',-0.8398661,-4.471323,-5.772884,2.106019,4.610755E-10,4.610755E-10,-2.585165,-3.36155
'[19:08:44.092 20/01/2026]',-5.098786,-2.605513,1.013028,-3.549424,4.610755E-10,4.610755E-10,-2.645037,-1.543105
'[19:08:44.100 20/01/2026]',1.491402,3.312335,5.474799,0.8591568,4.610755E-10,4.610755E-10,4.675148,5.742748
'[19:08:44.108 20/01/2026]',5.288297,3.433862,-5.371124,4.599286,4.610755E-10,4.610755E-10,-1.066514,-3.795183
'[19:08:44.116 20/01/2026]',-6.456074,-7.939835,-2.434655,-1.386526,4.610755E-10,4.610755E-10,-1.324198,10.07514
'[19:08:44.124 20/01/2026]',-3.772597,2.787918,4.236156,-10.17797,4.610755E-10,4.610755E-10,-3.422466,-19.54413
'[19:08:44.132 20/01/2026]',9.510043,5.692227,1.883974,12.14679,4.610755E-10,4.610755E-10,6.992692,9.728065
'[19:08:44.140 20/01/2026]',-8.354051,-7.731404,-6.298726,-6.557252,4.610755E-10,4.610755E-10,-6.029468,4.494763
'[19:08:44.148 20/01/2026]',0.1763551,-2.91579,-0.6301134,-4.02505,4.610755E-10,4.610755E-10,0.9906623,-5.300243
'[19:08:44.156 20/01/2026]',-4.08464,-2.668786,-2.141844,5.999523,4.610755E-10,4.610755E-10,-1.635828,-4.486647
'[19:08:44.164 20/01/2026]',-6.419723,-2.244351,3.171545,-0.4343565,4.610755E-10,4.610755E-10,5.4453,9.600122
'[19:08:44.172 20/01/2026]',37.15063,31.46931,14.24411,5.665756,4.610755E-10,4.610755E-10,-1.601441,-1.137533
'[19:08:44.180 20/01/2026]',-1.835638,-10.99391,-10.50267,1.030372,4.610755E-10,4.610755E-10,-6.590726,-1.637561
'[19:08:44.188 20/01/2026]',-39.56304,-23.7683,-8.764103,-13.6056,4.610755E-10,4.610755E-10,4.512176,-4.546906
'[19:08:44.196 20/01/2026]',19.84883,13.28417,8.55266,9.300735,4.610755E-10,4.610755E-10,3.276185,4.262348
'[19:08:44.204 20/01/2026]',6.057451,8.633759,1.600566,3.687365,4.610755E-10,4.610755E-10,-2.97492,3.458946
'[19:08:44.212 20/01/2026]',-4.237206,-6.079588,-2.235923,-6.366776,4.610755E-10,4.610755E-10,2.935025,-2.311643
'[19:08:44.220 20/01/2026]',-12.0979,-9.360425,-6.021863,-3.893462,4.610755E-10,4.610755E-10,-6.758679,-8.518356
'[19:08:44.228 20/01/2026]',-12.0979,-9.360425,-6.021863,-3.893462,4.610755E-10,4.610755E-10,-6.758679,-8.518356
'[19:08:44.236 20/01/2026]',10.11342,4.52798,1.324256,3.919086,4.610755E-10,4.610755E-10,-2.755611,2.949177
'[19:08:44.244 20/01/2026]',10.11342,4.52798,1.324256,3.919086,4.610755E-10,4.610755E-10,-2.755611,2.949177
'[19:08:44.252 20/01/2026]',10.11342,4.52798,1.324256,3.919086,4.610755E-10,4.610755E-10,-2.755611,2.949177
'[19:08:44.260 20/01/2026]',-1.738785,-0.2337615,-1.444872,-4.04811,4.610755E-10,4.610755E-10,6.829428,6.784731
'[19:08:44.268 20/01/2026]',1.259398,10.56716,11.54145,7.232252,4.610755E-10,4.610755E-10,6.700979,-1.18833
'[19:08:44.276 20/01/2026]',-7.251614,-12.63142,-12.00954,-8.880753,4.610755E-10,4.610755E-10,-16.26179,-9.662341
'[19:08:44.284 20/01/2026]',11.96467,1.712931,2.545965,11.05511,4.610755E-10,4.610755E-10,13.62131,12.07427
'[19:08:44.292 20/01/2026]',11.96467,1.712931,2.545965,11.05511,4.610755E-10,4.610755E-10,13.62131,12.07427
'[19:08:44.300 20/01/2026]',-0.9770304,7.864264,4.425841,-5.931938,4.610755E-10,4.610755E-10,-7.080792,-2.333689
'[19:08:44.308 20/01/2026]',-0.9770304,7.864264,4.425841,-5.931938,4.610755E-10,4.610755E-10,-7.080792,-2.333689
'[19:08:44.316 20/01/2026]',-8.154,-2.280819,-1.374859,-0.9213108,4.610755E-10,4.610755E-10,3.700476,-3.219986
'[19:08:44.324 20/01/2026]',-4.414442,-8.108098,-6.876388,-2.727734,4.610755E-10,4.610755E-10,-4.526546,-7.797908
'[19:08:44.332 20/01/2026]',-4.414442,-8.108098,-6.876388,-2.727734,4.610755E-10,4.610755E-10,-4.526546,-7.797908
'[19:08:44.340 20/01/2026]',12.00632,4.484163,6.35132,5.164945,4.610755E-10,4.610755E-10,-0.5996459,9.864146
'[19:08:44.348 20/01/2026]',12.00632,4.484163,6.35132,5.164945,4.610755E-10,4.610755E-10,-0.5996459,9.864146
'[19:08:44.356 20/01/2026]',12.00632,4.484163,6.35132,5.164945,4.610755E-10,4.610755E-10,-0.5996459,9.864146
'[19:08:44.364 20/01/2026]',12.00632,4.484163,6.35132,5.164945,4.610755E-10,4.610755E-10,-0.5996459,9.864146
'[19:08:44.372 20/01/2026]',-8.371559,-0.7060723,-3.779395,-8.746713,4.610755E-10,4.610755E-10,1.77767,-3.483789
'[19:08:44.380 20/01/2026]',-8.371559,-0.7060723,-3.779395,-8.746713,4.610755E-10,4.610755E-10,1.77767,-3.483789
'[19:08:44.388 20/01/2026]',-8.371559,-0.7060723,-3.779395,-8.746713,4.610755E-10,4.610755E-10,1.77767,-3.483789
'[19:08:44.396 20/01/2026]',-4.496922,-3.671944,-0.8451731,5.45749,4.610755E-10,4.610755E-10,3.304698,-3.134953
'[19:08:44.404 20/01/2026]',10.70387,4.209198,2.129331,5.564182,4.610755E-10,4.610755E-10,-4.708565,10.52734
'[19:08:44.412 20/01/2026]',-0.07672123,2.073296,2.397094,-9.336693,4.610755E-10,4.610755E-10,0.2188639,-10.85322
'[19:08:44.420 20/01/2026]',-0.07672123,2.073296,2.397094,-9.336693,4.610755E-10,4.610755E-10,0.2188639,-10.85322
'[19:08:44.428 20/01/2026]',-0.07672123,2.073296,2.397094,-9.336693,4.610755E-10,4.610755E-10,0.2188639,-10.85322
'[19:08:44.436 20/01/2026]',-5.44444,-1.943714,-1.042904,4.708519,4.610755E-10,4.610755E-10,4.276497,2.432296
'[19:08:44.444 20/01/2026]',-5.44444,-1.943714,-1.042904,4.708519,4.610755E-10,4.610755E-10,4.276497,2.432296
'[19:08:44.452 20/01/2026]',-5.44444,-1.943714,-1.042904,4.708519,4.610755E-10,4.610755E-10,4.276497,2.432296
'[19:08:44.460 20/01/2026]',-6.860365,-1.558853,-2.807514,-0.378424,4.610755E-10,4.610755E-10,-2.043467,4.563039
'[19:08:44.468 20/01/2026]',9.413546,-1.393815,-0.005276465,-2.907809,4.610755E-10,4.610755E-10,-4.384727,-5.721934
'[19:08:44.476 20/01/2026]',9.413546,-1.393815,-0.005276465,-2.907809,4.610755E-10,4.610755E-10,-4.384727,-5.721934
'[19:08:44.484 20/01/2026]',0.7464739,1.991971,2.11656,1.68231,4.610755E-10,4.610755E-10,2.617737,-0.9501095
'[19:08:44.492 20/01/2026]',0.7464739,1.991971,2.11656,1.68231,4.610755E-10,4.610755E-10,2.617737,-0.9501095
'[19:08:44.500 20/01/2026]',-6.076908,-4.372963,-3.936388,-0.9454938,4.610755E-10,4.610755E-10,-0.5601061,3.700603
'[19:08:44.508 20/01/2026]',-6.076908,-4.372963,-3.936388,-0.9454938,4.610755E-10,4.610755E-10,-0.5601061,3.700603
'[19:08:44.516 20/01/2026]',9.921082,11.89591,8.798251,9.184239,4.610755E-10,4.610755E-10,7.381656,5.815814
'[19:08:44.524 20/01/2026]',9.921082,11.89591,8.798251,9.184239,4.610755E-10,4.610755E-10,7.381656,5.815814
'[19:08:44.532 20/01/2026]',-2.354187,-3.116059,0.01579336,-3.468719,4.610755E-10,4.610755E-10,-0.353614,-3.461417
'[19:08:44.540 20/01/2026]',-2.354187,-3.116059,0.01579336,-3.468719,4.610755E-10,4.610755E-10,-0.353614,-3.461417
'[19:08:44.548 20/01/2026]',1.77258,-3.313443,-2.713208,1.903514,4.610755E-10,4.610755E-10,-2.668543,6.858155
'[19:08:44.556 20/01/2026]',-11.1062,-6.892193,-8.437252,-13.51364,4.610755E-10,4.610755E-10,-8.417962,-17.42593
'[19:08:44.564 20/01/2026]',14.38751,15.352,14.49084,16.88322,4.610755E-10,4.610755E-10,14.59245,15.01866
'[19:08:44.572 20/01/2026]',-10.65583,-9.047791,-7.388794,-7.909809,4.610755E-10,4.610755E-10,-8.717016,-0.9799453
'[19:08:44.580 20/01/2026]',6.428263,-1.912145,-2.416866,1.139351,4.610755E-10,4.610755E-10,0.4301305,-8.865803
'[19:08:44.588 20/01/2026]',1.921591,4.450059,5.286259,0.3232777,4.610755E-10,4.610755E-10,3.988827,13.40541
'[19:08:44.596 20/01/2026]',-6.643492,-0.7993775,-1.78522,1.623709,4.610755E-10,4.610755E-10,-2.253467,-8.429876
'[19:08:44.604 20/01/2026]',1.182814,-5.943819,-1.791675,-1.194583,4.610755E-10,4.610755E-10,-1.362139,-3.545159
'[19:08:44.612 20/01/2026]',-5.987854,-3.951858,-4.280409,-11.42658,4.610755E-10,4.610755E-10,-4.086344,1.148244
'[19:08:44.620 20/01/2026]',17.30727,21.03097,11.776,17.89786,4.610755E-10,4.610755E-10,10.32628,9.141846
'[19:08:44.628 20/01/2026]',-3.73445,-9.852612,-1.77352,0.3369564,4.610755E-10,4.610755E-10,-0.5640896,-2.944394
'[19:08:44.636 20/01/2026]',-10.95906,-10.44416,-11.25822,-11.72265,4.610755E-10,4.610755E-10,-11.0008,-5.877685
'[19:08:44.644 20/01/2026]',5.1403,4.349827,2.44492,-2.982101,4.610755E-10,4.610755E-10,1.177252,-2.956055
'[19:08:44.652 20/01/2026]',5.768065,13.02198,13.08437,14.64156,4.610755E-10,4.610755E-10,13.96444,11.29107
'[19:08:44.660 20/01/2026]',0.5072089,-4.323396,-4.898697,0.1443936,4.610755E-10,4.610755E-10,-3.830386,1.128864
'[19:08:44.668 20/01/2026]',-11.03818,-15.07875,-12.98882,-16.3763,4.610755E-10,4.610755E-10,-14.01396,-13.63598
'[19:08:44.676 20/01/2026]',11.62857,13.29477,12.41072,15.99343,4.610755E-10,4.610755E-10,10.64255,8.882923
'[19:08:44.684 20/01/2026]',-4.028472,3.671573,3.002563,-3.619053,4.610755E-10,4.610755E-10,3.875696,-1.20568
'[19:08:44.692 20/01/2026]',-0.09907878,-7.495026,-5.547194,-2.571057,4.610755E-10,4.610755E-10,-3.298964,4.463684
'[19:08:44.700 20/01/2026]',6.346666,4.836111,2.681397,7.084414,4.610755E-10,4.610755E-10,0.6815699,-0.08455373
'[19:08:44.708 20/01/2026]',-10.97768,-2.761938,-3.214051,-8.509537,4.610755E-10,4.610755E-10,-2.001767,-7.636714
'[19:08:44.716 20/01/2026]',2.165355,-2.991325,-0.08837831,-1.159713,4.610755E-10,4.610755E-10,-3.408784,-1.177682
'[19:08:44.724 20/01/2026]',3.361181,2.915845,1.118249,7.594787,4.610755E-10,4.610755E-10,4.910699,9.316582
'[19:08:44.732 20/01/2026]',2.597137,-1.360583,-2.180438,-1.668889,4.610755E-10,4.610755E-10,-3.36344,3.631489
'[19:08:44.740 20/01/2026]',-11.06648,1.311431,1.57517,-9.969099,4.610755E-10,4.610755E-10,0.6066184,-18.66799
'[19:08:44.748 20/01/2026]',9.408023,-1.359851,-0.7195309,7.874954,4.610755E-10,4.610755E-10,0.3051136,9.627324
'[19:08:44.756 20/01/2026]',-1.329778,1.247679,0.9331034,4.396338,4.610755E-10,4.610755E-10,1.253816,14.81108
'[19:08:44.764 20/01/2026]',-4.373208,-2.926323,-1.126425,-9.444003,4.610755E-10,4.610755E-10,-2.881395,-22.10585
'[19:08:44.772 20/01/2026]',2.30188,3.546767,0.849166,3.056965,4.610755E-10,4.610755E-10,2.742169,4.469039
'[19:08:44.780 20/01/2026]',-1.020819,-2.824815,-1.850453,0.7319081,4.610755E-10,4.610755E-10,-4.399535,5.995855
'[19:08:44.788 20/01/2026]',-4.982753,-4.037988,-1.071563,-6.159678,4.610755E-10,4.610755E-10,0.384165,-8.738633
'[19:08:44.796 20/01/2026]',6.560034,4.378206,1.059528,3.243158,4.610755E-10,4.610755E-10,2.764871,-0.09230598
'[19:08:44.804 20/01/2026]',10.2313,6.575984,6.029958,11.53608,4.610755E-10,4.610755E-10,4.367015,16.3275
'[19:08:44.812 20/01/2026]',-16.855,-10.31528,-7.036162,-13.88928,4.610755E-10,4.610755E-10,-7.699127,-16.30892
'[19:08:44.820 20/01/2026]',2.406612,-2.89596,-3.774135,-0.4263145,4.610755E-10,4.610755E-10,-2.647904,-0.5846896
'[19:08:44.828 20/01/2026]',16.16859,12.96163,11.10372,21.70883,4.610755E-10,4.610755E-10,12.59961,23.99283
'[19:08:44.836 20/01/2026]',-9.714536,-7.122343,-3.345416,-17.25665,4.610755E-10,4.610755E-10,-7.601826,-20.44323
'[19:08:44.844 20/01/2026]',-5.354864,-2.677692,-2.948573,-3.644181,4.610755E-10,4.610755E-10,-1.898048,-4.093815
'[19:08:44.852 20/01/2026]',-5.354864,-2.677692,-2.948573,-3.644181,4.610755E-10,4.610755E-10,-1.898048,-4.093815
'[19:08:44.860 20/01/2026]',5.84018,6.995205,1.04689,8.686264,4.610755E-10,4.610755E-10,4.298224,14.8202
'[19:08:44.868 20/01/2026]',5.84018,6.995205,1.04689,8.686264,4.610755E-10,4.610755E-10,4.298224,14.8202
'[19:08:44.876 20/01/2026]',-4.277142,-14.4648,-1.792117,-4.390312,4.610755E-10,4.610755E-10,-4.879029,-8.188251
'[19:08:44.884 20/01/2026]',-4.277142,-14.4648,-1.792117,-4.390312,4.610755E-10,4.610755E-10,-4.879029,-8.188251
'[19:08:44.892 20/01/2026]',-4.277142,-14.4648,-1.792117,-4.390312,4.610755E-10,4.610755E-10,-4.879029,-8.188251
'[19:08:44.900 20/01/2026]',-4.277142,-14.4648,-1.792117,-4.390312,4.610755E-10,4.610755E-10,-4.879029,-8.188251
'[19:08:44.908 20/01/2026]',-4.277142,-14.4648,-1.792117,-4.390312,4.610755E-10,4.610755E-10,-4.879029,-8.188251
'[19:08:44.916 20/01/2026]',-4.277142,-14.4648,-1.792117,-4.390312,4.610755E-10,4.610755E-10,-4.879029,-8.188251
'[19:08:44.924 20/01/2026]',-4.277142,-14.4648,-1.792117,-4.390312,4.610755E-10,4.610755E-10,-4.879029,-8.188251
'[19:08:44.932 20/01/2026]',0.3386629,13.05366,3.322951,-3.979965,4.610755E-10,4.610755E-10,0.681691,-10.6135
'[19:08:44.940 20/01/2026]',6.220402,5.428205,2.261744,5.828401,4.610755E-10,4.610755E-10,5.536872,16.93381
'[19:08:44.948 20/01/2026]',-4.804248,-12.92111,-5.814267,-0.2804421,4.610755E-10,4.610755E-10,-3.256012,-2.840688
'[19:08:44.956 20/01/2026]',-2.365494,1.740148,-0.2601614,-2.870203,4.610755E-10,4.610755E-10,-2.758284,-12.64254
'[19:08:44.964 20/01/2026]',7.366601,10.04163,8.690957,6.382841,4.610755E-10,4.610755E-10,5.745099,15.07995
'[19:08:44.972 20/01/2026]',7.366601,10.04163,8.690957,6.382841,4.610755E-10,4.610755E-10,5.745099,15.07995
'[19:08:44.980 20/01/2026]',-9.726146,-5.96126,-9.330267,-11.38631,4.610755E-10,4.610755E-10,-3.41582,-9.30546
'[19:08:44.988 20/01/2026]',-9.726146,-5.96126,-9.330267,-11.38631,4.610755E-10,4.610755E-10,-3.41582,-9.30546
'[19:08:44.996 20/01/2026]',-9.726146,-5.96126,-9.330267,-11.38631,4.610755E-10,4.610755E-10,-3.41582,-9.30546
'[19:08:45.004 20/01/2026]',8.739542,-6.611426,1.11469,9.58976,4.610755E-10,4.610755E-10,0.3023201,3.252769
'[19:08:45.012 20/01/2026]',8.739542,-6.611426,1.11469,9.58976,4.610755E-10,4.610755E-10,0.3023201,3.252769
'[19:08:45.020 20/01/2026]',-5.815444,4.956906,1.736584,-3.052497,4.610755E-10,4.610755E-10,-2.367959,-0.04801355
'[19:08:45.028 20/01/2026]',-5.815444,4.956906,1.736584,-3.052497,4.610755E-10,4.610755E-10,-2.367959,-0.04801355
'[19:08:45.036 20/01/2026]',0.521068,4.329297,1.580185,-3.748049,4.610755E-10,4.610755E-10,4.951994,-8.016751
'[19:08:45.044 20/01/2026]',0.521068,4.329297,1.580185,-3.748049,4.610755E-10,4.610755E-10,4.951994,-8.016751
'[19:08:45.052 20/01/2026]',5.958914,-4.666698,-2.103758,7.352153,4.610755E-10,4.610755E-10,-2.469955,13.38248
'[19:08:45.060 20/01/2026]',5.958914,-4.666698,-2.103758,7.352153,4.610755E-10,4.610755E-10,-2.469955,13.38248
'[19:08:45.068 20/01/2026]',5.958914,-4.666698,-2.103758,7.352153,4.610755E-10,4.610755E-10,-2.469955,13.38248
'[19:08:45.076 20/01/2026]',5.958914,-4.666698,-2.103758,7.352153,4.610755E-10,4.610755E-10,-2.469955,13.38248
'[19:08:45.084 20/01/2026]',-11.84464,-3.71728,-3.993812,-10.32718,4.610755E-10,4.610755E-10,-6.143613,-12.25427
'[19:08:45.092 20/01/2026]',-11.84464,-3.71728,-3.993812,-10.32718,4.610755E-10,4.610755E-10,-6.143613,-12.25427
'[19:08:45.100 20/01/2026]',-11.84464,-3.71728,-3.993812,-10.32718,4.610755E-10,4.610755E-10,-6.143613,-12.25427
'[19:08:45.108 20/01/2026]',4.157877,7.37494,5.806923,5.207523,4.610755E-10,4.610755E-10,8.999491,3.517942
'[19:08:45.116 20/01/2026]',4.157877,7.37494,5.806923,5.207523,4.610755E-10,4.610755E-10,8.999491,3.517942
'[19:08:45.124 20/01/2026]',4.157877,7.37494,5.806923,5.207523,4.610755E-10,4.610755E-10,8.999491,3.517942
'[19:08:45.132 20/01/2026]',4.157877,7.37494,5.806923,5.207523,4.610755E-10,4.610755E-10,8.999491,3.517942
'[19:08:45.140 20/01/2026]',4.157877,7.37494,5.806923,5.207523,4.610755E-10,4.610755E-10,8.999491,3.517942
'[19:08:45.148 20/01/2026]',6.746122,-3.802162,-3.007936,7.171922,4.610755E-10,4.610755E-10,-4.370534,8.146585
'[19:08:45.156 20/01/2026]',-8.417014,-1.356843,0.6445146,-12.0042,4.610755E-10,4.610755E-10,-0.5104882,-11.72575
'[19:08:45.164 20/01/2026]',-4.36419,-1.731317,-3.804297,-1.113931,4.610755E-10,4.610755E-10,-2.111498,-3.928927
'[19:08:45.172 20/01/2026]',13.04007,5.323822,6.087139,13.18537,4.610755E-10,4.610755E-10,5.820306,19.9628
'[19:08:45.180 20/01/2026]',-11.38604,-9.594002,-10.1449,-20.71174,4.610755E-10,4.610755E-10,-11.68686,-22.54565
'[19:08:45.188 20/01/2026]',3.796569,10.49324,10.0194,17.37483,4.610755E-10,4.610755E-10,12.43022,8.938398
'[19:08:45.196 20/01/2026]',6.158943,-0.8288542,2.411597,2.823381,4.610755E-10,4.610755E-10,-0.07318448,9.786177
'[19:08:45.204 20/01/2026]',0.104022,0.02362795,-3.461655,-6.20906,4.610755E-10,4.610755E-10,-4.020173,-5.537142
'[19:08:45.212 20/01/2026]',-5.455335,-5.033815,-4.72116,-3.983788,4.610755E-10,4.610755E-10,-1.169184,-6.35466
'[19:08:45.220 20/01/2026]',-3.992985,-0.09707797,3.403927,0.07161856,4.610755E-10,4.610755E-10,0.7453313,0.6259907
'[19:08:45.228 20/01/2026]',10.36966,4.656809,1.504721,7.083874,4.610755E-10,4.610755E-10,0.574704,7.462646
'[19:08:45.236 20/01/2026]',-1.961554,-1.422333,-2.282912,-1.211698,4.610755E-10,4.610755E-10,3.604078,0.3748687
'[19:08:45.244 20/01/2026]',-3.464769,-1.213211,2.071422,-2.174895,4.610755E-10,4.610755E-10,-4.853338,-8.27786
'[19:08:45.252 20/01/2026]',-1.199033,-1.794292,-2.215743,-4.937555,4.610755E-10,4.610755E-10,-0.2538493,6.962155
'[19:08:45.260 20/01/2026]',3.250529,2.66739,-0.3577732,9.452632,4.610755E-10,4.610755E-10,5.285118,0.7748698
'[19:08:45.268 20/01/2026]',5.967327,0.5879356,3.529148,1.1706,4.610755E-10,4.610755E-10,-4.406266,-1.655894
'[19:08:45.276 20/01/2026]',-8.938239,-0.9626427,-1.575815,-10.07338,4.610755E-10,4.610755E-10,1.381457,-3.566977
'[19:08:45.284 20/01/2026]',-0.2064813,-1.726377,-4.441844,5.07624,4.610755E-10,4.610755E-10,-1.693822,0.7604561
'[19:08:45.292 20/01/2026]',10.29025,4.662062,7.801017,5.124931,4.610755E-10,4.610755E-10,6.933517,10.86322
'[19:08:45.300 20/01/2026]',-13.553,-9.105692,-7.484112,-11.71038,4.610755E-10,4.610755E-10,-10.9938,-19.57221
'[19:08:45.308 20/01/2026]',11.22703,11.33125,5.653396,9.20392,4.610755E-10,4.610755E-10,5.827805,11.28313
'[19:08:45.316 20/01/2026]',2.688736,-2.798413,1.010428,3.164559,4.610755E-10,4.610755E-10,5.433779,6.487638
'[19:08:45.324 20/01/2026]',-16.48593,-7.810356,-6.402438,-15.51238,4.610755E-10,4.610755E-10,-11.47924,-14.91953
'[19:08:45.332 20/01/2026]',11.25574,8.065031,3.758074,11.943,4.610755E-10,4.610755E-10,6.962121,5.862278
'[19:08:45.340 20/01/2026]',1.089071,-1.160725,1.330402,-0.5761219,4.610755E-10,4.610755E-10,0.8023556,2.57597
'[19:08:45.348 20/01/2026]',-3.465382,-4.744299,-2.731841,-3.539086,4.610755E-10,4.610755E-10,-4.427672,0.3856481
'[19:08:45.356 20/01/2026]',-0.6768821,2.918711,1.655804,3.429454,4.610755E-10,4.610755E-10,1.256793,-4.364021
'[19:08:45.364 20/01/2026]',2.509334,2.072277,0.6663077,0.4955206,4.610755E-10,4.610755E-10,1.469789,-0.7320135
'[19:08:45.372 20/01/2026]',-4.476712,-3.367269,-2.921502,-7.874965,4.610755E-10,4.610755E-10,0.3884667,4.023913
'[19:08:45.380 20/01/2026]',15.88814,9.141137,10.45267,17.06019,4.610755E-10,4.610755E-10,6.936589,12.34843
'[19:08:45.388 20/01/2026]',-14.50576,-12.59722,-12.13213,-15.39664,4.610755E-10,4.610755E-10,-11.90017,-18.71814
'[19:08:45.396 20/01/2026]',3.384563,4.031436,2.278049,7.144716,4.610755E-10,4.610755E-10,4.831314,8.439118
'[19:08:45.404 20/01/2026]',-0.8784657,-1.526468,0.8310847,-3.211608,4.610755E-10,4.610755E-10,-2.120525,-8.997121
'[19:08:45.412 20/01/2026]',-3.07199,-1.237185,-1.477793,-2.441981,4.610755E-10,4.610755E-10,1.207497,6.334898
'[19:08:45.420 20/01/2026]',9.004243,8.27837,6.280744,9.169912,4.610755E-10,4.610755E-10,5.544155,12.30084
'[19:08:45.428 20/01/2026]',-6.856011,-5.517851,-5.173313,-9.704781,4.610755E-10,4.610755E-10,-6.254035,-20.12568
'[19:08:45.436 20/01/2026]',7.173946,0.01573522,0.2274805,4.82906,4.610755E-10,4.610755E-10,-0.4222505,8.574378
'[19:08:45.444 20/01/2026]',-6.887686,-0.5736861,1.369882,-3.002767,4.610755E-10,4.610755E-10,2.400292,5.010656
'[19:08:45.452 20/01/2026]',0.4877896,-1.027323,-2.033886,3.932347,4.610755E-10,4.610755E-10,-1.43881,-8.644288
'[19:08:45.460 20/01/2026]',3.824025,3.018923,2.303382,-3.350217,4.610755E-10,4.610755E-10,-0.8458511,2.983358
'[19:08:45.468 20/01/2026]',-7.220748,-10.88797,-4.811509,-5.083028,4.610755E-10,4.610755E-10,1.167195,0.7409741
'[19:08:45.476 20/01/2026]',5.992562,10.61279,5.265201,7.415816,4.610755E-10,4.610755E-10,3.126026,2.992341
'[19:08:45.484 20/01/2026]',8.297879,2.980753,0.7486119,7.187167,4.610755E-10,4.610755E-10,-2.947924,4.286348
'[19:08:45.492 20/01/2026]',-3.251424,-3.381643,0.5772604,-3.398225,4.610755E-10,4.610755E-10,5.454157,-4.295785
'[19:08:45.500 20/01/2026]',-3.251424,-3.381643,0.5772604,-3.398225,4.610755E-10,4.610755E-10,5.454157,-4.295785
'[19:08:45.508 20/01/2026]',-3.251424,-3.381643,0.5772604,-3.398225,4.610755E-10,4.610755E-10,5.454157,-4.295785
'[19:08:45.516 20/01/2026]',-12.94772,-5.567724,-7.124499,-12.38204,4.610755E-10,4.610755E-10,-7.658597,-9.076596
'[19:08:45.524 20/01/2026]',-12.94772,-5.567724,-7.124499,-12.38204,4.610755E-10,4.610755E-10,-7.658597,-9.076596
'[19:08:45.532 20/01/2026]',13.7309,3.719256,2.711868,14.89953,4.610755E-10,4.610755E-10,0.6517876,11.59296
'[19:08:45.540 20/01/2026]',13.7309,3.719256,2.711868,14.89953,4.610755E-10,4.610755E-10,0.6517876,11.59296
'[19:08:45.548 20/01/2026]',1.039532,3.98865,5.303726,1.753794,4.610755E-10,4.610755E-10,6.925774,2.757091
'[19:08:45.556 20/01/2026]',1.039532,3.98865,5.303726,1.753794,4.610755E-10,4.610755E-10,6.925774,2.757091
'[19:08:45.564 20/01/2026]',-9.378624,-4.217021,-4.357846,-13.29052,4.610755E-10,4.610755E-10,-4.74429,-14.1397
'[19:08:45.572 20/01/2026]',-9.378624,-4.217021,-4.357846,-13.29052,4.610755E-10,4.610755E-10,-4.74429,-14.1397
'[19:08:45.580 20/01/2026]',0.4481246,-1.138637,-1.397552,0.2808854,4.610755E-10,4.610755E-10,-3.080976,4.906319
'[19:08:45.588 20/01/2026]',0.4481246,-1.138637,-1.397552,0.2808854,4.610755E-10,4.610755E-10,-3.080976,4.906319
'[19:08:45.596 20/01/2026]',9.321722,1.769914,3.010874,11.08869,4.610755E-10,4.610755E-10,6.578223,9.499559
'[19:08:45.604 20/01/2026]',9.321722,1.769914,3.010874,11.08869,4.610755E-10,4.610755E-10,6.578223,9.499559
'[19:08:45.612 20/01/2026]',9.321722,1.769914,3.010874,11.08869,4.610755E-10,4.610755E-10,6.578223,9.499559
'[19:08:45.620 20/01/2026]',9.321722,1.769914,3.010874,11.08869,4.610755E-10,4.610755E-10,6.578223,9.499559
'[19:08:45.628 20/01/2026]',9.321722,1.769914,3.010874,11.08869,4.610755E-10,4.610755E-10,6.578223,9.499559
'[19:08:45.636 20/01/2026]',-4.130488,1.290349,0.4293568,-5.146448,4.610755E-10,4.610755E-10,-3.227895,-6.654112
'[19:08:45.644 20/01/2026]',-0.5029634,-0.7131281,-0.6796728,-0.8307232,4.610755E-10,4.610755E-10,1.782309,-2.713755
'[19:08:45.652 20/01/2026]',-5.58751,-4.013642,-4.47858,-1.935308,4.610755E-10,4.610755E-10,-3.88618,2.047022
'[19:08:45.660 20/01/2026]',-5.58751,-4.013642,-4.47858,-1.935308,4.610755E-10,4.610755E-10,-3.88618,2.047022
'[19:08:45.668 20/01/2026]',11.33129,5.027034,5.51862,4.39901,4.610755E-10,4.610755E-10,3.891901,2.743295
'[19:08:45.676 20/01/2026]',11.33129,5.027034,5.51862,4.39901,4.610755E-10,4.610755E-10,3.891901,2.743295
'[19:08:45.684 20/01/2026]',11.33129,5.027034,5.51862,4.39901,4.610755E-10,4.610755E-10,3.891901,2.743295
'[19:08:45.692 20/01/2026]',11.33129,5.027034,5.51862,4.39901,4.610755E-10,4.610755E-10,3.891901,2.743295
'[19:08:45.700 20/01/2026]',-10.95813,-1.121613,-1.115421,-8.182472,4.610755E-10,4.610755E-10,-2.805163,-8.964857
'[19:08:45.708 20/01/2026]',3.619411,0.6278589,-0.3013785,10.66366,4.610755E-10,4.610755E-10,4.272762,6.414067
'[19:08:45.716 20/01/2026]',2.145966,-6.143339,-5.440018,-5.410957,4.610755E-10,4.610755E-10,-8.518863,0.3016409
'[19:08:45.724 20/01/2026]',2.145966,-6.143339,-5.440018,-5.410957,4.610755E-10,4.610755E-10,-8.518863,0.3016409
'[19:08:45.732 20/01/2026]',2.145966,-6.143339,-5.440018,-5.410957,4.610755E-10,4.610755E-10,-8.518863,0.3016409
'[19:08:45.740 20/01/2026]',-3.71326,5.844604,6.565218,-6.46977,4.610755E-10,4.610755E-10,6.036251,-3.072142
'[19:08:45.748 20/01/2026]',-3.71326,5.844604,6.565218,-6.46977,4.610755E-10,4.610755E-10,6.036251,-3.072142
'[19:08:45.756 20/01/2026]',2.27177,1.395091,-1.729947,9.394186,4.610755E-10,4.610755E-10,1.562804,-1.535013
'[19:08:45.764 20/01/2026]',-0.4840218,-7.143444,-3.792934,-3.037241,4.610755E-10,4.610755E-10,-6.421021,4.306842
'[19:08:45.772 20/01/2026]',-0.4840218,-7.143444,-3.792934,-3.037241,4.610755E-10,4.610755E-10,-6.421021,4.306842
'[19:08:45.780 20/01/2026]',-6.377543,0.3982734,1.042065,-8.601067,4.610755E-10,4.610755E-10,1.526335,-5.988666
'[19:08:45.788 20/01/2026]',5.891268,6.246416,2.083116,9.175493,4.610755E-10,4.610755E-10,3.473382,2.020676
'[19:08:45.796 20/01/2026]',11.57306,0.702986,2.027319,9.306152,4.610755E-10,4.610755E-10,0.8333727,11.90953
'[19:08:45.804 20/01/2026]',-19.80096,-7.693712,-4.590943,-20.46464,4.610755E-10,4.610755E-10,-6.951562,-16.60701
'[19:08:45.812 20/01/2026]',4.951845,2.286643,-2.091551,6.833068,4.610755E-10,4.610755E-10,3.091263,3.248743
'[19:08:45.820 20/01/2026]',11.11312,3.423424,6.388268,8.455454,4.610755E-10,4.610755E-10,4.214717,8.706561
'[19:08:45.828 20/01/2026]',-17.00776,-5.162405,-5.560616,-15.0327,4.610755E-10,4.610755E-10,-8.119469,-13.15222
'[19:08:45.836 20/01/2026]',14.4569,5.260267,5.802433,19.20014,4.610755E-10,4.610755E-10,6.866329,14.08586
'[19:08:45.844 20/01/2026]',-4.902332,-5.095366,-5.432552,-12.73345,4.610755E-10,4.610755E-10,-4.047098,-10.75856
'[19:08:45.852 20/01/2026]',-6.927461,2.952937,1.742879,-5.036087,4.610755E-10,4.610755E-10,0.2915056,-0.5213149
'[19:08:45.860 20/01/2026]',4.268948,-0.7834636,-1.205543,9.215433,4.610755E-10,4.610755E-10,0.1350606,6.310927
'[19:08:45.868 20/01/2026]',5.027917,1.421632,1.999922,-0.2495908,4.610755E-10,4.610755E-10,-0.2319854,-2.649899
'[19:08:45.876 20/01/2026]',-5.980896,0.08134818,1.552106,-5.455539,4.610755E-10,4.610755E-10,3.121801,-1.579856
'[19:08:45.884 20/01/2026]',-1.011609,-4.17625,-6.341486,-1.446731,4.610755E-10,4.610755E-10,-2.643129,-4.281341
'[19:08:45.892 20/01/2026]',2.405323,3.863774,5.133824,5.061994,4.610755E-10,4.610755E-10,-2.730791,8.988596
'[19:08:45.900 20/01/2026]',0.4931518,3.228482,-0.5733654,2.459723,4.610755E-10,4.610755E-10,4.254169,-2.375514
'[19:08:45.908 20/01/2026]',4.929406,-3.410037,0.4837593,-0.6986237,4.610755E-10,4.610755E-10,1.830925,-0.965587
'[19:08:45.916 20/01/2026]',-7.827861,-1.373806,0.3286776,-6.880402,4.610755E-10,4.610755E-10,-4.121673,1.848977
'[19:08:45.924 20/01/2026]',7.763,10.90976,3.068386,10.24514,4.610755E-10,4.610755E-10,6.041595,-1.215083
'[19:08:45.932 20/01/2026]',-7.000942,-15.55007,-7.892273,-4.446299,4.610755E-10,4.610755E-10,-9.925611,-4.209754
'[19:08:45.940 20/01/2026]',-0.5066649,6.72005,5.705685,-3.774257,4.610755E-10,4.610755E-10,4.69816,3.759526
'[19:08:45.948 20/01/2026]',7.946375,4.032609,2.026808,5.011176,4.610755E-10,4.610755E-10,7.706517,6.239674
'[19:08:45.956 20/01/2026]',-10.78407,-5.808778,-5.093038,-4.196237,4.610755E-10,4.610755E-10,-12.92912,-14.12032
'[19:08:45.964 20/01/2026]',7.048388,3.972466,4.649969,5.497849,4.610755E-10,4.610755E-10,9.694978,11.01134
'[19:08:45.972 20/01/2026]',-3.429271,-5.619909,-5.302365,-8.722059,4.610755E-10,4.610755E-10,-4.21575,-6.3622
'[19:08:45.980 20/01/2026]',4.711891,7.170763,5.718101,6.937834,4.610755E-10,4.610755E-10,2.314973,10.38161
'[19:08:45.988 20/01/2026]',1.376723,-5.231268,-2.037067,7.079112,4.610755E-10,4.610755E-10,-1.565069,-7.540476
'[19:08:45.996 20/01/2026]',-5.108389,3.329568,1.386713,-15.39025,4.610755E-10,4.610755E-10,0.949466,-3.348306
'[19:08:46.004 20/01/2026]',2.090411,-2.355635,-3.774914,6.426713,4.610755E-10,4.610755E-10,-0.04250023,7.767624
'[19:08:46.012 20/01/2026]',-0.7912399,0.7785763,1.473372,0.929045,4.610755E-10,4.610755E-10,-2.265939,-10.75018
'[19:08:46.020 20/01/2026]',5.080334,5.518684,5.244579,9.054133,4.610755E-10,4.610755E-10,5.214555,19.03897
'[19:08:46.028 20/01/2026]',-3.271017,-8.293808,-6.262197,-6.079596,4.610755E-10,4.610755E-10,-4.212623,-15.82471
'[19:08:46.036 20/01/2026]',-9.390369,-1.131315,-4.202893,-18.03734,4.610755E-10,4.610755E-10,-4.368636,-4.095395
'[19:08:46.044 20/01/2026]',18.90854,11.13605,13.3859,26.50273,4.610755E-10,4.610755E-10,12.22843,25.63228
'[19:08:46.052 20/01/2026]',-9.845287,-5.593318,-5.132178,-6.844981,4.610755E-10,4.610755E-10,-7.050737,-18.21605
'[19:08:46.060 20/01/2026]',-8.247436,-6.030704,-7.406765,-14.15564,4.610755E-10,4.610755E-10,-4.733774,-12.88678
'[19:08:46.068 20/01/2026]',19.22356,12.22406,14.10414,21.49381,4.610755E-10,4.610755E-10,13.58956,29.97713
'[19:08:46.076 20/01/2026]',-18.73634,-10.32724,-12.94715,-17.16301,4.610755E-10,4.610755E-10,-13.63887,-19.49707
'[19:08:46.084 20/01/2026]',2.800194,0.3153893,4.581559,1.103295,4.610755E-10,4.610755E-10,5.596821,-0.9017573
'[19:08:46.092 20/01/2026]',1.923718,0.7397704,-0.6821426,6.031829,4.610755E-10,4.610755E-10,-1.930494,3.373833
'[19:08:46.100 20/01/2026]',-2.480544,1.699148,-2.030612,-9.598835,4.610755E-10,4.610755E-10,-3.544143,-3.454658
'[19:08:46.108 20/01/2026]',-2.480544,1.699148,-2.030612,-9.598835,4.610755E-10,4.610755E-10,-3.544143,-3.454658
'[19:08:46.116 20/01/2026]',-2.480544,1.699148,-2.030612,-9.598835,4.610755E-10,4.610755E-10,-3.544143,-3.454658
'[19:08:46.124 20/01/2026]',-2.480544,1.699148,-2.030612,-9.598835,4.610755E-10,4.610755E-10,-3.544143,-3.454658
'[19:08:46.132 20/01/2026]',-2.480544,1.699148,-2.030612,-9.598835,4.610755E-10,4.610755E-10,-3.544143,-3.454658
'[19:08:46.140 20/01/2026]',3.579861,-1.237443,4.072482,5.647797,4.610755E-10,4.610755E-10,6.70617,3.050698
'[19:08:46.148 20/01/2026]',1.326235,-2.801108,-3.233164,4.594474,4.610755E-10,4.610755E-10,-2.911916,5.914633
'[19:08:46.156 20/01/2026]',1.308344,6.911097,3.166913,-0.4659408,4.610755E-10,4.610755E-10,0.8798146,-1.531078
'[19:08:46.164 20/01/2026]',1.308344,6.911097,3.166913,-0.4659408,4.610755E-10,4.610755E-10,0.8798146,-1.531078
'[19:08:46.172 20/01/2026]',1.308344,6.911097,3.166913,-0.4659408,4.610755E-10,4.610755E-10,0.8798146,-1.531078
'[19:08:46.180 20/01/2026]',-4.642023,-1.064641,0.5098273,-5.171504,4.610755E-10,4.610755E-10,1.223524,-9.169975
'[19:08:46.188 20/01/2026]',-4.642023,-1.064641,0.5098273,-5.171504,4.610755E-10,4.610755E-10,1.223524,-9.169975
'[19:08:46.196 20/01/2026]',7.409355,-2.951905,-1.207857,7.24248,4.610755E-10,4.610755E-10,-0.4894621,13.39036
'[19:08:46.204 20/01/2026]',7.409355,-2.951905,-1.207857,7.24248,4.610755E-10,4.610755E-10,-0.4894621,13.39036
'[19:08:46.212 20/01/2026]',-3.131084,0.4661639,0.2057044,-2.573474,4.610755E-10,4.610755E-10,-1.079838,-4.482943
'[19:08:46.220 20/01/2026]',-3.131084,0.4661639,0.2057044,-2.573474,4.610755E-10,4.610755E-10,-1.079838,-4.482943
'[19:08:46.228 20/01/2026]',-1.499419,0.6754107,-0.04217276,0.9691957,4.610755E-10,4.610755E-10,1.576125,-2.938171
'[19:08:46.236 20/01/2026]',-1.499419,0.6754107,-0.04217276,0.9691957,4.610755E-10,4.610755E-10,1.576125,-2.938171
'[19:08:46.244 20/01/2026]',-1.499419,0.6754107,-0.04217276,0.9691957,4.610755E-10,4.610755E-10,1.576125,-2.938171
'[19:08:46.252 20/01/2026]',-5.495875,-1.864466,-2.035855,-4.594346,4.610755E-10,4.610755E-10,-3.689687,-4.694021
'[19:08:46.260 20/01/2026]',-5.495875,-1.864466,-2.035855,-4.594346,4.610755E-10,4.610755E-10,-3.689687,-4.694021
'[19:08:46.268 20/01/2026]',4.520818,-1.653467,-0.873471,-3.059663,4.610755E-10,4.610755E-10,0.3263908,7.556047
'[19:08:46.276 20/01/2026]',4.666181,6.141592,3.83488,11.13105,4.610755E-10,4.610755E-10,4.360677,-0.2092818
'[19:08:46.284 20/01/2026]',4.666181,6.141592,3.83488,11.13105,4.610755E-10,4.610755E-10,4.360677,-0.2092818
'[19:08:46.292 20/01/2026]',4.666181,6.141592,3.83488,11.13105,4.610755E-10,4.610755E-10,4.360677,-0.2092818
'[19:08:46.300 20/01/2026]',4.666181,6.141592,3.83488,11.13105,4.610755E-10,4.610755E-10,4.360677,-0.2092818
'[19:08:46.308 20/01/2026]',4.666181,6.141592,3.83488,11.13105,4.610755E-10,4.610755E-10,4.360677,-0.2092818
'[19:08:46.316 20/01/2026]',-14.76364,-11.53493,-9.444483,-17.9686,4.610755E-10,4.610755E-10,-11.51156,-11.85293
'[19:08:46.324 20/01/2026]',13.38568,7.415655,9.302425,14.8494,4.610755E-10,4.610755E-10,10.71533,11.30138
'[19:08:46.332 20/01/2026]',-2.032701,3.659865,1.84555,0.9577755,4.610755E-10,4.610755E-10,2.444933,-3.280609
'[19:08:46.340 20/01/2026]',-9.745911,-9.524401,-9.883663,-15.19614,4.610755E-10,4.610755E-10,-11.8283,-3.676225
'[19:08:46.348 20/01/2026]',-9.745911,-9.524401,-9.883663,-15.19614,4.610755E-10,4.610755E-10,-11.8283,-3.676225
'[19:08:46.356 20/01/2026]',20.8953,14.83109,13.65939,21.64479,4.610755E-10,4.610755E-10,13.83948,9.842982
'[19:08:46.364 20/01/2026]',-17.6607,-9.890965,-7.643164,-11.33676,4.610755E-10,4.610755E-10,-9.611061,-9.077383
'[19:08:46.372 20/01/2026]',-2.088829,-0.825377,-1.650856,-5.491989,4.610755E-10,4.610755E-10,0.5696134,-4.223503
'[19:08:46.380 20/01/2026]',12.4825,5.266665,4.812615,11.80002,4.610755E-10,4.610755E-10,7.751791,12.4061
'[19:08:46.388 20/01/2026]',-3.880536,-0.2072699,0.1279783,-3.638781,4.610755E-10,4.610755E-10,-2.986542,0.8033842
'[19:08:46.396 20/01/2026]',-16.3899,-12.09213,-13.70818,-17.09399,4.610755E-10,4.610755E-10,-14.635,-24.1368
'[19:08:46.404 20/01/2026]',20.9802,13.12244,13.8842,22.50294,4.610755E-10,4.610755E-10,16.01189,22.33273
'[19:08:46.412 20/01/2026]',0.136318,-1.516677,0.3919837,-3.01546,4.610755E-10,4.610755E-10,-1.00437,2.199598
'[19:08:46.420 20/01/2026]',-12.6454,-6.182939,-8.710677,-12.02295,4.610755E-10,4.610755E-10,-6.993598,-12.9831
'[19:08:46.428 20/01/2026]',-0.8942518,-6.334523,-1.039813,1.330252,4.610755E-10,4.610755E-10,-1.197975,0.9157307
'[19:08:46.436 20/01/2026]',5.990624,9.542636,5.209943,8.802261,4.610755E-10,4.610755E-10,3.755834,4.541931
'[19:08:46.444 20/01/2026]',12.92985,7.865863,5.236644,5.984724,4.610755E-10,4.610755E-10,8.448905,12.13062
'[19:08:46.452 20/01/2026]',-19.17208,-15.84731,-9.0581,-14.95979,4.610755E-10,4.610755E-10,-15.1132,-21.4043
'[19:08:46.460 20/01/2026]',2.089726,7.695901,4.180474,2.325163,4.610755E-10,4.610755E-10,8.557964,9.030211
'[19:08:46.468 20/01/2026]',10.0121,2.825557,1.841569,10.97101,4.610755E-10,4.610755E-10,3.496575,4.812035
'[19:08:46.476 20/01/2026]',-8.898907,-5.246758,-4.555653,-8.925668,4.610755E-10,4.610755E-10,-10.51598,-7.40348
'[19:08:46.484 20/01/2026]',9.728187,4.054964,7.00325,3.272851,4.610755E-10,4.610755E-10,11.60132,7.005769
'[19:08:46.492 20/01/2026]',-5.476196,-3.297728,-5.788151,-0.4110505,4.610755E-10,4.610755E-10,-5.002861,-6.164898
'[19:08:46.500 20/01/2026]',-1.569623,0.5073891,1.382225,-1.26326,4.610755E-10,4.610755E-10,-2.780919,6.638056
'[19:08:46.508 20/01/2026]',-0.1883363,2.667194,0.9326323,-0.547373,4.610755E-10,4.610755E-10,5.062263,-7.028568
'[19:08:46.516 20/01/2026]',10.2297,-1.796635,-0.6394894,8.671291,4.610755E-10,4.610755E-10,-0.0740005,8.037367
'[19:08:46.524 20/01/2026]',-10.67244,-3.264048,-2.40941,-11.03757,4.610755E-10,4.610755E-10,-7.149309,-6.748676
'[19:08:46.532 20/01/2026]',0.2659396,6.723442,4.046765,2.496713,4.610755E-10,4.610755E-10,9.152925,-1.039473
'[19:08:46.540 20/01/2026]',1.567822,-9.711804,-6.955873,-1.343293,4.610755E-10,4.610755E-10,-10.66995,-0.6252508
'[19:08:46.548 20/01/2026]',-3.531555,2.739069,1.448194,0.6195687,4.610755E-10,4.610755E-10,3.126879,-0.6410205
'[19:08:46.556 20/01/2026]',5.760257,6.619701,8.237823,4.777538,4.610755E-10,4.610755E-10,8.79699,8.013913
'[19:08:46.564 20/01/2026]',4.59174,-2.249385,-4.578438,-2.002258,4.610755E-10,4.610755E-10,-6.189007,-4.409523
'[19:08:46.572 20/01/2026]',-8.155509,-2.692371,-2.583016,-0.4448815,4.610755E-10,4.610755E-10,0.2248082,-0.4750843
'[19:08:46.580 20/01/2026]',-0.5871039,-1.705991,0.4080476,-3.153101,4.610755E-10,4.610755E-10,-3.641036,-3.154974
'[19:08:46.588 20/01/2026]',2.499352,2.093375,0.7373586,1.219768,4.610755E-10,4.610755E-10,0.9056389,1.029504
'[19:08:46.596 20/01/2026]',4.692741,5.190623,5.421021,9.433809,4.610755E-10,4.610755E-10,11.69794,11.44058
'[19:08:46.604 20/01/2026]',-8.189949,-9.073841,-10.96207,-14.02357,4.610755E-10,4.610755E-10,-16.92956,-16.19213
'[19:08:46.612 20/01/2026]',-0.08423823,0.9367147,2.241105,1.404338,4.610755E-10,4.610755E-10,3.685503,-0.2046148
'[19:08:46.620 20/01/2026]',8.643047,10.4907,10.49631,9.760818,4.610755E-10,4.610755E-10,11.44569,12.67286
'[19:08:46.628 20/01/2026]',1.627726,-7.163136,-6.83959,0.8623086,4.610755E-10,4.610755E-10,-8.082292,1.733867
'[19:08:46.636 20/01/2026]',-10.05317,1.947966,1.081905,-7.640687,4.610755E-10,4.610755E-10,2.269123,-9.909303
'[19:08:46.644 20/01/2026]',1.267136,-8.85158,-8.512652,-2.931963,4.610755E-10,4.610755E-10,-7.986651,1.319855
'[19:08:46.652 20/01/2026]',9.057923,14.00224,14.1002,15.687,4.610755E-10,4.610755E-10,12.49316,1.243636
'[19:08:46.660 20/01/2026]',-2.842467,-1.788928,-2.628904,-11.07268,4.610755E-10,4.610755E-10,-0.6996878,6.190723
'[19:08:46.668 20/01/2026]',-5.554436,-7.499134,-5.882183,2.792298,4.610755E-10,4.610755E-10,-6.394055,1.488321
'[19:08:46.676 20/01/2026]',6.181269,2.460986,-0.8391789,0.9909949,4.610755E-10,4.610755E-10,1.622162,-12.19532
'[19:08:46.684 20/01/2026]',6.181269,2.460986,-0.8391789,0.9909949,4.610755E-10,4.610755E-10,1.622162,-12.19532
'[19:08:46.692 20/01/2026]',5.924358,9.863426,12.17484,5.465373,4.610755E-10,4.610755E-10,6.918918,14.07602
'[19:08:46.700 20/01/2026]',-8.95491,-4.754331,-4.747922,-6.170434,4.610755E-10,4.610755E-10,-3.267345,-7.02484
'[19:08:46.708 20/01/2026]',-8.95491,-4.754331,-4.747922,-6.170434,4.610755E-10,4.610755E-10,-3.267345,-7.02484
'[19:08:46.716 20/01/2026]',-8.95491,-4.754331,-4.747922,-6.170434,4.610755E-10,4.610755E-10,-3.267345,-7.02484
'[19:08:46.724 20/01/2026]',0.1756542,-9.856347,-10.3799,2.267412,4.610755E-10,4.610755E-10,-7.688617,1.111758
'[19:08:46.732 20/01/2026]',0.1756542,-9.856347,-10.3799,2.267412,4.610755E-10,4.610755E-10,-7.688617,1.111758
'[19:08:46.740 20/01/2026]',-1.859854,5.377205,5.281254,-6.856753,4.610755E-10,4.610755E-10,3.65834,-6.821436
'[19:08:46.748 20/01/2026]',-1.859854,5.377205,5.281254,-6.856753,4.610755E-10,4.610755E-10,3.65834,-6.821436
'[19:08:46.756 20/01/2026]',12.84588,9.81346,10.89843,12.11079,4.610755E-10,4.610755E-10,10.64755,15.67771
'[19:08:46.764 20/01/2026]',12.84588,9.81346,10.89843,12.11079,4.610755E-10,4.610755E-10,10.64755,15.67771
'[19:08:46.772 20/01/2026]',12.84588,9.81346,10.89843,12.11079,4.610755E-10,4.610755E-10,10.64755,15.67771
'[19:08:46.780 20/01/2026]',12.84588,9.81346,10.89843,12.11079,4.610755E-10,4.610755E-10,10.64755,15.67771
'[19:08:46.788 20/01/2026]',-6.763498,-11.54302,-12.97677,-1.676512,4.610755E-10,4.610755E-10,-12.79277,-8.64875
'[19:08:46.796 20/01/2026]',-6.763498,-11.54302,-12.97677,-1.676512,4.610755E-10,4.610755E-10,-12.79277,-8.64875
'[19:08:46.804 20/01/2026]',-6.763498,-11.54302,-12.97677,-1.676512,4.610755E-10,4.610755E-10,-12.79277,-8.64875
'[19:08:46.812 20/01/2026]',2.299781,3.701868,5.202147,-1.275578,4.610755E-10,4.610755E-10,5.973658,0.6443788
'[19:08:46.820 20/01/2026]',-0.1437137,9.087629,6.058832,-0.7686229,4.610755E-10,4.610755E-10,7.851753,4.678832
'[19:08:46.828 20/01/2026]',-1.456323,-8.958873,-7.849067,1.236911,4.610755E-10,4.610755E-10,-13.13443,-4.14464
'[19:08:46.836 20/01/2026]',-1.456323,-8.958873,-7.849067,1.236911,4.610755E-10,4.610755E-10,-13.13443,-4.14464
'[19:08:46.844 20/01/2026]',-1.456323,-8.958873,-7.849067,1.236911,4.610755E-10,4.610755E-10,-13.13443,-4.14464
'[19:08:46.852 20/01/2026]',-1.456323,-8.958873,-7.849067,1.236911,4.610755E-10,4.610755E-10,-13.13443,-4.14464
'[19:08:46.860 20/01/2026]',-2.469156,-0.5926569,1.18646,-0.3298481,4.610755E-10,4.610755E-10,5.214837,0.822391
'[19:08:46.868 20/01/2026]',3.157509,1.614903,0.9176151,-4.315896,4.610755E-10,4.610755E-10,0.9282721,-2.949102
'[19:08:46.876 20/01/2026]',3.157509,1.614903,0.9176151,-4.315896,4.610755E-10,4.610755E-10,0.9282721,-2.949102
'[19:08:46.884 20/01/2026]',6.031615,7.945824,7.102726,9.896771,4.610755E-10,4.610755E-10,3.870305,9.177563
'[19:08:46.892 20/01/2026]',-14.42275,-12.82395,-10.8309,-10.7426,4.610755E-10,4.610755E-10,-9.283287,-10.96278
'[19:08:46.900 20/01/2026]',-14.42275,-12.82395,-10.8309,-10.7426,4.610755E-10,4.610755E-10,-9.283287,-10.96278
'[19:08:46.908 20/01/2026]',-14.42275,-12.82395,-10.8309,-10.7426,4.610755E-10,4.610755E-10,-9.283287,-10.96278
'[19:08:46.916 20/01/2026]',-3.246912,-3.8582,-3.973518,-6.205597,4.610755E-10,4.610755E-10,-2.966362,-4.676859
'[19:08:46.924 20/01/2026]',-3.246912,-3.8582,-3.973518,-6.205597,4.610755E-10,4.610755E-10,-2.966362,-4.676859
'[19:08:46.932 20/01/2026]',22.341,20.42121,17.47282,22.93563,4.610755E-10,4.610755E-10,15.90652,19.47367
'[19:08:46.940 20/01/2026]',-23.88395,-22.19868,-19.98796,-25.0903,4.610755E-10,4.610755E-10,-18.47181,-22.73649
'[19:08:46.948 20/01/2026]',10.91709,11.02693,12.29774,11.93883,4.610755E-10,4.610755E-10,11.63945,10.96178
'[19:08:46.956 20/01/2026]',4.796205,-1.0401,-1.14015,4.668633,4.610755E-10,4.610755E-10,-2.028039,8.442466
'[19:08:46.964 20/01/2026]',-9.802028,-1.440117,-3.103732,-10.3891,4.610755E-10,4.610755E-10,-0.6758007,-17.73251
'[19:08:46.972 20/01/2026]',7.975362,0.2320453,1.307406,5.799386,4.610755E-10,4.610755E-10,-2.520484,9.808009
'[19:08:46.980 20/01/2026]',-4.364873,1.375632,1.032351,-0.5878969,4.610755E-10,4.610755E-10,2.537628,1.838498
'[19:08:46.988 20/01/2026]',-0.914816,-1.405835,-3.545949,-2.306157,4.610755E-10,4.610755E-10,1.394742,-8.421732
'[19:08:46.996 20/01/2026]',5.123308,2.159702,4.338458,3.597176,4.610755E-10,4.610755E-10,-2.906654,9.556892
'[19:08:47.004 20/01/2026]',-12.8546,-9.477154,-4.679205,-8.472441,4.610755E-10,4.610755E-10,0.4429749,-10.16293
'[19:08:47.012 20/01/2026]',2.633839,0.02171605,-6.868937,-2.692135,4.610755E-10,4.610755E-10,-6.441805,-1.755734
'[19:08:47.020 20/01/2026]',16.26193,14.00579,15.33162,16.02397,4.610755E-10,4.610755E-10,7.444063,13.11996
'[19:08:47.028 20/01/2026]',-2.705043,-1.744403,1.774288,2.456841,4.610755E-10,4.610755E-10,8.969399,1.929519
'[19:08:47.036 20/01/2026]',-17.985,-15.84454,-17.64978,-20.2618,4.610755E-10,4.610755E-10,-15.89396,-16.49882
'[19:08:47.044 20/01/2026]',10.42198,9.985932,8.336334,8.666576,4.610755E-10,4.610755E-10,3.779915,7.632821
'[19:08:47.052 20/01/2026]',4.054254,2.895944,3.862273,7.29463,4.610755E-10,4.610755E-10,5.021574,6.454024
'[19:08:47.060 20/01/2026]',-4.340208,-3.693421,-1.543301,-6.758004,4.610755E-10,4.610755E-10,-2.043545,-7.898034
'[19:08:47.068 20/01/2026]',-4.046625,-8.980167,-10.6845,-7.856674,4.610755E-10,4.610755E-10,-9.328562,-5.411022
'[19:08:47.076 20/01/2026]',6.404539,12.93835,11.79168,14.52775,4.610755E-10,4.610755E-10,10.26272,13.5148
'[19:08:47.084 20/01/2026]',0.2404509,0.4263609,1.887557,-2.800099,4.610755E-10,4.610755E-10,3.5629,-3.097558
'[19:08:47.092 20/01/2026]',-3.964807,-10.12173,-9.424949,-9.80826,4.610755E-10,4.610755E-10,-11.75247,-6.622226
'[19:08:47.100 20/01/2026]',1.462412,4.871657,3.151084,6.959466,4.610755E-10,4.610755E-10,3.035589,0.9572374
'[19:08:47.108 20/01/2026]',-4.710486,-3.053684,-1.824516,-3.708022,4.610755E-10,4.610755E-10,2.831278,-1.430719
'[19:08:47.116 20/01/2026]',10.51162,6.720947,4.795932,6.671164,4.610755E-10,4.610755E-10,1.228266,9.689799
'[19:08:47.124 20/01/2026]',-5.663925,-3.143421,-1.186255,-3.279587,4.610755E-10,4.610755E-10,-0.4738862,-5.796977
'[19:08:47.132 20/01/2026]',-4.902279,-5.648363,-5.8253,-5.541811,4.610755E-10,4.610755E-10,-5.42625,-8.447047
'[19:08:47.140 20/01/2026]',-0.6653262,1.020006,3.743687,3.185709,4.610755E-10,4.610755E-10,0.8611878,9.556618
'[19:08:47.148 20/01/2026]',1.703785,-0.812595,-1.0127,-2.361449,4.610755E-10,4.610755E-10,4.452247,-7.944488
'[19:08:47.156 20/01/2026]',11.84019,11.10052,2.411484,10.10231,4.610755E-10,4.610755E-10,-3.328433,9.458581
'[19:08:47.164 20/01/2026]',-11.74796,-9.247985,-1.296025,-8.139488,4.610755E-10,4.610755E-10,-1.759467,-5.592455
'[19:08:47.172 20/01/2026]',-3.281093,-0.2885119,-2.316888,-6.56299,4.610755E-10,4.610755E-10,4.840376,-6.028578
'[19:08:47.180 20/01/2026]',8.293736,-1.932307,-2.502954,10.5,4.610755E-10,4.610755E-10,-6.012218,10.9771
'[19:08:47.188 20/01/2026]',8.020996,8.502046,9.585178,7.576139,4.610755E-10,4.610755E-10,4.648203,-0.586292
'[19:08:47.196 20/01/2026]',-16.25796,-5.369615,-6.83275,-19.36174,4.610755E-10,4.610755E-10,-0.6081388,-11.15306
'[19:08:47.204 20/01/2026]',-4.139005,-6.777217,-5.197222,-0.8348274,4.610755E-10,4.610755E-10,-5.480978,0.9975975
'[19:08:47.212 20/01/2026]',15.7106,3.608371,2.275539,18.49528,4.610755E-10,4.610755E-10,-1.715735,9.9152
'[19:08:47.220 20/01/2026]',-3.763435,8.838648,7.884431,-6.88888,4.610755E-10,4.610755E-10,10.77667,-3.664756
'[19:08:47.228 20/01/2026]',-8.538698,-10.27218,-10.64126,-9.68253,4.610755E-10,4.610755E-10,-9.026735,-2.569217
'[19:08:47.236 20/01/2026]',6.305681,-3.099921,1.637813,3.994356,4.610755E-10,4.610755E-10,-3.423639,-5.584061
'[19:08:47.244 20/01/2026]',-8.247191,0.4471201,-2.281687,-2.290316,4.610755E-10,4.610755E-10,0.1685935,-0.8355853
'[19:08:47.252 20/01/2026]',1.107423,4.462316,3.301816,-2.417726,4.610755E-10,4.610755E-10,5.262201,5.216933
'[19:08:47.260 20/01/2026]',12.43852,3.835385,4.435628,7.728406,4.610755E-10,4.610755E-10,-0.1263807,2.585163
'[19:08:47.268 20/01/2026]',-5.380301,-2.637555,-2.885813,5.204658,4.610755E-10,4.610755E-10,1.614088,-0.9924572
'[19:08:47.276 20/01/2026]',-5.380301,-2.637555,-2.885813,5.204658,4.610755E-10,4.610755E-10,1.614088,-0.9924572
'[19:08:47.284 20/01/2026]',-5.380301,-2.637555,-2.885813,5.204658,4.610755E-10,4.610755E-10,1.614088,-0.9924572
'[19:08:47.292 20/01/2026]',-5.380301,-2.637555,-2.885813,5.204658,4.610755E-10,4.610755E-10,1.614088,-0.9924572
'[19:08:47.300 20/01/2026]',-1.374846,3.096215,5.599731,-2.279292,4.610755E-10,4.610755E-10,2.945191,6.637012
'[19:08:47.308 20/01/2026]',-1.140672,-5.575835,-6.477152,-5.39898,4.610755E-10,4.610755E-10,-6.572005,-5.605179
'[19:08:47.316 20/01/2026]',-5.527761,-6.858316,-8.254016,-8.885118,4.610755E-10,4.610755E-10,-4.758319,-11.83766
'[19:08:47.324 20/01/2026]',12.40749,12.38455,13.07745,17.94129,4.610755E-10,4.610755E-10,10.092,20.58383
'[19:08:47.332 20/01/2026]',12.40749,12.38455,13.07745,17.94129,4.610755E-10,4.610755E-10,10.092,20.58383
'[19:08:47.340 20/01/2026]',1.754873,3.57373,4.557415,0.2388972,4.610755E-10,4.610755E-10,2.163807,-4.444452
'[19:08:47.348 20/01/2026]',1.754873,3.57373,4.557415,0.2388972,4.610755E-10,4.610755E-10,2.163807,-4.444452
'[19:08:47.356 20/01/2026]',1.754873,3.57373,4.557415,0.2388972,4.610755E-10,4.610755E-10,2.163807,-4.444452
'[19:08:47.364 20/01/2026]',-16.06217,-13.73521,-13.59426,-16.94992,4.610755E-10,4.610755E-10,-10.1037,-19.43483
'[19:08:47.372 20/01/2026]',6.207829,6.634172,6.33955,8.605556,4.610755E-10,4.610755E-10,5.731966,20.44111
'[19:08:47.380 20/01/2026]',6.207829,6.634172,6.33955,8.605556,4.610755E-10,4.610755E-10,5.731966,20.44111
'[19:08:47.388 20/01/2026]',6.207829,6.634172,6.33955,8.605556,4.610755E-10,4.610755E-10,5.731966,20.44111
'[19:08:47.396 20/01/2026]',6.207829,6.634172,6.33955,8.605556,4.610755E-10,4.610755E-10,5.731966,20.44111
'[19:08:47.404 20/01/2026]',-2.984894,-3.774045,-3.763187,-4.080687,4.610755E-10,4.610755E-10,-4.122971,-10.84033
'[19:08:47.412 20/01/2026]',9.848172,8.858977,9.37009,9.309979,4.610755E-10,4.610755E-10,7.908677,7.715539
'[19:08:47.420 20/01/2026]',9.848172,8.858977,9.37009,9.309979,4.610755E-10,4.610755E-10,7.908677,7.715539
'[19:08:47.428 20/01/2026]',-12.31425,-12.91222,-13.38069,-11.36846,4.610755E-10,4.610755E-10,-12.73433,-7.722331
'[19:08:47.436 20/01/2026]',-12.31425,-12.91222,-13.38069,-11.36846,4.610755E-10,4.610755E-10,-12.73433,-7.722331
'[19:08:47.444 20/01/2026]',-12.31425,-12.91222,-13.38069,-11.36846,4.610755E-10,4.610755E-10,-12.73433,-7.722331
'[19:08:47.452 20/01/2026]',-12.31425,-12.91222,-13.38069,-11.36846,4.610755E-10,4.610755E-10,-12.73433,-7.722331
'[19:08:47.460 20/01/2026]',6.88573,7.576286,7.925507,5.574171,4.610755E-10,4.610755E-10,9.544563,3.838303
'[19:08:47.468 20/01/2026]',6.88573,7.576286,7.925507,5.574171,4.610755E-10,4.610755E-10,9.544563,3.838303
'[19:08:47.476 20/01/2026]',6.88573,7.576286,7.925507,5.574171,4.610755E-10,4.610755E-10,9.544563,3.838303
'[19:08:47.484 20/01/2026]',-5.156178,2.739415,0.4068871,-5.248854,4.610755E-10,4.610755E-10,-2.118323,-5.413604
'[19:08:47.492 20/01/2026]',4.098991,-2.173695,-3.262167,8.282323,4.610755E-10,4.610755E-10,0.09464217,7.762143
'[19:08:47.500 20/01/2026]',-3.403818,-1.982889,-1.109429,-5.009511,4.610755E-10,4.610755E-10,-0.8015485,-3.823157
'[19:08:47.508 20/01/2026]',4.432996,0.03460904,5.801646,-1.165551,4.610755E-10,4.610755E-10,-0.2602671,-1.052428
'[19:08:47.516 20/01/2026]',-3.115944,4.726111,-2.459453,3.205549,4.610755E-10,4.610755E-10,1.84936,0.9213908
'[19:08:47.524 20/01/2026]',-7.973176,-9.134436,-7.706824,-7.280606,4.610755E-10,4.610755E-10,-5.513155,-3.895641
'[19:08:47.532 20/01/2026]',0.9647977,-4.033955,-0.5888259,-2.816883,4.610755E-10,4.610755E-10,-5.684442,-2.990438
'[19:08:47.540 20/01/2026]',11.39212,17.24474,14.9487,16.42163,4.610755E-10,4.610755E-10,15.78457,12.04791
'[19:08:47.548 20/01/2026]',-10.92517,-9.593043,-10.60477,-14.25503,4.610755E-10,4.610755E-10,-9.750023,-13.44655
'[19:08:47.556 20/01/2026]',3.178466,-2.80084,-1.827574,-0.09536457,4.610755E-10,4.610755E-10,1.285462,7.618834
'[19:08:47.564 20/01/2026]',2.768757,2.792007,3.145979,8.374325,4.610755E-10,4.610755E-10,1.220251,2.629866
'[19:08:47.572 20/01/2026]',-2.884815,-0.5175328,2.598418,-2.504837,4.610755E-10,4.610755E-10,-1.301405,-9.033096
'[19:08:47.580 20/01/2026]',2.971178,6.058228,-1.288438,-3.371202,4.610755E-10,4.610755E-10,4.274163,5.088225
'[19:08:47.588 20/01/2026]',1.08006,-4.489206,-4.129676,2.6808,4.610755E-10,4.610755E-10,-6.950879,5.689163
'[19:08:47.596 20/01/2026]',-10.35239,-11.15769,-0.9394056,-4.247353,4.610755E-10,4.610755E-10,2.096779,-17.29442
'[19:08:47.604 20/01/2026]',8.892936,19.86501,6.412842,2.687143,4.610755E-10,4.610755E-10,2.07083,13.33556
'[19:08:47.612 20/01/2026]',2.370418,-6.083914,-0.02155215,4.464493,4.610755E-10,4.610755E-10,0.8565896,4.844971
'[19:08:47.620 20/01/2026]',-6.579667,-5.678531,-1.865475,-4.862894,4.610755E-10,4.610755E-10,-0.1047039,-14.77582
'[19:08:47.628 20/01/2026]',1.051826,-0.4184689,-5.57607,-0.4814843,4.610755E-10,4.610755E-10,-5.034251,10.57923
'[19:08:47.636 20/01/2026]',4.75199,10.72159,7.663843,7.331287,4.610755E-10,4.610755E-10,5.448903,2.758818
'[19:08:47.644 20/01/2026]',-8.466415,-6.724358,-0.5094366,-8.354342,4.610755E-10,4.610755E-10,1.914681,-7.865311
'[19:08:47.652 20/01/2026]',12.32214,-0.8573394,0.002982118,6.580698,4.610755E-10,4.610755E-10,-2.897901,4.633951
'[19:08:47.660 20/01/2026]',-17.75783,-6.769554,-9.051643,-8.283094,4.610755E-10,4.610755E-10,-5.924263,-7.245026
'[19:08:47.668 20/01/2026]',3.085933,7.174031,3.823856,-1.72761,4.610755E-10,4.610755E-10,2.943383,2.722973
'[19:08:47.676 20/01/2026]',23.66274,6.643538,12.75072,20.45455,4.610755E-10,4.610755E-10,12.95529,15.23785
'[19:08:47.684 20/01/2026]',-19.58088,-8.959466,-10.36817,-16.42887,4.610755E-10,4.610755E-10,-12.51402,-18.62033
'[19:08:47.692 20/01/2026]',1.281175,6.04212,1.734156,1.027789,4.610755E-10,4.610755E-10,3.920431,9.123909
'[19:08:47.700 20/01/2026]',-4.822456,-10.08756,-7.760697,-0.403225,4.610755E-10,4.610755E-10,-4.703016,-5.548236
'[19:08:47.708 20/01/2026]',13.20143,9.155188,10.67712,6.333111,4.610755E-10,4.610755E-10,2.348344,2.797817
'[19:08:47.716 20/01/2026]',-12.99945,-7.395729,-6.081613,-10.74873,4.610755E-10,4.610755E-10,1.071931,-0.474419
'[19:08:47.724 20/01/2026]',11.63293,13.36483,3.413178,11.92283,4.610755E-10,4.610755E-10,3.21494,0.5295456
'[19:08:47.732 20/01/2026]',-3.3705,-6.906382,0.4902806,-4.694995,4.610755E-10,4.610755E-10,-6.651936,-2.647198
'[19:08:47.740 20/01/2026]',-1.497479,-2.024192,0.759041,-0.9003593,4.610755E-10,4.610755E-10,8.020811,10.62906
'[19:08:47.748 20/01/2026]',-3.338697,-6.155204,-10.4503,0.7012489,4.610755E-10,4.610755E-10,-12.17359,-15.442
'[19:08:47.756 20/01/2026]',5.426131,12.99302,12.55184,-0.04069541,4.610755E-10,4.610755E-10,9.705799,7.519228
'[19:08:47.764 20/01/2026]',-8.912459,-8.654174,-5.022808,-6.183034,4.610755E-10,4.610755E-10,-1.91826,-3.478803
'[19:08:47.772 20/01/2026]',10.40374,-0.5620089,-3.310966,13.79733,4.610755E-10,4.610755E-10,-2.560649,12.42005
'[19:08:47.780 20/01/2026]',-6.430785,4.721518,5.313076,-15.461,4.610755E-10,4.610755E-10,2.001815,-16.5348
'[19:08:47.788 20/01/2026]',3.705966,-2.509053,-1.724917,6.192099,4.610755E-10,4.610755E-10,0.2518191,6.973447
'[19:08:47.796 20/01/2026]',-7.909233,-5.984899,-6.961821,1.528686,4.610755E-10,4.610755E-10,-6.237107,-4.669602
'[19:08:47.804 20/01/2026]',-7.909233,-5.984899,-6.961821,1.528686,4.610755E-10,4.610755E-10,-6.237107,-4.669602
'[19:08:47.812 20/01/2026]',17.0816,16.38088,17.86018,12.17113,4.610755E-10,4.610755E-10,16.63933,21.81484
'[19:08:47.820 20/01/2026]',-12.42336,-12.39412,-13.48138,-18.60146,4.610755E-10,4.610755E-10,-14.642,-22.48119
'[19:08:47.828 20/01/2026]',-0.3056708,-0.1915665,1.720249,8.064434,4.610755E-10,4.610755E-10,0.786348,5.620188
'[19:08:47.836 20/01/2026]',3.368121,4.209038,1.959363,4.396536,4.610755E-10,4.610755E-10,5.832526,6.894805
'[19:08:47.844 20/01/2026]',3.368121,4.209038,1.959363,4.396536,4.610755E-10,4.610755E-10,5.832526,6.894805
'[19:08:47.852 20/01/2026]',3.368121,4.209038,1.959363,4.396536,4.610755E-10,4.610755E-10,5.832526,6.894805
'[19:08:47.860 20/01/2026]',-0.5982186,-3.264207,0.08774547,-7.624566,4.610755E-10,4.610755E-10,-4.311823,-12.17812
'[19:08:47.868 20/01/2026]',-0.5982186,-3.264207,0.08774547,-7.624566,4.610755E-10,4.610755E-10,-4.311823,-12.17812
'[19:08:47.876 20/01/2026]',-3.607552,-2.000863,-3.751099,-1.210769,4.610755E-10,4.610755E-10,-2.490794,6.482873
'[19:08:47.884 20/01/2026]',-3.607552,-2.000863,-3.751099,-1.210769,4.610755E-10,4.610755E-10,-2.490794,6.482873
'[19:08:47.892 20/01/2026]',1.833377,5.959704,3.722952,7.212338,4.610755E-10,4.610755E-10,6.941474,2.559256
'[19:08:47.900 20/01/2026]',1.833377,5.959704,3.722952,7.212338,4.610755E-10,4.610755E-10,6.941474,2.559256
'[19:08:47.908 20/01/2026]',-0.467564,-1.307555,0.1860033,-7.359868,4.610755E-10,4.610755E-10,-2.411923,-6.852474
'[19:08:47.916 20/01/2026]',-0.467564,-1.307555,0.1860033,-7.359868,4.610755E-10,4.610755E-10,-2.411923,-6.852474
'[19:08:47.924 20/01/2026]',-0.4794928,-5.815784,-6.02256,-0.5149047,4.610755E-10,4.610755E-10,-5.963292,1.606401
'[19:08:47.932 20/01/2026]',-0.4794928,-5.815784,-6.02256,-0.5149047,4.610755E-10,4.610755E-10,-5.963292,1.606401
'[19:08:47.940 20/01/2026]',2.005635,7.702313,6.735143,3.400571,4.610755E-10,4.610755E-10,5.127112,-0.3527061
'[19:08:47.948 20/01/2026]',2.005635,7.702313,6.735143,3.400571,4.610755E-10,4.610755E-10,5.127112,-0.3527061
'[19:08:47.956 20/01/2026]',2.005635,7.702313,6.735143,3.400571,4.610755E-10,4.610755E-10,5.127112,-0.3527061
'[19:08:47.964 20/01/2026]',2.005635,7.702313,6.735143,3.400571,4.610755E-10,4.610755E-10,5.127112,-0.3527061
'[19:08:47.972 20/01/2026]',2.005635,7.702313,6.735143,3.400571,4.610755E-10,4.610755E-10,5.127112,-0.3527061
'[19:08:47.980 20/01/2026]',2.005635,7.702313,6.735143,3.400571,4.610755E-10,4.610755E-10,5.127112,-0.3527061
'[19:08:47.988 20/01/2026]',1.503992,-0.2682628,-1.460678,1.14779,4.610755E-10,4.610755E-10,0.1180642,7.028529
'[19:08:47.996 20/01/2026]',-3.568668,-6.376037,-2.501612,-1.124579,4.610755E-10,4.610755E-10,-1.437757,-8.119051
'[19:08:48.004 20/01/2026]',-1.836065,6.240195,4.084079,-2.776033,4.610755E-10,4.610755E-10,2.832326,1.669918
'[19:08:48.012 20/01/2026]',-1.836065,6.240195,4.084079,-2.776033,4.610755E-10,4.610755E-10,2.832326,1.669918
'[19:08:48.020 20/01/2026]',-4.958599,-8.431979,-11.52568,-5.281703,4.610755E-10,4.610755E-10,-12.20969,-6.726142
'[19:08:48.028 20/01/2026]',-4.958599,-8.431979,-11.52568,-5.281703,4.610755E-10,4.610755E-10,-12.20969,-6.726142
'[19:08:48.036 20/01/2026]',14.05956,7.132675,12.35367,12.08217,4.610755E-10,4.610755E-10,14.13895,11.22511
'[19:08:48.044 20/01/2026]',-8.749749,-4.253873,-6.934635,-6.659978,4.610755E-10,4.610755E-10,-7.537533,-2.964322
'[19:08:48.052 20/01/2026]',-8.749749,-4.253873,-6.934635,-6.659978,4.610755E-10,4.610755E-10,-7.537533,-2.964322
'[19:08:48.060 20/01/2026]',-8.749749,-4.253873,-6.934635,-6.659978,4.610755E-10,4.610755E-10,-7.537533,-2.964322
'[19:08:48.068 20/01/2026]',-1.510005,3.854763,3.055131,-1.043918,4.610755E-10,4.610755E-10,2.557615,-7.948764
'[19:08:48.076 20/01/2026]',-1.510005,3.854763,3.055131,-1.043918,4.610755E-10,4.610755E-10,2.557615,-7.948764
'[19:08:48.084 20/01/2026]',12.42139,6.036296,9.801048,11.89946,4.610755E-10,4.610755E-10,10.14839,19.43638
'[19:08:48.092 20/01/2026]',12.42139,6.036296,9.801048,11.89946,4.610755E-10,4.610755E-10,10.14839,19.43638
'[19:08:48.100 20/01/2026]',-13.39005,-10.84974,-13.54657,-16.53456,4.610755E-10,4.610755E-10,-11.86586,-18.3741
'[19:08:48.108 20/01/2026]',-2.172218,0.5510076,-2.229576,-0.6167451,4.610755E-10,4.610755E-10,-5.075268,-2.838561
'[19:08:48.116 20/01/2026]',9.015602,-0.177013,3.029572,14.49932,4.610755E-10,4.610755E-10,6.119909,11.71256
'[19:08:48.124 20/01/2026]',-4.658219,5.286204,7.090991,-10.59697,4.610755E-10,4.610755E-10,2.954041,-4.910067
'[19:08:48.132 20/01/2026]',7.843597,2.249282,-1.592912,3.58729,4.610755E-10,4.610755E-10,0.6101596,4.560826
'[19:08:48.140 20/01/2026]',-6.470086,-5.060207,-3.73228,2.874941,4.610755E-10,4.610755E-10,-1.290474,-5.028572
'[19:08:48.148 20/01/2026]',-6.548582,-4.574025,-4.206738,-7.779618,4.610755E-10,4.610755E-10,-8.254238,-2.043535
'[19:08:48.156 20/01/2026]',11.02553,7.381367,6.736662,5.31569,4.610755E-10,4.610755E-10,7.040864,3.368758
'[19:08:48.164 20/01/2026]',-6.865378,-5.282199,-2.992829,-4.953084,4.610755E-10,4.610755E-10,0.001792302,-1.719895
'[19:08:48.172 20/01/2026]',9.213629,14.10759,10.41773,14.32558,4.610755E-10,4.610755E-10,7.819131,9.464781
'[19:08:48.180 20/01/2026]',-23.35008,-27.18812,-23.00404,-27.01569,4.610755E-10,4.610755E-10,-24.03517,-24.33868
'[19:08:48.188 20/01/2026]',33.41631,31.36678,27.35368,32.50754,4.610755E-10,4.610755E-10,31.61858,37.64557
'[19:08:48.196 20/01/2026]',-19.96601,-15.15363,-12.49275,-17.86119,4.610755E-10,4.610755E-10,-16.49721,-27.20942
'[19:08:48.204 20/01/2026]',-0.1455841,-3.925293,-2.844544,-2.1687,4.610755E-10,4.610755E-10,-4.12288,0.299473
'[19:08:48.212 20/01/2026]',20.25835,19.88913,15.09173,21.44703,4.610755E-10,4.610755E-10,20.72068,27.47959
'[19:08:48.220 20/01/2026]',-31.92718,-22.93699,-18.98954,-29.35804,4.610755E-10,4.610755E-10,-22.41966,-30.86978
'[19:08:48.228 20/01/2026]',18.22281,8.814838,9.379079,15.31785,4.610755E-10,4.610755E-10,6.666726,6.700133
'[19:08:48.236 20/01/2026]',10.75845,3.868027,1.824117,10.16542,4.610755E-10,4.610755E-10,6.977149,17.07023
'[19:08:48.244 20/01/2026]',-27.27088,-4.557183,-4.315886,-22.28463,4.610755E-10,4.610755E-10,-5.748122,-16.54552
'[19:08:48.252 20/01/2026]',3.936288,-12.59963,-3.361308,10.20768,4.610755E-10,4.610755E-10,2.739985,3.414263
'[19:08:48.260 20/01/2026]',-6.113863,-4.157365,-2.449167,-4.509716,4.610755E-10,4.610755E-10,-5.935336,-0.3289337
'[19:08:48.268 20/01/2026]',43.90753,46.75599,21.64988,12.10073,4.610755E-10,4.610755E-10,6.98912,4.706525
'[19:08:48.276 20/01/2026]',-8.495842,-14.23859,-5.158664,1.162369,4.610755E-10,4.610755E-10,4.348242,0.830794
'[19:08:48.284 20/01/2026]',-30.99911,-25.45274,-12.49509,-10.42216,4.610755E-10,4.610755E-10,-7.65939,-4.046349
'[19:08:48.292 20/01/2026]',12.62219,15.02561,6.5512,4.178138,4.610755E-10,4.610755E-10,6.174858,5.267769
'[19:08:48.300 20/01/2026]',2.304951,-0.1729362,-0.4349777,-1.460436,4.610755E-10,4.610755E-10,-7.217531,-9.742863
'[19:08:48.308 20/01/2026]',1.417034,-2.339049,0.1292381,1.584336,4.610755E-10,4.610755E-10,4.169309,7.817233
'[19:08:48.316 20/01/2026]',-6.062604,-5.597633,-2.772243,0.2967117,4.610755E-10,4.610755E-10,0.09691501,-0.1130602
'[19:08:48.324 20/01/2026]',2.534299,7.895698,6.833408,0.1325637,4.610755E-10,4.610755E-10,4.33548,-2.229327
'[19:08:48.332 20/01/2026]',17.22209,17.44236,9.298129,11.46016,4.610755E-10,4.610755E-10,5.506457,13.35259
'[19:08:48.340 20/01/2026]',-22.4095,-33.73761,-26.35285,-17.615,4.610755E-10,4.610755E-10,-21.37473,-18.12121
'[19:08:48.348 20/01/2026]',17.9712,25.79241,25.47787,14.77727,4.610755E-10,4.610755E-10,26.23953,15.06386
'[19:08:48.356 20/01/2026]',-9.695866,-6.339785,-6.944884,-5.603595,4.610755E-10,4.610755E-10,-12.16163,-3.936954
'[19:08:48.364 20/01/2026]',1.862543,-6.212838,-7.567219,-0.5273202,4.610755E-10,4.610755E-10,-4.825244,-7.676656
'[19:08:48.372 20/01/2026]',-21.94889,-19.28008,-19.17053,-23.76589,4.610755E-10,4.610755E-10,-14.99186,-17.53222
'[19:08:48.380 20/01/2026]',25.32529,28.50078,30.83742,29.14202,4.610755E-10,4.610755E-10,27.41624,32.31071
'[19:08:48.388 20/01/2026]',13.69407,14.23518,12.76243,8.982258,4.610755E-10,4.610755E-10,11.16127,6.066534
'[19:08:48.396 20/01/2026]',-22.54744,-36.86716,-35.83404,-19.0225,4.610755E-10,4.610755E-10,-32.80526,-29.34686
'[19:08:48.404 20/01/2026]',2.30176,14.39271,13.049,6.997618,4.610755E-10,4.610755E-10,12.63103,17.98122
'[19:08:48.412 20/01/2026]',-5.838736,2.024215,0.1117004,-12.81959,4.610755E-10,4.610755E-10,1.304739,-11.92115
'[19:08:48.420 20/01/2026]',13.34153,-0.5599529,4.820873,13.82493,4.610755E-10,4.610755E-10,-0.5896722,7.32716
'[19:08:48.428 20/01/2026]',13.34153,-0.5599529,4.820873,13.82493,4.610755E-10,4.610755E-10,-0.5896722,7.32716
'[19:08:48.436 20/01/2026]',-0.01032764,-3.740893,-4.907069,2.40868,4.610755E-10,4.610755E-10,-1.403723,5.931567
'[19:08:48.444 20/01/2026]',-13.23332,0.8747499,-4.000762,-18.14877,4.610755E-10,4.610755E-10,-0.6670671,-16.91354
'[19:08:48.452 20/01/2026]',-13.23332,0.8747499,-4.000762,-18.14877,4.610755E-10,4.610755E-10,-0.6670671,-16.91354
'[19:08:48.460 20/01/2026]',-13.23332,0.8747499,-4.000762,-18.14877,4.610755E-10,4.610755E-10,-0.6670671,-16.91354
'[19:08:48.468 20/01/2026]',13.88107,5.835193,9.302181,15.4896,4.610755E-10,4.610755E-10,6.255107,17.08845
'[19:08:48.476 20/01/2026]',13.88107,5.835193,9.302181,15.4896,4.610755E-10,4.610755E-10,6.255107,17.08845
'[19:08:48.484 20/01/2026]',13.88107,5.835193,9.302181,15.4896,4.610755E-10,4.610755E-10,6.255107,17.08845
'[19:08:48.492 20/01/2026]',13.88107,5.835193,9.302181,15.4896,4.610755E-10,4.610755E-10,6.255107,17.08845
'[19:08:48.500 20/01/2026]',-6.768376,-9.588935,-6.998648,3.068461,4.610755E-10,4.610755E-10,-7.236167,-2.822409
'[19:08:48.508 20/01/2026]',-1.619695,2.75028,0.4231923,-12.9158,4.610755E-10,4.610755E-10,3.038094,-8.412768
'[19:08:48.516 20/01/2026]',-1.619695,2.75028,0.4231923,-12.9158,4.610755E-10,4.610755E-10,3.038094,-8.412768
'[19:08:48.524 20/01/2026]',5.806243,5.072943,3.600097,8.729727,4.610755E-10,4.610755E-10,0.04422684,5.606755
'[19:08:48.532 20/01/2026]',-9.368439,-7.227197,-4.902169,-5.134444,4.610755E-10,4.610755E-10,-4.872526,-3.107871
'[19:08:48.540 20/01/2026]',-9.368439,-7.227197,-4.902169,-5.134444,4.610755E-10,4.610755E-10,-4.872526,-3.107871
'[19:08:48.548 20/01/2026]',10.2662,6.058156,4.247524,5.67487,4.610755E-10,4.610755E-10,7.399946,6.92648
'[19:08:48.556 20/01/2026]',10.2662,6.058156,4.247524,5.67487,4.610755E-10,4.610755E-10,7.399946,6.92648
'[19:08:48.564 20/01/2026]',-13.17551,-2.261693,-5.873675,-10.24284,4.610755E-10,4.610755E-10,-4.627149,-11.92989
'[19:08:48.572 20/01/2026]',-13.17551,-2.261693,-5.873675,-10.24284,4.610755E-10,4.610755E-10,-4.627149,-11.92989
'[19:08:48.580 20/01/2026]',-13.17551,-2.261693,-5.873675,-10.24284,4.610755E-10,4.610755E-10,-4.627149,-11.92989
'[19:08:48.588 20/01/2026]',13.93469,2.204623,7.6978,7.28453,4.610755E-10,4.610755E-10,3.351935,8.936687
'[19:08:48.596 20/01/2026]',-0.5658621,-1.972367,-1.391997,6.354193,4.610755E-10,4.610755E-10,-2.07839,1.972051
'[19:08:48.604 20/01/2026]',-0.5658621,-1.972367,-1.391997,6.354193,4.610755E-10,4.610755E-10,-2.07839,1.972051
'[19:08:48.612 20/01/2026]',-0.5658621,-1.972367,-1.391997,6.354193,4.610755E-10,4.610755E-10,-2.07839,1.972051
'[19:08:48.620 20/01/2026]',-0.5658621,-1.972367,-1.391997,6.354193,4.610755E-10,4.610755E-10,-2.07839,1.972051
'[19:08:48.628 20/01/2026]',-9.930822,-2.140756,-3.92049,-11.86023,4.610755E-10,4.610755E-10,-3.14969,-9.327923
'[19:08:48.636 20/01/2026]',-9.930822,-2.140756,-3.92049,-11.86023,4.610755E-10,4.610755E-10,-3.14969,-9.327923
'[19:08:48.644 20/01/2026]',4.180106,2.694711,3.434026,0.8286356,4.610755E-10,4.610755E-10,5.805161,2.357359
'[19:08:48.652 20/01/2026]',4.180106,2.694711,3.434026,0.8286356,4.610755E-10,4.610755E-10,5.805161,2.357359
'[19:08:48.660 20/01/2026]',4.180106,2.694711,3.434026,0.8286356,4.610755E-10,4.610755E-10,5.805161,2.357359
'[19:08:48.668 20/01/2026]',4.180106,2.694711,3.434026,0.8286356,4.610755E-10,4.610755E-10,5.805161,2.357359
'[19:08:48.676 20/01/2026]',6.643855,-0.8520995,-2.700193,8.796558,4.610755E-10,4.610755E-10,-2.756078,8.728214
'[19:08:48.684 20/01/2026]',-1.644612,10.15275,9.559924,3.624892,4.610755E-10,4.610755E-10,9.318019,4.723703
'[19:08:48.692 20/01/2026]',-1.644612,10.15275,9.559924,3.624892,4.610755E-10,4.610755E-10,9.318019,4.723703
'[19:08:48.700 20/01/2026]',-2.078876,-5.54319,-5.107051,-8.361712,4.610755E-10,4.610755E-10,-5.285759,-14.57107
'[19:08:48.708 20/01/2026]',-12.68968,-23.43367,-18.67448,-9.93868,4.610755E-10,4.610755E-10,-18.96228,-0.996052
'[19:08:48.716 20/01/2026]',-17.56431,0.7208094,-3.780981,-19.53959,4.610755E-10,4.610755E-10,-4.770669,-23.98815
'[19:08:48.724 20/01/2026]',48.98486,39.13496,40.60603,54.00545,4.610755E-10,4.610755E-10,42.27531,47.39343
'[19:08:48.732 20/01/2026]',-27.01104,-33.70653,-31.42734,-29.29801,4.610755E-10,4.610755E-10,-30.89604,-14.962
'[19:08:48.740 20/01/2026]',-18.63882,-2.975722,-5.111058,-20.30964,4.610755E-10,4.610755E-10,-8.294538,-28.9081
'[19:08:48.748 20/01/2026]',38.68327,34.0805,32.22489,42.33405,4.610755E-10,4.610755E-10,33.51114,37.4231
'[19:08:48.756 20/01/2026]',-21.18414,-38.98913,-26.07692,-21.37476,4.610755E-10,4.610755E-10,-24.91649,-12.99197
'[19:08:48.764 20/01/2026]',-8.487408,6.602924,-5.347973,-13.83208,4.610755E-10,4.610755E-10,-4.81646,-13.59376
'[19:08:48.772 20/01/2026]',19.47412,25.57326,21.01591,24.14367,4.610755E-10,4.610755E-10,16.05507,16.04897
'[19:08:48.780 20/01/2026]',-7.153615,-15.45253,-5.568687,-5.00964,4.610755E-10,4.610755E-10,-1.576912,-0.5212031
'[19:08:48.788 20/01/2026]',-11.03456,-11.20643,-12.57358,-13.54082,4.610755E-10,4.610755E-10,-10.34296,-9.468731
'[19:08:48.796 20/01/2026]',13.49395,13.01375,14.41202,15.1009,4.610755E-10,4.610755E-10,12.05105,13.03016
'[19:08:48.804 20/01/2026]',-20.442,-16.22257,-14.73908,-13.31703,4.610755E-10,4.610755E-10,-10.91805,-14.44539
'[19:08:48.812 20/01/2026]',30.57336,30.15116,15.86378,8.144635,4.610755E-10,4.610755E-10,3.235425,3.995584
'[19:08:48.820 20/01/2026]',10.87518,3.970403,9.310166,16.9225,4.610755E-10,4.610755E-10,14.16007,17.91323
'[19:08:48.828 20/01/2026]',-42.98363,-35.61776,-26.49294,-28.75037,4.610755E-10,4.610755E-10,-19.15172,-23.53108
'[19:08:48.836 20/01/2026]',15.20312,16.25568,10.37818,11.09407,4.610755E-10,4.610755E-10,8.734052,6.38532
'[19:08:48.844 20/01/2026]',16.57566,7.028085,7.258118,9.601471,4.610755E-10,4.610755E-10,2.570954,11.49541
'[19:08:48.852 20/01/2026]',-17.88061,-9.16057,-8.730996,-11.76938,4.610755E-10,4.610755E-10,-5.29608,-12.38373
'[19:08:48.860 20/01/2026]',5.415644,2.706086,2.250682,6.207181,4.610755E-10,4.610755E-10,2.64735,1.089753
'[19:08:48.868 20/01/2026]',7.563471,1.142951,3.016733,1.241724,4.610755E-10,4.610755E-10,2.032863,12.0144
'[19:08:48.876 20/01/2026]',-16.04052,-2.253624,-5.137096,-9.522492,4.610755E-10,4.610755E-10,-5.468343,-18.34418
'[19:08:48.884 20/01/2026]',9.481938,2.271353,3.560581,9.692752,4.610755E-10,4.610755E-10,4.794003,12.03475
'[19:08:48.892 20/01/2026]',1.597477,-5.075408,-2.591844,-4.406314,4.610755E-10,4.610755E-10,-1.400462,1.114348
'[19:08:48.900 20/01/2026]',-8.475902,3.233943,0.919314,-3.453528,4.610755E-10,4.610755E-10,-1.220892,-12.0355
'[19:08:48.908 20/01/2026]',4.959544,3.040871,2.159805,6.567735,4.610755E-10,4.610755E-10,3.477094,9.786325
'[19:08:48.916 20/01/2026]',7.660225,-0.3701057,1.43199,2.973607,4.610755E-10,4.610755E-10,0.3524203,4.503687
'[19:08:48.924 20/01/2026]',-10.60302,-7.197056,-7.990612,-10.58082,4.610755E-10,4.610755E-10,-8.384505,-10.72069
'[19:08:48.932 20/01/2026]',0.3159914,3.4622,4.779654,2.887827,4.610755E-10,4.610755E-10,6.793508,-0.08347909
'[19:08:48.940 20/01/2026]',0.4137128,1.316141,-0.3871281,-0.2016922,4.610755E-10,4.610755E-10,-0.5769151,6.722775
'[19:08:48.948 20/01/2026]',5.639726,-2.778987,2.772673,6.824492,4.610755E-10,4.610755E-10,0.9495388,0.08616533
'[19:08:48.956 20/01/2026]',-1.530083,1.964172,-2.013622,-1.174075,4.610755E-10,4.610755E-10,-1.519158,-4.909638
'[19:08:48.964 20/01/2026]',-3.333214,3.243594,-0.324975,-7.395771,4.610755E-10,4.610755E-10,-0.7305738,4.21695
'[19:08:48.972 20/01/2026]',11.25245,-0.1868285,6.928327,11.65948,4.610755E-10,4.610755E-10,8.616112,3.146256
'[19:08:48.980 20/01/2026]',-10.04904,-5.976929,-9.836798,-6.808727,4.610755E-10,4.610755E-10,-10.04653,-3.878835
'[19:08:48.988 20/01/2026]',2.29227,5.320959,4.070781,3.324816,4.610755E-10,4.610755E-10,2.097243,5.319968
'[19:08:48.996 20/01/2026]',0.6440497,0.3811031,1.399284,-5.732681,4.610755E-10,4.610755E-10,4.52727,-13.0271
'[19:08:49.004 20/01/2026]',0.6440497,0.3811031,1.399284,-5.732681,4.610755E-10,4.610755E-10,4.52727,-13.0271
'[19:08:49.012 20/01/2026]',-0.938984,-2.316385,-1.497825,2.296048,4.610755E-10,4.610755E-10,-3.458476,12.03575
'[19:08:49.020 20/01/2026]',2.889466,-1.95302,-3.992067,3.26674,4.610755E-10,4.610755E-10,-3.131321,-2.220964
'[19:08:49.028 20/01/2026]',3.877605,5.55686,9.080285,1.916205,4.610755E-10,4.610755E-10,8.849077,2.842207
'[19:08:49.036 20/01/2026]',-14.68889,-2.636618,-5.867467,-10.22894,4.610755E-10,4.610755E-10,-7.146483,-5.531013
'[19:08:49.044 20/01/2026]',-14.68889,-2.636618,-5.867467,-10.22894,4.610755E-10,4.610755E-10,-7.146483,-5.531013
'[19:08:49.052 20/01/2026]',12.66712,-1.814271,0.6377991,13.92611,4.610755E-10,4.610755E-10,2.426752,2.528376
'[19:08:49.060 20/01/2026]',12.66712,-1.814271,0.6377991,13.92611,4.610755E-10,4.610755E-10,2.426752,2.528376
'[19:08:49.068 20/01/2026]',12.66712,-1.814271,0.6377991,13.92611,4.610755E-10,4.610755E-10,2.426752,2.528376
'[19:08:49.076 20/01/2026]',-6.795986,2.044159,0.2381527,-12.80014,4.610755E-10,4.610755E-10,-1.837372,-4.365829
'[19:08:49.084 20/01/2026]',-7.015671,-1.686596,-2.134051,-6.823796,4.610755E-10,4.610755E-10,-1.42588,-1.058794
'[19:08:49.092 20/01/2026]',22.01491,7.982437,10.40981,27.29668,4.610755E-10,4.610755E-10,12.20672,17.89993
'[19:08:49.100 20/01/2026]',22.01491,7.982437,10.40981,27.29668,4.610755E-10,4.610755E-10,12.20672,17.89993
'[19:08:49.108 20/01/2026]',22.01491,7.982437,10.40981,27.29668,4.610755E-10,4.610755E-10,12.20672,17.89993
'[19:08:49.116 20/01/2026]',22.01491,7.982437,10.40981,27.29668,4.610755E-10,4.610755E-10,12.20672,17.89993
'[19:08:49.124 20/01/2026]',-13.48903,-10.62579,-13.57088,-14.23137,4.610755E-10,4.610755E-10,-15.86209,-19.21078
'[19:08:49.132 20/01/2026]',0.6950495,7.825359,7.823291,-4.943933,4.610755E-10,4.610755E-10,10.87636,11.03978
'[19:08:49.140 20/01/2026]',0.6950495,7.825359,7.823291,-4.943933,4.610755E-10,4.610755E-10,10.87636,11.03978
'[19:08:49.148 20/01/2026]',1.70676,-5.256384,-4.654228,5.836103,4.610755E-10,4.610755E-10,-6.096884,-6.026423
'[19:08:49.156 20/01/2026]',1.70676,-5.256384,-4.654228,5.836103,4.610755E-10,4.610755E-10,-6.096884,-6.026423
'[19:08:49.164 20/01/2026]',1.70676,-5.256384,-4.654228,5.836103,4.610755E-10,4.610755E-10,-6.096884,-6.026423
'[19:08:49.172 20/01/2026]',1.70676,-5.256384,-4.654228,5.836103,4.610755E-10,4.610755E-10,-6.096884,-6.026423
'[19:08:49.180 20/01/2026]',1.70676,-5.256384,-4.654228,5.836103,4.610755E-10,4.610755E-10,-6.096884,-6.026423
'[19:08:49.188 20/01/2026]',5.278898,4.314415,4.937807,6.38437,4.610755E-10,4.610755E-10,5.75433,6.436682
'[19:08:49.196 20/01/2026]',-4.04985,0.4815191,-0.4638543,-6.816514,4.610755E-10,4.610755E-10,-1.691406,-2.332431
'[19:08:49.204 20/01/2026]',-4.04985,0.4815191,-0.4638543,-6.816514,4.610755E-10,4.610755E-10,-1.691406,-2.332431
'[19:08:49.212 20/01/2026]',-4.04985,0.4815191,-0.4638543,-6.816514,4.610755E-10,4.610755E-10,-1.691406,-2.332431
'[19:08:49.220 20/01/2026]',-5.513168,-6.396391,-5.914699,-5.141434,4.610755E-10,4.610755E-10,-6.460311,-7.237847
'[19:08:49.228 20/01/2026]',5.625194,3.649405,4.635989,6.2508,4.610755E-10,4.610755E-10,5.517885,9.137883
'[19:08:49.236 20/01/2026]',-0.9057184,2.050499,0.568453,-0.4194174,4.610755E-10,4.610755E-10,0.3303859,-3.990515
'[19:08:49.244 20/01/2026]',-0.9057184,2.050499,0.568453,-0.4194174,4.610755E-10,4.610755E-10,0.3303859,-3.990515
'[19:08:49.252 20/01/2026]',-0.9057184,2.050499,0.568453,-0.4194174,4.610755E-10,4.610755E-10,0.3303859,-3.990515
'[19:08:49.260 20/01/2026]',-0.9057184,2.050499,0.568453,-0.4194174,4.610755E-10,4.610755E-10,0.3303859,-3.990515
'[19:08:49.268 20/01/2026]',-2.295374,0.3051046,0.6365554,-1.109693,4.610755E-10,4.610755E-10,0.7169367,-0.5701371
'[19:08:49.276 20/01/2026]',-2.295374,0.3051046,0.6365554,-1.109693,4.610755E-10,4.610755E-10,0.7169367,-0.5701371
'[19:08:49.284 20/01/2026]',-4.292629,-15.79836,-7.056773,-4.562158,4.610755E-10,4.610755E-10,-5.780178,0.7197778
'[19:08:49.292 20/01/2026]',8.267455,16.00558,7.225312,6.066938,4.610755E-10,4.610755E-10,7.606776,0.2101019
'[19:08:49.300 20/01/2026]',-3.887217,3.242688,-1.383212,-5.050072,4.610755E-10,4.610755E-10,-7.767977,-4.239213
'[19:08:49.308 20/01/2026]',-2.532494,-12.74829,-4.655977,0.6475753,4.610755E-10,4.610755E-10,3.75113,2.620401
'[19:08:49.316 20/01/2026]',9.34361,6.305916,5.128521,9.326371,4.610755E-10,4.610755E-10,2.644725,4.987451
'[19:08:49.324 20/01/2026]',-13.28925,2.488177,0.4241917,-13.95505,4.610755E-10,4.610755E-10,-2.953106,-6.843165
'[19:08:49.332 20/01/2026]',11.62082,-1.033002,-0.7255034,10.35901,4.610755E-10,4.610755E-10,3.701646,4.999165
'[19:08:49.340 20/01/2026]',-8.185836,-4.982123,-3.547197,-3.711294,4.610755E-10,4.610755E-10,-7.097653,-5.674627
'[19:08:49.348 20/01/2026]',3.492338,7.378111,5.533808,-1.657196,4.610755E-10,4.610755E-10,8.539676,4.913229
'[19:08:49.356 20/01/2026]',-2.839301,-6.336893,-7.66936,-1.85882,4.610755E-10,4.610755E-10,-9.740103,-6.197737
'[19:08:49.364 20/01/2026]',-0.612371,-2.912902,3.520631,2.632618,4.610755E-10,4.610755E-10,2.700061,1.499245
'[19:08:49.372 20/01/2026]',4.176977,7.426094,2.703961,3.287233,4.610755E-10,4.610755E-10,5.704068,5.933238
'[19:08:49.380 20/01/2026]',-5.075545,-6.310529,-7.479151,-9.652719,4.610755E-10,4.610755E-10,-8.78445,-10.39928
'[19:08:49.388 20/01/2026]',3.97726,0.9345549,5.233049,5.337343,4.610755E-10,4.610755E-10,4.066165,6.246003
'[19:08:49.396 20/01/2026]',-1.657834,3.567607,-0.7129542,1.608249,4.610755E-10,4.610755E-10,0.7962507,0.3170829
'[19:08:49.404 20/01/2026]',-5.36409,-9.010769,-6.99132,-6.367996,4.610755E-10,4.610755E-10,-7.525419,-9.155495
'[19:08:49.412 20/01/2026]',11.07594,5.766782,7.417425,7.225864,4.610755E-10,4.610755E-10,7.757229,11.97595
'[19:08:49.420 20/01/2026]',-8.880168,2.998211,0.3702431,-2.244581,4.610755E-10,4.610755E-10,0.6476326,-2.615751
'[19:08:49.428 20/01/2026]',2.023946,-5.105912,-5.013668,-2.304368,4.610755E-10,4.610755E-10,-5.576304,-5.13906
'[19:08:49.436 20/01/2026]',0.9951062,0.7078231,4.42102,1.211649,4.610755E-10,4.610755E-10,2.609654,5.617548
'[19:08:49.444 20/01/2026]',-10.80396,-5.384912,-11.04624,-7.587222,4.610755E-10,4.610755E-10,-8.749127,-15.17547
'[19:08:49.452 20/01/2026]',30.91524,23.56223,24.93067,25.88936,4.610755E-10,4.610755E-10,26.9006,34.26257
'[19:08:49.460 20/01/2026]',-24.60559,-22.48627,-18.75475,-21.5916,4.610755E-10,4.610755E-10,-25.20144,-24.57489
'[19:08:49.468 20/01/2026]',-7.944725,0.668897,-4.971333,-7.21898,4.610755E-10,4.610755E-10,2.03648,-10.48641
'[19:08:49.476 20/01/2026]',22.71304,8.761882,12.85528,21.74046,4.610755E-10,4.610755E-10,10.2693,26.9356
'[19:08:49.484 20/01/2026]',-9.335365,-3.752452,-5.161856,-11.86067,4.610755E-10,4.610755E-10,-9.210979,-14.82598
'[19:08:49.492 20/01/2026]',-8.144229,-0.4860316,-2.662109,-2.097597,4.610755E-10,4.610755E-10,6.262764,-2.774975
'[19:08:49.500 20/01/2026]',-0.1932931,-2.18084,0.8128663,-2.426733,4.610755E-10,4.610755E-10,-7.442337,1.562232
'[19:08:49.508 20/01/2026]',11.01214,0.410748,-0.1422559,6.482337,4.610755E-10,4.610755E-10,1.166399,0.8742391
'[19:08:49.516 20/01/2026]',-5.949826,1.986997,2.396384,-1.595178,4.610755E-10,4.610755E-10,8.178542,2.517614
'[19:08:49.524 20/01/2026]',13.43615,8.529831,8.427568,11.73725,4.610755E-10,4.610755E-10,2.202181,7.170225
'[19:08:49.532 20/01/2026]',-16.21418,-14.19223,-13.68052,-18.39342,4.610755E-10,4.610755E-10,-12.8844,-12.74592
'[19:08:49.540 20/01/2026]',-3.667439,0.1040702,-1.952298,-2.215226,4.610755E-10,4.610755E-10,0.9039205,-4.091181
'[19:08:49.548 20/01/2026]',17.88435,12.16273,16.03846,21.66745,4.610755E-10,4.610755E-10,11.30354,17.90675
'[19:08:49.556 20/01/2026]',-11.19343,-8.713855,-12.47535,-9.774674,4.610755E-10,4.610755E-10,-4.486961,-6.88617
'[19:08:49.564 20/01/2026]',3.54218,2.277242,3.616409,-5.434179,4.610755E-10,4.610755E-10,-3.064272,-4.381973
'[19:08:49.572 20/01/2026]',5.610377,3.598702,4.157807,9.503148,4.610755E-10,4.610755E-10,4.702798,7.190951
'[19:08:49.580 20/01/2026]',-14.20269,-8.583458,-8.491867,-7.14344,4.610755E-10,4.610755E-10,-4.561431,-6.256059
'[19:08:49.588 20/01/2026]',2.783901,2.590248,1.232963,-5.362257,4.610755E-10,4.610755E-10,-3.727425,-7.21758
'[19:08:49.596 20/01/2026]',10.89365,3.570058,9.516876,12.98545,4.610755E-10,4.610755E-10,13.2097,20.60993
'[19:08:49.604 20/01/2026]',10.89365,3.570058,9.516876,12.98545,4.610755E-10,4.610755E-10,13.2097,20.60993
'[19:08:49.612 20/01/2026]',-8.589191,-4.4915,-9.183382,-6.549847,4.610755E-10,4.610755E-10,-8.892455,-11.74551
'[19:08:49.620 20/01/2026]',-8.589191,-4.4915,-9.183382,-6.549847,4.610755E-10,4.610755E-10,-8.892455,-11.74551
'[19:08:49.628 20/01/2026]',8.531837,10.60747,8.568395,4.501239,4.610755E-10,4.610755E-10,4.343487,-1.479134
'[19:08:49.636 20/01/2026]',8.531837,10.60747,8.568395,4.501239,4.610755E-10,4.610755E-10,4.343487,-1.479134
'[19:08:49.644 20/01/2026]',-1.039326,-6.335549,-2.552695,2.099085,4.610755E-10,4.610755E-10,3.115079,10.55474
'[19:08:49.652 20/01/2026]',-1.039326,-6.335549,-2.552695,2.099085,4.610755E-10,4.610755E-10,3.115079,10.55474
'[19:08:49.660 20/01/2026]',-1.039326,-6.335549,-2.552695,2.099085,4.610755E-10,4.610755E-10,3.115079,10.55474
'[19:08:49.668 20/01/2026]',-1.964743,-1.329312,-1.733248,-2.596165,4.610755E-10,4.610755E-10,-1.843928,-4.62574
'[19:08:49.676 20/01/2026]',-1.964743,-1.329312,-1.733248,-2.596165,4.610755E-10,4.610755E-10,-1.843928,-4.62574
'[19:08:49.684 20/01/2026]',-1.964743,-1.329312,-1.733248,-2.596165,4.610755E-10,4.610755E-10,-1.843928,-4.62574
'[19:08:49.692 20/01/2026]',3.204799,2.464219,0.1555872,1.427374,4.610755E-10,4.610755E-10,-5.410012,-2.9454
'[19:08:49.700 20/01/2026]',3.204799,2.464219,0.1555872,1.427374,4.610755E-10,4.610755E-10,-5.410012,-2.9454
'[19:08:49.708 20/01/2026]',3.204799,2.464219,0.1555872,1.427374,4.610755E-10,4.610755E-10,-5.410012,-2.9454
'[19:08:49.716 20/01/2026]',1.295196,3.512277,4.017531,-0.9692201,4.610755E-10,4.610755E-10,6.753532,3.455688
'[19:08:49.724 20/01/2026]',-9.02611,-5.755807,-3.845601,-0.6897307,4.610755E-10,4.610755E-10,0.8624001,-5.045149
'[19:08:49.732 20/01/2026]',1.384752,-5.661188,-4.746761,-2.791287,4.610755E-10,4.610755E-10,-11.76885,5.039376
'[19:08:49.740 20/01/2026]',1.384752,-5.661188,-4.746761,-2.791287,4.610755E-10,4.610755E-10,-11.76885,5.039376
'[19:08:49.748 20/01/2026]',8.193306,12.11807,7.543624,1.566917,4.610755E-10,4.610755E-10,9.372069,-6.292344
'[19:08:49.756 20/01/2026]',8.193306,12.11807,7.543624,1.566917,4.610755E-10,4.610755E-10,9.372069,-6.292344
'[19:08:49.764 20/01/2026]',8.193306,12.11807,7.543624,1.566917,4.610755E-10,4.610755E-10,9.372069,-6.292344
'[19:08:49.772 20/01/2026]',-1.278181,-5.502024,-0.7792635,5.475748,4.610755E-10,4.610755E-10,0.6621041,7.901084
'[19:08:49.780 20/01/2026]',2.29015,-1.024294,-3.485281,3.165662,4.610755E-10,4.610755E-10,-3.016803,1.124952
'[19:08:49.788 20/01/2026]',2.29015,-1.024294,-3.485281,3.165662,4.610755E-10,4.610755E-10,-3.016803,1.124952
'[19:08:49.796 20/01/2026]',2.29015,-1.024294,-3.485281,3.165662,4.610755E-10,4.610755E-10,-3.016803,1.124952
'[19:08:49.804 20/01/2026]',2.29015,-1.024294,-3.485281,3.165662,4.610755E-10,4.610755E-10,-3.016803,1.124952
'[19:08:49.812 20/01/2026]',-4.887959,3.202211,3.002632,-7.816422,4.610755E-10,4.610755E-10,3.774205,-2.111461
'[19:08:49.820 20/01/2026]',-4.887959,3.202211,3.002632,-7.816422,4.610755E-10,4.610755E-10,3.774205,-2.111461
'[19:08:49.828 20/01/2026]',-1.211971,-4.922171,-1.668479,-2.372581,4.610755E-10,4.610755E-10,-7.65866,-7.455796
'[19:08:49.836 20/01/2026]',9.951777,8.480472,4.768336,14.41226,4.610755E-10,4.610755E-10,11.84885,12.92835
'[19:08:49.844 20/01/2026]',9.951777,8.480472,4.768336,14.41226,4.610755E-10,4.610755E-10,11.84885,12.92835
'[19:08:49.852 20/01/2026]',-9.553864,-7.229431,-6.127521,-11.30663,4.610755E-10,4.610755E-10,-7.059077,-7.710845
'[19:08:49.860 20/01/2026]',-9.553864,-7.229431,-6.127521,-11.30663,4.610755E-10,4.610755E-10,-7.059077,-7.710845
'[19:08:49.868 20/01/2026]',-9.553864,-7.229431,-6.127521,-11.30663,4.610755E-10,4.610755E-10,-7.059077,-7.710845
'[19:08:49.876 20/01/2026]',-9.553864,-7.229431,-6.127521,-11.30663,4.610755E-10,4.610755E-10,-7.059077,-7.710845
'[19:08:49.884 20/01/2026]',-9.553864,-7.229431,-6.127521,-11.30663,4.610755E-10,4.610755E-10,-7.059077,-7.710845
'[19:08:49.892 20/01/2026]',3.266019,1.556215,0.436267,-2.971274,4.610755E-10,4.610755E-10,-3.390662,-0.9760068
'[19:08:49.900 20/01/2026]',-0.5463795,-1.194552,1.071866,4.019124,4.610755E-10,4.610755E-10,2.139429,1.601731
'[19:08:49.908 20/01/2026]',-6.430492,-3.8682,-5.753584,-1.594799,4.610755E-10,4.610755E-10,0.2440314,-2.193603
'[19:08:49.916 20/01/2026]',9.540179,8.70089,6.490854,2.676624,4.610755E-10,4.610755E-10,2.472632,4.648855
'[19:08:49.924 20/01/2026]',-5.689367,-7.172013,-1.826175,-6.479131,4.610755E-10,4.610755E-10,-6.952389,-9.211841
'[19:08:49.932 20/01/2026]',-2.988185,1.345524,-1.203329,2.766742,4.610755E-10,4.610755E-10,4.902646,5.552264
'[19:08:49.940 20/01/2026]',8.544456,2.910279,2.727961,6.29507,4.610755E-10,4.610755E-10,3.034818,4.533012
'[19:08:49.948 20/01/2026]',-6.26295,-3.705157,-2.490865,-9.632144,4.610755E-10,4.610755E-10,-5.896879,-8.758081
'[19:08:49.956 20/01/2026]',4.786826,5.303378,2.739022,7.044218,4.610755E-10,4.610755E-10,3.672158,5.754104
'[19:08:49.964 20/01/2026]',-7.875553,-6.637677,-4.580899,-4.526956,4.610755E-10,4.610755E-10,-3.731194,-4.148648
'[19:08:49.972 20/01/2026]',6.621274,3.712304,1.687994,2.852085,4.610755E-10,4.610755E-10,2.257519,-0.6908138
'[19:08:49.980 20/01/2026]',2.363413,0.1055378,2.710812,0.357268,4.610755E-10,4.610755E-10,2.018053,9.105861
'[19:08:49.988 20/01/2026]',-9.008219,-1.06789,-3.610931,-4.504381,4.610755E-10,4.610755E-10,-5.017751,-12.61296
'[19:08:49.996 20/01/2026]',-2.446715,-5.278396,-3.880037,0.2581119,4.610755E-10,4.610755E-10,-0.7391903,-0.7779376
'[19:08:50.004 20/01/2026]',5.172576,1.490488,2.471962,-4.392046,4.610755E-10,4.610755E-10,1.670143,10.27989
'[19:08:50.012 20/01/2026]',6.947785,8.785714,7.944098,11.94611,4.610755E-10,4.610755E-10,3.998939,-5.663652
'[19:08:50.020 20/01/2026]',-7.323467,-10.60339,-6.019838,-5.044832,4.610755E-10,4.610755E-10,-1.798494,2.425178
'[19:08:50.028 20/01/2026]',0.3048625,-1.480307,-5.700735,-3.130948,4.610755E-10,4.610755E-10,-7.89681,-4.352172
'[19:08:50.036 20/01/2026]',-0.6788808,7.916846,6.471995,-1.714044,4.610755E-10,4.610755E-10,5.681176,-1.376186
'[19:08:50.044 20/01/2026]',1.339317,1.360699,3.273666,7.593225,4.610755E-10,4.610755E-10,7.950063,11.05975
'[19:08:50.052 20/01/2026]',2.520122,-7.87303,-5.806818,-0.5649765,4.610755E-10,4.610755E-10,-8.268291,-7.851742
'[19:08:50.060 20/01/2026]',-2.473875,4.176893,0.2592204,-5.470175,4.610755E-10,4.610755E-10,-3.920296,-2.611397
'[19:08:50.068 20/01/2026]',-1.066691,0.1389526,-0.2719374,1.747964,4.610755E-10,4.610755E-10,6.609468,8.775318
'[19:08:50.076 20/01/2026]',-2.561239,-1.113443,3.751017,1.704597,4.610755E-10,4.610755E-10,-0.8637558,-11.16079
'[19:08:50.084 20/01/2026]',5.019334,0.2533446,-2.633978,0.8250222,4.610755E-10,4.610755E-10,-0.3064738,8.75596
'[19:08:50.092 20/01/2026]',2.270283,2.269041,0.01447308,1.393968,4.610755E-10,4.610755E-10,2.354148,0.1805145
'[19:08:50.100 20/01/2026]',-9.932228,-6.705349,-2.894366,-12.52243,4.610755E-10,4.610755E-10,-9.575823,-9.685998
'[19:08:50.108 20/01/2026]',12.15525,9.282979,9.796048,17.43567,4.610755E-10,4.610755E-10,13.05422,10.23745
'[19:08:50.116 20/01/2026]',-1.904976,-1.01445,-3.313973,-2.077189,4.610755E-10,4.610755E-10,0.7760539,4.760653
'[19:08:50.124 20/01/2026]',-9.166662,-5.261645,-5.102936,-12.10923,4.610755E-10,4.610755E-10,-13.67222,-14.35375
'[19:08:50.132 20/01/2026]',8.890061,3.442214,5.509283,9.990838,4.610755E-10,4.610755E-10,10.24781,4.01445
'[19:08:50.140 20/01/2026]',-9.319099,-2.859705,-4.686342,-6.803998,4.610755E-10,4.610755E-10,-5.74984,4.111545
'[19:08:50.148 20/01/2026]',9.249905,5.988966,2.826247,6.582035,4.610755E-10,4.610755E-10,2.600869,-2.09457
'[19:08:50.156 20/01/2026]',-3.585581,-4.986975,-0.4254856,-1.305847,4.610755E-10,4.610755E-10,2.042489,4.512455
'[19:08:50.164 20/01/2026]',-5.568943,0.3395775,1.636783,-4.335359,4.610755E-10,4.610755E-10,-2.198862,-8.939903
'[19:08:50.172 20/01/2026]',8.124138,1.001263,-3.175215,2.646449,4.610755E-10,4.610755E-10,-0.8326096,3.416762
'[19:08:50.180 20/01/2026]',2.290048,3.776361,3.61174,4.080481,4.610755E-10,4.610755E-10,5.57027,14.44152
'[19:08:50.188 20/01/2026]',-9.245222,-7.948938,-4.824299,-8.857735,4.610755E-10,4.610755E-10,-8.028323,-25.01383
'[19:08:50.196 20/01/2026]',5.82543,3.059907,2.474331,5.602309,4.610755E-10,4.610755E-10,2.593045,11.93742
'[19:08:50.204 20/01/2026]',5.020494,8.773906,5.862426,9.765596,4.610755E-10,4.610755E-10,9.771434,10.67815
'[19:08:50.212 20/01/2026]',-8.085363,-10.28085,-6.592164,-15.68774,4.610755E-10,4.610755E-10,-10.6861,-12.86085
'[19:08:50.220 20/01/2026]',-8.085363,-10.28085,-6.592164,-15.68774,4.610755E-10,4.610755E-10,-10.6861,-12.86085
'[19:08:50.228 20/01/2026]',-8.085363,-10.28085,-6.592164,-15.68774,4.610755E-10,4.610755E-10,-10.6861,-12.86085
'[19:08:50.236 20/01/2026]',9.964907,2.084738,2.3857,10.22326,4.610755E-10,4.610755E-10,2.122593,7.746359
'[19:08:50.244 20/01/2026]',-7.972125,4.885371,0.3153821,-2.326199,4.610755E-10,4.610755E-10,5.281635,-4.286872
'[19:08:50.252 20/01/2026]',-3.289605,-4.683783,-1.152866,-3.080848,4.610755E-10,4.610755E-10,-8.481863,-6.479912
'[19:08:50.260 20/01/2026]',-3.289605,-4.683783,-1.152866,-3.080848,4.610755E-10,4.610755E-10,-8.481863,-6.479912
'[19:08:50.268 20/01/2026]',10.91241,0.5620708,0.8642204,6.685978,4.610755E-10,4.610755E-10,6.242204,15.5749
'[19:08:50.276 20/01/2026]',10.91241,0.5620708,0.8642204,6.685978,4.610755E-10,4.610755E-10,6.242204,15.5749
'[19:08:50.284 20/01/2026]',10.91241,0.5620708,0.8642204,6.685978,4.610755E-10,4.610755E-10,6.242204,15.5749
'[19:08:50.292 20/01/2026]',-5.518265,-1.984494,-2.639465,-8.873191,4.610755E-10,4.610755E-10,-5.092931,-13.96948
'[19:08:50.300 20/01/2026]',-5.518265,-1.984494,-2.639465,-8.873191,4.610755E-10,4.610755E-10,-5.092931,-13.96948
'[19:08:50.308 20/01/2026]',-5.518265,-1.984494,-2.639465,-8.873191,4.610755E-10,4.610755E-10,-5.092931,-13.96948
'[19:08:50.316 20/01/2026]',6.055135,11.2419,9.441996,11.64242,4.610755E-10,4.610755E-10,10.12621,11.55531
'[19:08:50.324 20/01/2026]',-10.64975,-13.07307,-11.36783,-11.21849,4.610755E-10,4.610755E-10,-8.884007,-5.075381
'[19:08:50.332 20/01/2026]',-10.64975,-13.07307,-11.36783,-11.21849,4.610755E-10,4.610755E-10,-8.884007,-5.075381
'[19:08:50.340 20/01/2026]',-10.64975,-13.07307,-11.36783,-11.21849,4.610755E-10,4.610755E-10,-8.884007,-5.075381
'[19:08:50.348 20/01/2026]',6.501294,2.235738,4.275058,5.33862,4.610755E-10,4.610755E-10,-0.6257874,-1.983918
'[19:08:50.356 20/01/2026]',3.611554,6.79965,4.663794,4.116493,4.610755E-10,4.610755E-10,5.916272,1.398095
'[19:08:50.364 20/01/2026]',3.611554,6.79965,4.663794,4.116493,4.610755E-10,4.610755E-10,5.916272,1.398095
'[19:08:50.372 20/01/2026]',-11.22359,-5.644074,-7.679588,-10.86245,4.610755E-10,4.610755E-10,-1.820322,0.8964181
'[19:08:50.380 20/01/2026]',-11.22359,-5.644074,-7.679588,-10.86245,4.610755E-10,4.610755E-10,-1.820322,0.8964181
'[19:08:50.388 20/01/2026]',-11.22359,-5.644074,-7.679588,-10.86245,4.610755E-10,4.610755E-10,-1.820322,0.8964181
'[19:08:50.396 20/01/2026]',-11.22359,-5.644074,-7.679588,-10.86245,4.610755E-10,4.610755E-10,-1.820322,0.8964181
'[19:08:50.404 20/01/2026]',-11.22359,-5.644074,-7.679588,-10.86245,4.610755E-10,4.610755E-10,-1.820322,0.8964181
'[19:08:50.412 20/01/2026]',3.617074,-4.731252,-0.6392311,2.563681,4.610755E-10,4.610755E-10,-7.803052,-3.908782
'[19:08:50.420 20/01/2026]',4.963528,7.684568,6.421813,4.800825,4.610755E-10,4.610755E-10,5.73009,1.561935
'[19:08:50.428 20/01/2026]',2.481096,0.3439315,-1.534457,4.362307,4.610755E-10,4.610755E-10,7.085975,10.66564
'[19:08:50.436 20/01/2026]',2.481096,0.3439315,-1.534457,4.362307,4.610755E-10,4.610755E-10,7.085975,10.66564
'[19:08:50.444 20/01/2026]',-11.21787,-8.225751,-5.927911,-12.15251,4.610755E-10,4.610755E-10,-11.70761,-16.69237
'[19:08:50.452 20/01/2026]',-11.21787,-8.225751,-5.927911,-12.15251,4.610755E-10,4.610755E-10,-11.70761,-16.69237
'[19:08:50.460 20/01/2026]',-11.21787,-8.225751,-5.927911,-12.15251,4.610755E-10,4.610755E-10,-11.70761,-16.69237
'[19:08:50.468 20/01/2026]',12.29101,6.855317,5.009037,5.639578,4.610755E-10,4.610755E-10,3.076681,7.502759
'[19:08:50.476 20/01/2026]',3.393186,2.433583,2.593025,9.999055,4.610755E-10,4.610755E-10,7.103815,12.32801
'[19:08:50.484 20/01/2026]',3.393186,2.433583,2.593025,9.999055,4.610755E-10,4.610755E-10,7.103815,12.32801
'[19:08:50.492 20/01/2026]',-16.34018,-6.531151,-6.545104,-15.08973,4.610755E-10,4.610755E-10,-7.803021,-23.0389
'[19:08:50.500 20/01/2026]',-16.34018,-6.531151,-6.545104,-15.08973,4.610755E-10,4.610755E-10,-7.803021,-23.0389
'[19:08:50.508 20/01/2026]',-16.34018,-6.531151,-6.545104,-15.08973,4.610755E-10,4.610755E-10,-7.803021,-23.0389
'[19:08:50.516 20/01/2026]',4.277966,0.9674844,2.345114,2.437093,4.610755E-10,4.610755E-10,0.993801,10.11536
'[19:08:50.524 20/01/2026]',2.105996,-2.78942,-3.756424,-2.95594,4.610755E-10,4.610755E-10,-3.331286,-3.281757
'[19:08:50.532 20/01/2026]',0.6053445,8.98912,6.434305,7.975009,4.610755E-10,4.610755E-10,7.641848,6.464779
'[19:08:50.540 20/01/2026]',1.786752,-3.195138,-0.9767892,2.792677,4.610755E-10,4.610755E-10,-0.5731798,-0.02381645
'[19:08:50.548 20/01/2026]',-2.640059,-8.947569,-7.011697,-10.44849,4.610755E-10,4.610755E-10,-10.10417,-9.459161
'[19:08:50.556 20/01/2026]',-0.6527692,9.76803,5.25598,5.398313,4.610755E-10,4.610755E-10,7.659681,5.486205
'[19:08:50.564 20/01/2026]',-10.48053,-7.076379,-4.004916,-16.3442,4.610755E-10,4.610755E-10,-1.696386,-7.446031
'[19:08:50.572 20/01/2026]',16.49599,2.620196,2.215001,17.51373,4.610755E-10,4.610755E-10,-3.424582,11.08352
'[19:08:50.580 20/01/2026]',-5.10594,0.6128516,-0.07677645,6.20655,4.610755E-10,4.610755E-10,4.580122,-7.901669
'[19:08:50.588 20/01/2026]',-4.113379,-4.193256,-0.5441141,-16.14523,4.610755E-10,4.610755E-10,0.06614593,7.043156
'[19:08:50.596 20/01/2026]',3.928874,5.373805,0.6510009,1.634238,4.610755E-10,4.610755E-10,-6.247863,-7.552238
'[19:08:50.604 20/01/2026]',-7.707397,-2.559062,-1.027127,5.14535,4.610755E-10,4.610755E-10,5.870446,-0.8917472
'[19:08:50.612 20/01/2026]',9.519603,-0.9801398,-0.890034,1.685683,4.610755E-10,4.610755E-10,-0.8443534,9.957744
'[19:08:50.620 20/01/2026]',-6.942526,-3.808633,-0.1366491,-9.59407,4.610755E-10,4.610755E-10,-2.985044,-12.26592
'[19:08:50.628 20/01/2026]',1.206035,5.654453,1.793802,3.637694,4.610755E-10,4.610755E-10,-1.03691,-0.1904792
'[19:08:50.636 20/01/2026]',3.146025,-1.219994,-1.703381,7.792563,4.610755E-10,4.610755E-10,3.594301,13.90055
'[19:08:50.644 20/01/2026]',-0.9090374,-4.306763,-1.413561,-7.160215,4.610755E-10,4.610755E-10,-1.290089,-12.40624
'[19:08:50.652 20/01/2026]',-4.376644,4.008187,2.785981,-1.614065,4.610755E-10,4.610755E-10,-1.641907,0.2872983
'[19:08:50.660 20/01/2026]',-3.634568,0.7221662,-0.8456143,1.157074,4.610755E-10,4.610755E-10,2.109514,4.811565
'[19:08:50.668 20/01/2026]',16.02317,0.2932719,-0.5177449,6.602876,4.610755E-10,4.610755E-10,2.507541,-1.173196
'[19:08:50.676 20/01/2026]',-13.52118,-8.245846,-3.196352,-9.087493,4.610755E-10,4.610755E-10,-6.819468,0.3795596
'[19:08:50.684 20/01/2026]',-3.52044,5.027472,-0.137449,-3.203621,4.610755E-10,4.610755E-10,-3.20855,-11.64353
'[19:08:50.692 20/01/2026]',14.1355,7.63378,7.334476,15.02851,4.610755E-10,4.610755E-10,16.39118,21.39958
'[19:08:50.700 20/01/2026]',-12.08129,-11.59425,-7.213758,-13.74207,4.610755E-10,4.610755E-10,-14.18173,-13.75671
'[19:08:50.708 20/01/2026]',2.31384,4.600091,1.881346,4.024908,4.610755E-10,4.610755E-10,0.5332341,-4.994546
'[19:08:50.716 20/01/2026]',8.770169,5.192724,2.882308,8.117286,4.610755E-10,4.610755E-10,10.82471,18.77016
'[19:08:50.724 20/01/2026]',-5.759467,-3.946978,-2.258245,-6.477089,4.610755E-10,4.610755E-10,-6.162227,-10.35174
'[19:08:50.732 20/01/2026]',-0.4230889,-2.553011,0.02207707,-6.511576,4.610755E-10,4.610755E-10,-5.283167,-9.293862
'[19:08:50.740 20/01/2026]',-0.5119776,1.190775,-1.612744,9.320237,4.610755E-10,4.610755E-10,3.348989,11.68342
'[19:08:50.748 20/01/2026]',0.6729066,3.175704,2.919686,-1.62905,4.610755E-10,4.610755E-10,3.885257,-1.587148
'[19:08:50.756 20/01/2026]',0.4763241,-3.23509,-1.411785,-3.995483,4.610755E-10,4.610755E-10,-2.316206,0.7819695
'[19:08:50.764 20/01/2026]',-3.504269,-6.51102,-1.865807,1.058048,4.610755E-10,4.610755E-10,-5.993752,-8.207265
'[19:08:50.772 20/01/2026]',7.297132,10.8491,5.306341,7.680854,4.610755E-10,4.610755E-10,13.38439,14.0305
'[19:08:50.780 20/01/2026]',-5.525388,1.385792,-3.179408,-9.955206,4.610755E-10,4.610755E-10,-12.95167,-11.88742
'[19:08:50.788 20/01/2026]',-0.3436138,-11.27849,-3.084384,1.149473,4.610755E-10,4.610755E-10,-0.740156,-0.73329
'[19:08:50.796 20/01/2026]',2.021834,8.862679,3.765371,4.377856,4.610755E-10,4.610755E-10,13.97146,9.882456
'[19:08:50.804 20/01/2026]',3.103627,5.268431,4.676127,1.085781,4.610755E-10,4.610755E-10,-3.724836,-1.684506
'[19:08:50.812 20/01/2026]',-3.554581,-11.00203,-4.504322,-4.358852,4.610755E-10,4.610755E-10,-10.27207,-9.850354
'[19:08:50.820 20/01/2026]',-7.395565,0.8036959,-4.39811,-4.007645,4.610755E-10,4.610755E-10,4.834602,1.67559
'[19:08:50.828 20/01/2026]',19.43058,11.41006,7.899866,15.80029,4.610755E-10,4.610755E-10,8.29251,16.26802
'[19:08:50.836 20/01/2026]',-12.79927,-7.281801,-0.4162581,-11.8731,4.610755E-10,4.610755E-10,-6.335921,-17.53293
'[19:08:50.844 20/01/2026]',2.096473,-4.735955,-5.697074,-1.371329,4.610755E-10,4.610755E-10,-2.614236,1.460492
'[19:08:50.852 20/01/2026]',-3.157605,1.609311,-0.0593018,3.48886,4.610755E-10,4.610755E-10,-0.688621,8.708041
'[19:08:50.860 20/01/2026]',-3.157605,1.609311,-0.0593018,3.48886,4.610755E-10,4.610755E-10,-0.688621,8.708041
'[19:08:50.868 20/01/2026]',-3.479588,0.8605561,-0.317167,-3.060734,4.610755E-10,4.610755E-10,2.76352,-12.08416
'[19:08:50.876 20/01/2026]',-3.479588,0.8605561,-0.317167,-3.060734,4.610755E-10,4.610755E-10,2.76352,-12.08416
'[19:08:50.884 20/01/2026]',-3.479588,0.8605561,-0.317167,-3.060734,4.610755E-10,4.610755E-10,2.76352,-12.08416
'[19:08:50.892 20/01/2026]',-3.479588,0.8605561,-0.317167,-3.060734,4.610755E-10,4.610755E-10,2.76352,-12.08416
'[19:08:50.900 20/01/2026]',-3.479588,0.8605561,-0.317167,-3.060734,4.610755E-10,4.610755E-10,2.76352,-12.08416
'[19:08:50.908 20/01/2026]',-3.479588,0.8605561,-0.317167,-3.060734,4.610755E-10,4.610755E-10,2.76352,-12.08416
'[19:08:50.916 20/01/2026]',-3.479588,0.8605561,-0.317167,-3.060734,4.610755E-10,4.610755E-10,2.76352,-12.08416
'[19:08:50.924 20/01/2026]',7.630409,-2.320247,-0.2627026,2.798984,4.610755E-10,4.610755E-10,-4.809304,4.280864
'[19:08:50.932 20/01/2026]',7.630409,-2.320247,-0.2627026,2.798984,4.610755E-10,4.610755E-10,-4.809304,4.280864
'[19:08:50.940 20/01/2026]',-4.996731,5.308238,3.163587,-4.997137,4.610755E-10,4.610755E-10,4.380023,3.409947
'[19:08:50.948 20/01/2026]',9.364516,0.4966101,2.254695,9.161816,4.610755E-10,4.610755E-10,4.967059,3.427749
'[19:08:50.956 20/01/2026]',-12.21613,-8.20594,-7.813513,-5.481094,4.610755E-10,4.610755E-10,-11.67629,-11.37669
'[19:08:50.964 20/01/2026]',7.321579,5.097963,4.855701,1.661076,4.610755E-10,4.610755E-10,4.150071,6.580085
'[19:08:50.972 20/01/2026]',-7.368842,-1.893094,-2.911804,-8.313788,4.610755E-10,4.610755E-10,2.738432,-2.366375
'[19:08:50.980 20/01/2026]',-7.368842,-1.893094,-2.911804,-8.313788,4.610755E-10,4.610755E-10,2.738432,-2.366375
'[19:08:50.988 20/01/2026]',10.62826,8.204574,9.556762,15.51212,4.610755E-10,4.610755E-10,4.73503,7.388329
'[19:08:50.996 20/01/2026]',10.62826,8.204574,9.556762,15.51212,4.610755E-10,4.610755E-10,4.73503,7.388329
'[19:08:51.004 20/01/2026]',-1.45835,-10.3228,-9.856773,-8.514694,4.610755E-10,4.610755E-10,-13.04663,-8.437879
'[19:08:51.012 20/01/2026]',-1.45835,-10.3228,-9.856773,-8.514694,4.610755E-10,4.610755E-10,-13.04663,-8.437879
'[19:08:51.020 20/01/2026]',-1.45835,-10.3228,-9.856773,-8.514694,4.610755E-10,4.610755E-10,-13.04663,-8.437879
'[19:08:51.028 20/01/2026]',-6.301289,2.784193,1.832026,-3.784745,4.610755E-10,4.610755E-10,10.31511,1.210288
'[19:08:51.036 20/01/2026]',-6.301289,2.784193,1.832026,-3.784745,4.610755E-10,4.610755E-10,10.31511,1.210288
'[19:08:51.044 20/01/2026]',7.99591,7.598171,5.443735,10.35022,4.610755E-10,4.610755E-10,-0.6286744,10.88074
'[19:08:51.052 20/01/2026]',7.99591,7.598171,5.443735,10.35022,4.610755E-10,4.610755E-10,-0.6286744,10.88074
'[19:08:51.060 20/01/2026]',7.99591,7.598171,5.443735,10.35022,4.610755E-10,4.610755E-10,-0.6286744,10.88074
'[19:08:51.068 20/01/2026]',7.99591,7.598171,5.443735,10.35022,4.610755E-10,4.610755E-10,-0.6286744,10.88074
'[19:08:51.076 20/01/2026]',7.99591,7.598171,5.443735,10.35022,4.610755E-10,4.610755E-10,-0.6286744,10.88074
'[19:08:51.084 20/01/2026]',7.99591,7.598171,5.443735,10.35022,4.610755E-10,4.610755E-10,-0.6286744,10.88074
'[19:08:51.092 20/01/2026]',-2.159878,-13.06919,-7.88144,-6.453361,4.610755E-10,4.610755E-10,-8.394834,-14.60667
'[19:08:51.100 20/01/2026]',-7.728593,3.201733,0.2975127,-6.330122,4.610755E-10,4.610755E-10,6.520825,0.2317686
'[19:08:51.108 20/01/2026]',12.64564,10.55729,9.065775,16.00915,4.610755E-10,4.610755E-10,4.327751,20.88573
'[19:08:51.116 20/01/2026]',-5.659541,-8.835362,-5.268438,-6.102533,4.610755E-10,4.610755E-10,-5.207093,-17.1909
'[19:08:51.124 20/01/2026]',3.521977,1.282946,-1.12885,-1.793703,4.610755E-10,4.610755E-10,3.47189,4.551802
'[19:08:51.132 20/01/2026]',-6.097947,2.279502,-1.08554,-2.71651,4.610755E-10,4.610755E-10,-5.647414,-2.739193
'[19:08:51.140 20/01/2026]',10.01941,5.228655,10.60729,9.501374,4.610755E-10,4.610755E-10,8.39108,9.690619
'[19:08:51.148 20/01/2026]',-10.05316,-10.55677,-11.09183,-10.31253,4.610755E-10,4.610755E-10,-5.442969,-12.13393
'[19:08:51.156 20/01/2026]',-3.611846,-2.471941,-5.148601,-5.940436,4.610755E-10,4.610755E-10,-9.971535,-5.575095
'[19:08:51.164 20/01/2026]',7.734328,7.917836,9.210792,13.04919,4.610755E-10,4.610755E-10,11.47908,17.36637
'[19:08:51.172 20/01/2026]',6.619266,9.574828,10.97422,5.896646,4.610755E-10,4.610755E-10,11.76287,-1.613883
'[19:08:51.180 20/01/2026]',0.3737469,-2.998634,-5.536499,-4.198669,4.610755E-10,4.610755E-10,-7.605046,1.395341
'[19:08:51.188 20/01/2026]',-7.200692,-8.122346,-5.711493,-2.265207,4.610755E-10,4.610755E-10,-3.835815,-5.759344
'[19:08:51.196 20/01/2026]',-6.408937,-3.661721,-2.932215,-7.909966,4.610755E-10,4.610755E-10,-4.252666,-5.559853
'[19:08:51.204 20/01/2026]',12.09343,15.0338,11.61718,10.32342,4.610755E-10,4.610755E-10,7.26405,6.049459
'[19:08:51.212 20/01/2026]',1.969612,-2.508216,-2.057408,0.6834922,4.610755E-10,4.610755E-10,6.242605,6.567439
'[19:08:51.220 20/01/2026]',-3.524272,-4.612535,-3.052629,1.047819,4.610755E-10,4.610755E-10,-8.776646,-3.820784
'[19:08:51.228 20/01/2026]',-8.783142,-9.104951,-5.626218,-11.88912,4.610755E-10,4.610755E-10,-5.112437,-14.746
'[19:08:51.236 20/01/2026]',8.608301,11.8505,7.662835,10.41947,4.610755E-10,4.610755E-10,12.21577,20.31669
'[19:08:51.244 20/01/2026]',5.257283,6.602619,2.547254,3.601289,4.610755E-10,4.610755E-10,-4.08075,-5.367654
'[19:08:51.252 20/01/2026]',-2.876872,-11.52946,-3.155527,-2.881501,4.610755E-10,4.610755E-10,-1.786162,-3.507972
'[19:08:51.260 20/01/2026]',-6.02414,1.363175,-3.342245,-6.80336,4.610755E-10,4.610755E-10,2.487702,2.087239
'[19:08:51.268 20/01/2026]',-2.490879,-1.078927,-1.578607,0.3169302,4.610755E-10,4.610755E-10,-8.498968,-5.738076
'[19:08:51.276 20/01/2026]',7.59171,4.225177,8.303807,9.579788,4.610755E-10,4.610755E-10,7.743373,4.516777
'[19:08:51.284 20/01/2026]',-5.529339,-4.003496,-4.992385,-8.332405,4.610755E-10,4.610755E-10,1.424234,3.48963
'[19:08:51.292 20/01/2026]',2.709507,1.900914,-2.005959,0.317796,4.610755E-10,4.610755E-10,-6.895382,-7.246775
'[19:08:51.300 20/01/2026]',4.532883,-1.664103,2.957875,4.870586,4.610755E-10,4.610755E-10,4.055869,3.618741
'[19:08:51.308 20/01/2026]',-7.01406,4.633783,2.527832,-2.329692,4.610755E-10,4.610755E-10,2.337536,1.542805
'[19:08:51.316 20/01/2026]',7.767584,0.9137616,-0.8466641,5.429186,4.610755E-10,4.610755E-10,1.120978,3.205606
'[19:08:51.324 20/01/2026]',0.2367924,-6.076782,-5.236165,-2.164143,4.610755E-10,4.610755E-10,-5.513973,-0.733286
'[19:08:51.332 20/01/2026]',-9.907119,0.4445264,2.01684,-10.74338,4.610755E-10,4.610755E-10,1.308618,-9.6706
'[19:08:51.340 20/01/2026]',5.264135,4.475227,2.261678,11.6215,4.610755E-10,4.610755E-10,2.268638,6.569367
'[19:08:51.348 20/01/2026]',12.01803,3.724067,5.069346,8.114935,4.610755E-10,4.610755E-10,6.504248,15.09357
'[19:08:51.356 20/01/2026]',-21.12418,-13.75262,-12.64649,-23.62407,4.610755E-10,4.610755E-10,-14.20699,-29.30948
'[19:08:51.364 20/01/2026]',6.53564,8.454922,7.110466,10.0592,4.610755E-10,4.610755E-10,4.640223,12.46561
'[19:08:51.372 20/01/2026]',16.42866,6.827456,7.23551,15.72552,4.610755E-10,4.610755E-10,10.57587,15.68142
'[19:08:51.380 20/01/2026]',-17.18444,-10.30247,-9.737417,-16.74907,4.610755E-10,4.610755E-10,-6.799632,-15.26736
'[19:08:51.388 20/01/2026]',-0.5788121,2.57839,1.315336,-2.23815,4.610755E-10,4.610755E-10,-7.604007,-4.367469
'[19:08:51.396 20/01/2026]',6.972901,2.773852,4.201533,11.15901,4.610755E-10,4.610755E-10,10.83609,9.598188
'[19:08:51.404 20/01/2026]',3.307601,-1.125433,-0.729834,-0.867824,4.610755E-10,4.610755E-10,0.9211333,6.149925
'[19:08:51.412 20/01/2026]',-7.457011,-1.627007,-2.481123,-4.542158,4.610755E-10,4.610755E-10,-10.45862,-14.92116
'[19:08:51.420 20/01/2026]',-7.457011,-1.627007,-2.481123,-4.542158,4.610755E-10,4.610755E-10,-10.45862,-14.92116
'[19:08:51.428 20/01/2026]',-7.457011,-1.627007,-2.481123,-4.542158,4.610755E-10,4.610755E-10,-10.45862,-14.92116
'[19:08:51.436 20/01/2026]',-7.457011,-1.627007,-2.481123,-4.542158,4.610755E-10,4.610755E-10,-10.45862,-14.92116
'[19:08:51.444 20/01/2026]',-7.457011,-1.627007,-2.481123,-4.542158,4.610755E-10,4.610755E-10,-10.45862,-14.92116
'[19:08:51.452 20/01/2026]',-7.457011,-1.627007,-2.481123,-4.542158,4.610755E-10,4.610755E-10,-10.45862,-14.92116
'[19:08:51.460 20/01/2026]',-7.457011,-1.627007,-2.481123,-4.542158,4.610755E-10,4.610755E-10,-10.45862,-14.92116
'[19:08:51.468 20/01/2026]',-2.782746,1.999932,-0.2251648,-3.108943,4.610755E-10,4.610755E-10,6.557915,0.5508308
'[19:08:51.476 20/01/2026]',3.820876,-4.173337,-0.4543813,1.353468,4.610755E-10,4.610755E-10,0.2684398,8.781189
'[19:08:51.484 20/01/2026]',5.727574,3.767151,2.727931,6.951174,4.610755E-10,4.610755E-10,-2.842538,-0.372382
'[19:08:51.492 20/01/2026]',-0.02593179,1.643514,-0.5470209,-1.479733,4.610755E-10,4.610755E-10,5.77709,-1.297772
'[19:08:51.500 20/01/2026]',-14.54971,-5.594179,-4.62588,-14.57839,4.610755E-10,4.610755E-10,-8.657868,-11.21123
'[19:08:51.508 20/01/2026]',16.0922,3.57647,5.34514,19.31279,4.610755E-10,4.610755E-10,3.697135,14.62734
'[19:08:51.516 20/01/2026]',0.07738826,1.481002,1.878108,-2.860707,4.610755E-10,4.610755E-10,8.188243,5.717923
'[19:08:51.524 20/01/2026]',0.07738826,1.481002,1.878108,-2.860707,4.610755E-10,4.610755E-10,8.188243,5.717923
'[19:08:51.532 20/01/2026]',0.07738826,1.481002,1.878108,-2.860707,4.610755E-10,4.610755E-10,8.188243,5.717923
'[19:08:51.540 20/01/2026]',-9.387663,1.146371,-2.721514,-11.73454,4.610755E-10,4.610755E-10,-8.000961,-19.78068
'[19:08:51.548 20/01/2026]',-9.387663,1.146371,-2.721514,-11.73454,4.610755E-10,4.610755E-10,-8.000961,-19.78068
'[19:08:51.556 20/01/2026]',7.313212,-5.90454,-2.281418,12.46439,4.610755E-10,4.610755E-10,-0.6637051,11.58216
'[19:08:51.564 20/01/2026]',7.313212,-5.90454,-2.281418,12.46439,4.610755E-10,4.610755E-10,-0.6637051,11.58216
'[19:08:51.572 20/01/2026]',7.313212,-5.90454,-2.281418,12.46439,4.610755E-10,4.610755E-10,-0.6637051,11.58216
'[19:08:51.580 20/01/2026]',7.313212,-5.90454,-2.281418,12.46439,4.610755E-10,4.610755E-10,-0.6637051,11.58216
'[19:08:51.588 20/01/2026]',-0.6709581,4.375082,2.201552,-2.061048,4.610755E-10,4.610755E-10,4.33176,4.057668
'[19:08:51.596 20/01/2026]',-0.6709581,4.375082,2.201552,-2.061048,4.610755E-10,4.610755E-10,4.33176,4.057668
'[19:08:51.604 20/01/2026]',5.097985,6.895631,6.479509,0.2329391,4.610755E-10,4.610755E-10,3.415078,-8.279831
'[19:08:51.612 20/01/2026]',5.097985,6.895631,6.479509,0.2329391,4.610755E-10,4.610755E-10,3.415078,-8.279831
'[19:08:51.620 20/01/2026]',-6.518991,-9.623137,-6.524049,-0.6665834,4.610755E-10,4.610755E-10,-5.664987,8.237701
'[19:08:51.628 20/01/2026]',-1.643522,-1.700267,-3.469512,-4.120934,4.610755E-10,4.610755E-10,-2.976828,-5.335404
'[19:08:51.636 20/01/2026]',-1.643522,-1.700267,-3.469512,-4.120934,4.610755E-10,4.610755E-10,-2.976828,-5.335404
'[19:08:51.644 20/01/2026]',4.951618,7.953647,7.790994,3.65509,4.610755E-10,4.610755E-10,6.715377,-1.147284
'[19:08:51.652 20/01/2026]',4.951618,7.953647,7.790994,3.65509,4.610755E-10,4.610755E-10,6.715377,-1.147284
'[19:08:51.660 20/01/2026]',-0.7560988,-5.218745,-4.572196,-0.6428192,4.610755E-10,4.610755E-10,-2.0351,4.693429
'[19:08:51.668 20/01/2026]',-0.7560988,-5.218745,-4.572196,-0.6428192,4.610755E-10,4.610755E-10,-2.0351,4.693429
'[19:08:51.676 20/01/2026]',3.630999,1.021437,0.9943858,4.443587,4.610755E-10,4.610755E-10,-4.642172,-2.018321
'[19:08:51.684 20/01/2026]',3.630999,1.021437,0.9943858,4.443587,4.610755E-10,4.610755E-10,-4.642172,-2.018321
'[19:08:51.692 20/01/2026]',-12.05416,-5.906058,-1.057744,-7.956629,4.610755E-10,4.610755E-10,3.63864,-4.350472
'[19:08:51.700 20/01/2026]',-12.05416,-5.906058,-1.057744,-7.956629,4.610755E-10,4.610755E-10,3.63864,-4.350472
'[19:08:51.708 20/01/2026]',-12.05416,-5.906058,-1.057744,-7.956629,4.610755E-10,4.610755E-10,3.63864,-4.350472
'[19:08:51.716 20/01/2026]',7.387754,10.41051,1.049223,2.164149,4.610755E-10,4.610755E-10,-0.3433371,4.178806
'[19:08:51.724 20/01/2026]',3.595192,-0.7155383,4.354935,4.725939,4.610755E-10,4.610755E-10,2.749271,0.0808192
'[19:08:51.732 20/01/2026]',-6.349794,-6.860354,-7.123678,-5.644343,4.610755E-10,4.610755E-10,-4.781737,-2.000391
'[19:08:51.740 20/01/2026]',1.745893,4.076952,2.876727,0.3660889,4.610755E-10,4.610755E-10,1.025647,1.776262
'[19:08:51.748 20/01/2026]',6.674905,2.374045,4.179737,4.659955,4.610755E-10,4.610755E-10,4.62265,-2.088392
'[19:08:51.756 20/01/2026]',-8.897654,-6.507821,-8.594154,-6.788124,4.610755E-10,4.610755E-10,-8.092025,-1.425676
'[19:08:51.764 20/01/2026]',-2.898296,3.263402,4.405513,5.652748,4.610755E-10,4.610755E-10,11.9269,9.878323
'[19:08:51.772 20/01/2026]',-12.37184,-10.57792,-6.975232,-7.193858,4.610755E-10,4.610755E-10,-8.090757,-8.297805
'[19:08:51.780 20/01/2026]',38.17297,28.51066,20.99145,15.0079,4.610755E-10,4.610755E-10,3.774297,-0.573732
'[19:08:51.788 20/01/2026]',10.19293,-3.115871,-1.680787,2.432712,4.610755E-10,4.610755E-10,4.837613,13.49102
'[19:08:51.796 20/01/2026]',-51.37509,-29.18326,-24.5534,-27.50455,4.610755E-10,4.610755E-10,-15.93302,-22.36316
'[19:08:51.804 20/01/2026]',28.12179,22.48313,20.10081,24.74837,4.610755E-10,4.610755E-10,16.93633,15.2295
'[19:08:51.812 20/01/2026]',6.27428,-0.09690903,0.3594422,0.6015838,4.610755E-10,4.610755E-10,-2.834497,6.79125
'[19:08:51.820 20/01/2026]',-20.32911,-13.79086,-13.68769,-17.61879,4.610755E-10,4.610755E-10,-10.29851,-23.30763
'[19:08:51.828 20/01/2026]',4.951098,2.159699,3.287614,4.665128,4.610755E-10,4.610755E-10,1.495946,9.726906
'[19:08:51.836 20/01/2026]',11.09784,12.80084,10.9147,12.45238,4.610755E-10,4.610755E-10,11.97122,10.69442
'[19:08:51.844 20/01/2026]',-10.72817,-10.16268,-9.553758,-12.44595,4.610755E-10,4.610755E-10,-9.061725,-11.99539
'[19:08:51.852 20/01/2026]',-2.031497,-5.487069,-5.171798,-2.326802,4.610755E-10,4.610755E-10,-8.160349,-2.675267
'[19:08:51.860 20/01/2026]',10.95439,12.44684,11.16246,11.54145,4.610755E-10,4.610755E-10,13.74366,10.04036
'[19:08:51.868 20/01/2026]',3.211573,1.880116,5.125075,0.5731725,4.610755E-10,4.610755E-10,5.177388,5.60816
'[19:08:51.876 20/01/2026]',-19.88329,-16.17684,-17.50533,-14.995,4.610755E-10,4.610755E-10,-18.99718,-20.18703
'[19:08:51.884 20/01/2026]',6.479367,5.857712,3.473388,6.481451,4.610755E-10,4.610755E-10,4.14185,6.642144
'[19:08:51.892 20/01/2026]',17.45575,12.39275,15.12322,13.37983,4.610755E-10,4.610755E-10,16.8681,18.29535
'[19:08:51.900 20/01/2026]',-20.86573,-12.38737,-12.13093,-16.12366,4.610755E-10,4.610755E-10,-16.01118,-21.91806
'[19:08:51.908 20/01/2026]',6.699862,-1.515265,-1.607872,3.363431,4.610755E-10,4.610755E-10,-0.1008826,4.41694
'[19:08:51.916 20/01/2026]',0.8385056,4.728095,2.677263,1.483613,4.610755E-10,4.610755E-10,5.355502,5.183825
'[19:08:51.924 20/01/2026]',9.131137,9.911893,12.42281,9.967394,4.610755E-10,4.610755E-10,8.978515,6.271129
'[19:08:51.932 20/01/2026]',-19.87,-23.73485,-23.74084,-22.40059,4.610755E-10,4.610755E-10,-24.5495,-22.73864
'[19:08:51.940 20/01/2026]',6.967499,12.19553,8.803972,10.82268,4.610755E-10,4.610755E-10,14.96374,12.33166
'[19:08:51.948 20/01/2026]',21.95239,15.84001,18.83553,18.70188,4.610755E-10,4.610755E-10,14.38601,18.77932
'[19:08:51.956 20/01/2026]',-31.84568,-28.058,-28.13243,-32.28024,4.610755E-10,4.610755E-10,-30.28754,-33.46461
'[19:08:51.964 20/01/2026]',12.91768,13.07841,11.28879,13.17129,4.610755E-10,4.610755E-10,16.78023,16.06863
'[19:08:51.972 20/01/2026]',4.538184,1.412916,3.360477,8.175778,4.610755E-10,4.610755E-10,1.48951,5.44314
'[19:08:51.980 20/01/2026]',-13.61541,-7.218501,-6.979136,-14.89578,4.610755E-10,4.610755E-10,-10.00629,-17.98323
'[19:08:51.988 20/01/2026]',14.64227,10.30573,9.084676,13.72212,4.610755E-10,4.610755E-10,13.44327,20.87118
'[19:08:51.996 20/01/2026]',-8.099707,-7.431008,-7.679469,-9.860892,4.610755E-10,4.610755E-10,-9.752864,-11.93864
'[19:08:52.004 20/01/2026]',-1.509329,-2.231412,0.5670809,0.7558457,4.610755E-10,4.610755E-10,1.585124,-3.582728
'[19:08:52.012 20/01/2026]',9.162926,7.884056,6.668782,9.048903,4.610755E-10,4.610755E-10,3.314672,11.50109
'[19:08:52.020 20/01/2026]',-7.821376,-4.14445,-5.005686,-6.963817,4.610755E-10,4.610755E-10,-3.700556,-6.949469
'[19:08:52.028 20/01/2026]',-1.449763,-2.635336,-2.492185,-6.6394,4.610755E-10,4.610755E-10,0.4714981,-4.182357
'[19:08:52.036 20/01/2026]',-1.449763,-2.635336,-2.492185,-6.6394,4.610755E-10,4.610755E-10,0.4714981,-4.182357
'[19:08:52.044 20/01/2026]',6.811007,6.094398,6.866966,12.615,4.610755E-10,4.610755E-10,2.410769,7.365024
'[19:08:52.052 20/01/2026]',6.811007,6.094398,6.866966,12.615,4.610755E-10,4.610755E-10,2.410769,7.365024
'[19:08:52.060 20/01/2026]',6.811007,6.094398,6.866966,12.615,4.610755E-10,4.610755E-10,2.410769,7.365024
'[19:08:52.068 20/01/2026]',6.811007,6.094398,6.866966,12.615,4.610755E-10,4.610755E-10,2.410769,7.365024
'[19:08:52.076 20/01/2026]',-3.39529,-1.672186,-1.78115,-0.01055154,4.610755E-10,4.610755E-10,0.6899049,1.209298
'[19:08:52.084 20/01/2026]',-0.2988246,-3.157161,-2.745212,-7.421145,4.610755E-10,4.610755E-10,-2.755609,-4.19765
'[19:08:52.092 20/01/2026]',-6.95937,-6.381557,-7.010488,-7.133242,4.610755E-10,4.610755E-10,-9.044345,-13.45
'[19:08:52.100 20/01/2026]',-6.95937,-6.381557,-7.010488,-7.133242,4.610755E-10,4.610755E-10,-9.044345,-13.45
'[19:08:52.108 20/01/2026]',-6.95937,-6.381557,-7.010488,-7.133242,4.610755E-10,4.610755E-10,-9.044345,-13.45
'[19:08:52.116 20/01/2026]',12.49389,16.91846,16.28596,16.23908,4.610755E-10,4.610755E-10,17.83838,21.24376
'[19:08:52.124 20/01/2026]',12.49389,16.91846,16.28596,16.23908,4.610755E-10,4.610755E-10,17.83838,21.24376
'[19:08:52.132 20/01/2026]',-4.591025,-10.94391,-11.00426,-7.062369,4.610755E-10,4.610755E-10,-10.41943,-3.293224
'[19:08:52.140 20/01/2026]',-4.591025,-10.94391,-11.00426,-7.062369,4.610755E-10,4.610755E-10,-10.41943,-3.293224
'[19:08:52.148 20/01/2026]',-2.106926,-0.8672999,0.7098422,-1.949916,4.610755E-10,4.610755E-10,1.525764,-9.106595
'[19:08:52.156 20/01/2026]',-2.106926,-0.8672999,0.7098422,-1.949916,4.610755E-10,4.610755E-10,1.525764,-9.106595
'[19:08:52.164 20/01/2026]',-2.106926,-0.8672999,0.7098422,-1.949916,4.610755E-10,4.610755E-10,1.525764,-9.106595
'[19:08:52.172 20/01/2026]',7.284142,11.2494,10.36474,10.03539,4.610755E-10,4.610755E-10,7.932034,9.441213
'[19:08:52.180 20/01/2026]',-6.843978,-13.57481,-14.50567,-13.18688,4.610755E-10,4.610755E-10,-14.87636,-4.879446
'[19:08:52.188 20/01/2026]',-6.843978,-13.57481,-14.50567,-13.18688,4.610755E-10,4.610755E-10,-14.87636,-4.879446
'[19:08:52.196 20/01/2026]',-1.592513,5.471761,6.803696,4.011464,4.610755E-10,4.610755E-10,9.630369,0.5476545
'[19:08:52.204 20/01/2026]',-1.592513,5.471761,6.803696,4.011464,4.610755E-10,4.610755E-10,9.630369,0.5476545
'[19:08:52.212 20/01/2026]',-1.592513,5.471761,6.803696,4.011464,4.610755E-10,4.610755E-10,9.630369,0.5476545
'[19:08:52.220 20/01/2026]',-1.592513,5.471761,6.803696,4.011464,4.610755E-10,4.610755E-10,9.630369,0.5476545
'[19:08:52.228 20/01/2026]',4.97553,3.143645,5.474185,7.52454,4.610755E-10,4.610755E-10,2.608965,3.809983
'[19:08:52.236 20/01/2026]',0.1564215,-2.664725,-6.304716,-5.961283,4.610755E-10,4.610755E-10,-6.921594,-5.135958
'[19:08:52.244 20/01/2026]',0.1564215,-2.664725,-6.304716,-5.961283,4.610755E-10,4.610755E-10,-6.921594,-5.135958
'[19:08:52.252 20/01/2026]',-0.5179869,-1.462648,-0.3419379,1.300336,4.610755E-10,4.610755E-10,4.401484,5.344749
'[19:08:52.260 20/01/2026]',-18.73524,-14.37164,-14.42437,-20.38011,4.610755E-10,4.610755E-10,-18.64674,-17.89841
'[19:08:52.268 20/01/2026]',-18.73524,-14.37164,-14.42437,-20.38011,4.610755E-10,4.610755E-10,-18.64674,-17.89841
'[19:08:52.276 20/01/2026]',-18.73524,-14.37164,-14.42437,-20.38011,4.610755E-10,4.610755E-10,-18.64674,-17.89841
'[19:08:52.284 20/01/2026]',-18.73524,-14.37164,-14.42437,-20.38011,4.610755E-10,4.610755E-10,-18.64674,-17.89841
'[19:08:52.292 20/01/2026]',-18.73524,-14.37164,-14.42437,-20.38011,4.610755E-10,4.610755E-10,-18.64674,-17.89841
'[19:08:52.300 20/01/2026]',23.66621,19.71451,20.91592,27.04458,4.610755E-10,4.610755E-10,21.29837,19.01805
'[19:08:52.308 20/01/2026]',23.66621,19.71451,20.91592,27.04458,4.610755E-10,4.610755E-10,21.29837,19.01805
'[19:08:52.316 20/01/2026]',23.66621,19.71451,20.91592,27.04458,4.610755E-10,4.610755E-10,21.29837,19.01805
'[19:08:52.324 20/01/2026]',7.712381,5.550442,6.951615,7.49211,4.610755E-10,4.610755E-10,7.862485,9.256517
'[19:08:52.332 20/01/2026]',-22.00172,-17.04882,-19.76051,-27.05976,4.610755E-10,4.610755E-10,-21.28156,-23.18929
'[19:08:52.340 20/01/2026]',-0.3961113,-2.129134,-1.536677,4.692236,4.610755E-10,4.610755E-10,0.5509232,4.174762
'[19:08:52.348 20/01/2026]',16.84511,14.4514,14.78232,18.84995,4.610755E-10,4.610755E-10,13.98976,14.66955
'[19:08:52.356 20/01/2026]',-9.269794,-1.719312,-1.552344,-12.55655,4.610755E-10,4.610755E-10,-5.09836,-12.06501
'[19:08:52.364 20/01/2026]',-2.859647,-6.083043,-6.55047,-5.041934,4.610755E-10,4.610755E-10,-3.306544,-2.32218
'[19:08:52.372 20/01/2026]',2.6676,-0.9477242,0.5361345,7.195718,4.610755E-10,4.610755E-10,0.1036388,7.897368
'[19:08:52.380 20/01/2026]',13.85309,14.53121,12.05621,13.04086,4.610755E-10,4.610755E-10,13.38734,13.10661
'[19:08:52.388 20/01/2026]',-25.58501,-19.23002,-16.59367,-28.99304,4.610755E-10,4.610755E-10,-19.49129,-35.02353
'[19:08:52.396 20/01/2026]',17.00618,10.64504,12.12383,19.22234,4.610755E-10,4.610755E-10,11.18826,25.98294
'[19:08:52.404 20/01/2026]',-4.622019,-5.896806,-9.382758,-2.842826,4.610755E-10,4.610755E-10,-6.398344,-4.807683
'[19:08:52.412 20/01/2026]',-4.991824,-0.7473409,1.668697,-6.344059,4.610755E-10,4.610755E-10,0.3352453,-8.647197
'[19:08:52.420 20/01/2026]',11.50101,13.36007,13.17834,9.986057,4.610755E-10,4.610755E-10,11.02503,12.04924
'[19:08:52.428 20/01/2026]',-5.799098,-9.408221,-9.03094,-5.15098,4.610755E-10,4.610755E-10,-7.04049,-3.98806
'[19:08:52.436 20/01/2026]',-12.30363,-11.37635,-13.46323,-9.153173,4.610755E-10,4.610755E-10,-12.95234,-12.27145
'[19:08:52.444 20/01/2026]',12.41144,16.09628,16.74683,11.1106,4.610755E-10,4.610755E-10,14.99942,11.91453
'[19:08:52.452 20/01/2026]',-6.510296,-10.11815,-6.737875,-8.092297,4.610755E-10,4.610755E-10,-6.587831,-4.870913
'[19:08:52.460 20/01/2026]',15.17846,9.527228,6.045075,11.37883,4.610755E-10,4.610755E-10,8.903528,9.089547
'[19:08:52.468 20/01/2026]',-7.907809,-2.379029,-3.272619,-2.036216,4.610755E-10,4.610755E-10,-4.803115,-0.3124345
'[19:08:52.476 20/01/2026]',-12.81325,-8.704538,-6.654702,-12.45199,4.610755E-10,4.610755E-10,-8.760674,-18.71013
'[19:08:52.484 20/01/2026]',11.16974,7.706004,8.677025,8.619817,4.610755E-10,4.610755E-10,9.976658,11.396
'[19:08:52.492 20/01/2026]',5.623875,-0.2702209,0.3504622,4.152956,4.610755E-10,4.610755E-10,1.141036,13.53279
'[19:08:52.500 20/01/2026]',-7.700994,-0.7880138,-4.830828,-6.509371,4.610755E-10,4.610755E-10,-5.813995,-18.66635
'[19:08:52.508 20/01/2026]',-4.134542,-3.458552,-1.93546,-3.152318,4.610755E-10,4.610755E-10,-1.714704,0.4230345
'[19:08:52.516 20/01/2026]',10.37966,4.484134,6.248329,9.924585,4.610755E-10,4.610755E-10,7.499455,12.33955
'[19:08:52.524 20/01/2026]',-5.252898,-4.175681,-5.770905,-9.464654,4.610755E-10,4.610755E-10,-8.734126,-10.63336
'[19:08:52.532 20/01/2026]',2.957325,3.282612,2.658512,6.150672,4.610755E-10,4.610755E-10,5.815272,3.781403
'[19:08:52.540 20/01/2026]',-3.750234,-0.8198237,0.6169239,0.6443307,4.610755E-10,4.610755E-10,2.322636,2.194329
'[19:08:52.548 20/01/2026]',0.130413,-1.611214,-1.207526,-4.50566,4.610755E-10,4.610755E-10,-5.699453,-0.4847301
'[19:08:52.556 20/01/2026]',5.059793,1.958763,-0.3245229,4.673894,4.610755E-10,4.610755E-10,1.055325,-1.926702
'[19:08:52.564 20/01/2026]',-7.671987,-1.884343,-1.123662,-4.009608,4.610755E-10,4.610755E-10,0.4292262,-0.2301252
'[19:08:52.572 20/01/2026]',4.993006,4.208162,5.133652,2.449892,4.610755E-10,4.610755E-10,4.443767,3.263785
'[19:08:52.580 20/01/2026]',-2.182859,-6.545625,-4.201214,0.8579255,4.610755E-10,4.610755E-10,-3.641932,-2.924529
'[19:08:52.588 20/01/2026]',-9.394393,-3.279925,-4.563367,-7.127913,4.610755E-10,4.610755E-10,-3.193097,-0.8849146
'[19:08:52.596 20/01/2026]',8.35996,6.810908,5.866811,8.645314,4.610755E-10,4.610755E-10,7.089794,5.875408
'[19:08:52.604 20/01/2026]',8.744376,6.782503,2.016289,-5.287162,4.610755E-10,4.610755E-10,-10.92967,-13.06483
'[19:08:52.612 20/01/2026]',3.978747,0.6262697,5.536493,9.508885,4.610755E-10,4.610755E-10,12.63098,15.12568
'[19:08:52.620 20/01/2026]',-22.32207,-11.43694,-12.99027,-12.37576,4.610755E-10,4.610755E-10,-5.508205,-5.339328
'[19:08:52.628 20/01/2026]',4.816382,-1.19247,-0.9688577,0.6739971,4.610755E-10,4.610755E-10,-3.764028,-6.648116
'[19:08:52.636 20/01/2026]',16.84296,9.990925,11.99697,12.81185,4.610755E-10,4.610755E-10,6.777787,14.88664
'[19:08:52.644 20/01/2026]',-14.60402,-3.477275,-4.919192,-13.37339,4.610755E-10,4.610755E-10,-4.67636,-18.98391
'[19:08:52.652 20/01/2026]',4.873876,2.37966,2.414858,7.928314,4.610755E-10,4.610755E-10,7.675743,16.75966
'[19:08:52.660 20/01/2026]',-7.9618,-13.64436,-6.46207,-5.662525,4.610755E-10,4.610755E-10,-7.090556,-4.241403
'[19:08:52.668 20/01/2026]',8.790627,15.85522,3.338674,1.29596,4.610755E-10,4.610755E-10,-2.214567,-10.48938
'[19:08:52.676 20/01/2026]',2.074545,0.6881378,5.014513,3.269954,4.610755E-10,4.610755E-10,9.267632,12.41019
'[19:08:52.684 20/01/2026]',2.074545,0.6881378,5.014513,3.269954,4.610755E-10,4.610755E-10,9.267632,12.41019
'[19:08:52.692 20/01/2026]',-8.746178,-12.93391,-10.5008,-5.095623,4.610755E-10,4.610755E-10,-11.0499,-8.577215
'[19:08:52.700 20/01/2026]',-8.746178,-12.93391,-10.5008,-5.095623,4.610755E-10,4.610755E-10,-11.0499,-8.577215
'[19:08:52.708 20/01/2026]',-8.746178,-12.93391,-10.5008,-5.095623,4.610755E-10,4.610755E-10,-11.0499,-8.577215
'[19:08:52.716 20/01/2026]',-2.893622,0.8046812,-0.496437,-0.7430279,4.610755E-10,4.610755E-10,1.405225,2.210969
'[19:08:52.724 20/01/2026]',-2.893622,0.8046812,-0.496437,-0.7430279,4.610755E-10,4.610755E-10,1.405225,2.210969
'[19:08:52.732 20/01/2026]',11.27242,14.3891,15.16739,6.829308,4.610755E-10,4.610755E-10,11.8073,4.060251
'[19:08:52.740 20/01/2026]',11.27242,14.3891,15.16739,6.829308,4.610755E-10,4.610755E-10,11.8073,4.060251
'[19:08:52.748 20/01/2026]',-0.6493992,-5.257008,-8.621031,-0.2923459,4.610755E-10,4.610755E-10,-7.389121,0.05747548
'[19:08:52.756 20/01/2026]',-0.6493992,-5.257008,-8.621031,-0.2923459,4.610755E-10,4.610755E-10,-7.389121,0.05747548
'[19:08:52.764 20/01/2026]',-7.069263,-3.79277,-6.271443,-4.663142,4.610755E-10,4.610755E-10,-1.079914,-2.931199
'[19:08:52.772 20/01/2026]',-7.069263,-3.79277,-6.271443,-4.663142,4.610755E-10,4.610755E-10,-1.079914,-2.931199
'[19:08:52.780 20/01/2026]',-7.069263,-3.79277,-6.271443,-4.663142,4.610755E-10,4.610755E-10,-1.079914,-2.931199
'[19:08:52.788 20/01/2026]',-7.069263,-3.79277,-6.271443,-4.663142,4.610755E-10,4.610755E-10,-1.079914,-2.931199
'[19:08:52.796 20/01/2026]',-7.069263,-3.79277,-6.271443,-4.663142,4.610755E-10,4.610755E-10,-1.079914,-2.931199
'[19:08:52.804 20/01/2026]',-7.069263,-3.79277,-6.271443,-4.663142,4.610755E-10,4.610755E-10,-1.079914,-2.931199
'[19:08:52.812 20/01/2026]',1.645865,-0.1355138,5.477199,-2.274427,4.610755E-10,4.610755E-10,-3.128777,-2.702338
'[19:08:52.820 20/01/2026]',6.074841,2.875595,6.187283,10.96126,4.610755E-10,4.610755E-10,6.787487,5.216397
'[19:08:52.828 20/01/2026]',-2.174882,0.2047056,-6.250997,-6.19432,4.610755E-10,4.610755E-10,-0.835792,2.104217
'[19:08:52.836 20/01/2026]',-9.870564,-10.27987,-8.487036,-8.074059,4.610755E-10,4.610755E-10,-11.63049,-11.68961
'[19:08:52.844 20/01/2026]',-9.870564,-10.27987,-8.487036,-8.074059,4.610755E-10,4.610755E-10,-11.63049,-11.68961
'[19:08:52.852 20/01/2026]',13.34785,16.939,19.9844,13.28579,4.610755E-10,4.610755E-10,18.47169,13.50398
'[19:08:52.860 20/01/2026]',13.34785,16.939,19.9844,13.28579,4.610755E-10,4.610755E-10,18.47169,13.50398
'[19:08:52.868 20/01/2026]',5.210985,4.069612,-0.8210052,4.083322,4.610755E-10,4.610755E-10,0.7817894,0.6592118
'[19:08:52.876 20/01/2026]',5.210985,4.069612,-0.8210052,4.083322,4.610755E-10,4.610755E-10,0.7817894,0.6592118
'[19:08:52.884 20/01/2026]',5.210985,4.069612,-0.8210052,4.083322,4.610755E-10,4.610755E-10,0.7817894,0.6592118
'[19:08:52.892 20/01/2026]',-26.39557,-28.64744,-29.19806,-25.63799,4.610755E-10,4.610755E-10,-25.00395,-19.89149
'[19:08:52.900 20/01/2026]',-26.39557,-28.64744,-29.19806,-25.63799,4.610755E-10,4.610755E-10,-25.00395,-19.89149
'[19:08:52.908 20/01/2026]',35.64158,32.69156,37.48926,40.08833,4.610755E-10,4.610755E-10,31.72883,33.10798
'[19:08:52.916 20/01/2026]',-27.26778,-20.99579,-26.60609,-33.28389,4.610755E-10,4.610755E-10,-26.25309,-28.07866
'[19:08:52.924 20/01/2026]',7.224447,0.7921451,5.447637,5.571199,4.610755E-10,4.610755E-10,10.53413,3.269361
'[19:08:52.932 20/01/2026]',7.921646,7.031643,6.826882,12.4355,4.610755E-10,4.610755E-10,4.372231,17.09935
'[19:08:52.940 20/01/2026]',-10.94032,-2.161161,-4.754329,-9.933714,4.610755E-10,4.610755E-10,-13.22238,-19.94981
'[19:08:52.948 20/01/2026]',0.3081808,-8.884363,-0.6810467,-2.683217,4.610755E-10,4.610755E-10,11.48481,6.997883
'[19:08:52.956 20/01/2026]',9.053902,15.13641,1.851728,5.637884,4.610755E-10,4.610755E-10,-3.720775,3.583007
'[19:08:52.964 20/01/2026]',-1.865038,-2.794789,1.942834,1.462898,4.610755E-10,4.610755E-10,-0.8766183,-6.822742
'[19:08:52.972 20/01/2026]',-11.88108,-10.44976,-8.606151,-10.40062,4.610755E-10,4.610755E-10,-2.373707,3.015049
'[19:08:52.980 20/01/2026]',9.187915,7.539588,5.793278,9.461936,4.610755E-10,4.610755E-10,4.460054,1.534881
'[19:08:52.988 20/01/2026]',-6.640383,-2.608572,-4.429698,-9.865807,4.610755E-10,4.610755E-10,-9.513339,-14.86239
'[19:08:52.996 20/01/2026]',6.171219,4.54353,6.017661,8.686018,4.610755E-10,4.610755E-10,11.21332,16.46426
'[19:08:53.004 20/01/2026]',6.356812,3.085488,3.957343,9.155466,4.610755E-10,4.610755E-10,5.658584,7.576759
'[19:08:53.012 20/01/2026]',-14.6175,-12.40001,-11.6271,-20.17544,4.610755E-10,4.610755E-10,-19.33064,-19.7095
'[19:08:53.020 20/01/2026]',8.288203,6.494504,4.580467,7.751924,4.610755E-10,4.610755E-10,10.75911,8.979924
'[19:08:53.028 20/01/2026]',1.653366,4.482034,6.122019,7.542238,4.610755E-10,4.610755E-10,6.368116,3.571902
'[19:08:53.036 20/01/2026]',-8.010348,-7.059468,-9.623644,-8.803441,4.610755E-10,4.610755E-10,-12.5477,-6.580311
'[19:08:53.044 20/01/2026]',9.720037,4.080139,6.513089,3.806889,4.610755E-10,4.610755E-10,6.394539,2.722758
'[19:08:53.052 20/01/2026]',-2.785134,4.979416,2.6513,1.596532,4.610755E-10,4.610755E-10,5.113853,3.837671
'[19:08:53.060 20/01/2026]',-5.684538,-13.83878,-9.553019,-5.199591,4.610755E-10,4.610755E-10,-8.775283,-3.756118
'[19:08:53.068 20/01/2026]',5.232427,8.596198,8.893134,5.508962,4.610755E-10,4.610755E-10,3.452045,-2.173172
'[19:08:53.076 20/01/2026]',-5.375338,-2.703494,-4.990445,-6.405836,4.610755E-10,4.610755E-10,-3.4877,1.249346
'[19:08:53.084 20/01/2026]',-6.231168,-9.312436,-2.371122,-0.1182611,4.610755E-10,4.610755E-10,10.4284,5.890658
'[19:08:53.092 20/01/2026]',-1.807681,3.289099,-2.033967,-0.4175972,4.610755E-10,4.610755E-10,-18.0805,-14.52921
'[19:08:53.100 20/01/2026]',47.098,38.39643,23.59651,17.14071,4.610755E-10,4.610755E-10,14.41825,16.67062
'[19:08:53.108 20/01/2026]',-33.79432,-29.54808,-16.07908,-13.66369,4.610755E-10,4.610755E-10,4.21167,-8.090139
'[19:08:53.116 20/01/2026]',-19.68811,-18.46372,-9.333559,-6.473098,4.610755E-10,4.610755E-10,-18.87195,-5.783457
'[19:08:53.124 20/01/2026]',23.98167,25.86135,12.30899,9.200319,4.610755E-10,4.610755E-10,15.06753,9.833701
'[19:08:53.132 20/01/2026]',-4.996957,-6.191457,-2.398978,-2.303197,4.610755E-10,4.610755E-10,-3.444179,-6.881724
'[19:08:53.140 20/01/2026]',-6.010864,-3.975401,-3.761936,-0.6255769,4.610755E-10,4.610755E-10,-2.834067,3.465289
'[19:08:53.148 20/01/2026]',2.924079,3.336809,-1.999563,-1.268071,4.610755E-10,4.610755E-10,2.68166,2.883445
'[19:08:53.156 20/01/2026]',-4.139464,-12.16147,-0.6973006,-8.535284,4.610755E-10,4.610755E-10,-10.40932,-16.02446
'[19:08:53.164 20/01/2026]',12.24974,17.45019,11.71739,18.31979,4.610755E-10,4.610755E-10,16.81794,18.68743
'[19:08:53.172 20/01/2026]',-8.990191,-9.335461,-11.05905,-8.909863,4.610755E-10,4.610755E-10,-8.342131,-4.328988
'[19:08:53.180 20/01/2026]',-4.532135,-5.250109,-1.018209,-6.882077,4.610755E-10,4.610755E-10,-6.571414,-9.149672
'[19:08:53.188 20/01/2026]',12.97833,10.47112,8.518359,10.913,4.610755E-10,4.610755E-10,10.79034,5.884115
'[19:08:53.196 20/01/2026]',-15.48282,-16.25408,-9.093296,-11.31456,4.610755E-10,4.610755E-10,-4.946659,0.9855025
'[19:08:53.204 20/01/2026]',5.423858,13.41743,1.514203,5.313684,4.610755E-10,4.610755E-10,-4.720623,-2.546682
'[19:08:53.212 20/01/2026]',-2.056783,-1.203163,1.8452,-1.025803,4.610755E-10,4.610755E-10,2.670655,-5.98895
'[19:08:53.220 20/01/2026]',-2.056783,-1.203163,1.8452,-1.025803,4.610755E-10,4.610755E-10,2.670655,-5.98895
'[19:08:53.228 20/01/2026]',-0.1334937,-2.872812,-0.2561755,-4.237067,4.610755E-10,4.610755E-10,2.32628,6.53308
'[19:08:53.236 20/01/2026]',3.170707,3.13888,-0.4078757,5.302135,4.610755E-10,4.610755E-10,-2.449644,-1.48555
'[19:08:53.244 20/01/2026]',3.170707,3.13888,-0.4078757,5.302135,4.610755E-10,4.610755E-10,-2.449644,-1.48555
'[19:08:53.252 20/01/2026]',-1.111241,-4.040566,-1.243118,0.9343899,4.610755E-10,4.610755E-10,1.769915,1.62711
'[19:08:53.260 20/01/2026]',-1.111241,-4.040566,-1.243118,0.9343899,4.610755E-10,4.610755E-10,1.769915,1.62711
'[19:08:53.268 20/01/2026]',-0.4772613,1.034444,3.435964,-1.961114,4.610755E-10,4.610755E-10,-1.150119,1.119031
'[19:08:53.276 20/01/2026]',-0.4772613,1.034444,3.435964,-1.961114,4.610755E-10,4.610755E-10,-1.150119,1.119031
'[19:08:53.284 20/01/2026]',-0.4772613,1.034444,3.435964,-1.961114,4.610755E-10,4.610755E-10,-1.150119,1.119031
'[19:08:53.292 20/01/2026]',0.7887267,3.469177,-2.065143,-0.210054,4.610755E-10,4.610755E-10,2.486674,-5.119401
'[19:08:53.300 20/01/2026]',0.7887267,3.469177,-2.065143,-0.210054,4.610755E-10,4.610755E-10,2.486674,-5.119401
'[19:08:53.308 20/01/2026]',0.7887267,3.469177,-2.065143,-0.210054,4.610755E-10,4.610755E-10,2.486674,-5.119401
'[19:08:53.316 20/01/2026]',3.268538,-3.146321,0.8819451,1.218907,4.610755E-10,4.610755E-10,-1.767947,4.634552
'[19:08:53.324 20/01/2026]',3.268538,-3.146321,0.8819451,1.218907,4.610755E-10,4.610755E-10,-1.767947,4.634552
'[19:08:53.332 20/01/2026]',3.268538,-3.146321,0.8819451,1.218907,4.610755E-10,4.610755E-10,-1.767947,4.634552
'[19:08:53.340 20/01/2026]',-11.4239,-6.892711,-6.173025,-7.561753,4.610755E-10,4.610755E-10,-7.385754,-6.480532
'[19:08:53.348 20/01/2026]',8.902902,10.61612,7.38975,9.704417,4.610755E-10,4.610755E-10,10.54009,4.323784
'[19:08:53.356 20/01/2026]',8.902902,10.61612,7.38975,9.704417,4.610755E-10,4.610755E-10,10.54009,4.323784
'[19:08:53.364 20/01/2026]',8.902902,10.61612,7.38975,9.704417,4.610755E-10,4.610755E-10,10.54009,4.323784
'[19:08:53.372 20/01/2026]',6.975694,2.37452,0.01274966,2.436658,4.610755E-10,4.610755E-10,-1.066713,9.0941
'[19:08:53.380 20/01/2026]',-16.49456,-5.966518,-6.655676,-17.22381,4.610755E-10,4.610755E-10,-7.750418,-23.5108
'[19:08:53.388 20/01/2026]',10.67274,-0.08365187,6.00736,9.57563,4.610755E-10,4.610755E-10,4.916173,16.07452
'[19:08:53.396 20/01/2026]',10.67274,-0.08365187,6.00736,9.57563,4.610755E-10,4.610755E-10,4.916173,16.07452
'[19:08:53.404 20/01/2026]',10.67274,-0.08365187,6.00736,9.57563,4.610755E-10,4.610755E-10,4.916173,16.07452
'[19:08:53.412 20/01/2026]',6.341986,-1.818695,-0.6463647,14.67911,4.610755E-10,4.610755E-10,0.9224932,7.878909
'[19:08:53.420 20/01/2026]',6.341986,-1.818695,-0.6463647,14.67911,4.610755E-10,4.610755E-10,0.9224932,7.878909
'[19:08:53.428 20/01/2026]',-13.63054,5.206047,-1.632991,-17.76022,4.610755E-10,4.610755E-10,-2.580133,-17.88833
'[19:08:53.436 20/01/2026]',-13.63054,5.206047,-1.632991,-17.76022,4.610755E-10,4.610755E-10,-2.580133,-17.88833
'[19:08:53.444 20/01/2026]',4.354729,-3.1741,-0.8333485,-2.794363,4.610755E-10,4.610755E-10,-0.4575849,9.04633
'[19:08:53.452 20/01/2026]',4.354729,-3.1741,-0.8333485,-2.794363,4.610755E-10,4.610755E-10,-0.4575849,9.04633
'[19:08:53.460 20/01/2026]',4.354729,-3.1741,-0.8333485,-2.794363,4.610755E-10,4.610755E-10,-0.4575849,9.04633
'[19:08:53.468 20/01/2026]',1.952881,-0.8486676,1.219208,15.02452,4.610755E-10,4.610755E-10,2.55916,-1.451152
'[19:08:53.476 20/01/2026]',-2.208277,2.640318,0.6917456,-7.833774,4.610755E-10,4.610755E-10,-0.9570283,-3.013439
'[19:08:53.484 20/01/2026]',-2.208277,2.640318,0.6917456,-7.833774,4.610755E-10,4.610755E-10,-0.9570283,-3.013439
'[19:08:53.492 20/01/2026]',-2.208277,2.640318,0.6917456,-7.833774,4.610755E-10,4.610755E-10,-0.9570283,-3.013439
'[19:08:53.500 20/01/2026]',-2.208277,2.640318,0.6917456,-7.833774,4.610755E-10,4.610755E-10,-0.9570283,-3.013439
'[19:08:53.508 20/01/2026]',4.846693,-7.352401,-6.43571,-4.301717,4.610755E-10,4.610755E-10,-4.624153,10.3183
'[19:08:53.516 20/01/2026]',-0.9990169,10.20041,9.726684,10.66937,4.610755E-10,4.610755E-10,8.655081,-7.446804
'[19:08:53.524 20/01/2026]',-6.301818,-2.5517,-1.547252,-5.358588,4.610755E-10,4.610755E-10,-3.14833,-0.503145
'[19:08:53.532 20/01/2026]',9.603594,-0.6537973,-1.645254,3.789255,4.610755E-10,4.610755E-10,0.9801834,10.78914
'[19:08:53.540 20/01/2026]',-4.144281,-2.629886,-2.163452,-2.414381,4.610755E-10,4.610755E-10,-3.322769,-11.79973
'[19:08:53.548 20/01/2026]',-3.984606,-0.1808851,0.3276873,-4.859833,4.610755E-10,4.610755E-10,-1.562708,1.048179
'[19:08:53.556 20/01/2026]',8.7155,5.075209,4.439207,7.933456,4.610755E-10,4.610755E-10,7.339228,5.617208
'[19:08:53.564 20/01/2026]',-3.009087,-1.393208,-0.6987969,3.189783,4.610755E-10,4.610755E-10,-0.946802,-0.3105077
'[19:08:53.572 20/01/2026]',-5.204741,-3.159983,-3.781451,-10.35196,4.610755E-10,4.610755E-10,-4.494007,-2.116802
'[19:08:53.580 20/01/2026]',2.783736,1.032487,0.7948383,1.634854,4.610755E-10,4.610755E-10,1.698402,-4.443764
'[19:08:53.588 20/01/2026]',4.122881,1.274593,2.194931,6.585077,4.610755E-10,4.610755E-10,0.3183746,11.08117
'[19:08:53.596 20/01/2026]',-9.053288,0.6388037,-0.5779099,-5.822867,4.610755E-10,4.610755E-10,2.753531,-8.792321
'[19:08:53.604 20/01/2026]',4.298375,-2.522537,0.2739112,3.259294,4.610755E-10,4.610755E-10,-3.805237,0.5693251
'[19:08:53.612 20/01/2026]',4.68352,0.9474156,-2.55897,-1.595885,4.610755E-10,4.610755E-10,-0.5873064,3.656518
'[19:08:53.620 20/01/2026]',-7.2427,-0.6830369,3.240046,-4.150234,4.610755E-10,4.610755E-10,2.57845,-7.007642
'[19:08:53.628 20/01/2026]',1.960591,2.449908,0.6847022,5.780518,4.610755E-10,4.610755E-10,-0.4767825,3.259969
'[19:08:53.636 20/01/2026]',7.851938,-1.960066,-1.201159,6.134019,4.610755E-10,4.610755E-10,2.246978,5.687089
'[19:08:53.644 20/01/2026]',-5.80472,-0.1686904,-0.03591543,-12.04809,4.610755E-10,4.610755E-10,-2.928639,-4.827757
'[19:08:53.652 20/01/2026]',-1.107941,4.634998,1.044379,7.481719,4.610755E-10,4.610755E-10,1.696339,-1.130898
'[19:08:53.660 20/01/2026]',0.3217779,-7.677485,-3.466308,-2.313054,4.610755E-10,4.610755E-10,-2.307051,-0.5538971
'[19:08:53.668 20/01/2026]',-1.433409,3.443686,1.327734,-1.848843,4.610755E-10,4.610755E-10,1.296794,2.691457
'[19:08:53.676 20/01/2026]',9.537208,2.325177,2.974468,7.527799,4.610755E-10,4.610755E-10,3.193726,4.511073
'[19:08:53.684 20/01/2026]',-9.506639,-1.836063,-2.334731,-8.331251,4.610755E-10,4.610755E-10,-3.374213,-9.206224
'[19:08:53.692 20/01/2026]',-3.072308,-3.207281,-2.85797,2.688843,4.610755E-10,4.610755E-10,-0.6853275,2.81451
'[19:08:53.700 20/01/2026]',8.113208,3.0393,2.821913,-1.837957,4.610755E-10,4.610755E-10,0.7737483,1.139251
'[19:08:53.708 20/01/2026]',4.998289,2.035993,2.873859,4.822627,4.610755E-10,4.610755E-10,3.851875,5.69322
'[19:08:53.716 20/01/2026]',-13.68269,-5.101363,-7.004288,-4.425182,4.610755E-10,4.610755E-10,-7.677271,-13.22148
'[19:08:53.724 20/01/2026]',7.336037,4.880009,6.409371,4.783462,4.610755E-10,4.610755E-10,5.875795,10.6944
'[19:08:53.732 20/01/2026]',4.76848,-0.4809841,-0.6185369,-0.8743291,4.610755E-10,4.610755E-10,0.847971,5.743966
'[19:08:53.740 20/01/2026]',-8.103786,-1.440128,-2.85635,-4.462426,4.610755E-10,4.610755E-10,-5.084073,-17.5115
'[19:08:53.748 20/01/2026]',15.75861,3.64246,4.202794,15.26187,4.610755E-10,4.610755E-10,6.398999,23.15719
'[19:08:53.756 20/01/2026]',-7.889362,1.609816,2.173073,-7.760228,4.610755E-10,4.610755E-10,3.141608,-10.08701
'[19:08:53.764 20/01/2026]',-14.49528,-9.781155,-9.162373,-13.97633,4.610755E-10,4.610755E-10,-13.15779,-15.10562
'[19:08:53.772 20/01/2026]',19.60177,7.233153,6.533237,18.68567,4.610755E-10,4.610755E-10,11.39703,23.82119
'[19:08:53.780 20/01/2026]',-10.01059,-0.621049,-1.146183,-9.540638,4.610755E-10,4.610755E-10,-6.730617,-16.93084
'[19:08:53.788 20/01/2026]',-8.907998,-5.918648,-4.322498,-6.273372,4.610755E-10,4.610755E-10,-1.121778,-0.4780494
'[19:08:53.796 20/01/2026]',17.75605,8.508091,8.015169,16.47066,4.610755E-10,4.610755E-10,8.32932,13.61429
'[19:08:53.804 20/01/2026]',-4.62708,0.5611005,1.415349,-5.383118,4.610755E-10,4.610755E-10,-2.303573,-4.575827
'[19:08:53.812 20/01/2026]',-6.758978,-5.310963,-6.081228,-4.052248,4.610755E-10,4.610755E-10,-0.6313419,-3.952799
'[19:08:53.820 20/01/2026]',-0.343595,-3.915042,-6.66158,-2.600412,4.610755E-10,4.610755E-10,-4.027554,-0.3514931
'[19:08:53.828 20/01/2026]',5.983491,7.659688,9.710174,2.002955,4.610755E-10,4.610755E-10,-2.841503,-1.846977
'[19:08:53.836 20/01/2026]',5.983491,7.659688,9.710174,2.002955,4.610755E-10,4.610755E-10,-2.841503,-1.846977
'[19:08:53.844 20/01/2026]',2.983068,0.283908,2.742927,6.849573,4.610755E-10,4.610755E-10,12.0591,9.341143
'[19:08:53.852 20/01/2026]',-9.340997,-3.70839,-6.792696,-2.633836,4.610755E-10,4.610755E-10,-1.359481,-3.979285
'[19:08:53.860 20/01/2026]',-0.6907868,-1.78776,-0.921723,-9.99348,4.610755E-10,4.610755E-10,-14.67036,-7.443768
'[19:08:53.868 20/01/2026]',-0.6907868,-1.78776,-0.921723,-9.99348,4.610755E-10,4.610755E-10,-14.67036,-7.443768
'[19:08:53.876 20/01/2026]',10.06355,6.150054,7.099763,11.76747,4.610755E-10,4.610755E-10,11.32409,4.436608
'[19:08:53.884 20/01/2026]',10.06355,6.150054,7.099763,11.76747,4.610755E-10,4.610755E-10,11.32409,4.436608
'[19:08:53.892 20/01/2026]',10.06355,6.150054,7.099763,11.76747,4.610755E-10,4.610755E-10,11.32409,4.436608
'[19:08:53.900 20/01/2026]',-9.167556,-5.907006,-5.196482,-5.403261,4.610755E-10,4.610755E-10,1.865667,5.827172
'[19:08:53.908 20/01/2026]',-3.245577,0.0313488,-2.747594,-5.767146,4.610755E-10,4.610755E-10,-11.23755,-10.53535
'[19:08:53.916 20/01/2026]',-3.245577,0.0313488,-2.747594,-5.767146,4.610755E-10,4.610755E-10,-11.23755,-10.53535
'[19:08:53.924 20/01/2026]',9.968038,6.981836,5.455747,13.03886,4.610755E-10,4.610755E-10,11.60495,3.949368
'[19:08:53.932 20/01/2026]',9.968038,6.981836,5.455747,13.03886,4.610755E-10,4.610755E-10,11.60495,3.949368
'[19:08:53.940 20/01/2026]',3.940305,-3.498746,2.499005,0.4824288,4.610755E-10,4.610755E-10,0.6461043,11.24216
'[19:08:53.948 20/01/2026]',3.940305,-3.498746,2.499005,0.4824288,4.610755E-10,4.610755E-10,0.6461043,11.24216
'[19:08:53.956 20/01/2026]',3.940305,-3.498746,2.499005,0.4824288,4.610755E-10,4.610755E-10,0.6461043,11.24216
'[19:08:53.964 20/01/2026]',3.940305,-3.498746,2.499005,0.4824288,4.610755E-10,4.610755E-10,0.6461043,11.24216
'[19:08:53.972 20/01/2026]',-13.01198,-3.648739,-6.265234,-13.82511,4.610755E-10,4.610755E-10,-10.19945,-18.46483
'[19:08:53.980 20/01/2026]',-13.01198,-3.648739,-6.265234,-13.82511,4.610755E-10,4.610755E-10,-10.19945,-18.46483
'[19:08:53.988 20/01/2026]',-13.01198,-3.648739,-6.265234,-13.82511,4.610755E-10,4.610755E-10,-10.19945,-18.46483
'[19:08:53.996 20/01/2026]',11.95812,4.31807,1.529894,10.71791,4.610755E-10,4.610755E-10,7.303863,10.50723
'[19:08:54.004 20/01/2026]',11.95812,4.31807,1.529894,10.71791,4.610755E-10,4.610755E-10,7.303863,10.50723
'[19:08:54.012 20/01/2026]',11.95812,4.31807,1.529894,10.71791,4.610755E-10,4.610755E-10,7.303863,10.50723
'[19:08:54.020 20/01/2026]',11.95812,4.31807,1.529894,10.71791,4.610755E-10,4.610755E-10,7.303863,10.50723
'[19:08:54.028 20/01/2026]',-2.843056,-0.3780548,5.043396,3.016312,4.610755E-10,4.610755E-10,3.458549,7.930088
'[19:08:54.036 20/01/2026]',-2.843056,-0.3780548,5.043396,3.016312,4.610755E-10,4.610755E-10,3.458549,7.930088
'[19:08:54.044 20/01/2026]',-4.466229,-2.280378,-6.956372,-10.40033,4.610755E-10,4.610755E-10,-10.04973,-22.14941
'[19:08:54.052 20/01/2026]',3.838411,-1.261707,4.154531,2.877859,4.610755E-10,4.610755E-10,5.221752,15.05979
'[19:08:54.060 20/01/2026]',-3.962199,0.479625,-0.4020386,2.504368,4.610755E-10,4.610755E-10,1.275473,-1.620932
'[19:08:54.068 20/01/2026]',3.923002,1.92844,-1.045445,2.693345,4.610755E-10,4.610755E-10,0.681913,5.318329
'[19:08:54.076 20/01/2026]',3.923002,1.92844,-1.045445,2.693345,4.610755E-10,4.610755E-10,0.681913,5.318329
'[19:08:54.084 20/01/2026]',9.665932,7.417786,6.883515,4.894275,4.610755E-10,4.610755E-10,3.922733,0.9298378
'[19:08:54.092 20/01/2026]',9.665932,7.417786,6.883515,4.894275,4.610755E-10,4.610755E-10,3.922733,0.9298378
'[19:08:54.100 20/01/2026]',-19.41969,-13.99686,-12.31888,-17.63012,4.610755E-10,4.610755E-10,-12.72154,-19.3879
'[19:08:54.108 20/01/2026]',14.30127,8.755909,9.358243,15.83933,4.610755E-10,4.610755E-10,12.47176,24.34933
'[19:08:54.116 20/01/2026]',0.2558008,0.3191522,1.083294,1.39564,4.610755E-10,4.610755E-10,-2.426234,-6.777449
'[19:08:54.124 20/01/2026]',-15.59672,-5.601892,-7.136683,-15.7808,4.610755E-10,4.610755E-10,-6.975518,-18.26809
'[19:08:54.132 20/01/2026]',20.85599,4.741918,4.379409,18.07387,4.610755E-10,4.610755E-10,7.282397,23.54417
'[19:08:54.140 20/01/2026]',-12.25481,-3.093524,-2.552588,-10.11659,4.610755E-10,4.610755E-10,-5.516571,-6.647195
'[19:08:54.148 20/01/2026]',7.483584,2.813391,3.386345,3.669091,4.610755E-10,4.610755E-10,7.240537,1.455774
'[19:08:54.156 20/01/2026]',-1.161704,1.930622,-1.994257,2.577484,4.610755E-10,4.610755E-10,-3.816068,-6.056177
'[19:08:54.164 20/01/2026]',-8.183525,-4.640684,-1.095723,-7.508449,4.610755E-10,4.610755E-10,-4.216472,-1.362405
'[19:08:54.172 20/01/2026]',9.895399,-0.02603048,1.111681,7.709012,4.610755E-10,4.610755E-10,5.183948,10.91426
'[19:08:54.180 20/01/2026]',0.4516281,8.097185,5.285148,-0.1092139,4.610755E-10,4.610755E-10,4.994989,-4.247373
'[19:08:54.188 20/01/2026]',-9.489681,-10.57359,-7.506924,-11.14975,4.610755E-10,4.610755E-10,-10.05347,-8.340164
'[19:08:54.196 20/01/2026]',8.856257,6.327319,5.033386,13.53635,4.610755E-10,4.610755E-10,7.143301,11.23663
'[19:08:54.204 20/01/2026]',-3.399443,-2.379823,-5.405642,-4.140186,4.610755E-10,4.610755E-10,-5.074041,-6.506348
'[19:08:54.212 20/01/2026]',-3.842329,-3.941542,2.512783,-8.028584,4.610755E-10,4.610755E-10,-0.6449257,-2.445736
'[19:08:54.220 20/01/2026]',-5.667361,0.5315844,-3.575849,0.6101955,4.610755E-10,4.610755E-10,1.426884,-3.844763
'[19:08:54.228 20/01/2026]',12.34044,9.555386,8.281639,10.3842,4.610755E-10,4.610755E-10,1.651431,7.623147
'[19:08:54.236 20/01/2026]',-4.577684,-5.514257,-3.729628,-6.045045,4.610755E-10,4.610755E-10,-0.2669303,3.785423
'[19:08:54.244 20/01/2026]',-3.478635,-5.424557,-3.342092,-1.809601,4.610755E-10,4.610755E-10,-0.3699171,-9.345907
'[19:08:54.252 20/01/2026]',-1.654658,3.128105,-0.5176876,-0.7199526,4.610755E-10,4.610755E-10,-5.230692,-1.657042
'[19:08:54.260 20/01/2026]',11.93383,5.896099,6.250389,7.866832,4.610755E-10,4.610755E-10,7.725829,12.91671
'[19:08:54.268 20/01/2026]',-6.454273,-7.829843,-4.410534,-4.951603,4.610755E-10,4.610755E-10,-3.444662,-10.08085
'[19:08:54.276 20/01/2026]',-5.986265,-1.969079,-3.512422,-4.212245,4.610755E-10,4.610755E-10,-0.30655,-0.05433711
'[19:08:54.284 20/01/2026]',14.20119,11.21181,7.092373,11.20262,4.610755E-10,4.610755E-10,4.596113,12.09841
'[19:08:54.292 20/01/2026]',-9.023067,-7.180115,-3.812258,-8.027744,4.610755E-10,4.610755E-10,-8.613584,-13.7367
'[19:08:54.300 20/01/2026]',-7.915548,-5.265348,-4.522195,-4.562922,4.610755E-10,4.610755E-10,3.462095,0.8496944
'[19:08:54.308 20/01/2026]',11.36745,5.517341,4.950486,9.752127,4.610755E-10,4.610755E-10,0.07778337,4.542908
'[19:08:54.316 20/01/2026]',3.101734,5.67431,4.488093,-0.511989,4.610755E-10,4.610755E-10,5.670066,5.578734
'[19:08:54.324 20/01/2026]',-20.23133,-12.91193,-12.41923,-16.76367,4.610755E-10,4.610755E-10,-11.09252,-16.01397
'[19:08:54.332 20/01/2026]',24.78299,11.34054,12.13694,22.50552,4.610755E-10,4.610755E-10,7.056623,13.57991
'[19:08:54.340 20/01/2026]',-2.083862,1.019283,0.4098099,-2.529286,4.610755E-10,4.610755E-10,5.905243,-0.9948344
'[19:08:54.348 20/01/2026]',-18.68242,-10.84169,-11.41004,-16.55068,4.610755E-10,4.610755E-10,-10.11771,-6.194243
'[19:08:54.356 20/01/2026]',17.35163,8.587258,11.62301,15.81892,4.610755E-10,4.610755E-10,3.340801,11.35495
'[19:08:54.364 20/01/2026]',-8.311674,-6.012584,-8.069214,-7.413891,4.610755E-10,4.610755E-10,-0.5560419,-19.49422
'[19:08:54.372 20/01/2026]',15.47999,10.38628,11.35086,15.36863,4.610755E-10,4.610755E-10,12.37434,34.09894
'[19:08:54.380 20/01/2026]',-18.28106,-5.816049,-8.375564,-16.80343,4.610755E-10,4.610755E-10,-16.77787,-28.26081
'[19:08:54.388 20/01/2026]',-7.19265,-8.054891,-5.595018,-7.241143,4.610755E-10,4.610755E-10,-0.0221695,-4.789433
'[19:08:54.396 20/01/2026]',23.53277,8.881717,9.358905,20.90696,4.610755E-10,4.610755E-10,11.42986,23.003
'[19:08:54.404 20/01/2026]',-11.80268,0.9701598,-3.114604,-12.27837,4.610755E-10,4.610755E-10,-6.45176,-15.6087
'[19:08:54.412 20/01/2026]',-0.1222608,3.278894,7.339666,3.130304,4.610755E-10,4.610755E-10,5.513605,6.937795
'[19:08:54.420 20/01/2026]',2.867893,-10.93324,-11.23587,0.4439904,4.610755E-10,4.610755E-10,-7.934585,-2.12164
'[19:08:54.428 20/01/2026]',2.867893,-10.93324,-11.23587,0.4439904,4.610755E-10,4.610755E-10,-7.934585,-2.12164
'[19:08:54.436 20/01/2026]',-7.464318,2.466647,-0.9038392,-4.578943,4.610755E-10,4.610755E-10,-0.5300962,-5.499734
'[19:08:54.444 20/01/2026]',-7.464318,2.466647,-0.9038392,-4.578943,4.610755E-10,4.610755E-10,-0.5300962,-5.499734
'[19:08:54.452 20/01/2026]',9.638843,7.248951,9.88631,7.289192,4.610755E-10,4.610755E-10,5.582569,6.844923
'[19:08:54.460 20/01/2026]',9.638843,7.248951,9.88631,7.289192,4.610755E-10,4.610755E-10,5.582569,6.844923
'[19:08:54.468 20/01/2026]',-6.46009,-4.366508,-2.841682,-6.333655,4.610755E-10,4.610755E-10,0.8339021,-3.289613
'[19:08:54.476 20/01/2026]',-6.46009,-4.366508,-2.841682,-6.333655,4.610755E-10,4.610755E-10,0.8339021,-3.289613
'[19:08:54.484 20/01/2026]',-6.46009,-4.366508,-2.841682,-6.333655,4.610755E-10,4.610755E-10,0.8339021,-3.289613
'[19:08:54.492 20/01/2026]',-6.46009,-4.366508,-2.841682,-6.333655,4.610755E-10,4.610755E-10,0.8339021,-3.289613
'[19:08:54.500 20/01/2026]',-6.46009,-4.366508,-2.841682,-6.333655,4.610755E-10,4.610755E-10,0.8339021,-3.289613
'[19:08:54.508 20/01/2026]',-6.46009,-4.366508,-2.841682,-6.333655,4.610755E-10,4.610755E-10,0.8339021,-3.289613
'[19:08:54.516 20/01/2026]',8.78993,4.771055,1.68359,9.781214,4.610755E-10,4.610755E-10,3.321458,11.64498
'[19:08:54.524 20/01/2026]',8.78993,4.771055,1.68359,9.781214,4.610755E-10,4.610755E-10,3.321458,11.64498
'[19:08:54.532 20/01/2026]',-1.478884,-0.7352266,-2.653934,-2.964223,4.610755E-10,4.610755E-10,-5.768756,-9.298002
'[19:08:54.540 20/01/2026]',-4.273809,-0.9824414,3.646996,-5.290889,4.610755E-10,4.610755E-10,-0.1694192,-6.669147
'[19:08:54.548 20/01/2026]',-4.273809,-0.9824414,3.646996,-5.290889,4.610755E-10,4.610755E-10,-0.1694192,-6.669147
'[19:08:54.556 20/01/2026]',0.6501893,-9.054393,-9.381451,2.548693,4.610755E-10,4.610755E-10,-2.015856,11.82266
'[19:08:54.564 20/01/2026]',0.6501893,-9.054393,-9.381451,2.548693,4.610755E-10,4.610755E-10,-2.015856,11.82266
'[19:08:54.572 20/01/2026]',0.6501893,-9.054393,-9.381451,2.548693,4.610755E-10,4.610755E-10,-2.015856,11.82266
'[19:08:54.580 20/01/2026]',-1.683964,6.02492,3.617136,-1.495707,4.610755E-10,4.610755E-10,1.681162,-11.47481
'[19:08:54.588 20/01/2026]',-1.227423,6.907207,7.389383,-2.294492,4.610755E-10,4.610755E-10,1.77168,5.300561
'[19:08:54.596 20/01/2026]',8.642357,-7.544131,-6.170093,9.426769,4.610755E-10,4.610755E-10,1.623412,9.042454
'[19:08:54.604 20/01/2026]',-11.48967,-0.1948383,-0.6829512,-7.279638,4.610755E-10,4.610755E-10,-4.564992,-16.24586
'[19:08:54.612 20/01/2026]',-11.48967,-0.1948383,-0.6829512,-7.279638,4.610755E-10,4.610755E-10,-4.564992,-16.24586
'[19:08:54.620 20/01/2026]',-11.48967,-0.1948383,-0.6829512,-7.279638,4.610755E-10,4.610755E-10,-4.564992,-16.24586
'[19:08:54.628 20/01/2026]',1.393348,-2.068369,-2.701716,-4.856116,4.610755E-10,4.610755E-10,-4.655517,6.964992
'[19:08:54.636 20/01/2026]',8.851584,5.348699,4.825804,4.763021,4.610755E-10,4.610755E-10,9.733967,-0.1029469
'[19:08:54.644 20/01/2026]',8.851584,5.348699,4.825804,4.763021,4.610755E-10,4.610755E-10,9.733967,-0.1029469
'[19:08:54.652 20/01/2026]',8.851584,5.348699,4.825804,4.763021,4.610755E-10,4.610755E-10,9.733967,-0.1029469
'[19:08:54.660 20/01/2026]',-4.026795,-0.3721748,-0.1363465,3.490993,4.610755E-10,4.610755E-10,-2.280191,3.343647
'[19:08:54.668 20/01/2026]',-4.026795,-0.3721748,-0.1363465,3.490993,4.610755E-10,4.610755E-10,-2.280191,3.343647
'[19:08:54.676 20/01/2026]',-4.026795,-0.3721748,-0.1363465,3.490993,4.610755E-10,4.610755E-10,-2.280191,3.343647
'[19:08:54.684 20/01/2026]',-4.026795,-0.3721748,-0.1363465,3.490993,4.610755E-10,4.610755E-10,-2.280191,3.343647
'[19:08:54.692 20/01/2026]',2.322455,-2.341899,0.2431427,3.864529,4.610755E-10,4.610755E-10,-2.68022,0.360902
'[19:08:54.700 20/01/2026]',-9.462192,-2.276359,-5.407797,-14.28038,4.610755E-10,4.610755E-10,0.1513281,-11.74669
'[19:08:54.708 20/01/2026]',18.68978,7.448442,7.978544,14.43125,4.610755E-10,4.610755E-10,7.578584,24.17306
'[19:08:54.716 20/01/2026]',-19.8662,-9.767815,-7.407004,-13.59134,4.610755E-10,4.610755E-10,-14.44592,-30.60644
'[19:08:54.724 20/01/2026]',9.058186,5.200215,4.30286,7.037799,4.610755E-10,4.610755E-10,7.892787,18.08645
'[19:08:54.732 20/01/2026]',-0.3633384,-3.388637,-5.639419,2.543216,4.610755E-10,4.610755E-10,-1.621983,-3.206481
'[19:08:54.740 20/01/2026]',-4.881745,4.985884,5.387597,-5.785428,4.610755E-10,4.610755E-10,0.9312068,-4.874224
'[19:08:54.748 20/01/2026]',3.342248,-0.1639184,-2.513536,-0.8160186,4.610755E-10,4.610755E-10,-3.016847,4.024243
'[19:08:54.756 20/01/2026]',-8.06296,-10.17861,-5.526639,-3.877077,4.610755E-10,4.610755E-10,-3.915211,-8.164286
'[19:08:54.764 20/01/2026]',20.14454,13.05472,12.2445,20.56363,4.610755E-10,4.610755E-10,11.56707,20.1923
'[19:08:54.772 20/01/2026]',-10.50513,-5.106748,-6.841599,-14.56334,4.610755E-10,4.610755E-10,-4.78052,-14.7276
'[19:08:54.780 20/01/2026]',-11.82844,-6.606047,-5.777789,-7.825003,4.610755E-10,4.610755E-10,-5.424806,-3.296315
'[19:08:54.788 20/01/2026]',25.78906,16.4941,17.40482,22.45064,4.610755E-10,4.610755E-10,11.97011,19.67185
'[19:08:54.796 20/01/2026]',-21.14394,-12.78425,-12.41681,-17.34482,4.610755E-10,4.610755E-10,-10.09515,-22.22937
'[19:08:54.804 20/01/2026]',-2.513623,-4.749227,-7.455602,-2.8964,4.610755E-10,4.610755E-10,-2.62835,4.189999
'[19:08:54.812 20/01/2026]',15.02532,13.64522,15.98202,9.979343,4.610755E-10,4.610755E-10,8.485941,9.396841
'[19:08:54.820 20/01/2026]',-7.29108,-6.520468,-6.145271,-6.60118,4.610755E-10,4.610755E-10,-3.210733,-9.290661
'[19:08:54.828 20/01/2026]',-8.405068,-6.900206,-9.717007,-0.236522,4.610755E-10,4.610755E-10,-7.150685,2.822522
'[19:08:54.836 20/01/2026]',11.74284,13.30108,16.58359,4.466091,4.610755E-10,4.610755E-10,13.09865,-0.3334209
'[19:08:54.844 20/01/2026]',4.82767,-3.0524,-3.836383,5.256189,4.610755E-10,4.610755E-10,-5.219442,5.682345
'[19:08:54.852 20/01/2026]',-22.54481,-10.54306,-14.81074,-18.27531,4.610755E-10,4.610755E-10,-8.854741,-9.318705
'[19:08:54.860 20/01/2026]',13.23723,9.61619,12.62017,13.13777,4.610755E-10,4.610755E-10,10.20185,2.04062
'[19:08:54.868 20/01/2026]',12.25458,8.411294,9.442574,9.503567,4.610755E-10,4.610755E-10,4.194776,8.098733
'[19:08:54.876 20/01/2026]',-19.20464,-11.44279,-12.26904,-15.54913,4.610755E-10,4.610755E-10,-2.894413,-5.244449
'[19:08:54.884 20/01/2026]',-6.804649,-15.36926,-15.14058,-12.07465,4.610755E-10,4.610755E-10,-18.79585,-10.78712
'[19:08:54.892 20/01/2026]',38.47095,38.92842,39.30293,38.85189,4.610755E-10,4.610755E-10,33.40917,23.34404
'[19:08:54.900 20/01/2026]',-29.39457,-23.42868,-26.96183,-23.80384,4.610755E-10,4.610755E-10,-18.08302,-12.80278
'[19:08:54.908 20/01/2026]',-7.005673,-14.08162,-10.01078,-13.42946,4.610755E-10,4.610755E-10,-15.89861,-8.684108
'[19:08:54.916 20/01/2026]',11.77279,13.87767,14.3285,15.08947,4.610755E-10,4.610755E-10,14.10004,3.063857
'[19:08:54.924 20/01/2026]',12.22448,10.91108,7.746623,9.796539,4.610755E-10,4.610755E-10,12.10198,17.26658
'[19:08:54.932 20/01/2026]',-8.818253,-9.217175,-6.820029,-10.56759,4.610755E-10,4.610755E-10,-11.95802,-10.77929
'[19:08:54.940 20/01/2026]',-13.60223,-8.597921,-10.40719,-6.813787,4.610755E-10,4.610755E-10,-9.189821,-13.63568
'[19:08:54.948 20/01/2026]',12.73919,8.82014,7.951638,10.61583,4.610755E-10,4.610755E-10,12.36035,13.51371
'[19:08:54.956 20/01/2026]',0.04848899,-1.433308,-1.631163,-8.984805,4.610755E-10,4.610755E-10,-5.736763,-0.6818916
'[19:08:54.964 20/01/2026]',-1.324424,-1.193949,2.927996,6.16067,4.610755E-10,4.610755E-10,3.633085,-3.311854
'[19:08:54.972 20/01/2026]',7.220331,7.915287,6.932614,9.601926,4.610755E-10,4.610755E-10,7.747017,12.20584
'[19:08:54.980 20/01/2026]',-13.95815,-16.66933,-17.4093,-20.14824,4.610755E-10,4.610755E-10,-18.17642,-20.77932
'[19:08:54.988 20/01/2026]',8.072646,13.80638,13.17086,12.71944,4.610755E-10,4.610755E-10,12.54801,13.27837
'[19:08:54.996 20/01/2026]',-6.369261,-10.04383,-11.43312,-8.087499,4.610755E-10,4.610755E-10,-9.183035,-2.347225
'[19:08:55.004 20/01/2026]',-0.8004584,-2.860817,0.3822759,-2.496032,4.610755E-10,4.610755E-10,-1.500619,-16.87928
'[19:08:55.012 20/01/2026]',17.61826,18.79578,18.91591,18.45482,4.610755E-10,4.610755E-10,15.63301,32.00697
'[19:08:55.020 20/01/2026]',17.61826,18.79578,18.91591,18.45482,4.610755E-10,4.610755E-10,15.63301,32.00697
'[19:08:55.028 20/01/2026]',17.61826,18.79578,18.91591,18.45482,4.610755E-10,4.610755E-10,15.63301,32.00697
'[19:08:55.036 20/01/2026]',17.61826,18.79578,18.91591,18.45482,4.610755E-10,4.610755E-10,15.63301,32.00697
'[19:08:55.044 20/01/2026]',-26.44761,-16.96703,-18.46669,-22.62399,4.610755E-10,4.610755E-10,-10.36178,-25.33969
'[19:08:55.052 20/01/2026]',14.37088,6.407037,6.117925,16.11397,4.610755E-10,4.610755E-10,-2.541907,8.090936
'[19:08:55.060 20/01/2026]',-1.74112,-0.3170187,2.522371,-8.480186,4.610755E-10,4.610755E-10,6.327912,1.118101
'[19:08:55.068 20/01/2026]',-1.74112,-0.3170187,2.522371,-8.480186,4.610755E-10,4.610755E-10,6.327912,1.118101
'[19:08:55.076 20/01/2026]',-1.74112,-0.3170187,2.522371,-8.480186,4.610755E-10,4.610755E-10,6.327912,1.118101
'[19:08:55.084 20/01/2026]',-7.905705,-5.758566,-7.966528,-5.686188,4.610755E-10,4.610755E-10,-4.804112,-3.508841
'[19:08:55.092 20/01/2026]',12.07873,8.768814,8.82177,17.17082,4.610755E-10,4.610755E-10,1.349771,3.888967
'[19:08:55.100 20/01/2026]',12.07873,8.768814,8.82177,17.17082,4.610755E-10,4.610755E-10,1.349771,3.888967
'[19:08:55.108 20/01/2026]',-4.129181,-2.087972,-1.407043,-10.21761,4.610755E-10,4.610755E-10,3.33667,-1.320293
'[19:08:55.116 20/01/2026]',-4.129181,-2.087972,-1.407043,-10.21761,4.610755E-10,4.610755E-10,3.33667,-1.320293
'[19:08:55.124 20/01/2026]',-3.797396,-8.276033,-7.236844,-5.575408,4.610755E-10,4.610755E-10,-4.351223,-1.741067
'[19:08:55.132 20/01/2026]',-3.797396,-8.276033,-7.236844,-5.575408,4.610755E-10,4.610755E-10,-4.351223,-1.741067
'[19:08:55.140 20/01/2026]',5.470786,6.75872,5.477553,8.611459,4.610755E-10,4.610755E-10,-1.915963,0.06472413
'[19:08:55.148 20/01/2026]',5.470786,6.75872,5.477553,8.611459,4.610755E-10,4.610755E-10,-1.915963,0.06472413
'[19:08:55.156 20/01/2026]',5.470786,6.75872,5.477553,8.611459,4.610755E-10,4.610755E-10,-1.915963,0.06472413
'[19:08:55.164 20/01/2026]',-3.85787,1.528575,1.631613,0.5915068,4.610755E-10,4.610755E-10,4.822955,-0.6831387
'[19:08:55.172 20/01/2026]',1.432158,-2.329759,-3.37411,-2.127809,4.610755E-10,4.610755E-10,0.1560712,3.671484
'[19:08:55.180 20/01/2026]',1.432158,-2.329759,-3.37411,-2.127809,4.610755E-10,4.610755E-10,0.1560712,3.671484
'[19:08:55.188 20/01/2026]',1.432158,-2.329759,-3.37411,-2.127809,4.610755E-10,4.610755E-10,0.1560712,3.671484
'[19:08:55.196 20/01/2026]',1.432158,-2.329759,-3.37411,-2.127809,4.610755E-10,4.610755E-10,0.1560712,3.671484
'[19:08:55.204 20/01/2026]',1.432158,-2.329759,-3.37411,-2.127809,4.610755E-10,4.610755E-10,0.1560712,3.671484
'[19:08:55.212 20/01/2026]',2.321205,-0.9128712,0.6666608,-2.406081,4.610755E-10,4.610755E-10,-4.048181,-0.8187537
'[19:08:55.220 20/01/2026]',-6.008021,-5.364542,-0.07651529,1.054948,4.610755E-10,4.610755E-10,4.406983,-3.7524
'[19:08:55.228 20/01/2026]',6.995388,7.85942,1.504828,2.304227,4.610755E-10,4.610755E-10,-1.578603,7.481208
'[19:08:55.236 20/01/2026]',6.995388,7.85942,1.504828,2.304227,4.610755E-10,4.610755E-10,-1.578603,7.481208
'[19:08:55.244 20/01/2026]',-0.1818438,2.881041,0.08030231,-0.2309007,4.610755E-10,4.610755E-10,-0.635812,-4.285697
'[19:08:55.252 20/01/2026]',-0.1818438,2.881041,0.08030231,-0.2309007,4.610755E-10,4.610755E-10,-0.635812,-4.285697
'[19:08:55.260 20/01/2026]',-0.1818438,2.881041,0.08030231,-0.2309007,4.610755E-10,4.610755E-10,-0.635812,-4.285697
'[19:08:55.268 20/01/2026]',-9.323172,-10.95026,-4.493606,-3.834707,4.610755E-10,4.610755E-10,-2.740328,-8.018363
'[19:08:55.276 20/01/2026]',-9.323172,-10.95026,-4.493606,-3.834707,4.610755E-10,4.610755E-10,-2.740328,-8.018363
'[19:08:55.284 20/01/2026]',4.501032,4.164216,2.174311,-1.820629,4.610755E-10,4.610755E-10,2.03501,10.03819
'[19:08:55.292 20/01/2026]',4.249287,3.592562,1.931154,8.07897,4.610755E-10,4.610755E-10,4.752132,3.670357
'[19:08:55.300 20/01/2026]',-3.584017,2.64291,3.677301,-1.014727,4.610755E-10,4.610755E-10,-2.964754,-13.15063
'[19:08:55.308 20/01/2026]',-7.315524,-11.85487,-10.59489,-10.31723,4.610755E-10,4.610755E-10,-4.927166,7.352803
'[19:08:55.316 20/01/2026]',21.81314,12.44062,11.20772,22.86573,4.610755E-10,4.610755E-10,11.91043,12.51154
'[19:08:55.324 20/01/2026]',-23.56224,-4.254865,-6.196127,-27.49447,4.610755E-10,4.610755E-10,-12.93335,-28.46681
'[19:08:55.332 20/01/2026]',-8.310033,-14.67571,-12.7376,-2.211742,4.610755E-10,4.610755E-10,-6.176468,2.915452
'[19:08:55.340 20/01/2026]',39.50058,30.40422,31.27349,41.19333,4.610755E-10,4.610755E-10,28.1453,39.65874
'[19:08:55.348 20/01/2026]',-18.78073,-7.333982,-7.672635,-27.88741,4.610755E-10,4.610755E-10,-7.793616,-28.88778
'[19:08:55.356 20/01/2026]',-24.73555,-23.50941,-26.43898,-16.72815,4.610755E-10,4.610755E-10,-23.3113,-12.48396
'[19:08:55.364 20/01/2026]',28.77131,16.18706,19.52268,27.42663,4.610755E-10,4.610755E-10,14.43331,18.5922
'[19:08:55.372 20/01/2026]',-4.805929,-0.1071248,-1.014728,-5.060936,4.610755E-10,4.610755E-10,4.420361,1.759841
'[19:08:55.380 20/01/2026]',-4.7459,-5.032808,-3.634838,-10.36396,4.610755E-10,4.610755E-10,-4.932798,-11.04725
'[19:08:55.388 20/01/2026]',7.123102,8.705824,5.755627,11.42851,4.610755E-10,4.610755E-10,-0.6940858,8.261462
'[19:08:55.396 20/01/2026]',-5.955139,-3.380939,-3.85991,-1.768095,4.610755E-10,4.610755E-10,4.393175,2.792521
'[19:08:55.404 20/01/2026]',-9.030064,-14.18983,-9.639407,-12.86496,4.610755E-10,4.610755E-10,-11.16523,-19.12461
'[19:08:55.412 20/01/2026]',10.78678,16.34432,13.21954,7.357746,4.610755E-10,4.610755E-10,9.475324,10.64015
'[19:08:55.420 20/01/2026]',-2.797472,-2.811308,-4.155602,5.46271,4.610755E-10,4.610755E-10,-1.522547,6.889495
'[19:08:55.428 20/01/2026]',-1.64101,-4.116247,-3.652647,-8.584525,4.610755E-10,4.610755E-10,-4.346937,-9.709652
'[19:08:55.436 20/01/2026]',1.810969,3.755391,6.523183,3.312067,4.610755E-10,4.610755E-10,4.422925,3.71151
'[19:08:55.444 20/01/2026]',-4.167236,-4.712306,-7.078195,-3.237101,4.610755E-10,4.610755E-10,-1.621023,-0.2676627
'[19:08:55.452 20/01/2026]',-3.471994,-2.098221,-1.630302,-2.067237,4.610755E-10,4.610755E-10,-4.64851,-8.005735
'[19:08:55.460 20/01/2026]',20.94951,18.51587,17.78684,20.32336,4.610755E-10,4.610755E-10,15.35618,20.2971
'[19:08:55.468 20/01/2026]',-17.11009,-14.62542,-15.26702,-21.8391,4.610755E-10,4.610755E-10,-10.90937,-11.75956
'[19:08:55.476 20/01/2026]',1.678318,0.1325804,1.44848,4.115363,4.610755E-10,4.610755E-10,0.3613084,-4.088775
'[19:08:55.484 20/01/2026]',7.603415,10.19783,8.693404,17.47536,4.610755E-10,4.610755E-10,2.394996,8.415368
'[19:08:55.492 20/01/2026]',-9.795111,-10.55771,-9.065708,-21.46742,4.610755E-10,4.610755E-10,0.6524903,-8.859746
'[19:08:55.500 20/01/2026]',-5.898633,-10.4952,-7.180144,-6.553137,4.610755E-10,4.610755E-10,-17.33983,-5.632627
'[19:08:55.508 20/01/2026]',16.06793,25.18878,19.99261,22.72161,4.610755E-10,4.610755E-10,25.96167,16.66648
'[19:08:55.516 20/01/2026]',-7.764156,-16.94026,-18.74332,-7.826852,4.610755E-10,4.610755E-10,-14.71747,-7.814078
'[19:08:55.524 20/01/2026]',-8.068658,-7.530386,-3.044309,-15.94576,4.610755E-10,4.610755E-10,-9.311429,-13.21266
'[19:08:55.532 20/01/2026]',17.23126,18.06307,17.6858,19.56955,4.610755E-10,4.610755E-10,17.93015,21.57214
'[19:08:55.540 20/01/2026]',-15.70871,-10.77269,-11.96139,-9.314004,4.610755E-10,4.610755E-10,-10.01467,-20.52052
'[19:08:55.548 20/01/2026]',12.00154,2.265123,2.019586,5.189821,4.610755E-10,4.610755E-10,5.072946,21.14945
'[19:08:55.556 20/01/2026]',-4.731936,-1.107306,-0.5971113,-2.626154,4.610755E-10,4.610755E-10,-7.035413,-15.97233
'[19:08:55.564 20/01/2026]',-13.94505,-2.499379,-3.346034,-15.72576,4.610755E-10,4.610755E-10,-0.8004576,-11.65706
'[19:08:55.572 20/01/2026]',28.03457,8.551678,8.810069,31.10848,4.610755E-10,4.610755E-10,15.22851,39.90776
'[19:08:55.580 20/01/2026]',-11.32053,-2.582515,-1.73073,-8.5624,4.610755E-10,4.610755E-10,-8.404112,-27.62936
'[19:08:55.588 20/01/2026]',-9.163889,-1.255173,-4.82733,-19.91086,4.610755E-10,4.610755E-10,-8.717771,-3.869015
'[19:08:55.596 20/01/2026]',9.09166,-1.782155,1.993362,15.21842,4.610755E-10,4.610755E-10,12.57874,16.15901
'[19:08:55.604 20/01/2026]',-8.11463,-1.143512,-1.426926,-0.9381906,4.610755E-10,4.610755E-10,-5.683426,-14.4305
'[19:08:55.612 20/01/2026]',-8.11463,-1.143512,-1.426926,-0.9381906,4.610755E-10,4.610755E-10,-5.683426,-14.4305
'[19:08:55.620 20/01/2026]',-8.11463,-1.143512,-1.426926,-0.9381906,4.610755E-10,4.610755E-10,-5.683426,-14.4305
'[19:08:55.628 20/01/2026]',-8.11463,-1.143512,-1.426926,-0.9381906,4.610755E-10,4.610755E-10,-5.683426,-14.4305
'[19:08:55.636 20/01/2026]',10.01829,6.174454,4.792423,0.9005927,4.610755E-10,4.610755E-10,-0.5044726,10.02745
'[19:08:55.644 20/01/2026]',-2.524196,-4.599218,-4.901107,-3.306055,4.610755E-10,4.610755E-10,2.219807,-3.422672
'[19:08:55.652 20/01/2026]',-2.524196,-4.599218,-4.901107,-3.306055,4.610755E-10,4.610755E-10,2.219807,-3.422672
'[19:08:55.660 20/01/2026]',-12.33593,-1.754714,1.010297,-7.01596,4.610755E-10,4.610755E-10,-0.875082,-1.891018
'[19:08:55.668 20/01/2026]',-12.33593,-1.754714,1.010297,-7.01596,4.610755E-10,4.610755E-10,-0.875082,-1.891018
'[19:08:55.676 20/01/2026]',14.7439,6.288104,2.921409,13.61058,4.610755E-10,4.610755E-10,-2.194977,2.359944
'[19:08:55.684 20/01/2026]',14.7439,6.288104,2.921409,13.61058,4.610755E-10,4.610755E-10,-2.194977,2.359944
'[19:08:55.692 20/01/2026]',-1.889179,-8.684684,-3.969847,-2.652115,4.610755E-10,4.610755E-10,1.769957,-3.061844
'[19:08:55.700 20/01/2026]',-1.889179,-8.684684,-3.969847,-2.652115,4.610755E-10,4.610755E-10,1.769957,-3.061844
'[19:08:55.708 20/01/2026]',-1.889179,-8.684684,-3.969847,-2.652115,4.610755E-10,4.610755E-10,1.769957,-3.061844
'[19:08:55.716 20/01/2026]',-1.889179,-8.684684,-3.969847,-2.652115,4.610755E-10,4.610755E-10,1.769957,-3.061844
'[19:08:55.724 20/01/2026]',-1.889179,-8.684684,-3.969847,-2.652115,4.610755E-10,4.610755E-10,1.769957,-3.061844
'[19:08:55.732 20/01/2026]',-7.550191,11.82848,3.87606,-8.003736,4.610755E-10,4.610755E-10,4.317501,6.851581
'[19:08:55.740 20/01/2026]',4.174567,-6.168151,-3.414797,5.03822,4.610755E-10,4.610755E-10,-9.608641,-10.65136
'[19:08:55.748 20/01/2026]',-1.875497,-5.467312,0.1980519,-3.448066,4.610755E-10,4.610755E-10,1.486152,0.4936912
'[19:08:55.756 20/01/2026]',-1.875497,-5.467312,0.1980519,-3.448066,4.610755E-10,4.610755E-10,1.486152,0.4936912
'[19:08:55.764 20/01/2026]',-5.909736,3.571457,-5.023344,-3.183391,4.610755E-10,4.610755E-10,2.457559,5.027547
'[19:08:55.772 20/01/2026]',-5.909736,3.571457,-5.023344,-3.183391,4.610755E-10,4.610755E-10,2.457559,5.027547
'[19:08:55.780 20/01/2026]',-5.909736,3.571457,-5.023344,-3.183391,4.610755E-10,4.610755E-10,2.457559,5.027547
'[19:08:55.788 20/01/2026]',14.59152,13.85099,13.51901,17.32719,4.610755E-10,4.610755E-10,8.648132,5.6406
'[19:08:55.796 20/01/2026]',14.59152,13.85099,13.51901,17.32719,4.610755E-10,4.610755E-10,8.648132,5.6406
'[19:08:55.804 20/01/2026]',-9.518705,-17.35601,-8.92909,-18.13221,4.610755E-10,4.610755E-10,-14.82284,-10.82329
'[19:08:55.812 20/01/2026]',-9.518705,-17.35601,-8.92909,-18.13221,4.610755E-10,4.610755E-10,-14.82284,-10.82329
'[19:08:55.820 20/01/2026]',1.875032,0.9961234,-1.935587,5.249934,4.610755E-10,4.610755E-10,4.578406,3.912175
'[19:08:55.828 20/01/2026]',-2.296712,4.246019,-0.1980175,-2.206383,4.610755E-10,4.610755E-10,2.428919,-3.949857
'[19:08:55.836 20/01/2026]',-2.296712,4.246019,-0.1980175,-2.206383,4.610755E-10,4.610755E-10,2.428919,-3.949857
'[19:08:55.844 20/01/2026]',-1.439586,-2.257345,2.485869,1.40922,4.610755E-10,4.610755E-10,-2.57443,7.134363
'[19:08:55.852 20/01/2026]',-1.439586,-2.257345,2.485869,1.40922,4.610755E-10,4.610755E-10,-2.57443,7.134363
'[19:08:55.860 20/01/2026]',-1.439586,-2.257345,2.485869,1.40922,4.610755E-10,4.610755E-10,-2.57443,7.134363
'[19:08:55.868 20/01/2026]',13.58097,6.352149,6.663234,11.95085,4.610755E-10,4.610755E-10,5.808083,1.811886
'[19:08:55.876 20/01/2026]',13.58097,6.352149,6.663234,11.95085,4.610755E-10,4.610755E-10,5.808083,1.811886
'[19:08:55.884 20/01/2026]',-7.822834,-8.01146,-10.79716,-10.39613,4.610755E-10,4.610755E-10,-4.685289,-3.147932
'[19:08:55.892 20/01/2026]',-10.07631,-0.9587925,-0.2061467,-10.15127,4.610755E-10,4.610755E-10,-3.430287,-7.373629
'[19:08:55.900 20/01/2026]',10.76969,4.421939,6.033086,13.63113,4.610755E-10,4.610755E-10,2.471229,6.330123
'[19:08:55.908 20/01/2026]',3.695693,3.756698,0.2580697,4.420993,4.610755E-10,4.610755E-10,5.956244,6.215881
'[19:08:55.916 20/01/2026]',-10.84999,-13.23457,-6.680906,-15.1818,4.610755E-10,4.610755E-10,-6.350836,-9.002418
'[19:08:55.924 20/01/2026]',-3.940827,-0.2365378,0.704173,0.002427287,4.610755E-10,4.610755E-10,-6.248997,-8.28595
'[19:08:55.932 20/01/2026]',18.1979,23.42961,9.691728,15.37543,4.610755E-10,4.610755E-10,13.48054,19.10154
'[19:08:55.940 20/01/2026]',-5.114204,-19.51441,-9.231034,-3.414471,4.610755E-10,4.610755E-10,-7.588907,-3.055347
'[19:08:55.948 20/01/2026]',-2.82968,8.512502,8.270113,-4.474174,4.610755E-10,4.610755E-10,6.231356,-10.6166
'[19:08:55.956 20/01/2026]',-1.367408,-3.406986,-6.257523,-3.966298,4.610755E-10,4.610755E-10,-5.209065,4.113822
'[19:08:55.964 20/01/2026]',4.888712,-3.520844,-1.296753,13.26676,4.610755E-10,4.610755E-10,0.721368,13.77491
'[19:08:55.972 20/01/2026]',3.367959,9.556772,8.116669,-0.9979149,4.610755E-10,4.610755E-10,6.135261,-12.08807
'[19:08:55.980 20/01/2026]',-8.200522,-10.73794,-11.5475,-15.88628,4.610755E-10,4.610755E-10,-11.23898,-5.405763
'[19:08:55.988 20/01/2026]',6.686452,6.56978,10.12072,15.07457,4.610755E-10,4.610755E-10,8.948547,12.51353
'[19:08:55.996 20/01/2026]',-7.011556,-1.715995,-4.51337,-2.054528,4.610755E-10,4.610755E-10,-0.1206476,-3.992132
'[19:08:56.004 20/01/2026]',2.178236,-2.764857,-2.903027,-9.389548,4.610755E-10,4.610755E-10,-8.868896,-4.326007
'[19:08:56.012 20/01/2026]',0.2199996,2.415118,5.490888,2.042722,4.610755E-10,4.610755E-10,3.782362,-5.819572
'[19:08:56.020 20/01/2026]',4.555073,4.193065,0.9495884,11.61697,4.610755E-10,4.610755E-10,9.926423,16.30903
'[19:08:56.028 20/01/2026]',-7.261365,-10.11763,-7.778945,-12.19618,4.610755E-10,4.610755E-10,-11.81252,-13.6542
'[19:08:56.036 20/01/2026]',3.703451,8.525112,6.007223,-2.184088,4.610755E-10,4.610755E-10,0.4412731,0.7315444
'[19:08:56.044 20/01/2026]',0.5818245,-5.364136,-4.806977,12.23507,4.610755E-10,4.610755E-10,2.167782,7.817553
'[19:08:56.052 20/01/2026]',2.821195,5.614024,8.490538,-0.6248333,4.610755E-10,4.610755E-10,9.673554,-4.540287
'[19:08:56.060 20/01/2026]',1.979081,3.524386,0.1429977,-3.442111,4.610755E-10,4.610755E-10,-4.824032,7.403287
'[19:08:56.068 20/01/2026]',-12.71017,-16.87184,-14.61768,-10.20698,4.610755E-10,4.610755E-10,-14.10366,-13.70879
'[19:08:56.076 20/01/2026]',7.028955,9.642385,9.137897,10.41727,4.610755E-10,4.610755E-10,15.32407,6.879456
'[19:08:56.084 20/01/2026]',-1.018423,1.904193,0.2497022,-2.692807,4.610755E-10,4.610755E-10,-7.779443,-2.324154
'[19:08:56.092 20/01/2026]',-2.780167,-5.664598,-3.054223,-6.235916,4.610755E-10,4.610755E-10,-1.02079,-5.652073
'[19:08:56.100 20/01/2026]',2.738797,-4.137213,-4.312139,5.802728,4.610755E-10,4.610755E-10,2.387593,10.63468
'[19:08:56.108 20/01/2026]',2.217921,15.04379,13.95343,4.232993,4.610755E-10,4.610755E-10,3.563975,0.2139092
'[19:08:56.116 20/01/2026]',-3.716319,-10.48569,-11.86989,-7.755139,4.610755E-10,4.610755E-10,-5.007097,-12.38465
'[19:08:56.124 20/01/2026]',2.463568,-1.565454,-0.5952987,5.013736,4.610755E-10,4.610755E-10,-1.478157,13.76412
'[19:08:56.132 20/01/2026]',-4.395073,3.426824,5.400999,-4.063338,4.610755E-10,4.610755E-10,2.494698,-9.219859
'[19:08:56.140 20/01/2026]',-3.551486,-3.201523,-5.281365,-4.944172,4.610755E-10,4.610755E-10,-0.09177829,-2.479442
'[19:08:56.148 20/01/2026]',14.32692,9.574256,9.972195,13.19564,4.610755E-10,4.610755E-10,3.813045,12.51492
'[19:08:56.156 20/01/2026]',-9.844651,-10.37131,-12.478,-9.592543,4.610755E-10,4.610755E-10,-9.775691,-13.78521
'[19:08:56.164 20/01/2026]',-5.211863,-3.598579,-0.1279304,-3.102828,4.610755E-10,4.610755E-10,1.274462,0.6700917
'[19:08:56.172 20/01/2026]',11.80366,12.62079,12.01864,11.85258,4.610755E-10,4.610755E-10,9.526875,11.51361
'[19:08:56.180 20/01/2026]',-0.8108779,-5.43941,-4.859448,-2.472154,4.610755E-10,4.610755E-10,-1.360295,-2.858196
'[19:08:56.188 20/01/2026]',-5.00388,0.8551543,-0.447294,-5.305931,4.610755E-10,4.610755E-10,-2.810578,-3.577233
'[19:08:56.196 20/01/2026]',-6.688007,-4.445726,-5.750802,-5.003753,4.610755E-10,4.610755E-10,-7.581048,-5.154142
'[19:08:56.204 20/01/2026]',-6.688007,-4.445726,-5.750802,-5.003753,4.610755E-10,4.610755E-10,-7.581048,-5.154142
'[19:08:56.212 20/01/2026]',-6.688007,-4.445726,-5.750802,-5.003753,4.610755E-10,4.610755E-10,-7.581048,-5.154142
'[19:08:56.220 20/01/2026]',-6.688007,-4.445726,-5.750802,-5.003753,4.610755E-10,4.610755E-10,-7.581048,-5.154142
'[19:08:56.228 20/01/2026]',-6.688007,-4.445726,-5.750802,-5.003753,4.610755E-10,4.610755E-10,-7.581048,-5.154142
'[19:08:56.236 20/01/2026]',-6.688007,-4.445726,-5.750802,-5.003753,4.610755E-10,4.610755E-10,-7.581048,-5.154142
'[19:08:56.244 20/01/2026]',-6.688007,-4.445726,-5.750802,-5.003753,4.610755E-10,4.610755E-10,-7.581048,-5.154142
'[19:08:56.252 20/01/2026]',-6.688007,-4.445726,-5.750802,-5.003753,4.610755E-10,4.610755E-10,-7.581048,-5.154142
'[19:08:56.260 20/01/2026]',-6.688007,-4.445726,-5.750802,-5.003753,4.610755E-10,4.610755E-10,-7.581048,-5.154142
'[19:08:56.268 20/01/2026]',9.593179,-6.043955,3.740076,12.38339,4.610755E-10,4.610755E-10,12.91501,11.20324
'[19:08:56.276 20/01/2026]',4.202873,14.313,5.750199,0.7929755,4.610755E-10,4.610755E-10,-4.087739,-1.814866
'[19:08:56.284 20/01/2026]',-8.10349,-1.756012,-3.089172,-9.232844,4.610755E-10,4.610755E-10,-6.768257,-11.10581
'[19:08:56.292 20/01/2026]',4.89588,-8.625372,-2.738926,5.40206,4.610755E-10,4.610755E-10,12.34154,16.5038
'[19:08:56.300 20/01/2026]',-15.96162,-3.018203,-6.227799,-13.72506,4.610755E-10,4.610755E-10,-17.12808,-20.62948
'[19:08:56.308 20/01/2026]',17.76307,13.02797,13.48974,19.86499,4.610755E-10,4.610755E-10,13.4779,11.75313
'[19:08:56.316 20/01/2026]',0.03193997,-6.383332,-5.896802,-6.451097,4.610755E-10,4.610755E-10,-0.1647713,7.136209
'[19:08:56.324 20/01/2026]',-19.09016,-12.91623,-12.85866,-17.71295,4.610755E-10,4.610755E-10,-15.94287,-23.44439
'[19:08:56.332 20/01/2026]',-19.09016,-12.91623,-12.85866,-17.71295,4.610755E-10,4.610755E-10,-15.94287,-23.44439
'[19:08:56.340 20/01/2026]',-19.09016,-12.91623,-12.85866,-17.71295,4.610755E-10,4.610755E-10,-15.94287,-23.44439
'[19:08:56.348 20/01/2026]',18.23882,21.09184,20.21672,21.64436,4.610755E-10,4.610755E-10,17.81873,20.30619
'[19:08:56.356 20/01/2026]',18.23882,21.09184,20.21672,21.64436,4.610755E-10,4.610755E-10,17.81873,20.30619
'[19:08:56.364 20/01/2026]',-5.432658,-8.062593,-7.116547,-4.083179,4.610755E-10,4.610755E-10,-1.658724,-1.267264
'[19:08:56.372 20/01/2026]',-5.432658,-8.062593,-7.116547,-4.083179,4.610755E-10,4.610755E-10,-1.658724,-1.267264
'[19:08:56.380 20/01/2026]',2.692891,-9.288848,-9.163611,-4.353119,4.610755E-10,4.610755E-10,-9.408668,-7.16303
'[19:08:56.388 20/01/2026]',2.692891,-9.288848,-9.163611,-4.353119,4.610755E-10,4.610755E-10,-9.408668,-7.16303
'[19:08:56.396 20/01/2026]',2.692891,-9.288848,-9.163611,-4.353119,4.610755E-10,4.610755E-10,-9.408668,-7.16303
'[19:08:56.404 20/01/2026]',2.26646,11.66554,11.29284,3.48581,4.610755E-10,4.610755E-10,4.015547,5.246357
'[19:08:56.412 20/01/2026]',2.26646,11.66554,11.29284,3.48581,4.610755E-10,4.610755E-10,4.015547,5.246357
'[19:08:56.420 20/01/2026]',2.26646,11.66554,11.29284,3.48581,4.610755E-10,4.610755E-10,4.015547,5.246357
'[19:08:56.428 20/01/2026]',2.26646,11.66554,11.29284,3.48581,4.610755E-10,4.610755E-10,4.015547,5.246357
'[19:08:56.436 20/01/2026]',-23.47698,-7.424287,-9.68044,-15.53003,4.610755E-10,4.610755E-10,-2.20672,-15.96741
'[19:08:56.444 20/01/2026]',30.16426,4.279455,8.494702,25.99169,4.610755E-10,4.610755E-10,8.937847,27.86443
'[19:08:56.452 20/01/2026]',30.16426,4.279455,8.494702,25.99169,4.610755E-10,4.610755E-10,8.937847,27.86443
'[19:08:56.460 20/01/2026]',-5.359227,2.624412,-0.3090065,-8.357945,4.610755E-10,4.610755E-10,-7.121099,-12.10254
'[19:08:56.468 20/01/2026]',-14.76453,-5.699159,-5.811655,-15.10111,4.610755E-10,4.610755E-10,-1.008339,-13.0933
'[19:08:56.476 20/01/2026]',-14.76453,-5.699159,-5.811655,-15.10111,4.610755E-10,4.610755E-10,-1.008339,-13.0933
'[19:08:56.484 20/01/2026]',-14.76453,-5.699159,-5.811655,-15.10111,4.610755E-10,4.610755E-10,-1.008339,-13.0933
'[19:08:56.492 20/01/2026]',3.136761,-4.689137,-3.351972,4.473129,4.610755E-10,4.610755E-10,-2.784526,5.542088
'[19:08:56.500 20/01/2026]',17.07849,8.554263,9.893534,19.09154,4.610755E-10,4.610755E-10,7.665217,18.30035
'[19:08:56.508 20/01/2026]',-18.5833,-7.49644,-8.901959,-18.90988,4.610755E-10,4.610755E-10,-9.203742,-21.15474
'[19:08:56.516 20/01/2026]',6.141421,8.371867,6.409147,1.113628,4.610755E-10,4.610755E-10,8.367789,3.879125
'[19:08:56.524 20/01/2026]',7.083066,-2.868134,0.03644035,14.14549,4.610755E-10,4.610755E-10,0.8427318,12.47625
'[19:08:56.532 20/01/2026]',-9.248941,-6.534177,-6.061354,-9.676071,4.610755E-10,4.610755E-10,-9.272178,-12.20747
'[19:08:56.540 20/01/2026]',-14.36526,-9.618481,-12.32571,-20.35392,4.610755E-10,4.610755E-10,-9.20458,-11.77138
'[19:08:56.548 20/01/2026]',16.45819,16.3414,17.00908,16.25971,4.610755E-10,4.610755E-10,15.54593,13.079
'[19:08:56.556 20/01/2026]',18.90441,12.99808,15.365,25.78333,4.610755E-10,4.610755E-10,14.13218,18.04502
'[19:08:56.564 20/01/2026]',-34.63832,-37.00386,-37.46191,-40.48376,4.610755E-10,4.610755E-10,-35.9736,-31.77348
'[19:08:56.572 20/01/2026]',12.19293,19.56653,16.50918,12.23819,4.610755E-10,4.610755E-10,15.45449,13.096
'[19:08:56.580 20/01/2026]',12.91935,10.56891,11.74707,16.61134,4.610755E-10,4.610755E-10,14.53428,8.389936
'[19:08:56.588 20/01/2026]',-9.487472,-12.49752,-10.99216,-10.27096,4.610755E-10,4.610755E-10,-11.85704,-5.70891
'[19:08:56.596 20/01/2026]',-8.984034,-5.199044,-4.466504,-7.450597,4.610755E-10,4.610755E-10,-7.975574,-3.775001
'[19:08:56.604 20/01/2026]',7.56867,8.401175,7.432391,3.668896,4.610755E-10,4.610755E-10,8.279877,-1.665973
'[19:08:56.612 20/01/2026]',12.18173,4.703318,3.808331,12.53907,4.610755E-10,4.610755E-10,10.08526,14.41995
'[19:08:56.620 20/01/2026]',-15.49712,-8.165547,-6.553203,-12.82499,4.610755E-10,4.610755E-10,-10.60033,-7.895459
'[19:08:56.628 20/01/2026]',-1.344491,-3.330389,-5.060974,-2.059563,4.610755E-10,4.610755E-10,-9.150947,-15.92174
'[19:08:56.636 20/01/2026]',13.30419,17.26114,17.49689,15.17706,4.610755E-10,4.610755E-10,23.71136,33.90459
'[19:08:56.644 20/01/2026]',-16.08945,-18.1308,-18.02539,-19.04298,4.610755E-10,4.610755E-10,-16.70844,-28.32735
'[19:08:56.652 20/01/2026]',2.461797,-1.417513,-0.4160769,1.961892,4.610755E-10,4.610755E-10,-6.854976,-6.70942
'[19:08:56.660 20/01/2026]',19.93759,18.12815,19.01155,20.89242,4.610755E-10,4.610755E-10,20.84981,34.95856
'[19:08:56.668 20/01/2026]',-30.13946,-23.9001,-27.09174,-32.79575,4.610755E-10,4.610755E-10,-22.35473,-35.67247
'[19:08:56.676 20/01/2026]',22.59721,19.7166,21.90173,25.31599,4.610755E-10,4.610755E-10,18.40827,21.08415
'[19:08:56.684 20/01/2026]',5.455488,-0.7599252,-0.6160189,5.124745,4.610755E-10,4.610755E-10,-4.682483,2.614961
'[19:08:56.692 20/01/2026]',-18.58115,-12.83846,-13.88505,-22.06864,4.610755E-10,4.610755E-10,-5.484509,-16.02512
'[19:08:56.700 20/01/2026]',12.51085,10.80922,12.30708,12.58328,4.610755E-10,4.610755E-10,10.86839,18.85289
'[19:08:56.708 20/01/2026]',4.523462,4.830805,3.506708,9.121273,4.610755E-10,4.610755E-10,-10.23101,-10.94427
'[19:08:56.716 20/01/2026]',-15.69178,-13.25222,-13.65331,-16.28553,4.610755E-10,4.610755E-10,2.933031,-4.844109
'[19:08:56.724 20/01/2026]',4.418487,0.1094637,2.528333,2.58893,4.610755E-10,4.610755E-10,4.437783,14.01494
'[19:08:56.732 20/01/2026]',7.531076,12.40233,10.71266,7.134067,4.610755E-10,4.610755E-10,-5.403843,-8.651414
'[19:08:56.740 20/01/2026]',-8.272036,-8.187302,-9.026127,-6.345944,4.610755E-10,4.610755E-10,-2.101908,-5.894319
'[19:08:56.748 20/01/2026]',8.337267,0.6095482,1.254803,4.985587,4.610755E-10,4.610755E-10,11.67733,15.23078
'[19:08:56.756 20/01/2026]',-2.893859,2.026823,2.377503,1.664368,4.610755E-10,4.610755E-10,-7.315822,-4.02618
'[19:08:56.764 20/01/2026]',-4.021741,-0.4215551,0.4720519,-5.925689,4.610755E-10,4.610755E-10,-0.9274676,-7.071609
'[19:08:56.772 20/01/2026]',8.91863,-0.6212427,-1.603118,6.593165,4.610755E-10,4.610755E-10,5.099733,4.466926
'[19:08:56.780 20/01/2026]',-14.04019,-8.90224,-2.998761,-1.351838,4.610755E-10,4.610755E-10,-2.690089,8.625772
'[19:08:56.788 20/01/2026]',-14.04019,-8.90224,-2.998761,-1.351838,4.610755E-10,4.610755E-10,-2.690089,8.625772
'[19:08:56.796 20/01/2026]',-14.04019,-8.90224,-2.998761,-1.351838,4.610755E-10,4.610755E-10,-2.690089,8.625772
'[19:08:56.804 20/01/2026]',0.5480738,10.79296,1.308172,-13.76126,4.610755E-10,4.610755E-10,-8.393599,-24.47198
'[19:08:56.812 20/01/2026]',24.19129,14.22069,12.22354,19.01048,4.610755E-10,4.610755E-10,13.31301,17.0146
'[19:08:56.820 20/01/2026]',-25.04181,-26.79535,-17.84957,-10.38739,4.610755E-10,4.610755E-10,-9.068892,2.359251
'[19:08:56.828 20/01/2026]',-25.04181,-26.79535,-17.84957,-10.38739,4.610755E-10,4.610755E-10,-9.068892,2.359251
'[19:08:56.836 20/01/2026]',-1.34498,1.072325,2.016726,-5.13124,4.610755E-10,4.610755E-10,-3.926054,-15.71907
'[19:08:56.844 20/01/2026]',5.36937,10.51237,6.096811,4.575421,4.610755E-10,4.610755E-10,10.06009,11.7773
'[19:08:56.852 20/01/2026]',5.36937,10.51237,6.096811,4.575421,4.610755E-10,4.610755E-10,10.06009,11.7773
'[19:08:56.860 20/01/2026]',5.36937,10.51237,6.096811,4.575421,4.610755E-10,4.610755E-10,10.06009,11.7773
'[19:08:56.868 20/01/2026]',10.34842,1.432388,2.677103,14.90192,4.610755E-10,4.610755E-10,5.126657,13.80234
'[19:08:56.876 20/01/2026]',-14.76726,-10.79469,-8.771629,-16.60012,4.610755E-10,4.610755E-10,-14.74655,-25.33598
'[19:08:56.884 20/01/2026]',-14.76726,-10.79469,-8.771629,-16.60012,4.610755E-10,4.610755E-10,-14.74655,-25.33598
'[19:08:56.892 20/01/2026]',13.09395,18.59866,5.99761,-3.317744,4.610755E-10,4.610755E-10,1.042172,6.758657
'[19:08:56.900 20/01/2026]',13.09395,18.59866,5.99761,-3.317744,4.610755E-10,4.610755E-10,1.042172,6.758657
'[19:08:56.908 20/01/2026]',1.333355,-11.08745,1.654384,10.9795,4.610755E-10,4.610755E-10,5.768319,5.225481
'[19:08:56.916 20/01/2026]',1.333355,-11.08745,1.654384,10.9795,4.610755E-10,4.610755E-10,5.768319,5.225481
'[19:08:56.924 20/01/2026]',1.333355,-11.08745,1.654384,10.9795,4.610755E-10,4.610755E-10,5.768319,5.225481
'[19:08:56.932 20/01/2026]',-13.45953,-4.542182,-1.509229,1.876666,4.610755E-10,4.610755E-10,6.040618,2.780481
'[19:08:56.940 20/01/2026]',-13.45953,-4.542182,-1.509229,1.876666,4.610755E-10,4.610755E-10,6.040618,2.780481
'[19:08:56.948 20/01/2026]',-11.56283,-9.50494,-12.90168,-14.50717,4.610755E-10,4.610755E-10,-13.75309,-10.19587
'[19:08:56.956 20/01/2026]',-11.56283,-9.50494,-12.90168,-14.50717,4.610755E-10,4.610755E-10,-13.75309,-10.19587
'[19:08:56.964 20/01/2026]',-3.270292,-5.130868,0.1554902,-3.543417,4.610755E-10,4.610755E-10,5.240327,1.234219
'[19:08:56.972 20/01/2026]',-3.270292,-5.130868,0.1554902,-3.543417,4.610755E-10,4.610755E-10,5.240327,1.234219
'[19:08:56.980 20/01/2026]',49.89849,45.66818,23.19589,19.47902,4.610755E-10,4.610755E-10,-0.9026436,4.738534
'[19:08:56.988 20/01/2026]',49.89849,45.66818,23.19589,19.47902,4.610755E-10,4.610755E-10,-0.9026436,4.738534
'[19:08:56.996 20/01/2026]',-8.765217,-8.964614,-2.334276,1.050568,4.610755E-10,4.610755E-10,5.961317,0.2075803
'[19:08:57.004 20/01/2026]',-8.765217,-8.964614,-2.334276,1.050568,4.610755E-10,4.610755E-10,5.961317,0.2075803
'[19:08:57.012 20/01/2026]',-8.765217,-8.964614,-2.334276,1.050568,4.610755E-10,4.610755E-10,5.961317,0.2075803
'[19:08:57.020 20/01/2026]',-40.55736,-37.37211,-20.56358,-20.58666,4.610755E-10,4.610755E-10,-7.665403,-7.786633
'[19:08:57.028 20/01/2026]',14.15912,16.76509,6.587623,6.922948,4.610755E-10,4.610755E-10,-1.609829,3.926984
'[19:08:57.036 20/01/2026]',14.15912,16.76509,6.587623,6.922948,4.610755E-10,4.610755E-10,-1.609829,3.926984
'[19:08:57.044 20/01/2026]',12.50769,7.447767,4.171445,8.478567,4.610755E-10,4.610755E-10,7.183321,3.725111
'[19:08:57.052 20/01/2026]',12.50769,7.447767,4.171445,8.478567,4.610755E-10,4.610755E-10,7.183321,3.725111
'[19:08:57.060 20/01/2026]',12.50769,7.447767,4.171445,8.478567,4.610755E-10,4.610755E-10,7.183321,3.725111
'[19:08:57.068 20/01/2026]',-7.830477,-4.938608,0.07044844,-5.014233,4.610755E-10,4.610755E-10,-0.9731007,-0.08317779
'[19:08:57.076 20/01/2026]',-7.830477,-4.938608,0.07044844,-5.014233,4.610755E-10,4.610755E-10,-0.9731007,-0.08317779
'[19:08:57.084 20/01/2026]',-6.96995,-6.990416,-5.104518,-7.651506,4.610755E-10,4.610755E-10,-8.403748,-12.52404
'[19:08:57.092 20/01/2026]',-6.96995,-6.990416,-5.104518,-7.651506,4.610755E-10,4.610755E-10,-8.403748,-12.52404
'[19:08:57.100 20/01/2026]',-6.96995,-6.990416,-5.104518,-7.651506,4.610755E-10,4.610755E-10,-8.403748,-12.52404
'[19:08:57.108 20/01/2026]',16.28422,11.62189,6.405884,17.18232,4.610755E-10,4.610755E-10,13.77506,19.013
'[19:08:57.116 20/01/2026]',-10.43036,-5.844653,-5.478334,-10.27966,4.610755E-10,4.610755E-10,-9.774074,-5.182888
'[19:08:57.124 20/01/2026]',-8.621267,-6.324902,-2.649129,-10.66475,4.610755E-10,4.610755E-10,-4.207079,-20.3183
'[19:08:57.132 20/01/2026]',8.787633,5.352332,2.602057,12.91395,4.610755E-10,4.610755E-10,5.609649,18.28473
'[19:08:57.140 20/01/2026]',-3.913987,-5.111916,-2.944834,-6.727636,4.610755E-10,4.610755E-10,-3.116766,-2.317441
'[19:08:57.148 20/01/2026]',-1.201153,1.497787,0.7795906,0.5228197,4.610755E-10,4.610755E-10,0.861723,-5.328331
'[19:08:57.156 20/01/2026]',9.509889,5.18143,6.744734,8.546332,4.610755E-10,4.610755E-10,4.9047,3.269335
'[19:08:57.164 20/01/2026]',-12.87695,-14.0271,-15.79263,-14.23857,4.610755E-10,4.610755E-10,-14.22544,-5.745979
'[19:08:57.172 20/01/2026]',-1.576434,7.333322,6.49543,0.7030658,4.610755E-10,4.610755E-10,5.211559,0.3210748
'[19:08:57.180 20/01/2026]',6.253901,-2.309804,-0.2282054,4.162383,4.610755E-10,4.610755E-10,-0.2007659,0.4727122
'[19:08:57.188 20/01/2026]',-0.2632559,-0.04537266,-0.3626139,0.4068599,4.610755E-10,4.610755E-10,1.359254,1.781246
'[19:08:57.196 20/01/2026]',-1.662539,2.867553,2.302231,-1.215901,4.610755E-10,4.610755E-10,1.33621,0.2698295
'[19:08:57.204 20/01/2026]',-6.941461,-7.951437,-7.031126,-7.025846,4.610755E-10,4.610755E-10,-8.782878,-8.508721
'[19:08:57.212 20/01/2026]',2.700367,2.419987,0.8901911,3.980229,4.610755E-10,4.610755E-10,2.917724,4.514984
'[19:08:57.220 20/01/2026]',6.620765,0.4266465,3.15159,4.373937,4.610755E-10,4.610755E-10,1.680161,6.158453
'[19:08:57.228 20/01/2026]',8.072515,11.35173,10.16617,8.395155,4.610755E-10,4.610755E-10,10.19716,3.143565
'[19:08:57.236 20/01/2026]',-16.78028,-15.00911,-16.66206,-18.63004,4.610755E-10,4.610755E-10,-14.61489,-14.68912
'[19:08:57.244 20/01/2026]',1.278312,0.6569148,0.9329987,5.688562,4.610755E-10,4.610755E-10,1.504335,7.032079
'[19:08:57.252 20/01/2026]',2.081983,1.592667,3.766793,0.6645796,4.610755E-10,4.610755E-10,-0.1983292,-2.551826
'[19:08:57.260 20/01/2026]',-3.087246,2.127344,0.1867823,-5.082585,4.610755E-10,4.610755E-10,1.66552,-1.208306
'[19:08:57.268 20/01/2026]',14.7453,7.41211,4.972619,14.25754,4.610755E-10,4.610755E-10,7.727892,10.20897
'[19:08:57.276 20/01/2026]',-5.702184,-5.738077,-0.3241525,0.3860021,4.610755E-10,4.610755E-10,-1.053079,3.80531
'[19:08:57.284 20/01/2026]',-17.78932,-5.218595,-8.326942,-22.79809,4.610755E-10,4.610755E-10,-12.88711,-20.35861
'[19:08:57.292 20/01/2026]',17.39804,2.843975,4.883569,19.44667,4.610755E-10,4.610755E-10,12.02837,10.64324
'[19:08:57.300 20/01/2026]',-5.862851,2.901541,-1.827091,-3.988351,4.610755E-10,4.610755E-10,-5.999625,3.700064
'[19:08:57.308 20/01/2026]',-1.045241,0.7518641,2.229808,-7.562696,4.610755E-10,4.610755E-10,3.365596,-5.180519
'[19:08:57.316 20/01/2026]',6.846408,-1.664754,2.448337,12.72063,4.610755E-10,4.610755E-10,1.779013,3.646994
'[19:08:57.324 20/01/2026]',-3.655848,-0.9754483,-2.0831,-2.618309,4.610755E-10,4.610755E-10,-2.294906,-0.530422
'[19:08:57.332 20/01/2026]',-0.5882769,2.600829,0.2051189,-5.664368,4.610755E-10,4.610755E-10,2.443223,-0.6821204
'[19:08:57.340 20/01/2026]',0.1157308,-2.362011,-0.8401725,0.9126192,4.610755E-10,4.610755E-10,-4.321121,-2.73337
'[19:08:57.348 20/01/2026]',-7.721291,-8.016769,-6.213997,-4.524169,4.610755E-10,4.610755E-10,-6.768444,-5.349814
'[19:08:57.356 20/01/2026]',16.18741,18.60007,14.88775,18.10044,4.610755E-10,4.610755E-10,21.35813,19.55669
'[19:08:57.364 20/01/2026]',-8.600417,-14.59472,-11.44456,-15.33032,4.610755E-10,4.610755E-10,-17.01256,-14.98864
'[19:08:57.372 20/01/2026]',-7.81777,-1.98557,-2.260959,-5.675599,4.610755E-10,4.610755E-10,-4.301638,-6.625382
'[19:08:57.380 20/01/2026]',9.726078,9.838216,9.324117,10.03541,4.610755E-10,4.610755E-10,14.38985,11.4096
'[19:08:57.388 20/01/2026]',-0.1915461,-0.8194231,-3.506878,4.44411,4.610755E-10,4.610755E-10,-7.486177,1.228653
'[19:08:57.396 20/01/2026]',-3.812861,-5.832553,-0.8888087,-9.473833,4.610755E-10,4.610755E-10,2.094617,-3.438669
'[19:08:57.404 20/01/2026]',0.999504,0.0117523,0.5731871,0.8541582,4.610755E-10,4.610755E-10,-2.106696,-3.29237
'[19:08:57.412 20/01/2026]',6.546463,5.01326,0.4605471,10.03032,4.610755E-10,4.610755E-10,1.337505,6.73949
'[19:08:57.420 20/01/2026]',-13.34574,-2.768861,-1.565402,-10.71835,4.610755E-10,4.610755E-10,0.9538186,0.7186212
'[19:08:57.428 20/01/2026]',7.037476,-2.353393,-1.213413,-3.242425,4.610755E-10,4.610755E-10,-5.582563,-11.54057
'[19:08:57.436 20/01/2026]',7.037476,-2.353393,-1.213413,-3.242425,4.610755E-10,4.610755E-10,-5.582563,-11.54057
'[19:08:57.444 20/01/2026]',7.037476,-2.353393,-1.213413,-3.242425,4.610755E-10,4.610755E-10,-5.582563,-11.54057
'[19:08:57.452 20/01/2026]',7.037476,-2.353393,-1.213413,-3.242425,4.610755E-10,4.610755E-10,-5.582563,-11.54057
'[19:08:57.460 20/01/2026]',13.51457,6.597904,5.35219,18.71979,4.610755E-10,4.610755E-10,5.88167,14.30455
'[19:08:57.468 20/01/2026]',-16.5447,2.471415,2.925473,-12.70487,4.610755E-10,4.610755E-10,5.895996,-2.718956
'[19:08:57.476 20/01/2026]',4.601014,-7.819041,-7.082881,-0.3434069,4.610755E-10,4.610755E-10,-9.261314,-8.261366
'[19:08:57.484 20/01/2026]',-1.573627,-3.512705,-3.171442,2.517169,4.610755E-10,4.610755E-10,-2.310993,6.776366
'[19:08:57.492 20/01/2026]',-1.573627,-3.512705,-3.171442,2.517169,4.610755E-10,4.610755E-10,-2.310993,6.776366
'[19:08:57.500 20/01/2026]',3.448794,10.76856,8.834952,-1.202191,4.610755E-10,4.610755E-10,8.909183,0.1363242
'[19:08:57.508 20/01/2026]',3.448794,10.76856,8.834952,-1.202191,4.610755E-10,4.610755E-10,8.909183,0.1363242
'[19:08:57.516 20/01/2026]',3.453986,2.372005,1.531537,5.125933,4.610755E-10,4.610755E-10,1.686602,-0.3443649
'[19:08:57.524 20/01/2026]',3.453986,2.372005,1.531537,5.125933,4.610755E-10,4.610755E-10,1.686602,-0.3443649
'[19:08:57.532 20/01/2026]',-9.706069,-15.27186,-12.37536,-8.218809,4.610755E-10,4.610755E-10,-11.26319,-3.40596
'[19:08:57.540 20/01/2026]',-9.706069,-15.27186,-12.37536,-8.218809,4.610755E-10,4.610755E-10,-11.26319,-3.40596
'[19:08:57.548 20/01/2026]',5.077846,6.560195,6.079906,3.960934,4.610755E-10,4.610755E-10,4.008832,1.598947
'[19:08:57.556 20/01/2026]',5.077846,6.560195,6.079906,3.960934,4.610755E-10,4.610755E-10,4.008832,1.598947
'[19:08:57.564 20/01/2026]',5.077846,6.560195,6.079906,3.960934,4.610755E-10,4.610755E-10,4.008832,1.598947
'[19:08:57.572 20/01/2026]',3.497637,9.652253,8.542055,3.192049,4.610755E-10,4.610755E-10,8.248664,3.568366
'[19:08:57.580 20/01/2026]',3.497637,9.652253,8.542055,3.192049,4.610755E-10,4.610755E-10,8.248664,3.568366
'[19:08:57.588 20/01/2026]',-1.880637,-10.22695,-9.638971,-4.518871,4.610755E-10,4.610755E-10,-7.837687,-2.72097
'[19:08:57.596 20/01/2026]',-1.880637,-10.22695,-9.638971,-4.518871,4.610755E-10,4.610755E-10,-7.837687,-2.72097
'[19:08:57.604 20/01/2026]',-1.880637,-10.22695,-9.638971,-4.518871,4.610755E-10,4.610755E-10,-7.837687,-2.72097
'[19:08:57.612 20/01/2026]',-1.880637,-10.22695,-9.638971,-4.518871,4.610755E-10,4.610755E-10,-7.837687,-2.72097
'[19:08:57.620 20/01/2026]',-1.880637,-10.22695,-9.638971,-4.518871,4.610755E-10,4.610755E-10,-7.837687,-2.72097
'[19:08:57.628 20/01/2026]',-1.880637,-10.22695,-9.638971,-4.518871,4.610755E-10,4.610755E-10,-7.837687,-2.72097
'[19:08:57.636 20/01/2026]',-5.962187,-1.299331,-1.448497,-1.392302,4.610755E-10,4.610755E-10,-2.994003,-3.316672
'[19:08:57.644 20/01/2026]',-5.962187,-1.299331,-1.448497,-1.392302,4.610755E-10,4.610755E-10,-2.994003,-3.316672
'[19:08:57.652 20/01/2026]',-5.962187,-1.299331,-1.448497,-1.392302,4.610755E-10,4.610755E-10,-2.994003,-3.316672
'[19:08:57.660 20/01/2026]',-5.962187,-1.299331,-1.448497,-1.392302,4.610755E-10,4.610755E-10,-2.994003,-3.316672
'[19:08:57.668 20/01/2026]',8.993827,7.8858,7.129145,7.094948,4.610755E-10,4.610755E-10,7.150216,6.88455
'[19:08:57.676 20/01/2026]',-1.408796,-2.147979,-0.8099526,-2.391059,4.610755E-10,4.610755E-10,1.701225,-1.76017
'[19:08:57.684 20/01/2026]',-14.79848,-11.75978,-11.93248,-14.24815,4.610755E-10,4.610755E-10,-16.31974,-13.38715
'[19:08:57.692 20/01/2026]',18.26648,16.96024,16.05326,20.10526,4.610755E-10,4.610755E-10,18.49924,18.36426
'[19:08:57.700 20/01/2026]',-6.119798,-4.109921,-5.960403,-5.585477,4.610755E-10,4.610755E-10,-5.522644,-6.183097
'[19:08:57.708 20/01/2026]',7.329311,5.406641,10.28084,2.981743,4.610755E-10,4.610755E-10,7.658823,6.61789
'[19:08:57.716 20/01/2026]',-8.761403,-10.53638,-14.1778,-7.603854,4.610755E-10,4.610755E-10,-13.77849,-15.88896
'[19:08:57.724 20/01/2026]',-3.662381,-0.8833961,-1.79119,-2.770633,4.610755E-10,4.610755E-10,-1.141732,3.683845
'[19:08:57.732 20/01/2026]',-12.83623,-11.32103,-8.817884,-12.35924,4.610755E-10,4.610755E-10,-5.667568,-7.691978
'[19:08:57.740 20/01/2026]',33.66852,25.27793,24.12956,33.19256,4.610755E-10,4.610755E-10,23.24505,21.45969
'[19:08:57.748 20/01/2026]',-11.78653,-6.331507,0.629486,-0.576717,4.610755E-10,4.610755E-10,0.3271863,7.387165
'[19:08:57.756 20/01/2026]',-28.73705,-22.76493,-25.29683,-35.2585,4.610755E-10,4.610755E-10,-20.0084,-34.03235
'[19:08:57.764 20/01/2026]',42.98603,36.82592,21.29444,25.27443,4.610755E-10,4.610755E-10,5.146523,15.40523
'[19:08:57.772 20/01/2026]',-14.48882,-18.68466,-7.337204,-3.859568,4.610755E-10,4.610755E-10,-1.268554,2.790329
'[19:08:57.780 20/01/2026]',-8.16225,-7.000396,-2.11243,-3.312306,4.610755E-10,4.610755E-10,6.99204,-1.746379
'[19:08:57.788 20/01/2026]',5.525161,8.522023,1.382625,2.367002,4.610755E-10,4.610755E-10,-3.299395,-1.795303
'[19:08:57.796 20/01/2026]',5.877918,1.14683,6.71086,7.794621,4.610755E-10,4.610755E-10,2.262178,10.04109
'[19:08:57.804 20/01/2026]',-10.22851,-7.916684,-9.617703,-16.77041,4.610755E-10,4.610755E-10,-6.472366,-17.63776
'[19:08:57.812 20/01/2026]',11.98154,11.9269,10.57336,17.2693,4.610755E-10,4.610755E-10,12.37846,15.85859
'[19:08:57.820 20/01/2026]',-22.52451,-24.33918,-23.41833,-19.38514,4.610755E-10,4.610755E-10,-25.14825,-19.45729
'[19:08:57.828 20/01/2026]',18.8243,19.90076,19.92506,12.68079,4.610755E-10,4.610755E-10,19.12187,14.02303
'[19:08:57.836 20/01/2026]',12.4817,11.74021,10.39127,9.298668,4.610755E-10,4.610755E-10,10.799,12.83279
'[19:08:57.844 20/01/2026]',-22.47129,-24.05849,-21.9982,-13.56082,4.610755E-10,4.610755E-10,-20.78562,-19.21681
'[19:08:57.852 20/01/2026]',2.141892,0.06105616,0.06398693,-2.675399,4.610755E-10,4.610755E-10,-0.6844825,-1.471731
'[19:08:57.860 20/01/2026]',14.80182,19.77533,20.78365,13.09148,4.610755E-10,4.610755E-10,18.83699,15.35674
'[19:08:57.868 20/01/2026]',-8.294746,-8.574763,-10.89517,-3.978595,4.610755E-10,4.610755E-10,-9.297382,-5.380783
'[19:08:57.876 20/01/2026]',-9.828527,-15.65243,-14.84497,-10.51853,4.610755E-10,4.610755E-10,-14.01557,-12.77258
'[19:08:57.884 20/01/2026]',9.222637,16.20132,16.2794,7.424563,4.610755E-10,4.610755E-10,15.74175,10.93402
'[19:08:57.892 20/01/2026]',-6.693774,-6.506963,-5.843176,-7.794608,4.610755E-10,4.610755E-10,-7.653379,-3.685693
'[19:08:57.900 20/01/2026]',7.658901,0.3597322,0.5717794,8.781856,4.610755E-10,4.610755E-10,1.636062,-0.546054
'[19:08:57.908 20/01/2026]',7.478134,4.931803,5.146439,6.823547,4.610755E-10,4.610755E-10,7.759484,12.88938
'[19:08:57.916 20/01/2026]',-17.49012,-4.66996,-6.172254,-18.01922,4.610755E-10,4.610755E-10,-9.002975,-15.64433
'[19:08:57.924 20/01/2026]',5.434056,1.072621,0.4026835,9.696209,4.610755E-10,4.610755E-10,2.066239,1.663654
'[19:08:57.932 20/01/2026]',5.652277,0.5590188,2.849038,0.686671,4.610755E-10,4.610755E-10,2.315358,8.933972
'[19:08:57.940 20/01/2026]',-0.2473601,1.313708,0.138946,-2.35289,4.610755E-10,4.610755E-10,-0.1921156,-5.562764
'[19:08:57.948 20/01/2026]',-7.434539,-2.37195,-3.798078,-1.06056,4.610755E-10,4.610755E-10,-3.049052,-3.754866
'[19:08:57.956 20/01/2026]',7.405343,2.947009,5.164161,4.914685,4.610755E-10,4.610755E-10,4.614711,6.058192
'[19:08:57.964 20/01/2026]',-7.362714,-7.798203,-8.434995,-7.400366,4.610755E-10,4.610755E-10,-8.079203,-6.533774
'[19:08:57.972 20/01/2026]',9.884349,12.47632,12.57719,8.137691,4.610755E-10,4.610755E-10,9.900143,6.778131
'[19:08:57.980 20/01/2026]',-3.536668,-7.586062,-8.458598,-4.89142,4.610755E-10,4.610755E-10,-3.285318,-1.051303
'[19:08:57.988 20/01/2026]',-0.01132864,1.474337,1.1451,5.296609,4.610755E-10,4.610755E-10,-0.3097138,0.1956681
'[19:08:57.996 20/01/2026]',-2.646368,-1.622404,0.2209141,-5.977841,4.610755E-10,4.610755E-10,-1.542595,-3.725287
'[19:08:58.004 20/01/2026]',4.679283,3.376956,0.7501225,3.036999,4.610755E-10,4.610755E-10,1.501971,2.386081
'[19:08:58.012 20/01/2026]',-5.120749,-2.453144,-0.8568904,-1.935629,4.610755E-10,4.610755E-10,1.206841,-0.5506418
'[19:08:58.020 20/01/2026]',-1.752504,-1.340733,-2.020674,-2.407062,4.610755E-10,4.610755E-10,-5.066617,-3.778708
'[19:08:58.028 20/01/2026]',6.535429,3.207383,1.742503,3.224353,4.610755E-10,4.610755E-10,3.049064,5.262681
'[19:08:58.036 20/01/2026]',6.535429,3.207383,1.742503,3.224353,4.610755E-10,4.610755E-10,3.049064,5.262681
'[19:08:58.044 20/01/2026]',6.535429,3.207383,1.742503,3.224353,4.610755E-10,4.610755E-10,3.049064,5.262681
'[19:08:58.052 20/01/2026]',-1.684579,-3.81819,-0.5232838,0.8918512,4.610755E-10,4.610755E-10,-0.1474007,-2.698855
'[19:08:58.060 20/01/2026]',-1.684579,-3.81819,-0.5232838,0.8918512,4.610755E-10,4.610755E-10,-0.1474007,-2.698855
'[19:08:58.068 20/01/2026]',-1.684579,-3.81819,-0.5232838,0.8918512,4.610755E-10,4.610755E-10,-0.1474007,-2.698855
'[19:08:58.076 20/01/2026]',-1.157202,4.756805,0.612112,1.554317,4.610755E-10,4.610755E-10,1.779735,0.5812025
'[19:08:58.084 20/01/2026]',1.340324,-3.526516,-2.385653,-5.692303,4.610755E-10,4.610755E-10,-1.090209,3.349897
'[19:08:58.092 20/01/2026]',1.340324,-3.526516,-2.385653,-5.692303,4.610755E-10,4.610755E-10,-1.090209,3.349897
'[19:08:58.100 20/01/2026]',1.340324,-3.526516,-2.385653,-5.692303,4.610755E-10,4.610755E-10,-1.090209,3.349897
'[19:08:58.108 20/01/2026]',-3.920341,-4.111338,-1.922553,-2.599467,4.610755E-10,4.610755E-10,-6.878119,-11.45374
'[19:08:58.116 20/01/2026]',-3.920341,-4.111338,-1.922553,-2.599467,4.610755E-10,4.610755E-10,-6.878119,-11.45374
'[19:08:58.124 20/01/2026]',-3.920341,-4.111338,-1.922553,-2.599467,4.610755E-10,4.610755E-10,-6.878119,-11.45374
'[19:08:58.132 20/01/2026]',8.942636,8.172221,7.02441,12.2544,4.610755E-10,4.610755E-10,7.498914,7.438827
'[19:08:58.140 20/01/2026]',8.942636,8.172221,7.02441,12.2544,4.610755E-10,4.610755E-10,7.498914,7.438827
'[19:08:58.148 20/01/2026]',-3.760761,0.235578,0.1789236,-3.201745,4.610755E-10,4.610755E-10,3.920569,9.331487
'[19:08:58.156 20/01/2026]',-10.014,-9.178351,-9.097046,-12.20072,4.610755E-10,4.610755E-10,-9.203021,-19.50038
'[19:08:58.164 20/01/2026]',7.852099,4.470625,6.696891,11.32229,4.610755E-10,4.610755E-10,3.312123,12.53004
'[19:08:58.172 20/01/2026]',7.852099,4.470625,6.696891,11.32229,4.610755E-10,4.610755E-10,3.312123,12.53004
'[19:08:58.180 20/01/2026]',7.852099,4.470625,6.696891,11.32229,4.610755E-10,4.610755E-10,3.312123,12.53004
'[19:08:58.188 20/01/2026]',6.105647,7.834866,5.015878,3.051154,4.610755E-10,4.610755E-10,6.20719,7.377439
'[19:08:58.196 20/01/2026]',6.105647,7.834866,5.015878,3.051154,4.610755E-10,4.610755E-10,6.20719,7.377439
'[19:08:58.204 20/01/2026]',-6.290596,-5.594232,-5.125136,-8.462816,4.610755E-10,4.610755E-10,-4.20761,-14.44028
'[19:08:58.212 20/01/2026]',-6.290596,-5.594232,-5.125136,-8.462816,4.610755E-10,4.610755E-10,-4.20761,-14.44028
'[19:08:58.220 20/01/2026]',-2.516316,-7.863248,-3.997651,2.193744,4.610755E-10,4.610755E-10,-4.97493,2.556188
'[19:08:58.228 20/01/2026]',-2.516316,-7.863248,-3.997651,2.193744,4.610755E-10,4.610755E-10,-4.97493,2.556188
'[19:08:58.236 20/01/2026]',-2.516316,-7.863248,-3.997651,2.193744,4.610755E-10,4.610755E-10,-4.97493,2.556188
'[19:08:58.244 20/01/2026]',7.429807,7.911654,5.646375,6.33651,4.610755E-10,4.610755E-10,5.309845,8.96617
'[19:08:58.252 20/01/2026]',7.429807,7.911654,5.646375,6.33651,4.610755E-10,4.610755E-10,5.309845,8.96617
'[19:08:58.260 20/01/2026]',-0.05147026,8.194107,6.063273,-3.10664,4.610755E-10,4.610755E-10,5.860607,-4.428085
'[19:08:58.268 20/01/2026]',-0.05147026,8.194107,6.063273,-3.10664,4.610755E-10,4.610755E-10,5.860607,-4.428085
'[19:08:58.276 20/01/2026]',-11.09314,-17.1167,-15.04941,-6.249914,4.610755E-10,4.610755E-10,-13.48753,-7.965537
'[19:08:58.284 20/01/2026]',2.988498,2.488809,3.732469,1.362458,4.610755E-10,4.610755E-10,2.724968,5.61436
'[19:08:58.292 20/01/2026]',2.988498,2.488809,3.732469,1.362458,4.610755E-10,4.610755E-10,2.724968,5.61436
'[19:08:58.300 20/01/2026]',2.988498,2.488809,3.732469,1.362458,4.610755E-10,4.610755E-10,2.724968,5.61436
'[19:08:58.308 20/01/2026]',9.551689,11.68679,10.1898,9.19722,4.610755E-10,4.610755E-10,10.84653,6.13539
'[19:08:58.316 20/01/2026]',-4.812376,-8.966073,-7.806053,-6.915408,4.610755E-10,4.610755E-10,-9.721392,-7.577027
'[19:08:58.324 20/01/2026]',0.154323,4.021078,2.855262,2.350156,4.610755E-10,4.610755E-10,6.575077,6.334613
'[19:08:58.332 20/01/2026]',-7.012287,-6.43647,-5.718618,-8.978292,4.610755E-10,4.610755E-10,-7.416537,-8.750196
'[19:08:58.340 20/01/2026]',5.768035,5.184618,4.431149,8.274339,4.610755E-10,4.610755E-10,3.257495,4.421364
'[19:08:58.348 20/01/2026]',1.4072,0.4620026,0.9220923,0.3356482,4.610755E-10,4.610755E-10,1.834263,1.070835
'[19:08:58.356 20/01/2026]',-8.884274,-9.327021,-5.298454,-10.32536,4.610755E-10,4.610755E-10,-6.670892,-7.292692
'[19:08:58.364 20/01/2026]',0.5690028,5.963145,2.837052,5.875489,4.610755E-10,4.610755E-10,3.389783,2.308281
'[19:08:58.372 20/01/2026]',11.60686,4.197722,2.257327,6.284525,4.610755E-10,4.610755E-10,4.201759,8.689657
'[19:08:58.380 20/01/2026]',-7.265126,-2.663115,1.259468,-3.971623,4.610755E-10,4.610755E-10,-3.782069,-6.57909
'[19:08:58.388 20/01/2026]',-4.043546,-4.289414,-6.522086,-7.046452,4.610755E-10,4.610755E-10,-3.498848,-6.71034
'[19:08:58.396 20/01/2026]',2.59192,1.865594,1.165415,5.140929,4.610755E-10,4.610755E-10,1.749377,8.685191
'[19:08:58.404 20/01/2026]',-7.577035,-2.435519,-1.015487,-6.587394,4.610755E-10,4.610755E-10,-4.447708,-9.948253
'[19:08:58.412 20/01/2026]',10.1759,2.476376,4.17313,11.22946,4.610755E-10,4.610755E-10,8.918163,12.43403
'[19:08:58.420 20/01/2026]',6.520722,6.888891,5.915418,2.0399,4.610755E-10,4.610755E-10,3.23393,5.436871
'[19:08:58.428 20/01/2026]',-15.4874,-9.57213,-10.59905,-14.05859,4.610755E-10,4.610755E-10,-11.4512,-22.62031
'[19:08:58.436 20/01/2026]',3.049536,2.344784,3.721505,8.890095,4.610755E-10,4.610755E-10,4.920344,12.86575
'[19:08:58.444 20/01/2026]',12.00436,2.65312,5.092459,7.571408,4.610755E-10,4.610755E-10,2.888773,11.58024
'[19:08:58.452 20/01/2026]',-7.235184,4.642488,1.416662,-10.64186,4.610755E-10,4.610755E-10,4.630708,-13.35335
'[19:08:58.460 20/01/2026]',-4.269466,-8.408855,-8.674265,-0.6397087,4.610755E-10,4.610755E-10,-11.99347,-5.941857
'[19:08:58.468 20/01/2026]',3.295609,-1.683939,0.6886943,4.646078,4.610755E-10,4.610755E-10,2.058216,11.8828
'[19:08:58.476 20/01/2026]',1.3701,8.104362,6.289501,-0.5652817,4.610755E-10,4.610755E-10,6.76494,-2.035267
'[19:08:58.484 20/01/2026]',6.719272,3.177503,4.311999,5.689077,4.610755E-10,4.610755E-10,2.320237,2.200903
'[19:08:58.492 20/01/2026]',-9.382384,-10.49553,-10.08721,-10.21467,4.610755E-10,4.610755E-10,-8.104556,-4.809695
'[19:08:58.500 20/01/2026]',-3.84214,-0.1923376,-2.856917,-1.146251,4.610755E-10,4.610755E-10,-3.266028,-5.68992
'[19:08:58.508 20/01/2026]',9.397758,5.828693,9.887114,9.748182,4.610755E-10,4.610755E-10,9.607313,10.7336
'[19:08:58.516 20/01/2026]',-0.5892716,0.2994657,-3.453083,-3.194781,4.610755E-10,4.610755E-10,-2.638545,-2.946704
'[19:08:58.524 20/01/2026]',-4.939827,-3.547855,-2.382667,-2.336519,4.610755E-10,4.610755E-10,-3.001597,-3.450382
'[19:08:58.532 20/01/2026]',5.759559,0.8470357,3.475446,3.680321,4.610755E-10,4.610755E-10,2.681275,6.493896
'[19:08:58.540 20/01/2026]',7.056214,6.823893,4.177454,6.702752,4.610755E-10,4.610755E-10,8.675913,4.065179
'[19:08:58.548 20/01/2026]',-11.44006,-7.184818,-6.055286,-12.65157,4.610755E-10,4.610755E-10,-13.3833,-13.256
'[19:08:58.556 20/01/2026]',1.132103,-4.620499,-6.13903,0.184835,4.610755E-10,4.610755E-10,-2.115499,-0.544242
'[19:08:58.564 20/01/2026]',1.095754,7.554245,8.426389,9.018011,4.610755E-10,4.610755E-10,10.9145,15.30055
'[19:08:58.572 20/01/2026]',-28.5714,-22.88422,-16.43332,-23.76737,4.610755E-10,4.610755E-10,-14.78932,-26.65387
'[19:08:58.580 20/01/2026]',13.71062,7.422621,7.972891,14.22059,4.610755E-10,4.610755E-10,8.313546,16.27617
'[19:08:58.588 20/01/2026]',76.69322,69.40533,43.90695,36.95281,4.610755E-10,4.610755E-10,22.81281,25.11652
'[19:08:58.596 20/01/2026]',-65.99517,-61.90922,-44.25462,-42.95456,4.610755E-10,4.610755E-10,-30.05034,-37.76928
'[19:08:58.604 20/01/2026]',-32.46867,-25.61819,-15.71084,-11.50552,4.610755E-10,4.610755E-10,-3.770097,-1.778786
'[19:08:58.612 20/01/2026]',46.00146,39.86187,28.30296,29.75661,4.610755E-10,4.610755E-10,11.36711,18.81312
'[19:08:58.620 20/01/2026]',0.02502297,1.205743,2.13986,-4.913599,4.610755E-10,4.610755E-10,7.1077,-2.777562
'[19:08:58.628 20/01/2026]',-15.63795,-12.3335,-9.182509,-6.305529,4.610755E-10,4.610755E-10,-5.177217,-5.545623
'[19:08:58.636 20/01/2026]',-15.63795,-12.3335,-9.182509,-6.305529,4.610755E-10,4.610755E-10,-5.177217,-5.545623
'[19:08:58.644 20/01/2026]',-15.63795,-12.3335,-9.182509,-6.305529,4.610755E-10,4.610755E-10,-5.177217,-5.545623
'[19:08:58.652 20/01/2026]',-15.63795,-12.3335,-9.182509,-6.305529,4.610755E-10,4.610755E-10,-5.177217,-5.545623
'[19:08:58.660 20/01/2026]',-15.63795,-12.3335,-9.182509,-6.305529,4.610755E-10,4.610755E-10,-5.177217,-5.545623
'[19:08:58.668 20/01/2026]',-3.609831,-4.430542,-5.901458,-1.254085,4.610755E-10,4.610755E-10,-8.84922,-1.163106
'[19:08:58.676 20/01/2026]',16.925,9.863559,9.595416,7.354221,4.610755E-10,4.610755E-10,11.70317,8.867118
'[19:08:58.684 20/01/2026]',-9.459455,-1.881819,-3.610367,-6.574563,4.610755E-10,4.610755E-10,-6.961733,-9.389301
'[19:08:58.692 20/01/2026]',-9.459455,-1.881819,-3.610367,-6.574563,4.610755E-10,4.610755E-10,-6.961733,-9.389301
'[19:08:58.700 20/01/2026]',-9.459455,-1.881819,-3.610367,-6.574563,4.610755E-10,4.610755E-10,-6.961733,-9.389301
'[19:08:58.708 20/01/2026]',-6.397314,-6.193526,-3.072487,0.6222363,4.610755E-10,4.610755E-10,-0.7163553,3.0515
'[19:08:58.716 20/01/2026]',11.68661,7.718948,6.410557,6.486004,4.610755E-10,4.610755E-10,7.006729,4.214812
'[19:08:58.724 20/01/2026]',-7.917919,-4.233852,-6.20085,-11.11454,4.610755E-10,4.610755E-10,-8.333079,-9.1047
'[19:08:58.732 20/01/2026]',-7.917919,-4.233852,-6.20085,-11.11454,4.610755E-10,4.610755E-10,-8.333079,-9.1047
'[19:08:58.740 20/01/2026]',-7.917919,-4.233852,-6.20085,-11.11454,4.610755E-10,4.610755E-10,-8.333079,-9.1047
'[19:08:58.748 20/01/2026]',-1.619445,-4.858351,-1.569628,1.381099,4.610755E-10,4.610755E-10,0.4234711,2.059514
'[19:08:58.756 20/01/2026]',-1.619445,-4.858351,-1.569628,1.381099,4.610755E-10,4.610755E-10,0.4234711,2.059514
'[19:08:58.764 20/01/2026]',-1.619445,-4.858351,-1.569628,1.381099,4.610755E-10,4.610755E-10,0.4234711,2.059514
'[19:08:58.772 20/01/2026]',3.796072,5.437472,4.584296,6.196335,4.610755E-10,4.610755E-10,1.784245,4.899236
'[19:08:58.780 20/01/2026]',3.796072,5.437472,4.584296,6.196335,4.610755E-10,4.610755E-10,1.784245,4.899236
'[19:08:58.788 20/01/2026]',0.2916343,1.93903,1.215521,-2.755866,4.610755E-10,4.610755E-10,3.89312,-5.245083
'[19:08:58.796 20/01/2026]',4.197324,-0.9741225,0.63499,4.909745,4.610755E-10,4.610755E-10,-1.280054,8.352016
'[19:08:58.804 20/01/2026]',4.197324,-0.9741225,0.63499,4.909745,4.610755E-10,4.610755E-10,-1.280054,8.352016
'[19:08:58.812 20/01/2026]',4.197324,-0.9741225,0.63499,4.909745,4.610755E-10,4.610755E-10,-1.280054,8.352016
'[19:08:58.820 20/01/2026]',4.197324,-0.9741225,0.63499,4.909745,4.610755E-10,4.610755E-10,-1.280054,8.352016
'[19:08:58.828 20/01/2026]',-7.999054,-4.194413,-3.615089,-6.098725,4.610755E-10,4.610755E-10,-1.006811,-7.482345
'[19:08:58.836 20/01/2026]',14.69168,9.176373,6.116461,9.015809,4.610755E-10,4.610755E-10,4.835212,6.233922
'[19:08:58.844 20/01/2026]',14.69168,9.176373,6.116461,9.015809,4.610755E-10,4.610755E-10,4.835212,6.233922
'[19:08:58.852 20/01/2026]',14.69168,9.176373,6.116461,9.015809,4.610755E-10,4.610755E-10,4.835212,6.233922
'[19:08:58.860 20/01/2026]',-18.55062,-10.74388,-8.398898,-7.502782,4.610755E-10,4.610755E-10,-8.62757,-2.692651
'[19:08:58.868 20/01/2026]',-0.01193492,4.129484,1.85453,-5.665421,4.610755E-10,4.610755E-10,3.555109,-11.55955
'[19:08:58.876 20/01/2026]',-0.01193492,4.129484,1.85453,-5.665421,4.610755E-10,4.610755E-10,3.555109,-11.55955
'[19:08:58.884 20/01/2026]',17.05446,3.605301,5.656346,12.12909,4.610755E-10,4.610755E-10,3.028191,19.55561
'[19:08:58.892 20/01/2026]',-8.303915,-1.897189,-3.241729,-2.517568,4.610755E-10,4.610755E-10,-2.032801,-8.142982
'[19:08:58.900 20/01/2026]',-5.966491,-1.112507,1.691511,-5.365727,4.610755E-10,4.610755E-10,2.051744,-5.062197
'[19:08:58.908 20/01/2026]',7.132803,0.8121368,-2.402671,4.661701,4.610755E-10,4.610755E-10,-0.8692614,9.579159
'[19:08:58.916 20/01/2026]',4.649022,1.188067,2.164353,4.433824,4.610755E-10,4.610755E-10,-0.4329813,-1.685093
'[19:08:58.924 20/01/2026]',-14.12651,-5.164604,-4.433644,-14.51806,4.610755E-10,4.610755E-10,-4.016745,-9.715214
'[19:08:58.932 20/01/2026]',13.32068,10.8846,8.930422,18.58512,4.610755E-10,4.610755E-10,9.382456,12.69667
'[19:08:58.940 20/01/2026]',-10.64806,-14.97587,-14.71852,-16.33323,4.610755E-10,4.610755E-10,-13.32568,-9.524546
'[19:08:58.948 20/01/2026]',9.352846,10.33636,12.22249,10.81508,4.610755E-10,4.610755E-10,12.55517,7.795779
'[19:08:58.956 20/01/2026]',-5.594199,-1.130301,-0.9806518,-3.686425,4.610755E-10,4.610755E-10,-4.067981,-4.989392
'[19:08:58.964 20/01/2026]',-5.766424,-7.174531,-10.86098,-7.317437,4.610755E-10,4.610755E-10,-7.67154,-3.476967
'[19:08:58.972 20/01/2026]',9.246032,6.921907,11.08208,9.783887,4.610755E-10,4.610755E-10,8.612739,7.206349
'[19:08:58.980 20/01/2026]',-12.19286,-11.14562,-11.61332,-14.32663,4.610755E-10,4.610755E-10,-13.62786,-13.43217
'[19:08:58.988 20/01/2026]',15.36847,19.02067,16.60988,17.89225,4.610755E-10,4.610755E-10,20.36706,16.16892
'[19:08:58.996 20/01/2026]',-10.66266,-9.621061,-8.618454,-7.816619,4.610755E-10,4.610755E-10,-7.838234,-2.849245
'[19:08:59.004 20/01/2026]',-4.279333,-12.07934,-9.21737,-5.040316,4.610755E-10,4.610755E-10,-11.31024,-13.78737
'[19:08:59.012 20/01/2026]',11.47278,15.61503,11.56071,4.66199,4.610755E-10,4.610755E-10,8.135704,11.38004
'[19:08:59.020 20/01/2026]',-7.922684,-3.509683,-2.049093,-3.749783,4.610755E-10,4.610755E-10,2.88316,-2.038472
'[19:08:59.028 20/01/2026]',8.579005,-3.279356,-0.6392379,9.145342,4.610755E-10,4.610755E-10,-1.515695,1.022688
'[19:08:59.036 20/01/2026]',-12.66058,-4.396664,-3.733242,-7.606841,4.610755E-10,4.610755E-10,-2.53839,-1.167887
'[19:08:59.044 20/01/2026]',11.05964,9.397899,3.633485,1.134566,4.610755E-10,4.610755E-10,2.857692,-1.792169
'[19:08:59.052 20/01/2026]',-2.559753,-6.092446,-1.192516,1.501531,4.610755E-10,4.610755E-10,-4.13089,4.021361
'[19:08:59.060 20/01/2026]',-2.528952,1.332045,1.882495,-0.1450429,4.610755E-10,4.610755E-10,5.477135,1.433133
'[19:08:59.068 20/01/2026]',0.1414836,-4.44318,-1.393241,-1.098239,4.610755E-10,4.610755E-10,-0.8571249,-6.281827
'[19:08:59.076 20/01/2026]',3.103376,2.968041,-1.959702,1.561775,4.610755E-10,4.610755E-10,-6.185052,3.101321
'[19:08:59.084 20/01/2026]',-5.216652,0.09697623,-0.7365624,-2.25163,4.610755E-10,4.610755E-10,2.684258,2.07209
'[19:08:59.092 20/01/2026]',4.935243,-4.026049,2.084819,0.8799891,4.610755E-10,4.610755E-10,2.016833,-5.287588
'[19:08:59.100 20/01/2026]',2.951558,4.450341,1.9539,4.620662,4.610755E-10,4.610755E-10,0.2522103,6.498972
'[19:08:59.108 20/01/2026]',-5.992139,5.489539,2.991628,-3.938612,4.610755E-10,4.610755E-10,4.167453,1.39411
'[19:08:59.116 20/01/2026]',1.05235,-12.58602,-9.662902,-0.593153,4.610755E-10,4.610755E-10,-9.396492,-5.696413
'[19:08:59.124 20/01/2026]',8.105443,8.421425,8.267438,7.346205,4.610755E-10,4.610755E-10,8.397916,7.655749
'[19:08:59.132 20/01/2026]',-2.961604,1.362857,2.451681,-1.37055,4.610755E-10,4.610755E-10,1.431441,-2.477907
'[19:08:59.140 20/01/2026]',-7.601163,-12.70395,-13.12786,-11.64299,4.610755E-10,4.610755E-10,-16.41271,-10.18049
'[19:08:59.148 20/01/2026]',3.442303,14.35699,8.86978,8.582292,4.610755E-10,4.610755E-10,14.41943,8.300589
'[19:08:59.156 20/01/2026]',-6.826099,-4.846636,-2.172703,-7.991498,4.610755E-10,4.610755E-10,-2.973216,-5.457884
'[19:08:59.164 20/01/2026]',2.084124,-11.02113,-4.869411,2.498374,4.610755E-10,4.610755E-10,-5.10675,1.302659
'[19:08:59.172 20/01/2026]',2.084124,-11.02113,-4.869411,2.498374,4.610755E-10,4.610755E-10,-5.10675,1.302659
'[19:08:59.180 20/01/2026]',-10.39446,-4.646195,-1.163193,0.36071,4.610755E-10,4.610755E-10,0.8438469,-0.3884758
'[19:08:59.188 20/01/2026]',20.6237,31.34578,11.12496,1.488765,4.610755E-10,4.610755E-10,2.693452,4.152011
'[19:08:59.196 20/01/2026]',15.63687,1.226163,2.866298,7.986726,4.610755E-10,4.610755E-10,2.80289,-4.101804
'[19:08:59.204 20/01/2026]',-28.18572,-30.89272,-10.42197,-1.759261,4.610755E-10,4.610755E-10,-1.122564,8.001465
'[19:08:59.212 20/01/2026]',-11.46055,7.304243,-1.002545,-18.95167,4.610755E-10,4.610755E-10,-4.778456,-7.815339
'[19:08:59.220 20/01/2026]',21.22316,8.781747,4.782115,11.55171,4.610755E-10,4.610755E-10,5.320507,-1.833771
'[19:08:59.228 20/01/2026]',21.22316,8.781747,4.782115,11.55171,4.610755E-10,4.610755E-10,5.320507,-1.833771
'[19:08:59.236 20/01/2026]',21.22316,8.781747,4.782115,11.55171,4.610755E-10,4.610755E-10,5.320507,-1.833771
'[19:08:59.244 20/01/2026]',-3.404405,0.06725467,0.5020123,8.48983,4.610755E-10,4.610755E-10,0.9759448,7.272604
'[19:08:59.252 20/01/2026]',-3.404405,0.06725467,0.5020123,8.48983,4.610755E-10,4.610755E-10,0.9759448,7.272604
'[19:08:59.260 20/01/2026]',-6.035793,3.992972,-2.906677,-12.07055,4.610755E-10,4.610755E-10,-8.34844,-9.248345
'[19:08:59.268 20/01/2026]',-6.035793,3.992972,-2.906677,-12.07055,4.610755E-10,4.610755E-10,-8.34844,-9.248345
'[19:08:59.276 20/01/2026]',20.63117,1.091194,11.56246,15.57277,4.610755E-10,4.610755E-10,10.76352,12.39103
'[19:08:59.284 20/01/2026]',20.63117,1.091194,11.56246,15.57277,4.610755E-10,4.610755E-10,10.76352,12.39103
'[19:08:59.292 20/01/2026]',20.63117,1.091194,11.56246,15.57277,4.610755E-10,4.610755E-10,10.76352,12.39103
'[19:08:59.300 20/01/2026]',20.63117,1.091194,11.56246,15.57277,4.610755E-10,4.610755E-10,10.76352,12.39103
'[19:08:59.308 20/01/2026]',-24.77478,-16.88924,-17.55851,-18.6354,4.610755E-10,4.610755E-10,-10.63923,-11.9576
'[19:08:59.316 20/01/2026]',3.687794,5.596367,3.490362,-0.2972493,4.610755E-10,4.610755E-10,1.846897,1.265856
'[19:08:59.324 20/01/2026]',3.687794,5.596367,3.490362,-0.2972493,4.610755E-10,4.610755E-10,1.846897,1.265856
'[19:08:59.332 20/01/2026]',3.687794,5.596367,3.490362,-0.2972493,4.610755E-10,4.610755E-10,1.846897,1.265856
'[19:08:59.340 20/01/2026]',3.687794,5.596367,3.490362,-0.2972493,4.610755E-10,4.610755E-10,1.846897,1.265856
'[19:08:59.348 20/01/2026]',3.687794,5.596367,3.490362,-0.2972493,4.610755E-10,4.610755E-10,1.846897,1.265856
'[19:08:59.356 20/01/2026]',14.39816,9.429137,9.219637,17.77106,4.610755E-10,4.610755E-10,7.728116,9.912587
'[19:08:59.364 20/01/2026]',-7.449002,-7.568203,-7.486053,-5.546589,4.610755E-10,4.610755E-10,-7.792181,-7.82413
'[19:08:59.372 20/01/2026]',4.599582,3.992892,6.889659,-5.11014,4.610755E-10,4.610755E-10,7.600421,6.241379
'[19:08:59.380 20/01/2026]',-12.52041,-3.924933,-6.554739,-0.7467273,4.610755E-10,4.610755E-10,-9.45887,-9.707335
'[19:08:59.388 20/01/2026]',-12.52041,-3.924933,-6.554739,-0.7467273,4.610755E-10,4.610755E-10,-9.45887,-9.707335
'[19:08:59.396 20/01/2026]',-12.52041,-3.924933,-6.554739,-0.7467273,4.610755E-10,4.610755E-10,-9.45887,-9.707335
'[19:08:59.404 20/01/2026]',1.223788,1.64962,-0.9664892,4.578348,4.610755E-10,4.610755E-10,4.957266,0.7632312
'[19:08:59.412 20/01/2026]',1.223788,1.64962,-0.9664892,4.578348,4.610755E-10,4.610755E-10,4.957266,0.7632312
'[19:08:59.420 20/01/2026]',1.223788,1.64962,-0.9664892,4.578348,4.610755E-10,4.610755E-10,4.957266,0.7632312
'[19:08:59.428 20/01/2026]',-0.6379524,-1.810709,2.244309,-9.748245,4.610755E-10,4.610755E-10,0.07987098,9.036543
'[19:08:59.436 20/01/2026]',17.84969,6.035854,3.827901,11.6045,4.610755E-10,4.610755E-10,-1.473498,-5.68331
'[19:08:59.444 20/01/2026]',-19.61673,-10.08197,-7.388569,-1.496216,4.610755E-10,4.610755E-10,-3.698067,-2.96442
'[19:08:59.452 20/01/2026]',-19.61673,-10.08197,-7.388569,-1.496216,4.610755E-10,4.610755E-10,-3.698067,-2.96442
'[19:08:59.460 20/01/2026]',-6.281461,7.928308,6.58412,-2.976128,4.610755E-10,4.610755E-10,7.774615,8.616358
'[19:08:59.468 20/01/2026]',-6.281461,7.928308,6.58412,-2.976128,4.610755E-10,4.610755E-10,7.774615,8.616358
'[19:08:59.476 20/01/2026]',-6.281461,7.928308,6.58412,-2.976128,4.610755E-10,4.610755E-10,7.774615,8.616358
'[19:08:59.484 20/01/2026]',8.532173,-6.903293,-4.374319,-3.512767,4.610755E-10,4.610755E-10,-1.528542,-3.753839
'[19:08:59.492 20/01/2026]',8.532173,-6.903293,-4.374319,-3.512767,4.610755E-10,4.610755E-10,-1.528542,-3.753839
'[19:08:59.500 20/01/2026]',-26.2164,-26.72951,-17.46858,-6.811339,4.610755E-10,4.610755E-10,-8.972753,-3.28647
'[19:08:59.508 20/01/2026]',38.49319,51.66319,31.09596,16.64834,4.610755E-10,4.610755E-10,8.141915,3.940327
'[19:08:59.516 20/01/2026]',48.44766,23.61937,19.58641,14.6104,4.610755E-10,4.610755E-10,13.38794,8.005566
'[19:08:59.524 20/01/2026]',-74.21006,-61.9906,-42.5661,-23.68799,4.610755E-10,4.610755E-10,-19.60047,-10.59929
'[19:08:59.532 20/01/2026]',-4.250848,8.02508,2.857251,-8.374876,4.610755E-10,4.610755E-10,-0.8929037,-3.588491
'[19:08:59.540 20/01/2026]',46.97978,28.45342,22.8095,25.49341,4.610755E-10,4.610755E-10,18.11168,15.75757
'[19:08:59.548 20/01/2026]',-24.26851,-18.98593,-13.92894,-13.51756,4.610755E-10,4.610755E-10,-12.96654,-11.25117
'[19:08:59.556 20/01/2026]',-7.348723,-9.302929,-8.419362,-7.501626,4.610755E-10,4.610755E-10,-4.49271,-2.489963
'[19:08:59.564 20/01/2026]',9.486141,19.37573,15.24408,12.25514,4.610755E-10,4.610755E-10,10.84369,7.771085
'[19:08:59.572 20/01/2026]',3.162776,-6.725013,-4.028792,1.012404,4.610755E-10,4.610755E-10,-2.180786,-0.898707
'[19:08:59.580 20/01/2026]',-4.032203,-8.355294,-6.951246,-9.705425,4.610755E-10,4.610755E-10,-5.624163,-6.873312
'[19:08:59.588 20/01/2026]',-1.895062,6.058695,5.59292,4.598296,4.610755E-10,4.610755E-10,3.624696,4.383229
'[19:08:59.596 20/01/2026]',7.127982,1.084841,1.880928,4.603217,4.610755E-10,4.610755E-10,-0.4953637,3.168055
'[19:08:59.604 20/01/2026]',-3.078136,-9.891628,-3.547622,-5.53595,4.610755E-10,4.610755E-10,-3.887999,-7.773908
'[19:08:59.612 20/01/2026]',-2.702912,8.333906,-3.080022,-2.82611,4.610755E-10,4.610755E-10,-0.9831054,-4.233928
'[19:08:59.620 20/01/2026]',-0.8886102,2.054767,2.817396,5.571818,4.610755E-10,4.610755E-10,6.125139,12.45381
'[19:08:59.628 20/01/2026]',2.611215,-3.404105,0.9003744,2.090652,4.610755E-10,4.610755E-10,-2.408754,-4.48375
'[19:08:59.636 20/01/2026]',3.888877,-0.193744,-0.1796643,1.9008,4.610755E-10,4.610755E-10,1.083972,-0.1395071
'[19:08:59.644 20/01/2026]',-3.400212,0.2982427,-1.975411,-5.62223,4.610755E-10,4.610755E-10,-4.834299,-1.866563
'[19:08:59.652 20/01/2026]',-2.341513,-8.127264,0.749169,-2.754197,4.610755E-10,4.610755E-10,1.939888,-1.429493
'[19:08:59.660 20/01/2026]',7.828979,12.80303,-0.4953052,2.84846,4.610755E-10,4.610755E-10,4.228736,5.031845
'[19:08:59.668 20/01/2026]',-5.224796,-0.05998338,2.697387,-3.612234,4.610755E-10,4.610755E-10,-5.520879,-5.826928
'[19:08:59.676 20/01/2026]',-9.330839,-7.905598,-3.427242,-0.9786566,4.610755E-10,4.610755E-10,4.937126,10.79312
'[19:08:59.684 20/01/2026]',8.373469,9.04238,2.227795,5.364466,4.610755E-10,4.610755E-10,-0.3825804,-1.708897
'[19:08:59.692 20/01/2026]',-16.59025,-12.59275,-10.92016,-3.272464,4.610755E-10,4.610755E-10,-3.036973,-5.657586
'[19:08:59.700 20/01/2026]',31.04485,19.0094,18.62756,8.651254,4.610755E-10,4.610755E-10,3.406405,-0.7286113
'[19:08:59.708 20/01/2026]',-18.90493,-16.16088,-13.19963,-13.84422,4.610755E-10,4.610755E-10,-9.946005,-7.843171
'[19:08:59.716 20/01/2026]',0.9416484,3.687617,4.592998,12.21031,4.610755E-10,4.610755E-10,11.02592,15.8105
'[19:08:59.724 20/01/2026]',2.752713,5.890594,1.080383,-3.880135,4.610755E-10,4.610755E-10,-0.195629,-8.500616
'[19:08:59.732 20/01/2026]',5.847856,-0.6561034,4.280559,3.472119,4.610755E-10,4.610755E-10,0.194816,5.065351
'[19:08:59.740 20/01/2026]',0.5212397,-5.469302,-8.130563,0.1507807,4.610755E-10,4.610755E-10,-9.121718,-3.025802
'[19:08:59.748 20/01/2026]',-9.494903,-3.087305,2.817218,-11.60508,4.610755E-10,4.610755E-10,4.53294,-8.646364
'[19:08:59.756 20/01/2026]',20.39245,16.7483,17.08665,23.34721,4.610755E-10,4.610755E-10,15.31449,21.67002
'[19:08:59.764 20/01/2026]',-11.5275,-10.68379,-19.61465,-13.29163,4.610755E-10,4.610755E-10,-15.49072,-12.86214
'[19:08:59.772 20/01/2026]',-11.22845,-2.095029,-1.556262,-8.49533,4.610755E-10,4.610755E-10,-1.949148,-4.360949
'[19:08:59.780 20/01/2026]',7.833842,2.077544,6.081142,10.0363,4.610755E-10,4.610755E-10,4.048418,5.488281
'[19:08:59.788 20/01/2026]',7.31372,4.13366,2.181167,-0.9366769,4.610755E-10,4.610755E-10,5.110149,2.367207
'[19:08:59.796 20/01/2026]',-16.3125,-7.980996,-7.444874,-8.645825,4.610755E-10,4.610755E-10,-13.10937,-10.95576
'[19:08:59.804 20/01/2026]',17.35936,9.357649,9.063658,17.29692,4.610755E-10,4.610755E-10,14.39192,15.00386
'[19:08:59.812 20/01/2026]',17.35936,9.357649,9.063658,17.29692,4.610755E-10,4.610755E-10,14.39192,15.00386
'[19:08:59.820 20/01/2026]',-15.21775,-8.439115,-8.857442,-22.01499,4.610755E-10,4.610755E-10,-10.05172,-16.91218
'[19:08:59.828 20/01/2026]',1.664088,2.010029,2.909353,11.92,4.610755E-10,4.610755E-10,-0.6225421,9.695293
'[19:08:59.836 20/01/2026]',1.664088,2.010029,2.909353,11.92,4.610755E-10,4.610755E-10,-0.6225421,9.695293
'[19:08:59.844 20/01/2026]',1.664088,2.010029,2.909353,11.92,4.610755E-10,4.610755E-10,-0.6225421,9.695293
'[19:08:59.852 20/01/2026]',1.664088,2.010029,2.909353,11.92,4.610755E-10,4.610755E-10,-0.6225421,9.695293
'[19:08:59.860 20/01/2026]',1.664088,2.010029,2.909353,11.92,4.610755E-10,4.610755E-10,-0.6225421,9.695293
'[19:08:59.868 20/01/2026]',15.9904,2.617828,7.10204,6.527004,4.610755E-10,4.610755E-10,9.296687,5.406284
'[19:08:59.876 20/01/2026]',15.9904,2.617828,7.10204,6.527004,4.610755E-10,4.610755E-10,9.296687,5.406284
'[19:08:59.884 20/01/2026]',15.9904,2.617828,7.10204,6.527004,4.610755E-10,4.610755E-10,9.296687,5.406284
'[19:08:59.892 20/01/2026]',-20.49757,2.223967,-7.445816,-14.88447,4.610755E-10,4.610755E-10,-6.4158,-14.56068
'[19:08:59.900 20/01/2026]',-18.79098,-12.78788,-12.11307,7.332847,4.610755E-10,4.610755E-10,-0.9617265,15.51604
'[19:08:59.908 20/01/2026]',-18.79098,-12.78788,-12.11307,7.332847,4.610755E-10,4.610755E-10,-0.9617265,15.51604
'[19:08:59.916 20/01/2026]',32.80961,17.37878,16.62388,1.510403,4.610755E-10,4.610755E-10,4.557672,-6.222466
'[19:08:59.924 20/01/2026]',19.33974,8.557923,9.988478,2.315563,4.610755E-10,4.610755E-10,-5.292022,-0.9653409
'[19:08:59.932 20/01/2026]',-32.93345,-17.22013,-11.63138,0.3861779,4.610755E-10,4.610755E-10,8.088673,4.170866
'[19:08:59.940 20/01/2026]',-32.93345,-17.22013,-11.63138,0.3861779,4.610755E-10,4.610755E-10,8.088673,4.170866
'[19:08:59.948 20/01/2026]',-7.050972,-4.492564,-5.790584,-8.294363,4.610755E-10,4.610755E-10,-7.401109,-9.5976
'[19:08:59.956 20/01/2026]',20.73196,8.214148,6.538953,-0.5783376,4.610755E-10,4.610755E-10,-0.1434308,5.464411
'[19:08:59.964 20/01/2026]',20.73196,8.214148,6.538953,-0.5783376,4.610755E-10,4.610755E-10,-0.1434308,5.464411
'[19:08:59.972 20/01/2026]',20.73196,8.214148,6.538953,-0.5783376,4.610755E-10,4.610755E-10,-0.1434308,5.464411
'[19:08:59.980 20/01/2026]',4.715991,9.452383,7.413906,14.94273,4.610755E-10,4.610755E-10,13.00812,10.53901
'[19:08:59.988 20/01/2026]',4.715991,9.452383,7.413906,14.94273,4.610755E-10,4.610755E-10,13.00812,10.53901
'[19:08:59.996 20/01/2026]',-11.6416,-16.19297,-12.47482,-4.590431,4.610755E-10,4.610755E-10,-12.218,-17.05247
'[19:09:00.004 20/01/2026]',-11.6416,-16.19297,-12.47482,-4.590431,4.610755E-10,4.610755E-10,-12.218,-17.05247
'[19:09:00.012 20/01/2026]',-11.6416,-16.19297,-12.47482,-4.590431,4.610755E-10,4.610755E-10,-12.218,-17.05247
'[19:09:00.020 20/01/2026]',-11.6416,-16.19297,-12.47482,-4.590431,4.610755E-10,4.610755E-10,-12.218,-17.05247
'[19:09:00.028 20/01/2026]',-1.36687,4.653169,2.66199,-11.75951,4.610755E-10,4.610755E-10,-3.076982,5.007886
'[19:09:00.036 20/01/2026]',-1.36687,4.653169,2.66199,-11.75951,4.610755E-10,4.610755E-10,-3.076982,5.007886
'[19:09:00.044 20/01/2026]',-1.36687,4.653169,2.66199,-11.75951,4.610755E-10,4.610755E-10,-3.076982,5.007886
'[19:09:00.052 20/01/2026]',11.05038,6.445968,6.937251,11.24495,4.610755E-10,4.610755E-10,12.07967,8.730726
'[19:09:00.060 20/01/2026]',-2.0204,-4.509363,-5.830011,7.431747,4.610755E-10,4.610755E-10,-5.340943,-1.707317
'[19:09:00.068 20/01/2026]',-7.470222,-3.196094,-2.112304,-19.4236,4.610755E-10,4.610755E-10,-6.972113,-9.978411
'[19:09:00.076 20/01/2026]',-2.588504,1.506607,2.823071,2.252291,4.610755E-10,4.610755E-10,4.158009,0.6336741
'[19:09:00.084 20/01/2026]',7.223084,0.5751453,-1.685273,8.365682,4.610755E-10,4.610755E-10,4.025046,5.531456
'[19:09:00.092 20/01/2026]',3.514133,1.578276,4.665312,5.574728,4.610755E-10,4.610755E-10,-0.2490226,9.683249
'[19:09:00.100 20/01/2026]',-5.102313,-0.4487173,-3.083867,-9.475863,4.610755E-10,4.610755E-10,-4.388586,-14.69664
'[19:09:00.108 20/01/2026]',-7.004406,-3.939243,-2.006281,-5.126353,4.610755E-10,4.610755E-10,0.2750547,-3.941211
'[19:09:00.116 20/01/2026]',8.894353,0.73317,3.371368,14.9623,4.610755E-10,4.610755E-10,7.050987,23.79738
'[19:09:00.124 20/01/2026]',-8.550686,-1.209199,-3.131737,-10.67429,4.610755E-10,4.610755E-10,-12.01394,-17.54097
'[19:09:00.132 20/01/2026]',7.002025,10.78415,8.319634,9.123339,4.610755E-10,4.610755E-10,10.4476,2.227728
'[19:09:00.140 20/01/2026]',-1.855549,-8.307319,-6.811488,-6.658511,4.610755E-10,4.610755E-10,-0.7157705,1.147538
'[19:09:00.148 20/01/2026]',-8.040406,-3.915903,-1.086464,-10.57043,4.610755E-10,4.610755E-10,-4.721357,-5.169593
'[19:09:00.156 20/01/2026]',16.96715,4.385256,2.143163,21.19328,4.610755E-10,4.610755E-10,-1.282856,8.015343
'[19:09:00.164 20/01/2026]',-12.60182,-3.069325,-4.547221,-13.2318,4.610755E-10,4.610755E-10,-0.5379438,-6.528375
'[19:09:00.172 20/01/2026]',-11.17777,1.845674,1.569674,-10.79668,4.610755E-10,4.610755E-10,3.912212,-10.64609
'[19:09:00.180 20/01/2026]',29.26661,5.063032,9.813406,25.36955,4.610755E-10,4.610755E-10,2.727297,26.14347
'[19:09:00.188 20/01/2026]',-14.531,-5.116229,-9.057863,-15.15233,4.610755E-10,4.610755E-10,-5.547835,-21.18229
'[19:09:00.196 20/01/2026]',-7.985639,-5.447575,-6.121398,-1.272658,4.610755E-10,4.610755E-10,-2.336678,2.645229
'[19:09:00.204 20/01/2026]',23.79179,10.0223,11.54868,14.30945,4.610755E-10,4.610755E-10,8.669592,12.73069
'[19:09:00.212 20/01/2026]',-9.233689,-1.516975,-0.7376265,-7.34618,4.610755E-10,4.610755E-10,-4.7694,-2.783777
'[19:09:00.220 20/01/2026]',-13.05213,-0.4626616,-2.143982,-9.076432,4.610755E-10,4.610755E-10,2.221755,-16.79744
'[19:09:00.228 20/01/2026]',12.16596,-8.127517,-6.3153,7.766701,4.610755E-10,4.610755E-10,-4.952719,17.32288
