timestamp,phase,label,channel_0,channel_1,channel_2,channel_3,channel_4,channel_5,channel_6,channel_7
13246.5745656,baseline_eyes_open,baseline_eyes_open,24904.84900759191,47727.673527426676,31573.066579093498,40392.337993283065,105801.59436696075,105801.59436696075,41086.191691313594,31400.144693708382
13246.9408604,baseline_eyes_open,baseline_eyes_open,-14307.063274249604,-27402.00193283458,-18165.991094125857,-23205.85753235635,-60747.25219245354,-60747.25219245354,-23596.95071601389,-18021.86859159917
13247.316885500004,baseline_eyes_open,baseline_eyes_open,5047.561503758909,9717.516484834683,6403.905330136564,8204.320547176005,21594.01087949207,21594.01087949207,8356.073564808288,6374.925056221894
13247.703283800003,baseline_eyes_open,baseline_eyes_open,297.6167844271997,558.3395077467103,367.3977409881727,471.3163650588276,1236.5254610587308,1236.5254610587308,479.83256586624475,354.0392450821769
13248.077476300006,baseline_eyes_open,baseline_eyes_open,-1110.5214047304223,-2077.24678588129,-1386.5476242186664,-1760.6157358017144,-4588.489694541343,-4588.489694541343,-1773.7454282639742,-1342.7350667268101
13248.460025500002,baseline_eyes_open,baseline_eyes_open,444.65445051983784,867.0334296168012,592.0342279982187,750.0718308126625,1964.967096811035,1964.967096811035,758.9408763780766,575.9877328905282
13248.815352600002,baseline_eyes_open,baseline_eyes_open,-13.162015488803036,-38.67333720148463,-32.793718389933474,-54.117944697123676,-122.42977127097856,-122.42977127097856,-52.63730087312024,-38.02128209932698
13249.208921600002,baseline_eyes_open,baseline_eyes_open,-107.91155372178264,-107.15263418848144,-94.77711628513316,-115.05993143398928,-233.30127861971505,-233.30127861971505,-99.72581333931521,-69.11061679449267
13249.605301400003,baseline_eyes_open,baseline_eyes_open,52.26694024416133,74.81376916596946,47.329831078237476,68.59953111418326,145.4298563594284,145.4298563594284,70.29139077212221,59.21985675111546
13250.006836600003,baseline_eyes_open,baseline_eyes_open,-13.468395285750148,-1.919807417719312,-39.241912604728896,-28.166236839038447,-44.46967844772462,-44.46967844772462,-22.885791418503686,-0.5544038732496119
13250.419574300004,baseline_eyes_open,baseline_eyes_open,-18.548174712879472,-28.78013530660155,-13.197072856791692,-8.629193772896997,1.5454314577782498,1.5454314577782498,-11.166687268889746,-25.005322675847765
13250.808388500005,baseline_eyes_open,baseline_eyes_open,-6.856460044703454,-6.179213160537074,25.051755237075668,15.062389813354002,5.9915139064241885,5.9915139064241885,10.266874409233878,-4.213092792210773
13251.210997100006,baseline_eyes_open,baseline_eyes_open,-13.779664747427205,-22.646261686133585,14.380803815688523,15.479736732541824,-3.569195798113469,-3.569195798113469,20.217521753006622,-11.39285839516424
13251.606186800007,baseline_eyes_open,baseline_eyes_open,-48.1686535448423,-46.222409122421595,3.523020850901048,-27.752108500847953,1.0500226833810302,1.0500226833810302,-22.09043213242603,-53.071963512687944
13251.970591500007,baseline_eyes_open,baseline_eyes_open,-15.667563436453065,-27.23217688670502,34.34016243846236,5.715235604465306,0.0974944684003276,0.0974944684003276,6.974279152722374,-21.73778548330438
13252.369273700007,baseline_eyes_open,baseline_eyes_open,15.666223698162867,18.972839929151178,7.70169356339602,18.536801544031732,-0.19954816173594736,-0.19954816173594736,6.723790741080393,14.77103799922861
13252.761585800008,baseline_eyes_open,baseline_eyes_open,7.909871589727118,-0.8537836126033653,-12.022048954115235,-8.995352992537846,0.09368361094948341,0.09368361094948341,2.765883675686382,10.255912279428685
13253.177944000006,baseline_eyes_open,baseline_eyes_open,-3.3397277524320543,13.942670540739073,-26.681353623072482,-25.871041585690364,-0.019683176953549264,-0.019683176953549264,-11.373719983014325,1.9784107750406292
13253.554744000001,baseline_eyes_open,baseline_eyes_open,-15.639054934413025,-2.0471029897375956,-3.357625108272714,0.5019876958599525,-0.007339621551182063,-0.007339621551182063,0.5946122306327197,-5.388637551937336
13253.911013,baseline_eyes_open,baseline_eyes_open,5.478869746888449,-7.1360739545111755,40.522569693282094,25.999171708337144,0.006212675772985676,0.006212675772985676,13.1171244379766,0.5199019363622028
13254.3125359,baseline_eyes_open,baseline_eyes_open,3.006095562798464,10.038049210953432,4.56425479840027,13.917779491761848,-0.0022959167317821993,-0.0022959167317821993,7.938408823804821,9.685883512665441
13254.7109333,baseline_eyes_open,baseline_eyes_open,81.64628214086588,45.36379491316302,36.21635028091441,52.82731451254267,0.00023002001853456022,0.00023002001853456022,14.167806753877812,7.88164702332233
13255.106405900002,baseline_eyes_open,baseline_eyes_open,1.326288695000585,-11.208988661962849,10.155336896181325,9.131704258322316,0.00016645392042846652,0.00016645392042846652,-1.3417047881839608,-5.076347209251253
13255.464109800003,baseline_eyes_open,baseline_eyes_open,13.035898368183098,14.841862954364387,-9.318053832190344,-14.700462100133336,-0.0002087584161927225,-0.0002087584161927225,-15.50577468847223,-0.5915802372342114
13255.874188000003,baseline_eyes_open,baseline_eyes_open,-49.66940986291843,-33.238718620302734,-38.53632453129421,-33.07320574649111,1.658049313846277e-05,1.658049313846277e-05,-15.585989044221606,-2.0670109130924175
13256.229314800004,baseline_eyes_open,baseline_eyes_open,26.97001855733197,45.7519275977852,21.38963740454119,26.133465499059184,-2.947097073047189e-05,-2.947097073047189e-05,23.23673242709947,34.15865464763874
13256.622728600005,baseline_eyes_open,baseline_eyes_open,48.81693195703701,20.05363874515251,19.733312768486485,27.419336525391373,-4.970475401933072e-05,-4.970475401933072e-05,10.339129147715084,-6.270292422108469
13256.992002700004,baseline_eyes_open,baseline_eyes_open,0.47673720508714723,-9.273340502646533,10.294603786898733,4.976556415752839,-3.1812650377105456e-05,-3.1812650377105456e-05,4.999329297241275,3.8163258138688434
13257.385533700004,baseline_eyes_open,baseline_eyes_open,14.758169864907586,21.510953335086015,-29.01994768675422,-14.75582181260097,-3.5108975680486765e-05,-3.5108975680486765e-05,-16.103912455684622,7.614066627413649
13257.709563800005,baseline_eyes_open,baseline_eyes_open,-14.178246464618724,-10.618459314030133,-4.895978159184779,7.389226210630113,-3.509272846713429e-05,-3.509272846713429e-05,-0.8892093212966756,-7.409792227224898
13258.100416700005,baseline_eyes_open,baseline_eyes_open,-8.29396671016275,-0.7960651000230428,0.10151806231988303,1.6810287789062386,-3.200348419341026e-05,-3.200348419341026e-05,-3.1806353797883276,2.3170575760882457
13258.515781800004,baseline_eyes_open,baseline_eyes_open,-0.2869124035310051,3.036991772561578,3.421610754023277,11.942846808262402,-3.6194144740875345e-05,-3.6194144740875345e-05,-0.5723805832590187,3.102578478781652
13258.902340400005,baseline_eyes_open,baseline_eyes_open,4.099586396685481,-15.673516566268518,9.379890137304756,2.8706737727334257,-3.406263203942217e-05,-3.406263203942217e-05,0.8469765293652927,-12.783349068214648
13259.283607800005,baseline_eyes_open,baseline_eyes_open,5.208297436742669,7.2761851946002025,-15.331753229895185,-2.510285892594311,-3.468519116722746e-05,-3.468519116722746e-05,-6.788343789783539,10.545346909922955
13259.619828300005,baseline_eyes_open,baseline_eyes_open,-9.235546968329118,-15.282615480886761,16.805765622918898,8.810295464241335,-3.5979946005681995e-05,-3.5979946005681995e-05,7.547778672315417,-6.374855030205254
13259.992246700005,baseline_eyes_open,baseline_eyes_open,-3.1575537399758105,9.92082757317803,-18.573838939913458,-13.031321568936619,-3.441241824475583e-05,-3.441241824475583e-05,-6.9469722317548985,9.723740476823878
13260.381607000005,baseline_eyes_open,baseline_eyes_open,-15.733624841996516,-1.7138477794678693,-18.180855893027,-11.86931037058821,-3.37129931722302e-05,-3.37129931722302e-05,2.719221830128845,17.93119973748935
13260.761056500005,baseline_eyes_open,baseline_eyes_open,-8.062605762143221,-13.991982807261593,7.5518443768760335,0.652236679307407,-3.586462480598129e-05,-3.586462480598129e-05,4.7823405833737525,-4.895603057240805
13261.142125200005,baseline_eyes_open,baseline_eyes_open,25.470713935550293,23.160128508211983,26.28680018615387,33.66941909124398,-3.4335248528805096e-05,-3.4335248528805096e-05,20.45580755742958,14.6229956047423
13261.537604500007,baseline_eyes_open,baseline_eyes_open,-8.738572980086019,-17.455394565077768,3.2427561381905434,15.602508257798036,-3.414397269807523e-05,-3.414397269807523e-05,8.883931950534588,-2.623786953673971
13261.930259500008,baseline_eyes_open,baseline_eyes_open,3.979126416032841,5.96834523124835,4.69042894032691,8.787843618077659,-3.415450737520587e-05,-3.415450737520587e-05,-7.214527799717871,-1.8030136713587126
13262.337158600001,baseline_eyes_open,baseline_eyes_open,-6.869033231467256,-4.462895595156169,-14.732209915587191,-5.525963743437387,-3.595389716792852e-05,-3.595389716792852e-05,-0.9032493240829353,6.3804286758245325
13262.7528832,baseline_eyes_open,baseline_eyes_open,121.15643897062432,103.81150362320705,-7.913886955072485,8.52756832335308,-3.381452552275732e-05,-3.381452552275732e-05,-2.555025006894539,13.85034304606097
13263.1145077,baseline_eyes_open,baseline_eyes_open,-38.86225004949074,-28.3126526233832,-7.052209626092463,-19.63688731937964,-3.236950306018116e-05,-3.236950306018116e-05,4.500932573412683,2.623683931962205
13263.4895091,baseline_eyes_open,baseline_eyes_open,3.743909154117091,6.6609846857109005,16.18682211939131,19.264993507518284,-3.463517623458756e-05,-3.463517623458756e-05,14.077391546982653,-2.72944091068166
13263.861698400002,baseline_eyes_open,baseline_eyes_open,-2.8302878432702983,-9.415095136235777,0.41560612719058554,-4.884327023477908,-3.289568394393427e-05,-3.289568394393427e-05,1.0302195910662704,-1.4783137352087579
13264.255037500003,baseline_eyes_open,baseline_eyes_open,-32.992152521306934,-19.969728888333066,16.7425730420714,20.221438016132197,-3.11154681185144e-05,-3.11154681185144e-05,6.117328827610891,-1.9690758320375608
13264.645092600002,baseline_eyes_open,baseline_eyes_open,11.671433141736316,4.896105005511799,-6.320987101653827,-9.441489631618424,-3.257013213442406e-05,-3.257013213442406e-05,-3.1794125231494945,-0.7427895683285897
13265.063903000002,baseline_eyes_open,baseline_eyes_open,10.698487304823857,13.280648763939098,-23.40196360703021,-16.540534693232075,-3.6433295463211834e-05,-3.6433295463211834e-05,-6.694606971371286,2.259513334861822
13265.465514800004,baseline_eyes_open,baseline_eyes_open,1.761318941917125,14.549364452799637,3.4739515553897036,4.100563572802457,-3.465249392320402e-05,-3.465249392320402e-05,-3.1206395164349487,11.062878829075999
13265.808680100004,baseline_eyes_open,baseline_eyes_open,0.3964461645123265,-3.888397319341948,-9.188203666249137,-26.082911033038272,-3.212413139408454e-05,-3.212413139408454e-05,-9.465923749039575,0.4487232453834622
13266.201832700004,baseline_eyes_open,baseline_eyes_open,55.331212776248094,34.74307783188215,28.06565808066034,3.462486919998355,-3.5608299185696524e-05,-3.5608299185696524e-05,0.19538109578979856,-9.5236551509538
13266.581531400006,baseline_eyes_open,baseline_eyes_open,-39.4009001197694,-25.12909541104591,-2.04480914640817,0.06169015568957548,-3.611601277953014e-05,-3.611601277953014e-05,6.903338779081878,-3.3057673894622894
13266.981633700007,baseline_eyes_open,baseline_eyes_open,37.67214073773812,28.360722594435174,-8.009971278303055,-8.65135729477879,-3.202977677574381e-05,-3.202977677574381e-05,0.48951012194947907,10.334401534824792
13267.3864639,baseline_eyes_open,baseline_eyes_open,-1.8769415809827024,3.4530838749378745,-30.296577512540807,-22.173968154108024,-3.1406422749569174e-05,-3.1406422749569174e-05,-5.0177417466939005,10.90447697525451
13267.779214100008,baseline_eyes_open,baseline_eyes_open,0.04767583007560461,-3.7740409752018422,24.348231946488795,17.012728577488815,-3.5340543945494574e-05,-3.5340543945494574e-05,10.937909841274632,3.0690680699876793
13268.137755300007,baseline_eyes_open,baseline_eyes_open,16.97273333888529,13.318673018546633,-7.30612212188862,-2.8079253178061663,-3.6008078495797236e-05,-3.6008078495797236e-05,0.022810871664660226,-1.4450161488630329
13268.520350700008,baseline_eyes_open,baseline_eyes_open,14.920424408735471,17.65007329281343,-2.6985507367940045,-30.853757082414177,-3.424005535634933e-05,-3.424005535634933e-05,-10.735766220090227,6.804719689830108
13268.894049000008,baseline_eyes_open,baseline_eyes_open,-5.076479737092313,-4.356067755830281,-10.238882774714057,22.572886221450062,-3.407358599361032e-05,-3.407358599361032e-05,-10.28339537724878,-11.185372315866516
13269.241623100008,baseline_eyes_open,baseline_eyes_open,12.07748308248938,21.01745373083395,19.937646431395933,21.190725115719488,-3.5625648706627544e-05,-3.5625648706627544e-05,28.282355871404434,24.791653138095626
13269.609180800007,baseline_eyes_open,baseline_eyes_open,4.672088019180364,-1.060880535634169,-35.72039119997953,-20.96544991485962,-3.521216058288701e-05,-3.521216058288701e-05,-25.41514760211976,-8.422759859942289
13270.022973400008,baseline_eyes_open,baseline_eyes_open,-33.56830698429053,-44.64276876356871,-15.938121036499979,-30.481273598840744,-3.544103037711466e-05,-3.544103037711466e-05,-32.32740969289944,-52.40787282553947
13270.387218,baseline_eyes_open,baseline_eyes_open,-7.642768588401168,-9.379860885189828,22.50117745561738,25.883763327375163,-3.675981497508474e-05,-3.675981497508474e-05,15.381134481743175,-1.0931896770462117
13270.7752449,baseline_eyes_open,baseline_eyes_open,2.5842359929895338,-5.287006618516443,-2.3109359478189617,-4.0277492164477735,-3.3060811801988166e-05,-3.3060811801988166e-05,-9.933723859354359,-8.204278870086455
13271.1622726,baseline_eyes_open,baseline_eyes_open,6.620552829613416,7.345758751609992,3.9806897863954873,15.902539307236111,-3.2614578231005e-05,-3.2614578231005e-05,7.167246062979757,10.353142234134339
13271.539646500001,baseline_eyes_open,baseline_eyes_open,-14.433443472056979,-15.780573125411138,-12.56701792890135,-10.537851433075048,-3.487695175863337e-05,-3.487695175863337e-05,1.5282629302869282,1.0532743020512498
13271.922125300001,baseline_eyes_open,baseline_eyes_open,-6.435856642518502,-2.630716536730233,15.698950962177605,7.718887165148317,-3.2764703973953146e-05,-3.2764703973953146e-05,-1.9727465860919438,-7.242618072133155
13272.3235628,baseline_eyes_open,baseline_eyes_open,33.51135391377261,30.027393020196996,-0.8261452679134891,4.160954673599008,-3.3771770176826976e-05,-3.3771770176826976e-05,0.14210842559532466,18.340708739995534
13272.722877000004,baseline_eyes_open,baseline_eyes_open,4.755163876742699,-20.501913222188705,9.675787750393283,0.5157101878658068,-3.4896223951363936e-05,-3.4896223951363936e-05,1.031667483890942,-7.983399347926024
13273.080506300004,baseline_eyes_open,baseline_eyes_open,-36.05820074943745,-43.9785310740599,-6.320670115827852,-22.775365876343585,-3.6153157452645246e-05,-3.6153157452645246e-05,-21.031110169872136,-35.775184036241626
13273.474298900004,baseline_eyes_open,baseline_eyes_open,-25.706971429685154,-26.00430429854987,2.358393258840806,3.0778458518548177,-3.7126622373762075e-05,-3.7126622373762075e-05,6.079723052424924,-3.815077754880349
13273.848755200006,baseline_eyes_open,baseline_eyes_open,-66.65278834555875,-32.59426738085631,-5.0729785089874895,-12.393869570347306,-3.2856389225344174e-05,-3.2856389225344174e-05,-3.8045963767826834,-8.894165367169535
13274.252194900006,baseline_eyes_open,baseline_eyes_open,11.989597995815302,-1.81936760371309,-4.9355094589650435,-3.1371950855473187,-3.8402065001719166e-05,-3.8402065001719166e-05,-9.799834004657441,-2.804130733029524
13274.644742800006,baseline_eyes_open,baseline_eyes_open,7.364357178853652,15.765531846609974,-6.866202338683706,4.401782977723997,-3.7643830182787497e-05,-3.7643830182787497e-05,11.129971972374733,16.819622127019557
13275.046281000006,baseline_eyes_open,baseline_eyes_open,2.4551618252517073,8.0997877206255,8.426286998852447,3.409958126388574,-3.486438436084427e-05,-3.486438436084427e-05,6.110415462821493,5.79244318983001
13275.438471400006,baseline_eyes_open,baseline_eyes_open,-4.618209844430567,-8.940473169786856,-8.233555649544996,-6.503055027263599,-3.740065039892215e-05,-3.740065039892215e-05,-6.995271728710577,-14.828990285126565
13275.827454500006,baseline_eyes_open,baseline_eyes_open,-17.942790269334637,-7.924982149086645,-7.172703139907753,4.186375722590128,-3.348150676174555e-05,-3.348150676174555e-05,9.844552244022452,6.5074839273224825
13276.229896300005,baseline_eyes_open,baseline_eyes_open,9.658716165727355,8.243809073099783,-15.079698019428633,-5.420054015118694,-3.554202430677833e-05,-3.554202430677833e-05,-16.036660890946223,-0.12716081490953002
13276.621157400006,baseline_eyes_open,baseline_eyes_open,11.209924907279174,5.924795337441083,3.2649272042995108,-0.3160814425532408,-3.4734451219264884e-05,-3.4734451219264884e-05,3.4971346109509795,5.096593772225333
13277.031015300001,baseline_eyes_open,baseline_eyes_open,-13.112694010829728,3.987790117962504,0.20339301289686773,8.985756845696415,-3.429948355915258e-05,-3.429948355915258e-05,-9.396800249501212,-8.479971146583921
13277.406980900001,baseline_eyes_open,baseline_eyes_open,2.5913377688552828,-12.541979832932611,-18.417161443524037,-32.7173799364391,-3.2670701330062e-05,-3.2670701330062e-05,-16.90772320817996,-7.012664405197938
13277.7795532,baseline_eyes_open,baseline_eyes_open,-35.92170504119849,-0.6003698950471517,6.838458946582705,25.391912286310344,-3.404927338124253e-05,-3.404927338124253e-05,20.1419733719772,5.8537476764622625
13278.1869564,baseline_eyes_open,baseline_eyes_open,6.324435872881395,6.0996209270101645,-3.1536179280719807,-0.10801690060861802,-3.211896455468377e-05,-3.211896455468377e-05,-7.852193548797004,-1.5303084768015651
13278.535997800001,baseline_eyes_open,baseline_eyes_open,5.682182472898148,14.556654098428226,1.0132615174675266,-0.7010247033872474,-3.538491637300467e-05,-3.538491637300467e-05,0.6574511357921438,4.730762154368222
13278.9372172,baseline_eyes_open,baseline_eyes_open,7.4663706903818365,9.845455339451291,2.5991975338702105,-0.2970881872784048,-3.580537122616079e-05,-3.580537122616079e-05,-2.5490759465146766,-2.853451363115255
13279.323699000008,baseline_eyes_open,baseline_eyes_open,21.665731760273502,2.6291287767458016,26.054714288465675,5.352058931303873,-3.2821198146848474e-05,-3.2821198146848474e-05,11.47171379471547,-1.2822025478994874
13279.712126700006,baseline_eyes_open,baseline_eyes_open,-9.239961262118868,3.067583122168344,8.563416891534871,25.567932711412595,-3.649937752925325e-05,-3.649937752925325e-05,6.745988815485362,-4.131326535341032
13280.102654100006,baseline_eyes_open,baseline_eyes_open,-16.652130883848486,-7.829908088423963,17.635996053797044,-11.017521071635201,-3.44094787578797e-05,-3.44094787578797e-05,3.630888584331842,-8.930955646937036
13280.495620900005,baseline_eyes_open,baseline_eyes_open,-10.204687662423794,-9.22619198431903,-28.87274640325404,-8.472415728392662,-3.2534924685023725e-05,-3.2534924685023725e-05,-17.394361903438494,-12.130248029680388
13280.882259000004,baseline_eyes_open,baseline_eyes_open,-6.698359043197797,-4.5631687544423585,12.768140874753044,18.479705078935694,-3.5437058613752015e-05,-3.5437058613752015e-05,6.448306662230607,-6.8620584050272555
13281.290522100004,baseline_eyes_open,baseline_eyes_open,11.510186999130383,-9.195970917773138,3.3235331476357715,-15.570655318030276,-3.673476840049261e-05,-3.673476840049261e-05,-10.64659351054388,-15.21287303728377
13281.681173500006,baseline_eyes_open,baseline_eyes_open,-5.735263154228278,3.640808272378308,11.104804209280701,25.795226679809275,-3.275895960541675e-05,-3.275895960541675e-05,6.75835253401101,-1.1326355328660611
13282.062960400006,baseline_eyes_open,baseline_eyes_open,-10.509626465857309,6.277525153894203,5.549020845840005,-2.0473291186440292,-3.436807128309738e-05,-3.436807128309738e-05,2.650994132845426,6.763255733576443
13282.444736000005,baseline_eyes_open,baseline_eyes_open,5.226697250461484,11.273438300212547,-21.380848896752923,-1.5453852206487682,-3.3288897611782886e-05,-3.3288897611782886e-05,-10.171533361462934,6.960343061017738
13282.838525900006,baseline_eyes_open,baseline_eyes_open,-39.40667919237194,8.264574591836663,-1.8954856213440507,16.549832771827823,-3.541018941177754e-05,-3.541018941177754e-05,18.30097961372485,17.389628412645834
13283.247446300005,baseline_eyes_open,baseline_eyes_open,4.119621132204884,-4.487054839166376,13.921174607449302,12.174744250084132,-3.751651365746511e-05,-3.751651365746511e-05,2.013514745667635,-2.1776088504216204
13283.567945600007,baseline_eyes_open,baseline_eyes_open,-7.730815129815483,-0.7143827263648745,10.542638204747618,16.0227733444367,-3.4510470868553966e-05,-3.4510470868553966e-05,4.180792468730488,0.4229237428617125
13283.965557200007,baseline_eyes_open,baseline_eyes_open,20.612174061859378,24.72514395148346,21.111583807020907,29.106067997590344,-3.570057015167549e-05,-3.570057015167549e-05,16.71966385386986,11.54426193692916
13284.337803400007,baseline_eyes_open,baseline_eyes_open,4.510497067124788,0.511540733863967,14.623365125867622,9.888273185806156,-3.583776924642734e-05,-3.583776924642734e-05,5.0704966540165515,2.23308651725074
13284.727880300008,baseline_eyes_open,baseline_eyes_open,-4.29892003847317,-11.027291945388697,10.514570212072613,9.902542397781872,-3.391867267055204e-05,-3.391867267055204e-05,3.825345729896526,-14.625415956560573
13285.136781600007,baseline_eyes_open,baseline_eyes_open,25.33483321568815,13.50521001489642,25.62778348415486,13.348960328680278,-3.4228628464916255e-05,-3.4228628464916255e-05,26.29856976064093,24.045842994166833
13285.5419686,baseline_eyes_open,baseline_eyes_open,-11.767529852294501,-5.961878076420817,-10.004274177265415,-16.422942223439804,-3.5596900488599204e-05,-3.5596900488599204e-05,-4.268126476947145,2.2488017760492767
13285.8835409,baseline_eyes_open,baseline_eyes_open,-9.046857527213888,-17.52666657295549,-13.046169993317562,-16.51139086137755,-3.624911823862931e-05,-3.624911823862931e-05,-10.335580401263996,-16.610481675655137
13286.2772468,baseline_eyes_open,baseline_eyes_open,-22.671843426672012,-6.026869119455569,-13.12543718950974,-3.675759697355261,-3.494209158816375e-05,-3.494209158816375e-05,-0.6693797179214016,-9.542325817151323
13286.638185900001,baseline_eyes_open,baseline_eyes_open,27.06986860045663,1.8194622147229893,22.981128324111523,15.285620475896849,-3.434266000112984e-05,-3.434266000112984e-05,14.380919875169639,11.297972676375593
13287.029840700001,baseline_eyes_open,baseline_eyes_open,-26.430342490356452,-0.08893134451136575,-20.3843159662797,-11.488545753498329,-3.5329248021298554e-05,-3.5329248021298554e-05,-5.519012678741092,0.7718845886306553
13287.360903800001,baseline_eyes_open,baseline_eyes_open,-81.45686323619498,-57.130284761358325,-10.282976713903736,-23.026256202778313,-3.464443580014631e-05,-3.464443580014631e-05,-18.416308435483188,-29.48983343863074
13287.722828200001,baseline_eyes_open,baseline_eyes_open,-73.90815216305327,-18.851594186901366,-21.161659777154,-6.185578297187931,-3.2449192985950503e-05,-3.2449192985950503e-05,6.2765118906440875,18.200124555626644
13288.1460121,baseline_eyes_open,baseline_eyes_open,32.322648009737804,21.482575145091687,21.04508552398829,10.659809919126474,-3.542999093042454e-05,-3.542999093042454e-05,14.868498827443545,14.842911111918056
13288.478178000001,baseline_eyes_open,baseline_eyes_open,11.72900871374054,20.09209682204437,20.85309811943307,29.201998281866963,-3.6835156606684905e-05,-3.6835156606684905e-05,14.316378572071244,8.912650759411918
13288.8369426,baseline_eyes_open,baseline_eyes_open,17.76570793810356,14.498753234907326,35.648568353556584,19.76610186537164,-3.40491051247227e-05,-3.40491051247227e-05,18.513085191368646,8.354026451955633
13289.2395084,baseline_eyes_open,baseline_eyes_open,8.076269625494206,4.045168592720529,22.470913595958336,9.739369837194772,-3.095404917985434e-05,-3.095404917985434e-05,20.145396823342253,14.06563897888691
13289.615777,baseline_eyes_open,baseline_eyes_open,8.559274933653342,2.1663309897699037,35.35955728313911,30.051037732111126,-3.557414675015025e-05,-3.557414675015025e-05,17.34060533745287,1.7436723807250019
13289.998162400005,baseline_eyes_open,baseline_eyes_open,9.098540959113961,31.82783273182031,6.446836045716736,38.74079923262025,-3.509769794618478e-05,-3.509769794618478e-05,35.63115892466931,34.72083079900722
13290.344454800002,baseline_eyes_open,baseline_eyes_open,0.2837527795807091,-11.822047540128096,17.572825018103686,4.939606752109739,-3.078690770053072e-05,-3.078690770053072e-05,1.6289136846849033,-6.509886171195376
13290.731328600003,baseline_eyes_open,baseline_eyes_open,12.533850003125508,11.987385093751982,2.7578654427893525,7.59956586257249,-3.497302077448694e-05,-3.497302077448694e-05,-2.5077230666938704,-2.945261542779008
13291.070649200003,baseline_eyes_open,baseline_eyes_open,-7.154425976158564,-3.303957876406457,-10.088161589668289,-7.035434312144389,-3.682300030050101e-05,-3.682300030050101e-05,-7.861532984768928,-7.673407441131076
13291.471284500003,baseline_eyes_open,baseline_eyes_open,-3.3962282907873487,7.706197366179367,12.61659896406809,8.696457765902778,-3.367080444149906e-05,-3.367080444149906e-05,2.1575707043989496,2.8767149925138256
13291.820653600002,baseline_eyes_open,baseline_eyes_open,15.859387509017552,16.78444656871261,-1.8254424938154443,2.022923981598524,-3.36700568368542e-05,-3.36700568368542e-05,18.17986457739744,15.831761030833604
13292.202833000003,baseline_eyes_open,baseline_eyes_open,9.257718746573346,9.289572327934366,31.11461779229603,27.39225325292682,-3.214725529687712e-05,-3.214725529687712e-05,14.216507071422257,3.508074182554992
13292.580994000002,baseline_eyes_open,baseline_eyes_open,9.28384215987262,9.1998180523683,37.31468164814942,9.079751113219572,-3.525897227518726e-05,-3.525897227518726e-05,11.747703653879398,4.177606615774948
13292.918206700002,baseline_eyes_open,baseline_eyes_open,7.681297959700942,8.377514856311791,-22.581737695078118,0.53801584808798,-3.5240588658780325e-05,-3.5240588658780325e-05,-2.9084407341456426,1.8272524016201714
13293.272698600002,baseline_eyes_open,baseline_eyes_open,5.962126243610555,3.8558457403905777,13.726012798805186,16.724849191500653,-3.3247017199755646e-05,-3.3247017199755646e-05,9.319511679565949,1.8800981071399292
13293.639962100002,baseline_eyes_open,baseline_eyes_open,16.472430826422624,14.119981608960188,9.708722660318472,10.432157102493875,-3.315458980068797e-05,-3.315458980068797e-05,5.238560188415704,11.08212893681457
13294.021366200002,baseline_eyes_open,baseline_eyes_open,9.397177146845934,8.632625737458511,6.020634767872252,7.539747402081048,-3.494326756481314e-05,-3.494326756481314e-05,4.384660210665061,8.052206610113899
13294.436431200002,baseline_eyes_open,baseline_eyes_open,-11.14231355683387,-17.331032983446676,-20.56878190066982,-18.63607204734899,-3.4603773201524746e-05,-3.4603773201524746e-05,-14.652513627068402,-17.023060170228746
13294.778893700002,baseline_eyes_open,baseline_eyes_open,3.4481291922809305,4.8272014113990735,-3.6840105334276814,7.469858861536977,-3.41631439368939e-05,-3.41631439368939e-05,6.498373339328737,4.691226670551259
13295.160095400002,baseline_eyes_open,baseline_eyes_open,0.02204410792728595,3.2894088851080596,-10.804957473492777,-6.7486822493901855,-3.484413173282519e-05,-3.484413173282519e-05,4.110858847455347,4.1655996195991065
13295.527782900002,baseline_eyes_open,baseline_eyes_open,-6.473539377126144,-1.1357083031548427,-4.950487918967156,-1.783935279817797,-3.5501305319485255e-05,-3.5501305319485255e-05,-3.5468997315779234,-6.3198474825226185
13295.910532400005,baseline_eyes_open,baseline_eyes_open,9.657502628500424,3.2517548659684508,-0.44474060278480465,2.922494112480308,-3.4543968467914965e-05,-3.4543968467914965e-05,-8.888257370887914,-7.88507722403665
13296.306056700005,baseline_eyes_open,baseline_eyes_open,4.1010617799965985,-7.412093547311997,-6.540363446498759,8.912653413265161,-3.54065778083168e-05,-3.54065778083168e-05,-1.3690101958031846,-6.159179217014298
13296.669357300005,baseline_eyes_open,baseline_eyes_open,-10.90766526861512,-1.7705875793881205,-12.090599740860398,-5.226285380766967,-3.226325861760415e-05,-3.226325861760415e-05,1.4719106824313712,7.294480910732091
13297.055541200005,baseline_eyes_open,baseline_eyes_open,13.771143065884417,10.36615573499239,-6.950706558463025,4.904902350191605,-3.5189444133720826e-05,-3.5189444133720826e-05,-7.026841840846373,4.192451561782491
13297.390888200003,baseline_eyes_open,baseline_eyes_open,-8.892315542643018,-4.632345338419782,-4.110018807888082,18.216569206145323,-3.748017388716107e-05,-3.748017388716107e-05,9.308703122970655,1.7633429717770923
13297.775758700003,baseline_eyes_open,baseline_eyes_open,22.698653064458085,19.80295692314985,37.47470919317993,19.004983691128473,-3.374997140781488e-05,-3.374997140781488e-05,22.436573567519645,28.347964673122988
13298.169963700004,baseline_eyes_open,baseline_eyes_open,-9.060223220109265,10.954759635312712,38.87421045555993,-1.0716272324830243,-3.5478713471093215e-05,-3.5478713471093215e-05,5.007083382139626,0.4954720744444785
13298.566661600003,baseline_eyes_open,baseline_eyes_open,-12.298882433495919,0.4923329532339267,-58.98431930845345,15.358012586710174,-3.5762324841925874e-05,-3.5762324841925874e-05,-8.480869637489377,13.975480140983564
13298.970846100005,baseline_eyes_open,baseline_eyes_open,-17.059457978395585,3.1694516026445854,34.43220081651543,25.137892014064164,-3.496628869470442e-05,-3.496628869470442e-05,12.097395857614629,-6.331538617872411
13299.328277300006,baseline_eyes_open,baseline_eyes_open,-9.088271012733003,-10.600372626805893,-8.822400669170293,-28.03939454247211,-3.445501897658687e-05,-3.445501897658687e-05,-14.649229340015154,-20.113322802804305
13299.687385600006,baseline_eyes_open,baseline_eyes_open,28.72083880607238,7.184913131804478,-4.31785601817046,5.957563771418791,-3.380563521204749e-05,-3.380563521204749e-05,-2.997314892419581,2.7373116308808676
13300.059635500005,baseline_eyes_open,baseline_eyes_open,-26.94552584446842,-20.49836043236519,-4.6468051004890185,-14.40998939807514,-3.405622101126937e-05,-3.405622101126937e-05,-6.335225334586539,-13.828578684524018
13300.426627400006,baseline_eyes_open,baseline_eyes_open,11.407600921888616,4.443473035250008,16.843322049669496,25.16250145386357,-3.456161812209757e-05,-3.456161812209757e-05,21.613976989326147,4.168650686883666
13300.778959100006,baseline_eyes_open,baseline_eyes_open,-9.949452034248452,-7.3866588371952275,-8.102816614079074,-23.683794302195565,-3.383317834959598e-05,-3.383317834959598e-05,3.7813731748806276,4.8076609677127635
13301.164889100006,baseline_eyes_open,baseline_eyes_open,11.106648333491421,16.180784647488508,53.717201290517096,19.80396698579625,-3.520415884850081e-05,-3.520415884850081e-05,27.985641026524263,17.073520391457805
13301.543561600005,baseline_eyes_open,baseline_eyes_open,-7.752504052576342,-8.549935710667341,-22.107576501005042,-24.122907866322294,-3.525625379552366e-05,-3.525625379552366e-05,-15.050134917530613,-6.151710805201219
13301.922310800006,baseline_eyes_open,baseline_eyes_open,0.9015891625688255,5.1883332873935615,-14.392790332559343,-5.318020333063487,-3.3820421776908915e-05,-3.3820421776908915e-05,-3.2876447969679248,7.259131039832937
13302.329919700005,baseline_eyes_open,baseline_eyes_open,15.604347519825524,-2.702385054248225,0.24503016252310772,-10.32631709593943,-3.335915789648425e-05,-3.335915789648425e-05,-7.195418064685327,-1.6715119368241176
13302.685229400007,baseline_eyes_open,baseline_eyes_open,3.43617160736585,4.699905073822265,-23.382995663133443,-17.56795059806973,-3.517020377330482e-05,-3.517020377330482e-05,-11.723884159851877,5.556105759113052
13303.090311100008,baseline_eyes_open,baseline_eyes_open,4.36651297590538,-5.010946909586892,1.6946860454409034,-11.234624333719694,-3.3536220144014806e-05,-3.3536220144014806e-05,-15.9157652309691,-17.087363285103947
13303.462976200002,baseline_eyes_open,baseline_eyes_open,3.2218309372999556,10.778739645970745,11.457634120564308,-0.5262683861456026,-3.2462402486999054e-05,-3.2462402486999054e-05,12.44509853165846,5.564778809064137
13303.868848000002,baseline_eyes_open,baseline_eyes_open,11.737052703025256,8.097102057162374,13.920717568033524,-4.242183450099674,-3.409828605072107e-05,-3.409828605072107e-05,9.447819462387088,7.2261431451738645
13304.278839300003,baseline_eyes_open,baseline_eyes_open,-2.4070889160577735,-12.331162651990326,13.46464690946459,-13.413780556233178,-3.5570225918490905e-05,-3.5570225918490905e-05,3.45382558827896,-10.902694661720489
13304.656310000002,baseline_eyes_open,baseline_eyes_open,5.921176068331533,9.334331571408256,14.19318057667897,-8.499553984470367,-3.651250517577864e-05,-3.651250517577864e-05,-6.968963844911741,-0.5916193779680725
13305.058721900003,baseline_eyes_open,baseline_eyes_open,10.134982458983359,6.76768208424528,11.744262119961604,3.967671272894222,-3.2768309210950974e-05,-3.2768309210950974e-05,15.075822017587143,8.96901268961119
13305.438924500002,baseline_eyes_open,baseline_eyes_open,4.749260354450371,6.03651295804093,-8.768522906425915,-15.381256133551233,-3.314859623060329e-05,-3.314859623060329e-05,-3.1957282959729127,5.159507606584157
13305.830125500002,baseline_eyes_open,baseline_eyes_open,-1.1516444095409497,-7.914065980088253,13.651076248355821,-6.990051668542492,-3.4164612770837266e-05,-3.4164612770837266e-05,-1.6519374582294404,-6.975395847608979
13306.242971900003,baseline_eyes_open,baseline_eyes_open,-6.879432503972566,-13.256715842566337,-4.244587669638804,-0.9306913205068668,-3.692489099194063e-05,-3.692489099194063e-05,1.7946603259993026,-6.148378367567602
13306.637866600004,baseline_eyes_open,baseline_eyes_open,-3.1266581360132477,-4.5750796326196905,-20.849758107986418,-20.390471011745376,-3.642679985205177e-05,-3.642679985205177e-05,-22.39636053019376,-10.20744109775569
13307.035450300004,baseline_eyes_open,baseline_eyes_open,-9.52107788413764,-25.690943559048264,-6.623278398348248,-11.888731158850987,-3.44713471349678e-05,-3.44713471349678e-05,-0.9842430109415545,-14.765218861077301
13307.412486300002,baseline_eyes_open,baseline_eyes_open,-14.03865760855615,-11.506458548052706,-1.1171289034828078,0.09212194577457922,-3.410981753404485e-05,-3.410981753404485e-05,6.83567420733516,-3.179909719438456
13307.810214200003,baseline_eyes_open,baseline_eyes_open,-6.863207818498267,-11.831661376635111,-4.131263674299589,-23.571679076648252,-3.268554701207904e-05,-3.268554701207904e-05,-22.208486268026263,-19.592373725508878
13308.207685000003,baseline_eyes_open,baseline_eyes_open,-11.969765008033391,-10.137201775705307,-1.5734606511055063,-3.136283456365618,-3.4022642466879915e-05,-3.4022642466879915e-05,-7.372003100036181,-14.590482879257252
13308.597820200008,baseline_eyes_open,baseline_eyes_open,-41.331254119999585,-21.399654487917815,10.170297289617793,10.894145747066887,-3.721274697454646e-05,-3.721274697454646e-05,11.878114856530829,0.7265358583640591
13308.956359300008,baseline_eyes_open,baseline_eyes_open,15.455766778864472,6.072292955345802,3.330456417712412,-4.682444147365459,-3.5566039514378645e-05,-3.5566039514378645e-05,-7.009352975107049,-5.935655280853098
13309.348652300007,baseline_eyes_open,baseline_eyes_open,11.29547240721513,11.228260543977285,-7.3409205583234325,-2.083554436220311,-3.4199731999251526e-05,-3.4199731999251526e-05,-0.9478961735189841,9.91755513591761
13309.713949200008,baseline_eyes_open,baseline_eyes_open,10.283181567299607,3.330939881436734,25.889678755414934,16.673300718328846,-3.507099063426722e-05,-3.507099063426722e-05,1.2335408073381586,-5.995366254264354
13310.101438500002,baseline_eyes_open,baseline_eyes_open,-17.954174510643725,-33.777741353263536,-33.454375995373084,-30.955576185036534,-3.6467543395701796e-05,-3.6467543395701796e-05,-33.811557445532344,-37.07484910759649
13310.506041,baseline_eyes_open,baseline_eyes_open,1.1664887562815238,17.523454041375317,17.27779690439047,7.9214950967189,-3.428255513426848e-05,-3.428255513426848e-05,13.42274546556746,12.851140690062039
13310.8633054,baseline_eyes_open,baseline_eyes_open,22.377854137511576,-0.8517686743862214,14.313452862258146,0.052509248166643374,-3.5552491681301035e-05,-3.5552491681301035e-05,-3.449606991320252,-4.185887013920819
13311.2807931,baseline_eyes_open,baseline_eyes_open,-10.368784011599928,-4.381783970224205,1.5730404075479782,8.33525448015962,-3.4450774364813697e-05,-3.4450774364813697e-05,5.108158735025427,-4.1296404083959715
13311.653392500002,baseline_eyes_open,baseline_eyes_open,-4.276843636166632,-5.350784462914362,-7.5789440481376005,-7.770275398896501,-3.448017650953261e-05,-3.448017650953261e-05,-8.002393212944298,-5.900404257660284
13312.033128900004,baseline_eyes_open,baseline_eyes_open,20.61858827758101,13.53222225409263,15.269278918293821,11.151936471904719,-3.3244189580727834e-05,-3.3244189580727834e-05,4.507687791685839,7.489029638939428
13312.429493000003,baseline_eyes_open,baseline_eyes_open,-7.214020837407588,-3.8261665038339743,10.787962742231684,5.3153411810535545,-3.281530734966509e-05,-3.281530734966509e-05,7.089284037882408,-1.3968975260131629
13312.790461200004,baseline_eyes_open,baseline_eyes_open,-15.965415124137735,-6.318414422879869,-13.191995245850649,-3.7758095259209767,-3.094487965427106e-05,-3.094487965427106e-05,-0.8086440288407175,-5.474856087122134
13313.175535900004,baseline_eyes_open,baseline_eyes_open,9.527998069309888,-6.460285459599618,5.728784156153324,-6.056731696712177,-3.660662241600221e-05,-3.660662241600221e-05,-5.023270162479093,-0.789616071610908
13313.590845600005,baseline_eyes_open,baseline_eyes_open,15.060156026641152,27.241859578914045,-7.171637754213862,3.7063207874225554,-3.4289264476683456e-05,-3.4289264476683456e-05,13.47426195083608,29.530074531016453
13313.975217100005,baseline_eyes_open,baseline_eyes_open,15.26524688421955,19.14610323588886,18.526694839693846,20.308450934193388,-3.411817033338593e-05,-3.411817033338593e-05,16.155765554821755,17.647046281140774
13314.384918700005,baseline_eyes_open,baseline_eyes_open,10.30089438033474,1.1091409397981806,5.344774974234497,0.7371557668097921,-3.332229425723199e-05,-3.332229425723199e-05,9.857063372954599,14.215697416410876
13314.783565000005,baseline_eyes_open,baseline_eyes_open,-10.343635694090608,-21.660550651405174,-25.689134230545278,-17.9832675609141,-3.3273743611061946e-05,-3.3273743611061946e-05,-19.60298712320173,-11.07591873136198
13315.131516100006,baseline_eyes_open,baseline_eyes_open,9.472440731562756,1.3914269768874874,8.85049492284179,2.6262927114507875,-3.602413107728353e-05,-3.602413107728353e-05,-8.334972603995084,-6.411850570291335
13315.542476500006,baseline_eyes_open,baseline_eyes_open,11.725993827401453,-7.911433301337638,-1.9131352693812005,6.6140699715233495,-3.4879843951785006e-05,-3.4879843951785006e-05,-9.821804184114626,-0.5416123972277092
13315.910526500007,baseline_eyes_open,baseline_eyes_open,5.955231692734515,14.195015137942391,11.026861044465477,11.838236296766354,-3.33955049427459e-05,-3.33955049427459e-05,19.082363203558998,9.77137525186481
13316.302869100007,baseline_eyes_open,baseline_eyes_open,14.436268033585293,-3.887191813129448,1.2683944110644916,-4.944511328217686,-3.762654887395911e-05,-3.762654887395911e-05,7.363671858920952,12.166773484780151
13316.703918600007,baseline_eyes_open,baseline_eyes_open,-18.14550041348957,-14.988661179814699,-36.17898066237785,-15.50749341103483,-3.555316652636975e-05,-3.555316652636975e-05,-1.1625497148065733,-0.9969136046952372
13317.054111700007,baseline_eyes_open,baseline_eyes_open,14.270206950182,4.509385573316649,12.396362142932958,9.57735065674342,-3.2100879252539016e-05,-3.2100879252539016e-05,-1.2995793791660617,3.456721899004606
13317.458193,baseline_eyes_open,baseline_eyes_open,-6.013118580790888,-0.11579040318520128,-12.892761418469036,-16.493801270918084,-3.5871140426024795e-05,-3.5871140426024795e-05,-13.15168070963091,1.5337363268163244
13317.851936000001,baseline_eyes_open,baseline_eyes_open,90.550979599838,32.72613801042735,10.627672731572147,9.26896528903444,-3.426064085942926e-05,-3.426064085942926e-05,-21.634050388502146,-25.274000695782888
13318.2182309,baseline_eyes_open,baseline_eyes_open,-45.36791922622342,-26.09464440665488,-3.4454614585092713,-11.646789527806959,-3.293548888905207e-05,-3.293548888905207e-05,-4.585434876359159,-9.491971339390602
13318.601993100001,baseline_eyes_open,baseline_eyes_open,17.456083528233876,3.7517205747344633,12.459226201696765,5.52565303972824,-3.411795751162572e-05,-3.411795751162572e-05,2.926674613690011,2.3158398494915673
13319.023385800001,baseline_eyes_open,baseline_eyes_open,-2.8726005156299834,4.823812327109408,-4.455973776161045,6.285487175751314,-3.5481775739754084e-05,-3.5481775739754084e-05,4.0052329070708765,7.8316438254578316
13319.417190600001,baseline_eyes_open,baseline_eyes_open,-152.13090469570534,-88.45994403571058,-66.05594771931328,-58.733514541835575,-3.451167958701262e-05,-3.451167958701262e-05,-27.75722306354828,-15.870354868712639
13319.788585900002,baseline_eyes_open,baseline_eyes_open,-39.28525717913453,-18.49989169417313,12.247285448946513,-1.7690334407889168,-3.405126972211292e-05,-3.405126972211292e-05,4.6465280086436,-0.6811924731428007
13320.169269500004,baseline_eyes_open,baseline_eyes_open,12.790637889258278,5.998600767784865,9.39478282864411,10.45295503351781,-3.433851725276327e-05,-3.433851725276327e-05,-0.951746197704324,-3.414432967687844
13320.555556100004,baseline_eyes_open,baseline_eyes_open,-6.974029075296585,17.622991360935885,-4.196220316142899,2.2018663323119654,-3.574814854800934e-05,-3.574814854800934e-05,6.216942386686242,17.285205683643653
13320.959268800005,baseline_eyes_open,baseline_eyes_open,116.97188780644751,55.85382506592714,1.7586341007404371,11.592389005019413,-3.192762869730359e-05,-3.192762869730359e-05,-10.74026048589485,1.4441162986854579
13321.375838000005,baseline_eyes_open,baseline_eyes_open,-34.83976081010542,-31.804817583089516,-10.012403377950704,-20.472303444671525,-3.434450445638504e-05,-3.434450445638504e-05,-8.302459223008555,-7.949074108928471
13321.760936000006,baseline_eyes_open,baseline_eyes_open,1.2275387721558673,4.797319537321528,-26.971591305834863,-16.14155519271071,-3.3402627195755485e-05,-3.3402627195755485e-05,-26.474862621342254,-12.331251698070446
13322.151104400005,baseline_eyes_open,baseline_eyes_open,-8.721920488695332,1.5572693755802902,-22.861768431103883,36.555495093048194,-3.512827879603719e-05,-3.512827879603719e-05,-51.06557677888986,-0.20007931485906738
13322.531570600007,baseline_eyes_open,baseline_eyes_open,1.4092896920501516,1.0212157558362378,9.325801628204317,-19.794980318710714,-3.686319814732997e-05,-3.686319814732997e-05,13.423304083214589,3.736800041619972
13322.924126300008,baseline_eyes_open,baseline_eyes_open,-12.086336637538125,-13.325296683741726,12.4817878393701,15.905412478311518,-3.568652391550131e-05,-3.568652391550131e-05,-2.7919343180292344,-14.44238163425598
13323.294268100008,baseline_eyes_open,baseline_eyes_open,3.344726352106818,2.3290912561151345,27.494403370880264,23.232504741672074,-3.387862761883298e-05,-3.387862761883298e-05,19.80244331464337,2.2691870121079774
13323.676434700008,baseline_eyes_open,baseline_eyes_open,1.4563863736450458,-10.983964038964587,-0.13874460787292264,-14.626957704903361,-3.541157730069244e-05,-3.541157730069244e-05,-8.884573923307926,-13.75398652322292
13324.034082900007,baseline_eyes_open,baseline_eyes_open,-3.286282880534827,-6.087401253827011,10.070074386937904,5.0016969405305645,-3.423253929213388e-05,-3.423253929213388e-05,3.770061630930286,-3.3470013281857973
13324.392747200007,baseline_eyes_open,baseline_eyes_open,-3.2219028406159396,-6.340547748303379,-31.140204777887902,-20.71494736142131,-3.239201487303944e-05,-3.239201487303944e-05,-28.435984298234416,-17.299292133117888
13324.789084000007,baseline_eyes_open,baseline_eyes_open,6.0187464193084,3.0372728284701225,-7.837529869710124,-6.226447334774093,-3.410745648579905e-05,-3.410745648579905e-05,1.9351825848998487,4.099582622466187
13325.209113400007,baseline_eyes_open,baseline_eyes_open,-0.7276312103806504,2.051093670630962,-0.2906141276071139,-1.3722196683806942,-3.794309668592177e-05,-3.794309668592177e-05,7.802710711182499,-0.08297337287012851
13325.5957748,baseline_eyes_open,baseline_eyes_open,-1.2603082681375781,-3.18519677947279,2.1390406375849125,0.30449583475183317,-3.726048089447431e-05,-3.726048089447431e-05,5.898890513483366,2.0941587374577466
13325.994869500002,baseline_eyes_open,baseline_eyes_open,-0.15869289467013914,-1.7283526750184137,20.92482257423626,6.6134354596165394,-3.436861425143434e-05,-3.436861425143434e-05,14.711711649993958,6.417966600274667
13326.353577500002,baseline_eyes_open,baseline_eyes_open,3.9500402425785524,4.3507900535246335,43.97322176063426,40.893875155445585,-3.492954056127928e-05,-3.492954056127928e-05,33.99488244087752,12.20946947974744
13326.714787700002,baseline_eyes_open,baseline_eyes_open,7.17203128052256,-1.3726898553377396,18.68589871066706,-0.8160807837148241,-3.650161670520902e-05,-3.650161670520902e-05,4.387526545820037,-2.7808539862553516
13327.117757500002,baseline_eyes_open,baseline_eyes_open,9.755460126997377,13.754332789341333,3.6352177463122644,1.0779624765000335,-3.473123979347292e-05,-3.473123979347292e-05,3.9550351733860225,13.050634072098092
13327.503782600003,baseline_eyes_open,baseline_eyes_open,10.832928614016737,11.375815482172584,-14.985188126695903,20.71082143697822,-3.4458946174709126e-05,-3.4458946174709126e-05,10.978246194566964,6.471070130070984
13327.893180100005,baseline_eyes_open,baseline_eyes_open,-3.38479542026721,2.94835249034395,-2.801330598737877,-20.350706698643535,-3.488200036372291e-05,-3.488200036372291e-05,-1.825035999404463,3.240254435654151
13328.280502800004,baseline_eyes_open,baseline_eyes_open,-3.1080188929927317,-2.293554070970913,21.997243556460035,2.5167578991176924,-3.403802020329749e-05,-3.403802020329749e-05,8.074838613308657,3.063633255239438
13328.678446600004,baseline_eyes_closed,baseline_eyes_closed,-29.018240333136646,-29.25922851218138,-18.14048922479924,-28.539366076665374,-3.609373834478902e-05,-3.609373834478902e-05,-24.511247758484387,-27.667221261845953
13329.074708800006,baseline_eyes_closed,baseline_eyes_closed,-4.720127550180678,-3.1602258925804563,5.291943237863052,-1.7124399609565444,-3.613216449593892e-05,-3.613216449593892e-05,-0.4415877854462451,-5.87619700700634
13329.472226300006,baseline_eyes_closed,baseline_eyes_closed,-0.2584116703342261,8.28718908684641,10.328379440878507,18.268281575055425,-3.5627870602183975e-05,-3.5627870602183975e-05,11.22483030433068,9.842879808430553
13329.862115900005,baseline_eyes_closed,baseline_eyes_closed,11.116471776718754,4.902984918722268,13.678188842651707,10.36965657495466,-3.0925798455427866e-05,-3.0925798455427866e-05,11.136765660455694,7.831593482623703
13330.222897300007,baseline_eyes_closed,baseline_eyes_closed,-0.835570810867921,8.838451342482585,-9.036005934779041,-3.9360232896419802,-3.3483350307506043e-05,-3.3483350307506043e-05,-5.679745981422002,10.030385546488105
13330.653035200006,baseline_eyes_closed,baseline_eyes_closed,17.3493331472489,18.102451994534476,40.458333657802086,37.109458903927134,-3.4982560464413837e-05,-3.4982560464413837e-05,30.399218599834967,16.807022138351385
13331.013253300007,baseline_eyes_closed,baseline_eyes_closed,-18.81060983382781,-22.245670477603653,-48.83822982780657,-41.62861514069118,-3.2938524782366585e-05,-3.2938524782366585e-05,-33.59061917518693,-26.17323212110159
13331.406970600001,baseline_eyes_closed,baseline_eyes_closed,-5.615565989897732,-2.5828663913252967,4.080579136638335,11.101159035653382,-3.0035786039661616e-05,-3.0035786039661616e-05,5.236415576839136,-1.0603387308233323
13331.793209700001,baseline_eyes_closed,baseline_eyes_closed,-12.341421083980322,-17.887660674659855,-11.066039562459537,-24.156283417081795,-3.40920951202861e-05,-3.40920951202861e-05,-33.2568795357256,-23.931520911181906
13332.1731517,baseline_eyes_closed,baseline_eyes_closed,-1.351234888425779,-0.4964106737579641,0.4451986359085822,-10.422656417521011,-3.490301696729148e-05,-3.490301696729148e-05,-13.64052721350663,-0.8461305740734133
13332.549115000003,baseline_eyes_closed,baseline_eyes_closed,-8.839622070944188,-4.033052660718113,-24.44290692786126,-17.124035857857507,-3.4074572795361746e-05,-3.4074572795361746e-05,-15.748820928018631,-5.226918207668859
13332.923398000004,baseline_eyes_closed,baseline_eyes_closed,3.227065165820477,1.5192920373842753,71.43578422406745,69.92509837950547,-3.332852975290734e-05,-3.332852975290734e-05,37.71254099966882,4.245771571470414
13333.299515800005,baseline_eyes_closed,baseline_eyes_closed,-25.25933590558543,-22.9676292503259,-44.55486627261371,-52.247935510024035,-3.444828962528845e-05,-3.444828962528845e-05,-13.621195196843473,-21.10153587132254
13333.721577600005,baseline_eyes_closed,baseline_eyes_closed,-92.5815862456061,-167.1474763950505,157.27261235177275,-8.031306719243275,-3.414209913898958e-05,-3.414209913898958e-05,-80.30476352606001,-267.0877171792481
13334.108733900006,baseline_eyes_closed,baseline_eyes_closed,42.02749793380053,102.82688143790574,-72.93384411279658,40.2294901133605,-3.268889577157097e-05,-3.268889577157097e-05,76.82914863485212,165.87429171469785
13334.523901900007,baseline_eyes_closed,baseline_eyes_closed,-20.783934428538714,-40.502509700459996,52.34274063764724,37.818697306661306,-3.5734151424549054e-05,-3.5734151424549054e-05,24.583739713457362,-35.8144616540726
13334.9117697,baseline_eyes_closed,baseline_eyes_closed,-40.36121776567347,-43.39118146678993,-46.153961921777864,-76.98705613806942,-3.491437564662192e-05,-3.491437564662192e-05,-65.97717310299686,-50.708359062566615
13335.308385400001,baseline_eyes_closed,baseline_eyes_closed,9.315133565694623,15.310082209002758,19.60678567742525,49.440471528253056,-3.464906603767304e-05,-3.464906603767304e-05,45.62919518631725,29.900676296250822
13335.692081800005,baseline_eyes_closed,baseline_eyes_closed,-23.739960670656274,-37.169129035729384,24.224968492857442,12.121094841063496,-3.5850934182235505e-05,-3.5850934182235505e-05,4.008527734732979,-32.55978008227157
13336.057070100002,baseline_eyes_closed,baseline_eyes_closed,7.859900463844497,3.1791940504758713,-6.73315658397587,-14.171475538621962,-3.454461693763733e-05,-3.454461693763733e-05,1.4632996255918442,8.747642927177367
13336.425654100001,baseline_eyes_closed,baseline_eyes_closed,29.979335515042294,37.77180854265089,35.529184367402195,66.29826495553061,-3.689839195430977e-05,-3.689839195430977e-05,35.02320306276215,31.55254211148531
13336.8218734,baseline_eyes_closed,baseline_eyes_closed,49.01627016191401,39.755033829225795,-36.2465088019967,-17.758548882046853,-3.562127676559612e-05,-3.562127676559612e-05,-10.446755967082481,31.899136305538377
13337.228242000001,baseline_eyes_closed,baseline_eyes_closed,14.090451184437825,22.167315836235048,12.424947661058468,4.780606081698352,-3.309755356895039e-05,-3.309755356895039e-05,2.8592620566837468,7.688250464638259
13337.6232338,baseline_eyes_closed,baseline_eyes_closed,-27.53491945464384,-30.644451817827303,-9.57645379283258,-12.329624514085026,-3.2998175811371766e-05,-3.2998175811371766e-05,-12.316340326824047,-21.761532131529293
13338.025739300001,baseline_eyes_closed,baseline_eyes_closed,-51.885933985082374,-55.51260931397064,-24.034303882936456,-67.65864125087182,-3.364021085872082e-05,-3.364021085872082e-05,-78.94165235781247,-69.68079083734756
13338.4307559,baseline_eyes_closed,baseline_eyes_closed,26.626471574888228,37.96604223265331,20.530986951021077,62.462899945372556,-3.3973438803514e-05,-3.3973438803514e-05,58.992942314006086,54.12051996374748
13338.818223,baseline_eyes_closed,baseline_eyes_closed,6.85080131056111,14.43357690260018,-21.737739503329976,-24.003347524349465,-3.402296715648845e-05,-3.402296715648845e-05,-13.701205286943605,-1.596272074580611
13339.2142936,baseline_eyes_closed,baseline_eyes_closed,-6.370489939706204,-1.6261200765611648,12.84436370181902,22.563618186782605,-3.243607534386683e-05,-3.243607534386683e-05,7.6592525150199435,1.5165467957722285
13339.602275600006,baseline_eyes_closed,baseline_eyes_closed,-8.537019899489678,-1.4363737587395917,0.8691618404332075,8.658520412438065,-3.60900367013528e-05,-3.60900367013528e-05,1.2774752475161222,5.145945817016127
13339.976045300005,baseline_eyes_closed,baseline_eyes_closed,11.167743224121523,12.66751453418874,42.78088519768562,24.341284108781565,-3.393635415704921e-05,-3.393635415704921e-05,23.15024583026843,13.694623630581646
13340.365855400005,baseline_eyes_closed,baseline_eyes_closed,-20.117190616732614,-23.41441820088312,-14.450579612457659,-17.948429865853996,-3.3088748750742525e-05,-3.3088748750742525e-05,-9.094263289403443,-11.019337152030857
13340.764646300006,baseline_eyes_closed,baseline_eyes_closed,-6.527199197204254,2.3090329927717903,-1.796594083760283,-3.779938072587811,-3.4343158404226415e-05,-3.4343158404226415e-05,-0.9059264406469083,2.254968615469352
13341.167470700006,baseline_eyes_closed,baseline_eyes_closed,-5.141562330119996,-8.772096481314748,-2.4310263745092016,-5.6545256298536515,-3.357752393640112e-05,-3.357752393640112e-05,-2.840866062976147,-1.6998795417330257
13341.569136200007,baseline_eyes_closed,baseline_eyes_closed,-8.00418837174334,0.39969661808527235,-18.578039344667104,-5.890211846278817,-3.37636265612673e-05,-3.37636265612673e-05,-5.306203318399639,8.006582324260307
13341.956383200008,baseline_eyes_closed,baseline_eyes_closed,1.054624812946031,1.8060145490585455,-18.552455011952134,-5.5044410223713385,-3.6713172448799014e-05,-3.6713172448799014e-05,-6.208065225541759,0.7486187441331822
13342.352608100007,baseline_eyes_closed,baseline_eyes_closed,0.5322091935072422,7.510691374355247,7.027047769453475,2.9541516171684634,-3.633602045738371e-05,-3.633602045738371e-05,1.1950545125018834,-0.34523126797512305
13342.752641100007,baseline_eyes_closed,baseline_eyes_closed,10.414760467083624,3.7231455083178844,10.535070511171853,10.02171353777112,-3.4938057979161385e-05,-3.4938057979161385e-05,9.042293360216718,10.948139084553532
13343.166394300008,baseline_eyes_closed,baseline_eyes_closed,36.196336982297225,37.733172389133415,11.551690554902962,24.519100291396626,-3.642278079496464e-05,-3.642278079496464e-05,19.93903924575079,27.118650930397507
13343.5894594,baseline_eyes_closed,baseline_eyes_closed,7.393262852978069,4.840687923319365,7.932472821389638,5.050528401086012,-3.4739567126962356e-05,-3.4739567126962356e-05,-1.8635073430282318,1.8285453492781016
13343.950814000002,baseline_eyes_closed,baseline_eyes_closed,-2.524958019913811,6.851622302583564,-7.993863809398135,-1.318105497434317,-3.4826066439563874e-05,-3.4826066439563874e-05,-0.38564395550884,8.016625067890345
13344.3306661,baseline_eyes_closed,baseline_eyes_closed,7.285714658654115,15.149769515444405,14.283177609487666,13.019670036500884,-3.5112058867525775e-05,-3.5112058867525775e-05,17.659351285611137,21.274322706229214
13344.721917500001,baseline_eyes_closed,baseline_eyes_closed,3.7131237915830297,2.8117977577448983,21.332736663870037,15.598654119303319,-3.36894981955993e-05,-3.36894981955993e-05,14.143872474569434,8.710850871426373
13345.1230429,baseline_eyes_closed,baseline_eyes_closed,5.371951241236047,3.3711718257764005,5.769421237093411,3.2117833327333756,-3.421697147132363e-05,-3.421697147132363e-05,-7.326499597263137,-2.934428652486531
13345.4997359,baseline_eyes_closed,baseline_eyes_closed,-6.83787381986258,1.5688530457268826,-11.433737999208006,-13.888949796624274,-3.5460635444906075e-05,-3.5460635444906075e-05,-14.153502484443834,-6.735749462073727
13345.913775800002,baseline_eyes_closed,baseline_eyes_closed,-0.291355102095622,3.75833221938683,-8.506183741408222,-12.273259658825282,-3.423163070692681e-05,-3.423163070692681e-05,1.608175287757149,10.53470999477895
13346.310159800003,baseline_eyes_closed,baseline_eyes_closed,4.897636815886926,-3.8167768767316375,-4.8091289481794774,-14.895022090610382,-3.5544273487175815e-05,-3.5544273487175815e-05,-7.996540752637429,-4.260516247386477
13346.705843600004,baseline_eyes_closed,baseline_eyes_closed,11.200740105453633,9.468152442254905,1.0464060729664197,-4.2436906959396765,-3.63521230610786e-05,-3.63521230610786e-05,-7.286166628820865,-1.8070705089280636
13347.092866100003,baseline_eyes_closed,baseline_eyes_closed,-3.1002176700690143,-12.751043755654337,4.968176985689752,-2.0641633483396618,-3.659024787339149e-05,-3.659024787339149e-05,12.665379680134265,5.370769719285818
13347.464007700008,baseline_eyes_closed,baseline_eyes_closed,-10.167277289245249,-5.491336520429741,-25.049831817451377,-16.19539497320602,-3.533307244651951e-05,-3.533307244651951e-05,-30.559698065444536,-17.851648195294274
13347.864552900006,baseline_eyes_closed,baseline_eyes_closed,-6.264947727025401,-8.889612128605677,17.692852018014037,-2.9795632344753358,-3.42833345712279e-05,-3.42833345712279e-05,9.050473097935537,-0.894727493697701
13348.263714800007,baseline_eyes_closed,baseline_eyes_closed,-5.785240339952452,-8.495657199632205,1.6671988891703222,-2.3857962449869774,-3.431592631386593e-05,-3.431592631386593e-05,-6.172005760445245,-5.996811926968348
13348.621394700007,baseline_eyes_closed,baseline_eyes_closed,-0.38428431459692547,-1.0957078715723583,-6.125210526927731,0.20899248418163552,-3.3183236155309714e-05,-3.3183236155309714e-05,9.935920698677819,11.489708367079857
13349.013752900008,baseline_eyes_closed,baseline_eyes_closed,6.168373134616559,8.8570578526992,38.96231642438079,18.41614871289221,-3.449275573075283e-05,-3.449275573075283e-05,18.522046346321076,6.253097076206359
13349.372631000007,baseline_eyes_closed,baseline_eyes_closed,-15.337198514574766,-11.052068169324684,-9.212107864824247,-9.157865645599486,-3.670806108857505e-05,-3.670806108857505e-05,-2.7552286655927674,0.4351768754763725
13349.739019600007,baseline_eyes_closed,baseline_eyes_closed,8.894048666578101,1.4457287273717156,44.474032344527586,15.871766975644277,-3.528985507728066e-05,-3.528985507728066e-05,11.65585078179356,2.462502796179251
13350.133156900001,baseline_eyes_closed,baseline_eyes_closed,11.197645807504387,4.606979575075911,-1.7334815065005387,-3.791236608915824,-3.4045086067635566e-05,-3.4045086067635566e-05,-0.015372000691058929,2.8593579922953722
13350.5183713,baseline_eyes_closed,baseline_eyes_closed,-6.825923575418983,-3.3632657115472284,-12.574968133757466,-15.263941093991889,-3.666020347736776e-05,-3.666020347736776e-05,-8.061361546357148,5.053633841018836
13350.9136782,baseline_eyes_closed,baseline_eyes_closed,17.67266319564351,15.15573950926455,17.624074169469623,22.371615345067312,-3.596231181290932e-05,-3.596231181290932e-05,18.465873385017858,11.554108394489958
13351.291773800001,baseline_eyes_closed,baseline_eyes_closed,13.85417138933326,3.126627344645385,16.523439545430847,18.123249512314942,-3.898321210726863e-05,-3.898321210726863e-05,16.05620107810546,10.328241248946597
13351.687195100001,baseline_eyes_closed,baseline_eyes_closed,4.870903631354167,-3.9674985749097686,9.191574940788087,8.132329451949317,-3.417957759666024e-05,-3.417957759666024e-05,2.7822873535160397,-6.474046529162479
13352.069968300002,baseline_eyes_closed,baseline_eyes_closed,1.0505275688919937,2.5127022249462243,2.0194189541020933,-1.007955980848692,-3.44548807333922e-05,-3.44548807333922e-05,4.066485026658029,-3.7727114327840354
13352.465052400003,baseline_eyes_closed,baseline_eyes_closed,-1.5590858606533402,-12.877475140995557,3.422182419374167,7.721915356164118,-3.644525168056134e-05,-3.644525168056134e-05,5.781723461936053,-4.0796176290104995
13352.867837500004,baseline_eyes_closed,baseline_eyes_closed,6.39048776797199,4.789803615434721,39.37412967738919,17.57188281403569,-3.352568910486298e-05,-3.352568910486298e-05,16.966957053729402,7.448017361226903
13353.241718500003,baseline_eyes_closed,baseline_eyes_closed,-0.6882420677809478,-0.23865974929549338,-25.881784796359625,-14.782532042066578,-3.702284175233217e-05,-3.702284175233217e-05,-8.63902488412623,4.069792621705346
13353.629634700004,baseline_eyes_closed,baseline_eyes_closed,4.275349863594101,2.2366520913087697,-10.36527636252822,-0.8196753249626454,-3.4887435504060704e-05,-3.4887435504060704e-05,-3.181319171811083,4.374055837524338
13354.014126000004,baseline_eyes_closed,baseline_eyes_closed,-32.07900641994888,-30.529929809158148,-32.13060568267474,-24.37856626427765,-3.191471205354901e-05,-3.191471205354901e-05,-34.8703490426833,-33.43828477031275
13354.401882400005,baseline_eyes_closed,baseline_eyes_closed,-27.367055277135023,-31.742302695535727,-15.36342336944881,-24.690545124386517,-3.3861691008496564e-05,-3.3861691008496564e-05,-21.942812439518093,-20.742747468740617
13354.816157300005,baseline_eyes_closed,baseline_eyes_closed,-4.642328023773871,-12.117300030911338,-9.195692832741315,-8.98035604581628,-3.595154066715622e-05,-3.595154066715622e-05,-17.69573264761175,-22.652987683097763
13355.198490100005,baseline_eyes_closed,baseline_eyes_closed,6.67941635351599,9.249703929944644,23.04303080694899,29.07373371940048,-3.610630665207282e-05,-3.610630665207282e-05,22.611436484900878,14.514423726321183
13355.603490200006,baseline_eyes_closed,baseline_eyes_closed,1.0877594161984234,-1.3402179726044778,4.989209718012262,4.643113966675173,-3.502982781355968e-05,-3.502982781355968e-05,4.345841259998451,2.5305068916854907
13356.003176800008,baseline_eyes_closed,baseline_eyes_closed,3.174811039097449,1.1156240184509443,9.162217040925043,8.36474294903337,-3.4446054087311495e-05,-3.4446054087311495e-05,3.636600770184941,-4.373437507234485
13356.395044800007,baseline_eyes_closed,baseline_eyes_closed,8.134308537283005,13.883670098921357,5.786307600320924,6.277510525043908,-3.595825273805531e-05,-3.595825273805531e-05,16.05200083066893,11.8262050189187
13356.814805700007,baseline_eyes_closed,baseline_eyes_closed,-6.022659808339995,-3.5904951214160974,-23.477083821603628,-19.059059829638045,-3.270600791438483e-05,-3.270600791438483e-05,-14.811468752039218,-8.89765078417122
13357.1831629,baseline_eyes_closed,baseline_eyes_closed,9.818172068258036,-0.31510499208116016,31.544168397694648,18.989927230360536,-3.539688805176411e-05,-3.539688805176411e-05,19.346776300408692,6.280168626257364
13357.5422675,baseline_eyes_closed,baseline_eyes_closed,-7.379757548933185,-5.368118319208861,-9.069466010084852,-12.469233978126795,-3.376751283212798e-05,-3.376751283212798e-05,-8.07585448387772,-4.091174269051862
13357.926958900001,baseline_eyes_closed,baseline_eyes_closed,1.2603541253668027,8.477346225604833,-4.967944670286215,1.231645074631615,-3.506786833895603e-05,-3.506786833895603e-05,0.3769755898983931,8.197306552660393
13358.3194144,baseline_eyes_closed,baseline_eyes_closed,13.051460345764553,11.749059441061945,-2.190641482286992,1.1641179861526325,-3.6789346268051304e-05,-3.6789346268051304e-05,5.350371710052968,11.507232991757519
13358.716939900001,baseline_eyes_closed,baseline_eyes_closed,0.5802700017343341,9.944433052663044,3.067075438887514,3.5051080750222354,-3.3219848774024285e-05,-3.3219848774024285e-05,15.044303676730578,19.54586568255172
13359.115548300002,baseline_eyes_closed,baseline_eyes_closed,9.145670193265232,19.71053991685403,13.904473233539647,19.198616657525235,-3.535649193509016e-05,-3.535649193509016e-05,24.87455949430114,25.391165006036317
13359.476632700003,baseline_eyes_closed,baseline_eyes_closed,-5.779599226725395,4.1983826523660355,-19.580631471826564,-12.688369967827839,-3.5544668207876384e-05,-3.5544668207876384e-05,-15.719550994576366,3.1456153794324564
13359.899002000004,baseline_eyes_closed,baseline_eyes_closed,-4.557796263972932,-10.089671448854006,8.49320697514895,-1.1326000186841156,-3.386346452316502e-05,-3.386346452316502e-05,-2.6591448229637535,-11.777713191956991
13360.270170500004,baseline_eyes_closed,baseline_eyes_closed,-8.805652653977631,-1.3306414746302835,23.19195056435683,13.48207804428148,-3.607697635743534e-05,-3.607697635743534e-05,10.22477698836201,-5.010882163141559
13360.670721500004,baseline_eyes_closed,baseline_eyes_closed,0.5162738962162621,-5.300538301642064,-9.38565322103841,-3.8760217958524663,-3.397665386728477e-05,-3.397665386728477e-05,-8.247017988665448,-8.185955750157973
13361.052078700006,baseline_eyes_closed,baseline_eyes_closed,-2.4869088490818285,-4.305354719898787,-2.4243882703408417,-0.9565019577830753,-3.2977819500956684e-05,-3.2977819500956684e-05,-3.2925582221528202,-2.7760193969793363
13361.432629900006,baseline_eyes_closed,baseline_eyes_closed,9.100939316768745,12.699409924520296,-18.87986499250337,-15.098056132800593,-3.4284874345758e-05,-3.4284874345758e-05,-15.644549809752334,-1.4854601535275833
13361.828458600006,baseline_eyes_closed,baseline_eyes_closed,-4.7451432940069935,3.143689778306907,-30.957219341920336,-13.58126453746172,-3.2587192436039913e-05,-3.2587192436039913e-05,-15.760004177315295,-5.6000985038640465
13362.217289600007,baseline_eyes_closed,baseline_eyes_closed,10.804669533511287,12.007337497576827,-1.1234386709652426,5.240807978474095,-3.6141085729468614e-05,-3.6141085729468614e-05,-0.6815483336540638,7.416751832254704
13362.588863400008,baseline_eyes_closed,baseline_eyes_closed,5.152049663141952,10.481400047643547,8.653150806423582,17.949646991793543,-3.413431932131061e-05,-3.413431932131061e-05,13.413687415271852,9.432947391719154
13362.986487600007,baseline_eyes_closed,baseline_eyes_closed,-0.5508191463261483,-6.978970420027508,8.150909911436884,-10.139129822977793,-3.305839254608145e-05,-3.305839254608145e-05,-12.60668642679002,-6.465327867696942
13363.381582600006,baseline_eyes_closed,baseline_eyes_closed,-8.682733322038757,-10.718913744382007,-2.2303769980981087,12.893614459427681,-3.422159716137685e-05,-3.422159716137685e-05,-3.831763000459432,-6.18265125102198
13363.805280000008,baseline_eyes_closed,baseline_eyes_closed,-20.375088377326847,-25.403308983638,-22.8593323399582,-62.475621507595406,-3.422596273594536e-05,-3.422596273594536e-05,-37.04695325193143,-28.123408825286333
13364.1820122,baseline_eyes_closed,baseline_eyes_closed,22.092095546220435,22.553710998438874,9.234420660607157,21.349573824763866,-3.520120299072005e-05,-3.520120299072005e-05,15.205832031900172,20.983056513140127
13364.553450400002,baseline_eyes_closed,baseline_eyes_closed,-35.720825071380204,-30.192599921251258,-13.987816531151566,-12.37535920687742,-3.405970255698776e-05,-3.405970255698776e-05,-3.8263869493025595,-20.12843290505998
13364.968657300002,baseline_eyes_closed,baseline_eyes_closed,4.474148379844792,1.3356663981357997,-18.10246156052972,-16.15956375365795,-3.5474809919833206e-05,-3.5474809919833206e-05,-1.097646930776591,10.541330149596888
13365.344879800003,baseline_eyes_closed,baseline_eyes_closed,4.643290177199788,12.093263674103582,23.88584106936605,26.40483916856101,-3.6069575799047016e-05,-3.6069575799047016e-05,22.35543704483689,7.605504085066514
13365.738751600002,baseline_eyes_closed,baseline_eyes_closed,40.23476310754859,38.99994729889977,80.94584915491214,53.893685888386244,-3.403319351491518e-05,-3.403319351491518e-05,51.441656066624546,42.33064820968093
13366.096674200004,baseline_eyes_closed,baseline_eyes_closed,-17.55135938516878,-17.096447566173993,13.920022032350062,7.168290581518704,-3.2150761398952454e-05,-3.2150761398952454e-05,0.8267929520670805,-8.977425923530063
13366.509233500004,baseline_eyes_closed,baseline_eyes_closed,-24.843429806606764,-18.21554842995647,-35.11126457865248,-22.272749252519134,-3.342941909068031e-05,-3.342941909068031e-05,-18.79319647244074,-28.063294006213255
13366.897396500004,baseline_eyes_closed,baseline_eyes_closed,-10.78417908419965,-16.249830645014754,6.830410218596626,-17.014196526206888,-3.373650270077633e-05,-3.373650270077633e-05,-11.604258118476082,-10.755122316601046
13367.288536300006,baseline_eyes_closed,baseline_eyes_closed,-21.147507285406846,-16.3024462057615,-25.634638031673603,-18.974726961750093,-3.540185025485698e-05,-3.540185025485698e-05,-19.858147064416244,-16.756993205937306
13367.696939700005,baseline_eyes_closed,baseline_eyes_closed,-2.4071381416204076,-18.680160654758765,10.112474257342,-12.938704787843562,-3.5163024222129025e-05,-3.5163024222129025e-05,-3.115493999539922,-9.274050962961155
13368.093320300006,baseline_eyes_closed,baseline_eyes_closed,3.6176978473715735,5.349323866871146,-23.137225292546646,1.3329715838826814,-3.391573864064412e-05,-3.391573864064412e-05,-11.224263095366041,-0.5239640521513138
13368.489420200001,baseline_eyes_closed,baseline_eyes_closed,-3.202664158667858,-13.935996455037639,16.852500912114465,3.0315317104737005,-3.723961162904743e-05,-3.723961162904743e-05,-3.6080465355967135,-7.836701817506764
13368.860891600001,baseline_eyes_closed,baseline_eyes_closed,-3.2078038211893727,-0.06206458123961056,13.91144866157265,0.06083881038875916,-3.2968385312415194e-05,-3.2968385312415194e-05,6.68119354197006,-0.8839477126366546
13369.268657500003,baseline_eyes_closed,baseline_eyes_closed,17.940815251304002,7.942111571602254,7.19682537112385,5.218124782605173,-3.240720980102196e-05,-3.240720980102196e-05,1.693498582612392,-3.1325001162858825
13369.676299000002,baseline_eyes_closed,baseline_eyes_closed,5.3985486114811465,2.8064724632486104,-0.2683460706311962,-3.733784954357816,-3.3580680792510975e-05,-3.3580680792510975e-05,-6.217335616513537,-3.388026330816956
13370.093549800004,baseline_eyes_closed,baseline_eyes_closed,-14.602510184777884,-5.716864577832894,-11.29243861976829,0.27567748566161754,-3.332646701892372e-05,-3.332646701892372e-05,-2.0637862498974755,-2.9796348230670446
13370.445963500006,baseline_eyes_closed,baseline_eyes_closed,5.6387746992697885,2.9162269210955856,7.275880867249725,14.596411062368134,-3.4322248211537953e-05,-3.4322248211537953e-05,6.990394894614383,1.0926815858147165
13370.812180500003,baseline_eyes_closed,baseline_eyes_closed,-6.196918601751122,4.1393649325650586,-2.8026420364499245,8.987014759158228,-3.577749339456204e-05,-3.577749339456204e-05,-0.7679190898466004,4.082022846880136
13371.167388300002,baseline_eyes_closed,baseline_eyes_closed,2.1368551044970445,13.4206920536908,9.657802963230097,16.896054393190752,-3.517282038956182e-05,-3.517282038956182e-05,18.648894639321043,16.853597748387074
13371.568793900002,baseline_eyes_closed,baseline_eyes_closed,-13.688063796441156,-18.764985346058893,10.39855233101298,7.079535695243521,-3.5599979128164705e-05,-3.5599979128164705e-05,2.952954786189366,-9.063197292824952
13371.949946700002,baseline_eyes_closed,baseline_eyes_closed,7.36014824151971,8.746529939799984,4.4708778274416545,7.1080930498064845,-3.323116197861964e-05,-3.323116197861964e-05,9.291934573228446,6.469545587648554
13372.316073200001,baseline_eyes_closed,baseline_eyes_closed,3.5790437526547976,6.848782397460127,-40.910841289354266,-11.18347399714321,-3.259522418375127e-05,-3.259522418375127e-05,-8.477133809678435,2.8877023483628363
13372.711157900003,baseline_eyes_closed,baseline_eyes_closed,-13.522076137740896,-27.333306949289636,-7.298629588704898,-33.808205734554576,-3.2847618058440275e-05,-3.2847618058440275e-05,-30.351513613132738,-36.4099588482195
13373.118850000003,baseline_eyes_closed,baseline_eyes_closed,-7.631711155270068,-2.8269516093864695,-21.52104491057935,-14.25205309996818,-3.495054170343792e-05,-3.495054170343792e-05,-2.808666526549132,-7.288666203225148
13373.534001300004,baseline_eyes_closed,baseline_eyes_closed,6.929058897837876,-0.43014927475405784,-8.106067264289777,-5.048507922051613,-3.243045193812577e-05,-3.243045193812577e-05,-22.006523137721615,-17.880390633139086
13373.877806800007,baseline_eyes_closed,baseline_eyes_closed,24.652681780897638,27.39575765897507,24.698247715562502,15.907852306663244,-3.4550693271739874e-05,-3.4550693271739874e-05,17.126293471846566,20.651892368522567
13374.302059300006,baseline_eyes_closed,baseline_eyes_closed,-7.092458544211695,-18.943479581943848,11.376773330393462,-12.273139179025293,-3.615548939706059e-05,-3.615548939706059e-05,-8.583537032655386,-16.56130024512413
13374.682139700006,baseline_eyes_closed,baseline_eyes_closed,-6.968098601877728,-11.72122700555974,-9.592131228280323,-8.255481521547154,-3.478352755337255e-05,-3.478352755337255e-05,-12.661826628032486,-20.914029654908063
13375.079473500005,baseline_eyes_closed,baseline_eyes_closed,3.9426849462818154,-2.155733518171928,4.09489082310165,2.8704705773834576,-3.664595351438038e-05,-3.664595351438038e-05,-2.226068580489482,-5.695910672841364
13375.469785200006,baseline_eyes_closed,baseline_eyes_closed,-1.5460597413853066,-3.354468928276674,-6.447709337734068,7.55259957944827,-3.550202200131025e-05,-3.550202200131025e-05,-6.676698049645438,-6.085086878383208
13375.868987300008,baseline_eyes_closed,baseline_eyes_closed,3.995006519774961,7.298276118189278,25.702433280249807,17.452411690025656,-3.200175524398219e-05,-3.200175524398219e-05,11.128554150037871,7.859166760742937
13376.302020500007,baseline_eyes_closed,baseline_eyes_closed,13.170503315366432,5.034281653941889,8.566735872024765,13.348942344123316,-3.512954299367266e-05,-3.512954299367266e-05,10.89376999019305,-0.6294108652318755
13376.6769881,baseline_eyes_closed,baseline_eyes_closed,32.38794001282554,34.75260473965636,1.8792803917490346,7.61888269460178,-3.58887391485041e-05,-3.58887391485041e-05,11.811386778393171,22.541902745743755
13377.050661300002,baseline_eyes_closed,baseline_eyes_closed,-5.776845588547303,1.980756237737296,-21.88529718678774,-19.604266607963382,-3.556948104233015e-05,-3.556948104233015e-05,-14.56954501174414,1.0522876699160406
13377.434917000002,baseline_eyes_closed,baseline_eyes_closed,1.690334434964825,13.881877292279569,-24.425607126593604,-11.30147298829661,-3.254467537772143e-05,-3.254467537772143e-05,-5.175450533681669,5.865615315233299
13377.831095100002,baseline_eyes_closed,baseline_eyes_closed,-6.060316137249174,-3.9667562651457047,-8.159604580937412,-16.500255080733496,-3.73547100025462e-05,-3.73547100025462e-05,-21.17005594671855,-14.05018786549681
13378.223722800003,baseline_eyes_closed,baseline_eyes_closed,10.222513885777516,10.080512263787568,21.547578330202214,22.5435441163595,-3.557013133104192e-05,-3.557013133104192e-05,20.644729123732304,9.427317452563784
13378.621479000003,baseline_eyes_closed,baseline_eyes_closed,-27.51420705841224,-29.91275827457639,-31.446288641307547,-26.1247151550715,-3.496098543109838e-05,-3.496098543109838e-05,-22.785380685033488,-24.36462249743363
13379.026525700005,baseline_eyes_closed,baseline_eyes_closed,-3.1305588408874883,0.38904353852831264,-6.065652044709168,-4.453034587329512,-3.673219271149719e-05,-3.673219271149719e-05,-1.4304135879815476,1.1122654501828038
13379.421750800004,baseline_eyes_closed,baseline_eyes_closed,-4.27861656258392,6.271842401446065,0.7478639985956761,4.424190383376754,-3.559342985681724e-05,-3.559342985681724e-05,8.63729791262449,8.155979866777216
13379.793239200006,baseline_eyes_closed,baseline_eyes_closed,-0.3027463118057767,1.8548111432537553,0.15026614891712597,6.282472711428909,-3.2353982533095405e-05,-3.2353982533095405e-05,11.76372804265111,10.584267991799152
13380.189480100005,baseline_eyes_closed,baseline_eyes_closed,6.348431168871457,7.362901191097535,-12.418461490514801,-10.075468658291356,-3.314592322567478e-05,-3.314592322567478e-05,-13.701356782763469,3.646512093752335
13380.586020500006,baseline_eyes_closed,baseline_eyes_closed,8.285266956770329,2.1064071820674144,-0.44351664414261904,-6.823702340274849,-3.18201100526494e-05,-3.18201100526494e-05,-0.23656594655949448,3.8873279391323194
13380.978420600006,baseline_eyes_closed,baseline_eyes_closed,8.261014120359732,2.5073354100691176,27.757930259612294,14.819408036881669,-3.3948022974072956e-05,-3.3948022974072956e-05,8.255066411931693,-3.1772266847474384
13381.378600900007,baseline_eyes_closed,baseline_eyes_closed,-27.935334889971728,-29.734742768836895,-4.354757008432443,-18.596339487671685,-3.375618143763859e-05,-3.375618143763859e-05,-6.7178842398238885,-15.40365432275712
13381.7967076,baseline_eyes_closed,baseline_eyes_closed,10.561052858739004,-1.455383482837533,4.464180920828312,-12.988583506670693,-3.263957660237793e-05,-3.263957660237793e-05,-9.514878552694427,-4.344303611543182
13382.1743191,baseline_eyes_closed,baseline_eyes_closed,-11.721414096644821,-12.715396931136638,-2.9051656874644323,0.49353740131300583,-3.4967550163855776e-05,-3.4967550163855776e-05,-0.532987707211305,-12.488680678763103
13382.5331017,baseline_eyes_closed,baseline_eyes_closed,-2.434548143781285,-2.272844592652291,13.45342926139665,-0.1688419427359804,-3.468477098067524e-05,-3.468477098067524e-05,4.559739588838966,-5.478457371531931
13382.966945600001,baseline_eyes_closed,baseline_eyes_closed,-5.105390949867115,-2.721166598799755,-25.100452157058953,-21.54814693499793,-3.4802674235834274e-05,-3.4802674235834274e-05,-11.413382883471058,3.1597260797179842
13383.326793800003,baseline_eyes_closed,baseline_eyes_closed,0.550607489528602,10.71936998852243,-21.337865580969265,17.210002296616494,-3.120524615951581e-05,-3.120524615951581e-05,1.6877623736904752,10.98180297103454
13383.681854800003,baseline_eyes_closed,baseline_eyes_closed,16.879141008940223,14.430490177788215,25.607246589918304,15.640664307428779,-3.25655373671907e-05,-3.25655373671907e-05,21.34035937138333,16.30089963167893
13384.062308100003,baseline_eyes_closed,baseline_eyes_closed,-4.073536776565561,-18.302347789438045,4.033200733948888,13.981928035206693,-3.4327189496252686e-05,-3.4327189496252686e-05,0.527292732762362,-12.283883288901961
13384.417130200003,baseline_eyes_closed,baseline_eyes_closed,-1.425222321101728,8.20162369242962,-17.967192090667595,-6.366354115900322,-3.426916737225838e-05,-3.426916737225838e-05,-14.5878293906826,3.058209069284203
13384.791227800002,baseline_eyes_closed,baseline_eyes_closed,9.128736874369224,12.369486500023413,15.798719295627961,0.011860397762120556,-3.700483466673177e-05,-3.700483466673177e-05,9.05830237741202,13.647200391807019
13385.179965200003,baseline_eyes_closed,baseline_eyes_closed,-7.13803061608337,-7.353140809728302,-10.173688628170112,-2.721269277358715,-3.6921482205798384e-05,-3.6921482205798384e-05,-7.118386805418595,-7.457659928192697
13385.593583500002,baseline_eyes_closed,baseline_eyes_closed,-11.077898036810211,5.562468960667502,32.13740301865619,33.05859679207697,-3.4733980101009365e-05,-3.4733980101009365e-05,29.199195174056058,10.393883944744175
13385.936456700005,baseline_eyes_closed,baseline_eyes_closed,-6.993450015886765,-8.939767999960168,6.338203910074299,4.795223219502077,-3.4099754884664435e-05,-3.4099754884664435e-05,-6.164804517177345,-11.300078650239357
13386.3472488,baseline_eyes_closed,baseline_eyes_closed,-4.306505089581606,-15.449261004691834,19.381211727556092,0.14466002273820777,-3.5296474379720166e-05,-3.5296474379720166e-05,2.995690733031097,-5.9463276870224036
13386.710364100005,baseline_eyes_closed,baseline_eyes_closed,1.6046735894492485,-3.702031612933297,-3.3173939704342956,-13.264629298775617,-3.446127630013507e-05,-3.446127630013507e-05,-9.874395254014416,-6.779713672374783
13387.100338500004,baseline_eyes_closed,baseline_eyes_closed,-6.143179474124963,-0.3859611410202888,-1.7023339413831309,-16.691335317026642,-3.361659764777869e-05,-3.361659764777869e-05,-12.025894475273162,-1.3376451083445318
13387.451425800004,baseline_eyes_closed,baseline_eyes_closed,4.286844638782668,-7.38662857648751,-15.564615186243827,-7.027446027648239,-3.203062169632176e-05,-3.203062169632176e-05,-34.28067263563116,-32.51380782445676
13387.829050300004,baseline_eyes_closed,baseline_eyes_closed,9.30753842870331,14.462831552178613,-0.6864383972638279,6.298763669733489,-3.6788849683944136e-05,-3.6788849683944136e-05,10.200647717600987,14.31514423390172
13388.177665900004,baseline_eyes_closed,baseline_eyes_closed,-1.566199273721395,-8.165450699224948,21.786958172402592,13.4503994553761,-3.7112285099283326e-05,-3.7112285099283326e-05,4.14678240350986,-13.499430994619615
13388.567740800005,baseline_eyes_closed,baseline_eyes_closed,-14.798898467108984,-14.54355508532808,22.098691078299453,12.094524822866788,-3.3719664315867703e-05,-3.3719664315867703e-05,11.913141781381,2.764090852881509
13388.958938700003,baseline_eyes_closed,baseline_eyes_closed,3.2834799285558347,-7.888936631280103,22.226360021763867,15.807138151479649,-3.466435919108335e-05,-3.466435919108335e-05,19.222600987694932,1.351366763513397
13389.356646100005,baseline_eyes_closed,baseline_eyes_closed,18.638453664387953,12.647674829743664,9.984786708118918,-3.280635363919828,-3.413397280382924e-05,-3.413397280382924e-05,-6.673116079894044,-2.026637521329576
13389.757977200004,baseline_eyes_closed,baseline_eyes_closed,7.445366608819995,13.52220846911905,-5.259991621543122,-6.944396500445237,-3.533645940478891e-05,-3.533645940478891e-05,-2.262213137863455,3.4405573196008845
13390.127664100008,baseline_eyes_closed,baseline_eyes_closed,8.926351744773228,7.13319288301409,9.695477331265465,16.28150022699083,-3.602355809562141e-05,-3.602355809562141e-05,10.70713383227394,9.072174853198248
13390.520195600007,baseline_eyes_closed,baseline_eyes_closed,-16.513462705225493,-2.8140647123077542,10.136731164644516,-3.758575423124512,-3.5149081668350846e-05,-3.5149081668350846e-05,3.233514285637284,3.147230427701743
13390.891328800008,baseline_eyes_closed,baseline_eyes_closed,-2.6075909477626737,2.423659665859759,23.609063901191348,21.746596981412495,-3.7231878195598256e-05,-3.7231878195598256e-05,20.46782282088452,13.998280612356666
13391.290127900007,baseline_eyes_closed,baseline_eyes_closed,-5.070587822450307,-12.958012554998732,-1.9121452381696145,5.327987778066472,-3.7463122680492233e-05,-3.7463122680492233e-05,-5.950034806578515,-5.220572103377435
13391.671436800007,baseline_eyes_closed,baseline_eyes_closed,109.54275405297017,100.78191687715025,198.46583606815693,137.4215489227854,-3.35450413331273e-05,-3.35450413331273e-05,137.9713042195799,99.17961901222725
13392.108946400007,baseline_eyes_closed,baseline_eyes_closed,-31.173264065590274,-23.838403105887664,-49.908100108099006,-34.135931819475445,-3.274710616096854e-05,-3.274710616096854e-05,-24.716871300591265,-15.533527920939832
13392.4769151,baseline_eyes_closed,baseline_eyes_closed,-15.072936366448403,-20.81459204364728,-79.01431215909452,-57.78456867333807,-3.446890514169354e-05,-3.446890514169354e-05,-48.73298895916696,-21.19570311241796
13392.878122300002,baseline_eyes_closed,baseline_eyes_closed,68.81856961959829,66.31334806713858,65.11523909813013,52.630678137061295,-3.220400321879424e-05,-3.220400321879424e-05,42.865992049798024,49.2379431466029
13393.277316000002,baseline_eyes_closed,baseline_eyes_closed,4.1672139313668595,20.481834721541873,-36.6855442765941,-17.72602709608509,-3.27264115185244e-05,-3.27264115185244e-05,-9.591784425777405,16.152706173481874
13393.667267100001,baseline_eyes_closed,baseline_eyes_closed,-9.249799322422177,-13.38754478400324,-17.857318838000083,-19.67016729242232,-3.534203369781608e-05,-3.534203369781608e-05,-16.99363950104589,-15.522412846873067
13394.067393100002,baseline_eyes_closed,baseline_eyes_closed,18.57789483226975,29.586436666703776,-8.863280695193225,3.9474153529963587,-3.4208503166155424e-05,-3.4208503166155424e-05,2.7639040783460587,19.96998588970655
13394.440501700004,baseline_eyes_closed,baseline_eyes_closed,-3.026802931836528,-7.494190231553148,-29.289597069882802,-22.86866443768895,-3.3724149034242146e-05,-3.3724149034242146e-05,-24.136377177113445,-18.90148726975076
13394.840656500004,baseline_eyes_closed,baseline_eyes_closed,-82.82255356607538,-73.3929779271175,-144.74257223980976,-66.62658590670526,-3.494910470180912e-05,-3.494910470180912e-05,-92.95264152183881,-73.0900916723881
13395.205578800005,baseline_eyes_closed,baseline_eyes_closed,-57.78108862044246,-57.31585556777145,-101.22841028941684,-74.8069484186276,-3.247546737839002e-05,-3.247546737839002e-05,-72.07203144421374,-47.33792654396393
13395.606870300006,baseline_eyes_closed,baseline_eyes_closed,29.585341489664643,19.507027398708033,62.65870801958772,47.00469676614739,-3.3706685826473404e-05,-3.3706685826473404e-05,48.86015747906231,29.737342733370042
13395.992024400006,baseline_eyes_closed,baseline_eyes_closed,-4.107579530847943,9.199059161874175,-16.499780826734877,-6.541022668775895,-3.533507788233692e-05,-3.533507788233692e-05,-0.08612298004345575,11.442461833834386
13396.345148400005,baseline_eyes_closed,baseline_eyes_closed,6.378195095622459,2.88639206284779,3.730960833680456,-0.9828515624471947,-3.679895871755434e-05,-3.679895871755434e-05,7.072603813422575,7.685616757848948
13396.745708600005,baseline_eyes_closed,baseline_eyes_closed,-43.542648918589975,-22.038084801369223,-39.78485120290952,-0.1279647316800947,-3.531537913659122e-05,-3.531537913659122e-05,-5.115460356758831,-7.046276180713448
13397.156066900006,baseline_eyes_closed,baseline_eyes_closed,3.2336764006888643,-6.143612748130636,19.498375195114477,5.439689296483721,-3.498408477753401e-05,-3.498408477753401e-05,8.523705525311016,4.612898598456468
13397.562201400007,baseline_eyes_closed,baseline_eyes_closed,-1.461433573724662,-3.002132827290552,-4.7150397880850505,2.3015856247484408,-3.465949248493416e-05,-3.465949248493416e-05,-8.330743981241085,-17.53875785792161
13397.951437200007,baseline_eyes_closed,baseline_eyes_closed,-11.909105639584823,-14.382233690157591,11.547960393601898,23.470552078599212,-3.3327859455312137e-05,-3.3327859455312137e-05,22.039335938763543,-0.9344040583105198
13398.362707400007,baseline_eyes_closed,baseline_eyes_closed,47.4439226615973,44.0125917484379,40.54917928173336,30.76850013992862,-3.449032101343619e-05,-3.449032101343619e-05,34.799418354923546,38.972878899618536
13398.7392832,baseline_eyes_closed,baseline_eyes_closed,3.1724659368999255,4.233358315681471,-17.27275708318075,-13.36549860343166,-3.2326158361684065e-05,-3.2326158361684065e-05,-6.281657656407333,-6.258370920124889
13399.118181700002,baseline_eyes_closed,baseline_eyes_closed,-0.19296001777183847,12.83098911815705,3.5838870989668976,17.749968166135204,-3.322092743474059e-05,-3.322092743474059e-05,5.397834496424821,11.572948102268128
13399.497528700002,baseline_eyes_closed,baseline_eyes_closed,10.108681186953163,14.440920699302296,-43.71897716412377,-24.56180271743824,-3.457205275481101e-05,-3.457205275481101e-05,-8.924534660895915,16.0281901778485
13399.859693900002,baseline_eyes_closed,baseline_eyes_closed,35.70709963744321,11.326257968056325,44.79260090646221,16.046478255466354,-3.468451359367464e-05,-3.468451359367464e-05,8.38782631757249,-3.6900967735095946
13400.239959500002,baseline_eyes_closed,baseline_eyes_closed,-28.059499092850956,-22.721811768379666,-40.57022041554319,-22.496843620379423,-3.12318134092493e-05,-3.12318134092493e-05,-23.600207063533162,-16.046486983883824
13400.583628300003,baseline_eyes_closed,baseline_eyes_closed,4.457235264290375,8.06567296110461,-4.369590315916412,-26.70002952156665,-3.155136164423311e-05,-3.155136164423311e-05,-14.658662119361452,1.688827097970261
13400.971159600002,baseline_eyes_closed,baseline_eyes_closed,30.343235861922267,30.234155822009598,57.26480568085617,49.682119569062706,-3.334678513056133e-05,-3.334678513056133e-05,39.70134167692504,29.812818702266668
13401.333142600008,baseline_eyes_closed,baseline_eyes_closed,2.8955337615625467,-2.4331840457998624,46.2770830548925,24.597968323421355,-3.456228932918748e-05,-3.456228932918748e-05,19.400059563851755,-4.439762386948587
13401.858541700005,baseline_eyes_closed,baseline_eyes_closed,2.014605750936653,-4.709509464305484,45.92777318672415,14.465305609004645,-3.3821524084487464e-05,-3.3821524084487464e-05,25.77935776905815,-0.5490828815809436
13402.093651500007,baseline_eyes_closed,baseline_eyes_closed,-4.718609147338611,-12.554559891920235,-35.90737714334409,-30.96281474126272,-3.637825102487113e-05,-3.637825102487113e-05,-32.267735007437295,-28.856096967102076
13402.475535900006,baseline_eyes_closed,baseline_eyes_closed,10.68151846898445,10.30318760939599,25.613984351158706,19.318105869186184,-3.368824218341615e-05,-3.368824218341615e-05,10.307216192848955,5.004536960981113
13402.897282200003,baseline_eyes_closed,baseline_eyes_closed,-1.3434367632141857,-4.110298024342683,-5.497778959628249,-2.806989901561792,-3.411181296542054e-05,-3.411181296542054e-05,-8.71556975646672,-5.857263097977466
13403.206399400007,baseline_eyes_closed,baseline_eyes_closed,14.330056737676387,18.168495135163994,5.832221125311662,4.67325439459546,-3.492854466458084e-05,-3.492854466458084e-05,7.251703101237581,15.832742120021976
13403.593864400007,baseline_eyes_closed,baseline_eyes_closed,-10.500656530663719,-10.476783834598791,-55.205046134991335,-36.2254479324406,-3.658918467408512e-05,-3.658918467408512e-05,-31.358862974706426,-14.509601646490864
13404.011391600006,baseline_eyes_closed,baseline_eyes_closed,-4.565582196491505,-7.151799024447882,14.35639891236633,14.0143462285223,-3.4938642784254625e-05,-3.4938642784254625e-05,5.987116502065419,-6.126056246843291
13404.462453700004,baseline_eyes_closed,baseline_eyes_closed,-15.01296007481983,-10.747412903957411,-34.97678445049314,-25.8081398595059,-3.308718805783428e-05,-3.308718805783428e-05,-16.256378650225997,-0.4625410783633015
13404.696718000005,baseline_eyes_closed,baseline_eyes_closed,7.805336824827691,21.782470136390657,34.576286837970656,34.80602332062654,-3.554837985575432e-05,-3.554837985575432e-05,36.934022857324635,31.222407405096874
13405.096059700005,baseline_eyes_closed,baseline_eyes_closed,34.52375494693388,32.0714594418414,-11.170104762221854,5.940738000551846,-3.624672808655305e-05,-3.624672808655305e-05,9.48615307570708,32.38035822630354
13405.468503400001,baseline_eyes_closed,baseline_eyes_closed,-22.15980500753585,-16.043774144210147,-18.27212713448216,-7.819645334313918,-3.392810413060943e-05,-3.392810413060943e-05,-6.950397875498311,-18.68671973047185
13405.8991377,baseline_eyes_closed,baseline_eyes_closed,2.306300338234223,3.0816781145108507,-5.455032999738705,-11.683850657952007,-3.270968227297999e-05,-3.270968227297999e-05,-9.445391885778008,-9.596765474141648
13406.335385200007,baseline_eyes_closed,baseline_eyes_closed,-2.476522363342383,-16.8951326419442,22.472658904311174,16.809344674311433,-3.52330871464801e-05,-3.52330871464801e-05,15.449767877726117,-9.338192686424918
13406.6262078,baseline_eyes_closed,baseline_eyes_closed,9.098932735937979,2.1954367092407665,13.886684558866818,-0.8613806673961335,-3.374730113137048e-05,-3.374730113137048e-05,-3.0684648433389157,-0.031647998548123724
13407.014186,baseline_eyes_closed,baseline_eyes_closed,17.325823308248346,12.042232890180003,63.363093920621395,54.46513410225862,-3.3725882531143725e-05,-3.3725882531143725e-05,47.62384061432658,15.176190908744502
13407.412845100007,baseline_eyes_closed,baseline_eyes_closed,-1.690354476287439,-0.48951352261701686,-61.264148930016745,-34.59931051140393,-3.534842016961193e-05,-3.534842016961193e-05,-33.921905466062526,-5.966861823739691
13407.775198100002,baseline_eyes_closed,baseline_eyes_closed,-5.301765346718867,2.4442765120438708,-8.142248704644317,-0.2690941420460149,-3.516007200232707e-05,-3.516007200232707e-05,-4.3849642206191675,-3.739367613090508
13408.189059100003,baseline_eyes_closed,baseline_eyes_closed,6.226209292257636,7.374942595831271,-24.95725178002749,-18.26442269035624,-3.3386842005711515e-05,-3.3386842005711515e-05,-9.245072511766466,8.256298887393768
13408.592379700003,baseline_eyes_closed,baseline_eyes_closed,-23.336158410022335,-25.421077062801032,-80.132881869848,-81.6490682188196,-3.3546720260346774e-05,-3.3546720260346774e-05,-63.30086253235186,-32.693955797439685
13408.994866000003,baseline_eyes_closed,baseline_eyes_closed,6.843532971070999,14.236241614440587,30.584819677684663,33.49640535084836,-3.348899554111995e-05,-3.348899554111995e-05,20.494029911900725,13.054432291869034
13409.396225600003,baseline_eyes_closed,baseline_eyes_closed,-20.769660537262553,-25.11732131273675,-27.43417904609123,-13.214979364606734,-3.414023103687214e-05,-3.414023103687214e-05,-14.961746980540738,-19.04094943413429
13409.772499300003,baseline_eyes_closed,baseline_eyes_closed,48.603475150361646,40.68333893473255,51.280943755454246,39.743114083152705,-3.103148719674209e-05,-3.103148719674209e-05,47.984421279458275,36.52636504276188
13410.158481800003,baseline_eyes_closed,baseline_eyes_closed,42.86533103586294,43.65034972211333,84.36362323041658,51.411679693252154,-3.6165228266327176e-05,-3.6165228266327176e-05,48.78200291949679,41.389130046937225
13410.525286200003,baseline_eyes_closed,baseline_eyes_closed,-22.150187623825786,-29.755108997942898,-29.6166383796658,-26.530023324790818,-3.6674221519206185e-05,-3.6674221519206185e-05,-25.473695303105615,-34.64317756159198
13410.921668600004,baseline_eyes_closed,baseline_eyes_closed,-24.325380952139767,-8.63986749076912,-26.96267503641593,-8.65730023825654,-3.569814634829527e-05,-3.569814634829527e-05,-10.533776519185722,-2.1246614467090694
13411.314500600003,baseline_eyes_closed,baseline_eyes_closed,-0.9841647720038509,-6.418100825211695,30.17185772269886,29.08277699783821,-3.664684027171461e-05,-3.664684027171461e-05,10.96311941159911,-6.037922285058812
13411.731957600005,baseline_eyes_closed,baseline_eyes_closed,-25.56268306128254,-32.09415582777592,-31.76805875529817,-28.244040930515894,-3.733000994543545e-05,-3.733000994543545e-05,-26.173033615742952,-21.440892957937194
13412.133417100005,baseline_eyes_closed,baseline_eyes_closed,8.627965972028733,12.695431058390113,12.644352153884029,-0.5111604327048553,-3.428733089094749e-05,-3.428733089094749e-05,-3.8945163356720514,-3.0664272362555494
13412.518392300006,baseline_eyes_closed,baseline_eyes_closed,12.847469910222117,11.790425774831874,39.25857564793296,31.087878921574884,-3.460150674072793e-05,-3.460150674072793e-05,25.077067752161838,12.281347769284821
13412.891955200006,baseline_eyes_closed,baseline_eyes_closed,25.385907147109265,23.884599108306702,39.65448015231914,18.914666833688443,-3.5111904253426474e-05,-3.5111904253426474e-05,28.10790623795947,26.082876457626753
13413.255077600006,baseline_eyes_closed,baseline_eyes_closed,-52.79806091127466,-49.97302299875946,-72.77894752867041,-47.68469102305153,-3.475941230135504e-05,-3.475941230135504e-05,-51.510707334993185,-47.555530884604195
13413.619376400005,baseline_eyes_closed,baseline_eyes_closed,-15.516481439203972,-11.990159718232462,-17.608377840535013,-19.858968445284518,-3.6002138585899957e-05,-3.6002138585899957e-05,-16.36060095699122,-10.159445378368673
13413.983389100005,baseline_eyes_closed,baseline_eyes_closed,7.5097576534453765,4.39093357284537,-25.35768240917787,-24.345565474847717,-3.5863625271304045e-05,-3.5863625271304045e-05,-16.99977737882682,0.8620208801844456
13414.363926600006,baseline_eyes_closed,baseline_eyes_closed,1.3088351256424176,-5.391538221383598,31.82843797186524,16.23003490964993,-3.2737822039052844e-05,-3.2737822039052844e-05,15.38274891701758,-5.007268779668266
13414.750841400006,baseline_eyes_closed,baseline_eyes_closed,-15.893209906978655,-17.307217240331738,-29.692747598494407,-1.8370915962968866,-3.163237215630943e-05,-3.163237215630943e-05,-14.56310815662664,-19.800929142038967
13415.136079300006,baseline_eyes_closed,baseline_eyes_closed,-5.875206363030202,-0.7378507495172926,-17.052356166956997,-10.49382741847785,-3.6183335396344773e-05,-3.6183335396344773e-05,-16.458519264559527,-6.089057574121853
13415.542876800006,baseline_eyes_closed,baseline_eyes_closed,16.562262534568845,6.80809217228034,15.759394876414717,19.229038007903455,-3.3776113923522644e-05,-3.3776113923522644e-05,25.540749072250946,20.414448264548355
13415.906375400007,baseline_eyes_closed,baseline_eyes_closed,-27.99664491840599,-24.293819391415582,-74.41095661878626,-50.68795144055457,-3.489910250209505e-05,-3.489910250209505e-05,-49.141874578022,-32.407357285876515
13416.296386300008,baseline_eyes_closed,baseline_eyes_closed,18.486128463756813,14.547394044630437,37.63971117843448,28.79762656590583,-3.616242884163512e-05,-3.616242884163512e-05,26.586177524336108,15.394516455321536
13416.654979400008,baseline_eyes_closed,baseline_eyes_closed,-8.750117801375609,-11.795539232399733,-9.63493560396364,-4.016101582506963,-3.4641985621419735e-05,-3.4641985621419735e-05,-7.666154298502079,-10.190133144727952
13417.012723900007,baseline_eyes_closed,baseline_eyes_closed,5.984580183779599,8.750592575429437,16.592943169648606,3.6969030678487798,-3.712263787747361e-05,-3.712263787747361e-05,6.085908786938944,1.8222000226169257
13417.4038562,baseline_eyes_closed,baseline_eyes_closed,-13.77411125300955,-14.600978084752569,-25.132206839799892,-22.060049931182675,-3.5308411497680936e-05,-3.5308411497680936e-05,-21.942078806351674,-11.950383602047168
13417.820774400001,baseline_eyes_closed,baseline_eyes_closed,20.928567349766354,8.890405360024943,85.64612198011264,48.47919419801474,-3.3847662052721716e-05,-3.3847662052721716e-05,52.67739711355625,17.79101927897227
13418.196346300007,baseline_eyes_closed,baseline_eyes_closed,-1.0863213989689484,10.116698163480123,-20.041405930363,-2.5325976583776537,-3.433641086303396e-05,-3.433641086303396e-05,-11.670954494980379,5.5744542252869
13418.5370234,baseline_completed,baseline_completed,99.50741649605766,98.27973046645502,8.012676168131293,28.236609621921616,-3.4537177270976827e-05,-3.4537177270976827e-05,26.51092830065045,75.61209643079337
13418.9281391,baseline_completed,baseline_completed,53.1540093575486,64.03611149747258,-10.37880062037675,-5.11332840658406,-3.3542771234351676e-05,-3.3542771234351676e-05,25.57655832330738,57.54874404521706
13419.257123600002,baseline_completed,baseline_completed,12.702836339768737,4.034119473713872,76.17035053241352,66.99450871108866,-3.3370580240443815e-05,-3.3370580240443815e-05,53.56706468318498,17.42903112011072
13419.6446882,baseline_completed,baseline_completed,7.600222608829881,9.67454808927505,6.751200028181756,-5.450916812673313,-3.4081014746334404e-05,-3.4081014746334404e-05,4.691237460742286,9.217742114709381
13420.037759800001,baseline_completed,baseline_completed,-41.66953620674644,-30.107203166007366,-74.69329773015215,-40.46535137426599,-3.6655994335887954e-05,-3.6655994335887954e-05,-42.673115552036506,-30.108392564158294
13420.403371100001,baseline_completed,baseline_completed,-18.40179949082585,-23.832404731625502,-33.03984996599593,-15.914306308649884,-3.6513162740448024e-05,-3.6513162740448024e-05,-18.134672039400357,-15.537019348040303
13420.7732073,baseline_completed,baseline_completed,28.95374165253679,6.664249740257674,53.77807548454621,8.157960681215172,-3.484247372398386e-05,-3.484247372398386e-05,25.582929545042134,30.465243540397296
13421.199764700003,baseline_completed,baseline_completed,-33.40748957588744,-61.04670297265466,-54.32520962376384,-61.23406100201328,-3.483726959530031e-05,-3.483726959530031e-05,-44.278822698066506,-45.81974131072366
13421.543071400005,baseline_completed,baseline_completed,5.591585464687569,60.42855372301074,-16.68616003333227,15.59256773634479,-3.474827462923713e-05,-3.474827462923713e-05,13.740270372438317,55.44359773914448
13421.911892000002,baseline_completed,baseline_completed,72.34106029966142,54.256884340733905,-20.556263504905473,-9.954799710707903,-3.428290438023396e-05,-3.428290438023396e-05,-3.3688475618432676,40.24602147421183
13422.263467200002,baseline_completed,baseline_completed,-14.964118297332107,-0.010437698395890038,23.257387885176286,10.265975818609604,-3.377306893526111e-05,-3.377306893526111e-05,18.745342526226523,9.944526181732272
13422.632304600002,baseline_completed,baseline_completed,-4.102075008509246,0.687718148395561,-26.343987438055592,-22.974796058384527,-3.49934689438669e-05,-3.49934689438669e-05,-13.520018836042254,-10.864336101555182
13423.026308100003,baseline_completed,baseline_completed,3.1815805349426682,23.784674393925798,23.568495175990392,26.157935452573838,-3.277149426139658e-05,-3.277149426139658e-05,21.937381718244524,13.381559043593825
13423.376101800002,baseline_completed,baseline_completed,19.592567280156118,-23.464924070387042,-32.171671815712216,-30.125687075358655,-3.405277129786555e-05,-3.405277129786555e-05,-15.983119372837791,-9.556057756305108
13423.768571200002,baseline_completed,baseline_completed,29.030759413759597,25.54158254015647,-10.510041427808119,31.928874145593,-3.3668032301648054e-05,-3.3668032301648054e-05,-8.899207081121403,19.897378509982445
13424.161091900003,baseline_completed,baseline_completed,-22.621203718899096,-14.334117557901209,-36.11800665810324,16.545990252982847,-3.6758937312697526e-05,-3.6758937312697526e-05,-25.77128284875471,-13.370437440753904
13424.537966100004,baseline_completed,baseline_completed,-74.58051944491581,-38.492411266397085,-58.09067312235038,-73.75735290518105,-3.483014279481722e-05,-3.483014279481722e-05,-12.113042138771107,-0.26895933547802997
13425.807805600003,baseline_completed,baseline_completed,1.2659822165212518,11.883039958406698,-33.13240694209799,8.425208787752126,-3.139013460895512e-05,-3.139013460895512e-05,1.3430946190055693,11.136923648973607
13425.993734800004,baseline_completed,baseline_completed,-11.53898611889781,-15.168663129436027,-1.3840043788950425,-23.557361925243185,-3.499218109936919e-05,-3.499218109936919e-05,-16.714366006367527,-16.445204180552082
13426.198578000003,baseline_completed,baseline_completed,38.771599259839604,23.138992643505844,2.797588100323992,0.6458671592845349,-3.4400962249492295e-05,-3.4400962249492295e-05,3.1101867906445477,3.0201302481514176
13426.438316400005,baseline_completed,baseline_completed,5.333043009060475,-37.56302319631095,-21.75241478166572,-23.596050426455804,-3.4483241506677587e-05,-3.4483241506677587e-05,-18.094336032064348,-16.19179175758927
13426.641572200006,baseline_completed,baseline_completed,-8.550963170159093,8.53717941620107,-12.580189112005428,-8.1759531581406,-3.3719079510774463e-05,-3.3719079510774463e-05,3.870900809955401,6.836085708749579
13426.865171700007,baseline_completed,baseline_completed,7.618507525147834,-2.1027712393261027,7.512289589055399,-7.979067157788904,-3.406267842365196e-05,-3.406267842365196e-05,-9.173411102999125,-7.455718206409983
13427.245252100007,baseline_completed,baseline_completed,-97.89823721773837,-44.82397600282502,-40.80335492627819,-35.68297227184439,-3.631984691310208e-05,-3.631984691310208e-05,-19.633466711190522,1.8425410162885782
13427.659072200007,baseline_completed,baseline_completed,-52.119778363096884,-25.819574748749346,1.016549389298234,2.906496749094913,-3.49366810041829e-05,-3.49366810041829e-05,4.590052245247989,-0.4647638688261395
13428.017424500007,baseline_completed,baseline_completed,13.39717057653479,1.0020725134777422,-6.312737412691604,31.131285704421316,-3.3785619962145574e-05,-3.3785619962145574e-05,18.857830526537782,7.8050589895347
13428.362628300007,baseline_completed,baseline_completed,29.02930485354409,27.596441817094274,44.722822001669556,19.275582943308564,-3.3124570109066553e-05,-3.3124570109066553e-05,23.428518759538747,29.07598174150553
13428.712476400007,baseline_completed,baseline_completed,60.94997080450753,30.104405894197498,34.9121594319422,28.683401923237398,-3.151087184960488e-05,-3.151087184960488e-05,19.380070051668554,14.15355648402192
13429.077373500008,baseline_completed,baseline_completed,-5.569303438337556,6.711274627197781,17.256931246487966,7.317092993902406,-3.412286332604708e-05,-3.412286332604708e-05,15.637796841697309,13.960486402112565
13429.483704900007,low_load,low_cognitive_load,130.69627402791775,93.41965155182515,75.37632175262252,47.21811688642356,-3.663767256512074e-05,-3.663767256512074e-05,34.138442106523144,33.17258396767875
13429.872407800007,low_load,low_cognitive_load,587.0896929518967,111.35401604856406,-134.6908369617513,19.935934486591123,-3.299853142380016e-05,-3.299853142380016e-05,-1.772502380696551,-0.32475404691012955
13430.262666600007,low_load,low_cognitive_load,-276.89455006992716,-25.406012925314826,-28.63879747865576,-2.788467517951176,-3.328102411614964e-05,-3.328102411614964e-05,5.945193869881223,-1.8178386745717035
13430.666721700001,low_load,low_cognitive_load,76.86805809604584,57.99714940615377,34.79429119432325,35.47448726318862,-3.409426881262334e-05,-3.409426881262334e-05,22.939380394677755,22.651019969537174
13431.0267533,low_load,low_cognitive_load,140.16104562350347,52.204678607331516,-7.285917056355629,12.379102948721993,-3.559080414561322e-05,-3.559080414561322e-05,-16.846388469109115,-7.280550823529211
13431.3916073,low_load,low_cognitive_load,-65.54877507016045,-48.76455647499051,-28.7883918603211,0.013448970491481305,-3.227370325475931e-05,-3.227370325475931e-05,-14.569253906736776,-6.670455501312517
13431.779253800001,low_load,low_cognitive_load,-35.57578152198539,12.8300572319622,-39.80692147483387,-22.8559486643112,-3.1215888157021254e-05,-3.1215888157021254e-05,-15.544177468141697,-17.99336732372967
13432.1575537,low_load,low_cognitive_load,-1.9268996539349246,-20.21843603693469,-21.221264382677873,6.054457871719478,-3.603499771998031e-05,-3.603499771998031e-05,-12.807408024599226,-16.261438089193234
13432.567428100003,low_load,low_cognitive_load,-7.05798109304169,0.2145100146672121,47.26053676318543,29.880280821344513,-3.611611100495793e-05,-3.611611100495793e-05,13.829152581834023,7.058119786795032
13432.923754700003,low_load,low_cognitive_load,3.01596082540118,7.171069951390109,-16.109789873559293,-2.438639585677265,-3.594487679947633e-05,-3.594487679947633e-05,-11.870236204925277,-5.4867217943588
13433.299954200002,low_load,low_cognitive_load,-21.652229776166905,-11.337783444581419,-40.906796326808035,-31.01993236360977,-3.51329508703202e-05,-3.51329508703202e-05,-1.5616081176472107,-9.642379486318532
13433.669625900002,low_load,low_cognitive_load,0.7978351036194908,4.979938857431989,-37.37367027479195,-18.739329452542734,-3.356195884407498e-05,-3.356195884407498e-05,-13.512989852041756,13.075398907782528
13434.049435600002,low_load,low_cognitive_load,-40.77176453879497,-50.737077117072204,-19.414219742470323,-8.898196265223305,-3.5128392482874915e-05,-3.5128392482874915e-05,-29.75148334736832,-38.408456341216606
13434.393483000002,low_load,low_cognitive_load,19.785729436418023,21.689896568960194,-9.57989275632417,5.713531579355276,-3.4458252230251674e-05,-3.4458252230251674e-05,10.3841736921745,7.046101951918445
13434.768808800003,low_load,low_cognitive_load,-10.610195013057137,-21.826310680003644,89.22137620439116,67.37159673326278,-3.132315305265365e-05,-3.132315305265365e-05,-18.76163956584196,-5.8178130693027015
13435.160121600004,low_load,low_cognitive_load,21.044738744062897,9.87730909826405,48.98544481181898,67.0738405514744,-3.381303849891992e-05,-3.381303849891992e-05,-6.86321323114953,-5.165498701245724
13435.555358800004,low_load,low_cognitive_load,4.5595077061793745,-2.543343023512989,-17.47894985261837,-35.473630412439434,-3.5136296901328024e-05,-3.5136296901328024e-05,-9.16435416568629,-3.96532953261476
13435.961746500005,low_load,low_cognitive_load,3.238245275485724,14.216565258734136,2.4315017294652534,14.176288622365064,-3.321294116176432e-05,-3.321294116176432e-05,22.50817396916682,16.183044978714406
13436.301401600003,low_load,low_cognitive_load,-20.730181627947786,-40.53899997075496,28.024100567162805,21.476277576700795,-3.4666209103306755e-05,-3.4666209103306755e-05,6.061059563437539,-18.262295526493745
13436.658876400004,low_load,low_cognitive_load,6.384530479501109,21.796837247939493,-23.684159512349197,7.893186969455201,-3.618553000706015e-05,-3.618553000706015e-05,1.907890868396862,18.98543820326222
13437.064136500005,low_load,low_cognitive_load,2.1670663315658203,-8.815639793675928,-16.471717488336708,-12.33349792624449,-3.3427178095735144e-05,-3.3427178095735144e-05,-15.285687387964572,-18.098694563982463
13437.456902700005,low_load,low_cognitive_load,-3.9467530864931177,-1.4664171391127638,0.8130469853354043,9.011139763192205,-3.47287650583894e-05,-3.47287650583894e-05,3.601736506022462,0.6704721436653927
13437.860860700006,low_load,low_cognitive_load,-4.894388755691807,-9.224211346175707,-35.363939711869534,-39.96414847708502,-3.4474591302569024e-05,-3.4474591302569024e-05,-22.210473292012466,-9.063230340436348
13438.218071400006,low_load,low_cognitive_load,5.610164172241866,17.79907727379714,33.47070069081201,42.4829696642978,-3.459437812125543e-05,-3.459437812125543e-05,26.083195495683867,16.341265422575816
13438.618126000005,low_load,low_cognitive_load,-18.42245643529145,-20.93325515889319,-16.291786151485667,-6.513412026467904,-3.4730599509202875e-05,-3.4730599509202875e-05,-11.107767778160905,-11.381585044510302
13438.963460400006,low_load,low_cognitive_load,20.382420084719342,25.726786367189106,-32.40866851388819,-8.127929961460723,-3.584666410461068e-05,-3.584666410461068e-05,-3.592946566149294,17.773406228081967
13439.325865900006,low_load,low_cognitive_load,-13.120973041924117,-16.27619238218813,12.520744424850363,10.084298121323172,-3.548282438714523e-05,-3.548282438714523e-05,7.490953774788977,-9.268272035853897
13439.697981600006,low_load,low_cognitive_load,-1.3978743949289765,11.62933738819629,-21.765326229182847,-8.032186167423788,-3.322125758131733e-05,-3.322125758131733e-05,-9.277410992631758,-3.5598318183783704
13440.073126400002,low_load,low_cognitive_load,20.639162010277687,16.704754385539673,32.01173224338436,20.036139041927072,-3.381858914508484e-05,-3.381858914508484e-05,21.185273175408838,22.002490811240932
13440.455683600007,low_load,low_cognitive_load,4.910897218106129,-4.347976685111462,42.830255825174845,16.52651690469247,-3.5431282412901055e-05,-3.5431282412901055e-05,12.936584321481405,-14.426584406671282
13440.844039100004,low_load,low_cognitive_load,23.939337617253614,15.08160015501744,8.591173387134404,1.4278368357922773,-3.399789784452878e-05,-3.399789784452878e-05,2.3441856480153547,15.473581986278532
13441.240712600005,low_load,low_cognitive_load,9.836006395074264,8.681472292986655,19.18169699645341,18.814122744702672,-3.775705408770591e-05,-3.775705408770591e-05,20.282087658339606,10.414236046077804
13441.607609900007,low_load,low_cognitive_load,-27.499318219899806,-29.18102422353695,-35.47877280859984,-36.622569399837175,-3.6506899959931616e-05,-3.6506899959931616e-05,-39.6701578553525,-38.97373019539691
13441.978731500007,low_load,low_cognitive_load,10.911743085336866,17.74551754565482,13.499216188159153,10.559639439166403,-3.4514963772380725e-05,-3.4514963772380725e-05,12.964197262090693,16.005761277082456
13442.376175000007,low_load,low_cognitive_load,9.818916544693138,10.769353433671313,27.81341606037722,13.577382345243677,-2.9100851861585397e-05,-2.9100851861585397e-05,17.58186151074824,4.9412955564575896
13442.8016095,low_load,low_cognitive_load,45.38076097741646,38.94780164876556,134.86361122194103,90.82939321238155,-3.3724722925398964e-05,-3.3724722925398964e-05,89.18490872943539,39.844768226693304
13443.194415,low_load,low_cognitive_load,-33.836870064043296,-28.76683564162022,-37.471597836829005,-22.87544959137358,-3.38781774189556e-05,-3.38781774189556e-05,-25.57834874989112,-16.95147518543854
13443.5728995,low_load,low_cognitive_load,28.825988309586364,3.5452227448881786,14.874931892952645,-6.399454323965529,-3.21374463965185e-05,-3.21374463965185e-05,3.9348315696588543,10.245550176197867
13443.9314434,low_load,low_cognitive_load,-7.899493184954508,6.265104215164229,-5.779282718432569,-1.665094537809182,-3.3762987186491955e-05,-3.3762987186491955e-05,7.454627336906924,8.756093903783949
13444.330677000002,low_load,low_cognitive_load,9.740735326123513,2.780163112250648,-30.691069975925984,-22.143520166839608,-3.566963550838409e-05,-3.566963550838409e-05,-12.125990578380424,6.1677404244715035
13444.698351400002,low_load,low_cognitive_load,-18.604199989210656,-11.55764313420923,-43.40031991861815,-36.391391424945596,-3.3788277505664155e-05,-3.3788277505664155e-05,-37.92544356630833,-26.806239773257857
13445.074644300003,low_load,low_cognitive_load,-4.608497904051774,-11.666392252007881,11.902550580065054,9.543822621786148,-3.608534734667046e-05,-3.608534734667046e-05,5.860755305224302,-1.9818722699983482
13445.435756300003,low_load,low_cognitive_load,-14.86228436021679,-17.782084273988858,-32.38565527227411,-23.920799515883573,-3.4122018405469134e-05,-3.4122018405469134e-05,-26.46546942634268,-22.057205247777347
13445.831282300003,low_load,low_cognitive_load,-32.2848070660616,-32.082444665797084,-52.635255075484565,-43.780380513750515,-3.5676203879120294e-05,-3.5676203879120294e-05,-44.207114478838776,-31.76769310964619
13446.176128600002,low_load,low_cognitive_load,-0.18490291590819652,4.303816071869278,6.979574250960468,-6.911474237178027,-3.639764508989174e-05,-3.639764508989174e-05,10.874148936647543,3.6213971493348254
13446.551814300003,low_load,low_cognitive_load,13.126025023138709,28.115119061109453,-20.150776364914236,-6.361313138012974,-3.425757495278958e-05,-3.425757495278958e-05,-4.92000700249082,12.582276378438564
13446.961082400006,low_load,low_cognitive_load,-4.3497471937823775,-10.097768312185508,-1.320116225361744,-20.890499079274832,-3.381579153938219e-05,-3.381579153938219e-05,-17.452239352469405,-23.604048024083568
13447.328800700005,low_load,low_cognitive_load,4.004707520752163,21.355657751745184,-17.033522094400723,-4.239552797429042,-3.415077480894979e-05,-3.415077480894979e-05,-0.37398704789939075,10.634285680054745
13447.728008900003,low_load,low_cognitive_load,-19.012074607477416,-2.7095736830215174,-17.860137996839512,-7.968596366649763,-3.349932649143739e-05,-3.349932649143739e-05,-13.040173103932375,-13.223203651505628
13448.110298900005,low_load,low_cognitive_load,-3.8246075536496846,-1.865956131497569,20.792797148184036,12.988811174686361,-3.5269383261038456e-05,-3.5269383261038456e-05,0.7148890077573924,-3.153288877286741
13448.520171800004,low_load,low_cognitive_load,-17.70005506662278,-10.461040257371224,-45.53493917005153,-37.120557075531906,-3.7169939787418116e-05,-3.7169939787418116e-05,-21.02016358480114,-16.30809826419727
13448.870717600006,low_load,low_cognitive_load,-18.286764269569403,-24.43470517992091,-11.600071804855816,-5.404574082427189,-3.44712434525718e-05,-3.44712434525718e-05,-14.647167631996126,-17.54014267321054
13449.235657100005,low_load,low_cognitive_load,-12.68369277498573,-11.308524825771201,-27.20283006957152,-36.498229664222436,-3.3460784834460355e-05,-3.3460784834460355e-05,-22.51979208349212,-12.747545484016428
13449.615755000006,low_load,low_cognitive_load,7.3962757102385694,11.242344940922521,-10.485257551749328,15.937014820458444,-3.429772095842054e-05,-3.429772095842054e-05,18.788897301519228,16.855454224389632
13450.003152600006,low_load,low_cognitive_load,-11.471101089332251,-13.268073528867262,-3.644508718681209,4.800586220139849,-3.4928701097669546e-05,-3.4928701097669546e-05,5.2264916996109605,6.49564765840114
13450.385637000005,low_load,low_cognitive_load,3.0480493986058264,0.26979391399481756,-4.108379731451805,-4.348132942029679,-3.186292633472476e-05,-3.186292633472476e-05,4.178921961366086,4.810851712151816
13450.775649000007,low_load,low_cognitive_load,3.1763950066576854,8.65827980738868,9.700650061387933,11.82869210970739,-3.1240558200806845e-05,-3.1240558200806845e-05,5.518413127128497,-6.7339912228922
13451.142395000008,low_load,low_cognitive_load,14.383610596057224,-10.613118047489934,0.6402909096682379,-5.4338642830721255,-3.4159934330091346e-05,-3.4159934330091346e-05,1.177362636048656,5.149933050704476
13451.527149700003,low_load,low_cognitive_load,-4.13547150775571,1.0200960423262586,-35.80824941331275,-7.99861684939242,-3.4332627365074586e-05,-3.4332627365074586e-05,-14.194983608883376,4.162442796700361
13451.917084900002,low_load,low_cognitive_load,-13.058054866533212,-7.848632662946329,-35.00383466670337,-24.427623934774147,-3.505130189296324e-05,-3.505130189296324e-05,-14.509946383877832,-1.347105548644322
13452.303613000007,low_load,low_cognitive_load,-5.165690664384783,-8.050648794266635,-6.117754607111692,-3.0668414585115897,-3.643266609287821e-05,-3.643266609287821e-05,7.508086206807548,12.756651583646544
13452.716053000007,low_load,low_cognitive_load,-11.036772065033801,-6.044217649868642,-48.187409542389105,-44.33207799660477,-3.526670661813114e-05,-3.526670661813114e-05,-34.77517690920649,-2.6831294892272126
13453.093579400002,low_load,low_cognitive_load,23.835970630180327,18.30916687102399,27.472793417296543,31.656420780769622,-3.626600573625183e-05,-3.626600573625183e-05,27.057280179556983,17.707179084351537
13453.502791300001,low_load,low_cognitive_load,-13.755780899249885,-17.33357381875294,-3.6896598466560135,-23.28412979630457,-3.671561626106268e-05,-3.671561626106268e-05,-3.9149649270220834,-1.589327961743038
13453.894404900002,low_load,low_cognitive_load,20.09883381239979,30.09416806792069,27.665882346510898,33.56938763529115,-3.201428899046732e-05,-3.201428899046732e-05,25.333230260708206,21.04632066291697
13454.287181500002,low_load,low_cognitive_load,-3.5495440330771544,-15.348474164457912,-1.1583768447030707,-15.72832708452097,-3.2957971598079894e-05,-3.2957971598079894e-05,-9.399416524454864,-11.971597475077033
13454.711049200003,low_load,low_cognitive_load,-24.598096323946038,-31.980627905694746,-33.56550249873408,-16.577394628116053,-3.5839745578414295e-05,-3.5839745578414295e-05,-13.430773923864308,-17.7976191446769
13455.063540800003,low_load,low_cognitive_load,-1.6920053698381707,0.20691918726743097,0.8433966380821403,-3.852963190734499,-3.5501028833095916e-05,-3.5501028833095916e-05,-1.6936438033694685,-7.22886179446823
13455.464053700003,low_load,low_cognitive_load,-9.56206805724537,-7.253120946913896,-2.24760563923428,1.366752435552371,-3.505692166072549e-05,-3.505692166072549e-05,9.799443617081579,5.232592183023826
13455.872646700003,low_load,low_cognitive_load,-12.91710640855672,-12.7881733613508,-31.762082714752978,-25.691459345053772,-3.462886434135726e-05,-3.462886434135726e-05,-19.359606785168125,-12.236574926241246
13456.226934100006,low_load,low_cognitive_load,-10.631445420075579,-8.849831336669922,-14.632347029812081,-11.680302254107573,-3.601313437684439e-05,-3.601313437684439e-05,-10.831025580661844,-2.1292591804599397
13456.606921700006,low_load,low_cognitive_load,21.29604519745544,-22.550678004279234,31.333323681876664,18.101952330428958,-3.667384407890495e-05,-3.667384407890495e-05,13.248274637342547,4.42482387078644
13457.033138000006,low_load,low_cognitive_load,-20.29784275590373,-10.20746297175856,-29.92555395945874,-21.65767708109479,-3.758133334486047e-05,-3.758133334486047e-05,-22.475973449239973,-22.596219451252182
13457.401346800005,low_load,low_cognitive_load,-15.63719623309089,-12.849286971933907,-30.332289488781043,-28.37515107246236,-3.4964014957949985e-05,-3.4964014957949985e-05,-34.549062653162764,-19.08608203204585
13457.791565000003,low_load,low_cognitive_load,4.6650805598380884,2.508841380740705,18.628219645108402,10.019798601844741,-3.435478083702037e-05,-3.435478083702037e-05,7.352296684546673,-2.454801498392044
13458.2139857,low_load,low_cognitive_load,10.590062966571622,7.690057702861395,-5.578858191288418,10.019300582596316,-3.6543993701343425e-05,-3.6543993701343425e-05,4.965483254015453,8.13705792895962
13458.602356500001,low_load,low_cognitive_load,8.370273908784611,20.423155371477606,31.351476450749033,21.866843087678262,-3.5256650335213635e-05,-3.5256650335213635e-05,26.308504617148174,17.892187329339322
13458.9430161,low_load,low_cognitive_load,151.19812813388648,78.75708338216236,40.86016260670522,26.137386567964768,-3.501113405945944e-05,-3.501113405945944e-05,6.10137912967275,1.960554319116909
13459.305442,low_load,low_cognitive_load,-21.08519062474852,-12.467302441139054,28.887665371977164,18.375094753278063,-3.251079488109099e-05,-3.251079488109099e-05,25.511312285389522,21.00384881774289
13459.691833100002,low_load,low_cognitive_load,25.579343728312324,18.62778864424945,24.12930802617484,16.167991742612685,-3.345853383507347e-05,-3.345853383507347e-05,16.610987098981695,5.723581433809613
13460.082133000002,low_load,low_cognitive_load,-21.24949794768736,-19.094314745368592,-32.10152636198018,-17.99866464302022,-3.325149282318307e-05,-3.325149282318307e-05,-9.805159837340852,-10.072413572091591
13460.508555400002,low_load,low_cognitive_load,8.092363473120031,6.3255617493064165,-9.53094021652987,-20.573493728819358,-3.358850790391443e-05,-3.358850790391443e-05,-1.3240645161231441,7.498122543224326
13460.893563600002,low_load,low_cognitive_load,-17.007494930487383,-4.244391049171099,-19.608153635315375,-1.9581473521488988,-3.5886684599972796e-05,-3.5886684599972796e-05,-3.705390488571993,-9.766131340717948
13461.283424700003,low_load,low_cognitive_load,8.00194739087351,7.936476832916469,-22.7338100435436,-3.500872082605383,-3.33822163156583e-05,-3.33822163156583e-05,-7.997647224332468,4.494433402857339
13461.684780800002,low_load,low_cognitive_load,10.383553437370438,4.897887964142228,46.016706369272015,29.12785148636567,-3.5566367841965985e-05,-3.5566367841965985e-05,25.842518292493423,10.709201250351725
13462.067712300002,low_load,low_cognitive_load,-37.68927678411751,-43.205613270501544,-36.447928716156184,-35.041373927515,-3.515871958370553e-05,-3.515871958370553e-05,-38.07179964638908,-37.825918895130144
13462.470070500003,low_load,low_cognitive_load,12.824177195699576,13.223044014986954,17.866940923956918,15.833441581447914,-3.352854218974244e-05,-3.352854218974244e-05,11.602710064251369,1.7672115854170443
13462.867639300004,low_load,low_cognitive_load,10.146400319984195,10.59398140837584,32.03433932406233,23.407209876289926,-3.3373243240930606e-05,-3.3373243240930606e-05,23.603170734150808,8.30116478200307
13463.266401500005,low_load,low_cognitive_load,-4.480244219933411,-6.070568240661487,-22.581852772994353,-16.614112472599572,-3.534009101713309e-05,-3.534009101713309e-05,-22.7724082319005,-15.228240230323081
13463.690373800004,low_load,low_cognitive_load,11.06334520944506,13.079385400788851,22.557332660227075,20.629788110846675,-3.587934043025598e-05,-3.587934043025598e-05,19.34075234255124,18.21513117050199
13464.081623000005,low_load,low_cognitive_load,6.262487862152739,4.5719995941026355,19.01199816015196,13.003955008305184,-3.769842260226142e-05,-3.769842260226142e-05,-3.718260010674385,-9.864870436009369
13464.469652800006,low_load,low_cognitive_load,17.515185721476655,11.792092711671557,50.34128996986556,35.97953317831207,-3.321040730952518e-05,-3.321040730952518e-05,31.368104232812584,15.931948562936213
13464.858195100005,low_load,low_cognitive_load,-21.662061958945515,-26.262002239215235,-59.505836977504714,-57.14914343234477,-3.422005011088913e-05,-3.422005011088913e-05,-43.18007525433541,-21.305995471928327
13465.247155700006,low_load,low_cognitive_load,-1.3847170482431466,-14.796309733210364,-2.0622245793078946,-10.135841304399491,-3.539081080816686e-05,-3.539081080816686e-05,-4.695767866895494,-2.3249959756190037
13465.648323100006,low_load,low_cognitive_load,-15.552300799780369,-19.657997649970184,-12.373471521243118,-20.1628123270134,-3.4480547583370935e-05,-3.4480547583370935e-05,-15.605667313530375,-25.733447757223075
13466.032913100005,low_load,low_cognitive_load,-0.16586093628507115,-11.405619747363744,0.7287373330009359,-8.929965403592632,-3.346110042912187e-05,-3.346110042912187e-05,-3.5271450598902447,2.160853618840065
13466.445571000006,low_load,low_cognitive_load,-11.190481230954447,-2.905175268995208,-20.87492992401758,-6.116765874155135,-3.4842780223698355e-05,-3.4842780223698355e-05,-5.490251601733689,-4.889210417461982
13466.839200500006,low_load,low_cognitive_load,23.362275721465494,31.124112161138783,34.15898357156675,28.857088573330202,-3.448244297032943e-05,-3.448244297032943e-05,20.224663236408105,24.97418185337665
13467.240806800006,low_load,low_cognitive_load,-75.137247807937,-31.738847014871226,28.618712640657122,10.383814126445941,-3.590603228076361e-05,-3.590603228076361e-05,27.743250206212906,8.97255403365898
13467.638827600007,low_load,low_cognitive_load,-63.2475423160713,-42.212581060114644,-25.655543324400696,-16.79532625845968,-3.485515117063187e-05,-3.485515117063187e-05,0.7206461822879646,-0.7337938277610192
13468.032692500008,low_load,low_cognitive_load,40.96012873564882,31.996096228604074,12.759565256839323,10.926643983361373,-3.582949284464121e-05,-3.582949284464121e-05,14.36528068716234,27.136785997265633
13468.443667200007,low_load,low_cognitive_load,7.828784291097236,19.220561953724882,-11.36612301207606,-10.669344820207698,-3.3532367524458095e-05,-3.3532367524458095e-05,-3.823875956865777,14.6075008764642
13468.850579200001,low_load,low_cognitive_load,-2.929402450463158,0.19904754994104223,-14.597867718153793,-13.194748016969697,-3.307413498987444e-05,-3.307413498987444e-05,-1.7429236019220298,3.729615871041915
13469.228251900002,low_load,low_cognitive_load,24.54234914448807,20.906006740124667,36.02525761149627,16.778699159319785,-3.326796831970569e-05,-3.326796831970569e-05,19.9701319289793,18.252246909428322
13469.629520100003,low_load,low_cognitive_load,-9.184658757988245,-1.8360642169300263,-21.08867653888001,-15.23832383294075,-3.661251048470149e-05,-3.661251048470149e-05,-18.62389542287974,-8.550258007190678
13470.026016500002,low_load,low_cognitive_load,15.3792289831149,15.740694726252968,36.76967436307223,19.62182757151868,-3.396195188543061e-05,-3.396195188543061e-05,30.527742830052375,14.47512428205846
13470.419906600002,low_load,low_cognitive_load,-10.563684860377862,-12.805485592457899,-9.47308937432308,-3.8747338855237103,-3.66650474461494e-05,-3.66650474461494e-05,-11.743585034699663,-10.918209252210545
13470.829982300007,low_load,low_cognitive_load,3.736889760623626,2.3851833402636657,17.618759604062234,12.680833578906459,-3.537627708283253e-05,-3.537627708283253e-05,10.275955409364087,9.538796553316388
13471.206904000006,low_load,low_cognitive_load,-1.5881666336413218,2.4131855913992695,-4.976733447214883,-1.5174417940716012,-3.193679731339216e-05,-3.193679731339216e-05,-0.3032098758635584,1.0244475300473823
13471.584049300003,low_load,low_cognitive_load,5.556632249494442,9.380984341662497,1.1339442274256726,-5.751966236129647,-3.456773265497759e-05,-3.456773265497759e-05,-19.912795942214416,-8.10163031107868
13471.980270000004,low_load,low_cognitive_load,-0.7450523186143982,-0.6037342758772866,-16.860657650683606,-14.068190455375316,-3.50512318618712e-05,-3.50512318618712e-05,-2.1000030960572076,-1.168578084487308
13472.364183000003,low_load,low_cognitive_load,-11.834696311850166,-4.787441893877713,-3.803257403439602,-10.033734634492703,-3.304604888398899e-05,-3.304604888398899e-05,-15.105605635438678,-13.495757086638605
13472.775231700003,low_load,low_cognitive_load,-0.8983763842693406,-8.855736548891855,1.6134806367854253,3.7940559827839024,-3.658104469650425e-05,-3.658104469650425e-05,-4.33124389898876,-15.173416066421396
13473.175396500004,low_load,low_cognitive_load,-28.075976886678063,-26.55394435499784,-38.79077332125371,-33.651308881620935,-3.5965033930551726e-05,-3.5965033930551726e-05,-30.972630044621383,-25.05907616392051
13473.567898200004,low_load,low_cognitive_load,42.883117640925775,40.69491785881746,18.938068184793337,19.23907274264502,-3.5495072552294005e-05,-3.5495072552294005e-05,12.883033384718601,32.07790993134449
13473.964679600005,low_load,low_cognitive_load,-18.334051023186476,-10.670780596123677,-44.3469482318942,-22.523374276698178,-3.3764674299163744e-05,-3.3764674299163744e-05,-9.911669729617188,-2.8729474682777436
13474.367143000007,low_load,low_cognitive_load,1.0976112578593984,6.5952082650183,7.869299488922479,9.943420998709826,-3.521384314808529e-05,-3.521384314808529e-05,8.755575247994784,11.669623775257605
13474.771908700008,low_load,low_cognitive_load,15.456808479541223,9.132663158820833,9.94802154765057,1.3141293608578053,-3.494614429655485e-05,-3.494614429655485e-05,3.781296263398872,9.028510528381048
13475.179734100007,low_load,low_cognitive_load,-1.8099154710591847,-9.067835664152426,-3.951479161879888,-0.37979995327577853,-3.7772154428239446e-05,-3.7772154428239446e-05,-1.7541522558926772,3.5868405680171236
13475.580016200001,low_load,low_cognitive_load,6.897276272597992,4.370773417134387,4.497838124505961,6.82030868790207,-3.534378265612759e-05,-3.534378265612759e-05,4.582555195397617,9.917144303938585
13475.927608200001,low_load,low_cognitive_load,21.258583399350982,27.89982648676778,12.47157337435101,19.052494279650546,-3.4623979445314035e-05,-3.4623979445314035e-05,32.38118312151346,34.64869038322968
13476.318577900003,low_load,low_cognitive_load,-0.03233841481437594,5.645639327446133,-20.763572742333963,-15.249252429382523,-3.67319407814648e-05,-3.67319407814648e-05,-9.290709537793646,1.7996132647699596
13476.689755500003,low_load,low_cognitive_load,-0.018860381830791084,3.9286927243579157,17.978935907472533,16.96326644030978,-3.2100334465212654e-05,-3.2100334465212654e-05,2.776902232066277,3.0981502538738823
13477.077714400002,low_load,low_cognitive_load,37.62616556252033,34.376023923187404,76.90087911873115,57.37455663621222,-3.418162032176042e-05,-3.418162032176042e-05,53.76969749841737,37.52479297645459
13477.542688700001,low_load,low_cognitive_load,6.216880036573457,-0.7361980860955555,44.11917146681026,36.55614834643666,-3.487989579298301e-05,-3.487989579298301e-05,35.15922202409729,15.60038245461783
13477.928690100001,low_load,low_cognitive_load,6.241245078571183,13.289989303449147,19.605991103214365,20.834259711660707,-3.53930363417021e-05,-3.53930363417021e-05,16.524013082841975,19.4654856570246
13478.2460009,low_load,low_cognitive_load,-55.058661332059955,-21.855898705531672,-31.384869856108708,-24.23732540322908,-3.568524607544532e-05,-3.568524607544532e-05,-12.241926199893896,-10.486210809061049
13478.642701300001,low_load,low_cognitive_load,14.002896413723192,14.011660006195598,11.581620482038943,3.863144349983031,-3.589646075852215e-05,-3.589646075852215e-05,0.21072344363119555,3.0948113628965075
13479.030920400002,low_load,low_cognitive_load,4.564321314903054,5.78115296534952,-42.22082925454106,-56.03143793310528,-3.439694864937337e-05,-3.439694864937337e-05,-25.842542112653973,3.0279831843936336
13479.468004800003,low_load,low_cognitive_load,-18.85097161990825,-13.341007397994872,-60.188462358843935,-46.81360736236002,-3.5900621696782764e-05,-3.5900621696782764e-05,-47.36015540602557,-17.55133319513334
13479.720289700002,low_load,low_cognitive_load,-66.57468292549379,-55.93149433237704,-103.67835213555873,-101.74489557844845,-3.719129381352104e-05,-3.719129381352104e-05,-84.7385509112778,-63.635410194888664
13480.139484500003,low_load,low_cognitive_load,-21.097604887048647,-26.25778980932637,-16.70987210083149,-17.676241090593066,-3.361446943017654e-05,-3.361446943017654e-05,-21.5736060449899,-20.356136187640914
13480.521554500005,low_load,low_cognitive_load,-6.719048008624895,-3.8691665107057815,-3.8532626525829983,-11.991407211469323,-3.403641767363297e-05,-3.403641767363297e-05,-4.8934179694701925,-2.79619397869601
13480.920716300006,low_load,low_cognitive_load,-10.246833875279663,-14.528167809608476,-30.67842777671558,-17.726279206113304,-3.5123204725096e-05,-3.5123204725096e-05,-25.27579151662121,-14.854436359759802
13481.309340300006,low_load,low_cognitive_load,2.4717040932148393,-5.447292635725262,-29.763856453868357,-20.962914168291263,-3.715391267178347e-05,-3.715391267178347e-05,-12.40055180192303,0.22835171830456602
13481.713117400006,low_load,low_cognitive_load,-15.598715835215216,-16.027069803020368,-14.104741498736075,6.640613838470472,-3.5777797165792435e-05,-3.5777797165792435e-05,8.617283141152711,0.6828030708516053
13482.108136600005,low_load,low_cognitive_load,12.409321149197922,7.966761209212564,28.473492728071506,10.79525070114687,-3.3711297874106094e-05,-3.3711297874106094e-05,5.892385700502928,3.33836973862617
13482.526889800005,low_load,low_cognitive_load,19.942098093553795,20.36452852019511,36.81682375319497,36.510802826349845,-3.3688814255583566e-05,-3.3688814255583566e-05,41.109222417273486,31.74522382710211
13482.902336500005,low_load,low_cognitive_load,2.9784708526960912,-5.7763608821696835,39.59647369471031,34.28593356356714,-3.551859663275536e-05,-3.551859663275536e-05,26.198005564838695,1.1448910111871555
13483.310807200007,low_load,low_cognitive_load,4.747403977459044,10.541551589736628,-20.01798511764582,-40.53597809175153,-3.6397525036591105e-05,-3.6397525036591105e-05,-27.38541814102473,-4.121202214600089
13483.688618000007,low_load,low_cognitive_load,3.5947577448607717,-0.9116488215422578,16.59998616313578,25.113704191589477,-3.629288221418392e-05,-3.629288221418392e-05,27.02171240689131,14.535375624971948
13484.100016100007,low_load,low_cognitive_load,7.061000839232065,10.014414633660635,16.636825286845124,8.338944432200151,-3.493556050671032e-05,-3.493556050671032e-05,1.851758317697204,-2.514099560673003
13484.497629600008,low_load,low_cognitive_load,8.184096179391418,13.577805008030282,12.346956416964986,7.024481221658334,-3.423744328756584e-05,-3.423744328756584e-05,5.410167052322777,8.51657648063474
13484.8948106,low_load,low_cognitive_load,-38.254529881935014,-39.69188022883009,-28.34921939676269,-35.226108904754255,-3.5527174986782484e-05,-3.5527174986782484e-05,-33.1398538270023,-25.917358283644717
13485.2805171,low_load,low_cognitive_load,11.754550777554869,6.039738665736422,19.305495171336588,6.312373360483434,-3.624563123594271e-05,-3.624563123594271e-05,10.246195717925275,7.377169136719658
13485.6802288,low_load,low_cognitive_load,-11.578141083000219,6.742922457456643,-15.582072429673644,7.206459767694923,-3.673146966320928e-05,-3.673146966320928e-05,-2.029382063078174,3.6884864155599644
13486.0716544,low_load,low_cognitive_load,-5.102352738858144,-6.968530743923566,-0.42248902612345773,-1.8721591855196493,-3.390979782125214e-05,-3.390979782125214e-05,4.150534918809171,2.9230391586952464
13486.4724616,low_load,low_cognitive_load,-18.259479558247676,-8.436221047136769,-19.16702465172102,-8.125497494069805,-3.112794456683332e-05,-3.112794456683332e-05,-3.694392177944337,-6.241663809914371
13486.876647000001,low_load,low_cognitive_load,10.70241643547024,11.586716254297244,24.487611994567942,22.95418462730231,-3.599565661716042e-05,-3.599565661716042e-05,19.414991507070226,18.484931321914246
13487.2602635,low_load,low_cognitive_load,-28.619438512500665,-31.280022884317532,-12.648597713870004,-7.093718782504311,-3.536797157721594e-05,-3.536797157721594e-05,-15.948071921454357,-29.660832846238463
13487.6798921,low_load,low_cognitive_load,8.89376009215539,9.875495267311635,16.044174294064305,6.3651792865839525,-3.544070204952732e-05,-3.544070204952732e-05,6.93912870885697,9.906494746796398
13488.059406600001,low_load,low_cognitive_load,-13.939989858715307,-19.786248660982892,11.67573088408517,13.499121098837804,-3.96018640458351e-05,-3.96018640458351e-05,4.7916864580347465,-11.439101753901014
13488.4640072,low_load,low_cognitive_load,-26.345402270967725,-25.840339690068504,-40.53064402720247,-51.0568405501117,-3.34661926899571e-05,-3.34661926899571e-05,-35.86738357474496,-29.54238129873511
13488.852874900002,low_load,low_cognitive_load,-11.257927184259415,-18.171330716056218,-28.000035095272324,-23.30035253242295,-3.383902458153898e-05,-3.383902458153898e-05,-23.285882546464563,-19.141620883530322
13489.245887900002,low_load,low_cognitive_load,15.704532214030905,11.381995766762884,12.176518904074328,4.500828405166885,-3.5081516216450837e-05,-3.5081516216450837e-05,0.5499564481051493,4.340365010434198
13489.650873100003,low_load,low_cognitive_load,2.664875718625126,1.870483561423498,26.730964935955853,9.57316559334049,-3.364119402249344e-05,-3.364119402249344e-05,9.509634033098337,2.9775831635515715
13490.048276700003,low_load,low_cognitive_load,1.3467190147887322,-2.1817969042831464,-12.300106281449644,-10.982658132177221,-3.3557653296156786e-05,-3.3557653296156786e-05,-6.1800135595276515,-3.62353470434482
13490.448284300002,low_load,low_cognitive_load,6.069305546922578,-0.6174513301734805,10.255520839162727,1.4894213367115299,-3.4230894925713073e-05,-3.4230894925713073e-05,8.33010425055636,3.811281030344162
13490.935257000003,low_load,low_cognitive_load,-7.915038829795094,-0.3247484021080709,-20.06879695614225,-10.395876512754512,-3.645939796115272e-05,-3.645939796115272e-05,-18.745210267415587,-6.843613422309772
13491.456169500005,low_load,low_cognitive_load,9.517699499127502,5.141108538476146,41.30251715409349,36.27882017084585,-3.572381683625281e-05,-3.572381683625281e-05,29.117421973612636,13.288950136488438
13491.647367600006,low_load,low_cognitive_load,-1.5397002786069152,0.2837157279877829,12.825210883013824,12.028826975649736,-3.613725766626885e-05,-3.613725766626885e-05,11.431051119629046,11.592016381653139
13491.953511600008,low_load,low_cognitive_load,22.688338070578993,18.79085125020083,21.289184654095152,25.133035448023293,-3.738376562978374e-05,-3.738376562978374e-05,23.451594295108407,15.18658498926061
13492.357128300007,low_load,low_cognitive_load,-4.7997269459356176,-6.515448431096047,1.2101259271253184,-3.8773279056822503,-3.446013215580024e-05,-3.446013215580024e-05,7.322791747476003,5.538266470149665
13492.732730300007,low_load,low_cognitive_load,0.5910243380451448,-7.2445590328343314,-4.106204095259727,-10.775279967165716,-3.3948151212825906e-05,-3.3948151212825906e-05,-21.15418722356344,-12.153268776575715
13493.193758100007,low_load,low_cognitive_load,-20.84972125735544,-14.525617715550197,-31.25283536068946,-32.31322790413742,-3.561704397725407e-05,-3.561704397725407e-05,-33.307586632709445,-28.281195596427096
13493.572975200006,low_load,low_cognitive_load,-37.35044363857833,-36.03743933031501,-37.90138424958286,-41.13958763471237,-3.4978291296283714e-05,-3.4978291296283714e-05,-46.73357805045225,-38.60346438493889
13493.973311300006,low_load,low_cognitive_load,-1.7011934580939396,-7.20424180295322,-5.157094165557737,-6.881514808709198,-3.42345492754248e-05,-3.42345492754248e-05,-9.804034201907598,-11.490621122450648
13494.366364600008,low_load,low_cognitive_load,1.9100459488765864,3.997923490910125,-11.906411235810992,-22.751772002131474,-3.500343609630363e-05,-3.500343609630363e-05,-17.948756614973263,-4.655568771586786
13494.845388600002,low_load,low_cognitive_load,-9.924008768191015,13.972351128696573,7.017749780653503,4.704192233007234,-3.686809941427782e-05,-3.686809941427782e-05,10.442069327417812,6.092115544725857
13495.138969700003,low_load,low_cognitive_load,-0.7490695914284515,-4.883274297534626,5.316676580269814,-10.319054904283348,-3.577594179660082e-05,-3.577594179660082e-05,-7.797445657911794,-6.3981215229646295
13495.514075900004,low_load,low_cognitive_load,11.581241189847105,2.3952086511808375,8.503867560226809,10.50002399862251,-3.603900313464692e-05,-3.603900313464692e-05,6.772473645321952,4.062438215693874
13495.905847700007,low_load,low_cognitive_load,8.241389717917627,4.962592811485138,9.245430593559831,2.599184617688934,-3.64499001079821e-05,-3.64499001079821e-05,3.2837980491522103,-1.6103792118688034
13496.295670900005,low_load,low_cognitive_load,14.743381072637703,15.609341588026382,-1.8196978630039666,7.44303358686966,-3.266861313022673e-05,-3.266861313022673e-05,12.967246929509656,14.647203286157946
13496.700725500006,low_load,low_cognitive_load,3.4401921131334348,12.941866650356133,24.67350190856905,15.563939446245058,-3.298735282442067e-05,-3.298735282442067e-05,20.81575374145541,21.224407157638325
13497.109062600006,low_load,low_cognitive_load,5.850943280848696,2.7871503246856264,7.151894822298345,-7.397132846486784,-3.421675410208991e-05,-3.421675410208991e-05,1.9105681011037632,0.5929988400139337
13497.443835000007,low_load,low_cognitive_load,-6.48532466502229,0.9252931275232186,-8.3104223910791,-13.020932348230417,-3.7030672501714434e-05,-3.7030672501714434e-05,-12.480469827410161,-5.052019320481577
13497.848838900007,low_load,low_cognitive_load,-9.153142464562507,-6.933997190502396,2.9234680225072225,-5.001176254743768,-3.5868692975782324e-05,-3.5868692975782324e-05,-5.4973590187205446,-16.49017729991192
13498.308725900008,low_load,low_cognitive_load,-14.86560728895347,-12.90101567954298,-20.064758760013774,-20.115042073089626,-3.236831798858475e-05,-3.236831798858475e-05,-21.035275538039514,-17.291468777284535
13498.685423100002,low_load,low_cognitive_load,2.471639667226782,15.718971368573875,-0.24968811721419115,3.0535717168154406,-3.476391066215001e-05,-3.476391066215001e-05,-5.1446948188986426,7.92504855945117
13499.062092600003,low_load,low_cognitive_load,-17.275430747208702,-8.836586162449294,-13.047498311289928,-13.657426619003672,-3.501245555526111e-05,-3.501245555526111e-05,-14.560981423888734,-11.802179407240601
13499.458088600002,low_load,low_cognitive_load,-15.58893639336975,-0.7117046373919038,-3.9838152467509644,-16.754018594954687,-3.437702343944693e-05,-3.437702343944693e-05,-6.00890639915815,-3.4810896282356225
13499.851229000002,low_load,low_cognitive_load,10.640211603623811,6.883188464742943,1.626725516157876,17.171649613236696,-3.334886332595488e-05,-3.334886332595488e-05,6.5758897267414795,4.77833775149702
13500.244497300004,low_load,low_cognitive_load,-7.229865128849724,-2.019994979620151,-12.735932294819122,-13.730072059287977,-3.684637431433657e-05,-3.684637431433657e-05,-4.679953388308149,3.430612159080738
13500.630056800004,low_load,low_cognitive_load,-35.68787529755173,-33.656024857974444,31.074644728603744,24.718790302093566,-3.280950659245718e-05,-3.280950659245718e-05,2.5800991052542486,-32.25151785749449
13501.027911100004,low_load,low_cognitive_load,6.185733020472981,4.639635851055573,-35.96669672485905,-17.52064299536096,-3.0870784030412324e-05,-3.0870784030412324e-05,-5.335926874377947,8.015800407279585
13501.4237462,low_load,low_cognitive_load,13.605705125410623,4.260077501948672,30.146531158639846,20.898575132714996,-3.433521033002762e-05,-3.433521033002762e-05,8.171640832331832,-6.5060520046135935
13501.802456300002,low_load,low_cognitive_load,-13.146011326711232,-5.62067753789961,-9.822984519526472,-4.6691950067202015,-3.630595801951131e-05,-3.630595801951131e-05,-3.4587981160957497,1.3424166376403264
13502.194280700003,low_load,low_cognitive_load,15.339176116351382,11.784185373358923,-15.222940073918835,-6.590457472323578,-3.218249275960261e-05,-3.218249275960261e-05,2.6065927567619838,24.652815721663956
13502.598105900002,low_load,low_cognitive_load,-18.484410475116192,-36.65586844406471,-38.240074375159566,-50.52352094230537,-3.624293276516255e-05,-3.624293276516255e-05,-37.42957340928979,-26.148001343678516
13503.011279000004,low_load,low_cognitive_load,2.3882483852364658,-3.3176374560607655,39.628524970261424,25.290000435824368,-3.533268227329245e-05,-3.533268227329245e-05,20.28739606821,2.0922182230392536
13503.402630000004,low_load,low_cognitive_load,-30.07206609530317,-44.51587487986217,66.83948837614435,60.352073793785166,-3.49996762452065e-05,-3.49996762452065e-05,32.31385583176734,-33.13846988248224
13503.759805400006,low_load,low_cognitive_load,-1.7589649457520409,-0.8799883342439898,-30.291203420435522,-14.980816340128968,-3.547603137121769e-05,-3.547603137121769e-05,-20.944010401411106,-4.077393986165134
13504.157794500006,low_load,low_cognitive_load,94.24039439324952,88.21042058650846,49.01729317583886,55.67703728613424,-3.3158309634018224e-05,-3.3158309634018224e-05,66.36340757231437,80.97849053372829
13504.569711100006,low_load,low_cognitive_load,-47.26293009339565,-54.13122495828429,66.30943532297715,42.10294026242718,-3.133888549200492e-05,-3.133888549200492e-05,11.729571884811321,-49.30202609911976
13504.954134600008,low_load,low_cognitive_load,55.245586281558644,59.84530069330276,-64.42557471246164,-41.163161044721164,-3.514029231155291e-05,-3.514029231155291e-05,-5.447747284013531,62.20393678823939
13505.409748400007,low_load,low_cognitive_load,-3.957795735758964,-0.028418401734597865,4.309581706848348,-4.520920973790453,-3.6544198337651324e-05,-3.6544198337651324e-05,-2.946105500205249,-8.50253343032091
13505.726859100007,low_load,low_cognitive_load,-17.847334199209854,-0.9397346403875417,-110.3072449005308,-90.10056018647856,-3.501510127534857e-05,-3.501510127534857e-05,-61.428063206796196,-9.097479198549081
13506.132133700008,low_load,low_cognitive_load,34.65087733958967,34.88074061596308,-1.6926186095347475,11.697752182907152,-3.394504892639816e-05,-3.394504892639816e-05,14.111982510395137,32.00195605111276
13506.576140200008,low_load,low_cognitive_load,-28.14526462345225,-33.0231564515193,0.6779417119973914,-21.359714835080922,-3.4263891393493395e-05,-3.4263891393493395e-05,-23.80947077835117,-33.87145672693396
13506.9679682,low_load,low_cognitive_load,54.11413029362939,74.56009445752852,-95.87216865717073,-87.66209521098563,-3.58224597221124e-05,-3.58224597221124e-05,-36.72125805545011,62.9695269229951
13507.3647301,low_load,low_cognitive_load,16.374683274739255,40.64911737434022,-84.22230634789457,-71.98482054886472,-3.813651255768491e-05,-3.813651255768491e-05,-35.716552984472855,30.617205674834167
13507.7252011,low_load,low_cognitive_load,35.30484725732936,26.987749555303253,70.40989193776295,58.09993662610577,-3.370590820850339e-05,-3.370590820850339e-05,35.65637262098244,21.82864843953621
13508.064823400002,low_load,low_cognitive_load,-27.12970926034245,-31.86113938440485,6.423112018561369,-16.21763472250086,-3.242016555304872e-05,-3.242016555304872e-05,-5.468263637126711,-18.172417598517313
13508.481873000002,low_load,low_cognitive_load,20.810478039438976,19.818465112376543,13.399110895016292,19.913477953291476,-3.304781057522632e-05,-3.304781057522632e-05,24.301950399928046,30.86132965989691
13508.853631900007,low_load,low_cognitive_load,36.7785601427272,21.52673757894945,38.23472223950466,38.083509301566664,-3.3542980418133084e-05,-3.3542980418133084e-05,34.40763475828862,34.273262067592896
13509.218563700008,low_load,low_cognitive_load,-22.134107821224234,-22.769205612185033,-10.61102620911015,-1.8897447876856859,-3.409172768442659e-05,-3.409172768442659e-05,-13.049852898357585,-20.75652985344368
13509.612675500008,low_load,low_cognitive_load,26.77358919557355,29.00175322281575,16.51541863619059,10.211331491615965,-3.504813867039047e-05,-3.504813867039047e-05,19.138667566804997,27.42330192960526
13509.998905500008,low_load,low_cognitive_load,8.59552704314342,6.059821767156791,-2.13185417964678,-1.7226896083193424,-3.465073496045079e-05,-3.465073496045079e-05,4.2442822715274815,5.708172216134244
13510.413349700008,low_load,low_cognitive_load,8.12184244734317,8.570054987457752,54.38938234122588,30.66648702086104,-3.342842137499247e-05,-3.342842137499247e-05,20.778856125094535,11.593342070067592
13510.838741000007,low_load,low_cognitive_load,18.820599023533532,20.824590602841454,41.38358514940137,42.624688190589495,-3.641199873527512e-05,-3.641199873527512e-05,33.886005670538,23.02165645367768
13511.1928788,low_load,low_cognitive_load,7.257616042490326,12.89872729374838,26.197615586010215,12.20490362661485,-3.7154877645662054e-05,-3.7154877645662054e-05,11.593605635374843,11.003715473942066
13511.568162200003,low_load,low_cognitive_load,-18.80573634692564,-12.62977068295504,-33.98171790731067,-18.809973626460305,-3.478205144347157e-05,-3.478205144347157e-05,-10.5005015166048,-14.585588116985036
13511.957184700002,low_load,low_cognitive_load,-7.219045710653745,-4.3236920151853155,-5.299456076446859,-5.635327066686386,-3.547151845850749e-05,-3.547151845850749e-05,-8.693247422959757,-6.391686262519215
13512.329267000003,low_load,low_cognitive_load,-6.458988061512173,8.464634857059991,-33.499285980184595,-26.807879935508936,-3.323776945762802e-05,-3.323776945762802e-05,-12.424712165011897,10.265059472494158
13512.727239100002,low_load,low_cognitive_load,8.929443541155024,12.323220033850248,6.1243214526521115,4.396020637957918,-3.117522010143148e-05,-3.117522010143148e-05,1.198907667360345,5.175841506524648
13513.122402000003,low_load,low_cognitive_load,0.8693100283828699,-3.734191720311628,-7.76683463353902,-8.510073973106955,-3.435492908465676e-05,-3.435492908465676e-05,-5.657735989378125,2.2908960140207455
13513.506162400005,low_load,low_cognitive_load,4.539200950306167,-7.0023760026033415,5.926398067422724,15.85585397162049,-3.380876023584278e-05,-3.380876023584278e-05,16.49348870486574,10.023006078479284
13513.837276500004,low_load,low_cognitive_load,2.0257598133280226,0.0925105837668525,-4.418274785468384,1.3575685092464482,-3.403346363484161e-05,-3.403346363484161e-05,-8.971207415118442,-9.795183180994172
13514.239574400002,low_load,low_cognitive_load,4.670311063922554,2.346198988172091,43.8472509033254,39.47584217272379,-3.5797049349639565e-05,-3.5797049349639565e-05,18.17056692528331,7.614367840526938
13514.604056600005,low_load,low_cognitive_load,-22.70671606046494,-12.65070683715112,-136.05830776786752,-140.9930558290689,-3.379171357664745e-05,-3.379171357664745e-05,-48.37288457401701,-10.007334101067045
13514.962678300004,low_load,low_cognitive_load,8.780189708418902,8.054171512315861,73.5494457949203,85.51799823354986,-3.4322094506933354e-05,-3.4322094506933354e-05,35.89973934580166,3.361214816467509
13515.327724000004,low_load,low_cognitive_load,-5.563497720440182,-3.443960334039275,-27.347313707152807,-22.755035296503593,-3.425635895837331e-05,-3.425635895837331e-05,-5.121756522457417,1.7121410654908686
13515.711117700004,low_load,low_cognitive_load,-4.711043473156451,-6.4078242446030345,-24.390377692041056,-23.37235283164182,-3.5951957215729635e-05,-3.5951957215729635e-05,-17.182224560620853,-11.435309957127629
13516.076319100004,low_load,low_cognitive_load,-7.379502332870061,-16.35684064607085,-10.937476750642873,-9.736267002445857,-3.39256275765365e-05,-3.39256275765365e-05,-9.266479045741562,-9.407858739344647
13516.474056200004,low_load,low_cognitive_load,18.08088591175465,10.884093320185002,23.299465349442926,22.36483086219232,-3.0008282919880003e-05,-3.0008282919880003e-05,36.4755129030209,30.34227371445877
13516.867451800004,low_load,low_cognitive_load,-4.403391209664051,-12.655811492983503,-12.758990161280963,-14.954650730765024,-3.314263540232787e-05,-3.314263540232787e-05,-6.442915464649104,-13.13838062169134
13517.273127400005,low_load,low_cognitive_load,8.171058736843634,10.424702294261351,-12.354068299215214,-10.706168425761916,-3.460549851297401e-05,-3.460549851297401e-05,-6.334415907597759,-1.7055150590745143
13517.628615300006,low_load,low_cognitive_load,-16.207157905920212,-13.308036053430897,-3.666977048178069,-5.9801388991313615,-3.557323543645907e-05,-3.557323543645907e-05,-12.704138442631574,-10.075034129815776
13518.027966700005,low_load,low_cognitive_load,-25.16011749655786,-29.336876538324304,-13.380433586949948,-22.746336563960085,-3.3132772841781843e-05,-3.3132772841781843e-05,-24.3602775084355,-34.04372445159288
13518.391111700008,low_load,low_cognitive_load,9.457449743546476,-10.590305959934085,13.830298811792545,7.981923028272831,-3.391023437870899e-05,-3.391023437870899e-05,3.06494356516032,-8.043018891049542
13518.761472800008,low_load,low_cognitive_load,9.124527148953348,5.09362250122922,3.2231165267689903,-0.18213158494427262,-3.3835411159088835e-05,-3.3835411159088835e-05,7.298317561318072,5.00067729228158
13519.166592700007,low_load,low_cognitive_load,13.58834154891315,11.903439597444503,7.189229283617806,10.77801575331614,-3.271460627729539e-05,-3.271460627729539e-05,-1.5707155654781673,3.0805415302033907
13519.548934700008,low_load,low_cognitive_load,10.490541697073922,4.484945199671529,11.081682720986919,0.18353237464452832,-3.228566674806643e-05,-3.228566674806643e-05,14.04847661132726,15.113705699921866
13519.909829600007,low_load,low_cognitive_load,17.603004915536758,20.71039710040077,21.088396945801378,16.09418604604525,-3.6800309317186475e-05,-3.6800309317186475e-05,22.80053771130906,25.5712602626877
13520.265998800007,low_load,low_cognitive_load,-1.293562508137029,6.1584052964290095,-36.08712975707931,-29.596394896624133,-3.62465507350862e-05,-3.62465507350862e-05,-3.6086278694265275,1.2978407925429565
13520.622445400008,low_load,low_cognitive_load,-38.975092546481164,-17.843639899469053,-16.633490319365592,-26.01462059938831,-3.4322187275392935e-05,-3.4322187275392935e-05,5.573182472523968,-7.63112970002112
13521.016119900007,low_load,low_cognitive_load,19.495188341818903,18.7421204914167,7.584060982880601,23.275025868852026,-3.563888731150655e-05,-3.563888731150655e-05,24.75172379321566,24.30965824815803
13521.400984900007,low_load,low_cognitive_load,-0.5590263912142746,-3.26177766449473,10.231202639269213,0.8245977692654378,-3.4260249776707496e-05,-3.4260249776707496e-05,6.383851713831973,8.405766793157909
13521.781239900007,low_load,low_cognitive_load,-0.3358172295224904,-4.955665680022321,51.136653434552045,33.47960667955704,-3.228721288905945e-05,-3.228721288905945e-05,22.382910841867215,4.779453336746428
13522.200182500008,low_load,low_cognitive_load,7.336658864704077,5.181055531616948,31.026369584571057,39.90276972971151,-3.5037023735640105e-05,-3.5037023735640105e-05,33.22941897398641,13.741729329110967
13522.5728423,low_load,low_cognitive_load,14.380981272304325,3.4286177218341436,9.665981158389968,-0.7726227746989025,-3.590179585444275e-05,-3.590179585444275e-05,-11.13589467860811,-10.262015487823646
13522.9510023,low_load,low_cognitive_load,-17.92540731275767,-27.752971682169118,-18.50164826917853,-24.164846975329056,-3.6063501283933874e-05,-3.6063501283933874e-05,-17.378555470111223,-15.418355481630442
13523.3047255,low_load,low_cognitive_load,-81.6831626877788,-2.143661050204173,-13.24865109869279,-14.916641490492566,-3.75918152712984e-05,-3.75918152712984e-05,-10.321356695186296,-4.479966821544167
13523.6989066,low_load,low_cognitive_load,-26.64643709516804,-21.04476796779454,-16.042396066837227,-12.084265977656742,-3.580124212021474e-05,-3.580124212021474e-05,-18.9054532487321,-16.44808608838912
13524.061188600002,low_load,low_cognitive_load,-12.217557163558013,-3.0076919713219468,20.73313077405237,15.463703370291569,-3.431943969189888e-05,-3.431943969189888e-05,11.572322346645706,2.421039467751598
13524.418286900003,low_load,low_cognitive_load,22.79466567434838,6.627024745869221,-21.963378400943384,-21.54513652204423,-3.582869157980895e-05,-3.582869157980895e-05,-23.569075947085366,-10.277761111828568
13524.790270500001,low_load,low_cognitive_load,67.55310834692159,65.27108350530989,57.27554112639109,112.87872756839806,-3.4519205655669793e-05,-3.4519205655669793e-05,88.68526301104384,72.8240543341085
13525.2090417,low_load,low_cognitive_load,-7.925479093890544,-1.067242959176383,-14.72526234296538,-5.840544391465301,-3.512359398882836e-05,-3.512359398882836e-05,-12.499092125916832,-9.092713807773634
13525.557410100002,low_load,low_cognitive_load,9.981690895601105,7.363390063728275,11.214204625910497,-1.723206318647044,-3.545750951161608e-05,-3.545750951161608e-05,-3.165889954852446,-1.2902179731795513
13525.959713000004,low_load,low_cognitive_load,-3.1365000095279356,-5.2765212745493955,-39.27679265450706,-36.16109813311459,-3.5165153349225875e-05,-3.5165153349225875e-05,-25.622914616308663,-4.695814990538111
13526.331160000003,low_load,low_cognitive_load,8.859645958289775,15.817772939647512,-7.335194301668707,-2.418893007249153,-3.4276716178283095e-05,-3.4276716178283095e-05,14.438840532285212,14.288009555618373
13526.706385300004,low_load,low_cognitive_load,73.90186186923188,37.15229375164927,-15.520513614597348,9.304080942323708,-3.5344823118066415e-05,-3.5344823118066415e-05,-11.698211174897096,-5.262516821695044
13527.090355300004,low_load,low_cognitive_load,-44.06258653400732,-33.27174039464035,5.818586094295824,-9.391710705885544,-3.496512999845436e-05,-3.496512999845436e-05,-4.723789403857154,-7.483881488520183
13527.513906900002,low_load,low_cognitive_load,23.481263783039367,13.208223793400066,8.186254081512743,13.611339597144706,-3.4705349207797553e-05,-3.4705349207797553e-05,16.704234022359287,16.44022064626506
13527.910934700003,low_load,low_cognitive_load,-3.787159996825494,-7.1228302216700285,14.8566877805265,10.60799951127683,-3.2593420655757654e-05,-3.2593420655757654e-05,21.16704003725954,-6.329127434098609
13528.307566800002,low_load,low_cognitive_load,6.788419791346541,-1.0013172854401091,-1.9202419916096005,9.867732811478618,-3.447398921707645e-05,-3.447398921707645e-05,-7.662921435444332,-2.3674287133671896
13528.747416500004,low_load,low_cognitive_load,-0.14223209520628188,-1.3679939278667916,16.2032798415853,17.25355577980463,-3.5033161111641675e-05,-3.5033161111641675e-05,16.315659993617828,-1.5156151280734775
13529.066710100004,low_load,low_cognitive_load,-12.62329137232382,-10.188791793345445,-13.575550534067588,-10.236010700680254,-3.1434252377948724e-05,-3.1434252377948724e-05,-0.24816641679126406,-10.822581618780532
13529.558028200005,low_load,low_cognitive_load,9.902902475666906,11.010069616253531,-18.34634011448361,-13.952670877336459,-3.0768950637138914e-05,-3.0768950637138914e-05,-18.839115044635946,4.188523912441724
13529.888116400007,low_load,low_cognitive_load,-2.8133596445120475,-5.468123909710357,15.758250286954535,18.126505032516434,-3.50515401805751e-05,-3.50515401805751e-05,11.631808400654336,-3.553483030451389
13530.245361500001,low_load,low_cognitive_load,-9.71443256048883,-15.918665678309026,27.626298971536926,18.27597936445045,-3.428850686759688e-05,-3.428850686759688e-05,11.880229241792222,6.736528279174763
13530.6701754,low_load,low_cognitive_load,32.05735918466712,37.699981167109854,59.76792201793023,55.46674936177669,-3.430600645515369e-05,-3.430600645515369e-05,37.98560945681902,28.201247166439316
13531.042525000004,low_load,low_cognitive_load,-29.57745105683648,-16.363946233907427,-51.15700220759618,-35.77499321966343,-3.5604903132480104e-05,-3.5604903132480104e-05,-24.578711774125168,-12.11370384248221
13531.452669900003,low_load,low_cognitive_load,-2.3326954315057264,5.634146328250608,1.6358485468354047,12.213663525869833,-3.586976981750922e-05,-3.586976981750922e-05,9.73278720966755,15.794151874022646
13531.794974000004,low_load,low_cognitive_load,7.882558485541949,-1.1107209228944157,18.022259869946083,12.734823887893981,-3.3322524359391537e-05,-3.3322524359391537e-05,-0.11371782409469233,-9.572485736145154
13532.179478100003,low_load,low_cognitive_load,-3.7707543870378686,6.274073473777207,14.5530079327973,13.973889336971752,-3.697687407111516e-05,-3.697687407111516e-05,11.187568278735853,6.677918971617601
13532.549348900002,low_load,low_cognitive_load,9.983467143256348,-0.3204260844768214,29.31006657766602,21.35357134990727,-3.6578604522219393e-05,-3.6578604522219393e-05,8.248640614114265,12.752892476558372
13532.908057200002,low_load,low_cognitive_load,27.466220129754447,12.161616081138163,33.290260744925945,24.887243042456703,-3.335505516588455e-05,-3.335505516588455e-05,29.16169640369708,22.609190661162756
13533.285517500002,low_load,low_cognitive_load,8.028438637311183,13.675412784344644,6.875997780179205,-3.768678082810311,-3.4767077522701584e-05,-3.4767077522701584e-05,-2.5197351146593974,2.407373854196976
13533.668407900002,low_load,low_cognitive_load,9.529611747190984,-4.630901783412355,10.157203426281285,6.576722633629743,-3.366758301126538e-05,-3.366758301126538e-05,7.508006502356693,-6.823231827011114
13534.083535900003,low_load,low_cognitive_load,-11.08855234257976,-6.297530463084968,-1.4845571771666073,-4.779558754491973,-3.150273551000282e-05,-3.150273551000282e-05,-10.505559325266404,-15.053106751078303
13534.467823700004,low_load,low_cognitive_load,5.916923727263793,-6.006297412570348,8.192919915658422,20.111683594857823,-3.50731370417634e-05,-3.50731370417634e-05,8.05107171506279,4.997377063208205
13534.844340500003,low_load,low_cognitive_load,111.33754258595195,17.011484319712963,5.783248523131533,0.9224343567343567,-3.717938488989603e-05,-3.717938488989603e-05,-0.2632734770481875,5.648529060009423
13535.274491500004,low_load,low_cognitive_load,-21.676853982012517,-7.778026619456796,-26.954294912750356,-13.457723302166414,-3.4968550608027726e-05,-3.4968550608027726e-05,-5.438419366627841,-1.5142466804254582
13535.645460300006,low_load,low_cognitive_load,46.8953338509416,5.074734321804499,0.27060348166060066,-1.063643665730524,-3.3858920687634964e-05,-3.3858920687634964e-05,-2.556285793184543,0.9710306483534623
13536.031283400003,low_load,low_cognitive_load,-45.75164808308773,-5.983848504030902,20.1844974445371,22.517973642643028,-3.747726805158891e-05,-3.747726805158891e-05,9.853654983010983,2.555612982319417
13536.437890300005,low_load,low_cognitive_load,-11.613932966169386,-4.51968632935359,4.900130581228495,9.189472833591026,-3.685448427859228e-05,-3.685448427859228e-05,5.061884350901892,-7.296679315182246
13536.833224300006,low_load,low_cognitive_load,1.222377392754197,-27.216625528185432,-3.3172864923503766,-3.601825783048298,-3.374627522134688e-05,-3.374627522134688e-05,2.607833038748595,-8.426462384084516
13537.235721800007,low_load,low_cognitive_load,-3.155978119380734,-5.900645161505963,16.027870905569216,3.795774467992487,-3.277168161730515e-05,-3.277168161730515e-05,-6.08331597084225,-17.70573644505157
13537.651635,low_load,low_cognitive_load,-9.826426265271493,-4.0668439844052955,0.11378081367865889,-1.3491667478165255,-3.471601849014405e-05,-3.471601849014405e-05,-3.8614474120627165,-11.357126878027884
13538.002187100003,low_load,low_cognitive_load,16.16091676565179,14.575365756709743,6.869751213985182,8.197810703683444,-3.59972873411607e-05,-3.59972873411607e-05,-5.297276789784519,-3.9666166959000293
13538.382046500003,low_load,low_cognitive_load,-8.95969176859876,-5.7781214044152875,-4.134628523516312,3.5707167695950375,-3.521734925016062e-05,-3.521734925016062e-05,-0.32387966268834134,-7.671390250904551
13538.759354700001,low_load,low_cognitive_load,9.034490103961161,12.295933855448311,2.9028877285854833,2.136550939299923,-3.2890857255551964e-05,-3.2890857255551964e-05,-1.371902729172234,12.070731340118982
13539.206758900002,low_load,low_cognitive_load,16.89921504017184,26.215767691664496,12.43210447207457,17.224799478935893,-3.375991673237877e-05,-3.375991673237877e-05,23.76748347591638,20.96843272784963
13539.580297000002,low_load,low_cognitive_load,-7.717012042357055,-10.225579269053924,-13.872300912214996,-11.719031728369373,-3.5308273254486267e-05,-3.5308273254486267e-05,-17.846272143722672,-3.803540080399216
13539.933372500001,low_load,low_cognitive_load,-15.74322691893849,-18.989482546518047,-31.25636897763843,-22.008533937170796,-3.645479137048824e-05,-3.645479137048824e-05,-19.25242553531598,-23.54571821177251
13540.308731600004,low_load,low_cognitive_load,36.61885541595302,11.08323767412412,3.006623798687997,-3.034284596391444,-3.417015341256047e-05,-3.417015341256047e-05,-17.121960919477715,-11.04390970936447
13540.712432700004,low_load,low_cognitive_load,-25.30387999140271,-8.931531720498697,2.492528823837347,13.068881727558164,-3.2761055990704335e-05,-3.2761055990704335e-05,13.60268691342253,16.987081557775582
13541.087215700005,low_load,low_cognitive_load,24.17123604367316,12.006603657364849,-11.506541527833633,-14.040507749085464,-3.368530269654002e-05,-3.368530269654002e-05,-9.285322695956438,-0.2443299153701446
13541.575278200005,low_load,low_cognitive_load,13.274020434423164,2.588287648608457,2.6794317630110527,-9.666249947023061,-3.462491531536216e-05,-3.462491531536216e-05,-6.618497921560902,-5.512740157898861
13541.792888000007,low_load,low_cognitive_load,5.778478048714078,19.201088133010217,3.796786250722107,3.6768236311554574,-3.4523209251347e-05,-3.4523209251347e-05,-6.020530181866889,-0.2112332460496873
13542.198595300008,low_load,low_cognitive_load,27.0728289036997,34.91976951370225,4.621380195844722,8.744017555406572,-3.3306216209894046e-05,-3.3306216209894046e-05,17.38333626875783,20.46028962708715
13542.580721300006,low_load,low_cognitive_load,-77.96375071777197,-56.81194494445754,-24.245625238935645,-34.85794322796028,-3.4293680982955266e-05,-3.4293680982955266e-05,-24.470506045755428,-22.381662083419087
13542.934229300006,low_load,low_cognitive_load,-31.813475487378355,-8.245928278389329,2.2514829719461886,21.453265020139042,-3.298684532637708e-05,-3.298684532637708e-05,19.727331982255237,11.465149462042518
13543.365215900005,low_load,low_cognitive_load,1.8601392296977792,-5.807367057332158,-23.996352624827523,-32.18157589833527,-3.238626140955603e-05,-3.238626140955603e-05,-21.683150269663656,-1.0219333449326768
13543.732249400007,low_load,low_cognitive_load,-7.922472906733674,-3.6578946923445983,-4.4441551001718835,7.1135007992679675,-3.384030151210027e-05,-3.384030151210027e-05,-8.565950487662576,-5.683341974676296
13544.135460600008,low_load,low_cognitive_load,21.53849660858623,9.597124100053861,84.39427753705195,37.30233843526412,-3.490211474854732e-05,-3.490211474854732e-05,38.71844852952927,7.639878117342505
13544.507388800008,low_load,low_cognitive_load,26.321525826308516,21.59087345801663,30.709853221554567,40.179166211542906,-3.585090507840505e-05,-3.585090507840505e-05,40.4952303809614,35.76577912984567
13544.898213300008,low_load,low_cognitive_load,17.53914263844763,24.236709801467896,47.92833723703279,40.590562778811545,-3.3563310353201814e-05,-3.3563310353201814e-05,36.82498379652952,17.765064507471834
13545.292753800008,low_load,low_cognitive_load,0.8033911131492459,4.305515868765269,-29.456069215887965,-17.42400381814332,-3.50837044607033e-05,-3.50837044607033e-05,-15.032380631861997,5.107382516616326
13545.700936300007,low_load,low_cognitive_load,-5.815317812470084,-0.5386314381021293,2.3729893537215503,11.181057219551803,-3.5740128623729106e-05,-3.5740128623729106e-05,12.900267610732499,4.160842330127252
13546.096470600001,low_load,low_cognitive_load,-5.073374012901695,-0.5999254281196045,4.9774439026364234,-0.9747046018337642,-3.3597485526115634e-05,-3.3597485526115634e-05,4.234930442662517,2.2936872962518464
13546.485150500002,low_load,low_cognitive_load,-14.365809318530637,-9.946453166263836,-42.60273441894469,-32.327068303128726,-3.3954014725168236e-05,-3.3954014725168236e-05,-26.524537904085264,-22.527934215777805
13546.931909300003,low_load,low_cognitive_load,-69.33567512324157,-57.905279466718184,-103.71338628623653,-84.91232709772248,-3.4955940463987645e-05,-3.4955940463987645e-05,-75.47481256713263,-43.44322528185967
13547.468913800001,low_load,low_cognitive_load,24.332690233278754,23.180019804747644,50.51071990385935,42.951336049577094,-3.261588244640734e-05,-3.261588244640734e-05,43.40076975147667,22.03843451852117
13547.825114200008,low_load,low_cognitive_load,-15.596989253808715,-12.858372577391947,-20.58481302023165,-12.710060515411897,-3.485461365926312e-05,-3.485461365926312e-05,-2.418396532378665,-3.6118782614653355
13548.192307300005,low_load,low_cognitive_load,-29.21234750647409,-38.42210452573681,-24.822272341686585,-27.545579256472593,-3.513419778755633e-05,-3.513419778755633e-05,-23.35088723106537,-33.38697903678394
13548.379792700007,low_load,low_cognitive_load,-16.979046440351112,-2.008042990733884,-16.61279221450195,-12.130224941827237,-3.434594145801384e-05,-3.434594145801384e-05,-11.165199749978001,-8.00031624279427
13548.753448300007,low_load,low_cognitive_load,20.510262786356634,17.328504289585453,47.1859623768114,35.24480252278636,-3.772109721467132e-05,-3.772109721467132e-05,40.49043788186782,21.927943804329516
13549.141609600001,low_load,low_cognitive_load,3.63084424256931,-0.4892284123825448,15.227432748941283,10.993561385945213,-3.3991426789725665e-05,-3.3991426789725665e-05,2.8248442943686314,-3.07262599004207
13549.5515118,low_load,low_cognitive_load,87.91173561703454,89.01135392808601,129.51353911985916,100.18245830107753,-3.388154527783627e-05,-3.388154527783627e-05,98.73995179197436,81.65294290492466
13549.932413600007,low_load,low_cognitive_load,-19.170819796613614,-13.97708351716392,-14.329598793983223,-17.595958226377206,-3.5503286198945716e-05,-3.5503286198945716e-05,-24.43637006048766,-27.94262282982436
13550.331258200007,low_load,low_cognitive_load,-23.868712678667407,-21.30098505836213,-35.90820392192154,-17.777525931463515,-3.487745198071934e-05,-3.487745198071934e-05,-19.53580460164676,-10.967369533893816
13550.730249000007,low_load,low_cognitive_load,12.520498710468019,11.498482648840309,9.681345032053741,27.4061519201623,-3.351724262756761e-05,-3.351724262756761e-05,22.51818390932476,8.357820589480525
13551.120792500007,low_load,low_cognitive_load,4.808062135401542,31.238265749876973,11.777918109646635,11.154974244628647,-3.54649591827183e-05,-3.54649591827183e-05,15.691952357607533,21.48432327495766
13551.525137200008,low_load,low_cognitive_load,5.97335087772035,-3.2238312735521504,6.341373827443476,-2.332291755451024,-3.5510472116584424e-05,-3.5510472116584424e-05,-0.38731201925111236,-1.152008048028165
13551.916171200008,low_load,low_cognitive_load,-46.295838826818,-22.701402633222187,-34.61924421082813,-25.85065147611067,-3.392935377632966e-05,-3.392935377632966e-05,-27.70767850702441,-28.832265338346133
13552.319983700007,low_load,low_cognitive_load,17.793868846314126,7.977453556749424,18.661865500654585,10.216081080947333,-3.629005459515611e-05,-3.629005459515611e-05,9.312803908583646,1.899568370563884
13552.710305100001,low_load,low_cognitive_load,-26.612668999099697,-19.976968577696425,-33.61167358512148,-21.438866344079088,-3.313363231427502e-05,-3.313363231427502e-05,-27.62016503518589,-31.21257290422318
13553.129718400001,low_load,low_cognitive_load,3.872666313150148,24.935393023329198,-2.3171992429652164,12.179346483483187,-3.471414038358489e-05,-3.471414038358489e-05,17.437177476866054,20.007946337975227
13553.521990400002,low_load,low_cognitive_load,-5.055156052754228,0.5204215788548936,-15.051432981464131,-4.296126790658491,-3.423834186833119e-05,-3.423834186833119e-05,-1.9730067416044221,2.1803482955369873
13553.914496000003,low_load,low_cognitive_load,3.935400143894185,14.483674973879715,6.848942016248202,10.23956285507802,-3.2892417948460206e-05,-3.2892417948460206e-05,14.565791943261956,13.53046842283311
13554.308225100003,low_load,low_cognitive_load,-1.466782124850397,1.5280835782814393,-19.56120597706331,-13.293382939184994,-3.435903363424586e-05,-3.435903363424586e-05,-16.87450342184684,-4.488181396197888
13554.672032000006,low_load,low_cognitive_load,-22.09756861201413,-17.187665274339906,1.6042375106489999,3.235695710849086,-3.4369212698948104e-05,-3.4369212698948104e-05,-8.524321246984073,-19.83133637039873
13555.352120500002,low_load,low_cognitive_load,-22.30289306288364,-24.230382769475,-19.129293246782254,-18.783855503295854,-3.4876591598731466e-05,-3.4876591598731466e-05,-13.962120130453059,-19.114947555699473
13555.756962000005,low_load,low_cognitive_load,119.67241304456593,54.64621607864092,694.6670717824413,644.684150417535,-3.5916098568122834e-05,-3.5916098568122834e-05,271.09124164001196,61.03107606450476
13555.950034900006,low_load,low_cognitive_load,-126.38224044194021,-62.22684790455969,-646.3950888580607,-582.0760800743305,-3.5816820854961406e-05,-3.5816820854961406e-05,-277.9150429484748,-74.15744019297426
13556.139694500007,low_load,low_cognitive_load,35.34677088369335,18.024453721536702,127.74825400953796,131.23593527073945,-3.501938954286743e-05,-3.501938954286743e-05,51.025188130345214,22.80642621522884
13556.462913500003,low_load,low_cognitive_load,-34.31674531638282,-2.9845546690617084,-294.61201838742545,-247.35747087738582,-3.723840472957818e-05,-3.723840472957818e-05,-111.99202891010327,-10.493356558245978
13557.010720100003,low_load,low_cognitive_load,-12.531253617115453,-33.331638205294894,86.67691958723708,60.81124664556819,-3.4374706956441514e-05,-3.4374706956441514e-05,1.549981160747393,-31.724156488825884
13557.356426400007,low_load,low_cognitive_load,0.03368021455662529,-24.379032090755118,20.157628098058467,30.54010095801823,-3.393125552975107e-05,-3.393125552975107e-05,9.237708431327519,-8.343974311251714
13557.596568100002,low_load,low_cognitive_load,60.03816736907356,29.84161657649156,43.146866747980766,-0.7480901586595792,-3.6279993764765095e-05,-3.6279993764765095e-05,18.124376070794824,-0.8087825713837447
13558.006493500001,low_load,low_cognitive_load,23.989900895349365,26.862740574874806,59.49659585545578,105.76145992371266,-3.63258050128934e-05,-3.63258050128934e-05,36.36993884351159,35.84748557476314
13558.412448500005,low_load,low_cognitive_load,-29.50415412017037,-46.193045999050355,-70.9168092449172,-97.48013377019424,-3.426773037062958e-05,-3.426773037062958e-05,-55.71213967284302,-47.87521078229656
13558.868501000006,low_load,low_cognitive_load,-2.465894205813129,16.03124975073206,-40.56460643760329,-21.349976053773844,-3.371457842149539e-05,-3.371457842149539e-05,-7.559885094151468,17.197642545541385
13559.175499400006,low_load,low_cognitive_load,9.410413061211784,14.408271197632985,38.61206849944347,27.709976936082967,-3.389653556951089e-05,-3.389653556951089e-05,21.021782718699342,9.483470728060638
13559.589686600008,low_load,low_cognitive_load,10.75806524569498,16.907402053687747,3.9521517379844227,-0.2138092636073452,-3.422759891691385e-05,-3.422759891691385e-05,6.498928067682755,15.2398356508902
13560.034889700004,low_load,low_cognitive_load,3.8436365762231617,9.899072098981378,-2.9290410314811197,2.9169943347533263,-3.338990700285649e-05,-3.338990700285649e-05,11.216750220222366,12.016781754216026
13560.5599414,low_load,low_cognitive_load,1.4666420594312513,12.503999686911357,-18.156149171617926,-10.76378285197734,-3.235752956243232e-05,-3.235752956243232e-05,-12.751398139364483,1.5501202745367664
13560.858990300001,low_load,low_cognitive_load,5.076352774375209,4.5763829861507475,-5.366917325914528,2.5102374437810795,-3.500415277812863e-05,-3.500415277812863e-05,9.094391920019461,14.613106626611625
13561.149648100003,low_load,low_cognitive_load,24.090737379724487,36.20122019138307,33.191123992817666,32.41974688049413,-3.470649153314298e-05,-3.470649153314298e-05,33.39195453222783,29.883366284315798
13561.583439900003,low_load,low_cognitive_load,1.3757639655536877,-2.1385478194160896,-5.429162847054613,-9.03797628658549,-3.692774225783069e-05,-3.692774225783069e-05,0.5198276806640934,0.2810114284093288
13561.884657900007,low_load,low_cognitive_load,10.804985785830013,17.847916722220816,1.3242319240853249,6.775387779176526,-3.459060553723248e-05,-3.459060553723248e-05,-8.050416270107235,-3.4432932267891374
13562.281276400001,low_load,low_cognitive_load,21.08944143967983,30.47796666550903,18.438249334912143,34.92691369738077,-3.311037835374009e-05,-3.311037835374009e-05,36.164824254585255,35.564432595032486
13562.612634500001,low_load,low_cognitive_load,-6.773788650470578,-1.5502536146077546,-2.533661009870684,-11.198024445879128,-3.2619732337479945e-05,-3.2619732337479945e-05,-4.34745886654764,-4.677832291596133
13562.9676185,low_load,low_cognitive_load,19.003112844284715,13.969304865718186,32.39869907425509,26.940100563976102,-3.532095706759719e-05,-3.532095706759719e-05,25.622950112288436,26.829300192711344
13563.3244195,low_load,low_cognitive_load,-13.324496176236153,-18.920394744935038,-14.625633495851162,-20.298025167200194,-3.54319727193797e-05,-3.54319727193797e-05,-18.36171279782684,-20.11190261609363
13563.714273400006,low_load,low_cognitive_load,-22.591023932158805,-34.20489919304373,-31.423931628021364,-38.50541054026826,-3.588929212128278e-05,-3.588929212128278e-05,-32.13556197695789,-35.67560060254664
13564.092962800001,low_load,low_cognitive_load,-16.030261190483998,-6.54541648541408,-30.902833677265335,-8.513999362673076,-3.399997603992233e-05,-3.399997603992233e-05,-12.830786267501026,-8.611093924761462
13564.442584400002,low_load,low_cognitive_load,1.411034332865711,-0.11259801710002648,-8.247341089482688,-3.863975291998031,-3.428353556955699e-05,-3.428353556955699e-05,11.39673233034,7.53355738645314
13564.8574742,low_load,low_cognitive_load,21.579979862010077,19.822353821762135,39.44861694668907,39.55496917139408,-3.5410973396210466e-05,-3.5410973396210466e-05,20.630613032092242,16.023176635732852
13565.201355000001,low_load,low_cognitive_load,-11.558840868980496,-6.235186369144685,-30.887182780624244,-16.144754134702907,-3.652984469226794e-05,-3.652984469226794e-05,-37.89108230136935,-15.460860433665857
13565.572631000001,low_load,low_cognitive_load,-11.775082432785894,-13.834677902328167,-5.986949181479758,-12.725154937283605,-3.557629588613054e-05,-3.557629588613054e-05,-0.8480593697895529,-10.670235006488838
13565.9638445,low_load,low_cognitive_load,-24.845159239029954,-6.831853736240646,-28.03659783635794,-13.103929636246903,-3.479812676232541e-05,-3.479812676232541e-05,-16.382133391688512,-10.242946627205129
13566.352731300001,low_load,low_cognitive_load,7.073195558298721,2.200301749357095,12.422409559116659,14.46461961825662,-3.616706271714065e-05,-3.616706271714065e-05,9.56481648963836,2.739723020470592
13566.753248400002,low_load,low_cognitive_load,-27.108633125144934,-20.033389367317795,-35.475812295046126,-16.43716892132852,-3.7483458072529174e-05,-3.7483458072529174e-05,-31.439405598998746,-30.118256505525096
13567.122313200003,low_load,low_cognitive_load,-27.11513782137854,-16.559320483618194,-24.389896925551966,-9.387363057126095,-3.626499528763816e-05,-3.626499528763816e-05,-14.724731841805351,-19.98807524019503
13567.518838000004,low_load,low_cognitive_load,11.81307422941154,4.825527030137891,26.48965472730606,13.70532925876887,-3.443192963459296e-05,-3.443192963459296e-05,12.210315241125045,14.37298421992773
13567.907540200003,low_load,low_cognitive_load,-32.56983659822663,-24.655218350553696,-54.349519625360244,-33.14431744134299,-3.561764242476784e-05,-3.561764242476784e-05,-25.193492766800773,-18.841424525129696
13568.314866000004,low_load,low_cognitive_load,-4.281349748117464,-11.82304061924333,-18.289579654193403,-22.9728257552797,-3.48747107636882e-05,-3.48747107636882e-05,-21.302333696792175,-13.53877706561525
13568.710051500006,low_load,low_cognitive_load,31.697944093669776,37.227961379052886,51.710819543774505,49.02788957390749,-3.44330765074119e-05,-3.44330765074119e-05,50.91273617021443,35.071554090004156
13569.087380900008,low_load,low_cognitive_load,-11.918558442902395,-9.496080032328791,-10.959975305565877,-2.8522539193149896,-3.553689839463914e-05,-3.553689839463914e-05,-1.1698689703357559,-2.2715587323773434
13569.478196400007,low_load,low_cognitive_load,26.91480782391227,14.50288772520571,45.360631637393,32.087706122193595,-3.258392735006055e-05,-3.258392735006055e-05,44.660850696335274,31.47719975377231
13569.881538500007,low_load,low_cognitive_load,20.523443651175512,24.15551165566785,48.31905392348199,35.067678485504075,-3.4397546187392436e-05,-3.4397546187392436e-05,38.01951035967522,29.503107284085218
13570.250753200002,low_load,low_cognitive_load,-4.139186992560553,13.59854958894357,39.988476285543584,28.700276289566773,-3.42493240168551e-05,-3.42493240168551e-05,29.041961856131365,19.92175748898353
13570.634071200007,low_load,low_cognitive_load,-30.931511086857654,-22.76063742369888,-47.718336151071526,-24.3759590765967,-3.276264487794833e-05,-3.276264487794833e-05,-15.41049069526025,-7.34197861452958
13570.992302600007,low_load,low_cognitive_load,13.405389751691473,4.031258864335996,22.58140072842434,23.25414818873196,-3.5287444916320965e-05,-3.5287444916320965e-05,19.424249967363266,15.71693019858958
13571.354605100007,low_load,low_cognitive_load,0.2915156292269785,5.744616520280033,-10.551223501050572,0.6739945353119765,-3.541030764608877e-05,-3.541030764608877e-05,-2.92341415226565,0.68767970527324
13571.713749100007,low_load,low_cognitive_load,2.4928982144097063,11.081702440748813,-1.7966064628071763,4.582671101949472,-3.086614924541209e-05,-3.086614924541209e-05,7.899881115986318,19.84704998446523
13572.116008100007,low_load,low_cognitive_load,-24.180518047062378,-27.096486922623626,-17.57398256537499,-35.47266231620961,-3.183166791131953e-05,-3.183166791131953e-05,-27.817763310967166,-23.488196830304787
13572.556278400001,low_load,low_cognitive_load,-5.268505069427192,-5.020310731032168,-25.84039851970283,-21.902793735450814,-3.5058816138189286e-05,-3.5058816138189286e-05,-12.448163100350484,-12.649223688015354
13572.937587800001,low_load,low_cognitive_load,-24.241115867512917,-24.2906207911642,-13.73083553757806,-12.173537735102855,-3.306252619950101e-05,-3.306252619950101e-05,-25.645083951658307,-28.268806471126936
13573.2926327,low_load,low_cognitive_load,7.157956364267648,11.90252104276351,-14.289261388219984,0.5974879337504717,-3.570244007278234e-05,-3.570244007278234e-05,-8.131177275421123,0.7768716926657362
13573.665465100004,low_load,low_cognitive_load,-16.045319816497113,-12.282689066273633,14.239535628222256,0.0445598101714495,-3.6653460483648814e-05,-3.6653460483648814e-05,18.176404438528152,-13.441614770310025
13574.038937400002,low_load,low_cognitive_load,26.304065277324298,23.96962736970454,10.951747429999614,14.91941483770097,-3.2779169487184845e-05,-3.2779169487184845e-05,6.535967666669421,19.69355057847997
13574.427450500003,low_load,low_cognitive_load,8.272064356808642,8.951777365038652,3.1682595536703957,2.1166482891512715,-3.388040840945905e-05,-3.388040840945905e-05,3.824443077362048,-2.874024997061042
13574.799280900002,low_load,low_cognitive_load,8.31180016358121,6.4606131501700474,-2.7091955814162247,0.6168303300214575,-3.407565873203566e-05,-3.407565873203566e-05,3.9331595530065897,4.237017004615609
13575.204043000003,low_load,low_cognitive_load,-29.77977111519226,-39.899840507763656,-35.91618212798585,-42.25206465326164,-3.1420278901350684e-05,-3.1420278901350684e-05,-37.67050546558448,-31.856521882164998
13575.685090400002,low_load,low_cognitive_load,14.095857053492637,22.67117349795444,16.793228162553987,21.272856510580823,-3.327545346110128e-05,-3.327545346110128e-05,17.159463019149825,15.925131170050463
13575.995894900003,low_load,low_cognitive_load,-11.74600348913009,-14.645888623862447,-25.398750706461215,-29.060603182699197,-3.4169075661338866e-05,-3.4169075661338866e-05,-34.082968760381846,-14.891724577528748
13576.336269400004,low_load,low_cognitive_load,1.581498664463652,7.8494851114624,-7.463456785239032,0.22332649651661995,-3.62610662705265e-05,-3.62610662705265e-05,1.391366677001315,3.1100247542822217
13576.719825300004,low_load,low_cognitive_load,-0.30645490907818385,0.4431075792276715,3.4866738371697465,10.94092955567612,-3.3935973078769166e-05,-3.3935973078769166e-05,4.992139571557345,-3.5999967429529534
13577.057509600005,low_load,low_cognitive_load,17.164215567012434,12.92651809504423,-1.4513650750723173,-3.5733772048588435,-3.3750239708751906e-05,-3.3750239708751906e-05,-1.8259511937881143,7.165108375315413
13577.446130400003,low_load,low_cognitive_load,6.5195464494763655,-0.8584405949000029,30.440278556761314,40.220419717105415,-3.254307466704631e-05,-3.254307466704631e-05,30.207054431311462,9.198968140684883
13577.808881400004,low_load,low_cognitive_load,3.5992596486253206,-4.121307005695144,-9.738429095794345,-3.0422418753573766,-3.517344612191664e-05,-3.517344612191664e-05,-14.427415242359075,-10.932845933802582
13578.180040600004,low_load,low_cognitive_load,-44.26345621978453,-45.584738729679884,-97.05783742130006,-85.3948921768224,-3.486610694380943e-05,-3.486610694380943e-05,-82.62250436194518,-42.76715560602952
13578.568581200005,low_load,low_cognitive_load,6.103732768523059,19.393066258776344,11.634132101758496,6.2896293005492225,-3.2972243388940115e-05,-3.2972243388940115e-05,13.503555463203611,12.464961172490348
13578.966124800005,low_load,low_cognitive_load,12.456814595158448,13.139832877564004,29.215458550452695,27.340128203587028,-3.478938469925197e-05,-3.478938469925197e-05,25.460566154594744,12.260958616537664
13579.330348200006,low_load,low_cognitive_load,-22.47467324310469,-17.389915532323357,-22.06617404941062,-10.587136602654937,-3.257332537032198e-05,-3.257332537032198e-05,-4.81289755005173,-11.455992938184863
13579.744549100005,low_load,low_cognitive_load,-0.7216696191931078,-2.574840850281362,2.322648468735224,-0.4417936444792758,-3.630224819062278e-05,-3.630224819062278e-05,13.038398050948672,-0.2808112955754041
13580.119428100006,low_load,low_cognitive_load,8.343116943914083,15.552602977314564,14.32158877886377,11.235312819695537,-3.5576929803937674e-05,-3.5576929803937674e-05,12.017184000518682,11.763232200330549
13580.490776000008,low_load,low_cognitive_load,-24.292876926582267,-44.36868338474824,-30.88358255691128,-30.550581518462877,-3.489168648229679e-05,-3.489168648229679e-05,-28.487185301129557,-31.23884479770868
13580.897290200008,low_load,low_cognitive_load,-4.338753357721998,0.33503027003689567,20.41574315434218,16.486336082500202,-3.440772252361057e-05,-3.440772252361057e-05,16.574151794424324,5.378334009003538
13581.272408000003,low_load,low_cognitive_load,13.00904485878982,0.7918677688185198,13.104537273738515,13.641474892709994,-3.411516627238598e-05,-3.411516627238598e-05,22.033910547090272,13.317632929401498
13581.665867700003,low_load,low_cognitive_load,-20.67454897831385,-15.01991161517617,-19.79558232379304,-19.87640498478686,-3.42632274623611e-05,-3.42632274623611e-05,-10.851477363426056,-8.626876616258869
13582.059772100003,low_load,low_cognitive_load,23.38191124274408,26.501885961210064,45.26044942657427,39.94847699342654,-3.372644914634293e-05,-3.372644914634293e-05,40.43036332857491,30.5364453622351
13582.456104000003,low_load,low_cognitive_load,19.182278148634396,18.77854061929702,38.13096702330495,29.275042212467724,-3.884472153004026e-05,-3.884472153004026e-05,24.731573527460114,12.160801512683975
13582.856836800003,low_load,low_cognitive_load,10.278409858064606,6.013321362167517,8.672195457655107,15.61029986777885,-3.5650851714308374e-05,-3.5650851714308374e-05,22.971679702102847,6.117110870131455
13583.271281600008,low_load,low_cognitive_load,-12.398003641440937,-18.453019140992183,-33.748723006746786,-45.81051706997323,-3.458648370724404e-05,-3.458648370724404e-05,-28.626162361799743,-17.60462812503647
13583.733328600007,low_load,low_cognitive_load,-2.437366022952574,-3.2044723033445734,13.194324499794675,15.853666235740548,-3.207873669452965e-05,-3.207873669452965e-05,17.702271067956644,15.200559403498119
13584.0177771,low_load,low_cognitive_load,35.482633471122426,28.258531624830084,47.26468372233512,40.572321442722114,-3.273584115959238e-05,-3.273584115959238e-05,36.44725843658716,41.80367403474429
13584.4350386,low_load,low_cognitive_load,44.29214307428265,48.64910637606772,46.94474252284863,36.414679963535946,-3.442187789914897e-05,-3.442187789914897e-05,35.459432340286185,41.44926966719731
13584.7869105,low_load,low_cognitive_load,-6.0593736932560205,-9.057407275155128,-5.138726318891713,-6.397317026711789,-3.446483697189251e-05,-3.446483697189251e-05,3.6538217896541028,-1.0021174756661821
13585.2428987,low_load,low_cognitive_load,33.18725794872125,36.04814950735317,30.135533312646658,36.88631466825973,-3.6745567740581464e-05,-3.6745567740581464e-05,31.7074530286759,27.924601249759235
13585.823327000006,low_load,low_cognitive_load,-7.729429636121495,-11.920527687483627,9.523465532805403,-7.968910176203735,-3.576505332603119e-05,-3.576505332603119e-05,5.836058693811992,-5.093054293473415
13586.012937800006,low_load,low_cognitive_load,2.986785405266346,5.455964713271442,5.535827483827688,9.674836004135159,-3.6099452700000256e-05,-3.6099452700000256e-05,7.497295887808832,3.368135437363435
13586.249551400007,low_load,low_cognitive_load,11.760254274815907,14.607496274860296,21.916145371787024,28.62289674689373,-3.5495437259669416e-05,-3.5495437259669416e-05,32.388147921657946,17.902010131317184
13586.639744100004,low_load,low_cognitive_load,19.203263666825933,21.593797003290092,25.106787423611877,22.880970150292796,-3.482329975668108e-05,-3.482329975668108e-05,15.246372123620858,12.474674815427534
13586.981581100004,low_load,low_cognitive_load,-1.4438495363069705,-8.253050627313314,-6.717472191353409,-10.517637007592384,-3.521514736348763e-05,-3.521514736348763e-05,-7.685384244679881,1.55980024932569
13587.417425200005,low_load,low_cognitive_load,-18.527221286326267,-11.27494264532379,-1.5907010341707064,1.3760917135878117,-3.384687261132058e-05,-3.384687261132058e-05,2.25472234673407,-15.007090945718573
13587.847794600006,low_load,low_cognitive_load,4.074390685804701,1.7585026238293722,10.187560825906075,12.527400191858305,-3.4758987567329314e-05,-3.4758987567329314e-05,1.7073635671572447,-4.5761801482458395
13588.193181800007,low_load,low_cognitive_load,9.527404663207108,25.8261433745065,24.26726229751239,18.239742416506942,-3.508971622068202e-05,-3.508971622068202e-05,13.914087652802209,15.705040473560075
13588.585967400008,low_load,low_cognitive_load,-3.359461320684659,-7.124073169987696,-7.63595471464123,-6.27883873209521,-3.396188185433857e-05,-3.396188185433857e-05,-19.76607457809814,-24.232682226449924
13588.949676500002,low_load,low_cognitive_load,20.94818314810709,19.249115418845122,39.95558045755024,43.39726389260932,-3.41243076036335e-05,-3.41243076036335e-05,39.70709806129935,18.041953203491175
13589.353414700006,low_load,low_cognitive_load,19.261988703277893,23.581764300916348,33.988783486545344,28.722662169373052,-3.4267912269569933e-05,-3.4267912269569933e-05,29.10119090352873,22.90729277129094
13589.774563900002,low_load,low_cognitive_load,4.060926571573418,-3.091306464104491,30.671919768472435,19.435755061627333,-3.389667654118966e-05,-3.389667654118966e-05,7.095717899696865,-4.415631062791363
13590.021815000002,low_load,low_cognitive_load,-11.070171375027712,-38.33867535967556,-38.32290385056467,-35.12728434233486,-3.461179403529968e-05,-3.461179403529968e-05,-33.67971318802347,-31.886559406103515
13590.416694700005,low_load,low_cognitive_load,26.980003010306064,37.47540158031825,32.03494632808997,32.29130758008159,-3.233979077776894e-05,-3.233979077776894e-05,18.630455519250518,25.396552797256845
13590.805492500005,low_load,low_cognitive_load,-32.477685279124444,-28.555038038217845,-73.58571281360719,-66.79642048620235,-3.4837835301004816e-05,-3.4837835301004816e-05,-54.85185015805246,-21.935992257791895
13591.176552000006,low_load,low_cognitive_load,-48.16309226142516,-33.000922579221424,-56.06421320986101,-46.362345151409045,-3.714559534273576e-05,-3.714559534273576e-05,-48.9774826592643,-33.53731375796315
13591.554829800007,low_load,low_cognitive_load,-9.729303815179264,-2.012008675636025,-19.930921785864484,-14.938625916439378,-3.5420955100562423e-05,-3.5420955100562423e-05,-19.93533837870382,-10.115435105888082
13591.914565100007,low_load,low_cognitive_load,15.604070336256882,20.545341809252932,3.32086332674362,16.13972478029018,-3.2996524168993346e-05,-3.2996524168993346e-05,12.739401017556247,13.565144915928613
13592.277149900006,low_load,low_cognitive_load,10.459156098800577,10.43005793662951,1.3053078919383552,-4.001027722387789,-3.476063102425542e-05,-3.476063102425542e-05,2.776752739706808,5.644847655397825
13592.670799800007,low_load,low_cognitive_load,-19.533361136225267,0.6672809167366722,3.5386538626853508,13.166284648468263,-3.2747374461905565e-05,-3.2747374461905565e-05,4.671843490818901,-3.656390428694067
13593.020861800007,low_load,low_cognitive_load,6.066741524425652,1.3205977178181456,-5.415049537799405,-3.753032247702322,-3.5577993003244046e-05,-3.5577993003244046e-05,-7.826169795082478,-1.225927323553151
13593.415852500008,low_load,low_cognitive_load,14.129579400094372,9.597886021346312,10.629208751154692,-9.854161805561489,-3.592519169615116e-05,-3.592519169615116e-05,-3.6830865333986367,2.406820251035242
13593.774649400008,low_load,low_cognitive_load,-25.388916527679157,-22.586993102028373,-24.182602482869243,-20.790160158576327,-3.53812383764307e-05,-3.53812383764307e-05,-18.617101103453024,-15.106148911140735
13594.138199300007,low_load,low_cognitive_load,-13.61980265470038,-8.422546706622143,-32.1049015408139,-11.101179529753608,-3.649193786259275e-05,-3.649193786259275e-05,-17.70169968631717,-19.832036486943252
13594.496536500008,low_load,low_cognitive_load,36.20848921730794,44.12352009798815,59.15346717927696,49.977304452647786,-3.386215576028917e-05,-3.386215576028917e-05,46.05281457090223,38.47624040009441
13594.866002300007,low_load,low_cognitive_load,-0.36333439521104083,-5.862732250100635,-5.18241233328763,-11.678816237303181,-3.5530355489754584e-05,-3.5530355489754584e-05,-11.751295689401559,-7.702574287458901
13595.254762200007,low_load,low_cognitive_load,79.8868649744968,83.87676259950922,142.96693975791868,113.36262448851448,-3.6293967241363134e-05,-3.6293967241363134e-05,116.20657123580986,89.24156428313154
13595.607063800007,low_load,low_cognitive_load,-20.561554112020076,-27.43532545926928,-42.93601441326291,-41.639690581062496,-3.5937833672505803e-05,-3.5937833672505803e-05,-41.53678126770774,-35.971293978318954
13595.953112600002,low_load,low_cognitive_load,14.989627518285033,9.885707284591717,-0.8206918662281169,-6.904557215300429,-3.471916079433868e-05,-3.471916079433868e-05,0.9399809699611978,6.859994558279141
13596.333280000008,low_load,low_cognitive_load,-9.731635937623196,-19.118671714025822,-11.966650329942695,-25.23823772662263,-3.549339635355864e-05,-3.549339635355864e-05,-9.61862241462677,-13.581243603104667
13596.695618200007,low_load,low_cognitive_load,-14.854245023097974,-18.75752762527236,-27.654276738717726,-28.62862062990189,-3.472451953712152e-05,-3.472451953712152e-05,-6.507349012267696,-4.1441421110480405
13597.069885200008,low_load,low_cognitive_load,-34.7705805761002,-29.322109725206246,-65.04936069576024,-59.99712682675545,-3.54918893208378e-05,-3.54918893208378e-05,-49.142737867207416,-42.93526177272906
13597.455864700007,low_load,low_cognitive_load,-2.090825860530458,-5.23976721084091,7.062228862516804,1.6723486472264995,-3.950820337195182e-05,-3.950820337195182e-05,0.32887476049018005,-4.955984936390905
13597.810982800007,low_load,low_cognitive_load,-52.354370419327324,-48.715713953046816,-62.467550014232984,-51.60062723491001,-3.451481734373374e-05,-3.451481734373374e-05,-60.48440524558055,-48.70505752533154
13598.174506100007,low_load,low_cognitive_load,-16.21139284695937,-17.564584355290663,-26.713816285969642,-27.755447046214158,-3.55702231900068e-05,-3.55702231900068e-05,-24.364989878481083,-25.150760135195014
13598.529545900008,low_load,low_cognitive_load,14.86263146840156,7.911675208654742,38.028604615324184,39.2067155060995,-3.485882371023763e-05,-3.485882371023763e-05,1.6277564080760385,9.569075794449418
13598.926455400007,low_load,low_cognitive_load,34.65918973297539,32.95698226473405,45.92228492249433,34.49936824118777,-3.502210256556282e-05,-3.502210256556282e-05,44.875482181982534,34.67951020739201
13599.283519300006,low_load,low_cognitive_load,-14.688097963264227,-12.800964111296253,-89.18724312068025,-98.66908155313831,-3.7653001527360175e-05,-3.7653001527360175e-05,-42.85085762731978,-10.922379537365032
13599.651262500007,low_load,low_cognitive_load,-20.744697076288958,-12.752847807957096,-113.25180594900576,-114.79182821754148,-3.588393883546814e-05,-3.588393883546814e-05,-45.35385909471779,-13.616073149549266
13600.004605300008,low_load,low_cognitive_load,21.485602223686783,27.99799072786891,43.36803140382699,30.93242711105222,-3.278680469520623e-05,-3.278680469520623e-05,27.485803175789442,24.925981286002298
13600.417308500007,low_load,low_cognitive_load,-22.766966749582025,-23.16273974577507,-13.239390637366341,-18.129076949290265,-3.744450441445224e-05,-3.744450441445224e-05,-26.859228697017898,-33.37773339555861
13600.762272700007,low_load,low_cognitive_load,7.836547430264545,9.866437531680276,-28.149363130880374,-52.97765058237928,-3.457560251263203e-05,-3.457560251263203e-05,-5.077005208306673,10.700334025803386
13601.084810200007,low_load,low_cognitive_load,-21.157772896637198,-8.19054826695401,-44.927748005658486,-57.52997073118331,-3.290097538410919e-05,-3.290097538410919e-05,-21.276406450909235,-20.777980292892153
13601.477147800008,low_load,low_cognitive_load,59.10936393924385,53.4414987102341,163.41884877997745,145.37681158712394,-3.6009591894980986e-05,-3.6009591894980986e-05,118.67103473927227,59.63464808538083
13601.879577600002,low_load,low_cognitive_load,65.93776875392086,64.7937528935463,33.306881492288085,31.67024992638062,-3.598073271859903e-05,-3.598073271859903e-05,19.427713956096795,55.34857752240714
13602.279963400004,low_load,low_cognitive_load,23.154058030879696,47.573589607388385,-215.7218229365676,-223.46499618394273,-3.647753237601137e-05,-3.647753237601137e-05,-91.59769901580421,57.488233418545406
13602.6776508,low_load,low_cognitive_load,-3.285360029242838,-12.833171265049714,104.58221385403749,130.84596122261883,-3.3675522900011856e-05,-3.3675522900011856e-05,76.96689496992258,-7.193948095684391
13603.0526351,low_load,low_cognitive_load,65.35765410593149,81.1577843280138,-69.0496388889992,-58.32380568296594,-3.2563826607656665e-05,-3.2563826607656665e-05,-17.04375936876022,77.5437193720054
13603.428911100002,low_load,low_cognitive_load,140.7047899831823,153.55403146068738,69.7822539783524,135.97659241053952,-3.569499767763773e-05,-3.569499767763773e-05,152.87365044276612,150.39567083094153
13603.794957,low_load,low_cognitive_load,-49.57237025342101,-57.50994413198896,-40.217234589848886,-76.50800196999353,-3.6981368793931324e-05,-3.6981368793931324e-05,-100.08429594365134,-62.98625782633462
13604.1576239,low_load,low_cognitive_load,-3.185178577264196,-7.452524703448489,47.175842758642375,47.83944489368696,-3.5913873034587596e-05,-3.5913873034587596e-05,36.81901229924688,-7.794219055803751
13604.511416300002,low_load,low_cognitive_load,69.32410235754696,84.02401787744839,-47.42648700205336,-38.216027530896554,-3.491017378109973e-05,-3.491017378109973e-05,0.7546686247610523,73.74269186556012
13604.902471000001,low_load,low_cognitive_load,-47.88879119363128,-56.64941052242921,-17.9812475022095,-33.2632063131191,-3.541885507729603e-05,-3.541885507729603e-05,-41.21003067748188,-55.72066114486688
13605.2401601,low_load,low_cognitive_load,33.00400183792726,45.7980068983843,-33.41795513689112,2.8392351880938804,-3.6410801840247586e-05,-3.6410801840247586e-05,12.638818083062233,47.16539106971595
13605.610897900002,low_load,low_cognitive_load,60.291252798263486,56.69321737464725,81.35363609083652,74.17200584174816,-3.395841395104071e-05,-3.395841395104071e-05,71.85579416191104,74.26885118501878
13606.011242600003,low_load,low_cognitive_load,-5.714691814247544,-20.222356472398587,27.332980924080857,31.637266625971733,-3.474199456832139e-05,-3.474199456832139e-05,31.709894546652322,-2.831373441093092
13606.386340100004,low_load,low_cognitive_load,15.78001426745368,0.4721625247666452,-8.278848875486347,-11.976203442753558,-3.627800651884172e-05,-3.627800651884172e-05,-4.422878415366085,0.8828852929436835
13606.761971000002,low_load,low_cognitive_load,27.794834866937435,16.446838043067146,80.15475249720248,67.47048614405685,-3.414668208279181e-05,-3.414668208279181e-05,49.77494042150602,17.938115384867615
13607.315456500002,low_load,low_cognitive_load,-4.76994417368951,4.5393184831127655,-9.757101478833192,-8.14038965102145,-3.462167751422385e-05,-3.462167751422385e-05,3.106773215331941,8.002505602158635
13607.852982800001,low_load,low_cognitive_load,0.6657790017711704,-0.3063114701694758,-0.6925722750493151,-8.292618518574272,-3.4866342502937187e-05,-3.4866342502937187e-05,1.8079265902583757,5.277782849451796
13608.305379800006,low_load,low_cognitive_load,7.293883763579288,11.397123502705654,29.331650052688474,16.535648970342663,-3.3242450626858044e-05,-3.3242450626858044e-05,23.608188189057273,12.957580377803424
13608.964640800003,low_load,low_cognitive_load,-15.381975691771913,-2.980467865236278,-30.007162208577483,-47.10042252083986,-3.149765234411461e-05,-3.149765234411461e-05,-29.90062845157854,-19.67457628248485
13609.323406500002,low_load,low_cognitive_load,6.852800376288087,10.647386793071746,38.306458469096015,64.68282831881379,-3.5767557164945174e-05,-3.5767557164945174e-05,32.84713809587765,12.8978197905235
13609.658595800001,low_load,low_cognitive_load,-3.965729623563675,8.457578223991732,10.593736525344866,25.909910605841105,-3.785276203416288e-05,-3.785276203416288e-05,0.22046059716740274,14.245276954289693
13610.429167900002,low_load_completed,low_load_completed,-10.855754013248315,-11.55388051492173,-7.432269757677204,6.399291277127304,-3.578474570531398e-05,-3.578474570531398e-05,3.399258808065042,-6.999129435345367
13610.614089300003,low_load_completed,low_load_completed,-16.77962383576869,-17.53265070524276,-18.21354399480515,-15.992931007522202,-3.3704065572237596e-05,-3.3704065572237596e-05,-14.560085898077887,-12.183098476894429
13610.800415300004,low_load_completed,low_load_completed,-27.99673193386775,-33.99285227705741,-1.8995675389260214,-25.149838283964982,-3.278071108070435e-05,-3.278071108070435e-05,-1.692890901922965,-34.54008844569944
13611.028719500006,low_load_completed,low_load_completed,10.309004201719745,2.5745829456332103,12.080515040446244,18.168036718052463,-3.399039724172326e-05,-3.399039724172326e-05,10.282876549013508,13.64558550685706
13611.347156600006,low_load_completed,low_load_completed,1.483368325282754,0.027471216171761625,-10.013299631407335,10.11756457229103,-3.4616561606526375e-05,-3.4616561606526375e-05,15.868091140391698,13.92557598779922
13611.9254843,low_load_completed,low_load_completed,-7.677671157754503,-9.553246819129527,5.097130209437637,0.8322648341763852,-3.4955457522301e-05,-3.4955457522301e-05,-5.192354169128066,-17.684971258458063
13612.302605500001,low_load_completed,low_load_completed,23.693901065114005,29.367110105641586,23.09811187930336,40.67010724049851,-3.321293479530141e-05,-3.321293479530141e-05,17.718290145467563,12.296657384748869
13612.632029200002,low_load_completed,low_load_completed,56.93577599468517,69.46769825766705,66.44401069836476,118.05305530976375,-3.627428668551147e-05,-3.627428668551147e-05,79.8264487894503,65.70392890888661
13612.920189400007,low_load_completed,low_load_completed,-43.81318926743097,-47.73902326498455,-31.05484589218395,-37.05067868788683,-3.480881241557654e-05,-3.480881241557654e-05,-33.42725648360101,-47.41818284028341
13613.241898400001,low_load_completed,low_load_completed,-7.135863710405829,1.4686967787538379,12.01584121682663,9.604102508814321,-3.499589456623653e-05,-3.499589456623653e-05,6.484690616357511,-4.9690378113614315
13613.597785700002,low_load_completed,low_load_completed,-60.80377209239623,-19.10631560526599,-23.88845684420221,-19.032765713602203,-3.589632160583278e-05,-3.589632160583278e-05,-16.062732502177823,-8.936516141327502
13613.988275900003,low_load_completed,low_load_completed,-123.75372979560188,-100.83873810696286,-212.31072030258065,-200.386328358014,-3.323505006846972e-05,-3.323505006846972e-05,-152.45085985708374,-87.30702265756508
13614.263308700005,low_load_completed,low_load_completed,168.80821690979246,174.457693121366,201.16026664956644,172.80064787126776,-3.492968153295806e-05,-3.492968153295806e-05,165.72416516846033,166.03892595897287
13614.459207700007,low_load_completed,low_load_completed,-49.5019989508487,-59.09343073718719,-72.03460989118457,-71.12383187948808,-3.466190901235677e-05,-3.466190901235677e-05,-62.66202120754633,-61.03331006718008
13614.748272400007,low_load_completed,low_load_completed,30.74644211598934,25.8265722463334,19.92353048834002,15.611637754901949,-3.219443533453159e-05,-3.219443533453159e-05,6.334144292323344,24.63197300969614
13615.1851256,low_load_completed,low_load_completed,9.996866758892338,5.32571514692745,-0.6048813632082783,-10.58342116409085,-3.3705029636621475e-05,-3.3705029636621475e-05,-6.341446066899607,-2.1169007196685925
13615.541092800002,low_load_completed,low_load_completed,9.362561644717971,9.046210415783207,11.031232135149821,0.7888386810168413,-3.676446885947371e-05,-3.676446885947371e-05,4.625195721095679,0.005729143081680377
13615.9205389,low_load_completed,low_load_completed,-9.154297284982022,-0.6236153058575837,-6.418868645519069,-5.754172225659659,-3.687668959173607e-05,-3.687668959173607e-05,-18.32467749358102,1.425916223756758
13616.2861799,low_load_completed,low_load_completed,-27.12952613972493,-46.65952364082523,-59.93560888057891,-53.60993968564753,-3.397943419258809e-05,-3.397943419258809e-05,-47.14888340878815,-46.957863524814
13616.667132700002,low_load_completed,low_load_completed,-29.8248922765124,-25.400533052210903,2.331746987034421,-14.389914320123353,-3.4347887776675634e-05,-3.4347887776675634e-05,-4.842180574055874,3.101834363329999
13617.074815100003,low_load_completed,low_load_completed,-0.42252649121428476,-1.1103068572347183,6.814588417946197,3.1429112377895763,-3.571379875211278e-05,-3.571379875211278e-05,4.931283719437033,11.145636366199142
13617.671357000003,low_load_completed,low_load_completed,0.08998032733461514,-13.825705736583586,-13.870494318678993,-13.70058450508759,-3.696500789374113e-05,-3.696500789374113e-05,-10.32424179446707,-10.914442300528208
13618.030060900002,low_load_completed,low_load_completed,18.804517783210486,22.85712413470037,32.93982341993569,36.24562513747878,-3.5393813959672116e-05,-3.5393813959672116e-05,28.433429351036466,18.79578827298519
13618.219210400002,low_load_completed,low_load_completed,-6.843606449217077,-5.469984903394106,-22.348890529804066,-15.261716177650214,-3.508701865939656e-05,-3.508701865939656e-05,-5.8392312020073405,-3.2100400168037595
13618.582201300003,low_load_completed,low_load_completed,-15.299518038942097,14.034998441517018,-16.228280063782222,0.05373802948361117,-3.470938918326283e-05,-3.470938918326283e-05,0.38259359659832626,-2.2471737569676407
13618.980216100004,low_load_completed,low_load_completed,-11.066831909202392,-14.946817295107394,-23.857526005025193,-44.56707505459326,-3.527888111420907e-05,-3.527888111420907e-05,-60.20061068888572,-23.434185285966123
13619.728796000001,low_load_completed,low_load_completed,52.00893228941686,47.5309150655703,41.712833413737826,56.572025790021144,-3.49489910149714e-05,-3.49489910149714e-05,50.701290613412766,28.23426648740542
13620.003112500002,low_load_completed,low_load_completed,-41.928651255294426,-45.40058593930553,-19.67876772453883,-23.619404246438535,-3.195568478986388e-05,-3.195568478986388e-05,-28.331885760737805,-16.844467473355962
13620.191680900003,low_load_completed,low_load_completed,8.758364527158847,35.93028409972749,-4.9019049811718105,31.198353373327336,-3.459710660536075e-05,-3.459710660536075e-05,22.778757478925854,21.74075285341587
13620.460401300003,low_load_completed,low_load_completed,-1.8249792262613482,-22.867665735775063,-16.079563970763047,-9.615427740051928,-3.487415142444661e-05,-3.487415142444661e-05,-11.949672553391338,-18.310930200221264
13620.878419500004,low_load_completed,low_load_completed,-25.15485837390088,-20.005139404751844,-45.862352512669986,-34.89688240793021,-3.457464390521636e-05,-3.457464390521636e-05,-29.89307225568473,-19.53990963994056
13621.235814900007,low_load_completed,low_load_completed,17.89854831804405,25.43106187404237,32.14275881994672,36.70533744106979,-3.47935556419543e-05,-3.47935556419543e-05,29.257211535968963,14.587985256314369
13621.637024900007,low_load_completed,low_load_completed,1.0275162983493829,-3.830360327080143,-25.612215162102984,-20.75458592392215,-3.490698873065412e-05,-3.490698873065412e-05,-17.038736700469144,-2.6793917212621636
13622.071812300006,low_load_completed,low_load_completed,8.780100049847533,13.372439404125998,26.075587133962017,28.971275889759,-3.631460731412517e-05,-3.631460731412517e-05,20.782760246307134,12.289913489517403
13622.409549100006,low_load_completed,low_load_completed,-7.01433649771252,-15.62465518191857,-29.912321831865484,-24.57142714548445,-3.357400510139996e-05,-3.357400510139996e-05,-12.57981685834693,-15.424236498055507
13622.803301800002,low_load_completed,low_load_completed,-1.1215587052361116,5.052286821520738,-4.284723263554952,16.58791516519568,-3.554269187588943e-05,-3.554269187588943e-05,-3.0938884257948303,6.894059674289565
13623.176676400002,low_load_completed,low_load_completed,17.442059758877804,10.500757971784424,28.168538044612887,13.57532584287128,-3.681298949231859e-05,-3.681298949231859e-05,33.17149550680824,22.09819475005179
13623.628910200005,high_load,high_cognitive_load,-15.835573182228927,-12.240966261447284,-38.00053895154906,-33.66665193182371,-3.506020311760949e-05,-3.506020311760949e-05,-28.67646755539363,-10.982877439896129
13623.986495900004,high_load,high_cognitive_load,15.369824638839418,12.368156551991888,0.1876430207685189,1.5112302146912953,-3.648351867013844e-05,-3.648351867013844e-05,-7.183250232433693,0.8900302370589088
13624.407070200006,high_load,high_cognitive_load,0.4165028766465184,8.28847180537332,-28.025260142349907,-32.89923739589722,-3.474650930002099e-05,-3.474650930002099e-05,-9.380488583326496,1.2100140764787284
13624.775679900007,high_load,high_cognitive_load,36.79583890655658,37.027862477495546,47.51242910937708,39.493172090668395,-3.330975232529454e-05,-3.330975232529454e-05,18.28671283113863,26.090286841677425
13625.175746900008,high_load,high_cognitive_load,92.3484977234707,83.52002509830027,25.06593899510972,43.2985756797525,-3.537441079970449e-05,-3.537441079970449e-05,58.728142729539286,99.37200976999202
13625.538739900001,high_load,high_cognitive_load,-13.834048173764131,-12.523680909584982,24.62241759200697,7.429506586285697,-3.316423953947378e-05,-3.316423953947378e-05,-18.99587435458534,-21.068655952161862
13625.927716400001,high_load,high_cognitive_load,-38.40659833240261,-28.436210803345602,-37.20247205676151,-21.43471342450175,-3.229854155506473e-05,-3.229854155506473e-05,-29.872998454632125,-32.68124111152474
13626.309022100004,high_load,high_cognitive_load,35.64324143546037,17.67373885331608,61.415343125237996,25.489740351456476,-3.428758373047458e-05,-3.428758373047458e-05,46.797564865265485,35.614674985001784
13626.662330500005,high_load,high_cognitive_load,-44.88238749708853,-29.653131093110005,18.036700956010463,-2.6066274278659876,-3.6046906643605325e-05,-3.6046906643605325e-05,20.68594700772701,4.178581882918479
13627.033633100003,high_load,high_cognitive_load,-25.041681977117605,-12.654241598088902,-4.000761684463214,2.3773008315238258,-3.397559885343071e-05,-3.397559885343071e-05,3.3315020596151044,-10.429945064885487
13627.421103800005,high_load,high_cognitive_load,-10.838422211134912,-13.284269228187895,-22.579395713094527,-21.316196210520502,-3.5277041206427384e-05,-3.5277041206427384e-05,-30.611816601140617,-8.579691572460888
13627.782192600003,high_load,high_cognitive_load,16.298961223846163,23.656455369625746,29.123873695589282,26.411990093771237,-3.430028573347954e-05,-3.430028573347954e-05,22.119283888343944,4.495023586987827
13628.189637600004,high_load,high_cognitive_load,-5.875992114471046,7.284321306988659,-10.152667071954966,-11.536873123737223,-3.362218012625817e-05,-3.362218012625817e-05,-39.1854353629401,-11.31490265772345
13628.5499746,high_load,high_cognitive_load,16.489783175238244,2.872215159692132,40.53156598219948,32.06251985469089,-3.6210391044733115e-05,-3.6210391044733115e-05,31.67064018618521,19.449296231240623
13628.9310907,high_load,high_cognitive_load,15.674283786699107,26.75328026268562,1.2082453942812208,22.743126320430747,-3.659131016320316e-05,-3.659131016320316e-05,21.620143579896194,6.649707642258363
13629.302419700003,high_load,high_cognitive_load,-17.314210803993774,-17.53219875935565,-21.817527348810927,-22.726365897151936,-3.180393105139956e-05,-3.180393105139956e-05,-17.320177978444917,-12.29667572371136
13629.669078400004,high_load,high_cognitive_load,24.191716462338263,37.90295886746071,35.949755648652626,29.901488242810046,-3.5414302146818954e-05,-3.5414302146818954e-05,11.521981425873491,12.506045906445706
13630.015004400004,high_load,high_cognitive_load,19.675443334762804,12.53598820210209,69.09407181742608,59.37540696834776,-3.227003981010057e-05,-3.227003981010057e-05,63.992370905533335,42.43831431002536
13630.409595500005,high_load,high_cognitive_load,2.750109678971512,-11.024754651635703,34.66310606545994,23.608750979882643,-3.3694215744617395e-05,-3.3694215744617395e-05,16.658871948719934,9.873491816300884
13630.806075900004,high_load,high_cognitive_load,-9.421972198260846,-4.7202964341390725,-19.56345533896547,-19.59157302419044,-3.53130089933984e-05,-3.53130089933984e-05,-15.28703712097331,-13.140211147137506
13631.197572700006,high_load,high_cognitive_load,12.575436354701651,22.993977017274574,45.860937910761095,49.06680555364346,-3.4123188015655614e-05,-3.4123188015655614e-05,34.96053168174967,15.7883482218881
13631.572681100006,high_load,high_cognitive_load,-38.86857366202548,-44.462081799444604,-30.559240829292776,-39.62379312933945,-3.138075135211693e-05,-3.138075135211693e-05,-20.1592630211926,-36.12154703457736
13631.950789200004,high_load,high_cognitive_load,-12.068652126014058,-3.361119944969687,-21.098442974958743,-16.540587070849597,-3.636215842561796e-05,-3.636215842561796e-05,-14.71486632504093,-5.7279577179865555
13632.345122000002,high_load,high_cognitive_load,53.9000612279101,60.193002652632,80.21789385599186,62.21809011145979,-3.463817756710341e-05,-3.463817756710341e-05,49.97744127324904,36.68553928545725
13632.734585200005,high_load,high_cognitive_load,62.218560681533745,68.0661500939832,100.88575968569057,100.96294870318661,-3.332120832055807e-05,-3.332120832055807e-05,69.14779404518276,47.594248324965974
13633.128134100005,high_load,high_cognitive_load,-27.421032750749873,-29.342047761008416,-56.445710150595914,-57.90817901403807,-3.412911974010058e-05,-3.412911974010058e-05,-49.805588512960185,-21.446073797942063
13633.520353900007,high_load,high_cognitive_load,35.088056971245805,25.239522974389274,21.843785366500924,22.28435104198752,-3.4504124414524995e-05,-3.4504124414524995e-05,7.803426460359788,13.494842955392414
13633.9064892,high_load,high_cognitive_load,42.023631341888176,64.56145803013942,18.61768338687625,23.026702524642587,-3.337467023811769e-05,-3.337467023811769e-05,31.918744865252393,37.1988602832339
13634.298639800001,high_load,high_cognitive_load,70.97538221057539,82.7248597107955,113.01535613538817,116.58505013012655,-3.493953317956766e-05,-3.493953317956766e-05,77.83627755735642,66.54159347457016
13634.6836273,high_load,high_cognitive_load,-0.748839949183548,-6.794160139662381,-78.41313100851767,-50.153881000096135,-3.639861006377032e-05,-3.639861006377032e-05,-61.61597121721388,-15.728600633350197
13635.081070300002,high_load,high_cognitive_load,-33.918264213555176,-4.953966052150463,-83.21976379258058,-51.03912950331869,-3.42264956998406e-05,-3.42264956998406e-05,-19.561217437610594,-30.83906967864141
13635.479126900002,high_load,high_cognitive_load,60.386418917647916,52.35276298865983,90.16136742742492,53.77636242842436,-3.315037338325055e-05,-3.315037338325055e-05,62.78398239695389,60.53669807228471
13635.864297200002,high_load,high_cognitive_load,4.045342021140641,22.575909461654646,21.276620951115092,-7.633585067798322,-3.579879739845637e-05,-3.579879739845637e-05,-11.737948344244614,-0.37703845473151887
13636.262008700003,high_load,high_cognitive_load,-236.41148070588065,-92.03036125258814,-158.5755906129757,-108.41812319953442,-3.4584129934955854e-05,-3.4584129934955854e-05,-119.33740348252832,-98.17227803752166
13636.661592300004,high_load,high_cognitive_load,58.55980467406516,-29.04236147127358,-62.02613502366057,-54.29384038143235,-3.2984597055474296e-05,-3.2984597055474296e-05,-45.46009652928569,-16.657660346681496
13637.066865400002,high_load,high_cognitive_load,-58.08863525367383,-10.986277425953176,21.519875953170867,23.733704102853608,-3.2354459108319134e-05,-3.2354459108319134e-05,24.35412889132249,9.809782779677334
13637.447283600002,high_load,high_cognitive_load,-4.350202121915572,14.336382592767677,0.5195077923176541,2.94692286920872,-3.2165300581254996e-05,-3.2165300581254996e-05,-1.5666142792433675,20.414283026756493
13637.829205500002,high_load,high_cognitive_load,-23.328948184946057,-9.635232011942207,20.457157644536892,-1.499672364611797,-3.72175900338334e-05,-3.72175900338334e-05,-0.4195395625815763,-0.7125297575394143
13638.214319300003,high_load,high_cognitive_load,-30.5962789910659,-21.65347356618895,-146.9162449229575,-127.405402288819,-3.537365955708083e-05,-3.537365955708083e-05,-95.05373861963244,-38.28662920417855
13638.600725800008,high_load,high_cognitive_load,-30.753567619422483,-30.006950301105462,0.15723335254961057,-4.707103596556408,-3.589812058635289e-05,-3.589812058635289e-05,-6.12248314391536,-8.322002638073172
13638.972160800007,high_load,high_cognitive_load,17.809639786975822,22.661344543370433,4.60420926297229,23.544644800882907,-3.559181641321629e-05,-3.559181641321629e-05,16.196225732813218,20.662028917947282
13639.318334900006,high_load,high_cognitive_load,-110.35104783859197,-93.89058802201635,-192.82635623343276,-195.5142262835543,-3.4939109355036635e-05,-3.4939109355036635e-05,-166.66620027862336,-104.10094649522125
13639.753344000008,high_load,high_cognitive_load,30.005998863041896,46.30376504840524,25.22298851999949,32.525914061729964,-3.370228841959033e-05,-3.370228841959033e-05,9.987328719485504,17.718439078844312
13640.1173006,high_load,high_cognitive_load,-6.662696058736856,15.947284966944153,-22.78251869131509,-6.065368540834243,-3.392709913896397e-05,-3.392709913896397e-05,-7.215673916409742,6.118361562447262
13640.506550600001,high_load,high_cognitive_load,-13.266888715118512,-21.243442462897747,-22.117498453292228,-16.588220612331043,-3.3133753277070355e-05,-3.3133753277070355e-05,-11.91097353801797,-16.883409417402163
13640.912026000002,high_load,high_cognitive_load,80.73152233813335,77.12324935394781,71.65574844627736,66.68109361482902,-3.427694809943205e-05,-3.427694809943205e-05,59.35752210499413,65.22610932106409
13641.312490400001,high_load,high_cognitive_load,-2.9164415137393007,-2.4082329224161185,-43.90894126611602,-37.49787514194668,-3.4737308851617854e-05,-3.4737308851617854e-05,-25.861502769007984,-2.846405739592683
13641.685749600003,high_load,high_cognitive_load,-34.525581037322354,-44.16370869221373,-63.88525479154123,-77.2741247725362,-3.14255194098223e-05,-3.14255194098223e-05,-68.14333029433647,-51.17681666546105
13642.077031900004,high_load,high_cognitive_load,-69.72479555062205,-62.89651655001535,-178.82487407152894,-138.03121489507294,-3.223299790988676e-05,-3.223299790988676e-05,-143.76984131469908,-82.41385143149228
13642.469901000002,high_load,high_cognitive_load,42.58997729828343,48.91197192861864,55.16119071230287,65.11408825701074,-3.346488756506005e-05,-3.346488756506005e-05,62.92374320696035,42.967170807127786
13642.841896400003,high_load,high_cognitive_load,31.916354178806614,20.140932602956582,51.2417480070485,42.78328846465229,-3.267180818511406e-05,-3.267180818511406e-05,41.906008891246074,30.594093628639712
13643.169512000004,high_load,high_cognitive_load,-7.097965207189645,8.763336893060568,0.3590007698876434,8.910119831698921,-3.5687699892150704e-05,-3.5687699892150704e-05,-2.848278232905159,-5.896209317564171
13643.545547500005,high_load,high_cognitive_load,-53.80672103900861,-61.14616042647367,-55.48017319373275,-52.55006543420495,-3.7246687497827224e-05,-3.7246687497827224e-05,-43.59913967195507,-38.110347130787886
13643.950351700005,high_load,high_cognitive_load,28.17939208048938,41.67613346024382,15.936381621062992,35.994519690143534,-3.2520068998564966e-05,-3.2520068998564966e-05,15.91484710190798,10.842041905643327
13644.309711100004,high_load,high_cognitive_load,-51.609648758206504,-54.47521849859095,-18.57219179738513,-33.23975049030014,-3.2801679481053725e-05,-3.2801679481053725e-05,-29.731724123068034,-33.990635303249746
13644.684716900005,high_load,high_cognitive_load,16.484989427093296,34.18670647103181,-35.97445028585162,-31.122891575072572,-3.5280565498396754e-05,-3.5280565498396754e-05,-26.24772614835865,-7.46631014162358
13645.061020700005,high_load,high_cognitive_load,-22.261112578176835,-29.24563687229329,-33.5563981389987,-38.960947340025086,-3.4396761293464806e-05,-3.4396761293464806e-05,-20.506637283654527,-8.277493936264364
13645.437571500004,high_load,high_cognitive_load,-30.053862023992224,-21.733940453219475,-26.85152405590452,-24.475674348478606,-3.3999126571870875e-05,-3.3999126571870875e-05,-26.275605594180888,-32.51245608046338
13645.782041800005,high_load,high_cognitive_load,37.41016256833291,25.686817432514545,14.586208643484042,13.079931593297715,-3.625587214628467e-05,-3.625587214628467e-05,25.58489451396099,29.30131863566021
13646.184483200004,high_load,high_cognitive_load,-103.1691739567841,-104.24907298607104,-216.88028057759539,-210.24244759825842,-3.295679925940931e-05,-3.295679925940931e-05,-187.2427439466951,-117.47393887519502
13646.534747600004,high_load,high_cognitive_load,-48.74399622932924,11.28577173950589,35.49526166607757,29.994568695198268,-3.566770283214282e-05,-3.566770283214282e-05,46.69014849182304,17.2038767196741
13647.279632900003,high_load,high_cognitive_load,-138.53373361943136,-59.52779921261981,-152.38793369327323,-145.95709681060498,-3.4857692298828624e-05,-3.4857692298828624e-05,-115.38362598562753,-63.68524274502397
13648.823474600003,high_load,high_cognitive_load,14.682912152670724,-0.9377402864793112,-10.988806825058873,-20.678820558679945,-3.6540080145641696e-05,-3.6540080145641696e-05,-11.763380865406361,-1.5076788205587945
13649.069502200005,high_load,high_cognitive_load,-54.88798394507762,-14.715029103890629,-34.16194895684657,-31.17450180752121,-3.560263030522037e-05,-3.560263030522037e-05,-29.340357218464305,-15.844219131196496
13649.255180800006,high_load,high_cognitive_load,130.303655365929,90.76741867865076,129.5139678310975,134.03126958179064,-3.3616277505643666e-05,-3.3616277505643666e-05,112.48925165118953,89.00540998999077
13649.444006500007,high_load,high_cognitive_load,1448.6861824979553,-1247.7509652307203,4417.7264744522945,-355.7381870492354,11408.648041920087,9967.282678283795,4965.54826751361,3843.618166951714
13649.635551400008,high_load,high_cognitive_load,-368.24585383865883,438.4681386582429,-1069.5888573920065,-9.728439497854197,-2367.565580635097,-2072.2772852588414,-939.3094535453774,-900.9375752765454
13649.9835583,high_load,high_cognitive_load,-421.8203131577616,146.59590603924244,-1334.927357343467,31.16502763696053,-2189.808002828626,-2107.8266445243316,-709.0285739449491,-800.5744211840706
13650.943709900002,high_load,high_cognitive_load,481.54702844282974,-217.84532094265978,1402.101382917158,-5.0736860050747055,2518.065927089914,2346.3004521285693,899.0697201688222,927.4752105151397
13651.322914300006,high_load,high_cognitive_load,-1.2408550364880284,104.20933386552679,-81.0875078448048,67.96407311766143,-339.0668287929602,-303.9130883394855,-63.70338071521246,-59.57132668877375
13652.337866900003,high_load,high_cognitive_load,-34.098063306798394,86.03026185432054,-121.41430417493939,116.34156589047006,-454.5518230225598,-429.109078278776,-48.12452633729845,-106.89300456920864
13654.724198000002,high_load,high_cognitive_load,56.48460632470051,1.184395109482466,123.00558993465302,28.175317478064244,171.19473112357718,157.49439044354585,86.03403992461517,73.56433807372468
13654.907239100003,high_load,high_cognitive_load,18.0150507154799,9.995759942957648,52.31709805402852,42.150649299077486,12.095753730794968,12.704109583789432,38.43160061875733,18.979419649803276
13655.095682800003,high_load,high_cognitive_load,-52.607809585440464,-46.27332008895473,-66.81364371749487,-44.79014627925244,-33.395341392410046,-31.59916635182526,-54.35657402833931,-56.99330939578067
13655.284416000004,high_load,high_cognitive_load,-79393.3680691255,-58299.37452015697,-30585.38025607206,-5803.571810225463,-121272.75100428179,-83268.88399903072,-6100.454174757844,-28772.35284058825
13655.493260200006,high_load,high_cognitive_load,15555.359966337573,13029.606670035682,7488.4134081183565,1040.1922495035506,22115.35856927735,15912.841347637448,954.8677358385294,6339.5771594917605
13656.6225152,high_load,high_cognitive_load,-5439.989133579846,-4212.645864566159,-4029.643156930912,-3062.2114714309873,-17845.44173589861,-16386.333945782226,-2837.1939669183603,-5227.249361403779
13657.034803000004,high_load,high_cognitive_load,-2523.0694683302286,-2136.923035358383,-971.1794699788493,256.4461987759596,-1886.283269945402,-717.8816956686596,279.1994232522961,-499.4703092105069
13657.227056600004,high_load,high_cognitive_load,2459.114632253255,1988.7991105061615,1282.1986662158924,425.5992599863562,4431.868341431776,3482.536019420457,384.33826425396046,1275.8484876290072
13657.426725800005,high_load,high_cognitive_load,-926.376636287383,-757.980441739388,-473.58900257956884,-236.21624244280474,-2054.3247242113002,-1730.2868932053843,-216.243501867717,-613.1268317978343
13657.670693600006,high_load,high_cognitive_load,-6498.425396636603,-5532.080738195906,-9427.838091892634,-6495.795003439851,-28655.362940219784,-15160.0667406044,-12981.599928230731,-8963.778444772355
13658.495054600004,high_load,high_cognitive_load,3966.1969555358423,3725.8537129861243,6458.803987535759,4008.2474118426903,17617.810025681876,9116.120602838277,8343.016671284466,5398.979388348146
13659.044367200006,high_load,high_cognitive_load,-1495.2249563368823,-1509.9256375894556,-2658.523332283681,-1585.4914265766247,-6542.2097699409815,-3371.631929352082,-3267.94445286967,-2059.35624572576
13659.293839400007,high_load,high_cognitive_load,64.33783600154493,96.00658692601337,173.81393767398959,95.35435808742704,503.87367017566794,242.43400047212162,222.00792527935664,134.73199512368683
13659.481499000007,high_load,high_cognitive_load,241.70732163499633,208.41105536754958,429.4054750880964,262.5258972089173,992.9611471878452,522.3050751846249,524.3871149958863,336.26848865370494
13659.653036700001,high_load,high_cognitive_load,-3792.155230226669,-9071.72254984078,-5896.36643237828,-1465.3766369855152,-30555.98772226091,-46469.40318931676,-7799.330984379829,10215.811157682252
13659.842287000001,high_load,high_cognitive_load,2675.2639953161915,2678.64232164106,1728.1414253734351,-209.65804103699156,9365.065613967661,12526.648235934084,3093.5410752684643,-1929.958128420251
13660.031122000002,high_load,high_cognitive_load,-699.8470352015634,-1085.0394504478277,-759.7078270693482,169.68269916323243,-4782.425918255425,-7298.151582430429,-1043.2549357879898,1739.6903871674517
13660.266786500004,high_load,high_cognitive_load,-52.58714433942578,185.56579871991698,162.8434367467662,-127.46474881799259,1547.404978524868,2639.328300863319,91.71154044659716,-865.6854091223336
13660.684381300003,high_load,high_cognitive_load,192.73718523359685,126.61663976052932,95.86335217338501,65.40927826427423,30.47971161919213,-119.42832203017133,171.37447557350424,192.249110514902
13661.073818400002,high_load,high_cognitive_load,-74.44370084297088,-53.87764075594714,-95.10977964583662,-39.38544364836662,-259.22998330799874,-352.20409571102846,-102.7155856907234,55.550872138898285
13661.465466900003,high_load,high_cognitive_load,182.68110631669242,169.76837526941972,331.8070845085531,261.0914864940519,138.23420597912173,219.19867396347036,261.1207050943599,93.3570716741965
13661.849482100002,high_load,high_cognitive_load,-9.309272421036894,-16.520398106594712,-47.915438402269956,-39.55491381148158,-25.304099016859254,-48.792370182784,-34.59892061765413,-11.420405037416003
13662.240817000004,high_load,high_cognitive_load,-10.50933571927635,-10.033018294151589,9.674621347884568,0.8503346933443936,-7.505663700015248,-7.195939998077847,5.370541335178132,-2.9994239027350886
13663.255670000004,high_load,high_cognitive_load,32.311731664664876,33.36017095223633,41.81234753763374,31.86245153705522,11.341369187795863,17.712531367759766,38.36619733865791,30.734000606014888
13663.482849500006,high_load,high_cognitive_load,-10.974771555063853,-13.382605990024786,-28.40842005300601,-19.316165323660698,-2.53948373403,-4.61623292339209,-20.266681723659076,-4.244575563942817
13663.678342000007,high_load,high_cognitive_load,21.822948538980654,28.48189901812475,29.470314207922456,29.138361016022827,-0.3548790920594911,-0.19300860271960119,31.291392364829335,24.804617147175577
13664.298476100003,high_load,high_cognitive_load,-23.033101862818967,-31.985599408430062,-29.95198335856412,-31.352956788739448,0.6642996873351876,0.9465901290886904,-25.93306736283239,-25.781136106403665
13664.891049300006,high_load,high_cognitive_load,12.88086149185392,26.152402592814724,34.40217269227469,33.22771089479647,-0.26263288486188685,-0.44190399706167227,25.478436424336905,12.287255599352648
13665.396205000001,high_load,high_cognitive_load,-2.9243509447405813,-7.83075190414138,11.27320760653356,15.11468844431829,-0.008745744941734301,0.014642802415437473,5.135952257083773,-7.127726100848577
13665.612607900002,high_load,high_cognitive_load,-37.300064184493294,-34.91365190146689,-60.068725516048744,-55.25159192155206,0.04209041469675867,0.056873470506616286,-51.163568856563415,-38.461397957787085
13665.801215200003,high_load,high_cognitive_load,22.30727073332082,24.277596962352163,8.111647047232509,3.8592342116889995,-0.022083965000092576,-0.03393734928158665,10.174230747649744,21.10577623878089
13665.990817500004,high_load,high_cognitive_load,28.543717200820538,23.14298487112228,65.46006804133003,54.24529352016134,0.005656483432176174,0.009938745035469765,48.55302548463624,23.332586325802822
13666.181265100004,high_load,high_cognitive_load,46.24100402806653,40.99951449999162,54.778468423068716,44.41529118707922,0.00023965112359292107,-0.00029822515080013545,55.31336000977217,50.002611838936446
13666.388136200005,high_load,high_cognitive_load,-7.0106195453477085,-4.831502728710348,-26.206505434440714,-13.711301042578725,-0.0010696651197577012,-0.0014414812130780774,-3.7625395027812374,13.838407816135714
13666.791424200006,high_load,high_cognitive_load,-4.271041484739726,-13.679931188603405,-3.2536578092331183,5.569331604174749,0.0004973998547939118,0.0007875887540649273,1.8024956051385743,-1.2484124300453914
13667.176240400006,high_load,high_cognitive_load,26.383063419075825,19.002981703444675,33.128850566663004,25.91193148935554,-0.00016860982941580005,-0.0002680481711649918,33.47231704344722,35.61714956215292
13667.565227400006,high_load,high_cognitive_load,-5.517367503708101,9.296428794273652,-75.92787204106844,-88.28355965785704,-4.581792927638162e-05,-3.9252150600077584e-05,-56.45256173966254,1.6519115805353977
13667.961276000005,high_load,high_cognitive_load,13.179703065998183,0.45871503671060054,47.165167217701764,46.68266638268915,-7.527422894781921e-06,3.816032403847203e-06,30.813660166541467,4.3442199398714365
13668.290025700007,high_load,high_cognitive_load,-26.478620183234852,-27.59556199516601,-91.67932355013909,-78.59036234220366,-4.727582199848257e-05,-5.467126811709022e-05,-74.24362896238381,-36.84040983403338
13668.985195800004,high_load,high_cognitive_load,-41.736215552090016,-46.365455207819195,-25.989079304535153,-33.528169579584755,-3.800198101089336e-05,-3.73405518985237e-05,-23.356134789838052,-20.673294559525402
13669.318649100005,high_load,high_cognitive_load,22.863081418378897,31.428188262522326,-32.995081134271004,-17.95474540842679,-3.185444984410424e-05,-2.971797584905289e-05,-24.95187761269517,-12.083982669023499
13669.560523500006,high_load,high_cognitive_load,-18.884616393912438,-27.556573662974643,-0.9354858994852293,-2.7331621334774354,-3.4675842471187934e-05,-3.39782600349281e-05,3.135499907718895,-6.436606771026618
13669.865273400006,high_load,high_cognitive_load,-10.368707152033494,-7.5910841078398335,-34.17249534118673,-23.034061994688273,-3.381808619451476e-05,-3.3384631933586206e-05,-28.329713753845226,-12.962100784882296
13670.257078200008,high_load,high_cognitive_load,-36.56001475705398,-38.14028753000139,-76.21219276985084,-69.8276530219523,-3.4664187296584714e-05,-3.409643704799237e-05,-73.0300709232929,-53.11675850292613
13670.621273800001,high_load,high_cognitive_load,8.460556121362515,2.2353541214060897,13.479607040295832,11.687805164834117,-3.4879941267718095e-05,-3.6873297176498454e-05,9.85930240302605,5.406917361446176
13671.046174500001,high_load,high_cognitive_load,66.15388202948043,70.00884885427786,61.01043940217551,57.452060587768756,-3.4340536331001204e-05,-3.3295812500000466e-05,58.75575756527542,64.01058699460464
13671.4136254,high_load,high_cognitive_load,35.100037241176324,32.072408675053794,58.98207178321536,51.27141064622083,-3.519696474540979e-05,-3.527486478560604e-05,38.51172284302902,18.758941097133174
13671.771072900001,high_load,high_cognitive_load,29.701017438230792,24.55460750135444,37.76082262907721,38.413790492039425,-3.3928067750821356e-05,-3.6187686418998055e-05,20.27621590651188,11.445897122257975
13672.123734100001,high_load,high_cognitive_load,-83.34992975991236,-87.86766459367345,-89.34262758315981,-92.67298764931456,-3.5287542232254054e-05,-3.6010217627335805e-05,-76.49772544311554,-68.60776142061604
13672.4822574,high_load,high_cognitive_load,3.683171379014766,3.8738592722602334,-6.566147656484645,-6.548492314650048,-3.13026594085386e-05,-3.5847625440510456e-05,-11.11443846602242,3.9348419592456594
13672.877358900001,high_load,high_cognitive_load,-43.05105671706224,-29.9880588971796,-64.48862532627118,-57.465939488517506,-3.238075169065269e-05,-3.581390319595812e-05,-51.518269100713496,-35.51248499038684
13673.2409922,high_load,high_cognitive_load,11.869199995193867,13.769216642444007,16.87779868253756,29.752596752014142,-3.525238116708351e-05,-3.6210145481163636e-05,24.84996964287575,19.111990523821532
13673.588750100002,high_load,high_cognitive_load,-3.619745394864367,-14.667966095215888,21.419985140022163,19.447285209678284,-3.385077161510708e-05,-3.173202458128799e-05,16.403053895048288,-1.753625329600709
13673.9972252,high_load,high_cognitive_load,-17.266200557495722,-13.349482667343636,-14.938987528069447,-7.1404726863706856,-3.51968683389714e-05,-3.3018442991306074e-05,-14.484995125937075,-15.183132840934377
13674.3641331,high_load,high_cognitive_load,29.667587174113578,36.20830093330733,23.570119427550253,29.56473042136986,-3.275393737567356e-05,-3.4860817322623916e-05,12.556676744213746,8.774324394572886
13675.0459628,high_load,high_cognitive_load,10.832570467401638,10.951028795354887,29.248509347685285,13.433584783298556,-3.305966492916923e-05,-3.5886248952010646e-05,9.959592857782809,5.457861545110063
13675.392487300001,high_load,high_cognitive_load,34.21738605546807,21.30310562858631,61.71395402530152,61.073259313725885,-3.185747300449293e-05,-3.6155327507003676e-05,51.746838692885376,22.3686442989042
13675.581008200003,high_load,high_cognitive_load,-35.32306217913174,-20.972192250053467,-53.94804717405259,-47.09040978534131,-3.549093435140094e-05,-3.4787710319506004e-05,-30.431243581628223,-23.03461348628116
13675.824408200004,high_load,high_cognitive_load,26.77043010127045,21.37271689044428,1.43192139656594,1.141703638808849,-3.505836593831191e-05,-3.065898999921046e-05,-8.829966346466335,12.849313460961639
13676.202278400004,high_load,high_cognitive_load,-29.57247655067613,-34.714073048209684,-14.610701787883045,-11.75648430672527,-3.243455557822017e-05,-3.214388470951235e-05,1.1091253889371728,-6.367037637557587
13676.599774400005,high_load,high_cognitive_load,-22.82533448326967,-16.289002976343454,66.29504551558784,50.53159384716446,-3.361347717145691e-05,-3.371273214725079e-05,48.92674736867684,19.52509954307652
13677.012799400005,high_load,high_cognitive_load,17.766758449177814,20.25107204826918,96.84743136459883,128.3668032308351,-3.4462849725969136e-05,-3.3991524105658755e-05,47.613202332625406,-23.393664804541004
13677.409202600005,high_load,high_cognitive_load,-4.4684542982213316,-2.419048762325019,-2.0327634121226765,-6.446394349596176,-3.705727340275189e-05,-3.5102055335300975e-05,-3.059210535588136,-2.4039379675650707
13677.791684900007,high_load,high_cognitive_load,115.4131766810251,43.68543075288562,39.82741712745337,43.578416326645765,-3.533923427312402e-05,-3.759666742553236e-05,32.73261474184346,15.800596036918705
13678.210583600006,high_load,high_cognitive_load,-85.09514737338986,-41.235395867443,-47.48081645328193,-43.04171504477972,-3.485645265755011e-05,-3.6081477446714416e-05,-51.288243518494255,-35.02159840748118
13678.593690700001,high_load,high_cognitive_load,96.89855883840983,63.65092759747404,-7.2345021855499,9.234328796836962,-3.6169875784253236e-05,-3.6074874515179545e-05,7.78459827159304,10.166740917146853
13678.993684300001,high_load,high_cognitive_load,40.891555440302454,65.96612044636368,45.23825094335143,56.741301138903964,-3.330740673845867e-05,-3.548251879692543e-05,34.88161982589327,30.71139020034252
13679.389170000002,high_load,high_cognitive_load,-10.389415534416912,-14.768859050496303,-31.2352867244972,-46.033735277021606,-3.460120115050813e-05,-3.4446778045094106e-05,-34.0491174168892,-2.242854733947752
13679.794165600002,high_load,high_cognitive_load,-5.429765969455275,-24.431971772655743,-45.29202319309252,-38.51994885937711,-3.4830457479984034e-05,-3.541042224242119e-05,-26.2811871135832,-1.3152720270450118
13680.204113600003,high_load,high_cognitive_load,-46.40081842985228,-44.124094736329425,-64.03380956198907,-57.25598118517337,-3.450614804023644e-05,-3.0790763048571534e-05,-51.53697792603134,-40.042775504851306
13680.595530600003,high_load,high_cognitive_load,41.172459560221796,64.81077770794127,24.354252296679988,41.80936259539294,-3.4611231058079284e-05,-3.451382235653e-05,35.33723505483931,31.718990377147293
13681.000040900002,high_load,high_cognitive_load,-7.267868602435556,-2.3426331727778233,6.9182454441834125,-7.403522481323762,-3.3856386835395824e-05,-3.417250627535395e-05,-5.22869670718319,5.844674222246795
13681.379651900003,high_load,high_cognitive_load,-74.0550797341325,-88.24633729344077,-23.97619126244399,-37.62120340592719,-3.446714617894031e-05,-3.279087377450196e-05,-27.992112243077827,-36.705111135419884
13681.771767600005,high_load,high_cognitive_load,4.1043733950155,7.487801683570069,-19.5696821326419,-15.432865983277225,-3.656065928225871e-05,-3.544924402376637e-05,-7.757886108333878,-1.3626596865724423
13682.179799400004,high_load,high_cognitive_load,40.37805538527027,40.04110026192757,22.10384717739771,-0.5582916309567736,-3.545739582477836e-05,-3.7034526030765846e-05,4.257246759596455,18.25462178585485
13682.570854000003,high_load,high_cognitive_load,21.136703383685926,28.588756795766585,-23.327434087221263,-33.129752063995056,-3.5088224649371114e-05,-3.5337994631845504e-05,-5.130841916378813,35.806113882939826
13682.972383600005,high_load,high_cognitive_load,-28.030540935886165,-29.875696223656632,-23.281777208700532,-25.568974847118625,-3.4084170692949556e-05,-3.61397960659815e-05,-26.68439024176996,-35.86047252074559
13683.377718300006,high_load,high_cognitive_load,-36.44323856222263,-25.870366491191817,-19.95298011024215,-10.181421797183702,-3.304312485852279e-05,-3.514129548420897e-05,-9.527293476953218,-17.427519158239647
13683.768178000006,high_load,high_cognitive_load,-6.88190399324958,0.47923894393761657,-10.777428654114374,-6.289153716615601,-3.478651706245728e-05,-3.5313048101670574e-05,-20.94987863735105,-30.964603833906494
13684.173772400005,high_load,high_cognitive_load,-21.30747767879984,-30.194796514617337,7.484155847308557,-2.175220373985667,-3.54932217305759e-05,-3.582884346542414e-05,-6.781867234554738,-28.33195290884396
13684.572883100007,high_load,high_cognitive_load,42.161840571383436,50.32520073926162,55.71491665425356,47.796900439069304,-3.574138281692285e-05,-3.396098236407852e-05,42.93076216494637,46.15546448398072
13684.965609900008,high_load,high_cognitive_load,32.77421661730659,33.267383174785664,18.2449645053689,12.76661816766591,-3.433733490965096e-05,-3.463512894086307e-05,12.1411584162488,2.134696279093987
13685.364451700007,high_load,high_cognitive_load,-56.54446999933498,-59.01797829512543,-108.86805754585703,-103.2524196321142,-3.400355581106851e-05,-3.88054968425422e-05,-77.99970814809467,-39.80068557348886
13685.767320200008,high_load,high_cognitive_load,40.80233993378897,43.22052535263856,41.69585153131811,18.442443603782976,-3.6651475056714844e-05,-3.4152562875533476e-05,24.551008122293297,39.589488398713
13686.165532000008,high_load,high_cognitive_load,32.36049262280858,32.501009219061416,19.411768968034266,38.59282681108425,-3.452152213867521e-05,-3.592949178710114e-05,29.067179523482537,27.546396957049183
13686.555161800006,high_load,high_cognitive_load,21.415559588280757,21.767999594930643,31.32018121086594,31.919665537666333,-3.607263897720259e-05,-3.6274413105275016e-05,22.94992727511817,12.789669913712714
13687.0478153,high_load,high_cognitive_load,23.0553839978229,55.150301801261776,23.866965442192395,30.042621074539966,-3.7012825487181544e-05,-3.288675088697346e-05,36.68813646050285,53.30986001486781
13687.519578400006,high_load,high_cognitive_load,-47.304784512603874,-42.00132460611803,-32.1284467436617,-29.226869685924612,-3.469939838396385e-05,-3.28533769788919e-05,-20.088431173376648,-24.521922326797267
13687.712117500007,high_load,high_cognitive_load,0.29492717674747837,5.534354768380126,-5.335729846910908,-1.003676071143218,-3.210181512258714e-05,-3.471497984719463e-05,-15.452569901340667,-8.246070869257892
13687.978901,high_load,high_cognitive_load,-9.194000932186555,-7.325256836470999,-7.484442392732035,-15.333701086564815,-3.431366985751083e-05,-3.510485385049833e-05,-10.100303894272201,-7.469763532824345
13688.359732900002,high_load,high_cognitive_load,34.649129638029535,43.02184459100363,15.193327820958984,25.97704437488801,-3.2656400435371324e-05,-3.39990383508848e-05,22.79787449335845,30.003202690453236
13688.759960000005,high_load,high_cognitive_load,-51.19064494734175,-46.33981144864174,-34.39352998742834,-29.901130661545267,-3.6211920814821497e-05,-3.32435038217227e-05,-36.63317463806379,-39.86078982711888
13689.199345900002,high_load,high_cognitive_load,16.126432565914456,0.2558260502041776,13.236552695879254,4.466228758017223,-3.632159314292949e-05,-3.33147600031225e-05,2.3452464202582632,2.8408452453932114
13689.684833400004,high_load,high_cognitive_load,-21.305801902508392,-23.899384845560235,-5.1228749428873925,-10.790154316106054,-3.3288425584032666e-05,-3.406462928978726e-05,-4.787785398604683,-0.7642324842036032
13689.905887600005,high_load,high_cognitive_load,18.426035057372246,26.124332188853714,-3.043480495035965,-0.47101542390419127,-3.5308892620378174e-05,-3.35376553266542e-05,-14.464757105634817,-5.106111681875973
13690.2423197,high_load,high_cognitive_load,-14.562915990680267,-26.836271537299126,-17.006567610138518,-14.132347526932335,-3.4274889003427234e-05,-3.610052317526424e-05,-5.596351134930956,-11.264768974604976
13690.6373857,high_load,high_cognitive_load,15.915287400859143,15.429890377654829,42.97763938942535,37.52728028480897,-3.47422046615975e-05,-3.457146249274956e-05,32.632521335435285,13.445901320231314
13691.014397700008,high_load,high_cognitive_load,-18.873824899898864,-3.1971317376305706,-19.861847841986673,-8.544883136135468,-3.742864828382153e-05,-3.2907340937526897e-05,-16.50382435099982,-7.472462748991347
13691.414275500007,high_load,high_cognitive_load,31.10835676422448,3.7589138904604624,50.94434767727853,36.31324025258937,-3.0744296964257956e-05,-3.070942057092907e-05,29.138402544393557,10.510903178260833
13691.768267800007,high_load,high_cognitive_load,2.6986636539850224,5.140326893556448,-7.684747205670192,-3.737637307177465,-3.1973328077583574e-05,-3.188595928804716e-05,-9.771686029872853,1.5514410476985177
13692.156706000007,high_load,high_cognitive_load,-15.586042044763872,-0.7913623697663752,-40.064285605973055,-36.79402424219916,-3.513758929329924e-05,-3.525243755575502e-05,-18.772228501081827,2.0372003900133677
13692.524452500007,high_load,high_cognitive_load,63.730733505212356,57.25924875756755,93.52599010539689,88.11082666862148,-3.576986819098238e-05,-3.3873177017085254e-05,84.59716905121195,66.26349600096637
13692.933642800008,high_load,high_cognitive_load,-121.58457663661466,-93.61715890850928,-54.25934204156056,-50.13571659405579,-3.2069735425466206e-05,-3.553291298885597e-05,-42.43406097056641,-54.91369349284514
13693.367917800007,high_load,high_cognitive_load,157.5159714446927,187.54160396222687,212.15771118712019,198.3200350246293,-3.3824525417003315e-05,-3.386906610103324e-05,211.75046801351436,211.07115214150008
13693.716014800008,high_load,high_cognitive_load,-25.16506563747589,-38.419616571065944,-48.44855770355798,-48.20247775977532,-3.2317878321919125e-05,-3.2011807888920885e-05,-41.53941057062457,-42.40913767183201
13694.095269200001,high_load,high_cognitive_load,-1.9521214267042524,-5.38728593954329,-15.226090236105847,-12.413514092062542,-3.4771212085615844e-05,-3.372059018147411e-05,-17.362048696911643,-12.268704734568928
13694.4750139,high_load,high_cognitive_load,15.34915299414206,11.540261775437102,30.930270933993143,45.88848003624071,-3.5990841752209235e-05,-3.24210786857293e-05,19.359995696205715,3.312710334912481
13694.947285100005,high_load,high_cognitive_load,-40.731196119544165,-35.738026565562905,-67.60166135832378,-70.99445157972514,-3.261860729253385e-05,-3.613416811276693e-05,-45.58561340744609,-24.91871218429742
13695.456297100001,high_load,high_cognitive_load,66.3340448159156,37.143840789282876,177.6347607941907,164.46957362821377,-3.211007424397394e-05,-3.5495851989253424e-05,123.84653607824794,52.353340470555395
13695.713338800002,high_load,high_cognitive_load,-47.61095852579456,-41.12380644693394,-43.00868386718321,-52.000772569780565,-3.588783602026524e-05,-3.1846942874835804e-05,-34.35581543659282,-38.191963229082376
13695.975558800003,high_load,high_cognitive_load,67.79914091157934,50.330520771755346,162.6146662957467,123.36260000870107,-3.450024451012723e-05,-3.3892250030476134e-05,124.44551503135563,73.84743911378109
13696.345835400005,high_load,high_cognitive_load,21.30012471371947,35.35508112598154,1.952244664933005,7.578447643123582,-3.3701022402965464e-05,-3.5147223570675123e-05,24.553639225963707,47.084174978759165
13696.821850200004,high_load,high_cognitive_load,-11.908173977675233,-17.14780488659335,-6.78099494017124,-0.340379937403668,-3.468751219770638e-05,-3.437821487750625e-05,-19.19134190898876,-12.806355122640525
13697.219887200004,high_load,high_cognitive_load,6.385714111326251,11.297318106437615,-33.61099737598215,-21.06332796659808,-3.683844624902122e-05,-3.563669724826468e-05,-31.745585362019938,-20.593520732224988
13697.579416000004,high_load,high_cognitive_load,52.89932896620485,62.710970852518585,56.30626401470181,67.19294893764709,-3.295908845757367e-05,-3.474350796750514e-05,60.813803396634285,60.13864414468662
13697.859907100004,high_load,high_cognitive_load,34.052307705817384,46.383430423495156,46.78174368496866,57.14636050944864,-3.491477127681719e-05,-3.899570310750278e-05,53.20761301079756,38.42739621776445
13698.197473400003,high_load,high_cognitive_load,27.734518859478158,14.784927510086163,54.10169286083692,45.087295356082905,-3.4903009691333864e-05,-3.590191863622749e-05,46.17164355432942,30.99232781638011
13698.610513500003,high_load,high_cognitive_load,7.783241420399008,24.12492355272434,-22.2431506327016,-14.175552694819089,-3.0230977245082613e-05,-3.362131792528089e-05,-13.132156469334404,12.562369330305955
13699.155639500004,high_load,high_cognitive_load,-40.27814599173689,-47.256155035629945,-34.763916562933446,-16.63292826942734,-3.0820968277112115e-05,-3.2756290238467045e-05,-38.07915560107904,-38.08801960575465
13699.576949000004,high_load,high_cognitive_load,36.71072327037609,28.847421261658383,59.17054126341236,15.104124866426446,-3.2715138331695925e-05,-3.253137765568681e-05,37.02651440080308,14.957937318471068
13699.771103400004,high_load,high_cognitive_load,5.8880977698759125,19.70289205879908,-19.101010819003477,36.750758249114824,-3.371567254362162e-05,-3.558888693078188e-05,-2.641909815651161,8.832288269457877
13700.152426600005,high_load,high_cognitive_load,9.476587461805593,8.810569797978587,20.556870444764172,-17.40154567333957,-3.458987976046046e-05,-3.368080979271326e-05,10.544702510297611,9.240598396134828
13700.561644300007,high_load,high_cognitive_load,-5.962508111029365,5.760567480999725,11.951550569397114,28.962310224370867,-3.349643884575926e-05,-3.618388291215524e-05,17.685085619450092,-1.3287480934591258
13701.032325700007,high_load,high_cognitive_load,-19.475531679579944,-12.459276275916636,-6.587381523069325,-18.66933081418574,-3.568504507711623e-05,-3.3744057873263955e-05,-17.257121482261937,-18.967929397304033
13701.62356,high_load,high_cognitive_load,-2.3598104369211796,1.406888042337414,-9.89989619290236,-1.8998967340885429,-3.636612109403359e-05,-3.340604234836064e-05,-6.844849189765682,-6.51501702365249
13701.834290800001,high_load,high_cognitive_load,-92.24522711473128,-94.3584903949536,-62.28843936460089,-29.783206782227808,-3.469702187430812e-05,-3.364788426551968e-05,-57.09031734477776,-88.05876945456703
13702.080304800002,high_load,high_cognitive_load,-83.46660469422204,-85.23671567521842,-81.13693678673644,-64.39591981691092,-3.506232769723283e-05,-3.3557837014086545e-05,-72.80880842276929,-85.04308734407277
13702.459657700007,high_load,high_cognitive_load,4.474435319862096,-3.9770728739913466,-39.29885389535457,-38.77876600619629,-3.322681823192397e-05,-3.651449060271261e-05,-16.13412472415257,15.148884921478839
13702.8558646,high_load,high_cognitive_load,1.887428669244855,6.039928616990892,13.638836918486959,10.840914499351129,-3.275320887041744e-05,-3.2888127861951943e-05,7.985263645703526,9.10642666686772
13703.2485885,high_load,high_cognitive_load,61.03531002739419,50.90735070517758,43.33534434776902,40.96171332553331,-3.5097654290439095e-05,-3.6445448131416924e-05,27.497095092685868,22.628874770079165
13703.626166600001,high_load,high_cognitive_load,17.777181996651507,21.070766793831808,8.682647733307931,5.964651103768119,-3.417950028961059e-05,-3.3810253626143094e-05,-13.747626275263428,3.425018705183902
13703.995802200003,high_load,high_cognitive_load,45.182705519013325,40.58011763802642,74.40031382131247,71.11706684965611,-3.525718602759298e-05,-3.285725779278437e-05,59.39101415743016,40.2858683927866
13704.404146200002,high_load,high_cognitive_load,26.635533095959545,25.50164904401845,42.50928692319894,31.08857514317924,-3.270947581768269e-05,-3.395657131477492e-05,33.628167709414356,29.579935191918594
13704.794001000002,high_load,high_cognitive_load,37.265855232534705,28.77698753451159,37.977935813308704,42.94807692002178,-3.464906603767304e-05,-3.1236350878316443e-05,28.965754373790787,18.12268883357092
13705.155267000002,high_load,high_cognitive_load,-78.23663841128018,-82.83602531631323,-46.491018013611665,-54.040525733761115,-3.30866323565715e-05,-3.323133842059178e-05,-52.19081808486453,-49.53488516245079
13705.521629900002,high_load,high_cognitive_load,1.2597393192913842,4.335952224917037,12.334473261610583,18.131819404590715,-3.392458074813476e-05,-3.5198477235098835e-05,14.253780721900057,-5.917381892827962
13705.899198200003,high_load,high_cognitive_load,26.157230215508207,20.465582150717637,40.794948938386824,31.766621411653432,-3.65018140655593e-05,-3.1110376767173875e-05,30.291005871728885,28.164733505208005
13706.264526200004,high_load,high_cognitive_load,20.121012691629858,24.75643469586521,-5.059228223279206,2.739245699571711,-3.4879808481491636e-05,-3.477640257187886e-05,10.483287793100772,22.339755169812634
13706.660828500004,high_load,high_cognitive_load,9.754532593608019,-8.94292880632247,39.26142907705798,23.058228223700098,-3.281614681327483e-05,-3.327070226077922e-05,16.381115791323737,12.557602859117651
13707.065822800005,high_load,high_cognitive_load,101.8702835431427,105.82014058880941,62.059115862889485,74.30447067325622,-3.493944132060278e-05,-3.611490683397278e-05,67.05003362849811,98.3267217491948
13707.419464600003,high_load,high_cognitive_load,-21.752882830964154,-24.187882200799777,-94.24792989438083,-89.16891016739783,-3.4407558814564254e-05,-3.703180755110225e-05,-68.93976217540649,-11.297217899716543
13707.780619200004,high_load,high_cognitive_load,29.54954827537631,26.74663488105807,74.16869700440293,55.19086221447105,-3.260987523390213e-05,-3.371285129105672e-05,53.07343651711517,31.58770973419405
13708.128359900003,high_load,high_cognitive_load,28.92459314419193,44.62149783725181,-22.398331795129707,-8.565313225582031,-3.385354102647398e-05,-3.551539975887863e-05,-4.851013924072504,7.814111378832877
13708.539566100004,high_load,high_cognitive_load,-76.54403582261648,-70.72667026575527,-50.87751464248731,-40.51595259872329,-3.275527251389576e-05,-3.614453180489363e-05,-52.29161392989499,-75.68369092950434
13708.950635700005,high_load,high_cognitive_load,-65.38886705223058,-57.50667908731475,-121.90917916222133,-121.92446363388717,-3.34819951604004e-05,-3.630690844147466e-05,-114.90591766985017,-84.82672627930924
13709.323280000004,high_load,high_cognitive_load,85.29673035617952,83.20492067947544,128.15058262385537,94.54431644908846,-3.4037103432638105e-05,-3.485550587356556e-05,113.91865189562986,99.55391693081538
13709.693661700006,high_load,high_cognitive_load,107.29150091767178,118.49518089462208,143.60948298224503,155.51945705654043,-3.928319074475439e-05,-3.219847167201806e-05,106.78105092699843,66.63940142771435
13710.043848700006,high_load,high_cognitive_load,-27.973448085530435,-44.64420899418792,-10.216203417748147,-23.246635312139006,-3.7109549339220393e-05,-3.148752875858918e-05,-22.48333658602678,-33.60489198473715
13710.414856800006,high_load,high_cognitive_load,30.129695216767686,25.27435461464529,61.94965875871367,57.741540740146775,-3.4799725654011127e-05,-3.215112974430667e-05,53.543951015659786,44.04530958631767
13710.780190900006,high_load,high_cognitive_load,-12.223240454095048,-9.263236707216947,-20.666026907782907,5.429698877068859,-3.166637452522991e-05,-3.4493239581934176e-05,-5.911505282801954,-17.733316124939392
13711.179896400006,high_load,high_cognitive_load,-29.22148139808405,-28.956370175611028,-31.3948400456311,-23.82194673219783,-3.5694404687092174e-05,-3.651899169199169e-05,-23.087335816396717,-22.96536628200556
13711.5610637,high_load,high_cognitive_load,-32.385258364896345,-27.63928022880782,-48.31542484856618,-38.70303068968269,-3.588553681765916e-05,-3.546056541381404e-05,-42.22857993769367,-30.296726153223062
13711.946494100002,high_load,high_cognitive_load,-41.106175738242655,-37.01172050237801,-53.81523043587413,-44.15854530096294,-3.405775987630477e-05,-3.6629273381549865e-05,-47.983930727225015,-33.707575374367025
13712.345934800001,high_load,high_cognitive_load,25.82492922019037,23.74520869797925,48.9742465829695,51.270755231395015,-3.3088902455347124e-05,-3.2917214412009344e-05,41.99500258784701,24.293473662575252
13712.697646800003,high_load,high_cognitive_load,-31.23517994740314,-34.9073374762329,-36.97089702455196,-39.8700840756519,-3.5690434742718935e-05,-3.159561765642138e-05,-34.15642308112001,-26.696596291955757
13713.096992600007,high_load,high_cognitive_load,-28.305645727386946,-42.39583231319557,-0.9532020892347646,-10.61637344266137,-3.370044760231394e-05,-3.469128569122404e-05,-0.36309946363826384,-14.585770138318821
13713.443248600008,high_load,high_cognitive_load,-15.050372217936001,0.8558162294743852,-30.708304335429148,-28.032843206029156,-3.54175044776639e-05,-3.4877842153946403e-05,-19.152734105033232,-3.036516252561796
13713.824149300008,high_load,high_cognitive_load,-27.221334722703432,-32.98930597967774,-53.504881555883,-54.18153190602561,-3.441748322075e-05,-3.57359704139526e-05,-43.651094740474946,-56.857666987928496
13714.158031300007,high_load,high_cognitive_load,-2.2698936657425293,1.355252535776799,33.20559825788405,31.146040326032107,-3.374326661287341e-05,-3.428433228691574e-05,23.803825427448373,12.977373112943042
13714.516720800008,high_load,high_cognitive_load,13.684853838741219,11.051796022089547,7.2920502025140195,18.78969985355843,-3.656300941656809e-05,-3.211210150766419e-05,16.12221294242363,15.26968494505536
13714.916649600007,high_load,high_cognitive_load,-13.574576246234301,-23.74493345684914,5.3038004141826605,-15.523291309112665,-3.521578128129477e-05,-3.5706772905541584e-05,5.01411321610658,1.9667914826841297
13715.240527700007,high_load,high_cognitive_load,5.089107121609231,-4.839127403225575,-6.196019080996848,-1.2702051260689586,-3.5294975532451645e-05,-3.679299061332131e-05,-3.0452596986951903,-3.235145975274918
13715.645750100008,high_load,high_cognitive_load,81.88282118213192,99.60090525854002,-8.771204316474723,2.9724391691520395,-3.6131996239419095e-05,-3.4733878237602767e-05,25.950740602228052,75.20314415168241
13716.031622900007,high_load,high_cognitive_load,-4.9656309763145146,-18.55040511301013,6.380065556820682,-0.018649381585419178,-3.632128755270969e-05,-3.3953680940612685e-05,-2.5206461441962347,-2.9088969283193364
13716.388058300006,high_load,high_cognitive_load,3.680657093255377,9.594757748623124,1.626816060613237,7.19304568478492,-3.425293289183173e-05,-3.3694492231006734e-05,9.667210528428313,6.489357342416952
13716.761702700007,high_load,high_cognitive_load,21.41473789100928,9.418048184572399,18.87488674141605,13.80456114098979,-3.513444698910462e-05,-3.259028471802594e-05,20.423986125828378,18.414219803658852
13717.156680900007,high_load,high_cognitive_load,2.5386745791961403,15.065677729896379,12.750016841266188,4.165338312329823,-3.5448709240881726e-05,-3.3254229492740706e-05,1.893634325633684,6.588586983010828
13717.499789000007,high_load,high_cognitive_load,21.76676076869944,27.332275361487973,-9.233274741232435,-14.67482944561334,-3.1756293537910096e-05,-3.8097774449852295e-05,-6.647105343479325,8.00747075911113
13717.866860500008,high_load,high_cognitive_load,2.4547115402256168,1.274831764384544,31.101164161545057,25.722784975950162,-3.4010012313956395e-05,-3.4399371543258894e-05,31.608322041483916,24.971908424785397
13718.227987200007,high_load,high_cognitive_load,1.7478726257618291,-6.468510619540211,3.2485194856521957,0.5592225790242082,-3.38365225616144e-05,-3.2358630960516166e-05,-8.08947912593112,-22.006129009766028
13718.590646100007,high_load,high_cognitive_load,7.3733005633989706,-10.175894404751034,22.95906032495941,20.83854574530278,-3.549640860001091e-05,-3.397140790184494e-05,32.98852832693774,21.860922494111946
13718.971922900007,high_load,high_cognitive_load,-5.421927279898682,5.1653502123981525,-49.87376847003634,-40.9124656755107,-3.358359117555665e-05,-3.264904171373928e-05,-51.10856923268193,-39.07853910563745
13719.351815300008,high_load,high_cognitive_load,-43.85699163405252,-58.646896168467265,-16.99725427981457,5.59632845354372,-3.443341120146215e-05,-3.183334229106549e-05,-6.868056420024004,-31.700702219448885
13719.711713400007,high_load,high_cognitive_load,13.35170316353242,18.588580720123446,2.2008738751637793,12.26679641658302,-3.5778279197984375e-05,-3.3110356525867246e-05,13.92706206676121,17.856812330452613
13720.084939100007,high_load,high_cognitive_load,-25.360591142261455,-29.25332595269947,-18.856562012189443,-30.955533611051578,-3.1808151106815785e-05,-3.363952873769449e-05,-21.742111495478184,-24.450853609907426
13720.431384500002,high_load,high_cognitive_load,0.008883997185421322,-5.7180062946004,0.19490289862005739,-5.911824948376761,-3.184270917699905e-05,-3.3838339732028544e-05,-0.10650304396631327,-2.6691851036375738
13720.827090200008,high_load,high_cognitive_load,50.54980916861905,51.09247344106734,55.52209542593437,62.088813276799556,-3.64622601409792e-05,-3.508096233417746e-05,60.581848830588115,53.751397752576395
13721.191860500006,high_load,high_cognitive_load,-28.405942199200126,-3.822076101743278,-30.98050663162121,-11.794820752174928,-3.475609355518827e-05,-3.2665182516211644e-05,-30.03375539364697,-38.015115030547804
13721.575464600008,high_load,high_cognitive_load,16.120881697157074,-1.9002451544411088,26.92196314571538,5.522938472578517,-3.327239573991392e-05,-3.315370122436434e-05,15.410400261490395,20.54890689821741
13721.980053300002,high_load,high_cognitive_load,16.82844860815476,16.505251325093468,-23.919374841190347,-17.267712027537073,-3.491661209409358e-05,-3.641535022325115e-05,-26.191229761697286,-1.6225931038238741
13722.352273400002,high_load,high_cognitive_load,-21.44046155287606,-17.790013531162003,-13.804664767905251,-18.23897068633778,-3.633384403656237e-05,-3.645218203018885e-05,-9.433942544204001,-0.45791307687159133
13722.7411439,high_load,high_cognitive_load,-94.4686772412042,-80.83443050240112,-178.78834912888578,-133.33177592701577,-3.463258326519281e-05,-3.4344374398642685e-05,-148.5778843889575,-122.86076342366778
13723.099716800001,high_load,high_cognitive_load,17.613164047662394,2.4366710920398873,-14.724573499521739,-17.528871255809463,-3.4151376894442365e-05,-3.460651441855589e-05,-17.53355860415104,-0.3637725757153021
13723.461228200002,high_load,high_cognitive_load,-15.673991475592175,-8.233672018760444,-6.103236709598605,7.765898644173831,-3.24582697430742e-05,-3.327388913021423e-05,5.11884416794328,-10.289220198863859
13723.814716800001,high_load,high_cognitive_load,51.55067162905607,61.957987048740506,-18.877419270897462,-13.685477734936285,-3.3668704418232664e-05,-3.5382558053242974e-05,-4.2478625086455395,30.882423474265124
13724.1935479,high_load,high_cognitive_load,38.553316310756145,28.94806512353125,99.34656995341675,93.57836221184698,-3.884691159328213e-05,-3.6524905226542614e-05,75.59525557967117,41.3548242624438
13724.592081600002,high_load,high_cognitive_load,-36.31523296044952,-32.741944603088996,-64.74682600164715,-65.49054751369931,-3.59438354280428e-05,-3.6649813409894705e-05,-66.15477167871359,-41.55180963029579
13724.931357700001,high_load,high_cognitive_load,-0.2701898516256733,-3.3235327173947553,0.02315469226687128,0.37684634023798935,-3.743382330867462e-05,-3.3955276194319595e-05,-5.845134374976624,-6.587390362687984
13725.3145287,high_load,high_cognitive_load,78.72960610637165,104.9245716647597,-17.998422659309654,-27.238195882523087,-3.5492912502377294e-05,-3.397270393179497e-05,22.83395079110187,58.246478047929486
13725.701094,high_load,high_cognitive_load,13.651038092181352,14.922876856609491,56.140090676618456,48.800222097454025,-3.4016815334325656e-05,-3.405026382097276e-05,44.254704372324795,30.541241116546644
13726.0822152,high_load,high_cognitive_load,-71.93980036144649,-86.29244606581733,-88.48262334589299,-81.58667614399064,-3.319226379971951e-05,-3.4167536796303466e-05,-77.83969902557646,-86.78054625076084
13726.408333000001,high_load,high_cognitive_load,19.936458766992473,26.203537361845065,28.563184212268425,20.103860801579685,-3.37148421749589e-05,-3.3663508475001436e-05,16.568716844259143,16.356408353237384
13726.768503300002,high_load,high_cognitive_load,-55.67209754478017,-64.78546645938923,-39.15982365280024,-45.146950747240226,-3.348355312482454e-05,-3.328194452478783e-05,-32.73575623204579,-39.962321499990594
13727.172503500005,high_load,high_cognitive_load,16.872162807490895,23.97234279103077,-8.547601763165403,11.477542644575351,-3.6113327951170504e-05,-3.3481082937214524e-05,-3.6174208316188015,-0.21646371260021624
13727.649696600003,high_load,high_cognitive_load,26.855218044919184,12.220221518405197,59.68373525521338,28.280719482860604,-3.561386438377667e-05,-3.4026222238026094e-05,51.52891317601188,46.940317980955115
13727.956228900002,high_load,high_cognitive_load,15.746421253311837,25.615013369695134,10.844373459238795,28.257687193361107,-3.388400000403635e-05,-3.3575114684936125e-05,8.248849115593657,-3.8032721084337027
13728.341189300003,high_load,high_cognitive_load,44.932338717102084,39.76219281578096,83.47746336322734,65.37742678599852,-3.323267173982458e-05,-3.199650200258475e-05,57.892700828808756,48.099463891031064
13728.742450000003,high_load,high_cognitive_load,-60.03123883599483,-67.21746672981453,-66.34968964247992,-61.18568944405706,-3.361061044415692e-05,-3.258273954998003e-05,-49.40012774179104,-43.96545510053784
13729.125724100004,high_load,high_cognitive_load,90.9571959467903,119.35021948053418,55.61766169225575,50.80627485984178,-3.176401605742285e-05,-3.304410074633779e-05,46.09109935440392,70.09392306693644
13729.499783900006,high_load,high_cognitive_load,44.298461135632806,27.440325396586104,108.66989175774916,87.11316724865083,-3.188062964909477e-05,-3.4460002098057885e-05,97.59424700589489,75.19342510920433
13729.886407300006,high_load,high_cognitive_load,94.84540872466869,99.95973205348992,108.30387103331486,97.44331399014754,-3.4230926758027636e-05,-3.423418729653349e-05,88.57977529558957,82.38513947774209
13730.353105000006,high_load,high_cognitive_load,-0.31276156742296735,-27.056272954896485,21.8782850854318,28.070176039772377,-3.363113592058653e-05,-3.2343809834856074e-05,5.965665150697532,-24.691250575362574
13730.743249700008,high_load,high_cognitive_load,21.65641692987174,50.69230677144924,-13.719347668741193,-27.446605091286983,-3.4826667615561746e-05,-3.208708221791312e-05,-15.183531125601803,17.628541927284004
13731.137841200007,high_load,high_cognitive_load,-35.64249342533412,-54.650260873163006,-31.550452011617836,-36.55741961811009,-3.361652670719195e-05,-3.2556213227508124e-05,-22.679881594659037,-32.76056190162126
13731.537131600002,high_load,high_cognitive_load,-18.552634795558333,-12.581464727230468,-21.213755514424975,-15.673565949041858,-3.414802813495044e-05,-3.611611191445263e-05,-20.805178599132887,-22.286576294614406
13731.894227000003,high_load,high_cognitive_load,-113.97667191587243,-112.61216650131473,-185.28064403392727,-178.28442252098966,-3.4684147976804525e-05,-3.369785463291919e-05,-141.04544618365253,-102.34465069420366
13732.290823600004,high_load,high_cognitive_load,9.26724319505638,19.33269446067243,15.16684520524177,15.53010180849651,-3.910264786100015e-05,-3.1804005629965104e-05,8.424389348890145,9.854813269796978
13732.6878182,high_load,high_cognitive_load,-28.231814323114122,-17.62344442700305,-49.07012022726303,-42.27592242852006,-3.5100696550216526e-05,-3.308498435217189e-05,-35.4612870979322,-18.434984464851368
13733.03102,high_load,high_cognitive_load,16.754102565332232,22.916927504898013,30.71299372995918,31.009710788826396,-3.432594621699536e-05,-3.40581336786272e-05,27.92964540290768,22.63242110100373
13733.3872709,high_load,high_cognitive_load,-29.779041307609077,-46.828514507376894,-39.51970809474733,-39.114523372652,-3.231199116271455e-05,-3.5060929803876206e-05,-33.38684691714343,-35.14592124666342
13733.766008600001,high_load,high_cognitive_load,20.92326556517446,32.2496371326024,-10.566111164028825,8.493278514036774,-3.2967529477900825e-05,-3.484045009827241e-05,-3.4866890029079514,10.385294417028035
13734.107223300001,high_load,high_cognitive_load,11.246444967349362,8.399108107528264,-18.506619320185564,-23.328140559375697,-3.510198621370364e-05,-3.668105546239531e-05,-21.042631202766188,1.3519048798052609
13734.4984716,high_load,high_cognitive_load,100.56581077638248,105.72226484640714,130.35228948837675,126.36681644994997,-3.338933856866788e-05,-3.605422443797579e-05,116.06188394280616,94.44699783901251
13734.86412,high_load,high_cognitive_load,62.11914653121903,77.93364048018339,54.20245506103538,57.783199599478394,-3.383353032404557e-05,-3.4895285352831706e-05,47.42047945145532,48.54972163847833
13735.2284787,high_load,high_cognitive_load,-9.552458405213201,-18.613589600979594,7.500698620876847,-5.663029498124615,-3.349267444718862e-05,-3.319401821499923e-05,4.386318127468257,-7.789629377821711
13735.618604500001,high_load,high_cognitive_load,20.525942874773136,20.152640485962365,-8.720207030750316,-7.463358719671305,-3.4025140848825686e-05,-3.538311011652695e-05,-4.57014290412053,7.927820193662683
13736.018721800001,high_load,high_cognitive_load,-32.808226085907336,-26.255217643820288,-5.9559552327687015,-15.772135671719298,-3.541621481417678e-05,-3.594650752347661e-05,-7.557492435808399,-4.672203231651565
13736.424156500003,high_load,high_cognitive_load,37.31894046695288,49.38502042243226,12.2002760297014,24.750363258617654,-3.350112001498928e-05,-3.5728920011024456e-05,19.66114467988882,21.262384201848818
13736.829355800002,high_load,high_cognitive_load,-18.453335811033867,-27.443976931999714,2.95417643902465,-3.0955668567535213,-3.585039758036146e-05,-3.450085296208272e-05,5.5617353986631315,-9.049805359790753
13737.220726300004,high_load,high_cognitive_load,134.26960350093896,131.03786621277732,144.06526733614191,128.0296925640032,-3.4268712624907494e-05,-3.4548282201285474e-05,134.11707343826492,120.08302426492946
13737.590942600003,high_load,high_cognitive_load,-27.98571890664107,7.680101817952618,14.520217334021709,18.982594862734004,-3.2387809369538445e-05,-3.38575027853949e-05,25.703649548993326,26.496197527828826
13737.989418800003,high_load,high_cognitive_load,46.44262566656289,45.11043941452954,51.618955672664924,41.81360039810352,-3.356592605996411e-05,-3.568230113160098e-05,39.00368428473803,41.0339737375034
13738.381929600004,high_load,high_cognitive_load,99.9502549041772,111.51841932156412,146.55861575579866,125.11291222463296,-3.5114371712552384e-05,-3.3253833862545434e-05,124.35161953278384,100.18864627440917
13738.771559000004,high_load,high_cognitive_load,14.924235530913393,6.678732325996407,50.843539023721405,47.53473821499438,-3.538047349138651e-05,-3.257753451180179e-05,36.7158595610008,15.905786199243266
13739.160587800005,high_load,high_cognitive_load,-47.67071403290811,-27.90830649271129,-94.80483134552333,-76.62494769201294,-3.316964011901291e-05,-3.305111204099376e-05,-59.99388375270519,-31.692957260221647
13739.554657000004,high_load,high_cognitive_load,-41.34294592772403,-44.38724932781952,-54.89740045080771,-59.868239514360084,-3.491847292025341e-05,-3.6719042327604257e-05,-46.52420649363103,-35.54454990157228
13739.964625400004,high_load,high_cognitive_load,58.70707887044864,44.25228016310302,97.7929454439959,68.73189027804165,-3.804183597821975e-05,-3.710287364810938e-05,84.31934434108416,60.30878779243676
13740.372178600004,high_load,high_cognitive_load,-61.98586036207962,-32.231158856358434,-89.5408272720747,-75.06585961337805,-3.658165860542795e-05,-3.4958289688802324e-05,-61.38173619155987,-47.45983284014437
13740.745777200003,high_load,high_cognitive_load,-7.399515258399788,-17.47524871088035,-48.99977470609565,-49.840907308886926,-3.5563198252930306e-05,-3.609317718655802e-05,-33.28313722281928,-7.049746822638554
13741.140799400004,high_load,high_cognitive_load,-69.53895309759491,-73.22978073459535,-81.37784521691765,-77.74752732279421,-3.4756767490762286e-05,-3.6259263652027585e-05,-71.72443950748357,-68.55504350359115
13741.539747400004,high_load,high_cognitive_load,69.75973153503855,75.71581835356437,63.82294423207077,49.595201088454814,-3.6524736970022786e-05,-3.624504279287066e-05,37.84770911780197,45.337418987184265
13741.935920300004,high_load,high_cognitive_load,10.910171053196791,14.616589996438961,19.290768409548036,4.6947348944663645,-3.5406776987656485e-05,-3.630752689787187e-05,14.476341747515562,18.03147148664175
13742.353251,high_load,high_cognitive_load,-28.563521662711082,-35.7775706539087,-29.637548220124245,-29.724803119728676,-3.680865484056994e-05,-3.4049207897624e-05,-33.723950051141856,-32.04904971520364
13742.7362766,high_load,high_cognitive_load,42.98218235245122,61.31467450978016,36.59226638528298,60.14381007035445,-3.517816185194533e-05,-3.5658747947309166e-05,38.50407513559094,25.223103580000497
13743.132415900001,high_load,high_cognitive_load,-28.446399173198643,-21.20958141165238,-11.364241685455454,-10.525169130408813,-3.435659618844511e-05,-3.1339051929535344e-05,-7.324665262225153,-19.301461372758695
13743.461000000005,high_load,high_cognitive_load,69.55790836275946,81.3038221481711,38.560168813525706,43.07816567985947,-3.269899571023416e-05,-3.4996286558452994e-05,44.076692772594924,42.91302828389462
13743.842095800004,high_load,high_cognitive_load,28.338078862943348,18.59409439583942,42.19227444030594,18.38992253780043,-3.072809977311408e-05,-3.676790674944641e-05,36.84840066929155,41.404357650375914
13744.320650100004,high_load,high_cognitive_load,-67.65127934331804,-59.34555105867412,-135.08202806856934,-138.69210790537227,-3.388242384971818e-05,-3.337572707096115e-05,-111.65817181100192,-68.21313733129409
13744.635351800005,high_load,high_cognitive_load,-2.1626596592677743,-19.346582211455825,18.18385683662109,13.400018297986662,-3.614080651459517e-05,-3.410095723666018e-05,13.485716045843219,-2.632522296398747
13745.040302200006,high_load,high_cognitive_load,34.165154435770546,42.249347134665186,33.052674678414405,22.048374389158653,-3.443110199441435e-05,-3.9063001167960465e-05,27.106909919424652,17.98970194364074
13745.398878400005,high_load,high_cognitive_load,-54.30142725969063,-51.00451522106641,-53.83260640654635,-40.86807452540506,-3.416651725274278e-05,-3.239833313273266e-05,-42.00728908477549,-43.765771992876125
13745.792220100006,high_load,high_cognitive_load,67.62926688559537,66.19813848845297,70.39650439371508,60.05584535967182,-3.676886626635678e-05,-3.5459779610391706e-05,54.98033181222809,63.94026308218872
13746.152540800005,high_load,high_cognitive_load,-26.175759256728725,-23.664118357421557,-33.59692382589901,-48.19264217840146,-3.592722805478843e-05,-3.71850146621e-05,-35.51160124026819,-23.915165092573716
13746.520076800005,high_load,high_cognitive_load,-8.059744175825017,-8.476184218843173,-5.946601852748245,-20.604177998181513,-3.525477586663328e-05,-3.377603570697829e-05,-13.687395621162068,-12.11708818296529
13746.908558400006,high_load,high_cognitive_load,5.835860522026451,17.414396168809617,34.41009556501194,43.72548651551642,-3.278057374700438e-05,-3.63319613825297e-05,23.301439199688957,-5.148788697702457
13747.2821155,high_load,high_cognitive_load,2.160264336691398,-7.482770068231275,3.1289585291765434,-1.510807546635533,-3.3002459531417117e-05,-3.7232093745842576e-05,-8.088971922295059,-3.2471247223907085
13747.681117000002,high_load,high_cognitive_load,-2.8387142376609518,4.2388391977474384,38.93048586023224,53.03849320856989,-3.4837460589187685e-05,-3.4950719054904766e-05,31.40805573350326,-3.09360370361901
13748.072476300002,high_load,high_cognitive_load,11.86595743424823,-1.5313491553870335,58.96273122127877,50.6883928403131,-3.4677479561651126e-05,-3.2650178582116496e-05,39.44906510171177,19.091645452287594
13748.452894100003,high_load,high_cognitive_load,-56.253232760556784,-46.116237444091894,-97.86308923964725,-65.85393299998441,-3.352473231643671e-05,-3.5483535612002015e-05,-89.29266422839419,-84.13357101192378
13748.864368400004,high_load,high_cognitive_load,-22.255735796554745,-31.373014224901908,-9.429118908026794,-10.649790550276066,-3.227418801543536e-05,-3.6087283660890535e-05,-6.39393817204018,-6.917348885785032
13749.229211000007,high_load,high_cognitive_load,15.8709745783367,17.434069389690194,6.932751695791012,-6.902285553052934,-3.365508837305242e-05,-3.439338433963712e-05,2.02572059928616,16.397854637029468
13749.617735000007,high_load,high_cognitive_load,18.124334245850605,0.09901241233637847,36.66506640319176,12.900139707682683,-3.6594913581211586e-05,-3.3331828490190674e-05,29.45063876051836,22.22058179756641
13750.037235700007,high_load,high_cognitive_load,-32.83477546019776,-25.485795218436124,-38.22121167333853,-4.591622043524239,-3.658268542494625e-05,-3.443023433646886e-05,-29.98251503456504,-49.328443964890994
13750.4284306,high_load,high_cognitive_load,-31.19429871343982,-44.134735676580476,-52.84381908347859,-57.14317483503146,-3.4813298043445684e-05,-3.308264240331482e-05,-36.33158451391273,-15.332324815076845
13750.818327500001,high_load,high_cognitive_load,-2.0071307490411527,-38.16714070907483,9.23044421358918,3.0327099624882976,-3.3164798878715374e-05,-3.496978752082214e-05,-6.9098823082599665,-31.24186743534574
13751.126937900002,high_load,high_cognitive_load,-6.550594389502294,-6.862399807539987,35.10978505881258,25.50919995898903,-3.3474107112851925e-05,-3.4540607884991914e-05,39.21586718963954,24.390842432380396
13751.523898300002,high_load,high_cognitive_load,60.821955908885684,62.45114063378605,59.13140170069801,55.44005952204088,-3.264374754508026e-05,-3.667979490273865e-05,34.11186192994501,29.777876851668225
13751.918991800003,high_load,high_cognitive_load,-30.349505926135862,-32.90964905020519,-55.07404651177603,-50.86004107913277,-3.3543386962264776e-05,-3.4304653127037454e-05,-32.96828757972389,-10.245123624978532
13752.328313900003,high_load,high_cognitive_load,-69.67484380697033,-66.77545924658853,-87.66299274291987,-71.66625797880761,-3.1900720387056936e-05,-3.7060390241094865e-05,-67.18251767447919,-68.74894767273418
13752.720588300004,high_load,high_cognitive_load,-12.991190422615091,-17.21404359828466,-35.20235449567872,-28.539114637469083,-3.621354790084297e-05,-3.4472725019440986e-05,-17.66791107054678,-0.3793612825634227
13753.100826700003,high_load,high_cognitive_load,122.099487410027,130.21765252404748,153.3484468271845,130.27088921294717,-3.715328421094455e-05,-3.2293608455802314e-05,121.40213382205229,88.2932304336291
13753.447142400004,high_load,high_cognitive_load,58.18581129029735,55.73186255737801,81.30738406716728,83.46845490048099,-3.340034254506463e-05,-3.549627126631094e-05,77.07818794495279,74.58591223916892
13753.816926200005,high_load,high_cognitive_load,-156.7627665029131,-142.18258152774388,-179.75852714694656,-150.85481520548137,-3.453166573308408e-05,-3.245896914449986e-05,-156.67830525303634,-153.51854578382608
13754.215952200006,high_load,high_cognitive_load,186.34096263462834,178.0503532215571,301.3261537857884,269.1346514085417,-3.6264239497540984e-05,-3.46385313605424e-05,236.92569453591523,169.91430616882735
13754.637277300006,high_load,high_cognitive_load,-36.92828678050046,-30.636165820426868,-50.58822215739201,-40.55853730286617,-3.815624131675577e-05,-3.773337448365055e-05,-33.28482853207788,-28.83164230325565
13754.997879500002,high_load,high_cognitive_load,-107.08126770047829,-119.58546328882085,-36.487377345196364,-60.66117449246167,-3.718503467098344e-05,-3.759763148991624e-05,-43.71781812391009,-49.25422016759967
13755.371801500003,high_load,high_cognitive_load,73.24103987830495,63.77586996155287,40.41098321293612,60.55267031676249,-3.476624442555476e-05,-3.404361086722929e-05,47.04247311034487,50.55780756042259
13755.750540400004,high_load,high_cognitive_load,-22.90445594900757,-23.56029605310232,-24.043280860688355,-44.028299036879616,-3.442678280407563e-05,-3.5408613257459365e-05,-26.609511516753628,-19.994076806863177
13756.128970300002,high_load,high_cognitive_load,-51.47876630281371,-57.786657040802766,-66.08981562576218,-73.97291481256798,-3.5824298720399383e-05,-3.633172491390724e-05,-80.07940938796537,-71.59066073595704
13756.479104800002,high_load,high_cognitive_load,-13.966119815492675,-17.760461646789736,-20.285997708067043,-9.204222258852951,-3.5236474104749504e-05,-3.319083771202713e-05,-12.829156972934925,-10.05141716555363
13756.863825800003,high_load,high_cognitive_load,5.059102718119902,2.258447512976545,9.735778894827035,10.287539718670814,-3.3419976716686506e-05,-3.394391751498915e-05,15.410950170182332,11.265694159651048
13757.260540700003,high_load,high_cognitive_load,21.893947662929804,18.20174579029799,37.8757113567267,37.80725804450731,-3.3210347282874864e-05,-3.18695638270583e-05,35.74767178300954,30.37991550408833
13757.644100100008,high_load,high_cognitive_load,-44.21128481899814,-61.415120279292296,-27.713625889691684,-50.940949435018865,-3.2142021154868416e-05,-3.6528030250337906e-05,-49.806473789129086,-43.89410304957664
13758.024617900008,high_load,high_cognitive_load,-13.682159469783073,5.258683171743996,-70.04396219018099,-72.47502823469858,-3.3213230381079484e-05,-3.48009953086148e-05,-52.428076830861755,-29.044295324804807
13758.409009400008,high_load,high_cognitive_load,-2.5979633356519116,-12.436767014469297,11.298137884782136,-0.8528512285947727,-3.647266657935688e-05,-3.492286214168416e-05,2.6579536438489413,0.33557619202656497
13758.818978500007,high_load,high_cognitive_load,-23.758119710773826,-18.01716629812745,-39.94134657164068,-38.73029408915363,-3.526722048263764e-05,-3.6706371247419156e-05,-26.33842577356654,-20.721505745173545
13759.218010600007,high_load,high_cognitive_load,-3.3283903618635122,-5.52855026073712,4.93272980504662,-2.0012898042077722,-3.337854559504194e-05,-3.4968569707416464e-05,-1.4035428525135103,-8.755397059245297
13759.602385700004,high_load,high_cognitive_load,-9.211431474722758,-11.853618815456684,-28.032572376157077,-20.329732836465155,-3.597796148824273e-05,-3.2823563742567785e-05,-19.287864378932227,-10.845535659544112
13759.979430100002,high_load,high_cognitive_load,20.051743830743817,13.654353837771396,29.634547424196626,20.402654427351536,-3.6876313970424235e-05,-3.4891709219664335e-05,14.809048025263564,10.592202801982694
13760.340454300003,high_load,high_cognitive_load,39.165846484564554,24.124862103331452,44.93810188282714,39.92899020792947,-3.323089549667202e-05,-3.3904685551533476e-05,41.095973933227924,30.73353330209784
13760.731836300003,high_load,high_cognitive_load,-16.51158096115796,-6.009437898279884,10.218451582324178,7.452234525761014,-3.3245995837205555e-05,-3.4423005672579166e-05,10.970979649516721,10.160906735290155
13761.119724700004,high_load,high_cognitive_load,23.01796023616589,26.807269598284165,-5.827451735752675,3.89427571559645,-3.358254980412312e-05,-3.343950356793357e-05,4.143303425481463,7.059420276179935
13761.496624300002,high_load,high_cognitive_load,-31.701767403614213,-47.70647279645482,-9.057657201675738,-10.32742533722012,-3.425659360800637e-05,-3.269043918407988e-05,-19.58447234765299,-34.46621012023388
13761.857865100003,high_load,high_cognitive_load,26.951884277128556,31.592780841378953,73.88592242801997,81.10603359907418,-3.429428943491075e-05,-3.684757393784821e-05,52.105375157877006,27.383615024413757
13762.240431300004,high_load,high_cognitive_load,23.131375650520113,22.832453709454967,38.771373057344135,28.733746919441273,-3.6876012018183246e-05,-3.475233370409114e-05,31.522818119547082,24.63303803056715
13762.633104200004,high_load,high_cognitive_load,-51.62758549544333,-54.671565129754526,-110.55251788810756,-101.76153003593345,-3.669627585622948e-05,-3.780498627747875e-05,-85.49710860635696,-52.788428827094776
13763.030541700004,high_load,high_cognitive_load,48.103976660587705,38.51277645326172,46.19882333246096,39.763820575423324,-3.522842416714411e-05,-3.693715734698344e-05,19.31591699283308,3.670668264549022
13763.433169200003,high_load,high_cognitive_load,-24.488426178630107,-30.02602066549116,-6.8105557656622295,-17.204951361536132,-3.573585127014667e-05,-3.4805223549483344e-05,1.3948495703739354,-7.7385253028674015
13763.797359100006,high_load,high_cognitive_load,39.60060272665942,35.13961574889527,48.82199541938917,54.430262862244945,-3.360161917953519e-05,-3.4215603591292165e-05,39.680387282260654,29.577567859386818
13764.187629000005,high_load,high_cognitive_load,-23.146441241379307,-38.59578705865624,0.9607258727742192,-4.654495874262466,-3.4149868952226825e-05,-3.6392692891240586e-05,2.8576531573307875,-20.31022534361682
13764.567018200005,high_load,high_cognitive_load,6.4808212730617925,16.164974406159217,-14.295337891392137,-0.6486336550647138,-3.474844925221987e-05,-3.5520772144082e-05,-7.715406044613246,1.2282807252813654
13764.958387100003,high_load,high_cognitive_load,-9.17131245867995,-6.797853806439889,-13.723750205460874,-7.540788564284412,-3.2903026294661686e-05,-3.565646602510242e-05,-10.846687959852716,-20.25009764792958
13765.408429400004,high_load,high_cognitive_load,-30.09818958796859,-29.51096703876601,-57.303306847486056,-59.14408858464731,-3.4325481465202756e-05,-3.6744736462424044e-05,-40.9337824838517,-12.845254009533164
13765.707573800004,high_load,high_cognitive_load,-101.11253656093095,-95.43505336883663,-73.68446581089302,-69.71535511229285,-3.5489748370309826e-05,-3.577577263058629e-05,-67.60191692119861,-91.79190179290708
13766.098106100007,high_load,high_cognitive_load,-109.60675868778799,-103.7794400139287,-130.28949833856905,-121.27428920961302,-3.291373832325917e-05,-3.564826602087123e-05,-110.10113482652741,-112.28831403186223
13766.510554200007,high_load,high_cognitive_load,50.03034526411693,60.66781942144917,65.66414706187243,66.7576534761497,-3.400961031729821e-05,-3.355889657541411e-05,72.73135526066972,68.49961150223226
13766.876712500003,high_load,high_cognitive_load,-11.012571601279888,-18.431380390952654,-14.691740218045652,-24.15575649559196,-3.3141888707177714e-05,-3.6059736885363236e-05,-13.606251615746714,-5.381264031109822
13767.279362700005,high_load,high_cognitive_load,10.933048666464401,3.1535634873084746,19.23624025218942,16.960601341173515,-3.55322099494515e-05,-3.686670697788941e-05,2.5870821959551904,-3.596444731563224
13767.667166500001,high_load,high_cognitive_load,10.01372046077131,5.27176081773041,6.270548009757476,3.940860464869729,-3.2916122108872514e-05,-3.5565188227337785e-05,6.488777647414281,16.549153084272803
13768.066071000005,high_load,high_cognitive_load,34.68729389391774,-1.212330564614149,6.0884669719221165,-2.218747051859282,-3.408271095395321e-05,-3.249666860938305e-05,-0.19729294062017289,6.959520311661436
13768.451149700006,high_load,high_cognitive_load,-28.37387932079082,1.8659289170723241,52.097143103281724,57.420818454250366,-3.4009216506092343e-05,-3.360771825100528e-05,39.83885009121832,2.097833692934728
13768.815714500004,high_load,high_cognitive_load,-29.48817204912848,-39.96811597055694,-58.27988050464455,-41.38302880966603,-3.4814217542589176e-05,-3.459302206465509e-05,-40.59009604046287,-37.6396752905348
13769.190791300003,high_load,high_cognitive_load,3.0840063439140977,34.28186655654099,-64.20415023906025,-55.321297532366316,-3.4467701880203094e-05,-3.47070144925965e-05,-45.92800842345332,-3.216655358942262
13769.591002000005,high_load,high_cognitive_load,-44.043484367428846,-51.42906345909387,-55.658931348657916,-81.92374763041789,-3.4419881558278576e-05,-3.862950143229682e-05,-72.31653856757475,-53.019034311332234
13770.014477600002,high_load,high_cognitive_load,56.82787040064477,57.92310981473065,80.37069089824308,81.26084550840596,-3.756997830350883e-05,-3.5647590266307816e-05,81.2218314878096,74.48584642956848
13770.413527700002,high_load,high_cognitive_load,-26.3230278887213,-26.60039518827989,-5.631274897456024,-19.955881510996278,-3.561360790627077e-05,-3.1604186915501487e-05,-2.9204739252932086,-11.431361058480888
13770.806357700003,high_load,high_cognitive_load,54.39398499354502,80.61463284263755,18.39779975208785,18.24626011080727,-3.32958816215978e-05,-3.586948696465697e-05,27.213802606303034,44.825709622984505
13771.155542400003,high_load,high_cognitive_load,19.213540085518616,-4.6807297719255985,41.22220063028226,30.516596459810444,-3.257409025536617e-05,-3.311590899102157e-05,43.65357169477193,28.983905321877955
13771.537417500005,high_load,high_cognitive_load,-5.97143638824582,3.5126824544959163,-13.5695125547536,-13.980926204886146,-3.635329267126508e-05,-3.748999642994022e-05,-25.262341432091944,-13.544776342813748
13771.890034100006,high_load,high_cognitive_load,-98.52383672236147,-94.34374751812129,-122.5386273126087,-115.7868014986102,-3.263403596065473e-05,-3.5386898161959834e-05,-93.5433418780126,-75.52107293399104
13772.258403400001,high_load,high_cognitive_load,39.73724172547554,34.37476688715333,17.524907606043143,15.44100526497823,-3.345118966535665e-05,-3.52340621248004e-05,0.12054839847678522,12.591688902521582
13772.613468900006,high_load,high_cognitive_load,3.19382870909385,8.812969226212772,24.47613278071867,12.281514841382432,-3.4853374017984606e-05,-3.263554026489146e-05,14.49139348577728,9.388191471010941
13773.001240000005,high_load,high_cognitive_load,-9.254625954095445,-26.27996165535569,0.8287516133177633,-7.748021645468725,-3.5503157050698064e-05,-3.347953679622151e-05,-0.8493076771355845,-6.333362704142928
13773.367863100006,high_load,high_cognitive_load,-25.39964068171912,-1.420079122694915,-33.1899224106769,-8.164403907341239,-3.4990813219337724e-05,-3.390232268429827e-05,-24.054742517173054,-10.296901752994472
13773.787484000006,high_load,high_cognitive_load,-0.9973325374212436,-6.68353483871897,-23.994803489499645,-20.444213682473674,-3.539945373631781e-05,-3.3714176424837206e-05,-33.73808448386626,-33.362288154489306
13774.174040500007,high_load,high_cognitive_load,-52.334760007780915,-61.373944704385394,-58.463325305012404,-53.70924654041755,-3.376792574272258e-05,-3.355205171828857e-05,-58.354830191734436,-46.02449410719737
13774.534025500006,high_load,high_cognitive_load,2.7038123722654746,0.7661833622687482,1.434117429782873,1.672651106817284,-3.3288271879428066e-05,-3.321302210679278e-05,9.815642930213471,-0.7716284022540094
13774.942707600007,high_load,high_cognitive_load,-35.90969275275529,-27.183552385890835,-62.25626628799091,-65.06208053268847,-3.497386205708608e-05,-3.341892806929536e-05,-51.64335164183467,-39.707993382434324
13775.345271700007,high_load,high_cognitive_load,-10.69966889348325,-35.05499333801163,25.553055479804243,-4.409654842403597,-3.294417001598049e-05,-3.590102460293565e-05,4.221678817181328,0.5787292981131031
13775.739253000007,high_load,high_cognitive_load,44.076184795946574,62.10085569195053,9.273584891534938,18.474565368304866,-3.4391497138130944e-05,-3.3974482903431635e-05,1.3305752006508555,6.922043831811607
13776.139164400007,high_load,high_cognitive_load,1.9874384659883617,-16.58364468613945,13.182590495848672,1.06074035166057,-3.5442680200503673e-05,-3.5989308344142046e-05,-9.592865215983693,-4.614468208087601
13776.508393700002,high_load,high_cognitive_load,14.256881782005621,17.053466625598958,21.769838372000777,18.87704545783754,-3.258392462157644e-05,-3.6672795431513805e-05,8.087037998482174,2.0660667498336807
13776.845139400002,high_load,high_cognitive_load,14.210026373446908,36.011985373662355,-44.78729230639374,-36.37623699349706,-3.364767417224357e-05,-3.616626236180309e-05,-28.24287980065492,-2.303074398449553
13777.277519600002,high_load,high_cognitive_load,-26.53787561636136,-37.50059722736387,-28.663402121644594,-26.907019014653997,-3.517569166433532e-05,-3.4018113183265086e-05,-24.623388114455338,-21.315042059417465
13777.620817100002,high_load,high_cognitive_load,32.74874573271654,35.84106206954266,52.511549401699085,56.664355610705115,-3.544709488778608e-05,-3.247588756494224e-05,58.19760154020196,51.407647216810346
13777.960607500003,high_load,high_cognitive_load,-26.744517105381874,-27.55347113355174,-2.83551389936747,-7.9212389745171095,-3.477919653960271e-05,-3.651412953331601e-05,-2.3548218062455817,-19.18266898949878
13778.374997700002,high_load,high_cognitive_load,44.49549445947105,53.835484716660176,38.306047023714655,59.53685864984709,-3.598427974793594e-05,-3.290266249678098e-05,45.92774568666937,35.88713077251987
13778.725195100002,high_load,high_cognitive_load,-32.035016355911466,-47.60160659994608,-22.42026837077583,-30.49274565408814,-3.6396048017195426e-05,-3.446397568040993e-05,-24.463906595058234,-37.73649653346001
13779.131506000002,high_load,high_cognitive_load,8.757304714134989,43.3789387140223,16.264032077522643,28.969589223211642,-3.408732754905941e-05,-3.7429260373755824e-05,24.688099271498686,22.947599346106017
13779.534378700002,high_load,high_cognitive_load,-17.537194449301296,-12.612201375327459,-23.121321135843118,-25.131455342582285,-3.535327050485648e-05,-3.2505664421478286e-05,-21.896381289547207,-20.437843838876233
13779.893946900003,high_load,high_cognitive_load,47.02317807120198,42.75624579784153,59.4359666790383,55.65397017959094,-3.551627560227644e-05,-3.2924966944847256e-05,38.40906710739637,19.451466554355648
13780.246917100005,high_load,high_cognitive_load,2.9468006991078255,3.0932128579629534,18.733009616622894,11.980068869444494,-3.344214019307401e-05,-3.635895700426772e-05,12.612828877948232,10.21868871482775
13780.616942100003,high_load,high_cognitive_load,4.8896103052097715,0.6930699852009639,11.310304579651529,7.2589376398855165,-3.499868125800276e-05,-3.443730020080693e-05,15.93469209019986,15.034161789214068
13781.006767300005,high_load,high_cognitive_load,3.6203077717705128,1.4857513190722784,8.133207505320115,3.632105496330041,-3.6893134165438823e-05,-3.467406986601418e-05,7.27983424833883,3.856769542670918
13781.366990100005,high_load,high_cognitive_load,14.642687571900751,17.746022329756215,11.260623873893564,11.843490847350495,-3.723966619872954e-05,-3.579727854230441e-05,20.06316399840034,21.692065942420868
13781.765766400005,high_load,high_cognitive_load,20.440482857023653,24.033266495867338,1.563746388821528,17.85210053670062,-3.0810785574431065e-05,-3.4268437048012856e-05,14.340176609971877,19.500607367605426
13782.162281600005,high_load,high_cognitive_load,-3.5703009338731135,0.7045258672251293,-3.6732589329735674,-9.331371990834668,-3.205631128366804e-05,-3.4531615710875485e-05,-0.37439915964978354,10.427273459608841
13782.549880100005,high_load,high_cognitive_load,-12.946995387675997,-13.447167214252659,10.64906321564331,9.3269930280876,-3.398694752831943e-05,-3.5864036362909246e-05,1.7071776738011977,-9.096912688401517
13782.914160000006,high_load,high_cognitive_load,46.641422370978034,40.02981510515201,74.3511567105902,65.31355827027483,-3.5323995689395815e-05,-3.486454897938529e-05,65.813667077241,41.033544309923855
13783.271319800006,high_load,high_cognitive_load,-10.765288432426132,10.62524968865955,-2.510608490038976,5.766695631552466,-3.4901070648629684e-05,-3.43478686772869e-05,-1.941574394852978,-2.4254031586160636
13783.686392000005,high_load,high_cognitive_load,-4.861089840423119,-13.703544097864324,14.894631864003713,17.29967598703888,-3.2796770938148256e-05,-3.5037137422477826e-05,12.545043316881674,1.0509581953137968
13784.026059000005,high_load,high_cognitive_load,14.26378785083125,29.145834550008658,9.070701764631394,18.092413296632003,-3.214940443285741e-05,-3.410514273127774e-05,19.398718352776996,5.601306517745343
13784.432715900006,high_load,high_cognitive_load,-5.460331795986804,-17.42400191075876,3.6432446528460787,-6.421775070195508,-3.529230434651254e-05,-3.4700954529398587e-05,-6.1950105325404365,-1.2546384041329475
13784.803956900007,high_load,high_cognitive_load,9.847699422383357,17.095482905675908,-4.124611552140323,-7.241321594123747,-3.6409780477697495e-05,-3.439341253397288e-05,4.838318881688792,9.302809287220498
13785.185169800006,high_load,high_cognitive_load,-14.757061771728331,-31.664965111816855,9.094739476507584,11.313466342765423,-3.2857210499059875e-05,-3.706255301949568e-05,-4.301877819641504,-17.656864799066625
13785.575499000008,high_load,high_cognitive_load,13.75678595044883,4.958434970688813,40.05022649460261,64.26481611332156,-3.4174769098171964e-05,-3.409743294469081e-05,41.642001523287945,19.61230807746915
13785.941534500007,high_load,high_cognitive_load,6.440215660855756,10.848552652317267,20.435262002214586,21.158442412931436,-3.4416023481753655e-05,-3.408116026548669e-05,12.214598397089048,11.489841459509535
13786.295990200008,high_load,high_cognitive_load,-9.470475064266793,-17.88516177584961,0.3837899580771591,1.7281159478829977,-3.428469699429115e-05,-3.6857170016446617e-05,5.742274778536739,-8.26528751240312
13786.667974600008,high_load,high_cognitive_load,85.36718722748356,35.02697092219114,13.167185818029793,10.390779489549459,-3.514445688779233e-05,-3.518757966958219e-05,-3.1163952516189966,5.328699241283175
13787.021499000008,high_load,high_cognitive_load,-21.74182533235171,1.3397186863453499,7.97959286223977,17.8206963064913,-3.299131458334159e-05,-3.517529785312945e-05,14.51504868901202,11.538808454614355
13787.387875900007,high_load,high_cognitive_load,2.254716119142813,14.89160443014498,14.965992573256244,22.309599535627967,-3.682449369080132e-05,-3.377131451998139e-05,7.4645975358394026,1.6296969620061645
13787.772009700007,high_load,high_cognitive_load,42.492885547470905,35.60826199449684,45.7650932995507,40.778843062522355,-3.659094909380656e-05,-3.2875427677936386e-05,42.61401925650398,46.92033171521325
13788.135349800008,high_load,high_cognitive_load,41.27979908177804,38.567637681107044,19.278062955304904,22.170017023404398,-3.5395777558733243e-05,-3.4512466299929656e-05,8.408314018159672,8.4020428818867
13788.482861200002,high_load,high_cognitive_load,-47.90723616887453,-38.874271447470164,-28.994466969569203,-20.393436590103647,-3.589400785131147e-05,-3.4760942980938125e-05,-14.211604866068683,-36.43154109581019
13788.875175800002,high_load,high_cognitive_load,-13.57948825800031,-9.656841206071022,-37.69586185922526,-42.647162429645505,-3.241588728997158e-05,-3.3705049645504914e-05,-37.283597272718,-23.590615073134813
13789.3333282,high_load,high_cognitive_load,-6.634372914264986,-11.090460148240254,-16.415555189193128,-3.424672318194098,-3.280021064711036e-05,-3.3106277442129795e-05,-4.084860107584518,1.5538427148312621
13789.694791,high_load,high_cognitive_load,-71.89581986401527,-75.9497220419039,-70.29442551166176,-67.90837840711629,-3.2603285035293084e-05,-3.604559424275067e-05,-62.68052648500134,-67.10654290376715
13790.0633863,high_load,high_cognitive_load,103.67803106318297,113.25944457840478,-2.8194950732217876,-21.02908439498833,-3.1959081752575e-05,-3.4304555811104365e-05,19.02497104040367,98.35174150143439
13790.4573079,high_load,high_cognitive_load,-15.29848316777543,-19.836741889126642,-37.964080748925426,-31.937118589077272,-3.479756196611561e-05,-3.3151425668620504e-05,-32.28733767692847,-14.559727412761731
13790.821298900002,high_load,high_cognitive_load,-19.489907692046927,-26.60171599556952,-17.135020554284438,-25.653326015705716,-3.298282808827935e-05,-3.185527202731464e-05,-9.85147233099815,-23.47042419965146
13791.202162200003,high_load,high_cognitive_load,-2.2733066259734187,-21.56027751190595,5.481448910214112,3.179027244238114,-3.438271869526943e-05,-3.541512160154525e-05,-0.23922091530266698,-4.3409006533329375
13791.571266500003,high_load,high_cognitive_load,-16.250558217790967,-2.104265179768845,-6.772064945610964,-1.0207800639145717,-3.454929446888855e-05,-3.442812339926604e-05,-11.91191197566468,-30.49488222575792
13791.944491900002,high_load,high_cognitive_load,-13.9627194283662,-13.682694602192896,-7.065871218484972,-4.468546425164732,-3.7565674574580044e-05,-3.3911707760125864e-05,-5.821107332169504,-7.401294744066945
13792.309810200002,high_load,high_cognitive_load,-2.2523245514721566,3.2412233495247165,-6.676459470937971,3.962256587581578,-3.702522826642962e-05,-3.5391007259022444e-05,-11.508035666803607,1.674695751883064
13792.701278900002,high_load,high_cognitive_load,-7.813235572314625,0.9273893078211586,13.400013137959377,9.132577112288345,-3.382888826308772e-05,-3.563417249097256e-05,7.0755857742160515,-0.5790562060860793
13793.070963400003,high_load,high_cognitive_load,11.834084052508842,23.72552934074156,-0.26559518552267036,8.945598645290374,-3.336131430842215e-05,-3.2833316254254896e-05,-3.1945919913696343,1.0865718593727252
13793.428924300002,high_load,high_cognitive_load,6.268979638175551,-6.254682830040565,-0.8950070691530527,-17.68436691566467,-3.387297601875616e-05,-3.389019184396602e-05,6.251796393611585,3.7079759480807297
13793.778588700003,high_load,high_cognitive_load,82.79756887479971,73.18108283266201,77.441665131837,76.02994239392183,-3.462079166638432e-05,-3.3882041861943435e-05,58.26403114133018,57.58558728752723
13794.164926500003,high_load,high_cognitive_load,1.8870832968218565,5.958053829738219,3.8508699163116944,6.5617372986821465,-3.5077145184914116e-05,-3.263792495999951e-05,8.809477433377651,-2.013557756659793
13794.567732400003,high_load,high_cognitive_load,31.7168271923083,17.867351788510405,25.45092011906945,10.622982285739909,-3.5614403714134824e-05,-3.277425912528997e-05,21.80048638073322,24.383768441854954
13794.917302300004,high_load,high_cognitive_load,-11.353450862897262,-7.061300966659928,-14.796906178128665,-9.218285793854193,-3.2730876228015404e-05,-3.607150574680418e-05,-14.254413586037572,-11.744773329239251
13795.321562100004,high_load,high_cognitive_load,-6.060099874518073,-22.75656171861192,0.0613798261588272,-14.130406031054918,-3.444721096457215e-05,-3.721243319887435e-05,2.7034863719291025,-6.189412103873565
13795.679364500003,high_load,high_cognitive_load,-5.424961793937655,1.2509377478090755,63.28055692759972,80.5539697686936,-3.388693858141778e-05,-3.5311441934027243e-05,45.404164907369704,-4.693284080734429
13796.069377200003,high_load,high_cognitive_load,34.81814410478728,26.59414469200283,16.777784165886715,-10.431345385073655,-3.252920851082308e-05,-3.473994183877949e-05,33.56440404146997,41.64571434201571
13796.482157100005,high_load,high_cognitive_load,-53.51444537145244,-49.50217831372447,-63.709449577234864,-68.65568951165233,-3.451036081969505e-05,-3.322464272059733e-05,-66.72080571423521,-56.477369104755326
13796.879316900004,high_load,high_cognitive_load,13.438791044703066,15.710112085190758,15.069165613369023,26.59291783720755,-3.633993947005365e-05,-3.620975712692598e-05,20.81663851184112,16.201271290294244
13797.242114400005,high_load,high_cognitive_load,-21.52204142630808,-28.001307868665208,-3.5927583348407097,-9.077672809245996,-3.488212769298116e-05,-3.6668358916358557e-05,-13.920096466014002,-15.31940555934716
13797.605388100008,high_load,high_cognitive_load,-17.491623838151554,-22.263905739357597,-27.07171258043263,-12.074276580302922,-3.789058973779902e-05,-3.907037444150774e-05,-24.007608187970163,-20.822702594220573
13797.993659400006,high_load,high_cognitive_load,5.97833225282875,26.19869021339491,-37.827468711297115,-24.032722083713452,-3.5452853808237705e-05,-3.666909378807759e-05,-20.801544747981552,-3.3089748449924627
13798.360947800005,high_load,high_cognitive_load,-34.19110609949803,-43.55708975646712,-30.0890178769464,-5.463429524582352,-3.3304107091680635e-05,-3.4629631954885554e-05,-19.700443470118444,-20.494711077446027
13798.714218800005,high_load,high_cognitive_load,82.1181731548404,81.80977257269342,111.34665237929721,105.72128340639301,-3.664802989078453e-05,-3.388451750652166e-05,93.3394114523494,75.36550055121006
13799.109749700006,high_load,high_cognitive_load,-81.31841639931235,-78.34996740658835,-85.68319519634088,-88.15797238631785,-3.471144191280473e-05,-3.340784132888075e-05,-81.91631833188967,-83.74062739997362
13799.472555800006,high_load,high_cognitive_load,27.248915256272085,28.00285997164565,21.92277765286508,24.190258115305824,-3.6050342714588623e-05,-3.257232947362354e-05,7.37584645317429,-2.3822421354307153
13799.871044600006,high_load,high_cognitive_load,32.98912762707869,1.0906392512983984,53.87965010055268,29.10603652517011,-3.4537340980023146e-05,-3.4611211049195845e-05,41.08445546046414,35.82741590989599
13800.267409200007,high_load,high_cognitive_load,-34.602501467730235,-13.604614802733067,-42.81142386622605,-37.42237551264316,-3.504332471493399e-05,-3.371098864590749e-05,-35.49288372964293,-26.469296401418887
13800.637907100006,high_load,high_cognitive_load,29.755683605661034,45.63637486536527,11.361952677040335,19.851465313551216,-3.461855067143915e-05,-3.622740496211918e-05,11.465263955165028,13.789259169599973
13801.025148100007,high_load,high_cognitive_load,-13.572844004912895,-30.911037212739302,13.932325203088567,-1.6863648826779354,-3.307133647467708e-05,-3.343825756019214e-05,1.9673810786989634,-11.173588340223432
13801.386884800007,high_load,high_cognitive_load,-5.778332372779005,-2.763057091777682,-12.356775098738126,-3.0481143500992403,-3.422525878704619e-05,-3.48950779880397e-05,0.1432237705157604,-4.8790349081577915
13801.777754100007,high_load,high_cognitive_load,63.778637905681535,74.55466648625907,49.61979588518261,35.91019626692059,-3.384058345545782e-05,-3.556217416189611e-05,44.022134609631394,52.963125426874285
13802.205753600001,high_load,high_cognitive_load,31.552364852735536,17.946192230841007,45.336393764959666,39.69743104284953,-3.397978980501648e-05,-3.427678984735394e-05,25.614849342748585,28.28236396826469
13802.547047600001,high_load,high_cognitive_load,11.820978398352963,1.0028994633630646,23.512342012925274,20.611578722155627,-3.4009252885880414e-05,-3.2661370823916513e-05,13.076038120587782,1.6605372582694145
13802.9220688,high_load,high_cognitive_load,41.422356792479604,26.59119343514749,33.54179957779661,21.148375813214443,-3.477633435977623e-05,-3.369648220541421e-05,18.40348009349509,25.58151015289468
13803.312212600002,high_load,high_cognitive_load,2.157641053142015,-8.38569717576047,11.403337997149265,20.719549461641236,-3.6020420338900294e-05,-3.55842803401174e-05,7.4608257843606225,-2.6286371277296894
13803.645627700002,high_load,high_cognitive_load,9.454445793824107,18.446091380022153,8.264354234433995,13.955580571789142,-3.3524867831147276e-05,-3.345955519762356e-05,7.4739059161051955,6.024910579427797
13804.0220781,high_load,high_cognitive_load,-7.716022496089863,-4.668935834195963,-39.66256577475633,-28.82416067281065,-3.579776148399105e-05,-3.480961913737701e-05,-25.348436712569764,-14.251819303196498
13804.409594100001,high_load,high_cognitive_load,-17.265527567088157,-30.427045923850073,4.358063111528281,-5.151945189888011,-3.394466602912871e-05,-3.525340434862301e-05,-8.771013365856106,-31.94334787877642
13804.784770100006,high_load,high_cognitive_load,44.70896617302924,34.07513926824004,41.48749799724328,36.028760888920715,-3.180963176419027e-05,-3.481126805127133e-05,36.27777300010439,39.290762394338344
13805.146448600002,high_load,high_cognitive_load,-329.8196058920946,-327.00184607816755,-360.21918322688043,-305.41575088196487,-3.510425358399516e-05,-3.541455225786194e-05,-310.06266158412063,-307.53880877357096
13805.540266900003,high_load,high_cognitive_load,-79.19166698292065,-50.98581189404513,-85.41889762476285,-68.6297354479002,-3.5817311982100364e-05,-3.4715538276941516e-05,-72.6045962880221,-88.66570711832446
13805.936685200002,analysis,analysis,-29.04034981842642,-40.05193911430251,18.929610419058918,-5.785219977614815,-3.513097635732265e-05,-3.4345312997174915e-05,-17.775352213644055,-17.495346495901686
13806.295034100003,analysis,analysis,30.409867991734245,47.813659718320196,56.58141474514014,74.46208364404129,-3.4206452255602926e-05,-3.342558193253353e-05,63.94168601952242,45.19099871717572
13806.661292600002,analysis,analysis,31.25935576848451,17.95739287513379,26.462329177436004,31.246376600249278,-3.505613676679786e-05,-3.523824761941796e-05,22.695805304975238,22.449668855486834
13807.0241342,analysis,analysis,-66.75427657339469,-49.29089790216949,-72.48504718252889,-70.72787197429079,-3.3288147278653923e-05,-3.657769138953881e-05,-49.65674743626778,-38.383777972593634
13807.378750900003,analysis,analysis,35.12482083560781,81.85331217078192,20.322500548385506,49.401731301083146,-3.3772411370591726e-05,-3.3974585676332936e-05,82.7125041411723,50.53011109220006
13807.793115200004,analysis,analysis,95.19683680326034,84.50246044115147,82.64414485402449,119.62068453133224,-3.345061941217864e-05,-3.367975750734331e-05,89.88843573771464,92.48755790953965
13808.181885300004,analysis,analysis,32.36459778947301,37.67530224223765,27.097687844542634,160.50373003920913,-3.53205496139708e-05,-3.5256895898783114e-05,34.58168464472965,33.87704619130682
13808.587166500005,analysis,analysis,-20.46890876659063,-39.496111038728486,4.068502293074744,-15.402037826353535,-3.616010690166149e-05,-3.616212234192062e-05,-23.85672301285649,-22.901390317604182
13808.988723000006,analysis,analysis,-7.9989823636274195,6.7135169737816796,-13.51701119862446,-49.25318779634836,-3.4784889066941105e-05,-3.1991734431358054e-05,-6.513892420834964,-6.1609288485124125
13809.372241300005,analysis,analysis,-47.79773760703938,17.69056171776083,74.59367983330594,97.73260408760643,-3.713280239026062e-05,-3.4429561310389545e-05,66.64554963075625,17.562589709229997
13809.764696000006,analysis,analysis,-14.389210859550985,-25.079977288210557,-49.028096766324325,-30.65914166038965,-3.5293887776788324e-05,-3.389001722098328e-05,-39.446292218339295,-27.10184876993435
13810.177448600005,analysis,analysis,47.92382693780155,49.9747193381113,53.52863886335763,52.776795575110555,-3.337726593599655e-05,-3.2228982490778435e-05,44.36232590651616,36.256234963726456
13810.580881000005,analysis,analysis,-13.284970966604305,-21.84594577328835,-9.356086660021447,-21.977428024795245,-3.742415901797358e-05,-3.378910059836926e-05,-13.416632422476141,-9.443178003681169
13810.963392000005,analysis,analysis,14.159622327765192,11.683397169836553,-9.197844894589252,-20.09543410954211,-3.326744990772568e-05,-3.459116669546347e-05,-11.150708063169532,11.1033472008653
13811.3595762,analysis,analysis,-151.43105608161068,-133.69517023085473,-253.43312162389884,-254.99074123684704,-3.059572190977633e-05,-3.2245638067252e-05,-196.34444029462838,-135.6985111474578
